held_out_seed,training_seeds,scenario,step,stream,configured_horizon,candidate_index,candidate_label,true_cost_advantage,baseline_q_advantage,fitted_q_advantage
60,61|62,routing_persistent_hotspot_cluster1,0,discovery,remaining,0,mdl2,0.0,0.0,0.0
60,61|62,routing_persistent_hotspot_cluster1,0,discovery,remaining,1,specimen_transfer:+1x0.05,0.0,-0.0006422847509384155,-0.17892813682556152
60,61|62,routing_persistent_hotspot_cluster1,0,discovery,remaining,2,specimen_transfer:-1x0.05,0.0,0.0006422698497772217,0.20651590824127197
60,61|62,routing_persistent_hotspot_cluster1,0,discovery,remaining,3,specimen_transfer:+1x0.1,0.0,-0.0012846440076828003,-0.33734071254730225
60,61|62,routing_persistent_hotspot_cluster1,0,discovery,remaining,4,specimen_transfer:-1x0.1,0.0,0.001284584403038025,0.43839216232299805
60,61|62,routing_persistent_hotspot_cluster1,1,discovery,remaining,0,mdl2,0.0,0.0,0.0
60,61|62,routing_persistent_hotspot_cluster1,1,discovery,remaining,1,specimen_transfer:+1x0.05,205189.79852485657,-6.51627779006958e-05,-0.1551033854484558
60,61|62,routing_persistent_hotspot_cluster1,1,discovery,remaining,2,specimen_transfer:-1x0.05,18527778.56285429,8.754432201385498e-05,0.14976736903190613
60,61|62,routing_persistent_hotspot_cluster1,1,discovery,remaining,3,specimen_transfer:+1x0.1,-53960761.62010622,-0.00014923512935638428,-0.3104945719242096
60,61|62,routing_persistent_hotspot_cluster1,1,discovery,remaining,4,specimen_transfer:-1x0.1,20101547.193193436,0.00014559924602508545,0.3043173551559448
60,61|62,routing_persistent_hotspot_cluster1,2,discovery,remaining,0,mdl2,0.0,0.0,0.0
60,61|62,routing_persistent_hotspot_cluster1,2,discovery,remaining,1,specimen_transfer:+1x0.05,-16665966.654173374,-0.0013561844825744629,-0.005225837230682373
60,61|62,routing_persistent_hotspot_cluster1,2,discovery,remaining,2,specimen_transfer:-1x0.05,15618086.636849403,0.0011287778615951538,0.0013683438301086426
60,61|62,routing_persistent_hotspot_cluster1,2,discovery,remaining,3,specimen_transfer:+1x0.1,-36311293.671583176,-0.002081751823425293,-0.0375591516494751
60,61|62,routing_persistent_hotspot_cluster1,2,discovery,remaining,4,specimen_transfer:-1x0.1,15780464.9326725,0.001955687999725342,0.009513556957244873
60,61|62,routing_persistent_hotspot_cluster1,3,discovery,remaining,0,mdl2,0.0,0.0,0.0
60,61|62,routing_persistent_hotspot_cluster1,3,discovery,remaining,1,specimen_transfer:+1x0.05,-5132973.284947872,-0.0010210424661636353,-0.0009089410305023193
60,61|62,routing_persistent_hotspot_cluster1,3,discovery,remaining,2,specimen_transfer:-1x0.05,-9531796.811789513,0.0006847530603408813,-0.003216177225112915
60,61|62,routing_persistent_hotspot_cluster1,3,discovery,remaining,3,specimen_transfer:+1x0.1,-4327706.055696487,-0.0015731006860733032,0.009452790021896362
60,61|62,routing_persistent_hotspot_cluster1,3,discovery,remaining,4,specimen_transfer:-1x0.1,-34288325.79821491,0.0012046098709106445,-0.012449026107788086
60,61|62,routing_persistent_hotspot_cluster1,4,discovery,remaining,0,mdl2,0.0,0.0,0.0
60,61|62,routing_persistent_hotspot_cluster1,4,discovery,remaining,1,specimen_transfer:+1x0.05,-267281.21242570877,-0.0006090700626373291,-0.013910099864006042
60,61|62,routing_persistent_hotspot_cluster1,4,discovery,remaining,2,specimen_transfer:-1x0.05,-23992933.245563984,0.0006084740161895752,0.013910755515098572
60,61|62,routing_persistent_hotspot_cluster1,4,discovery,remaining,3,specimen_transfer:+1x0.1,-772913.9894962311,-0.0012969374656677246,-0.027046896517276764
60,61|62,routing_persistent_hotspot_cluster1,4,discovery,remaining,4,specimen_transfer:-1x0.1,-47957385.503502846,0.0012958347797393799,0.02704736590385437
60,61|62,routing_persistent_hotspot_cluster1,5,discovery,remaining,0,mdl2,0.0,0.0,0.0
60,61|62,routing_persistent_hotspot_cluster1,5,discovery,remaining,1,specimen_transfer:+1x0.05,-11865296.461034775,-0.00025030970573425293,-0.0028988122940063477
60,61|62,routing_persistent_hotspot_cluster1,5,discovery,remaining,2,specimen_transfer:-1x0.05,-26230282.03863859,0.00025030970573425293,0.0033878087997436523
60,61|62,routing_persistent_hotspot_cluster1,5,discovery,remaining,3,specimen_transfer:+1x0.1,-8644845.520289421,-0.0006573498249053955,-0.009577721357345581
60,61|62,routing_persistent_hotspot_cluster1,5,discovery,remaining,4,specimen_transfer:-1x0.1,-58974073.727808,0.0006572306156158447,0.009952902793884277
60,61|62,routing_persistent_hotspot_cluster1,6,discovery,remaining,0,mdl2,0.0,0.0,0.0
60,61|62,routing_persistent_hotspot_cluster1,6,discovery,remaining,1,specimen_transfer:+1x0.05,-3703739.058244705,-0.0009322166442871094,-0.022976994514465332
60,61|62,routing_persistent_hotspot_cluster1,6,discovery,remaining,2,specimen_transfer:-1x0.05,-17240798.40803671,0.0009321868419647217,0.022991061210632324
60,61|62,routing_persistent_hotspot_cluster1,6,discovery,remaining,3,specimen_transfer:+1x0.1,-1603591.2557172775,-0.0021167099475860596,-0.05046212673187256
60,61|62,routing_persistent_hotspot_cluster1,6,discovery,remaining,4,specimen_transfer:-1x0.1,-46811863.943953514,0.0021658241748809814,0.04744839668273926
60,61|62,routing_persistent_hotspot_cluster1,7,discovery,remaining,0,mdl2,0.0,0.0,0.0
60,61|62,routing_persistent_hotspot_cluster1,7,discovery,remaining,1,specimen_transfer:+1x0.05,1398321.7135453224,-0.0012279748916625977,-0.026813030242919922
60,61|62,routing_persistent_hotspot_cluster1,7,discovery,remaining,2,specimen_transfer:-1x0.05,-18692593.067805767,0.0011464953422546387,0.02370595932006836
60,61|62,routing_persistent_hotspot_cluster1,7,discovery,remaining,3,specimen_transfer:+1x0.1,-564312.576318264,-0.0021178722381591797,-0.07340431213378906
60,61|62,routing_persistent_hotspot_cluster1,7,discovery,remaining,4,specimen_transfer:-1x0.1,-46543695.57473612,0.001933455467224121,0.0702974796295166
60,61|62,routing_persistent_hotspot_cluster1,8,discovery,remaining,0,mdl2,0.0,0.0,0.0
60,61|62,routing_persistent_hotspot_cluster1,8,discovery,remaining,1,specimen_transfer:+1x0.05,2083736.5316586494,-0.0012257695198059082,-0.013199567794799805
60,61|62,routing_persistent_hotspot_cluster1,8,discovery,remaining,2,specimen_transfer:-1x0.05,-8532415.527684689,0.0012257099151611328,0.012578248977661133
60,61|62,routing_persistent_hotspot_cluster1,8,discovery,remaining,3,specimen_transfer:+1x0.1,153740.18122148514,-0.0025086402893066406,-0.03870511054992676
60,61|62,routing_persistent_hotspot_cluster1,8,discovery,remaining,4,specimen_transfer:-1x0.1,-38175425.07829714,0.0025085806846618652,0.037453413009643555
60,61|62,routing_persistent_hotspot_cluster1,9,discovery,remaining,0,mdl2,0.0,0.0,0.0
60,61|62,routing_persistent_hotspot_cluster1,9,discovery,remaining,1,specimen_transfer:+1x0.05,-5867933.1480026245,-0.001428067684173584,-0.010874271392822266
60,61|62,routing_persistent_hotspot_cluster1,9,discovery,remaining,2,specimen_transfer:-1x0.05,-1642874.3976035118,0.0015465617179870605,0.009218692779541016
60,61|62,routing_persistent_hotspot_cluster1,9,discovery,remaining,3,specimen_transfer:+1x0.1,-897440.74203825,-0.0031206607818603516,-0.024171829223632812
60,61|62,routing_persistent_hotspot_cluster1,9,discovery,remaining,4,specimen_transfer:-1x0.1,-52056236.98247433,0.0031509995460510254,0.02090740203857422
60,61|62,routing_persistent_hotspot_cluster1,10,discovery,remaining,0,mdl2,0.0,0.0,0.0
60,61|62,routing_persistent_hotspot_cluster1,10,discovery,remaining,1,specimen_transfer:+1x0.05,-2272349.145170212,-0.0011504292488098145,-0.022803783416748047
60,61|62,routing_persistent_hotspot_cluster1,10,discovery,remaining,2,specimen_transfer:-1x0.05,-17449491.30467415,0.0010666251182556152,0.02850198745727539
60,61|62,routing_persistent_hotspot_cluster1,10,discovery,remaining,3,specimen_transfer:+1x0.1,-3345523.9000401497,-0.001700758934020996,-0.025953292846679688
60,61|62,routing_persistent_hotspot_cluster1,10,discovery,remaining,4,specimen_transfer:-1x0.1,-30614811.059457302,0.0016268491744995117,0.03905296325683594
60,61|62,routing_persistent_hotspot_cluster1,11,discovery,remaining,0,mdl2,0.0,0.0,0.0
60,61|62,routing_persistent_hotspot_cluster1,11,discovery,remaining,1,specimen_transfer:+1x0.05,-13376384.063277245,-0.0010696649551391602,-0.019800186157226562
60,61|62,routing_persistent_hotspot_cluster1,11,discovery,remaining,2,specimen_transfer:-1x0.05,-21139117.94837141,0.0009626150131225586,0.024341583251953125
60,61|62,routing_persistent_hotspot_cluster1,11,discovery,remaining,3,specimen_transfer:+1x0.1,-10105038.889881134,-0.0020436644554138184,-0.032530784606933594
60,61|62,routing_persistent_hotspot_cluster1,11,discovery,remaining,4,specimen_transfer:-1x0.1,-56837754.78906345,0.001932382583618164,0.043419837951660156
60,61|62,routing_persistent_hotspot_cluster1,12,discovery,remaining,0,mdl2,0.0,0.0,0.0
60,61|62,routing_persistent_hotspot_cluster1,12,discovery,remaining,1,specimen_transfer:+1x0.05,11001589.307498455,-0.0003853440284729004,-0.011957168579101562
60,61|62,routing_persistent_hotspot_cluster1,12,discovery,remaining,2,specimen_transfer:-1x0.05,12609981.92621088,0.000385284423828125,0.011957168579101562
60,61|62,routing_persistent_hotspot_cluster1,12,discovery,remaining,3,specimen_transfer:+1x0.1,14205868.597741604,-0.0009359121322631836,-0.020742416381835938
60,61|62,routing_persistent_hotspot_cluster1,12,discovery,remaining,4,specimen_transfer:-1x0.1,894113.4784355164,0.0009358525276184082,0.024538040161132812
60,61|62,routing_persistent_hotspot_cluster1,13,discovery,remaining,0,mdl2,0.0,0.0,0.0
60,61|62,routing_persistent_hotspot_cluster1,13,discovery,remaining,1,specimen_transfer:+1x0.05,7625447.031979561,-0.00038623809814453125,0.006402015686035156
60,61|62,routing_persistent_hotspot_cluster1,13,discovery,remaining,2,specimen_transfer:-1x0.05,-4902387.654001713,0.0002936124801635742,0.004596710205078125
60,61|62,routing_persistent_hotspot_cluster1,13,discovery,remaining,3,specimen_transfer:+1x0.1,7489228.850692272,-0.00040519237518310547,-0.005993843078613281
60,61|62,routing_persistent_hotspot_cluster1,13,discovery,remaining,4,specimen_transfer:-1x0.1,-46926393.06164265,0.000339508056640625,0.024765968322753906
60,61|62,routing_persistent_hotspot_cluster1,14,discovery,remaining,0,mdl2,0.0,0.0,0.0
60,61|62,routing_persistent_hotspot_cluster1,14,discovery,remaining,1,specimen_transfer:+1x0.05,4263774.419701576,-0.00012254714965820312,-0.006488800048828125
60,61|62,routing_persistent_hotspot_cluster1,14,discovery,remaining,2,specimen_transfer:-1x0.05,-8506270.455616951,6.35981559753418e-05,0.008939743041992188
60,61|62,routing_persistent_hotspot_cluster1,14,discovery,remaining,3,specimen_transfer:+1x0.1,-357053.93933582306,-0.00021201372146606445,-0.014266014099121094
60,61|62,routing_persistent_hotspot_cluster1,14,discovery,remaining,4,specimen_transfer:-1x0.1,-24649835.74185705,0.00015294551849365234,0.021718978881835938
60,61|62,routing_persistent_hotspot_cluster1,15,discovery,remaining,0,mdl2,0.0,0.0,0.0
60,61|62,routing_persistent_hotspot_cluster1,15,discovery,remaining,1,specimen_transfer:+1x0.05,4393160.688808918,1.4603137969970703e-05,-0.005280494689941406
60,61|62,routing_persistent_hotspot_cluster1,15,discovery,remaining,2,specimen_transfer:-1x0.05,2380852.221591711,-8.082389831542969e-05,0.00789642333984375
60,61|62,routing_persistent_hotspot_cluster1,15,discovery,remaining,3,specimen_transfer:+1x0.1,4696498.367078304,-0.00033408403396606445,0.004504203796386719
60,61|62,routing_persistent_hotspot_cluster1,15,discovery,remaining,4,specimen_transfer:-1x0.1,-13452627.307452917,0.00026798248291015625,-0.0009307861328125
60,61|62,routing_persistent_hotspot_cluster1,16,discovery,remaining,0,mdl2,0.0,0.0,0.0
60,61|62,routing_persistent_hotspot_cluster1,16,discovery,remaining,1,specimen_transfer:+1x0.05,854525.1400253773,0.00038945674896240234,-0.011270523071289062
60,61|62,routing_persistent_hotspot_cluster1,16,discovery,remaining,2,specimen_transfer:-1x0.05,-35673296.824074745,-0.0004519820213317871,0.022796630859375
60,61|62,routing_persistent_hotspot_cluster1,16,discovery,remaining,3,specimen_transfer:+1x0.1,11355947.10166955,0.00031620264053344727,-0.019481658935546875
60,61|62,routing_persistent_hotspot_cluster1,16,discovery,remaining,4,specimen_transfer:-1x0.1,-62296244.73087788,-0.0002878904342651367,0.03858375549316406
60,61|62,routing_persistent_hotspot_cluster1,17,discovery,remaining,0,mdl2,0.0,0.0,0.0
60,61|62,routing_persistent_hotspot_cluster1,17,discovery,remaining,1,specimen_transfer:+1x0.05,2324419.297945738,-0.00032329559326171875,0.015628337860107422
60,61|62,routing_persistent_hotspot_cluster1,17,discovery,remaining,2,specimen_transfer:-1x0.05,4139091.6145555973,0.0002580881118774414,-0.013048648834228516
60,61|62,routing_persistent_hotspot_cluster1,17,discovery,remaining,3,specimen_transfer:+1x0.1,1477639.0101702213,-0.0006355047225952148,0.01897907257080078
60,61|62,routing_persistent_hotspot_cluster1,17,discovery,remaining,4,specimen_transfer:-1x0.1,-14919482.164583921,0.0005701184272766113,-0.016399383544921875
60,61|62,routing_persistent_hotspot_cluster1,18,discovery,remaining,0,mdl2,0.0,0.0,0.0
60,61|62,routing_persistent_hotspot_cluster1,18,discovery,remaining,1,specimen_transfer:+1x0.05,-9125602.944364548,0.00012993812561035156,0.04029560089111328
60,61|62,routing_persistent_hotspot_cluster1,18,discovery,remaining,2,specimen_transfer:-1x0.05,-51986212.32469511,9.334087371826172e-05,-0.04068136215209961
60,61|62,routing_persistent_hotspot_cluster1,18,discovery,remaining,3,specimen_transfer:+1x0.1,-10169296.581106186,-0.00022047758102416992,0.0744175910949707
60,61|62,routing_persistent_hotspot_cluster1,18,discovery,remaining,4,specimen_transfer:-1x0.1,-51663344.79992008,0.0006803274154663086,-0.0762791633605957
60,61|62,routing_persistent_hotspot_cluster1,19,discovery,remaining,0,mdl2,0.0,0.0,0.0
60,61|62,routing_persistent_hotspot_cluster1,19,discovery,remaining,1,specimen_transfer:+1x0.05,4299169.12173748,-0.001561284065246582,0.0808877944946289
60,61|62,routing_persistent_hotspot_cluster1,19,discovery,remaining,2,specimen_transfer:-1x0.05,875348.0365874767,0.0015611648559570312,-0.08088874816894531
60,61|62,routing_persistent_hotspot_cluster1,19,discovery,remaining,3,specimen_transfer:+1x0.1,3273015.358994484,-0.003285646438598633,0.17982196807861328
60,61|62,routing_persistent_hotspot_cluster1,19,discovery,remaining,4,specimen_transfer:-1x0.1,-20631958.081282616,0.00345611572265625,-0.17982244491577148
60,61|62,routing_persistent_hotspot_cluster1,20,discovery,remaining,0,mdl2,0.0,0.0,0.0
60,61|62,routing_persistent_hotspot_cluster1,20,discovery,remaining,1,specimen_transfer:+1x0.05,2796577.1698055267,-0.0014107823371887207,0.10489559173583984
60,61|62,routing_persistent_hotspot_cluster1,20,discovery,remaining,2,specimen_transfer:-1x0.05,2117898.814558029,0.0013006925582885742,-0.07364225387573242
60,61|62,routing_persistent_hotspot_cluster1,20,discovery,remaining,3,specimen_transfer:+1x0.1,-164514.72820329666,-0.0033469796180725098,0.26763296127319336
60,61|62,routing_persistent_hotspot_cluster1,20,discovery,remaining,4,specimen_transfer:-1x0.1,-4208307.456923962,0.003257274627685547,-0.15333795547485352
60,61|62,routing_persistent_hotspot_cluster1,21,discovery,remaining,0,mdl2,0.0,0.0,0.0
60,61|62,routing_persistent_hotspot_cluster1,21,discovery,remaining,1,specimen_transfer:+1x0.05,728526.5754973888,-0.00163954496383667,0.058176517486572266
60,61|62,routing_persistent_hotspot_cluster1,21,discovery,remaining,2,specimen_transfer:-1x0.05,1351595.903510809,0.0017893314361572266,-0.058443546295166016
60,61|62,routing_persistent_hotspot_cluster1,21,discovery,remaining,3,specimen_transfer:+1x0.1,-85049.06877231598,-0.0034314393997192383,0.12334966659545898
60,61|62,routing_persistent_hotspot_cluster1,21,discovery,remaining,4,specimen_transfer:-1x0.1,7128394.768106461,0.003673732280731201,-0.13464784622192383
60,61|62,routing_persistent_hotspot_cluster1,22,discovery,remaining,0,mdl2,0.0,0.0,0.0
60,61|62,routing_persistent_hotspot_cluster1,22,discovery,remaining,1,specimen_transfer:+1x0.05,2663655.585815668,-0.001661062240600586,0.06348609924316406
60,61|62,routing_persistent_hotspot_cluster1,22,discovery,remaining,2,specimen_transfer:-1x0.05,3050168.184504032,0.0018200874328613281,-0.06575298309326172
60,61|62,routing_persistent_hotspot_cluster1,22,discovery,remaining,3,specimen_transfer:+1x0.1,2390170.2283177376,-0.0028170347213745117,0.13492298126220703
60,61|62,routing_persistent_hotspot_cluster1,22,discovery,remaining,4,specimen_transfer:-1x0.1,5990422.78411603,0.003044724464416504,-0.13599634170532227
60,61|62,routing_persistent_hotspot_cluster1,23,discovery,remaining,0,mdl2,0.0,0.0,0.0
60,61|62,routing_persistent_hotspot_cluster1,23,discovery,remaining,1,specimen_transfer:+1x0.05,-324713.29214692116,-0.0015385746955871582,0.2939448356628418
60,61|62,routing_persistent_hotspot_cluster1,23,discovery,remaining,2,specimen_transfer:-1x0.05,3409300.8693962097,0.0010683536529541016,-0.24856209754943848
60,61|62,routing_persistent_hotspot_cluster1,23,discovery,remaining,3,specimen_transfer:+1x0.1,-1392349.7423460484,-0.0027101635932922363,0.5867671966552734
60,61|62,routing_persistent_hotspot_cluster1,23,discovery,remaining,4,specimen_transfer:-1x0.1,4889200.697112799,0.0023813247680664062,-0.36333584785461426
60,61|62,routing_persistent_hotspot_cluster1,24,discovery,remaining,0,mdl2,0.0,0.0,0.0
60,61|62,routing_persistent_hotspot_cluster1,24,discovery,remaining,1,specimen_transfer:+1x0.05,1079260.9315156937,-0.001244962215423584,0.1557292938232422
60,61|62,routing_persistent_hotspot_cluster1,24,discovery,remaining,2,specimen_transfer:-1x0.05,2675722.2228803635,0.0008957386016845703,-0.10383892059326172
60,61|62,routing_persistent_hotspot_cluster1,24,discovery,remaining,3,specimen_transfer:+1x0.1,843053.8699026108,-0.002009868621826172,0.43546342849731445
60,61|62,routing_persistent_hotspot_cluster1,24,discovery,remaining,4,specimen_transfer:-1x0.1,3442824.310466051,0.001665651798248291,-0.20885515213012695
60,61|62,routing_persistent_hotspot_cluster1,25,discovery,remaining,0,mdl2,0.0,0.0,0.0
60,61|62,routing_persistent_hotspot_cluster1,25,discovery,remaining,1,specimen_transfer:+1x0.05,2689140.1592350006,-0.001109778881072998,0.3547990322113037
60,61|62,routing_persistent_hotspot_cluster1,25,discovery,remaining,2,specimen_transfer:-1x0.05,-4953333.5121638775,0.0010871291160583496,-0.2638401985168457
60,61|62,routing_persistent_hotspot_cluster1,25,discovery,remaining,3,specimen_transfer:+1x0.1,3565695.271578312,-0.0015341639518737793,0.7262787818908691
60,61|62,routing_persistent_hotspot_cluster1,25,discovery,remaining,4,specimen_transfer:-1x0.1,-11528808.524750233,0.001293778419494629,-0.3977227210998535
60,61|62,routing_persistent_hotspot_cluster1,26,discovery,remaining,0,mdl2,0.0,0.0,0.0
60,61|62,routing_persistent_hotspot_cluster1,26,discovery,remaining,1,specimen_transfer:+1x0.05,-134400.10072660446,-0.0004929602146148682,0.3948378562927246
60,61|62,routing_persistent_hotspot_cluster1,26,discovery,remaining,2,specimen_transfer:-1x0.05,-3575872.5545477867,0.00020834803581237793,-0.4388751983642578
60,61|62,routing_persistent_hotspot_cluster1,26,discovery,remaining,3,specimen_transfer:+1x0.1,-2244698.466910839,-0.0007816851139068604,0.8107638359069824
60,61|62,routing_persistent_hotspot_cluster1,26,discovery,remaining,4,specimen_transfer:-1x0.1,-9933694.162197113,0.0005763769149780273,-0.8722355365753174
60,61|62,routing_persistent_hotspot_cluster1,27,discovery,remaining,0,mdl2,0.0,0.0,0.0
60,61|62,routing_persistent_hotspot_cluster1,27,discovery,remaining,1,specimen_transfer:+1x0.05,1410064.876108408,-1.823902130126953e-05,0.16373014450073242
60,61|62,routing_persistent_hotspot_cluster1,27,discovery,remaining,2,specimen_transfer:-1x0.05,-1348332.8257129192,1.8298625946044922e-05,-0.15513372421264648
60,61|62,routing_persistent_hotspot_cluster1,27,discovery,remaining,3,specimen_transfer:+1x0.1,-263307.70133161545,-1.3470649719238281e-05,0.42287778854370117
60,61|62,routing_persistent_hotspot_cluster1,27,discovery,remaining,4,specimen_transfer:-1x0.1,-3397359.3971033096,5.793571472167969e-05,-0.3202815055847168
60,61|62,routing_persistent_hotspot_cluster1,28,discovery,remaining,0,mdl2,0.0,0.0,0.0
60,61|62,routing_persistent_hotspot_cluster1,28,discovery,remaining,1,specimen_transfer:+1x0.05,-5719582.884275675,-6.22868537902832e-05,0.42909669876098633
60,61|62,routing_persistent_hotspot_cluster1,28,discovery,remaining,2,specimen_transfer:-1x0.05,3176327.6741786003,-6.175041198730469e-05,-0.32424449920654297
60,61|62,routing_persistent_hotspot_cluster1,28,discovery,remaining,3,specimen_transfer:+1x0.1,-2640783.4986577034,4.315376281738281e-05,0.8823177814483643
60,61|62,routing_persistent_hotspot_cluster1,28,discovery,remaining,4,specimen_transfer:-1x0.1,-14214820.285687447,-0.00032722949981689453,-0.5133519172668457
60,61|62,routing_persistent_hotspot_cluster1,29,discovery,remaining,0,mdl2,0.0,0.0,0.0
60,61|62,routing_persistent_hotspot_cluster1,29,discovery,remaining,1,specimen_transfer:+1x0.05,-1586610.932277441,-0.0005591511726379395,0.5670020580291748
60,61|62,routing_persistent_hotspot_cluster1,29,discovery,remaining,2,specimen_transfer:-1x0.05,1112535.8158311844,0.0006201863288879395,-0.5038089752197266
60,61|62,routing_persistent_hotspot_cluster1,29,discovery,remaining,3,specimen_transfer:+1x0.1,-2127317.4295568466,-0.0010099411010742188,1.094109058380127
60,61|62,routing_persistent_hotspot_cluster1,29,discovery,remaining,4,specimen_transfer:-1x0.1,-69953.74291014671,0.0011339187622070312,-0.8013415336608887
60,61|62,routing_persistent_hotspot_cluster1,30,discovery,remaining,0,mdl2,0.0,0.0,0.0
60,61|62,routing_persistent_hotspot_cluster1,30,discovery,remaining,1,specimen_transfer:+1x0.05,1703485.4380128384,-0.0006690025329589844,0.1806344985961914
60,61|62,routing_persistent_hotspot_cluster1,30,discovery,remaining,2,specimen_transfer:-1x0.05,3822414.6316993237,0.0006690621376037598,-0.21417570114135742
60,61|62,routing_persistent_hotspot_cluster1,30,discovery,remaining,3,specimen_transfer:+1x0.1,3637355.0313613415,-0.0013141632080078125,0.42042064666748047
60,61|62,routing_persistent_hotspot_cluster1,30,discovery,remaining,4,specimen_transfer:-1x0.1,7014769.442055464,0.0013054609298706055,-0.4381380081176758
60,61|62,routing_persistent_hotspot_cluster1,31,discovery,remaining,0,mdl2,0.0,0.0,0.0
60,61|62,routing_persistent_hotspot_cluster1,31,discovery,remaining,1,specimen_transfer:+1x0.05,1930853.2331793308,-0.0005902647972106934,0.18881893157958984
60,61|62,routing_persistent_hotspot_cluster1,31,discovery,remaining,2,specimen_transfer:-1x0.05,1602326.0710031986,0.0005901455879211426,-0.2058696746826172
60,61|62,routing_persistent_hotspot_cluster1,31,discovery,remaining,3,specimen_transfer:+1x0.1,3784948.90809083,-0.00128173828125,0.3665885925292969
60,61|62,routing_persistent_hotspot_cluster1,31,discovery,remaining,4,specimen_transfer:-1x0.1,2858490.17821002,0.0012816786766052246,-0.3996138572692871
60,61|62,routing_persistent_hotspot_cluster1,32,discovery,remaining,0,mdl2,0.0,0.0,0.0
60,61|62,routing_persistent_hotspot_cluster1,32,discovery,remaining,1,specimen_transfer:+1x0.05,846311.6060800552,-0.0006068944931030273,0.2533411979675293
60,61|62,routing_persistent_hotspot_cluster1,32,discovery,remaining,2,specimen_transfer:-1x0.05,2637512.524015188,0.0006070733070373535,-0.24302291870117188
60,61|62,routing_persistent_hotspot_cluster1,32,discovery,remaining,3,specimen_transfer:+1x0.1,-290548.4685511589,-0.0015900135040283203,0.7244596481323242
60,61|62,routing_persistent_hotspot_cluster1,32,discovery,remaining,4,specimen_transfer:-1x0.1,3600858.695331812,0.001590132713317871,-0.5107932090759277
60,61|62,routing_persistent_hotspot_cluster1,33,discovery,remaining,0,mdl2,0.0,0.0,0.0
60,61|62,routing_persistent_hotspot_cluster1,33,discovery,remaining,1,specimen_transfer:+1x0.05,2941744.517586708,-0.0008841753005981445,0.2453460693359375
60,61|62,routing_persistent_hotspot_cluster1,33,discovery,remaining,2,specimen_transfer:-1x0.05,5314021.227005482,0.0008844137191772461,-0.2521347999572754
60,61|62,routing_persistent_hotspot_cluster1,33,discovery,remaining,3,specimen_transfer:+1x0.1,1038844.6857516766,-0.001385331153869629,0.47710084915161133
60,61|62,routing_persistent_hotspot_cluster1,33,discovery,remaining,4,specimen_transfer:-1x0.1,5520601.356472731,0.001385509967803955,-0.5191645622253418
60,61|62,routing_persistent_hotspot_cluster1,34,discovery,remaining,0,mdl2,0.0,0.0,0.0
60,61|62,routing_persistent_hotspot_cluster1,34,discovery,remaining,1,specimen_transfer:+1x0.05,1714923.4330496788,0.00030606985092163086,0.18263816833496094
60,61|62,routing_persistent_hotspot_cluster1,34,discovery,remaining,2,specimen_transfer:-1x0.05,-207167.47416472435,-0.0003063678741455078,-0.19414043426513672
60,61|62,routing_persistent_hotspot_cluster1,34,discovery,remaining,3,specimen_transfer:+1x0.1,5437350.113779068,0.0011044144630432129,0.39075756072998047
60,61|62,routing_persistent_hotspot_cluster1,34,discovery,remaining,4,specimen_transfer:-1x0.1,-227143.16446256638,-0.0010349750518798828,-0.4168405532836914
60,61|62,routing_persistent_hotspot_cluster1,35,discovery,remaining,0,mdl2,0.0,0.0,0.0
60,61|62,routing_persistent_hotspot_cluster1,35,discovery,remaining,1,specimen_transfer:+1x0.05,1514449.6515419483,0.001163780689239502,0.21720218658447266
60,61|62,routing_persistent_hotspot_cluster1,35,discovery,remaining,2,specimen_transfer:-1x0.05,2072547.4511458874,-0.0012478232383728027,-0.21502017974853516
60,61|62,routing_persistent_hotspot_cluster1,35,discovery,remaining,3,specimen_transfer:+1x0.1,1288613.9652223587,0.0025107860565185547,0.42981624603271484
60,61|62,routing_persistent_hotspot_cluster1,35,discovery,remaining,4,specimen_transfer:-1x0.1,1396603.8641281128,-0.0029873251914978027,-0.43407726287841797
60,61|62,routing_persistent_hotspot_cluster1,36,discovery,remaining,0,mdl2,0.0,0.0,0.0
60,61|62,routing_persistent_hotspot_cluster1,36,discovery,remaining,1,specimen_transfer:+1x0.05,-440957.1271317005,0.0013217926025390625,0.21133041381835938
60,61|62,routing_persistent_hotspot_cluster1,36,discovery,remaining,2,specimen_transfer:-1x0.05,1886956.3989903927,-0.0013712644577026367,-0.24524497985839844
60,61|62,routing_persistent_hotspot_cluster1,36,discovery,remaining,3,specimen_transfer:+1x0.1,-1156746.5678879023,0.0022715330123901367,0.41168212890625
60,61|62,routing_persistent_hotspot_cluster1,36,discovery,remaining,4,specimen_transfer:-1x0.1,1336608.2432311773,-0.002488255500793457,-0.4842710494995117
60,61|62,routing_persistent_hotspot_cluster1,37,discovery,remaining,0,mdl2,0.0,0.0,0.0
60,61|62,routing_persistent_hotspot_cluster1,37,discovery,remaining,1,specimen_transfer:+1x0.05,589494.9243326187,0.0009846687316894531,0.19258975982666016
60,61|62,routing_persistent_hotspot_cluster1,37,discovery,remaining,2,specimen_transfer:-1x0.05,201455.50709235668,-0.000984787940979004,-0.19259166717529297
60,61|62,routing_persistent_hotspot_cluster1,37,discovery,remaining,3,specimen_transfer:+1x0.1,417649.48944187164,0.0023767948150634766,0.39713287353515625
60,61|62,routing_persistent_hotspot_cluster1,37,discovery,remaining,4,specimen_transfer:-1x0.1,1049354.1197104454,-0.002376854419708252,-0.3911275863647461
60,61|62,routing_persistent_hotspot_cluster1,38,discovery,remaining,0,mdl2,0.0,0.0,0.0
60,61|62,routing_persistent_hotspot_cluster1,38,discovery,remaining,1,specimen_transfer:+1x0.05,3154053.725863695,0.0012853145599365234,0.19388866424560547
60,61|62,routing_persistent_hotspot_cluster1,38,discovery,remaining,2,specimen_transfer:-1x0.05,-120809.6417349577,-0.0013403892517089844,-0.19388866424560547
60,61|62,routing_persistent_hotspot_cluster1,38,discovery,remaining,3,specimen_transfer:+1x0.1,4527655.352760553,0.002587616443634033,0.4042840003967285
60,61|62,routing_persistent_hotspot_cluster1,38,discovery,remaining,4,specimen_transfer:-1x0.1,293075.6195445061,-0.002774864435195923,-0.38959455490112305
60,61|62,routing_persistent_hotspot_cluster1,39,discovery,remaining,0,mdl2,0.0,0.0,0.0
60,61|62,routing_persistent_hotspot_cluster1,39,discovery,remaining,1,specimen_transfer:+1x0.05,526505.7208334208,0.0010901689529418945,0.36667537689208984
60,61|62,routing_persistent_hotspot_cluster1,39,discovery,remaining,2,specimen_transfer:-1x0.05,309226.9968506098,-0.00109022855758667,-0.2815361022949219
60,61|62,routing_persistent_hotspot_cluster1,39,discovery,remaining,3,specimen_transfer:+1x0.1,2652013.3033605814,0.0016921758651733398,0.8264875411987305
60,61|62,routing_persistent_hotspot_cluster1,39,discovery,remaining,4,specimen_transfer:-1x0.1,1231320.2046400309,-0.0016921758651733398,-0.5066075325012207
60,61|62,routing_persistent_hotspot_cluster1,40,discovery,remaining,0,mdl2,0.0,0.0,0.0
60,61|62,routing_persistent_hotspot_cluster1,40,discovery,remaining,1,specimen_transfer:+1x0.05,2252400.740183115,0.0009852051734924316,0.5346989631652832
60,61|62,routing_persistent_hotspot_cluster1,40,discovery,remaining,2,specimen_transfer:-1x0.05,-550903.0641514063,-0.0009850859642028809,-0.4485602378845215
60,61|62,routing_persistent_hotspot_cluster1,40,discovery,remaining,3,specimen_transfer:+1x0.1,2924657.593568802,0.0018102526664733887,1.0664401054382324
60,61|62,routing_persistent_hotspot_cluster1,40,discovery,remaining,4,specimen_transfer:-1x0.1,-385496.99099326134,-0.0018101930618286133,-0.7460284233093262
60,61|62,routing_persistent_hotspot_cluster1,41,discovery,remaining,0,mdl2,0.0,0.0,0.0
60,61|62,routing_persistent_hotspot_cluster1,41,discovery,remaining,1,specimen_transfer:+1x0.05,871799.5642511845,0.00039118528366088867,0.5701498985290527
60,61|62,routing_persistent_hotspot_cluster1,41,discovery,remaining,2,specimen_transfer:-1x0.05,-712891.0195162296,-0.0006841421127319336,-0.6068453788757324
60,61|62,routing_persistent_hotspot_cluster1,41,discovery,remaining,3,specimen_transfer:+1x0.1,1702799.548265338,0.0012342333793640137,1.1556708812713623
60,61|62,routing_persistent_hotspot_cluster1,41,discovery,remaining,4,specimen_transfer:-1x0.1,-381704.7270864248,-0.0015271902084350586,-1.2357454299926758
60,61|62,routing_persistent_hotspot_cluster1,42,discovery,remaining,0,mdl2,0.0,0.0,0.0
60,61|62,routing_persistent_hotspot_cluster1,42,discovery,remaining,1,specimen_transfer:+1x0.05,-674533.2730866075,0.0003827810287475586,0.3501260280609131
60,61|62,routing_persistent_hotspot_cluster1,42,discovery,remaining,2,specimen_transfer:-1x0.05,-2070005.0681259632,-0.0005263686180114746,-0.4057212769985199
60,61|62,routing_persistent_hotspot_cluster1,42,discovery,remaining,3,specimen_transfer:+1x0.1,-923024.5047783852,0.0005181729793548584,0.5753312110900879
60,61|62,routing_persistent_hotspot_cluster1,42,discovery,remaining,4,specimen_transfer:-1x0.1,-2789147.358412266,-0.0006618499755859375,-0.9205745458602905
60,61|62,routing_persistent_hotspot_cluster1,43,discovery,remaining,0,mdl2,0.0,0.0,0.0
60,61|62,routing_persistent_hotspot_cluster1,43,discovery,remaining,1,specimen_transfer:+1x0.05,-2334342.904981971,0.00020393729209899902,0.13438212871551514
60,61|62,routing_persistent_hotspot_cluster1,43,discovery,remaining,2,specimen_transfer:-1x0.05,-3892833.8615933657,-0.0002473592758178711,-0.18317151069641113
60,61|62,routing_persistent_hotspot_cluster1,43,discovery,remaining,3,specimen_transfer:+1x0.1,-1491385.9156123996,0.0002983510494232178,0.239160418510437
60,61|62,routing_persistent_hotspot_cluster1,43,discovery,remaining,4,specimen_transfer:-1x0.1,-4262320.568762004,-0.00034177303314208984,-0.47243499755859375
60,61|62,routing_persistent_hotspot_cluster1,44,discovery,remaining,0,mdl2,0.0,0.0,0.0
60,61|62,routing_persistent_hotspot_cluster1,44,discovery,remaining,1,specimen_transfer:+1x0.05,-1300102.5710660815,0.00015273690223693848,0.06915926933288574
60,61|62,routing_persistent_hotspot_cluster1,44,discovery,remaining,2,specimen_transfer:-1x0.05,-2894720.2318131328,-0.0003059208393096924,-0.07365632057189941
60,61|62,routing_persistent_hotspot_cluster1,44,discovery,remaining,3,specimen_transfer:+1x0.1,-1149396.7613539696,0.0004722476005554199,0.13240587711334229
60,61|62,routing_persistent_hotspot_cluster1,44,discovery,remaining,4,specimen_transfer:-1x0.1,-2790291.113904655,-0.0006024539470672607,-0.17751896381378174
60,61|62,routing_persistent_hotspot_cluster1,45,discovery,remaining,0,mdl2,0.0,0.0,0.0
60,61|62,routing_persistent_hotspot_cluster1,45,discovery,remaining,1,specimen_transfer:+1x0.05,-1367623.834141314,2.8431415557861328e-05,0.06095254421234131
60,61|62,routing_persistent_hotspot_cluster1,45,discovery,remaining,2,specimen_transfer:-1x0.05,-2037074.7357516289,-0.00020232796669006348,-0.06616079807281494
60,61|62,routing_persistent_hotspot_cluster1,45,discovery,remaining,3,specimen_transfer:+1x0.1,-1219836.0159639716,-1.1920928955078125e-07,0.12170577049255371
60,61|62,routing_persistent_hotspot_cluster1,45,discovery,remaining,4,specimen_transfer:-1x0.1,-2561933.941953659,-0.00017380714416503906,-0.1353381872177124
60,61|62,routing_persistent_hotspot_cluster1,46,discovery,remaining,0,mdl2,0.0,0.0,0.0
60,61|62,routing_persistent_hotspot_cluster1,46,discovery,remaining,1,specimen_transfer:+1x0.05,-633548.3160140514,0.00011593103408813477,0.08286309242248535
60,61|62,routing_persistent_hotspot_cluster1,46,discovery,remaining,2,specimen_transfer:-1x0.05,-1620126.445310235,-0.00015622377395629883,-0.09698152542114258
60,61|62,routing_persistent_hotspot_cluster1,46,discovery,remaining,3,specimen_transfer:+1x0.1,-220405.2192519307,0.0005333423614501953,0.1540682315826416
60,61|62,routing_persistent_hotspot_cluster1,46,discovery,remaining,4,specimen_transfer:-1x0.1,-2402261.3263578415,-0.0005736649036407471,-0.2421894073486328
60,61|62,routing_persistent_hotspot_cluster1,47,discovery,remaining,0,mdl2,0.0,0.0,0.0
60,61|62,routing_persistent_hotspot_cluster1,47,discovery,remaining,1,specimen_transfer:+1x0.05,-355489.3891763985,0.0001360177993774414,0.06789445877075195
60,61|62,routing_persistent_hotspot_cluster1,47,discovery,remaining,2,specimen_transfer:-1x0.05,-1858932.6815140843,-0.0002891421318054199,-0.0713644027709961
60,61|62,routing_persistent_hotspot_cluster1,47,discovery,remaining,3,specimen_transfer:+1x0.1,-1042458.4927025437,0.00038823485374450684,0.13706398010253906
60,61|62,routing_persistent_hotspot_cluster1,47,discovery,remaining,4,specimen_transfer:-1x0.1,-3041242.4128406346,-0.0004004240036010742,-0.1712658405303955
60,61|62,routing_persistent_hotspot_cluster1,48,discovery,remaining,0,mdl2,0.0,0.0,0.0
60,61|62,routing_persistent_hotspot_cluster1,48,discovery,remaining,1,specimen_transfer:+1x0.05,-211863.60108685493,0.0004614591598510742,0.06990993022918701
60,61|62,routing_persistent_hotspot_cluster1,48,discovery,remaining,2,specimen_transfer:-1x0.05,-69472.10111016035,-0.0004993677139282227,-0.09779989719390869
60,61|62,routing_persistent_hotspot_cluster1,48,discovery,remaining,3,specimen_transfer:+1x0.1,474602.99229073524,0.0008188188076019287,0.13344478607177734
60,61|62,routing_persistent_hotspot_cluster1,48,discovery,remaining,4,specimen_transfer:-1x0.1,-904088.8698516488,-0.0008702278137207031,-0.20958852767944336
60,61|62,routing_persistent_hotspot_cluster1,49,discovery,remaining,0,mdl2,0.0,0.0,0.0
60,61|62,routing_persistent_hotspot_cluster1,49,discovery,remaining,1,specimen_transfer:+1x0.05,-61896.151454508305,0.00045737624168395996,0.4262094497680664
60,61|62,routing_persistent_hotspot_cluster1,49,discovery,remaining,2,specimen_transfer:-1x0.05,-512141.2067593038,-0.000750124454498291,-0.45684123039245605
60,61|62,routing_persistent_hotspot_cluster1,49,discovery,remaining,3,specimen_transfer:+1x0.1,50277.434541255236,0.0011651217937469482,0.8489293456077576
60,61|62,routing_persistent_hotspot_cluster1,49,discovery,remaining,4,specimen_transfer:-1x0.1,-885484.8606692553,-0.0014064610004425049,-0.8857946395874023
60,61|62,routing_persistent_hotspot_cluster1,50,discovery,remaining,0,mdl2,0.0,0.0,0.0
60,61|62,routing_persistent_hotspot_cluster1,50,discovery,remaining,1,specimen_transfer:+1x0.05,-381643.2861588001,0.0004214048385620117,0.3679037094116211
60,61|62,routing_persistent_hotspot_cluster1,50,discovery,remaining,2,specimen_transfer:-1x0.05,-550357.4429877698,-0.0007280707359313965,-0.3777644634246826
60,61|62,routing_persistent_hotspot_cluster1,50,discovery,remaining,3,specimen_transfer:+1x0.1,-50554.91727665067,0.0005542635917663574,0.7123374938964844
60,61|62,routing_persistent_hotspot_cluster1,50,discovery,remaining,4,specimen_transfer:-1x0.1,-859354.9250702262,-0.0008610188961029053,-0.7372555732727051
60,61|62,routing_persistent_hotspot_cluster1,51,discovery,remaining,0,mdl2,0.0,0.0,0.0
60,61|62,routing_persistent_hotspot_cluster1,51,discovery,remaining,1,specimen_transfer:+1x0.05,-148029.7253266573,2.0056962966918945e-05,0.27277040481567383
60,61|62,routing_persistent_hotspot_cluster1,51,discovery,remaining,2,specimen_transfer:-1x0.05,-197365.88553725183,-0.00026926398277282715,-0.27257800102233887
60,61|62,routing_persistent_hotspot_cluster1,51,discovery,remaining,3,specimen_transfer:+1x0.1,-98409.39350899309,0.0001958608627319336,0.5319099426269531
60,61|62,routing_persistent_hotspot_cluster1,51,discovery,remaining,4,specimen_transfer:-1x0.1,-98409.39350899309,-0.0004905462265014648,-0.5384957790374756
60,61|62,routing_persistent_hotspot_cluster1,0,validation,remaining,0,mdl2,0.0,0.0,0.0
60,61|62,routing_persistent_hotspot_cluster1,0,validation,remaining,1,specimen_transfer:+1x0.05,0.0,-0.0006422847509384155,-0.17892813682556152
60,61|62,routing_persistent_hotspot_cluster1,0,validation,remaining,2,specimen_transfer:-1x0.05,0.0,0.0006422698497772217,0.20651590824127197
60,61|62,routing_persistent_hotspot_cluster1,0,validation,remaining,3,specimen_transfer:+1x0.1,0.0,-0.0012846440076828003,-0.33734071254730225
60,61|62,routing_persistent_hotspot_cluster1,0,validation,remaining,4,specimen_transfer:-1x0.1,0.0,0.001284584403038025,0.43839216232299805
60,61|62,routing_persistent_hotspot_cluster1,1,validation,remaining,0,mdl2,0.0,0.0,0.0
60,61|62,routing_persistent_hotspot_cluster1,1,validation,remaining,1,specimen_transfer:+1x0.05,-14621116.880625725,-6.51627779006958e-05,-0.1551033854484558
60,61|62,routing_persistent_hotspot_cluster1,1,validation,remaining,2,specimen_transfer:-1x0.05,1459248.6604795456,8.754432201385498e-05,0.14976736903190613
60,61|62,routing_persistent_hotspot_cluster1,1,validation,remaining,3,specimen_transfer:+1x0.1,-72789273.9931469,-0.00014923512935638428,-0.3104945719242096
60,61|62,routing_persistent_hotspot_cluster1,1,validation,remaining,4,specimen_transfer:-1x0.1,1648338.8555426598,0.00014559924602508545,0.3043173551559448
60,61|62,routing_persistent_hotspot_cluster1,2,validation,remaining,0,mdl2,0.0,0.0,0.0
60,61|62,routing_persistent_hotspot_cluster1,2,validation,remaining,1,specimen_transfer:+1x0.05,-9841075.89536953,-0.0013561844825744629,-0.005225837230682373
60,61|62,routing_persistent_hotspot_cluster1,2,validation,remaining,2,specimen_transfer:-1x0.05,12182130.884938717,0.0011287778615951538,0.0013683438301086426
60,61|62,routing_persistent_hotspot_cluster1,2,validation,remaining,3,specimen_transfer:+1x0.1,-24881535.545464993,-0.002081751823425293,-0.0375591516494751
60,61|62,routing_persistent_hotspot_cluster1,2,validation,remaining,4,specimen_transfer:-1x0.1,12205807.67868948,0.001955687999725342,0.009513556957244873
60,61|62,routing_persistent_hotspot_cluster1,3,validation,remaining,0,mdl2,0.0,0.0,0.0
60,61|62,routing_persistent_hotspot_cluster1,3,validation,remaining,1,specimen_transfer:+1x0.05,-1836048.404876709,-0.0010210424661636353,-0.0009089410305023193
60,61|62,routing_persistent_hotspot_cluster1,3,validation,remaining,2,specimen_transfer:-1x0.05,-7672844.420957565,0.0006847530603408813,-0.003216177225112915
60,61|62,routing_persistent_hotspot_cluster1,3,validation,remaining,3,specimen_transfer:+1x0.1,-2900132.986931324,-0.0015731006860733032,0.009452790021896362
60,61|62,routing_persistent_hotspot_cluster1,3,validation,remaining,4,specimen_transfer:-1x0.1,-39635252.55750704,0.0012046098709106445,-0.012449026107788086
60,61|62,routing_persistent_hotspot_cluster1,4,validation,remaining,0,mdl2,0.0,0.0,0.0
60,61|62,routing_persistent_hotspot_cluster1,4,validation,remaining,1,specimen_transfer:+1x0.05,-1577685.0419893265,-0.0006090700626373291,-0.013910099864006042
60,61|62,routing_persistent_hotspot_cluster1,4,validation,remaining,2,specimen_transfer:-1x0.05,-26082587.429732323,0.0006084740161895752,0.013910755515098572
60,61|62,routing_persistent_hotspot_cluster1,4,validation,remaining,3,specimen_transfer:+1x0.1,-905794.7863092422,-0.0012969374656677246,-0.027046896517276764
60,61|62,routing_persistent_hotspot_cluster1,4,validation,remaining,4,specimen_transfer:-1x0.1,-51415244.72247028,0.0012958347797393799,0.02704736590385437
60,61|62,routing_persistent_hotspot_cluster1,5,validation,remaining,0,mdl2,0.0,0.0,0.0
60,61|62,routing_persistent_hotspot_cluster1,5,validation,remaining,1,specimen_transfer:+1x0.05,1428687.5430383682,-0.00025030970573425293,-0.0028988122940063477
60,61|62,routing_persistent_hotspot_cluster1,5,validation,remaining,2,specimen_transfer:-1x0.05,-10683446.367690563,0.00025030970573425293,0.0033878087997436523
60,61|62,routing_persistent_hotspot_cluster1,5,validation,remaining,3,specimen_transfer:+1x0.1,58672.01124191284,-0.0006573498249053955,-0.009577721357345581
60,61|62,routing_persistent_hotspot_cluster1,5,validation,remaining,4,specimen_transfer:-1x0.1,-39979123.14817524,0.0006572306156158447,0.009952902793884277
60,61|62,routing_persistent_hotspot_cluster1,6,validation,remaining,0,mdl2,0.0,0.0,0.0
60,61|62,routing_persistent_hotspot_cluster1,6,validation,remaining,1,specimen_transfer:+1x0.05,-4633198.887307644,-0.0009322166442871094,-0.022976994514465332
60,61|62,routing_persistent_hotspot_cluster1,6,validation,remaining,2,specimen_transfer:-1x0.05,-10824334.712313652,0.0009321868419647217,0.022991061210632324
60,61|62,routing_persistent_hotspot_cluster1,6,validation,remaining,3,specimen_transfer:+1x0.1,-5467906.038332939,-0.0021167099475860596,-0.05046212673187256
60,61|62,routing_persistent_hotspot_cluster1,6,validation,remaining,4,specimen_transfer:-1x0.1,-47100793.168840885,0.0021658241748809814,0.04744839668273926
60,61|62,routing_persistent_hotspot_cluster1,7,validation,remaining,0,mdl2,0.0,0.0,0.0
60,61|62,routing_persistent_hotspot_cluster1,7,validation,remaining,1,specimen_transfer:+1x0.05,3052394.184495926,-0.0012279748916625977,-0.026813030242919922
60,61|62,routing_persistent_hotspot_cluster1,7,validation,remaining,2,specimen_transfer:-1x0.05,-31406963.685165882,0.0011464953422546387,0.02370595932006836
60,61|62,routing_persistent_hotspot_cluster1,7,validation,remaining,3,specimen_transfer:+1x0.1,1172482.8717422485,-0.0021178722381591797,-0.07340431213378906
60,61|62,routing_persistent_hotspot_cluster1,7,validation,remaining,4,specimen_transfer:-1x0.1,-66784586.91587067,0.001933455467224121,0.0702974796295166
60,61|62,routing_persistent_hotspot_cluster1,8,validation,remaining,0,mdl2,0.0,0.0,0.0
60,61|62,routing_persistent_hotspot_cluster1,8,validation,remaining,1,specimen_transfer:+1x0.05,3311135.129281044,-0.0012257695198059082,-0.013199567794799805
60,61|62,routing_persistent_hotspot_cluster1,8,validation,remaining,2,specimen_transfer:-1x0.05,-9873354.285244465,0.0012257099151611328,0.012578248977661133
60,61|62,routing_persistent_hotspot_cluster1,8,validation,remaining,3,specimen_transfer:+1x0.1,5877562.653090954,-0.0025086402893066406,-0.03870511054992676
60,61|62,routing_persistent_hotspot_cluster1,8,validation,remaining,4,specimen_transfer:-1x0.1,-31939051.80960703,0.0025085806846618652,0.037453413009643555
60,61|62,routing_persistent_hotspot_cluster1,9,validation,remaining,0,mdl2,0.0,0.0,0.0
60,61|62,routing_persistent_hotspot_cluster1,9,validation,remaining,1,specimen_transfer:+1x0.05,-1666203.264919281,-0.001428067684173584,-0.010874271392822266
60,61|62,routing_persistent_hotspot_cluster1,9,validation,remaining,2,specimen_transfer:-1x0.05,-7637213.886575222,0.0015465617179870605,0.009218692779541016
60,61|62,routing_persistent_hotspot_cluster1,9,validation,remaining,3,specimen_transfer:+1x0.1,-4977618.007860184,-0.0031206607818603516,-0.024171829223632812
60,61|62,routing_persistent_hotspot_cluster1,9,validation,remaining,4,specimen_transfer:-1x0.1,-48910238.6510725,0.0031509995460510254,0.02090740203857422
60,61|62,routing_persistent_hotspot_cluster1,10,validation,remaining,0,mdl2,0.0,0.0,0.0
60,61|62,routing_persistent_hotspot_cluster1,10,validation,remaining,1,specimen_transfer:+1x0.05,-3773965.2441864014,-0.0011504292488098145,-0.022803783416748047
60,61|62,routing_persistent_hotspot_cluster1,10,validation,remaining,2,specimen_transfer:-1x0.05,-10063276.531459332,0.0010666251182556152,0.02850198745727539
60,61|62,routing_persistent_hotspot_cluster1,10,validation,remaining,3,specimen_transfer:+1x0.1,-3846977.6367940903,-0.001700758934020996,-0.025953292846679688
60,61|62,routing_persistent_hotspot_cluster1,10,validation,remaining,4,specimen_transfer:-1x0.1,-28004275.486862183,0.0016268491744995117,0.03905296325683594
60,61|62,routing_persistent_hotspot_cluster1,11,validation,remaining,0,mdl2,0.0,0.0,0.0
60,61|62,routing_persistent_hotspot_cluster1,11,validation,remaining,1,specimen_transfer:+1x0.05,12523561.822333813,-0.0010696649551391602,-0.019800186157226562
60,61|62,routing_persistent_hotspot_cluster1,11,validation,remaining,2,specimen_transfer:-1x0.05,-7584595.295300961,0.0009626150131225586,0.024341583251953125
60,61|62,routing_persistent_hotspot_cluster1,11,validation,remaining,3,specimen_transfer:+1x0.1,14482337.236920357,-0.0020436644554138184,-0.032530784606933594
60,61|62,routing_persistent_hotspot_cluster1,11,validation,remaining,4,specimen_transfer:-1x0.1,-42864560.56044626,0.001932382583618164,0.043419837951660156
60,61|62,routing_persistent_hotspot_cluster1,12,validation,remaining,0,mdl2,0.0,0.0,0.0
60,61|62,routing_persistent_hotspot_cluster1,12,validation,remaining,1,specimen_transfer:+1x0.05,2286577.9784402847,-0.0003853440284729004,-0.011957168579101562
60,61|62,routing_persistent_hotspot_cluster1,12,validation,remaining,2,specimen_transfer:-1x0.05,-20838224.397227764,0.000385284423828125,0.011957168579101562
60,61|62,routing_persistent_hotspot_cluster1,12,validation,remaining,3,specimen_transfer:+1x0.1,2461676.1964001656,-0.0009359121322631836,-0.020742416381835938
60,61|62,routing_persistent_hotspot_cluster1,12,validation,remaining,4,specimen_transfer:-1x0.1,-31146128.01679182,0.0009358525276184082,0.024538040161132812
60,61|62,routing_persistent_hotspot_cluster1,13,validation,remaining,0,mdl2,0.0,0.0,0.0
60,61|62,routing_persistent_hotspot_cluster1,13,validation,remaining,1,specimen_transfer:+1x0.05,492103.103451252,-0.00038623809814453125,0.006402015686035156
60,61|62,routing_persistent_hotspot_cluster1,13,validation,remaining,2,specimen_transfer:-1x0.05,-4909755.527241707,0.0002936124801635742,0.004596710205078125
60,61|62,routing_persistent_hotspot_cluster1,13,validation,remaining,3,specimen_transfer:+1x0.1,3772761.4443855286,-0.00040519237518310547,-0.005993843078613281
60,61|62,routing_persistent_hotspot_cluster1,13,validation,remaining,4,specimen_transfer:-1x0.1,-26969267.246839523,0.000339508056640625,0.024765968322753906
60,61|62,routing_persistent_hotspot_cluster1,14,validation,remaining,0,mdl2,0.0,0.0,0.0
60,61|62,routing_persistent_hotspot_cluster1,14,validation,remaining,1,specimen_transfer:+1x0.05,550067.1750278473,-0.00012254714965820312,-0.006488800048828125
60,61|62,routing_persistent_hotspot_cluster1,14,validation,remaining,2,specimen_transfer:-1x0.05,992421.4186003208,6.35981559753418e-05,0.008939743041992188
60,61|62,routing_persistent_hotspot_cluster1,14,validation,remaining,3,specimen_transfer:+1x0.1,2102630.5741496086,-0.00021201372146606445,-0.014266014099121094
60,61|62,routing_persistent_hotspot_cluster1,14,validation,remaining,4,specimen_transfer:-1x0.1,-21621807.288131237,0.00015294551849365234,0.021718978881835938
60,61|62,routing_persistent_hotspot_cluster1,15,validation,remaining,0,mdl2,0.0,0.0,0.0
60,61|62,routing_persistent_hotspot_cluster1,15,validation,remaining,1,specimen_transfer:+1x0.05,-1129537.457631588,1.4603137969970703e-05,-0.005280494689941406
60,61|62,routing_persistent_hotspot_cluster1,15,validation,remaining,2,specimen_transfer:-1x0.05,2144791.6868309975,-8.082389831542969e-05,0.00789642333984375
60,61|62,routing_persistent_hotspot_cluster1,15,validation,remaining,3,specimen_transfer:+1x0.1,1140096.1143722534,-0.00033408403396606445,0.004504203796386719
60,61|62,routing_persistent_hotspot_cluster1,15,validation,remaining,4,specimen_transfer:-1x0.1,-13845318.735302925,0.00026798248291015625,-0.0009307861328125
60,61|62,routing_persistent_hotspot_cluster1,16,validation,remaining,0,mdl2,0.0,0.0,0.0
60,61|62,routing_persistent_hotspot_cluster1,16,validation,remaining,1,specimen_transfer:+1x0.05,-9118751.876137257,0.00038945674896240234,-0.011270523071289062
60,61|62,routing_persistent_hotspot_cluster1,16,validation,remaining,2,specimen_transfer:-1x0.05,-36289081.761484385,-0.0004519820213317871,0.022796630859375
60,61|62,routing_persistent_hotspot_cluster1,16,validation,remaining,3,specimen_transfer:+1x0.1,-13213143.629170656,0.00031620264053344727,-0.019481658935546875
60,61|62,routing_persistent_hotspot_cluster1,16,validation,remaining,4,specimen_transfer:-1x0.1,-62276582.909053564,-0.0002878904342651367,0.03858375549316406
60,61|62,routing_persistent_hotspot_cluster1,17,validation,remaining,0,mdl2,0.0,0.0,0.0
60,61|62,routing_persistent_hotspot_cluster1,17,validation,remaining,1,specimen_transfer:+1x0.05,4976290.264738798,-0.00032329559326171875,0.015628337860107422
60,61|62,routing_persistent_hotspot_cluster1,17,validation,remaining,2,specimen_transfer:-1x0.05,9076564.577943802,0.0002580881118774414,-0.013048648834228516
60,61|62,routing_persistent_hotspot_cluster1,17,validation,remaining,3,specimen_transfer:+1x0.1,5678397.966435194,-0.0006355047225952148,0.01897907257080078
60,61|62,routing_persistent_hotspot_cluster1,17,validation,remaining,4,specimen_transfer:-1x0.1,-23964496.66108966,0.0005701184272766113,-0.016399383544921875
60,61|62,routing_persistent_hotspot_cluster1,18,validation,remaining,0,mdl2,0.0,0.0,0.0
60,61|62,routing_persistent_hotspot_cluster1,18,validation,remaining,1,specimen_transfer:+1x0.05,-1878893.4554970264,0.00012993812561035156,0.04029560089111328
60,61|62,routing_persistent_hotspot_cluster1,18,validation,remaining,2,specimen_transfer:-1x0.05,-33150264.488755703,9.334087371826172e-05,-0.04068136215209961
60,61|62,routing_persistent_hotspot_cluster1,18,validation,remaining,3,specimen_transfer:+1x0.1,633909.7631893158,-0.00022047758102416992,0.0744175910949707
60,61|62,routing_persistent_hotspot_cluster1,18,validation,remaining,4,specimen_transfer:-1x0.1,-32468056.39725113,0.0006803274154663086,-0.0762791633605957
60,61|62,routing_persistent_hotspot_cluster1,19,validation,remaining,0,mdl2,0.0,0.0,0.0
60,61|62,routing_persistent_hotspot_cluster1,19,validation,remaining,1,specimen_transfer:+1x0.05,1856969.4047260284,-0.001561284065246582,0.0808877944946289
60,61|62,routing_persistent_hotspot_cluster1,19,validation,remaining,2,specimen_transfer:-1x0.05,1042319.3906445503,0.0015611648559570312,-0.08088874816894531
60,61|62,routing_persistent_hotspot_cluster1,19,validation,remaining,3,specimen_transfer:+1x0.1,1279077.3334946632,-0.003285646438598633,0.17982196807861328
60,61|62,routing_persistent_hotspot_cluster1,19,validation,remaining,4,specimen_transfer:-1x0.1,-19922466.759170055,0.00345611572265625,-0.17982244491577148
60,61|62,routing_persistent_hotspot_cluster1,20,validation,remaining,0,mdl2,0.0,0.0,0.0
60,61|62,routing_persistent_hotspot_cluster1,20,validation,remaining,1,specimen_transfer:+1x0.05,7032766.749638319,-0.0014107823371887207,0.10489559173583984
60,61|62,routing_persistent_hotspot_cluster1,20,validation,remaining,2,specimen_transfer:-1x0.05,-4246747.948722124,0.0013006925582885742,-0.07364225387573242
60,61|62,routing_persistent_hotspot_cluster1,20,validation,remaining,3,specimen_transfer:+1x0.1,10038426.501116514,-0.0033469796180725098,0.26763296127319336
60,61|62,routing_persistent_hotspot_cluster1,20,validation,remaining,4,specimen_transfer:-1x0.1,-6520381.955509663,0.003257274627685547,-0.15333795547485352
60,61|62,routing_persistent_hotspot_cluster1,21,validation,remaining,0,mdl2,0.0,0.0,0.0
60,61|62,routing_persistent_hotspot_cluster1,21,validation,remaining,1,specimen_transfer:+1x0.05,2496161.6209597588,-0.00163954496383667,0.058176517486572266
60,61|62,routing_persistent_hotspot_cluster1,21,validation,remaining,2,specimen_transfer:-1x0.05,2929711.2589855194,0.0017893314361572266,-0.058443546295166016
60,61|62,routing_persistent_hotspot_cluster1,21,validation,remaining,3,specimen_transfer:+1x0.1,840577.5813269615,-0.0034314393997192383,0.12334966659545898
60,61|62,routing_persistent_hotspot_cluster1,21,validation,remaining,4,specimen_transfer:-1x0.1,26644.425246715546,0.003673732280731201,-0.13464784622192383
60,61|62,routing_persistent_hotspot_cluster1,22,validation,remaining,0,mdl2,0.0,0.0,0.0
60,61|62,routing_persistent_hotspot_cluster1,22,validation,remaining,1,specimen_transfer:+1x0.05,1696075.078716278,-0.001661062240600586,0.06348609924316406
60,61|62,routing_persistent_hotspot_cluster1,22,validation,remaining,2,specimen_transfer:-1x0.05,1345473.7740271091,0.0018200874328613281,-0.06575298309326172
60,61|62,routing_persistent_hotspot_cluster1,22,validation,remaining,3,specimen_transfer:+1x0.1,3111746.4782829285,-0.0028170347213745117,0.13492298126220703
60,61|62,routing_persistent_hotspot_cluster1,22,validation,remaining,4,specimen_transfer:-1x0.1,2381016.0454216003,0.003044724464416504,-0.13599634170532227
60,61|62,routing_persistent_hotspot_cluster1,23,validation,remaining,0,mdl2,0.0,0.0,0.0
60,61|62,routing_persistent_hotspot_cluster1,23,validation,remaining,1,specimen_transfer:+1x0.05,-771248.25988698,-0.0015385746955871582,0.2939448356628418
60,61|62,routing_persistent_hotspot_cluster1,23,validation,remaining,2,specimen_transfer:-1x0.05,3796082.3408579826,0.0010683536529541016,-0.24856209754943848
60,61|62,routing_persistent_hotspot_cluster1,23,validation,remaining,3,specimen_transfer:+1x0.1,-2389743.1656069756,-0.0027101635932922363,0.5867671966552734
60,61|62,routing_persistent_hotspot_cluster1,23,validation,remaining,4,specimen_transfer:-1x0.1,4699979.960939884,0.0023813247680664062,-0.36333584785461426
60,61|62,routing_persistent_hotspot_cluster1,24,validation,remaining,0,mdl2,0.0,0.0,0.0
60,61|62,routing_persistent_hotspot_cluster1,24,validation,remaining,1,specimen_transfer:+1x0.05,732283.27298069,-0.001244962215423584,0.1557292938232422
60,61|62,routing_persistent_hotspot_cluster1,24,validation,remaining,2,specimen_transfer:-1x0.05,-2798763.2394919395,0.0008957386016845703,-0.10383892059326172
60,61|62,routing_persistent_hotspot_cluster1,24,validation,remaining,3,specimen_transfer:+1x0.1,1372253.0371232033,-0.002009868621826172,0.43546342849731445
60,61|62,routing_persistent_hotspot_cluster1,24,validation,remaining,4,specimen_transfer:-1x0.1,-5165703.800230265,0.001665651798248291,-0.20885515213012695
60,61|62,routing_persistent_hotspot_cluster1,25,validation,remaining,0,mdl2,0.0,0.0,0.0
60,61|62,routing_persistent_hotspot_cluster1,25,validation,remaining,1,specimen_transfer:+1x0.05,2810727.0250213146,-0.001109778881072998,0.3547990322113037
60,61|62,routing_persistent_hotspot_cluster1,25,validation,remaining,2,specimen_transfer:-1x0.05,-5935547.994449139,0.0010871291160583496,-0.2638401985168457
60,61|62,routing_persistent_hotspot_cluster1,25,validation,remaining,3,specimen_transfer:+1x0.1,2818646.5833461285,-0.0015341639518737793,0.7262787818908691
60,61|62,routing_persistent_hotspot_cluster1,25,validation,remaining,4,specimen_transfer:-1x0.1,-13511006.664683104,0.001293778419494629,-0.3977227210998535
60,61|62,routing_persistent_hotspot_cluster1,26,validation,remaining,0,mdl2,0.0,0.0,0.0
60,61|62,routing_persistent_hotspot_cluster1,26,validation,remaining,1,specimen_transfer:+1x0.05,2050244.9739718437,-0.0004929602146148682,0.3948378562927246
60,61|62,routing_persistent_hotspot_cluster1,26,validation,remaining,2,specimen_transfer:-1x0.05,-1761395.8168272972,0.00020834803581237793,-0.4388751983642578
60,61|62,routing_persistent_hotspot_cluster1,26,validation,remaining,3,specimen_transfer:+1x0.1,1919805.1753759384,-0.0007816851139068604,0.8107638359069824
60,61|62,routing_persistent_hotspot_cluster1,26,validation,remaining,4,specimen_transfer:-1x0.1,-6696352.475590467,0.0005763769149780273,-0.8722355365753174
60,61|62,routing_persistent_hotspot_cluster1,27,validation,remaining,0,mdl2,0.0,0.0,0.0
60,61|62,routing_persistent_hotspot_cluster1,27,validation,remaining,1,specimen_transfer:+1x0.05,412836.0047855377,-1.823902130126953e-05,0.16373014450073242
60,61|62,routing_persistent_hotspot_cluster1,27,validation,remaining,2,specimen_transfer:-1x0.05,228422.9080069065,1.8298625946044922e-05,-0.15513372421264648
60,61|62,routing_persistent_hotspot_cluster1,27,validation,remaining,3,specimen_transfer:+1x0.1,-1132383.4782423973,-1.3470649719238281e-05,0.42287778854370117
60,61|62,routing_persistent_hotspot_cluster1,27,validation,remaining,4,specimen_transfer:-1x0.1,873998.1515305042,5.793571472167969e-05,-0.3202815055847168
60,61|62,routing_persistent_hotspot_cluster1,28,validation,remaining,0,mdl2,0.0,0.0,0.0
60,61|62,routing_persistent_hotspot_cluster1,28,validation,remaining,1,specimen_transfer:+1x0.05,-9683524.641716957,-6.22868537902832e-05,0.42909669876098633
60,61|62,routing_persistent_hotspot_cluster1,28,validation,remaining,2,specimen_transfer:-1x0.05,-5528384.365033388,-6.175041198730469e-05,-0.32424449920654297
60,61|62,routing_persistent_hotspot_cluster1,28,validation,remaining,3,specimen_transfer:+1x0.1,-10213963.945878029,4.315376281738281e-05,0.8823177814483643
60,61|62,routing_persistent_hotspot_cluster1,28,validation,remaining,4,specimen_transfer:-1x0.1,-31969112.61570263,-0.00032722949981689453,-0.5133519172668457
60,61|62,routing_persistent_hotspot_cluster1,29,validation,remaining,0,mdl2,0.0,0.0,0.0
60,61|62,routing_persistent_hotspot_cluster1,29,validation,remaining,1,specimen_transfer:+1x0.05,-2236753.7445344925,-0.0005591511726379395,0.5670020580291748
60,61|62,routing_persistent_hotspot_cluster1,29,validation,remaining,2,specimen_transfer:-1x0.05,-7161.964740753174,0.0006201863288879395,-0.5038089752197266
60,61|62,routing_persistent_hotspot_cluster1,29,validation,remaining,3,specimen_transfer:+1x0.1,-4936334.857022285,-0.0010099411010742188,1.094109058380127
60,61|62,routing_persistent_hotspot_cluster1,29,validation,remaining,4,specimen_transfer:-1x0.1,2220307.6737577915,0.0011339187622070312,-0.8013415336608887
60,61|62,routing_persistent_hotspot_cluster1,30,validation,remaining,0,mdl2,0.0,0.0,0.0
60,61|62,routing_persistent_hotspot_cluster1,30,validation,remaining,1,specimen_transfer:+1x0.05,3100656.707770586,-0.0006690025329589844,0.1806344985961914
60,61|62,routing_persistent_hotspot_cluster1,30,validation,remaining,2,specimen_transfer:-1x0.05,4448922.4975607395,0.0006690621376037598,-0.21417570114135742
60,61|62,routing_persistent_hotspot_cluster1,30,validation,remaining,3,specimen_transfer:+1x0.1,2687681.3459920883,-0.0013141632080078125,0.42042064666748047
60,61|62,routing_persistent_hotspot_cluster1,30,validation,remaining,4,specimen_transfer:-1x0.1,8443121.293318272,0.0013054609298706055,-0.4381380081176758
60,61|62,routing_persistent_hotspot_cluster1,31,validation,remaining,0,mdl2,0.0,0.0,0.0
60,61|62,routing_persistent_hotspot_cluster1,31,validation,remaining,1,specimen_transfer:+1x0.05,831613.4417965412,-0.0005902647972106934,0.18881893157958984
60,61|62,routing_persistent_hotspot_cluster1,31,validation,remaining,2,specimen_transfer:-1x0.05,866701.6800231934,0.0005901455879211426,-0.2058696746826172
60,61|62,routing_persistent_hotspot_cluster1,31,validation,remaining,3,specimen_transfer:+1x0.1,2134335.7492189407,-0.00128173828125,0.3665885925292969
60,61|62,routing_persistent_hotspot_cluster1,31,validation,remaining,4,specimen_transfer:-1x0.1,1834776.937871933,0.0012816786766052246,-0.3996138572692871
60,61|62,routing_persistent_hotspot_cluster1,32,validation,remaining,0,mdl2,0.0,0.0,0.0
60,61|62,routing_persistent_hotspot_cluster1,32,validation,remaining,1,specimen_transfer:+1x0.05,835220.2410795689,-0.0006068944931030273,0.2533411979675293
60,61|62,routing_persistent_hotspot_cluster1,32,validation,remaining,2,specimen_transfer:-1x0.05,2835073.9369962215,0.0006070733070373535,-0.24302291870117188
60,61|62,routing_persistent_hotspot_cluster1,32,validation,remaining,3,specimen_transfer:+1x0.1,474818.3006043434,-0.0015900135040283203,0.7244596481323242
60,61|62,routing_persistent_hotspot_cluster1,32,validation,remaining,4,specimen_transfer:-1x0.1,2833793.3949251175,0.001590132713317871,-0.5107932090759277
60,61|62,routing_persistent_hotspot_cluster1,33,validation,remaining,0,mdl2,0.0,0.0,0.0
60,61|62,routing_persistent_hotspot_cluster1,33,validation,remaining,1,specimen_transfer:+1x0.05,1987912.1854858398,-0.0008841753005981445,0.2453460693359375
60,61|62,routing_persistent_hotspot_cluster1,33,validation,remaining,2,specimen_transfer:-1x0.05,4230468.036242723,0.0008844137191772461,-0.2521347999572754
60,61|62,routing_persistent_hotspot_cluster1,33,validation,remaining,3,specimen_transfer:+1x0.1,21045.841330766678,-0.001385331153869629,0.47710084915161133
60,61|62,routing_persistent_hotspot_cluster1,33,validation,remaining,4,specimen_transfer:-1x0.1,4701537.608477116,0.001385509967803955,-0.5191645622253418
60,61|62,routing_persistent_hotspot_cluster1,34,validation,remaining,0,mdl2,0.0,0.0,0.0
60,61|62,routing_persistent_hotspot_cluster1,34,validation,remaining,1,specimen_transfer:+1x0.05,1310524.2861452103,0.00030606985092163086,0.18263816833496094
60,61|62,routing_persistent_hotspot_cluster1,34,validation,remaining,2,specimen_transfer:-1x0.05,-1416610.6883318424,-0.0003063678741455078,-0.19414043426513672
60,61|62,routing_persistent_hotspot_cluster1,34,validation,remaining,3,specimen_transfer:+1x0.1,4601403.7617583275,0.0011044144630432129,0.39075756072998047
60,61|62,routing_persistent_hotspot_cluster1,34,validation,remaining,4,specimen_transfer:-1x0.1,-568030.2730219364,-0.0010349750518798828,-0.4168405532836914
60,61|62,routing_persistent_hotspot_cluster1,35,validation,remaining,0,mdl2,0.0,0.0,0.0
60,61|62,routing_persistent_hotspot_cluster1,35,validation,remaining,1,specimen_transfer:+1x0.05,1729131.7654192448,0.001163780689239502,0.21720218658447266
60,61|62,routing_persistent_hotspot_cluster1,35,validation,remaining,2,specimen_transfer:-1x0.05,1937466.801574707,-0.0012478232383728027,-0.21502017974853516
60,61|62,routing_persistent_hotspot_cluster1,35,validation,remaining,3,specimen_transfer:+1x0.1,545058.180034399,0.0025107860565185547,0.42981624603271484
60,61|62,routing_persistent_hotspot_cluster1,35,validation,remaining,4,specimen_transfer:-1x0.1,-75878.70260286331,-0.0029873251914978027,-0.43407726287841797
60,61|62,routing_persistent_hotspot_cluster1,36,validation,remaining,0,mdl2,0.0,0.0,0.0
60,61|62,routing_persistent_hotspot_cluster1,36,validation,remaining,1,specimen_transfer:+1x0.05,-2242997.0547412634,0.0013217926025390625,0.21133041381835938
60,61|62,routing_persistent_hotspot_cluster1,36,validation,remaining,2,specimen_transfer:-1x0.05,1273116.0050694942,-0.0013712644577026367,-0.24524497985839844
60,61|62,routing_persistent_hotspot_cluster1,36,validation,remaining,3,specimen_transfer:+1x0.1,-2752797.157554269,0.0022715330123901367,0.41168212890625
60,61|62,routing_persistent_hotspot_cluster1,36,validation,remaining,4,specimen_transfer:-1x0.1,1089872.3649898767,-0.002488255500793457,-0.4842710494995117
60,61|62,routing_persistent_hotspot_cluster1,37,validation,remaining,0,mdl2,0.0,0.0,0.0
60,61|62,routing_persistent_hotspot_cluster1,37,validation,remaining,1,specimen_transfer:+1x0.05,917237.0459771156,0.0009846687316894531,0.19258975982666016
60,61|62,routing_persistent_hotspot_cluster1,37,validation,remaining,2,specimen_transfer:-1x0.05,229257.70821523666,-0.000984787940979004,-0.19259166717529297
60,61|62,routing_persistent_hotspot_cluster1,37,validation,remaining,3,specimen_transfer:+1x0.1,554311.9802865982,0.0023767948150634766,0.39713287353515625
60,61|62,routing_persistent_hotspot_cluster1,37,validation,remaining,4,specimen_transfer:-1x0.1,1491233.696723342,-0.002376854419708252,-0.3911275863647461
60,61|62,routing_persistent_hotspot_cluster1,38,validation,remaining,0,mdl2,0.0,0.0,0.0
60,61|62,routing_persistent_hotspot_cluster1,38,validation,remaining,1,specimen_transfer:+1x0.05,1490381.024062395,0.0012853145599365234,0.19388866424560547
60,61|62,routing_persistent_hotspot_cluster1,38,validation,remaining,2,specimen_transfer:-1x0.05,-302862.25150966644,-0.0013403892517089844,-0.19388866424560547
60,61|62,routing_persistent_hotspot_cluster1,38,validation,remaining,3,specimen_transfer:+1x0.1,2863958.267193198,0.002587616443634033,0.4042840003967285
60,61|62,routing_persistent_hotspot_cluster1,38,validation,remaining,4,specimen_transfer:-1x0.1,-393391.4709558487,-0.002774864435195923,-0.38959455490112305
60,61|62,routing_persistent_hotspot_cluster1,39,validation,remaining,0,mdl2,0.0,0.0,0.0
60,61|62,routing_persistent_hotspot_cluster1,39,validation,remaining,1,specimen_transfer:+1x0.05,868410.0698049068,0.0010901689529418945,0.36667537689208984
60,61|62,routing_persistent_hotspot_cluster1,39,validation,remaining,2,specimen_transfer:-1x0.05,-470256.5462332964,-0.00109022855758667,-0.2815361022949219
60,61|62,routing_persistent_hotspot_cluster1,39,validation,remaining,3,specimen_transfer:+1x0.1,2228473.843087673,0.0016921758651733398,0.8264875411987305
60,61|62,routing_persistent_hotspot_cluster1,39,validation,remaining,4,specimen_transfer:-1x0.1,469985.5358759165,-0.0016921758651733398,-0.5066075325012207
60,61|62,routing_persistent_hotspot_cluster1,40,validation,remaining,0,mdl2,0.0,0.0,0.0
60,61|62,routing_persistent_hotspot_cluster1,40,validation,remaining,1,specimen_transfer:+1x0.05,2453386.8066169024,0.0009852051734924316,0.5346989631652832
60,61|62,routing_persistent_hotspot_cluster1,40,validation,remaining,2,specimen_transfer:-1x0.05,-644705.1040923595,-0.0009850859642028809,-0.4485602378845215
60,61|62,routing_persistent_hotspot_cluster1,40,validation,remaining,3,specimen_transfer:+1x0.1,3108503.915391803,0.0018102526664733887,1.0664401054382324
60,61|62,routing_persistent_hotspot_cluster1,40,validation,remaining,4,specimen_transfer:-1x0.1,-470093.8116978407,-0.0018101930618286133,-0.7460284233093262
60,61|62,routing_persistent_hotspot_cluster1,41,validation,remaining,0,mdl2,0.0,0.0,0.0
60,61|62,routing_persistent_hotspot_cluster1,41,validation,remaining,1,specimen_transfer:+1x0.05,928695.0651755333,0.00039118528366088867,0.5701498985290527
60,61|62,routing_persistent_hotspot_cluster1,41,validation,remaining,2,specimen_transfer:-1x0.05,-370688.54526877403,-0.0006841421127319336,-0.6068453788757324
60,61|62,routing_persistent_hotspot_cluster1,41,validation,remaining,3,specimen_transfer:+1x0.1,1629140.7323157787,0.0012342333793640137,1.1556708812713623
60,61|62,routing_persistent_hotspot_cluster1,41,validation,remaining,4,specimen_transfer:-1x0.1,-538808.3719209433,-0.0015271902084350586,-1.2357454299926758
60,61|62,routing_persistent_hotspot_cluster1,42,validation,remaining,0,mdl2,0.0,0.0,0.0
60,61|62,routing_persistent_hotspot_cluster1,42,validation,remaining,1,specimen_transfer:+1x0.05,218435.01227140427,0.0003827810287475586,0.3501260280609131
60,61|62,routing_persistent_hotspot_cluster1,42,validation,remaining,2,specimen_transfer:-1x0.05,-1259110.227836132,-0.0005263686180114746,-0.4057212769985199
60,61|62,routing_persistent_hotspot_cluster1,42,validation,remaining,3,specimen_transfer:+1x0.1,-764154.3348264694,0.0005181729793548584,0.5753312110900879
60,61|62,routing_persistent_hotspot_cluster1,42,validation,remaining,4,specimen_transfer:-1x0.1,-2008117.0053352118,-0.0006618499755859375,-0.9205745458602905
60,61|62,routing_persistent_hotspot_cluster1,43,validation,remaining,0,mdl2,0.0,0.0,0.0
60,61|62,routing_persistent_hotspot_cluster1,43,validation,remaining,1,specimen_transfer:+1x0.05,-987150.9537302256,0.00020393729209899902,0.13438212871551514
60,61|62,routing_persistent_hotspot_cluster1,43,validation,remaining,2,specimen_transfer:-1x0.05,-1641077.0763137937,-0.0002473592758178711,-0.18317151069641113
60,61|62,routing_persistent_hotspot_cluster1,43,validation,remaining,3,specimen_transfer:+1x0.1,345486.4370624423,0.0002983510494232178,0.239160418510437
60,61|62,routing_persistent_hotspot_cluster1,43,validation,remaining,4,specimen_transfer:-1x0.1,-2962267.9243795276,-0.00034177303314208984,-0.47243499755859375
60,61|62,routing_persistent_hotspot_cluster1,44,validation,remaining,0,mdl2,0.0,0.0,0.0
60,61|62,routing_persistent_hotspot_cluster1,44,validation,remaining,1,specimen_transfer:+1x0.05,-1085490.8475171328,0.00015273690223693848,0.06915926933288574
60,61|62,routing_persistent_hotspot_cluster1,44,validation,remaining,2,specimen_transfer:-1x0.05,-3464566.485415101,-0.0003059208393096924,-0.07365632057189941
60,61|62,routing_persistent_hotspot_cluster1,44,validation,remaining,3,specimen_transfer:+1x0.1,-1467641.3300440311,0.0004722476005554199,0.13240587711334229
60,61|62,routing_persistent_hotspot_cluster1,44,validation,remaining,4,specimen_transfer:-1x0.1,-3588052.59164083,-0.0006024539470672607,-0.17751896381378174
60,61|62,routing_persistent_hotspot_cluster1,45,validation,remaining,0,mdl2,0.0,0.0,0.0
60,61|62,routing_persistent_hotspot_cluster1,45,validation,remaining,1,specimen_transfer:+1x0.05,-939047.8190584183,2.8431415557861328e-05,0.06095254421234131
60,61|62,routing_persistent_hotspot_cluster1,45,validation,remaining,2,specimen_transfer:-1x0.05,-1091744.3059042692,-0.00020232796669006348,-0.06616079807281494
60,61|62,routing_persistent_hotspot_cluster1,45,validation,remaining,3,specimen_transfer:+1x0.1,-1000560.0841919184,-1.1920928955078125e-07,0.12170577049255371
60,61|62,routing_persistent_hotspot_cluster1,45,validation,remaining,4,specimen_transfer:-1x0.1,-1664047.3230438232,-0.00017380714416503906,-0.1353381872177124
60,61|62,routing_persistent_hotspot_cluster1,46,validation,remaining,0,mdl2,0.0,0.0,0.0
60,61|62,routing_persistent_hotspot_cluster1,46,validation,remaining,1,specimen_transfer:+1x0.05,-411955.1942380667,0.00011593103408813477,0.08286309242248535
60,61|62,routing_persistent_hotspot_cluster1,46,validation,remaining,2,specimen_transfer:-1x0.05,-1629156.017751336,-0.00015622377395629883,-0.09698152542114258
60,61|62,routing_persistent_hotspot_cluster1,46,validation,remaining,3,specimen_transfer:+1x0.1,-401881.6185964346,0.0005333423614501953,0.1540682315826416
60,61|62,routing_persistent_hotspot_cluster1,46,validation,remaining,4,specimen_transfer:-1x0.1,-2277232.4962239265,-0.0005736649036407471,-0.2421894073486328
60,61|62,routing_persistent_hotspot_cluster1,47,validation,remaining,0,mdl2,0.0,0.0,0.0
60,61|62,routing_persistent_hotspot_cluster1,47,validation,remaining,1,specimen_transfer:+1x0.05,-1422238.8160482347,0.0001360177993774414,0.06789445877075195
60,61|62,routing_persistent_hotspot_cluster1,47,validation,remaining,2,specimen_transfer:-1x0.05,-2015972.889886707,-0.0002891421318054199,-0.0713644027709961
60,61|62,routing_persistent_hotspot_cluster1,47,validation,remaining,3,specimen_transfer:+1x0.1,-1427231.9832006395,0.00038823485374450684,0.13706398010253906
60,61|62,routing_persistent_hotspot_cluster1,47,validation,remaining,4,specimen_transfer:-1x0.1,-3236479.9648057222,-0.0004004240036010742,-0.1712658405303955
60,61|62,routing_persistent_hotspot_cluster1,48,validation,remaining,0,mdl2,0.0,0.0,0.0
60,61|62,routing_persistent_hotspot_cluster1,48,validation,remaining,1,specimen_transfer:+1x0.05,-350218.75836089253,0.0004614591598510742,0.06990993022918701
60,61|62,routing_persistent_hotspot_cluster1,48,validation,remaining,2,specimen_transfer:-1x0.05,-229020.74539756775,-0.0004993677139282227,-0.09779989719390869
60,61|62,routing_persistent_hotspot_cluster1,48,validation,remaining,3,specimen_transfer:+1x0.1,360183.366176039,0.0008188188076019287,0.13344478607177734
60,61|62,routing_persistent_hotspot_cluster1,48,validation,remaining,4,specimen_transfer:-1x0.1,-1037678.8467150927,-0.0008702278137207031,-0.20958852767944336
60,61|62,routing_persistent_hotspot_cluster1,49,validation,remaining,0,mdl2,0.0,0.0,0.0
60,61|62,routing_persistent_hotspot_cluster1,49,validation,remaining,1,specimen_transfer:+1x0.05,-209107.58617034554,0.00045737624168395996,0.4262094497680664
60,61|62,routing_persistent_hotspot_cluster1,49,validation,remaining,2,specimen_transfer:-1x0.05,-286773.6559240222,-0.000750124454498291,-0.45684123039245605
60,61|62,routing_persistent_hotspot_cluster1,49,validation,remaining,3,specimen_transfer:+1x0.1,222528.17431756854,0.0011651217937469482,0.8489293456077576
60,61|62,routing_persistent_hotspot_cluster1,49,validation,remaining,4,specimen_transfer:-1x0.1,-644999.7482203543,-0.0014064610004425049,-0.8857946395874023
60,61|62,routing_persistent_hotspot_cluster1,50,validation,remaining,0,mdl2,0.0,0.0,0.0
60,61|62,routing_persistent_hotspot_cluster1,50,validation,remaining,1,specimen_transfer:+1x0.05,-405867.73043751717,0.0004214048385620117,0.3679037094116211
60,61|62,routing_persistent_hotspot_cluster1,50,validation,remaining,2,specimen_transfer:-1x0.05,-621323.7883322835,-0.0007280707359313965,-0.3777644634246826
60,61|62,routing_persistent_hotspot_cluster1,50,validation,remaining,3,specimen_transfer:+1x0.1,-50256.70204424858,0.0005542635917663574,0.7123374938964844
60,61|62,routing_persistent_hotspot_cluster1,50,validation,remaining,4,specimen_transfer:-1x0.1,-971348.0128268749,-0.0008610188961029053,-0.7372555732727051
60,61|62,routing_persistent_hotspot_cluster1,51,validation,remaining,0,mdl2,0.0,0.0,0.0
60,61|62,routing_persistent_hotspot_cluster1,51,validation,remaining,1,specimen_transfer:+1x0.05,-148029.72532664984,2.0056962966918945e-05,0.27277040481567383
60,61|62,routing_persistent_hotspot_cluster1,51,validation,remaining,2,specimen_transfer:-1x0.05,-197365.88553724438,-0.00026926398277282715,-0.27257800102233887
60,61|62,routing_persistent_hotspot_cluster1,51,validation,remaining,3,specimen_transfer:+1x0.1,-98409.39350898564,0.0001958608627319336,0.5319099426269531
60,61|62,routing_persistent_hotspot_cluster1,51,validation,remaining,4,specimen_transfer:-1x0.1,-98409.39350898564,-0.0004905462265014648,-0.5384957790374756
61,60|62,routing_persistent_hotspot_cluster2,0,discovery,remaining,0,mdl2,0.0,0.0,0.0
61,60|62,routing_persistent_hotspot_cluster2,0,discovery,remaining,1,specimen_transfer:+1x0.05,0.0,-0.0006015077233314514,-0.07512474060058594
61,60|62,routing_persistent_hotspot_cluster2,0,discovery,remaining,2,specimen_transfer:-1x0.05,0.0,0.000601448118686676,0.0748739242553711
61,60|62,routing_persistent_hotspot_cluster2,0,discovery,remaining,3,specimen_transfer:+1x0.1,0.0,-0.0012030154466629028,-0.150282621383667
61,60|62,routing_persistent_hotspot_cluster2,0,discovery,remaining,4,specimen_transfer:-1x0.1,0.0,0.0012286007404327393,0.14971160888671875
61,60|62,routing_persistent_hotspot_cluster2,1,discovery,remaining,0,mdl2,0.0,0.0,0.0
61,60|62,routing_persistent_hotspot_cluster2,1,discovery,remaining,1,specimen_transfer:+1x0.05,-29733484.00347185,-0.00021164864301681519,-0.05500364303588867
61,60|62,routing_persistent_hotspot_cluster2,1,discovery,remaining,2,specimen_transfer:-1x0.05,720787.7735366821,0.0001432374119758606,0.0536046028137207
61,60|62,routing_persistent_hotspot_cluster2,1,discovery,remaining,3,specimen_transfer:+1x0.1,-58223895.680662155,-7.73891806602478e-05,-0.10723233222961426
61,60|62,routing_persistent_hotspot_cluster2,1,discovery,remaining,4,specimen_transfer:-1x0.1,85782.99741077423,-0.0001244768500328064,0.10573434829711914
61,60|62,routing_persistent_hotspot_cluster2,2,discovery,remaining,0,mdl2,0.0,0.0,0.0
61,60|62,routing_persistent_hotspot_cluster2,2,discovery,remaining,1,specimen_transfer:+1x0.05,-1945511.8048157692,6.67273998260498e-05,-0.020167112350463867
61,60|62,routing_persistent_hotspot_cluster2,2,discovery,remaining,2,specimen_transfer:-1x0.05,-8018975.568970203,1.2129545211791992e-05,0.010309457778930664
61,60|62,routing_persistent_hotspot_cluster2,2,discovery,remaining,3,specimen_transfer:+1x0.1,-4181415.7315592766,0.00023734569549560547,-0.03429055213928223
61,60|62,routing_persistent_hotspot_cluster2,2,discovery,remaining,4,specimen_transfer:-1x0.1,-8728062.061776638,-0.0003343522548675537,0.017362117767333984
61,60|62,routing_persistent_hotspot_cluster2,3,discovery,remaining,0,mdl2,0.0,0.0,0.0
61,60|62,routing_persistent_hotspot_cluster2,3,discovery,remaining,1,specimen_transfer:+1x0.05,-2541753.8197717667,-0.0009855926036834717,0.13164091110229492
61,60|62,routing_persistent_hotspot_cluster2,3,discovery,remaining,2,specimen_transfer:-1x0.05,-7361383.3946938515,0.0008973181247711182,-0.11456871032714844
61,60|62,routing_persistent_hotspot_cluster2,3,discovery,remaining,3,specimen_transfer:+1x0.1,-2773944.298388481,-0.0012969374656677246,0.2527346611022949
61,60|62,routing_persistent_hotspot_cluster2,3,discovery,remaining,4,specimen_transfer:-1x0.1,-7648941.364144325,0.001093149185180664,-0.23078274726867676
61,60|62,routing_persistent_hotspot_cluster2,4,discovery,remaining,0,mdl2,0.0,0.0,0.0
61,60|62,routing_persistent_hotspot_cluster2,4,discovery,remaining,1,specimen_transfer:+1x0.05,-12589933.121964455,-0.0016061961650848389,0.11427187919616699
61,60|62,routing_persistent_hotspot_cluster2,4,discovery,remaining,2,specimen_transfer:-1x0.05,-7474836.048268795,0.0014878809452056885,-0.10287928581237793
61,60|62,routing_persistent_hotspot_cluster2,4,discovery,remaining,3,specimen_transfer:+1x0.1,-13171941.406944752,-0.002901017665863037,0.23174047470092773
61,60|62,routing_persistent_hotspot_cluster2,4,discovery,remaining,4,specimen_transfer:-1x0.1,-3630808.5258898735,0.002813875675201416,-0.22041654586791992
61,60|62,routing_persistent_hotspot_cluster2,5,discovery,remaining,0,mdl2,0.0,0.0,0.0
61,60|62,routing_persistent_hotspot_cluster2,5,discovery,remaining,1,specimen_transfer:+1x0.05,-3199114.5215773582,-0.0012298822402954102,0.058376312255859375
61,60|62,routing_persistent_hotspot_cluster2,5,discovery,remaining,2,specimen_transfer:-1x0.05,-12622290.190557957,0.0010131001472473145,-0.06080150604248047
61,60|62,routing_persistent_hotspot_cluster2,5,discovery,remaining,3,specimen_transfer:+1x0.1,-2877221.0480265617,-0.002453833818435669,0.12725543975830078
61,60|62,routing_persistent_hotspot_cluster2,5,discovery,remaining,4,specimen_transfer:-1x0.1,-10575659.173099041,0.0022901296615600586,-0.12974834442138672
61,60|62,routing_persistent_hotspot_cluster2,6,discovery,remaining,0,mdl2,0.0,0.0,0.0
61,60|62,routing_persistent_hotspot_cluster2,6,discovery,remaining,1,specimen_transfer:+1x0.05,-2578235.993071556,-0.001170516014099121,0.05943870544433594
61,60|62,routing_persistent_hotspot_cluster2,6,discovery,remaining,2,specimen_transfer:-1x0.05,2981344.435716629,0.0010787248611450195,-0.043440818786621094
61,60|62,routing_persistent_hotspot_cluster2,6,discovery,remaining,3,specimen_transfer:+1x0.1,-2197741.0312156677,-0.001839756965637207,0.09241056442260742
61,60|62,routing_persistent_hotspot_cluster2,6,discovery,remaining,4,specimen_transfer:-1x0.1,-5239956.556838036,0.001755833625793457,-0.07822513580322266
61,60|62,routing_persistent_hotspot_cluster2,7,discovery,remaining,0,mdl2,0.0,0.0,0.0
61,60|62,routing_persistent_hotspot_cluster2,7,discovery,remaining,1,specimen_transfer:+1x0.05,-7222453.9824543,-0.0012373924255371094,0.05496788024902344
61,60|62,routing_persistent_hotspot_cluster2,7,discovery,remaining,2,specimen_transfer:-1x0.05,-4891129.3150548935,0.0012036561965942383,-0.04561471939086914
61,60|62,routing_persistent_hotspot_cluster2,7,discovery,remaining,3,specimen_transfer:+1x0.1,-8864504.572836876,-0.0027604103088378906,0.07920551300048828
61,60|62,routing_persistent_hotspot_cluster2,7,discovery,remaining,4,specimen_transfer:-1x0.1,-15748266.929028511,0.00271451473236084,-0.06383705139160156
61,60|62,routing_persistent_hotspot_cluster2,8,discovery,remaining,0,mdl2,0.0,0.0,0.0
61,60|62,routing_persistent_hotspot_cluster2,8,discovery,remaining,1,specimen_transfer:+1x0.05,-2513446.843620777,-0.001148819923400879,-0.0072269439697265625
61,60|62,routing_persistent_hotspot_cluster2,8,discovery,remaining,2,specimen_transfer:-1x0.05,-6096799.699081421,0.0009254217147827148,0.016000747680664062
61,60|62,routing_persistent_hotspot_cluster2,8,discovery,remaining,3,specimen_transfer:+1x0.1,-3414564.013616085,-0.0014986991882324219,0.020053863525390625
61,60|62,routing_persistent_hotspot_cluster2,8,discovery,remaining,4,specimen_transfer:-1x0.1,-8214237.413121223,0.0015175342559814453,-0.01226806640625
61,60|62,routing_persistent_hotspot_cluster2,9,discovery,remaining,0,mdl2,0.0,0.0,0.0
61,60|62,routing_persistent_hotspot_cluster2,9,discovery,remaining,1,specimen_transfer:+1x0.05,4155227.6094322205,-0.0007467865943908691,0.02137279510498047
61,60|62,routing_persistent_hotspot_cluster2,9,discovery,remaining,2,specimen_transfer:-1x0.05,-5119828.176007271,0.0005005598068237305,-0.012085914611816406
61,60|62,routing_persistent_hotspot_cluster2,9,discovery,remaining,3,specimen_transfer:+1x0.1,3902233.669382572,-0.001445472240447998,0.031238555908203125
61,60|62,routing_persistent_hotspot_cluster2,9,discovery,remaining,4,specimen_transfer:-1x0.1,-26779538.36231613,0.001199185848236084,-0.01719188690185547
61,60|62,routing_persistent_hotspot_cluster2,10,discovery,remaining,0,mdl2,0.0,0.0,0.0
61,60|62,routing_persistent_hotspot_cluster2,10,discovery,remaining,1,specimen_transfer:+1x0.05,1911571.6932988167,-0.000735938549041748,0.009950637817382812
61,60|62,routing_persistent_hotspot_cluster2,10,discovery,remaining,2,specimen_transfer:-1x0.05,1043818.1590075493,0.0005733966827392578,-0.0013256072998046875
61,60|62,routing_persistent_hotspot_cluster2,10,discovery,remaining,3,specimen_transfer:+1x0.1,339856.07717370987,-0.0010509490966796875,0.0021562576293945312
61,60|62,routing_persistent_hotspot_cluster2,10,discovery,remaining,4,specimen_transfer:-1x0.1,-1450679.1963238716,0.0010191798210144043,0.0064678192138671875
61,60|62,routing_persistent_hotspot_cluster2,11,discovery,remaining,0,mdl2,0.0,0.0,0.0
61,60|62,routing_persistent_hotspot_cluster2,11,discovery,remaining,1,specimen_transfer:+1x0.05,192598.74545526505,-0.000714421272277832,0.0029582977294921875
61,60|62,routing_persistent_hotspot_cluster2,11,discovery,remaining,2,specimen_transfer:-1x0.05,212988.10617542267,0.0005209445953369141,-0.0032367706298828125
61,60|62,routing_persistent_hotspot_cluster2,11,discovery,remaining,3,specimen_transfer:+1x0.1,-2921235.1356449127,-0.000840306282043457,0.0054912567138671875
61,60|62,routing_persistent_hotspot_cluster2,11,discovery,remaining,4,specimen_transfer:-1x0.1,-6902603.652155399,0.000651240348815918,-0.0023851394653320312
61,60|62,routing_persistent_hotspot_cluster2,12,discovery,remaining,0,mdl2,0.0,0.0,0.0
61,60|62,routing_persistent_hotspot_cluster2,12,discovery,remaining,1,specimen_transfer:+1x0.05,-1282750.6024241447,-0.00036263465881347656,0.02532672882080078
61,60|62,routing_persistent_hotspot_cluster2,12,discovery,remaining,2,specimen_transfer:-1x0.05,102772.3449101448,0.00012308359146118164,-0.022057533264160156
61,60|62,routing_persistent_hotspot_cluster2,12,discovery,remaining,3,specimen_transfer:+1x0.1,-1311992.3808102608,-0.0005542635917663574,0.05747509002685547
61,60|62,routing_persistent_hotspot_cluster2,12,discovery,remaining,4,specimen_transfer:-1x0.1,1837794.9927334785,0.0003147721290588379,-0.04342079162597656
61,60|62,routing_persistent_hotspot_cluster2,13,discovery,remaining,0,mdl2,0.0,0.0,0.0
61,60|62,routing_persistent_hotspot_cluster2,13,discovery,remaining,1,specimen_transfer:+1x0.05,319551.98070955276,-0.0005537271499633789,0.028787612915039062
61,60|62,routing_persistent_hotspot_cluster2,13,discovery,remaining,2,specimen_transfer:-1x0.05,-13778607.01983118,0.00031679868698120117,-0.03130817413330078
61,60|62,routing_persistent_hotspot_cluster2,13,discovery,remaining,3,specimen_transfer:+1x0.1,-3802742.22791481,-0.0011924505233764648,0.045093536376953125
61,60|62,routing_persistent_hotspot_cluster2,13,discovery,remaining,4,specimen_transfer:-1x0.1,-23706612.316803455,0.0010927319526672363,-0.04761219024658203
61,60|62,routing_persistent_hotspot_cluster2,14,discovery,remaining,0,mdl2,0.0,0.0,0.0
61,60|62,routing_persistent_hotspot_cluster2,14,discovery,remaining,1,specimen_transfer:+1x0.05,-949868.7888889313,-0.0003903508186340332,0.017053604125976562
61,60|62,routing_persistent_hotspot_cluster2,14,discovery,remaining,2,specimen_transfer:-1x0.05,-7116547.264552116,0.00015085935592651367,-0.01957225799560547
61,60|62,routing_persistent_hotspot_cluster2,14,discovery,remaining,3,specimen_transfer:+1x0.1,-91138.28777647018,-0.0003205537796020508,0.048270225524902344
61,60|62,routing_persistent_hotspot_cluster2,14,discovery,remaining,4,specimen_transfer:-1x0.1,-6475026.895368099,7.56978988647461e-05,-0.047066688537597656
61,60|62,routing_persistent_hotspot_cluster2,15,discovery,remaining,0,mdl2,0.0,0.0,0.0
61,60|62,routing_persistent_hotspot_cluster2,15,discovery,remaining,1,specimen_transfer:+1x0.05,1848380.892840147,9.775161743164062e-05,0.03352832794189453
61,60|62,routing_persistent_hotspot_cluster2,15,discovery,remaining,2,specimen_transfer:-1x0.05,3492106.6326949596,-0.0001455545425415039,-0.03614044189453125
61,60|62,routing_persistent_hotspot_cluster2,15,discovery,remaining,3,specimen_transfer:+1x0.1,3890738.63193202,0.0002995729446411133,0.09998703002929688
61,60|62,routing_persistent_hotspot_cluster2,15,discovery,remaining,4,specimen_transfer:-1x0.1,-9965104.816968203,-0.00020450353622436523,-0.1026010513305664
61,60|62,routing_persistent_hotspot_cluster2,16,discovery,remaining,0,mdl2,0.0,0.0,0.0
61,60|62,routing_persistent_hotspot_cluster2,16,discovery,remaining,1,specimen_transfer:+1x0.05,-7403145.310533524,7.987022399902344e-05,0.05372810363769531
61,60|62,routing_persistent_hotspot_cluster2,16,discovery,remaining,2,specimen_transfer:-1x0.05,-12183598.946182251,-3.24249267578125e-05,-0.051140785217285156
61,60|62,routing_persistent_hotspot_cluster2,16,discovery,remaining,3,specimen_transfer:+1x0.1,-9455093.519670486,-0.00018614530563354492,0.06483078002929688
61,60|62,routing_persistent_hotspot_cluster2,16,discovery,remaining,4,specimen_transfer:-1x0.1,-44849117.01983738,0.0003361701965332031,-0.06326007843017578
61,60|62,routing_persistent_hotspot_cluster2,17,discovery,remaining,0,mdl2,0.0,0.0,0.0
61,60|62,routing_persistent_hotspot_cluster2,17,discovery,remaining,1,specimen_transfer:+1x0.05,711353.7178637981,0.00010216236114501953,0.021691322326660156
61,60|62,routing_persistent_hotspot_cluster2,17,discovery,remaining,2,specimen_transfer:-1x0.05,787150.9265344143,-0.00010198354721069336,-0.007335662841796875
61,60|62,routing_persistent_hotspot_cluster2,17,discovery,remaining,3,specimen_transfer:+1x0.1,-372661.47248482704,0.000768125057220459,0.04837322235107422
61,60|62,routing_persistent_hotspot_cluster2,17,discovery,remaining,4,specimen_transfer:-1x0.1,365639.0603406429,-0.0007680058479309082,1.71661376953125e-05
61,60|62,routing_persistent_hotspot_cluster2,18,discovery,remaining,0,mdl2,0.0,0.0,0.0
61,60|62,routing_persistent_hotspot_cluster2,18,discovery,remaining,1,specimen_transfer:+1x0.05,-2187480.108305931,1.806020736694336e-05,0.043949127197265625
61,60|62,routing_persistent_hotspot_cluster2,18,discovery,remaining,2,specimen_transfer:-1x0.05,1797474.6214118004,-1.800060272216797e-05,-0.04395103454589844
61,60|62,routing_persistent_hotspot_cluster2,18,discovery,remaining,3,specimen_transfer:+1x0.1,-5487120.9754862785,0.0002859830856323242,0.07555484771728516
61,60|62,routing_persistent_hotspot_cluster2,18,discovery,remaining,4,specimen_transfer:-1x0.1,-318884.9725179672,-0.0002862215042114258,-0.0761566162109375
61,60|62,routing_persistent_hotspot_cluster2,19,discovery,remaining,0,mdl2,0.0,0.0,0.0
61,60|62,routing_persistent_hotspot_cluster2,19,discovery,remaining,1,specimen_transfer:+1x0.05,-2643305.0343461037,-0.00017017126083374023,0.016676902770996094
61,60|62,routing_persistent_hotspot_cluster2,19,discovery,remaining,2,specimen_transfer:-1x0.05,1758749.749944687,0.00017136335372924805,-0.01667499542236328
61,60|62,routing_persistent_hotspot_cluster2,19,discovery,remaining,3,specimen_transfer:+1x0.1,-2808543.218793869,-0.0003008246421813965,0.057689666748046875
61,60|62,routing_persistent_hotspot_cluster2,19,discovery,remaining,4,specimen_transfer:-1x0.1,-840020.2116250992,0.00032085180282592773,-0.05768871307373047
61,60|62,routing_persistent_hotspot_cluster2,20,discovery,remaining,0,mdl2,0.0,0.0,0.0
61,60|62,routing_persistent_hotspot_cluster2,20,discovery,remaining,1,specimen_transfer:+1x0.05,4081618.968547344,-0.0001780986785888672,0.02424907684326172
61,60|62,routing_persistent_hotspot_cluster2,20,discovery,remaining,2,specimen_transfer:-1x0.05,2610389.311141968,0.00017815828323364258,-0.02425098419189453
61,60|62,routing_persistent_hotspot_cluster2,20,discovery,remaining,3,specimen_transfer:+1x0.1,-1890342.5684211254,-0.0002518296241760254,0.03665733337402344
61,60|62,routing_persistent_hotspot_cluster2,20,discovery,remaining,4,specimen_transfer:-1x0.1,2503429.0113720894,0.00019365549087524414,-0.036658287048339844
61,60|62,routing_persistent_hotspot_cluster2,21,discovery,remaining,0,mdl2,0.0,0.0,0.0
61,60|62,routing_persistent_hotspot_cluster2,21,discovery,remaining,1,specimen_transfer:+1x0.05,297575.3527619839,-6.92605972290039e-05,0.028151512145996094
61,60|62,routing_persistent_hotspot_cluster2,21,discovery,remaining,2,specimen_transfer:-1x0.05,-888894.6304254532,6.937980651855469e-05,-0.028150081634521484
61,60|62,routing_persistent_hotspot_cluster2,21,discovery,remaining,3,specimen_transfer:+1x0.1,1170038.5565137863,0.0004221200942993164,0.02594470977783203
61,60|62,routing_persistent_hotspot_cluster2,21,discovery,remaining,4,specimen_transfer:-1x0.1,-1714463.2992219925,-0.000422060489654541,-0.02594470977783203
61,60|62,routing_persistent_hotspot_cluster2,22,discovery,remaining,0,mdl2,0.0,0.0,0.0
61,60|62,routing_persistent_hotspot_cluster2,22,discovery,remaining,1,specimen_transfer:+1x0.05,-772578.2424488068,-0.00028127431869506836,0.05976605415344238
61,60|62,routing_persistent_hotspot_cluster2,22,discovery,remaining,2,specimen_transfer:-1x0.05,-809870.375377655,0.0002811551094055176,-0.05976569652557373
61,60|62,routing_persistent_hotspot_cluster2,22,discovery,remaining,3,specimen_transfer:+1x0.1,-895295.1611115932,-0.0004989504814147949,0.10634374618530273
61,60|62,routing_persistent_hotspot_cluster2,22,discovery,remaining,4,specimen_transfer:-1x0.1,-1595084.8747565746,0.0004988908767700195,-0.10634469985961914
61,60|62,routing_persistent_hotspot_cluster2,23,discovery,remaining,0,mdl2,0.0,0.0,0.0
61,60|62,routing_persistent_hotspot_cluster2,23,discovery,remaining,1,specimen_transfer:+1x0.05,-6499360.080487013,0.0001665949821472168,0.05852484703063965
61,60|62,routing_persistent_hotspot_cluster2,23,discovery,remaining,2,specimen_transfer:-1x0.05,32354.46247267723,-0.0001665353775024414,-0.05329728126525879
61,60|62,routing_persistent_hotspot_cluster2,23,discovery,remaining,3,specimen_transfer:+1x0.1,-7225795.806951761,0.00026035308837890625,0.13176250457763672
61,60|62,routing_persistent_hotspot_cluster2,23,discovery,remaining,4,specimen_transfer:-1x0.1,-737614.191940546,-0.00026029348373413086,-0.11794757843017578
61,60|62,routing_persistent_hotspot_cluster2,24,discovery,remaining,0,mdl2,0.0,0.0,0.0
61,60|62,routing_persistent_hotspot_cluster2,24,discovery,remaining,1,specimen_transfer:+1x0.05,1391757.135692358,-0.0002860426902770996,0.08046102523803711
61,60|62,routing_persistent_hotspot_cluster2,24,discovery,remaining,2,specimen_transfer:-1x0.05,947975.5469427109,0.00028586387634277344,-0.07974505424499512
61,60|62,routing_persistent_hotspot_cluster2,24,discovery,remaining,3,specimen_transfer:+1x0.1,2584244.909412384,0.00030165910720825195,0.14311575889587402
61,60|62,routing_persistent_hotspot_cluster2,24,discovery,remaining,4,specimen_transfer:-1x0.1,4085317.224579096,-0.00030177831649780273,-0.14139485359191895
61,60|62,routing_persistent_hotspot_cluster2,25,discovery,remaining,0,mdl2,0.0,0.0,0.0
61,60|62,routing_persistent_hotspot_cluster2,25,discovery,remaining,1,specimen_transfer:+1x0.05,1853777.4241838455,0.00011944770812988281,0.15320134162902832
61,60|62,routing_persistent_hotspot_cluster2,25,discovery,remaining,2,specimen_transfer:-1x0.05,1895780.04488945,-0.00013250112533569336,-0.1357896327972412
61,60|62,routing_persistent_hotspot_cluster2,25,discovery,remaining,3,specimen_transfer:+1x0.1,2437146.844599724,-0.00045484304428100586,0.27123355865478516
61,60|62,routing_persistent_hotspot_cluster2,25,discovery,remaining,4,specimen_transfer:-1x0.1,1816138.7746925354,0.000490725040435791,-0.25325512886047363
61,60|62,routing_persistent_hotspot_cluster2,26,discovery,remaining,0,mdl2,0.0,0.0,0.0
61,60|62,routing_persistent_hotspot_cluster2,26,discovery,remaining,1,specimen_transfer:+1x0.05,613583.8128454685,0.00031238794326782227,0.10943222045898438
61,60|62,routing_persistent_hotspot_cluster2,26,discovery,remaining,2,specimen_transfer:-1x0.05,-2996567.331188202,-0.0002855062484741211,-0.10853004455566406
61,60|62,routing_persistent_hotspot_cluster2,26,discovery,remaining,3,specimen_transfer:+1x0.1,1594287.356479168,0.0007850527763366699,0.21157598495483398
61,60|62,routing_persistent_hotspot_cluster2,26,discovery,remaining,4,specimen_transfer:-1x0.1,-3932959.864842415,-0.0007385611534118652,-0.2110133171081543
61,60|62,routing_persistent_hotspot_cluster2,27,discovery,remaining,0,mdl2,0.0,0.0,0.0
61,60|62,routing_persistent_hotspot_cluster2,27,discovery,remaining,1,specimen_transfer:+1x0.05,2181835.022741556,-0.00047075748443603516,0.10492515563964844
61,60|62,routing_persistent_hotspot_cluster2,27,discovery,remaining,2,specimen_transfer:-1x0.05,-250494.04342389107,0.00047075748443603516,-0.10462093353271484
61,60|62,routing_persistent_hotspot_cluster2,27,discovery,remaining,3,specimen_transfer:+1x0.1,499192.6536562443,-0.0003337860107421875,0.24275875091552734
61,60|62,routing_persistent_hotspot_cluster2,27,discovery,remaining,4,specimen_transfer:-1x0.1,-816778.0954859257,0.00033158063888549805,-0.2312021255493164
61,60|62,routing_persistent_hotspot_cluster2,28,discovery,remaining,0,mdl2,0.0,0.0,0.0
61,60|62,routing_persistent_hotspot_cluster2,28,discovery,remaining,1,specimen_transfer:+1x0.05,1993412.325577259,0.0004330873489379883,0.14334344863891602
61,60|62,routing_persistent_hotspot_cluster2,28,discovery,remaining,2,specimen_transfer:-1x0.05,-1475365.9147527218,-0.0004302859306335449,-0.14219021797180176
61,60|62,routing_persistent_hotspot_cluster2,28,discovery,remaining,3,specimen_transfer:+1x0.1,5135889.955275774,0.0005154013633728027,0.29733848571777344
61,60|62,routing_persistent_hotspot_cluster2,28,discovery,remaining,4,specimen_transfer:-1x0.1,-2690804.774535179,-0.0005246996879577637,-0.2922370433807373
61,60|62,routing_persistent_hotspot_cluster2,29,discovery,remaining,0,mdl2,0.0,0.0,0.0
61,60|62,routing_persistent_hotspot_cluster2,29,discovery,remaining,1,specimen_transfer:+1x0.05,2353230.0908999443,0.0010166764259338379,0.14436054229736328
61,60|62,routing_persistent_hotspot_cluster2,29,discovery,remaining,2,specimen_transfer:-1x0.05,-3508840.281256914,-0.0009291768074035645,-0.13293719291687012
61,60|62,routing_persistent_hotspot_cluster2,29,discovery,remaining,3,specimen_transfer:+1x0.1,3357376.032796383,0.0017009973526000977,0.2985873222351074
61,60|62,routing_persistent_hotspot_cluster2,29,discovery,remaining,4,specimen_transfer:-1x0.1,-6038783.689501762,-0.0015420913696289062,-0.26663637161254883
61,60|62,routing_persistent_hotspot_cluster2,30,discovery,remaining,0,mdl2,0.0,0.0,0.0
61,60|62,routing_persistent_hotspot_cluster2,30,discovery,remaining,1,specimen_transfer:+1x0.05,1499470.3760976791,0.0014172792434692383,0.15849542617797852
61,60|62,routing_persistent_hotspot_cluster2,30,discovery,remaining,2,specimen_transfer:-1x0.05,1139469.1451134682,-0.0013930797576904297,-0.1584944725036621
61,60|62,routing_persistent_hotspot_cluster2,30,discovery,remaining,3,specimen_transfer:+1x0.1,1525690.2173428535,0.002889573574066162,0.28807544708251953
61,60|62,routing_persistent_hotspot_cluster2,30,discovery,remaining,4,specimen_transfer:-1x0.1,-85971.56080722809,-0.0028023719787597656,-0.28807497024536133
61,60|62,routing_persistent_hotspot_cluster2,31,discovery,remaining,0,mdl2,0.0,0.0,0.0
61,60|62,routing_persistent_hotspot_cluster2,31,discovery,remaining,1,specimen_transfer:+1x0.05,-2198471.973641634,0.00110626220703125,0.1131439208984375
61,60|62,routing_persistent_hotspot_cluster2,31,discovery,remaining,2,specimen_transfer:-1x0.05,-1568066.2974963188,-0.0010605454444885254,-0.1131429672241211
61,60|62,routing_persistent_hotspot_cluster2,31,discovery,remaining,3,specimen_transfer:+1x0.1,649425.66375494,0.0015166997909545898,0.20940589904785156
61,60|62,routing_persistent_hotspot_cluster2,31,discovery,remaining,4,specimen_transfer:-1x0.1,871328.0168013573,-0.0014380216598510742,-0.20940589904785156
61,60|62,routing_persistent_hotspot_cluster2,32,discovery,remaining,0,mdl2,0.0,0.0,0.0
61,60|62,routing_persistent_hotspot_cluster2,32,discovery,remaining,1,specimen_transfer:+1x0.05,-168412.7202422619,0.0015770196914672852,0.10959386825561523
61,60|62,routing_persistent_hotspot_cluster2,32,discovery,remaining,2,specimen_transfer:-1x0.05,-1584922.019028902,-0.0015728473663330078,-0.10686826705932617
61,60|62,routing_persistent_hotspot_cluster2,32,discovery,remaining,3,specimen_transfer:+1x0.1,119893.23554348946,0.003269016742706299,0.23551678657531738
61,60|62,routing_persistent_hotspot_cluster2,32,discovery,remaining,4,specimen_transfer:-1x0.1,-1470849.9961788654,-0.0032192468643188477,-0.2277839183807373
61,60|62,routing_persistent_hotspot_cluster2,33,discovery,remaining,0,mdl2,0.0,0.0,0.0
61,60|62,routing_persistent_hotspot_cluster2,33,discovery,remaining,1,specimen_transfer:+1x0.05,2241525.6861875057,0.0011549592018127441,0.13466668128967285
61,60|62,routing_persistent_hotspot_cluster2,33,discovery,remaining,2,specimen_transfer:-1x0.05,-690346.2327195406,-0.0012227296829223633,-0.13930702209472656
61,60|62,routing_persistent_hotspot_cluster2,33,discovery,remaining,3,specimen_transfer:+1x0.1,3891880.8154677153,0.00207364559173584,0.2915818691253662
61,60|62,routing_persistent_hotspot_cluster2,33,discovery,remaining,4,specimen_transfer:-1x0.1,-2120787.6673784256,-0.0019778013229370117,-0.2911720275878906
61,60|62,routing_persistent_hotspot_cluster2,34,discovery,remaining,0,mdl2,0.0,0.0,0.0
61,60|62,routing_persistent_hotspot_cluster2,34,discovery,remaining,1,specimen_transfer:+1x0.05,607926.0196819305,0.0008182525634765625,0.1717240810394287
61,60|62,routing_persistent_hotspot_cluster2,34,discovery,remaining,2,specimen_transfer:-1x0.05,-1076605.7945502996,-0.0008438825607299805,-0.16327977180480957
61,60|62,routing_persistent_hotspot_cluster2,34,discovery,remaining,3,specimen_transfer:+1x0.1,4816266.735839367,0.0015194416046142578,0.3112494945526123
61,60|62,routing_persistent_hotspot_cluster2,34,discovery,remaining,4,specimen_transfer:-1x0.1,-6529751.906670451,-0.0016605854034423828,-0.28744959831237793
61,60|62,routing_persistent_hotspot_cluster2,35,discovery,remaining,0,mdl2,0.0,0.0,0.0
61,60|62,routing_persistent_hotspot_cluster2,35,discovery,remaining,1,specimen_transfer:+1x0.05,957608.204202652,0.001003265380859375,0.1896829605102539
61,60|62,routing_persistent_hotspot_cluster2,35,discovery,remaining,2,specimen_transfer:-1x0.05,-5898636.398163199,-0.0009887218475341797,-0.1830282211303711
61,60|62,routing_persistent_hotspot_cluster2,35,discovery,remaining,3,specimen_transfer:+1x0.1,1607335.3596373796,0.001898050308227539,0.36916685104370117
61,60|62,routing_persistent_hotspot_cluster2,35,discovery,remaining,4,specimen_transfer:-1x0.1,-5622986.404370904,-0.0018207430839538574,-0.332125186920166
61,60|62,routing_persistent_hotspot_cluster2,36,discovery,remaining,0,mdl2,0.0,0.0,0.0
61,60|62,routing_persistent_hotspot_cluster2,36,discovery,remaining,1,specimen_transfer:+1x0.05,1176534.429409504,0.00020056962966918945,0.229705810546875
61,60|62,routing_persistent_hotspot_cluster2,36,discovery,remaining,2,specimen_transfer:-1x0.05,-4467820.506410718,-0.00017642974853515625,-0.20669126510620117
61,60|62,routing_persistent_hotspot_cluster2,36,discovery,remaining,3,specimen_transfer:+1x0.1,1182031.4927541018,0.00017195940017700195,0.49366211891174316
61,60|62,routing_persistent_hotspot_cluster2,36,discovery,remaining,4,specimen_transfer:-1x0.1,-5544855.992219567,-0.00016742944717407227,-0.41085243225097656
61,60|62,routing_persistent_hotspot_cluster2,37,discovery,remaining,0,mdl2,0.0,0.0,0.0
61,60|62,routing_persistent_hotspot_cluster2,37,discovery,remaining,1,specimen_transfer:+1x0.05,-932875.1031668186,-0.00032079219818115234,0.17545413970947266
61,60|62,routing_persistent_hotspot_cluster2,37,discovery,remaining,2,specimen_transfer:-1x0.05,-4483792.417506576,0.0003120899200439453,-0.15645217895507812
61,60|62,routing_persistent_hotspot_cluster2,37,discovery,remaining,3,specimen_transfer:+1x0.1,1287956.4318926334,-0.0005424022674560547,0.4056124687194824
61,60|62,routing_persistent_hotspot_cluster2,37,discovery,remaining,4,specimen_transfer:-1x0.1,-2802511.214550853,0.00038057565689086914,-0.2950601577758789
61,60|62,routing_persistent_hotspot_cluster2,38,discovery,remaining,0,mdl2,0.0,0.0,0.0
61,60|62,routing_persistent_hotspot_cluster2,38,discovery,remaining,1,specimen_transfer:+1x0.05,2728181.3972654343,-0.00014001131057739258,0.26056385040283203
61,60|62,routing_persistent_hotspot_cluster2,38,discovery,remaining,2,specimen_transfer:-1x0.05,-189754.44525694847,0.00013309717178344727,-0.25295019149780273
61,60|62,routing_persistent_hotspot_cluster2,38,discovery,remaining,3,specimen_transfer:+1x0.1,2151839.1369464397,3.063678741455078e-05,0.5213541984558105
61,60|62,routing_persistent_hotspot_cluster2,38,discovery,remaining,4,specimen_transfer:-1x0.1,199380.04902517796,0.00015532970428466797,-0.45679473876953125
61,60|62,routing_persistent_hotspot_cluster2,39,discovery,remaining,0,mdl2,0.0,0.0,0.0
61,60|62,routing_persistent_hotspot_cluster2,39,discovery,remaining,1,specimen_transfer:+1x0.05,1806500.762787819,0.00048273801803588867,0.20021486282348633
61,60|62,routing_persistent_hotspot_cluster2,39,discovery,remaining,2,specimen_transfer:-1x0.05,-60652.573115348816,-0.0004826784133911133,-0.1943039894104004
61,60|62,routing_persistent_hotspot_cluster2,39,discovery,remaining,3,specimen_transfer:+1x0.1,1294068.2403277159,0.0006868839263916016,0.41513824462890625
61,60|62,routing_persistent_hotspot_cluster2,39,discovery,remaining,4,specimen_transfer:-1x0.1,570379.036962986,-0.0006975531578063965,-0.38309717178344727
61,60|62,routing_persistent_hotspot_cluster2,40,discovery,remaining,0,mdl2,0.0,0.0,0.0
61,60|62,routing_persistent_hotspot_cluster2,40,discovery,remaining,1,specimen_transfer:+1x0.05,690660.9795171022,0.00034862756729125977,0.28592538833618164
61,60|62,routing_persistent_hotspot_cluster2,40,discovery,remaining,2,specimen_transfer:-1x0.05,-1406641.7619429827,-0.00034862756729125977,-0.2361927032470703
61,60|62,routing_persistent_hotspot_cluster2,40,discovery,remaining,3,specimen_transfer:+1x0.1,365633.7417001724,0.0007553398609161377,0.644505500793457
61,60|62,routing_persistent_hotspot_cluster2,40,discovery,remaining,4,specimen_transfer:-1x0.1,-2678144.7256031036,-0.0007892251014709473,-0.45284032821655273
61,60|62,routing_persistent_hotspot_cluster2,41,discovery,remaining,0,mdl2,0.0,0.0,0.0
61,60|62,routing_persistent_hotspot_cluster2,41,discovery,remaining,1,specimen_transfer:+1x0.05,-1061822.0678238869,0.0015041828155517578,0.3110079765319824
61,60|62,routing_persistent_hotspot_cluster2,41,discovery,remaining,2,specimen_transfer:-1x0.05,-1305686.9124977589,-0.0015041530132293701,-0.30022287368774414
61,60|62,routing_persistent_hotspot_cluster2,41,discovery,remaining,3,specimen_transfer:+1x0.1,-574411.5388858318,0.002398848533630371,0.6455004215240479
61,60|62,routing_persistent_hotspot_cluster2,41,discovery,remaining,4,specimen_transfer:-1x0.1,-2304114.4370234013,-0.002398878335952759,-0.6002359390258789
61,60|62,routing_persistent_hotspot_cluster2,42,discovery,remaining,0,mdl2,0.0,0.0,0.0
61,60|62,routing_persistent_hotspot_cluster2,42,discovery,remaining,1,specimen_transfer:+1x0.05,-3578330.38287884,0.0009659826755523682,0.44354772567749023
61,60|62,routing_persistent_hotspot_cluster2,42,discovery,remaining,2,specimen_transfer:-1x0.05,-5442087.744033992,-0.0009660720825195312,-0.3963899612426758
61,60|62,routing_persistent_hotspot_cluster2,42,discovery,remaining,3,specimen_transfer:+1x0.1,-3057467.77415365,0.002528458833694458,0.8795065879821777
61,60|62,routing_persistent_hotspot_cluster2,42,discovery,remaining,4,specimen_transfer:-1x0.1,-6716617.241452932,-0.0025537610054016113,-0.7588086128234863
61,60|62,routing_persistent_hotspot_cluster2,43,discovery,remaining,0,mdl2,0.0,0.0,0.0
61,60|62,routing_persistent_hotspot_cluster2,43,discovery,remaining,1,specimen_transfer:+1x0.05,941196.6461260319,0.0005958080291748047,0.3194146156311035
61,60|62,routing_persistent_hotspot_cluster2,43,discovery,remaining,2,specimen_transfer:-1x0.05,-1240742.6543825269,-0.0005958080291748047,-0.3091702461242676
61,60|62,routing_persistent_hotspot_cluster2,43,discovery,remaining,3,specimen_transfer:+1x0.1,349871.91125023365,0.0011682510375976562,0.6702966690063477
61,60|62,routing_persistent_hotspot_cluster2,43,discovery,remaining,4,specimen_transfer:-1x0.1,-2638679.552383244,-0.0011683106422424316,-0.6507000923156738
61,60|62,routing_persistent_hotspot_cluster2,44,discovery,remaining,0,mdl2,0.0,0.0,0.0
61,60|62,routing_persistent_hotspot_cluster2,44,discovery,remaining,1,specimen_transfer:+1x0.05,-268944.94102710485,0.000981450080871582,0.5633420944213867
61,60|62,routing_persistent_hotspot_cluster2,44,discovery,remaining,2,specimen_transfer:-1x0.05,-3564602.8056511283,-0.0009815394878387451,-0.563101053237915
61,60|62,routing_persistent_hotspot_cluster2,44,discovery,remaining,3,specimen_transfer:+1x0.1,235583.17682796717,0.0020655393600463867,1.0262982845306396
61,60|62,routing_persistent_hotspot_cluster2,44,discovery,remaining,4,specimen_transfer:-1x0.1,-3564602.8056511283,-0.002065509557723999,-1.0911450386047363
61,60|62,routing_persistent_hotspot_cluster2,45,discovery,remaining,0,mdl2,0.0,0.0,0.0
61,60|62,routing_persistent_hotspot_cluster2,45,discovery,remaining,1,specimen_transfer:+1x0.05,-1273587.1705174446,0.00010967254638671875,0.5093879103660583
61,60|62,routing_persistent_hotspot_cluster2,45,discovery,remaining,2,specimen_transfer:-1x0.05,-711440.1919453144,-9.289383888244629e-05,-0.5139703750610352
61,60|62,routing_persistent_hotspot_cluster2,45,discovery,remaining,3,specimen_transfer:+1x0.1,444069.453612566,0.0004546642303466797,0.9964708089828491
61,60|62,routing_persistent_hotspot_cluster2,45,discovery,remaining,4,specimen_transfer:-1x0.1,-2063968.5306075215,-0.0003604292869567871,-1.0594793558120728
61,60|62,routing_persistent_hotspot_cluster2,46,discovery,remaining,0,mdl2,0.0,0.0,0.0
61,60|62,routing_persistent_hotspot_cluster2,46,discovery,remaining,1,specimen_transfer:+1x0.05,17859.23052996397,0.0003134608268737793,0.5169082880020142
61,60|62,routing_persistent_hotspot_cluster2,46,discovery,remaining,2,specimen_transfer:-1x0.05,-1801713.3492630124,-0.0002607107162475586,-0.5116473436355591
61,60|62,routing_persistent_hotspot_cluster2,46,discovery,remaining,3,specimen_transfer:+1x0.1,-728466.3382887244,0.0010576248168945312,1.0332273244857788
61,60|62,routing_persistent_hotspot_cluster2,46,discovery,remaining,4,specimen_transfer:-1x0.1,-1394107.9211758375,-0.0008064806461334229,-1.0293588638305664
61,60|62,routing_persistent_hotspot_cluster2,47,discovery,remaining,0,mdl2,0.0,0.0,0.0
61,60|62,routing_persistent_hotspot_cluster2,47,discovery,remaining,1,specimen_transfer:+1x0.05,479449.99796688557,0.0005203485488891602,0.5534049272537231
61,60|62,routing_persistent_hotspot_cluster2,47,discovery,remaining,2,specimen_transfer:-1x0.05,293351.9921576679,-0.0005203187465667725,-0.5534072518348694
61,60|62,routing_persistent_hotspot_cluster2,47,discovery,remaining,3,specimen_transfer:+1x0.1,276898.30071780086,0.0005340576171875,1.0804840326309204
61,60|62,routing_persistent_hotspot_cluster2,47,discovery,remaining,4,specimen_transfer:-1x0.1,189902.59132668376,-0.0005341172218322754,-1.0760836601257324
61,60|62,routing_persistent_hotspot_cluster2,48,discovery,remaining,0,mdl2,0.0,0.0,0.0
61,60|62,routing_persistent_hotspot_cluster2,48,discovery,remaining,1,specimen_transfer:+1x0.05,1952816.0933369696,-0.0005873739719390869,0.5765014290809631
61,60|62,routing_persistent_hotspot_cluster2,48,discovery,remaining,2,specimen_transfer:-1x0.05,61664.85976600647,0.0005873441696166992,-0.5732994079589844
61,60|62,routing_persistent_hotspot_cluster2,48,discovery,remaining,3,specimen_transfer:+1x0.1,2276073.4145270884,-0.0016322433948516846,1.0729467868804932
61,60|62,routing_persistent_hotspot_cluster2,48,discovery,remaining,4,specimen_transfer:-1x0.1,221507.4859431684,0.0016028881072998047,-1.1727348566055298
61,60|62,routing_persistent_hotspot_cluster2,49,discovery,remaining,0,mdl2,0.0,0.0,0.0
61,60|62,routing_persistent_hotspot_cluster2,49,discovery,remaining,1,specimen_transfer:+1x0.05,543363.9507929087,-0.0009772181510925293,0.6265859007835388
61,60|62,routing_persistent_hotspot_cluster2,49,discovery,remaining,2,specimen_transfer:-1x0.05,-949751.037358433,0.0009776055812835693,-0.6221131682395935
61,60|62,routing_persistent_hotspot_cluster2,49,discovery,remaining,3,specimen_transfer:+1x0.1,-1166407.7126288712,-0.002078413963317871,1.261326789855957
61,60|62,routing_persistent_hotspot_cluster2,49,discovery,remaining,4,specimen_transfer:-1x0.1,-17697.538101047277,0.001999378204345703,-1.274135947227478
61,60|62,routing_persistent_hotspot_cluster2,50,discovery,remaining,0,mdl2,0.0,0.0,0.0
61,60|62,routing_persistent_hotspot_cluster2,50,discovery,remaining,1,specimen_transfer:+1x0.05,-1348040.0591371804,-0.0004101395606994629,0.4926745891571045
61,60|62,routing_persistent_hotspot_cluster2,50,discovery,remaining,2,specimen_transfer:-1x0.05,-198464.99155434966,0.0004101395606994629,-0.5757411122322083
61,60|62,routing_persistent_hotspot_cluster2,50,discovery,remaining,3,specimen_transfer:+1x0.1,-988648.5881149173,-0.00044664740562438965,0.7160471677780151
61,60|62,routing_persistent_hotspot_cluster2,50,discovery,remaining,4,specimen_transfer:-1x0.1,-411451.9942406118,0.00043970346450805664,-1.1711231470108032
61,60|62,routing_persistent_hotspot_cluster2,51,discovery,remaining,0,mdl2,0.0,0.0,0.0
61,60|62,routing_persistent_hotspot_cluster2,51,discovery,remaining,1,specimen_transfer:+1x0.05,247005.93905127048,-0.0006528198719024658,0.17935943603515625
61,60|62,routing_persistent_hotspot_cluster2,51,discovery,remaining,2,specimen_transfer:-1x0.05,297166.0390512645,0.0005754232406616211,-0.24572527408599854
61,60|62,routing_persistent_hotspot_cluster2,51,discovery,remaining,3,specimen_transfer:+1x0.1,42985.46682232618,-0.0016778111457824707,0.36697888374328613
61,60|62,routing_persistent_hotspot_cluster2,51,discovery,remaining,4,specimen_transfer:-1x0.1,693145.5668223053,0.0014950037002563477,-0.880233883857727
61,60|62,routing_persistent_hotspot_cluster2,0,validation,remaining,0,mdl2,0.0,0.0,0.0
61,60|62,routing_persistent_hotspot_cluster2,0,validation,remaining,1,specimen_transfer:+1x0.05,0.0,-0.0006015077233314514,-0.07512474060058594
61,60|62,routing_persistent_hotspot_cluster2,0,validation,remaining,2,specimen_transfer:-1x0.05,0.0,0.000601448118686676,0.0748739242553711
61,60|62,routing_persistent_hotspot_cluster2,0,validation,remaining,3,specimen_transfer:+1x0.1,0.0,-0.0012030154466629028,-0.150282621383667
61,60|62,routing_persistent_hotspot_cluster2,0,validation,remaining,4,specimen_transfer:-1x0.1,0.0,0.0012286007404327393,0.14971160888671875
61,60|62,routing_persistent_hotspot_cluster2,1,validation,remaining,0,mdl2,0.0,0.0,0.0
61,60|62,routing_persistent_hotspot_cluster2,1,validation,remaining,1,specimen_transfer:+1x0.05,-30630038.371026516,-0.00021164864301681519,-0.05500364303588867
61,60|62,routing_persistent_hotspot_cluster2,1,validation,remaining,2,specimen_transfer:-1x0.05,-5569897.462505341,0.0001432374119758606,0.0536046028137207
61,60|62,routing_persistent_hotspot_cluster2,1,validation,remaining,3,specimen_transfer:+1x0.1,-64128391.16654968,-7.73891806602478e-05,-0.10723233222961426
61,60|62,routing_persistent_hotspot_cluster2,1,validation,remaining,4,specimen_transfer:-1x0.1,-8551207.712412357,-0.0001244768500328064,0.10573434829711914
61,60|62,routing_persistent_hotspot_cluster2,2,validation,remaining,0,mdl2,0.0,0.0,0.0
61,60|62,routing_persistent_hotspot_cluster2,2,validation,remaining,1,specimen_transfer:+1x0.05,-6372845.7633833885,6.67273998260498e-05,-0.020167112350463867
61,60|62,routing_persistent_hotspot_cluster2,2,validation,remaining,2,specimen_transfer:-1x0.05,-6596616.550455093,1.2129545211791992e-05,0.010309457778930664
61,60|62,routing_persistent_hotspot_cluster2,2,validation,remaining,3,specimen_transfer:+1x0.1,-3241061.493648529,0.00023734569549560547,-0.03429055213928223
61,60|62,routing_persistent_hotspot_cluster2,2,validation,remaining,4,specimen_transfer:-1x0.1,-4457065.473231316,-0.0003343522548675537,0.017362117767333984
61,60|62,routing_persistent_hotspot_cluster2,3,validation,remaining,0,mdl2,0.0,0.0,0.0
61,60|62,routing_persistent_hotspot_cluster2,3,validation,remaining,1,specimen_transfer:+1x0.05,-886770.3171730042,-0.0009855926036834717,0.13164091110229492
61,60|62,routing_persistent_hotspot_cluster2,3,validation,remaining,2,specimen_transfer:-1x0.05,-3650319.117998123,0.0008973181247711182,-0.11456871032714844
61,60|62,routing_persistent_hotspot_cluster2,3,validation,remaining,3,specimen_transfer:+1x0.1,-1318755.0541648865,-0.0012969374656677246,0.2527346611022949
61,60|62,routing_persistent_hotspot_cluster2,3,validation,remaining,4,specimen_transfer:-1x0.1,-3417577.50665617,0.001093149185180664,-0.23078274726867676
61,60|62,routing_persistent_hotspot_cluster2,4,validation,remaining,0,mdl2,0.0,0.0,0.0
61,60|62,routing_persistent_hotspot_cluster2,4,validation,remaining,1,specimen_transfer:+1x0.05,1879446.9438419342,-0.0016061961650848389,0.11427187919616699
61,60|62,routing_persistent_hotspot_cluster2,4,validation,remaining,2,specimen_transfer:-1x0.05,2329060.9612755775,0.0014878809452056885,-0.10287928581237793
61,60|62,routing_persistent_hotspot_cluster2,4,validation,remaining,3,specimen_transfer:+1x0.1,2941270.54284811,-0.002901017665863037,0.23174047470092773
61,60|62,routing_persistent_hotspot_cluster2,4,validation,remaining,4,specimen_transfer:-1x0.1,-1404923.6413588524,0.002813875675201416,-0.22041654586791992
61,60|62,routing_persistent_hotspot_cluster2,5,validation,remaining,0,mdl2,0.0,0.0,0.0
61,60|62,routing_persistent_hotspot_cluster2,5,validation,remaining,1,specimen_transfer:+1x0.05,8545798.96982336,-0.0012298822402954102,0.058376312255859375
61,60|62,routing_persistent_hotspot_cluster2,5,validation,remaining,2,specimen_transfer:-1x0.05,-1981312.3976855278,0.0010131001472473145,-0.06080150604248047
61,60|62,routing_persistent_hotspot_cluster2,5,validation,remaining,3,specimen_transfer:+1x0.1,7790072.158025265,-0.002453833818435669,0.12725543975830078
61,60|62,routing_persistent_hotspot_cluster2,5,validation,remaining,4,specimen_transfer:-1x0.1,931463.5249648094,0.0022901296615600586,-0.12974834442138672
61,60|62,routing_persistent_hotspot_cluster2,6,validation,remaining,0,mdl2,0.0,0.0,0.0
61,60|62,routing_persistent_hotspot_cluster2,6,validation,remaining,1,specimen_transfer:+1x0.05,-466166.63951969147,-0.001170516014099121,0.05943870544433594
61,60|62,routing_persistent_hotspot_cluster2,6,validation,remaining,2,specimen_transfer:-1x0.05,1002249.7856426239,0.0010787248611450195,-0.043440818786621094
61,60|62,routing_persistent_hotspot_cluster2,6,validation,remaining,3,specimen_transfer:+1x0.1,4925571.816758156,-0.001839756965637207,0.09241056442260742
61,60|62,routing_persistent_hotspot_cluster2,6,validation,remaining,4,specimen_transfer:-1x0.1,-4729506.084360123,0.001755833625793457,-0.07822513580322266
61,60|62,routing_persistent_hotspot_cluster2,7,validation,remaining,0,mdl2,0.0,0.0,0.0
61,60|62,routing_persistent_hotspot_cluster2,7,validation,remaining,1,specimen_transfer:+1x0.05,-5607358.107999802,-0.0012373924255371094,0.05496788024902344
61,60|62,routing_persistent_hotspot_cluster2,7,validation,remaining,2,specimen_transfer:-1x0.05,-4672886.841970444,0.0012036561965942383,-0.04561471939086914
61,60|62,routing_persistent_hotspot_cluster2,7,validation,remaining,3,specimen_transfer:+1x0.1,-6234738.430547237,-0.0027604103088378906,0.07920551300048828
61,60|62,routing_persistent_hotspot_cluster2,7,validation,remaining,4,specimen_transfer:-1x0.1,-9234687.4336586,0.00271451473236084,-0.06383705139160156
61,60|62,routing_persistent_hotspot_cluster2,8,validation,remaining,0,mdl2,0.0,0.0,0.0
61,60|62,routing_persistent_hotspot_cluster2,8,validation,remaining,1,specimen_transfer:+1x0.05,-3828580.9267373085,-0.001148819923400879,-0.0072269439697265625
61,60|62,routing_persistent_hotspot_cluster2,8,validation,remaining,2,specimen_transfer:-1x0.05,1853470.6510343552,0.0009254217147827148,0.016000747680664062
61,60|62,routing_persistent_hotspot_cluster2,8,validation,remaining,3,specimen_transfer:+1x0.1,-2890408.560652733,-0.0014986991882324219,0.020053863525390625
61,60|62,routing_persistent_hotspot_cluster2,8,validation,remaining,4,specimen_transfer:-1x0.1,2183857.1079235077,0.0015175342559814453,-0.01226806640625
61,60|62,routing_persistent_hotspot_cluster2,9,validation,remaining,0,mdl2,0.0,0.0,0.0
61,60|62,routing_persistent_hotspot_cluster2,9,validation,remaining,1,specimen_transfer:+1x0.05,862317.6903510094,-0.0007467865943908691,0.02137279510498047
61,60|62,routing_persistent_hotspot_cluster2,9,validation,remaining,2,specimen_transfer:-1x0.05,-24200457.464808464,0.0005005598068237305,-0.012085914611816406
61,60|62,routing_persistent_hotspot_cluster2,9,validation,remaining,3,specimen_transfer:+1x0.1,349565.0659098625,-0.001445472240447998,0.031238555908203125
61,60|62,routing_persistent_hotspot_cluster2,9,validation,remaining,4,specimen_transfer:-1x0.1,-46053886.387405396,0.001199185848236084,-0.01719188690185547
61,60|62,routing_persistent_hotspot_cluster2,10,validation,remaining,0,mdl2,0.0,0.0,0.0
61,60|62,routing_persistent_hotspot_cluster2,10,validation,remaining,1,specimen_transfer:+1x0.05,-1618917.1787467003,-0.000735938549041748,0.009950637817382812
61,60|62,routing_persistent_hotspot_cluster2,10,validation,remaining,2,specimen_transfer:-1x0.05,-1861494.2018022537,0.0005733966827392578,-0.0013256072998046875
61,60|62,routing_persistent_hotspot_cluster2,10,validation,remaining,3,specimen_transfer:+1x0.1,-3260304.8946228027,-0.0010509490966796875,0.0021562576293945312
61,60|62,routing_persistent_hotspot_cluster2,10,validation,remaining,4,specimen_transfer:-1x0.1,-3514461.8800086975,0.0010191798210144043,0.0064678192138671875
61,60|62,routing_persistent_hotspot_cluster2,11,validation,remaining,0,mdl2,0.0,0.0,0.0
61,60|62,routing_persistent_hotspot_cluster2,11,validation,remaining,1,specimen_transfer:+1x0.05,2694260.6001529694,-0.000714421272277832,0.0029582977294921875
61,60|62,routing_persistent_hotspot_cluster2,11,validation,remaining,2,specimen_transfer:-1x0.05,-855759.3860855103,0.0005209445953369141,-0.0032367706298828125
61,60|62,routing_persistent_hotspot_cluster2,11,validation,remaining,3,specimen_transfer:+1x0.1,642460.3694133759,-0.000840306282043457,0.0054912567138671875
61,60|62,routing_persistent_hotspot_cluster2,11,validation,remaining,4,specimen_transfer:-1x0.1,-5450557.789804935,0.000651240348815918,-0.0023851394653320312
61,60|62,routing_persistent_hotspot_cluster2,12,validation,remaining,0,mdl2,0.0,0.0,0.0
61,60|62,routing_persistent_hotspot_cluster2,12,validation,remaining,1,specimen_transfer:+1x0.05,-1451276.0965528488,-0.00036263465881347656,0.02532672882080078
61,60|62,routing_persistent_hotspot_cluster2,12,validation,remaining,2,specimen_transfer:-1x0.05,-1587342.307899952,0.00012308359146118164,-0.022057533264160156
61,60|62,routing_persistent_hotspot_cluster2,12,validation,remaining,3,specimen_transfer:+1x0.1,-1830918.8822674751,-0.0005542635917663574,0.05747509002685547
61,60|62,routing_persistent_hotspot_cluster2,12,validation,remaining,4,specimen_transfer:-1x0.1,-2121569.685898781,0.0003147721290588379,-0.04342079162597656
61,60|62,routing_persistent_hotspot_cluster2,13,validation,remaining,0,mdl2,0.0,0.0,0.0
61,60|62,routing_persistent_hotspot_cluster2,13,validation,remaining,1,specimen_transfer:+1x0.05,1243009.4904494286,-0.0005537271499633789,0.028787612915039062
61,60|62,routing_persistent_hotspot_cluster2,13,validation,remaining,2,specimen_transfer:-1x0.05,-1299068.2428774834,0.00031679868698120117,-0.03130817413330078
61,60|62,routing_persistent_hotspot_cluster2,13,validation,remaining,3,specimen_transfer:+1x0.1,-1638412.4357161522,-0.0011924505233764648,0.045093536376953125
61,60|62,routing_persistent_hotspot_cluster2,13,validation,remaining,4,specimen_transfer:-1x0.1,-6257512.261792183,0.0010927319526672363,-0.04761219024658203
61,60|62,routing_persistent_hotspot_cluster2,14,validation,remaining,0,mdl2,0.0,0.0,0.0
61,60|62,routing_persistent_hotspot_cluster2,14,validation,remaining,1,specimen_transfer:+1x0.05,-166634.89682674408,-0.0003903508186340332,0.017053604125976562
61,60|62,routing_persistent_hotspot_cluster2,14,validation,remaining,2,specimen_transfer:-1x0.05,7753908.627998829,0.00015085935592651367,-0.01957225799560547
61,60|62,routing_persistent_hotspot_cluster2,14,validation,remaining,3,specimen_transfer:+1x0.1,976878.1466398239,-0.0003205537796020508,0.048270225524902344
61,60|62,routing_persistent_hotspot_cluster2,14,validation,remaining,4,specimen_transfer:-1x0.1,6413869.85319376,7.56978988647461e-05,-0.047066688537597656
61,60|62,routing_persistent_hotspot_cluster2,15,validation,remaining,0,mdl2,0.0,0.0,0.0
61,60|62,routing_persistent_hotspot_cluster2,15,validation,remaining,1,specimen_transfer:+1x0.05,-3549526.6698970795,9.775161743164062e-05,0.03352832794189453
61,60|62,routing_persistent_hotspot_cluster2,15,validation,remaining,2,specimen_transfer:-1x0.05,-6440983.4442920685,-0.0001455545425415039,-0.03614044189453125
61,60|62,routing_persistent_hotspot_cluster2,15,validation,remaining,3,specimen_transfer:+1x0.1,-3622200.899123192,0.0002995729446411133,0.09998703002929688
61,60|62,routing_persistent_hotspot_cluster2,15,validation,remaining,4,specimen_transfer:-1x0.1,-10901699.981197357,-0.00020450353622436523,-0.1026010513305664
61,60|62,routing_persistent_hotspot_cluster2,16,validation,remaining,0,mdl2,0.0,0.0,0.0
61,60|62,routing_persistent_hotspot_cluster2,16,validation,remaining,1,specimen_transfer:+1x0.05,-4379359.241586924,7.987022399902344e-05,0.05372810363769531
61,60|62,routing_persistent_hotspot_cluster2,16,validation,remaining,2,specimen_transfer:-1x0.05,-14312265.927917719,-3.24249267578125e-05,-0.051140785217285156
61,60|62,routing_persistent_hotspot_cluster2,16,validation,remaining,3,specimen_transfer:+1x0.1,-7274054.519365072,-0.00018614530563354492,0.06483078002929688
61,60|62,routing_persistent_hotspot_cluster2,16,validation,remaining,4,specimen_transfer:-1x0.1,-43390752.025162935,0.0003361701965332031,-0.06326007843017578
61,60|62,routing_persistent_hotspot_cluster2,17,validation,remaining,0,mdl2,0.0,0.0,0.0
61,60|62,routing_persistent_hotspot_cluster2,17,validation,remaining,1,specimen_transfer:+1x0.05,777228.2026512623,0.00010216236114501953,0.021691322326660156
61,60|62,routing_persistent_hotspot_cluster2,17,validation,remaining,2,specimen_transfer:-1x0.05,-670032.0499572754,-0.00010198354721069336,-0.007335662841796875
61,60|62,routing_persistent_hotspot_cluster2,17,validation,remaining,3,specimen_transfer:+1x0.1,-175642.077947855,0.000768125057220459,0.04837322235107422
61,60|62,routing_persistent_hotspot_cluster2,17,validation,remaining,4,specimen_transfer:-1x0.1,-1739489.471380949,-0.0007680058479309082,1.71661376953125e-05
61,60|62,routing_persistent_hotspot_cluster2,18,validation,remaining,0,mdl2,0.0,0.0,0.0
61,60|62,routing_persistent_hotspot_cluster2,18,validation,remaining,1,specimen_transfer:+1x0.05,1629737.3998744488,1.806020736694336e-05,0.043949127197265625
61,60|62,routing_persistent_hotspot_cluster2,18,validation,remaining,2,specimen_transfer:-1x0.05,247474.8996334076,-1.800060272216797e-05,-0.04395103454589844
61,60|62,routing_persistent_hotspot_cluster2,18,validation,remaining,3,specimen_transfer:+1x0.1,153022.6645026207,0.0002859830856323242,0.07555484771728516
61,60|62,routing_persistent_hotspot_cluster2,18,validation,remaining,4,specimen_transfer:-1x0.1,3705496.891671419,-0.0002862215042114258,-0.0761566162109375
61,60|62,routing_persistent_hotspot_cluster2,19,validation,remaining,0,mdl2,0.0,0.0,0.0
61,60|62,routing_persistent_hotspot_cluster2,19,validation,remaining,1,specimen_transfer:+1x0.05,-2695416.025110483,-0.00017017126083374023,0.016676902770996094
61,60|62,routing_persistent_hotspot_cluster2,19,validation,remaining,2,specimen_transfer:-1x0.05,-4577394.918998241,0.00017136335372924805,-0.01667499542236328
61,60|62,routing_persistent_hotspot_cluster2,19,validation,remaining,3,specimen_transfer:+1x0.1,-2072143.6243488789,-0.0003008246421813965,0.057689666748046875
61,60|62,routing_persistent_hotspot_cluster2,19,validation,remaining,4,specimen_transfer:-1x0.1,-2203801.0142276287,0.00032085180282592773,-0.05768871307373047
61,60|62,routing_persistent_hotspot_cluster2,20,validation,remaining,0,mdl2,0.0,0.0,0.0
61,60|62,routing_persistent_hotspot_cluster2,20,validation,remaining,1,specimen_transfer:+1x0.05,867066.7280259132,-0.0001780986785888672,0.02424907684326172
61,60|62,routing_persistent_hotspot_cluster2,20,validation,remaining,2,specimen_transfer:-1x0.05,-1162428.8672442436,0.00017815828323364258,-0.02425098419189453
61,60|62,routing_persistent_hotspot_cluster2,20,validation,remaining,3,specimen_transfer:+1x0.1,-6721771.393885374,-0.0002518296241760254,0.03665733337402344
61,60|62,routing_persistent_hotspot_cluster2,20,validation,remaining,4,specimen_transfer:-1x0.1,-400365.102915287,0.00019365549087524414,-0.036658287048339844
61,60|62,routing_persistent_hotspot_cluster2,21,validation,remaining,0,mdl2,0.0,0.0,0.0
61,60|62,routing_persistent_hotspot_cluster2,21,validation,remaining,1,specimen_transfer:+1x0.05,1928495.5978713036,-6.92605972290039e-05,0.028151512145996094
61,60|62,routing_persistent_hotspot_cluster2,21,validation,remaining,2,specimen_transfer:-1x0.05,-2168493.3463978767,6.937980651855469e-05,-0.028150081634521484
61,60|62,routing_persistent_hotspot_cluster2,21,validation,remaining,3,specimen_transfer:+1x0.1,2851220.341544628,0.0004221200942993164,0.02594470977783203
61,60|62,routing_persistent_hotspot_cluster2,21,validation,remaining,4,specimen_transfer:-1x0.1,-1027100.6178998947,-0.000422060489654541,-0.02594470977783203
61,60|62,routing_persistent_hotspot_cluster2,22,validation,remaining,0,mdl2,0.0,0.0,0.0
61,60|62,routing_persistent_hotspot_cluster2,22,validation,remaining,1,specimen_transfer:+1x0.05,-1203354.3462517262,-0.00028127431869506836,0.05976605415344238
61,60|62,routing_persistent_hotspot_cluster2,22,validation,remaining,2,specimen_transfer:-1x0.05,-2309666.1409225464,0.0002811551094055176,-0.05976569652557373
61,60|62,routing_persistent_hotspot_cluster2,22,validation,remaining,3,specimen_transfer:+1x0.1,1152176.3249385357,-0.0004989504814147949,0.10634374618530273
61,60|62,routing_persistent_hotspot_cluster2,22,validation,remaining,4,specimen_transfer:-1x0.1,-6310254.314242125,0.0004988908767700195,-0.10634469985961914
61,60|62,routing_persistent_hotspot_cluster2,23,validation,remaining,0,mdl2,0.0,0.0,0.0
61,60|62,routing_persistent_hotspot_cluster2,23,validation,remaining,1,specimen_transfer:+1x0.05,-6786619.438282013,0.0001665949821472168,0.05852484703063965
61,60|62,routing_persistent_hotspot_cluster2,23,validation,remaining,2,specimen_transfer:-1x0.05,323739.2101075649,-0.0001665353775024414,-0.05329728126525879
61,60|62,routing_persistent_hotspot_cluster2,23,validation,remaining,3,specimen_transfer:+1x0.1,-5765185.763700247,0.00026035308837890625,0.13176250457763672
61,60|62,routing_persistent_hotspot_cluster2,23,validation,remaining,4,specimen_transfer:-1x0.1,1261342.8574073315,-0.00026029348373413086,-0.11794757843017578
61,60|62,routing_persistent_hotspot_cluster2,24,validation,remaining,0,mdl2,0.0,0.0,0.0
61,60|62,routing_persistent_hotspot_cluster2,24,validation,remaining,1,specimen_transfer:+1x0.05,1745330.8472528458,-0.0002860426902770996,0.08046102523803711
61,60|62,routing_persistent_hotspot_cluster2,24,validation,remaining,2,specimen_transfer:-1x0.05,1416630.6212031841,0.00028586387634277344,-0.07974505424499512
61,60|62,routing_persistent_hotspot_cluster2,24,validation,remaining,3,specimen_transfer:+1x0.1,2795281.800188303,0.00030165910720825195,0.14311575889587402
61,60|62,routing_persistent_hotspot_cluster2,24,validation,remaining,4,specimen_transfer:-1x0.1,4167630.224179983,-0.00030177831649780273,-0.14139485359191895
61,60|62,routing_persistent_hotspot_cluster2,25,validation,remaining,0,mdl2,0.0,0.0,0.0
61,60|62,routing_persistent_hotspot_cluster2,25,validation,remaining,1,specimen_transfer:+1x0.05,-222401.12780594826,0.00011944770812988281,0.15320134162902832
61,60|62,routing_persistent_hotspot_cluster2,25,validation,remaining,2,specimen_transfer:-1x0.05,2230064.444225073,-0.00013250112533569336,-0.1357896327972412
61,60|62,routing_persistent_hotspot_cluster2,25,validation,remaining,3,specimen_transfer:+1x0.1,1138858.724495411,-0.00045484304428100586,0.27123355865478516
61,60|62,routing_persistent_hotspot_cluster2,25,validation,remaining,4,specimen_transfer:-1x0.1,-1139280.6066422462,0.000490725040435791,-0.25325512886047363
61,60|62,routing_persistent_hotspot_cluster2,26,validation,remaining,0,mdl2,0.0,0.0,0.0
61,60|62,routing_persistent_hotspot_cluster2,26,validation,remaining,1,specimen_transfer:+1x0.05,-900713.9222359657,0.00031238794326782227,0.10943222045898438
61,60|62,routing_persistent_hotspot_cluster2,26,validation,remaining,2,specimen_transfer:-1x0.05,-5010297.543201923,-0.0002855062484741211,-0.10853004455566406
61,60|62,routing_persistent_hotspot_cluster2,26,validation,remaining,3,specimen_transfer:+1x0.1,-15373.441879272461,0.0007850527763366699,0.21157598495483398
61,60|62,routing_persistent_hotspot_cluster2,26,validation,remaining,4,specimen_transfer:-1x0.1,-5595814.430078983,-0.0007385611534118652,-0.2110133171081543
61,60|62,routing_persistent_hotspot_cluster2,27,validation,remaining,0,mdl2,0.0,0.0,0.0
61,60|62,routing_persistent_hotspot_cluster2,27,validation,remaining,1,specimen_transfer:+1x0.05,942380.453083992,-0.00047075748443603516,0.10492515563964844
61,60|62,routing_persistent_hotspot_cluster2,27,validation,remaining,2,specimen_transfer:-1x0.05,-566267.0879230499,0.00047075748443603516,-0.10462093353271484
61,60|62,routing_persistent_hotspot_cluster2,27,validation,remaining,3,specimen_transfer:+1x0.1,1157206.2480793,-0.0003337860107421875,0.24275875091552734
61,60|62,routing_persistent_hotspot_cluster2,27,validation,remaining,4,specimen_transfer:-1x0.1,-3425773.9578199387,0.00033158063888549805,-0.2312021255493164
61,60|62,routing_persistent_hotspot_cluster2,28,validation,remaining,0,mdl2,0.0,0.0,0.0
61,60|62,routing_persistent_hotspot_cluster2,28,validation,remaining,1,specimen_transfer:+1x0.05,1254322.2431013584,0.0004330873489379883,0.14334344863891602
61,60|62,routing_persistent_hotspot_cluster2,28,validation,remaining,2,specimen_transfer:-1x0.05,-2312470.599725008,-0.0004302859306335449,-0.14219021797180176
61,60|62,routing_persistent_hotspot_cluster2,28,validation,remaining,3,specimen_transfer:+1x0.1,2646692.6318309307,0.0005154013633728027,0.29733848571777344
61,60|62,routing_persistent_hotspot_cluster2,28,validation,remaining,4,specimen_transfer:-1x0.1,-5567403.171925545,-0.0005246996879577637,-0.2922370433807373
61,60|62,routing_persistent_hotspot_cluster2,29,validation,remaining,0,mdl2,0.0,0.0,0.0
61,60|62,routing_persistent_hotspot_cluster2,29,validation,remaining,1,specimen_transfer:+1x0.05,1426990.478586197,0.0010166764259338379,0.14436054229736328
61,60|62,routing_persistent_hotspot_cluster2,29,validation,remaining,2,specimen_transfer:-1x0.05,309718.85908293724,-0.0009291768074035645,-0.13293719291687012
61,60|62,routing_persistent_hotspot_cluster2,29,validation,remaining,3,specimen_transfer:+1x0.1,3996079.6240816116,0.0017009973526000977,0.2985873222351074
61,60|62,routing_persistent_hotspot_cluster2,29,validation,remaining,4,specimen_transfer:-1x0.1,-1456800.1375536919,-0.0015420913696289062,-0.26663637161254883
61,60|62,routing_persistent_hotspot_cluster2,30,validation,remaining,0,mdl2,0.0,0.0,0.0
61,60|62,routing_persistent_hotspot_cluster2,30,validation,remaining,1,specimen_transfer:+1x0.05,1549521.570494175,0.0014172792434692383,0.15849542617797852
61,60|62,routing_persistent_hotspot_cluster2,30,validation,remaining,2,specimen_transfer:-1x0.05,-2141757.896947384,-0.0013930797576904297,-0.1584944725036621
61,60|62,routing_persistent_hotspot_cluster2,30,validation,remaining,3,specimen_transfer:+1x0.1,793744.2766518593,0.002889573574066162,0.28807544708251953
61,60|62,routing_persistent_hotspot_cluster2,30,validation,remaining,4,specimen_transfer:-1x0.1,-21643.127244234085,-0.0028023719787597656,-0.28807497024536133
61,60|62,routing_persistent_hotspot_cluster2,31,validation,remaining,0,mdl2,0.0,0.0,0.0
61,60|62,routing_persistent_hotspot_cluster2,31,validation,remaining,1,specimen_transfer:+1x0.05,-3486996.5416316986,0.00110626220703125,0.1131439208984375
61,60|62,routing_persistent_hotspot_cluster2,31,validation,remaining,2,specimen_transfer:-1x0.05,223721.61274147034,-0.0010605454444885254,-0.1131429672241211
61,60|62,routing_persistent_hotspot_cluster2,31,validation,remaining,3,specimen_transfer:+1x0.1,-2223259.7888584137,0.0015166997909545898,0.20940589904785156
61,60|62,routing_persistent_hotspot_cluster2,31,validation,remaining,4,specimen_transfer:-1x0.1,501444.78431892395,-0.0014380216598510742,-0.20940589904785156
61,60|62,routing_persistent_hotspot_cluster2,32,validation,remaining,0,mdl2,0.0,0.0,0.0
61,60|62,routing_persistent_hotspot_cluster2,32,validation,remaining,1,specimen_transfer:+1x0.05,1313860.593200922,0.0015770196914672852,0.10959386825561523
61,60|62,routing_persistent_hotspot_cluster2,32,validation,remaining,2,specimen_transfer:-1x0.05,-1232300.8605792522,-0.0015728473663330078,-0.10686826705932617
61,60|62,routing_persistent_hotspot_cluster2,32,validation,remaining,3,specimen_transfer:+1x0.1,113133.66314172745,0.003269016742706299,0.23551678657531738
61,60|62,routing_persistent_hotspot_cluster2,32,validation,remaining,4,specimen_transfer:-1x0.1,-2164351.338193655,-0.0032192468643188477,-0.2277839183807373
61,60|62,routing_persistent_hotspot_cluster2,33,validation,remaining,0,mdl2,0.0,0.0,0.0
61,60|62,routing_persistent_hotspot_cluster2,33,validation,remaining,1,specimen_transfer:+1x0.05,883378.6270805597,0.0011549592018127441,0.13466668128967285
61,60|62,routing_persistent_hotspot_cluster2,33,validation,remaining,2,specimen_transfer:-1x0.05,-1950844.4020090103,-0.0012227296829223633,-0.13930702209472656
61,60|62,routing_persistent_hotspot_cluster2,33,validation,remaining,3,specimen_transfer:+1x0.1,2560515.8317644596,0.00207364559173584,0.2915818691253662
61,60|62,routing_persistent_hotspot_cluster2,33,validation,remaining,4,specimen_transfer:-1x0.1,-4480701.719620705,-0.0019778013229370117,-0.2911720275878906
61,60|62,routing_persistent_hotspot_cluster2,34,validation,remaining,0,mdl2,0.0,0.0,0.0
61,60|62,routing_persistent_hotspot_cluster2,34,validation,remaining,1,specimen_transfer:+1x0.05,-876834.0323710442,0.0008182525634765625,0.1717240810394287
61,60|62,routing_persistent_hotspot_cluster2,34,validation,remaining,2,specimen_transfer:-1x0.05,-144136.61367964745,-0.0008438825607299805,-0.16327977180480957
61,60|62,routing_persistent_hotspot_cluster2,34,validation,remaining,3,specimen_transfer:+1x0.1,2158429.4245955944,0.0015194416046142578,0.3112494945526123
61,60|62,routing_persistent_hotspot_cluster2,34,validation,remaining,4,specimen_transfer:-1x0.1,-7588964.159000635,-0.0016605854034423828,-0.28744959831237793
61,60|62,routing_persistent_hotspot_cluster2,35,validation,remaining,0,mdl2,0.0,0.0,0.0
61,60|62,routing_persistent_hotspot_cluster2,35,validation,remaining,1,specimen_transfer:+1x0.05,-75083.60986709595,0.001003265380859375,0.1896829605102539
61,60|62,routing_persistent_hotspot_cluster2,35,validation,remaining,2,specimen_transfer:-1x0.05,-5938796.953375578,-0.0009887218475341797,-0.1830282211303711
61,60|62,routing_persistent_hotspot_cluster2,35,validation,remaining,3,specimen_transfer:+1x0.1,551778.1313965321,0.001898050308227539,0.36916685104370117
61,60|62,routing_persistent_hotspot_cluster2,35,validation,remaining,4,specimen_transfer:-1x0.1,-7765371.47330761,-0.0018207430839538574,-0.332125186920166
61,60|62,routing_persistent_hotspot_cluster2,36,validation,remaining,0,mdl2,0.0,0.0,0.0
61,60|62,routing_persistent_hotspot_cluster2,36,validation,remaining,1,specimen_transfer:+1x0.05,1264512.9848899841,0.00020056962966918945,0.229705810546875
61,60|62,routing_persistent_hotspot_cluster2,36,validation,remaining,2,specimen_transfer:-1x0.05,-2208870.543387413,-0.00017642974853515625,-0.20669126510620117
61,60|62,routing_persistent_hotspot_cluster2,36,validation,remaining,3,specimen_transfer:+1x0.1,2983047.82521224,0.00017195940017700195,0.49366211891174316
61,60|62,routing_persistent_hotspot_cluster2,36,validation,remaining,4,specimen_transfer:-1x0.1,-4476014.404191375,-0.00016742944717407227,-0.41085243225097656
61,60|62,routing_persistent_hotspot_cluster2,37,validation,remaining,0,mdl2,0.0,0.0,0.0
61,60|62,routing_persistent_hotspot_cluster2,37,validation,remaining,1,specimen_transfer:+1x0.05,-988008.3679486513,-0.00032079219818115234,0.17545413970947266
61,60|62,routing_persistent_hotspot_cluster2,37,validation,remaining,2,specimen_transfer:-1x0.05,-3117700.786735773,0.0003120899200439453,-0.15645217895507812
61,60|62,routing_persistent_hotspot_cluster2,37,validation,remaining,3,specimen_transfer:+1x0.1,1587661.6737561226,-0.0005424022674560547,0.4056124687194824
61,60|62,routing_persistent_hotspot_cluster2,37,validation,remaining,4,specimen_transfer:-1x0.1,-2256958.2169998884,0.00038057565689086914,-0.2950601577758789
61,60|62,routing_persistent_hotspot_cluster2,38,validation,remaining,0,mdl2,0.0,0.0,0.0
61,60|62,routing_persistent_hotspot_cluster2,38,validation,remaining,1,specimen_transfer:+1x0.05,2242856.627956867,-0.00014001131057739258,0.26056385040283203
61,60|62,routing_persistent_hotspot_cluster2,38,validation,remaining,2,specimen_transfer:-1x0.05,-570620.4095134735,0.00013309717178344727,-0.25295019149780273
61,60|62,routing_persistent_hotspot_cluster2,38,validation,remaining,3,specimen_transfer:+1x0.1,2033284.3776724339,3.063678741455078e-05,0.5213541984558105
61,60|62,routing_persistent_hotspot_cluster2,38,validation,remaining,4,specimen_transfer:-1x0.1,-2142868.979394555,0.00015532970428466797,-0.45679473876953125
61,60|62,routing_persistent_hotspot_cluster2,39,validation,remaining,0,mdl2,0.0,0.0,0.0
61,60|62,routing_persistent_hotspot_cluster2,39,validation,remaining,1,specimen_transfer:+1x0.05,1057602.9204266071,0.00048273801803588867,0.20021486282348633
61,60|62,routing_persistent_hotspot_cluster2,39,validation,remaining,2,specimen_transfer:-1x0.05,719554.5985928774,-0.0004826784133911133,-0.1943039894104004
61,60|62,routing_persistent_hotspot_cluster2,39,validation,remaining,3,specimen_transfer:+1x0.1,463386.19295299053,0.0006868839263916016,0.41513824462890625
61,60|62,routing_persistent_hotspot_cluster2,39,validation,remaining,4,specimen_transfer:-1x0.1,1478148.7776821852,-0.0006975531578063965,-0.38309717178344727
61,60|62,routing_persistent_hotspot_cluster2,40,validation,remaining,0,mdl2,0.0,0.0,0.0
61,60|62,routing_persistent_hotspot_cluster2,40,validation,remaining,1,specimen_transfer:+1x0.05,-88156.71960866451,0.00034862756729125977,0.28592538833618164
61,60|62,routing_persistent_hotspot_cluster2,40,validation,remaining,2,specimen_transfer:-1x0.05,-1324572.006944418,-0.00034862756729125977,-0.2361927032470703
61,60|62,routing_persistent_hotspot_cluster2,40,validation,remaining,3,specimen_transfer:+1x0.1,-808893.4293043613,0.0007553398609161377,0.644505500793457
61,60|62,routing_persistent_hotspot_cluster2,40,validation,remaining,4,specimen_transfer:-1x0.1,-3205393.447853327,-0.0007892251014709473,-0.45284032821655273
61,60|62,routing_persistent_hotspot_cluster2,41,validation,remaining,0,mdl2,0.0,0.0,0.0
61,60|62,routing_persistent_hotspot_cluster2,41,validation,remaining,1,specimen_transfer:+1x0.05,-55047.794251322746,0.0015041828155517578,0.3110079765319824
61,60|62,routing_persistent_hotspot_cluster2,41,validation,remaining,2,specimen_transfer:-1x0.05,-1618159.3331561089,-0.0015041530132293701,-0.30022287368774414
61,60|62,routing_persistent_hotspot_cluster2,41,validation,remaining,3,specimen_transfer:+1x0.1,354133.80124759674,0.002398848533630371,0.6455004215240479
61,60|62,routing_persistent_hotspot_cluster2,41,validation,remaining,4,specimen_transfer:-1x0.1,-1794928.5582056046,-0.002398878335952759,-0.6002359390258789
61,60|62,routing_persistent_hotspot_cluster2,42,validation,remaining,0,mdl2,0.0,0.0,0.0
61,60|62,routing_persistent_hotspot_cluster2,42,validation,remaining,1,specimen_transfer:+1x0.05,-1235072.0278644562,0.0009659826755523682,0.44354772567749023
61,60|62,routing_persistent_hotspot_cluster2,42,validation,remaining,2,specimen_transfer:-1x0.05,-3391163.363705814,-0.0009660720825195312,-0.3963899612426758
61,60|62,routing_persistent_hotspot_cluster2,42,validation,remaining,3,specimen_transfer:+1x0.1,-848461.6417533159,0.002528458833694458,0.8795065879821777
61,60|62,routing_persistent_hotspot_cluster2,42,validation,remaining,4,specimen_transfer:-1x0.1,-5073764.023141861,-0.0025537610054016113,-0.7588086128234863
61,60|62,routing_persistent_hotspot_cluster2,43,validation,remaining,0,mdl2,0.0,0.0,0.0
61,60|62,routing_persistent_hotspot_cluster2,43,validation,remaining,1,specimen_transfer:+1x0.05,-91324.50853317976,0.0005958080291748047,0.3194146156311035
61,60|62,routing_persistent_hotspot_cluster2,43,validation,remaining,2,specimen_transfer:-1x0.05,-1666633.5657168627,-0.0005958080291748047,-0.3091702461242676
61,60|62,routing_persistent_hotspot_cluster2,43,validation,remaining,3,specimen_transfer:+1x0.1,-975729.7746642232,0.0011682510375976562,0.6702966690063477
61,60|62,routing_persistent_hotspot_cluster2,43,validation,remaining,4,specimen_transfer:-1x0.1,-3516159.0826226473,-0.0011683106422424316,-0.6507000923156738
61,60|62,routing_persistent_hotspot_cluster2,44,validation,remaining,0,mdl2,0.0,0.0,0.0
61,60|62,routing_persistent_hotspot_cluster2,44,validation,remaining,1,specimen_transfer:+1x0.05,17567.86672580242,0.000981450080871582,0.5633420944213867
61,60|62,routing_persistent_hotspot_cluster2,44,validation,remaining,2,specimen_transfer:-1x0.05,-3520903.3639956117,-0.0009815394878387451,-0.563101053237915
61,60|62,routing_persistent_hotspot_cluster2,44,validation,remaining,3,specimen_transfer:+1x0.1,491378.3653281927,0.0020655393600463867,1.0262982845306396
61,60|62,routing_persistent_hotspot_cluster2,44,validation,remaining,4,specimen_transfer:-1x0.1,-3520903.3639956117,-0.002065509557723999,-1.0911450386047363
61,60|62,routing_persistent_hotspot_cluster2,45,validation,remaining,0,mdl2,0.0,0.0,0.0
61,60|62,routing_persistent_hotspot_cluster2,45,validation,remaining,1,specimen_transfer:+1x0.05,-798869.2516537905,0.00010967254638671875,0.5093879103660583
61,60|62,routing_persistent_hotspot_cluster2,45,validation,remaining,2,specimen_transfer:-1x0.05,-2026049.2434261441,-9.289383888244629e-05,-0.5139703750610352
61,60|62,routing_persistent_hotspot_cluster2,45,validation,remaining,3,specimen_transfer:+1x0.1,-705246.8172997832,0.0004546642303466797,0.9964708089828491
61,60|62,routing_persistent_hotspot_cluster2,45,validation,remaining,4,specimen_transfer:-1x0.1,-4112538.84855783,-0.0003604292869567871,-1.0594793558120728
61,60|62,routing_persistent_hotspot_cluster2,46,validation,remaining,0,mdl2,0.0,0.0,0.0
61,60|62,routing_persistent_hotspot_cluster2,46,validation,remaining,1,specimen_transfer:+1x0.05,-622730.4700831175,0.0003134608268737793,0.5169082880020142
61,60|62,routing_persistent_hotspot_cluster2,46,validation,remaining,2,specimen_transfer:-1x0.05,-1761496.1850664616,-0.0002607107162475586,-0.5116473436355591
61,60|62,routing_persistent_hotspot_cluster2,46,validation,remaining,3,specimen_transfer:+1x0.1,-1124904.3651053905,0.0010576248168945312,1.0332273244857788
61,60|62,routing_persistent_hotspot_cluster2,46,validation,remaining,4,specimen_transfer:-1x0.1,-1652138.2053016424,-0.0008064806461334229,-1.0293588638305664
61,60|62,routing_persistent_hotspot_cluster2,47,validation,remaining,0,mdl2,0.0,0.0,0.0
61,60|62,routing_persistent_hotspot_cluster2,47,validation,remaining,1,specimen_transfer:+1x0.05,1201134.0675871968,0.0005203485488891602,0.5534049272537231
61,60|62,routing_persistent_hotspot_cluster2,47,validation,remaining,2,specimen_transfer:-1x0.05,254072.0793991983,-0.0005203187465667725,-0.5534072518348694
61,60|62,routing_persistent_hotspot_cluster2,47,validation,remaining,3,specimen_transfer:+1x0.1,168833.5596677363,0.0005340576171875,1.0804840326309204
61,60|62,routing_persistent_hotspot_cluster2,47,validation,remaining,4,specimen_transfer:-1x0.1,-66367.43072214723,-0.0005341172218322754,-1.0760836601257324
61,60|62,routing_persistent_hotspot_cluster2,48,validation,remaining,0,mdl2,0.0,0.0,0.0
61,60|62,routing_persistent_hotspot_cluster2,48,validation,remaining,1,specimen_transfer:+1x0.05,2346025.564893633,-0.0005873739719390869,0.5765014290809631
61,60|62,routing_persistent_hotspot_cluster2,48,validation,remaining,2,specimen_transfer:-1x0.05,221865.4463223219,0.0005873441696166992,-0.5732994079589844
61,60|62,routing_persistent_hotspot_cluster2,48,validation,remaining,3,specimen_transfer:+1x0.1,2219403.270114839,-0.0016322433948516846,1.0729467868804932
61,60|62,routing_persistent_hotspot_cluster2,48,validation,remaining,4,specimen_transfer:-1x0.1,281777.18992877007,0.0016028881072998047,-1.1727348566055298
61,60|62,routing_persistent_hotspot_cluster2,49,validation,remaining,0,mdl2,0.0,0.0,0.0
61,60|62,routing_persistent_hotspot_cluster2,49,validation,remaining,1,specimen_transfer:+1x0.05,502964.5785340965,-0.0009772181510925293,0.6265859007835388
61,60|62,routing_persistent_hotspot_cluster2,49,validation,remaining,2,specimen_transfer:-1x0.05,-1013266.2907214165,0.0009776055812835693,-0.6221131682395935
61,60|62,routing_persistent_hotspot_cluster2,49,validation,remaining,3,specimen_transfer:+1x0.1,-1164140.0938858092,-0.002078413963317871,1.261326789855957
61,60|62,routing_persistent_hotspot_cluster2,49,validation,remaining,4,specimen_transfer:-1x0.1,-106645.71526545286,0.001999378204345703,-1.274135947227478
61,60|62,routing_persistent_hotspot_cluster2,50,validation,remaining,0,mdl2,0.0,0.0,0.0
61,60|62,routing_persistent_hotspot_cluster2,50,validation,remaining,1,specimen_transfer:+1x0.05,-1278690.170402348,-0.0004101395606994629,0.4926745891571045
61,60|62,routing_persistent_hotspot_cluster2,50,validation,remaining,2,specimen_transfer:-1x0.05,-127197.22299563885,0.0004101395606994629,-0.5757411122322083
61,60|62,routing_persistent_hotspot_cluster2,50,validation,remaining,3,specimen_transfer:+1x0.1,-930824.371099174,-0.00044664740562438965,0.7160471677780151
61,60|62,routing_persistent_hotspot_cluster2,50,validation,remaining,4,specimen_transfer:-1x0.1,-281426.14301645756,0.00043970346450805664,-1.1711231470108032
61,60|62,routing_persistent_hotspot_cluster2,51,validation,remaining,0,mdl2,0.0,0.0,0.0
61,60|62,routing_persistent_hotspot_cluster2,51,validation,remaining,1,specimen_transfer:+1x0.05,247005.93905127048,-0.0006528198719024658,0.17935943603515625
61,60|62,routing_persistent_hotspot_cluster2,51,validation,remaining,2,specimen_transfer:-1x0.05,297166.0390512645,0.0005754232406616211,-0.24572527408599854
61,60|62,routing_persistent_hotspot_cluster2,51,validation,remaining,3,specimen_transfer:+1x0.1,42985.46682232618,-0.0016778111457824707,0.36697888374328613
61,60|62,routing_persistent_hotspot_cluster2,51,validation,remaining,4,specimen_transfer:-1x0.1,693145.5668223202,0.0014950037002563477,-0.880233883857727
62,60|61,routing_persistent_hotspot_cluster3,0,discovery,remaining,0,mdl2,0.0,0.0,0.0
62,60|61,routing_persistent_hotspot_cluster3,0,discovery,remaining,1,specimen_transfer:+1x0.05,0.0,-0.0005163252353668213,-0.15009379386901855
62,60|61,routing_persistent_hotspot_cluster3,0,discovery,remaining,2,specimen_transfer:-1x0.05,0.0,0.0005230531096458435,0.15053939819335938
62,60|61,routing_persistent_hotspot_cluster3,0,discovery,remaining,3,specimen_transfer:+1x0.1,0.0,-0.0010209009051322937,-0.3001856803894043
62,60|61,routing_persistent_hotspot_cluster3,0,discovery,remaining,4,specimen_transfer:-1x0.1,0.0,0.0010460913181304932,0.29604482650756836
62,60|61,routing_persistent_hotspot_cluster3,1,discovery,remaining,0,mdl2,0.0,0.0,0.0
62,60|61,routing_persistent_hotspot_cluster3,1,discovery,remaining,1,specimen_transfer:+1x0.05,-29967270.76983738,-0.00040046870708465576,-0.0878438949584961
62,60|61,routing_persistent_hotspot_cluster3,1,discovery,remaining,2,specimen_transfer:-1x0.05,21403330.113063335,0.00040049850940704346,0.08784270286560059
62,60|61,routing_persistent_hotspot_cluster3,1,discovery,remaining,3,specimen_transfer:+1x0.1,-70212814.85587978,-0.0007162392139434814,-0.16776275634765625
62,60|61,routing_persistent_hotspot_cluster3,1,discovery,remaining,4,specimen_transfer:-1x0.1,18092038.881994724,0.0006983950734138489,0.16800546646118164
62,60|61,routing_persistent_hotspot_cluster3,2,discovery,remaining,0,mdl2,0.0,0.0,0.0
62,60|61,routing_persistent_hotspot_cluster3,2,discovery,remaining,1,specimen_transfer:+1x0.05,-3542545.397817135,-0.0005603358149528503,-0.057697296142578125
62,60|61,routing_persistent_hotspot_cluster3,2,discovery,remaining,2,specimen_transfer:-1x0.05,-3104722.8614463806,0.0005247890949249268,0.048964738845825195
62,60|61,routing_persistent_hotspot_cluster3,2,discovery,remaining,3,specimen_transfer:+1x0.1,-4901310.418118477,-0.0010684952139854431,-0.10094404220581055
62,60|61,routing_persistent_hotspot_cluster3,2,discovery,remaining,4,specimen_transfer:-1x0.1,-1343895.5427885056,0.0010329261422157288,0.08577418327331543
62,60|61,routing_persistent_hotspot_cluster3,3,discovery,remaining,0,mdl2,0.0,0.0,0.0
62,60|61,routing_persistent_hotspot_cluster3,3,discovery,remaining,1,specimen_transfer:+1x0.05,-222956.0425877571,-0.0007468312978744507,0.041583895683288574
62,60|61,routing_persistent_hotspot_cluster3,3,discovery,remaining,2,specimen_transfer:-1x0.05,1327234.9402632713,0.0007744506001472473,-0.033533334732055664
62,60|61,routing_persistent_hotspot_cluster3,3,discovery,remaining,3,specimen_transfer:+1x0.1,-1295841.4786224365,-0.0015990063548088074,0.09743332862854004
62,60|61,routing_persistent_hotspot_cluster3,3,discovery,remaining,4,specimen_transfer:-1x0.1,-14942198.818947792,0.0015519782900810242,-0.07991814613342285
62,60|61,routing_persistent_hotspot_cluster3,4,discovery,remaining,0,mdl2,0.0,0.0,0.0
62,60|61,routing_persistent_hotspot_cluster3,4,discovery,remaining,1,specimen_transfer:+1x0.05,2083540.233783245,-0.0017521381378173828,-0.0009014606475830078
62,60|61,routing_persistent_hotspot_cluster3,4,discovery,remaining,2,specimen_transfer:-1x0.05,-2100214.4186258316,0.001764923334121704,-0.0015664100646972656
62,60|61,routing_persistent_hotspot_cluster3,4,discovery,remaining,3,specimen_transfer:+1x0.1,136815.69600105286,-0.0035478249192237854,-0.010688304901123047
62,60|61,routing_persistent_hotspot_cluster3,4,discovery,remaining,4,specimen_transfer:-1x0.1,-1845439.0136871338,0.0037223994731903076,0.0017139911651611328
62,60|61,routing_persistent_hotspot_cluster3,5,discovery,remaining,0,mdl2,0.0,0.0,0.0
62,60|61,routing_persistent_hotspot_cluster3,5,discovery,remaining,1,specimen_transfer:+1x0.05,-3094662.282696724,-0.0016962438821792603,0.056638360023498535
62,60|61,routing_persistent_hotspot_cluster3,5,discovery,remaining,2,specimen_transfer:-1x0.05,-1072537.2700929642,0.0017292201519012451,-0.05180943012237549
62,60|61,routing_persistent_hotspot_cluster3,5,discovery,remaining,3,specimen_transfer:+1x0.1,-5992662.715435028,-0.003381490707397461,0.10423457622528076
62,60|61,routing_persistent_hotspot_cluster3,5,discovery,remaining,4,specimen_transfer:-1x0.1,-3516428.9255075455,0.003420799970626831,-0.10967063903808594
62,60|61,routing_persistent_hotspot_cluster3,6,discovery,remaining,0,mdl2,0.0,0.0,0.0
62,60|61,routing_persistent_hotspot_cluster3,6,discovery,remaining,1,specimen_transfer:+1x0.05,966263.0133223534,-0.0017428994178771973,0.25358259677886963
62,60|61,routing_persistent_hotspot_cluster3,6,discovery,remaining,2,specimen_transfer:-1x0.05,570547.2592954636,0.001743018627166748,-0.18760204315185547
62,60|61,routing_persistent_hotspot_cluster3,6,discovery,remaining,3,specimen_transfer:+1x0.1,1070403.1649179459,-0.0031090974807739258,0.5465446710586548
62,60|61,routing_persistent_hotspot_cluster3,6,discovery,remaining,4,specimen_transfer:-1x0.1,787695.7875533104,0.003109067678451538,-0.34151434898376465
62,60|61,routing_persistent_hotspot_cluster3,7,discovery,remaining,0,mdl2,0.0,0.0,0.0
62,60|61,routing_persistent_hotspot_cluster3,7,discovery,remaining,1,specimen_transfer:+1x0.05,-2156421.8998179436,-0.0009363293647766113,0.3254510164260864
62,60|61,routing_persistent_hotspot_cluster3,7,discovery,remaining,2,specimen_transfer:-1x0.05,304362.18375110626,0.0010094642639160156,-0.23883414268493652
62,60|61,routing_persistent_hotspot_cluster3,7,discovery,remaining,3,specimen_transfer:+1x0.1,-5157266.506816864,-0.0014021694660186768,0.754729151725769
62,60|61,routing_persistent_hotspot_cluster3,7,discovery,remaining,4,specimen_transfer:-1x0.1,-1180528.798579216,0.0015426874160766602,-0.4680898189544678
62,60|61,routing_persistent_hotspot_cluster3,8,discovery,remaining,0,mdl2,0.0,0.0,0.0
62,60|61,routing_persistent_hotspot_cluster3,8,discovery,remaining,1,specimen_transfer:+1x0.05,-5503185.64069128,-0.0005438029766082764,0.6277366876602173
62,60|61,routing_persistent_hotspot_cluster3,8,discovery,remaining,2,specimen_transfer:-1x0.05,-930255.0749363899,0.00016048550605773926,-0.6379362344741821
62,60|61,routing_persistent_hotspot_cluster3,8,discovery,remaining,3,specimen_transfer:+1x0.1,-5899991.327974796,-0.0010514259338378906,1.218162178993225
62,60|61,routing_persistent_hotspot_cluster3,8,discovery,remaining,4,specimen_transfer:-1x0.1,1681952.3479776382,0.0006681382656097412,-1.208362340927124
62,60|61,routing_persistent_hotspot_cluster3,9,discovery,remaining,0,mdl2,0.0,0.0,0.0
62,60|61,routing_persistent_hotspot_cluster3,9,discovery,remaining,1,specimen_transfer:+1x0.05,3192152.5261616707,-0.0007980763912200928,0.44190865755081177
62,60|61,routing_persistent_hotspot_cluster3,9,discovery,remaining,2,specimen_transfer:-1x0.05,2350248.3968167305,0.0007979869842529297,-0.445956289768219
62,60|61,routing_persistent_hotspot_cluster3,9,discovery,remaining,3,specimen_transfer:+1x0.1,-2607510.794546604,-0.0009881556034088135,0.8136219382286072
62,60|61,routing_persistent_hotspot_cluster3,9,discovery,remaining,4,specimen_transfer:-1x0.1,2259828.3036236763,0.0009807348251342773,-0.9105851650238037
62,60|61,routing_persistent_hotspot_cluster3,10,discovery,remaining,0,mdl2,0.0,0.0,0.0
62,60|61,routing_persistent_hotspot_cluster3,10,discovery,remaining,1,specimen_transfer:+1x0.05,1042499.2901992798,-0.0001316666603088379,0.2509128451347351
62,60|61,routing_persistent_hotspot_cluster3,10,discovery,remaining,2,specimen_transfer:-1x0.05,5730471.472365856,0.0001315772533416748,-0.27081426978111267
62,60|61,routing_persistent_hotspot_cluster3,10,discovery,remaining,3,specimen_transfer:+1x0.1,3086951.6050200462,-0.00015333294868469238,0.4818519353866577
62,60|61,routing_persistent_hotspot_cluster3,10,discovery,remaining,4,specimen_transfer:-1x0.1,7013449.538854599,0.00017702579498291016,-0.6759544014930725
62,60|61,routing_persistent_hotspot_cluster3,11,discovery,remaining,0,mdl2,0.0,0.0,0.0
62,60|61,routing_persistent_hotspot_cluster3,11,discovery,remaining,1,specimen_transfer:+1x0.05,-2516714.695576191,0.0006191134452819824,0.4665217399597168
62,60|61,routing_persistent_hotspot_cluster3,11,discovery,remaining,2,specimen_transfer:-1x0.05,5258500.577647209,-0.0006707310676574707,-0.44829440116882324
62,60|61,routing_persistent_hotspot_cluster3,11,discovery,remaining,3,specimen_transfer:+1x0.1,-6306452.224684238,0.001156628131866455,0.8939838409423828
62,60|61,routing_persistent_hotspot_cluster3,11,discovery,remaining,4,specimen_transfer:-1x0.1,8885335.334871769,-0.0012081265449523926,-0.8558449745178223
62,60|61,routing_persistent_hotspot_cluster3,12,discovery,remaining,0,mdl2,0.0,0.0,0.0
62,60|61,routing_persistent_hotspot_cluster3,12,discovery,remaining,1,specimen_transfer:+1x0.05,1150863.3718271255,0.0008566379547119141,0.5204864740371704
62,60|61,routing_persistent_hotspot_cluster3,12,discovery,remaining,2,specimen_transfer:-1x0.05,1433270.0131721497,-0.0010052919387817383,-0.540979266166687
62,60|61,routing_persistent_hotspot_cluster3,12,discovery,remaining,3,specimen_transfer:+1x0.1,3243089.8034420013,0.0017707347869873047,0.8973417282104492
62,60|61,routing_persistent_hotspot_cluster3,12,discovery,remaining,4,specimen_transfer:-1x0.1,7036518.358350754,-0.0019184350967407227,-0.9932368397712708
62,60|61,routing_persistent_hotspot_cluster3,13,discovery,remaining,0,mdl2,0.0,0.0,0.0
62,60|61,routing_persistent_hotspot_cluster3,13,discovery,remaining,1,specimen_transfer:+1x0.05,670338.9172673225,0.0009696483612060547,0.5176429748535156
62,60|61,routing_persistent_hotspot_cluster3,13,discovery,remaining,2,specimen_transfer:-1x0.05,-2206777.758090973,-0.001116931438446045,-0.5248143076896667
62,60|61,routing_persistent_hotspot_cluster3,13,discovery,remaining,3,specimen_transfer:+1x0.1,2385028.2001457214,0.0016088485717773438,0.9956371784210205
62,60|61,routing_persistent_hotspot_cluster3,13,discovery,remaining,4,specimen_transfer:-1x0.1,-3658232.276734829,-0.0017223954200744629,-1.0563576221466064
62,60|61,routing_persistent_hotspot_cluster3,14,discovery,remaining,0,mdl2,0.0,0.0,0.0
62,60|61,routing_persistent_hotspot_cluster3,14,discovery,remaining,1,specimen_transfer:+1x0.05,787190.668273449,0.0006795525550842285,0.519631028175354
62,60|61,routing_persistent_hotspot_cluster3,14,discovery,remaining,2,specimen_transfer:-1x0.05,-3181900.7901124954,-0.0010010004043579102,-0.5092546343803406
62,60|61,routing_persistent_hotspot_cluster3,14,discovery,remaining,3,specimen_transfer:+1x0.1,1937500.7753095627,0.0016990303993225098,1.0180398225784302
62,60|61,routing_persistent_hotspot_cluster3,14,discovery,remaining,4,specimen_transfer:-1x0.1,-4560301.848871231,-0.0023438334465026855,-0.9930641055107117
62,60|61,routing_persistent_hotspot_cluster3,15,discovery,remaining,0,mdl2,0.0,0.0,0.0
62,60|61,routing_persistent_hotspot_cluster3,15,discovery,remaining,1,specimen_transfer:+1x0.05,942541.7983083725,0.0008971691131591797,0.39555370807647705
62,60|61,routing_persistent_hotspot_cluster3,15,discovery,remaining,2,specimen_transfer:-1x0.05,1344787.9771232605,-0.0008970499038696289,-0.3979262113571167
62,60|61,routing_persistent_hotspot_cluster3,15,discovery,remaining,3,specimen_transfer:+1x0.1,1955423.6819953918,0.0018500685691833496,0.734510600566864
62,60|61,routing_persistent_hotspot_cluster3,15,discovery,remaining,4,specimen_transfer:-1x0.1,1966746.8810014725,-0.0018500089645385742,-0.7392035722732544
62,60|61,routing_persistent_hotspot_cluster3,16,discovery,remaining,0,mdl2,0.0,0.0,0.0
62,60|61,routing_persistent_hotspot_cluster3,16,discovery,remaining,1,specimen_transfer:+1x0.05,605568.371834755,0.0007407069206237793,0.3631488084793091
62,60|61,routing_persistent_hotspot_cluster3,16,discovery,remaining,2,specimen_transfer:-1x0.05,2314983.7022800446,-0.0007408857345581055,-0.3631479740142822
62,60|61,routing_persistent_hotspot_cluster3,16,discovery,remaining,3,specimen_transfer:+1x0.1,4246576.643081665,0.0012843012809753418,0.724799633026123
62,60|61,routing_persistent_hotspot_cluster3,16,discovery,remaining,4,specimen_transfer:-1x0.1,2432140.223546982,-0.0012843012809753418,-0.7201601266860962
62,60|61,routing_persistent_hotspot_cluster3,17,discovery,remaining,0,mdl2,0.0,0.0,0.0
62,60|61,routing_persistent_hotspot_cluster3,17,discovery,remaining,1,specimen_transfer:+1x0.05,-2566834.4059131145,0.0005117654800415039,0.40511325001716614
62,60|61,routing_persistent_hotspot_cluster3,17,discovery,remaining,2,specimen_transfer:-1x0.05,-2147335.7803504467,-0.0005116462707519531,-0.3998851180076599
62,60|61,routing_persistent_hotspot_cluster3,17,discovery,remaining,3,specimen_transfer:+1x0.1,-689102.8982372284,0.0009757876396179199,0.7982394099235535
62,60|61,routing_persistent_hotspot_cluster3,17,discovery,remaining,4,specimen_transfer:-1x0.1,-2527223.560306549,-0.0009756684303283691,-0.7623998522758484
62,60|61,routing_persistent_hotspot_cluster3,18,discovery,remaining,0,mdl2,0.0,0.0,0.0
62,60|61,routing_persistent_hotspot_cluster3,18,discovery,remaining,1,specimen_transfer:+1x0.05,708645.6946613789,0.0004367232322692871,0.44642284512519836
62,60|61,routing_persistent_hotspot_cluster3,18,discovery,remaining,2,specimen_transfer:-1x0.05,-2178396.2825057507,-0.0005217194557189941,-0.4336659908294678
62,60|61,routing_persistent_hotspot_cluster3,18,discovery,remaining,3,specimen_transfer:+1x0.1,-474543.1429049969,0.0008820891380310059,0.8692660927772522
62,60|61,routing_persistent_hotspot_cluster3,18,discovery,remaining,4,specimen_transfer:-1x0.1,12849.895895242691,-0.0008667111396789551,-0.8017480373382568
62,60|61,routing_persistent_hotspot_cluster3,19,discovery,remaining,0,mdl2,0.0,0.0,0.0
62,60|61,routing_persistent_hotspot_cluster3,19,discovery,remaining,1,specimen_transfer:+1x0.05,-536186.8020892143,0.0005457401275634766,0.436131089925766
62,60|61,routing_persistent_hotspot_cluster3,19,discovery,remaining,2,specimen_transfer:-1x0.05,-1273377.9478197098,-0.0005456209182739258,-0.42581719160079956
62,60|61,routing_persistent_hotspot_cluster3,19,discovery,remaining,3,specimen_transfer:+1x0.1,-85934.30505466461,0.0007581710815429688,0.877232551574707
62,60|61,routing_persistent_hotspot_cluster3,19,discovery,remaining,4,specimen_transfer:-1x0.1,-945353.0579123497,-0.0006753206253051758,-0.8673964142799377
62,60|61,routing_persistent_hotspot_cluster3,20,discovery,remaining,0,mdl2,0.0,0.0,0.0
62,60|61,routing_persistent_hotspot_cluster3,20,discovery,remaining,1,specimen_transfer:+1x0.05,122372.60416698456,0.00021958351135253906,0.6524845361709595
62,60|61,routing_persistent_hotspot_cluster3,20,discovery,remaining,2,specimen_transfer:-1x0.05,713611.0352258682,-0.0005761981010437012,-0.4991166591644287
62,60|61,routing_persistent_hotspot_cluster3,20,discovery,remaining,3,specimen_transfer:+1x0.1,-2777672.1056292057,0.0008585453033447266,1.3318740129470825
62,60|61,routing_persistent_hotspot_cluster3,20,discovery,remaining,4,specimen_transfer:-1x0.1,3982703.13376832,-0.001332700252532959,-0.8354470729827881
62,60|61,routing_persistent_hotspot_cluster3,21,discovery,remaining,0,mdl2,0.0,0.0,0.0
62,60|61,routing_persistent_hotspot_cluster3,21,discovery,remaining,1,specimen_transfer:+1x0.05,258522.11452627182,0.0006430149078369141,0.7181999683380127
62,60|61,routing_persistent_hotspot_cluster3,21,discovery,remaining,2,specimen_transfer:-1x0.05,746979.3183333874,-0.0007399320602416992,-0.4432830810546875
62,60|61,routing_persistent_hotspot_cluster3,21,discovery,remaining,3,specimen_transfer:+1x0.1,865122.757226944,0.001358330249786377,1.4672608375549316
62,60|61,routing_persistent_hotspot_cluster3,21,discovery,remaining,4,specimen_transfer:-1x0.1,-1615365.6296246052,-0.001644909381866455,-0.8017861843109131
62,60|61,routing_persistent_hotspot_cluster3,22,discovery,remaining,0,mdl2,0.0,0.0,0.0
62,60|61,routing_persistent_hotspot_cluster3,22,discovery,remaining,1,specimen_transfer:+1x0.05,-302372.53164219856,0.0009183287620544434,0.7007869482040405
62,60|61,routing_persistent_hotspot_cluster3,22,discovery,remaining,2,specimen_transfer:-1x0.05,1790690.2957687378,-0.0009222626686096191,-0.40442991256713867
62,60|61,routing_persistent_hotspot_cluster3,22,discovery,remaining,3,specimen_transfer:+1x0.1,366661.15872335434,0.001806020736694336,1.507249355316162
62,60|61,routing_persistent_hotspot_cluster3,22,discovery,remaining,4,specimen_transfer:-1x0.1,-341248.0461101532,-0.00188523530960083,-0.7984175682067871
62,60|61,routing_persistent_hotspot_cluster3,23,discovery,remaining,0,mdl2,0.0,0.0,0.0
62,60|61,routing_persistent_hotspot_cluster3,23,discovery,remaining,1,specimen_transfer:+1x0.05,3395778.956293583,0.0010225176811218262,0.7534884214401245
62,60|61,routing_persistent_hotspot_cluster3,23,discovery,remaining,2,specimen_transfer:-1x0.05,1487761.415798664,-0.0010486245155334473,-0.5500404834747314
62,60|61,routing_persistent_hotspot_cluster3,23,discovery,remaining,3,specimen_transfer:+1x0.1,1536256.4740524292,0.0018630027770996094,1.4977456331253052
62,60|61,routing_persistent_hotspot_cluster3,23,discovery,remaining,4,specimen_transfer:-1x0.1,1585127.3205051422,-0.001877427101135254,-0.9192321300506592
62,60|61,routing_persistent_hotspot_cluster3,24,discovery,remaining,0,mdl2,0.0,0.0,0.0
62,60|61,routing_persistent_hotspot_cluster3,24,discovery,remaining,1,specimen_transfer:+1x0.05,2815635.7789382935,0.0010098814964294434,0.722618818283081
62,60|61,routing_persistent_hotspot_cluster3,24,discovery,remaining,2,specimen_transfer:-1x0.05,619640.370552063,-0.001131594181060791,-0.4846835136413574
62,60|61,routing_persistent_hotspot_cluster3,24,discovery,remaining,3,specimen_transfer:+1x0.1,4437229.504687786,0.00219571590423584,1.4381091594696045
62,60|61,routing_persistent_hotspot_cluster3,24,discovery,remaining,4,specimen_transfer:-1x0.1,4572743.800707817,-0.0021118521690368652,-0.8218095302581787
62,60|61,routing_persistent_hotspot_cluster3,25,discovery,remaining,0,mdl2,0.0,0.0,0.0
62,60|61,routing_persistent_hotspot_cluster3,25,discovery,remaining,1,specimen_transfer:+1x0.05,-98394.22223973274,0.0010563135147094727,0.6745301485061646
62,60|61,routing_persistent_hotspot_cluster3,25,discovery,remaining,2,specimen_transfer:-1x0.05,-654439.5538845062,-0.001052558422088623,-0.35927248001098633
62,60|61,routing_persistent_hotspot_cluster3,25,discovery,remaining,3,specimen_transfer:+1x0.1,-2668810.1982212067,0.0019911527633666992,1.3231837749481201
62,60|61,routing_persistent_hotspot_cluster3,25,discovery,remaining,4,specimen_transfer:-1x0.1,1274158.4617960453,-0.002071559429168701,-0.6780247688293457
62,60|61,routing_persistent_hotspot_cluster3,26,discovery,remaining,0,mdl2,0.0,0.0,0.0
62,60|61,routing_persistent_hotspot_cluster3,26,discovery,remaining,1,specimen_transfer:+1x0.05,-1235893.5258333683,0.0008333325386047363,0.33542656898498535
62,60|61,routing_persistent_hotspot_cluster3,26,discovery,remaining,2,specimen_transfer:-1x0.05,1416301.1007945538,-0.0009718537330627441,-0.31735754013061523
62,60|61,routing_persistent_hotspot_cluster3,26,discovery,remaining,3,specimen_transfer:+1x0.1,-1838449.9713842869,0.0013340115547180176,0.9520610570907593
62,60|61,routing_persistent_hotspot_cluster3,26,discovery,remaining,4,specimen_transfer:-1x0.1,2795942.029625654,-0.0014726519584655762,-0.6387844085693359
62,60|61,routing_persistent_hotspot_cluster3,27,discovery,remaining,0,mdl2,0.0,0.0,0.0
62,60|61,routing_persistent_hotspot_cluster3,27,discovery,remaining,1,specimen_transfer:+1x0.05,-761649.418065548,0.0011150240898132324,0.4951343536376953
62,60|61,routing_persistent_hotspot_cluster3,27,discovery,remaining,2,specimen_transfer:-1x0.05,-680004.3033006191,-0.001156449317932129,-0.33113861083984375
62,60|61,routing_persistent_hotspot_cluster3,27,discovery,remaining,3,specimen_transfer:+1x0.1,-1929695.3103699684,0.002592623233795166,1.144286870956421
62,60|61,routing_persistent_hotspot_cluster3,27,discovery,remaining,4,specimen_transfer:-1x0.1,-660381.3074936867,-0.0024938583374023438,-0.6465983390808105
62,60|61,routing_persistent_hotspot_cluster3,28,discovery,remaining,0,mdl2,0.0,0.0,0.0
62,60|61,routing_persistent_hotspot_cluster3,28,discovery,remaining,1,specimen_transfer:+1x0.05,2046202.1693105698,0.0013486146926879883,0.353529691696167
62,60|61,routing_persistent_hotspot_cluster3,28,discovery,remaining,2,specimen_transfer:-1x0.05,-191619.24951434135,-0.0011054277420043945,-0.3365325927734375
62,60|61,routing_persistent_hotspot_cluster3,28,discovery,remaining,3,specimen_transfer:+1x0.1,1795676.6093468666,0.0026706457138061523,0.7079000473022461
62,60|61,routing_persistent_hotspot_cluster3,28,discovery,remaining,4,specimen_transfer:-1x0.1,-1721411.112997055,-0.0022615790367126465,-0.6909022331237793
62,60|61,routing_persistent_hotspot_cluster3,29,discovery,remaining,0,mdl2,0.0,0.0,0.0
62,60|61,routing_persistent_hotspot_cluster3,29,discovery,remaining,1,specimen_transfer:+1x0.05,441135.79865312576,0.0012094378471374512,0.32433128356933594
62,60|61,routing_persistent_hotspot_cluster3,29,discovery,remaining,2,specimen_transfer:-1x0.05,73053.40467071533,-0.001209557056427002,-0.3248405456542969
62,60|61,routing_persistent_hotspot_cluster3,29,discovery,remaining,3,specimen_transfer:+1x0.1,1963487.860896349,0.002397775650024414,0.6147270202636719
62,60|61,routing_persistent_hotspot_cluster3,29,discovery,remaining,4,specimen_transfer:-1x0.1,1799783.2917661667,-0.002397775650024414,-0.6158351898193359
62,60|61,routing_persistent_hotspot_cluster3,30,discovery,remaining,0,mdl2,0.0,0.0,0.0
62,60|61,routing_persistent_hotspot_cluster3,30,discovery,remaining,1,specimen_transfer:+1x0.05,632104.0275084972,0.0014232993125915527,0.32643604278564453
62,60|61,routing_persistent_hotspot_cluster3,30,discovery,remaining,2,specimen_transfer:-1x0.05,679187.2305631638,-0.0014303922653198242,-0.32643604278564453
62,60|61,routing_persistent_hotspot_cluster3,30,discovery,remaining,3,specimen_transfer:+1x0.1,681811.5103621483,0.002579629421234131,0.6148533821105957
62,60|61,routing_persistent_hotspot_cluster3,30,discovery,remaining,4,specimen_transfer:-1x0.1,997356.1749510765,-0.0025938749313354492,-0.6148538589477539
62,60|61,routing_persistent_hotspot_cluster3,31,discovery,remaining,0,mdl2,0.0,0.0,0.0
62,60|61,routing_persistent_hotspot_cluster3,31,discovery,remaining,1,specimen_transfer:+1x0.05,-577184.4623875618,0.0009566545486450195,0.29972076416015625
62,60|61,routing_persistent_hotspot_cluster3,31,discovery,remaining,2,specimen_transfer:-1x0.05,248207.71371936798,-0.0009566545486450195,-0.30322742462158203
62,60|61,routing_persistent_hotspot_cluster3,31,discovery,remaining,3,specimen_transfer:+1x0.1,-1060392.1948525906,0.001731574535369873,0.5944128036499023
62,60|61,routing_persistent_hotspot_cluster3,31,discovery,remaining,4,specimen_transfer:-1x0.1,-832729.2067623138,-0.0016713142395019531,-0.6016092300415039
62,60|61,routing_persistent_hotspot_cluster3,32,discovery,remaining,0,mdl2,0.0,0.0,0.0
62,60|61,routing_persistent_hotspot_cluster3,32,discovery,remaining,1,specimen_transfer:+1x0.05,-124890.4671216011,0.0006561279296875,0.269899845123291
62,60|61,routing_persistent_hotspot_cluster3,32,discovery,remaining,2,specimen_transfer:-1x0.05,-842527.3213942051,-0.0006560087203979492,-0.2699012756347656
62,60|61,routing_persistent_hotspot_cluster3,32,discovery,remaining,3,specimen_transfer:+1x0.1,56252.93203878403,0.0008821487426757812,0.5271086692810059
62,60|61,routing_persistent_hotspot_cluster3,32,discovery,remaining,4,specimen_transfer:-1x0.1,-170256.11465764046,-0.0008820891380310059,-0.5271086692810059
62,60|61,routing_persistent_hotspot_cluster3,33,discovery,remaining,0,mdl2,0.0,0.0,0.0
62,60|61,routing_persistent_hotspot_cluster3,33,discovery,remaining,1,specimen_transfer:+1x0.05,220645.84033632278,0.0004737377166748047,0.26934814453125
62,60|61,routing_persistent_hotspot_cluster3,33,discovery,remaining,2,specimen_transfer:-1x0.05,-1664051.3684930801,-0.0004737377166748047,-0.2693462371826172
62,60|61,routing_persistent_hotspot_cluster3,33,discovery,remaining,3,specimen_transfer:+1x0.1,-178981.35755443573,0.0008515119552612305,0.5338525772094727
62,60|61,routing_persistent_hotspot_cluster3,33,discovery,remaining,4,specimen_transfer:-1x0.1,-1015350.4549238682,-0.0008413195610046387,-0.5338506698608398
62,60|61,routing_persistent_hotspot_cluster3,34,discovery,remaining,0,mdl2,0.0,0.0,0.0
62,60|61,routing_persistent_hotspot_cluster3,34,discovery,remaining,1,specimen_transfer:+1x0.05,3600.1537212133408,0.0005217194557189941,0.2554445266723633
62,60|61,routing_persistent_hotspot_cluster3,34,discovery,remaining,2,specimen_transfer:-1x0.05,805640.5567028522,-0.0005216002464294434,-0.25482988357543945
62,60|61,routing_persistent_hotspot_cluster3,34,discovery,remaining,3,specimen_transfer:+1x0.1,2376397.583667636,0.001384735107421875,0.576993465423584
62,60|61,routing_persistent_hotspot_cluster3,34,discovery,remaining,4,specimen_transfer:-1x0.1,1989897.1304736137,-0.0013845562934875488,-0.5753717422485352
62,60|61,routing_persistent_hotspot_cluster3,35,discovery,remaining,0,mdl2,0.0,0.0,0.0
62,60|61,routing_persistent_hotspot_cluster3,35,discovery,remaining,1,specimen_transfer:+1x0.05,531348.4703614712,0.0005556344985961914,0.26076173782348633
62,60|61,routing_persistent_hotspot_cluster3,35,discovery,remaining,2,specimen_transfer:-1x0.05,689538.008490324,-0.0005091428756713867,-0.26076221466064453
62,60|61,routing_persistent_hotspot_cluster3,35,discovery,remaining,3,specimen_transfer:+1x0.1,2983544.256195307,0.0008940696716308594,0.545598030090332
62,60|61,routing_persistent_hotspot_cluster3,35,discovery,remaining,4,specimen_transfer:-1x0.1,858925.3704633713,-0.0007852911949157715,-0.5455989837646484
62,60|61,routing_persistent_hotspot_cluster3,36,discovery,remaining,0,mdl2,0.0,0.0,0.0
62,60|61,routing_persistent_hotspot_cluster3,36,discovery,remaining,1,specimen_transfer:+1x0.05,-663307.0140211582,0.0005418062210083008,0.25993824005126953
62,60|61,routing_persistent_hotspot_cluster3,36,discovery,remaining,2,specimen_transfer:-1x0.05,-204808.52871131897,-0.0005416274070739746,-0.25993919372558594
62,60|61,routing_persistent_hotspot_cluster3,36,discovery,remaining,3,specimen_transfer:+1x0.1,-169851.9499309063,0.001684427261352539,0.5080885887145996
62,60|61,routing_persistent_hotspot_cluster3,36,discovery,remaining,4,specimen_transfer:-1x0.1,508794.4387874603,-0.0016843676567077637,-0.508089542388916
62,60|61,routing_persistent_hotspot_cluster3,37,discovery,remaining,0,mdl2,0.0,0.0,0.0
62,60|61,routing_persistent_hotspot_cluster3,37,discovery,remaining,1,specimen_transfer:+1x0.05,-65554.5896935463,0.0003699064254760742,0.28376150131225586
62,60|61,routing_persistent_hotspot_cluster3,37,discovery,remaining,2,specimen_transfer:-1x0.05,559227.6225942373,-0.000370025634765625,-0.28376245498657227
62,60|61,routing_persistent_hotspot_cluster3,37,discovery,remaining,3,specimen_transfer:+1x0.1,398246.1820693016,0.0006982088088989258,0.5652575492858887
62,60|61,routing_persistent_hotspot_cluster3,37,discovery,remaining,4,specimen_transfer:-1x0.1,2091317.6229150295,-0.0006983280181884766,-0.5652570724487305
62,60|61,routing_persistent_hotspot_cluster3,38,discovery,remaining,0,mdl2,0.0,0.0,0.0
62,60|61,routing_persistent_hotspot_cluster3,38,discovery,remaining,1,specimen_transfer:+1x0.05,266240.17536115646,0.00023001432418823242,0.27984189987182617
62,60|61,routing_persistent_hotspot_cluster3,38,discovery,remaining,2,specimen_transfer:-1x0.05,-379091.82351875305,-0.0002544522285461426,-0.2798442840576172
62,60|61,routing_persistent_hotspot_cluster3,38,discovery,remaining,3,specimen_transfer:+1x0.1,378869.2027647495,0.0002752542495727539,0.5611701011657715
62,60|61,routing_persistent_hotspot_cluster3,38,discovery,remaining,4,specimen_transfer:-1x0.1,-183870.18556952477,-0.00027120113372802734,-0.5611701011657715
62,60|61,routing_persistent_hotspot_cluster3,39,discovery,remaining,0,mdl2,0.0,0.0,0.0
62,60|61,routing_persistent_hotspot_cluster3,39,discovery,remaining,1,specimen_transfer:+1x0.05,-1712666.3529565334,-0.00046759843826293945,0.2523350715637207
62,60|61,routing_persistent_hotspot_cluster3,39,discovery,remaining,2,specimen_transfer:-1x0.05,-790649.4956941605,0.00046497583389282227,-0.2485036849975586
62,60|61,routing_persistent_hotspot_cluster3,39,discovery,remaining,3,specimen_transfer:+1x0.1,-2035531.7862102985,-0.00033670663833618164,0.5434849262237549
62,60|61,routing_persistent_hotspot_cluster3,39,discovery,remaining,4,specimen_transfer:-1x0.1,-1097004.5483808517,0.0002948641777038574,-0.5124225616455078
62,60|61,routing_persistent_hotspot_cluster3,40,discovery,remaining,0,mdl2,0.0,0.0,0.0
62,60|61,routing_persistent_hotspot_cluster3,40,discovery,remaining,1,specimen_transfer:+1x0.05,-1447162.7592449188,-0.00014716386795043945,0.29304075241088867
62,60|61,routing_persistent_hotspot_cluster3,40,discovery,remaining,2,specimen_transfer:-1x0.05,-2804927.5683443546,0.0002509951591491699,-0.27231431007385254
62,60|61,routing_persistent_hotspot_cluster3,40,discovery,remaining,3,specimen_transfer:+1x0.1,-331463.50686860085,-0.0008147954940795898,0.6232330799102783
62,60|61,routing_persistent_hotspot_cluster3,40,discovery,remaining,4,specimen_transfer:-1x0.1,-2189337.3538594246,0.0010619163513183594,-0.4955627918243408
62,60|61,routing_persistent_hotspot_cluster3,41,discovery,remaining,0,mdl2,0.0,0.0,0.0
62,60|61,routing_persistent_hotspot_cluster3,41,discovery,remaining,1,specimen_transfer:+1x0.05,-2652291.3157891035,-0.0004126429557800293,0.2719237804412842
62,60|61,routing_persistent_hotspot_cluster3,41,discovery,remaining,2,specimen_transfer:-1x0.05,-1393346.6002447605,0.0005947351455688477,-0.25850963592529297
62,60|61,routing_persistent_hotspot_cluster3,41,discovery,remaining,3,specimen_transfer:+1x0.1,-1877605.4326572418,-0.0006806254386901855,0.5490720272064209
62,60|61,routing_persistent_hotspot_cluster3,41,discovery,remaining,4,specimen_transfer:-1x0.1,-1745437.9987291098,0.0011430978775024414,-0.5099434852600098
62,60|61,routing_persistent_hotspot_cluster3,42,discovery,remaining,0,mdl2,0.0,0.0,0.0
62,60|61,routing_persistent_hotspot_cluster3,42,discovery,remaining,1,specimen_transfer:+1x0.05,-481284.16077947617,-6.16908073425293e-05,0.6321547031402588
62,60|61,routing_persistent_hotspot_cluster3,42,discovery,remaining,2,specimen_transfer:-1x0.05,-1024382.1475018263,0.0001023411750793457,-0.5839369297027588
62,60|61,routing_persistent_hotspot_cluster3,42,discovery,remaining,3,specimen_transfer:+1x0.1,-1955594.324300766,0.00017088651657104492,1.2769250869750977
62,60|61,routing_persistent_hotspot_cluster3,42,discovery,remaining,4,specimen_transfer:-1x0.1,-1309102.6654949188,-5.3763389587402344e-05,-0.9899065494537354
62,60|61,routing_persistent_hotspot_cluster3,43,discovery,remaining,0,mdl2,0.0,0.0,0.0
62,60|61,routing_persistent_hotspot_cluster3,43,discovery,remaining,1,specimen_transfer:+1x0.05,-2201371.966532707,-0.0002288222312927246,0.4665902853012085
62,60|61,routing_persistent_hotspot_cluster3,43,discovery,remaining,2,specimen_transfer:-1x0.05,-1058982.5131778717,0.0002480149269104004,-0.5244538187980652
62,60|61,routing_persistent_hotspot_cluster3,43,discovery,remaining,3,specimen_transfer:+1x0.1,-821163.2480547428,-0.00038230419158935547,0.8687066435813904
62,60|61,routing_persistent_hotspot_cluster3,43,discovery,remaining,4,specimen_transfer:-1x0.1,-780822.0375950336,0.0004533529281616211,-1.122199535369873
62,60|61,routing_persistent_hotspot_cluster3,44,discovery,remaining,0,mdl2,0.0,0.0,0.0
62,60|61,routing_persistent_hotspot_cluster3,44,discovery,remaining,1,specimen_transfer:+1x0.05,-1081416.5892558098,0.0009014010429382324,0.3235647678375244
62,60|61,routing_persistent_hotspot_cluster3,44,discovery,remaining,2,specimen_transfer:-1x0.05,-910702.4342538118,-0.0009014010429382324,-0.3322538137435913
62,60|61,routing_persistent_hotspot_cluster3,44,discovery,remaining,3,specimen_transfer:+1x0.1,414743.0780671835,0.0012130141258239746,0.6004770994186401
62,60|61,routing_persistent_hotspot_cluster3,44,discovery,remaining,4,specimen_transfer:-1x0.1,-1044468.2979432344,-0.0012128949165344238,-0.7315396070480347
62,60|61,routing_persistent_hotspot_cluster3,45,discovery,remaining,0,mdl2,0.0,0.0,0.0
62,60|61,routing_persistent_hotspot_cluster3,45,discovery,remaining,1,specimen_transfer:+1x0.05,395916.9154291153,0.0012083649635314941,0.04715251922607422
62,60|61,routing_persistent_hotspot_cluster3,45,discovery,remaining,2,specimen_transfer:-1x0.05,-1038868.79885149,-0.0012082457542419434,-0.06190943717956543
62,60|61,routing_persistent_hotspot_cluster3,45,discovery,remaining,3,specimen_transfer:+1x0.1,2847721.95929724,0.0023227930068969727,0.09308052062988281
62,60|61,routing_persistent_hotspot_cluster3,45,discovery,remaining,4,specimen_transfer:-1x0.1,-1206412.933810234,-0.0022971034049987793,-0.1536186933517456
62,60|61,routing_persistent_hotspot_cluster3,46,discovery,remaining,0,mdl2,0.0,0.0,0.0
62,60|61,routing_persistent_hotspot_cluster3,46,discovery,remaining,1,specimen_transfer:+1x0.05,1869176.0436573029,0.0006654858589172363,0.08621406555175781
62,60|61,routing_persistent_hotspot_cluster3,46,discovery,remaining,2,specimen_transfer:-1x0.05,-1458022.5544543266,-0.0006656646728515625,-0.167167067527771
62,60|61,routing_persistent_hotspot_cluster3,46,discovery,remaining,3,specimen_transfer:+1x0.1,1624893.5801659822,0.0014261603355407715,0.16474473476409912
62,60|61,routing_persistent_hotspot_cluster3,46,discovery,remaining,4,specimen_transfer:-1x0.1,-3571427.140397489,-0.0014261603355407715,-0.381760835647583
62,60|61,routing_persistent_hotspot_cluster3,47,discovery,remaining,0,mdl2,0.0,0.0,0.0
62,60|61,routing_persistent_hotspot_cluster3,47,discovery,remaining,1,specimen_transfer:+1x0.05,383537.7700968981,0.0009022653102874756,0.17072725296020508
62,60|61,routing_persistent_hotspot_cluster3,47,discovery,remaining,2,specimen_transfer:-1x0.05,-1309883.1994399428,-0.0009001493453979492,-0.20160973072052002
62,60|61,routing_persistent_hotspot_cluster3,47,discovery,remaining,3,specimen_transfer:+1x0.1,837571.0238332152,0.002130359411239624,0.316015362739563
62,60|61,routing_persistent_hotspot_cluster3,47,discovery,remaining,4,specimen_transfer:-1x0.1,-1736973.3687317371,-0.002125948667526245,-0.43342125415802
62,60|61,routing_persistent_hotspot_cluster3,48,discovery,remaining,0,mdl2,0.0,0.0,0.0
62,60|61,routing_persistent_hotspot_cluster3,48,discovery,remaining,1,specimen_transfer:+1x0.05,1145764.9658625722,0.0012307465076446533,0.03505229949951172
62,60|61,routing_persistent_hotspot_cluster3,48,discovery,remaining,2,specimen_transfer:-1x0.05,-1802745.3511528373,-0.001230865716934204,-0.04763829708099365
62,60|61,routing_persistent_hotspot_cluster3,48,discovery,remaining,3,specimen_transfer:+1x0.1,822918.6675594449,0.002106189727783203,0.07259225845336914
62,60|61,routing_persistent_hotspot_cluster3,48,discovery,remaining,4,specimen_transfer:-1x0.1,-2250317.0079948306,-0.0020805299282073975,-0.11420989036560059
62,60|61,routing_persistent_hotspot_cluster3,49,discovery,remaining,0,mdl2,0.0,0.0,0.0
62,60|61,routing_persistent_hotspot_cluster3,49,discovery,remaining,1,specimen_transfer:+1x0.05,160234.24362114072,0.0009323358535766602,0.04333770275115967
62,60|61,routing_persistent_hotspot_cluster3,49,discovery,remaining,2,specimen_transfer:-1x0.05,-353872.1922993362,-0.0009323954582214355,-0.05794382095336914
62,60|61,routing_persistent_hotspot_cluster3,49,discovery,remaining,3,specimen_transfer:+1x0.1,186968.07904714346,0.0014935135841369629,0.07844483852386475
62,60|61,routing_persistent_hotspot_cluster3,49,discovery,remaining,4,specimen_transfer:-1x0.1,-513484.5414443016,-0.0014935433864593506,-0.12325763702392578
62,60|61,routing_persistent_hotspot_cluster3,50,discovery,remaining,0,mdl2,0.0,0.0,0.0
62,60|61,routing_persistent_hotspot_cluster3,50,discovery,remaining,1,specimen_transfer:+1x0.05,450259.87353885174,0.0007859468460083008,0.033025264739990234
62,60|61,routing_persistent_hotspot_cluster3,50,discovery,remaining,2,specimen_transfer:-1x0.05,-1118915.8536613584,-0.00078582763671875,-0.03375661373138428
62,60|61,routing_persistent_hotspot_cluster3,50,discovery,remaining,3,specimen_transfer:+1x0.1,-1395776.574504435,0.0013696849346160889,0.07109224796295166
62,60|61,routing_persistent_hotspot_cluster3,50,discovery,remaining,4,specimen_transfer:-1x0.1,-1386136.4869637191,-0.001369565725326538,-0.07425618171691895
62,60|61,routing_persistent_hotspot_cluster3,51,discovery,remaining,0,mdl2,0.0,0.0,0.0
62,60|61,routing_persistent_hotspot_cluster3,51,discovery,remaining,1,specimen_transfer:+1x0.05,-475710.7436929047,0.0011105835437774658,0.05219078063964844
62,60|61,routing_persistent_hotspot_cluster3,51,discovery,remaining,2,specimen_transfer:-1x0.05,-1698710.5638923794,-0.0011107027530670166,-0.07391357421875
62,60|61,routing_persistent_hotspot_cluster3,51,discovery,remaining,3,specimen_transfer:+1x0.1,-2801713.454130858,0.0013499557971954346,0.08534896373748779
62,60|61,routing_persistent_hotspot_cluster3,51,discovery,remaining,4,specimen_transfer:-1x0.1,-1550230.4443391263,-0.0013499557971954346,-0.16198623180389404
62,60|61,routing_persistent_hotspot_cluster3,0,validation,remaining,0,mdl2,0.0,0.0,0.0
62,60|61,routing_persistent_hotspot_cluster3,0,validation,remaining,1,specimen_transfer:+1x0.05,0.0,-0.0005163252353668213,-0.15009379386901855
62,60|61,routing_persistent_hotspot_cluster3,0,validation,remaining,2,specimen_transfer:-1x0.05,0.0,0.0005230531096458435,0.15053939819335938
62,60|61,routing_persistent_hotspot_cluster3,0,validation,remaining,3,specimen_transfer:+1x0.1,0.0,-0.0010209009051322937,-0.3001856803894043
62,60|61,routing_persistent_hotspot_cluster3,0,validation,remaining,4,specimen_transfer:-1x0.1,0.0,0.0010460913181304932,0.29604482650756836
62,60|61,routing_persistent_hotspot_cluster3,1,validation,remaining,0,mdl2,0.0,0.0,0.0
62,60|61,routing_persistent_hotspot_cluster3,1,validation,remaining,1,specimen_transfer:+1x0.05,-29949457.242864132,-0.00040046870708465576,-0.0878438949584961
62,60|61,routing_persistent_hotspot_cluster3,1,validation,remaining,2,specimen_transfer:-1x0.05,12207639.89485693,0.00040049850940704346,0.08784270286560059
62,60|61,routing_persistent_hotspot_cluster3,1,validation,remaining,3,specimen_transfer:+1x0.1,-74710530.10313606,-0.0007162392139434814,-0.16776275634765625
62,60|61,routing_persistent_hotspot_cluster3,1,validation,remaining,4,specimen_transfer:-1x0.1,5316962.180446148,0.0006983950734138489,0.16800546646118164
62,60|61,routing_persistent_hotspot_cluster3,2,validation,remaining,0,mdl2,0.0,0.0,0.0
62,60|61,routing_persistent_hotspot_cluster3,2,validation,remaining,1,specimen_transfer:+1x0.05,1150083.9085760117,-0.0005603358149528503,-0.057697296142578125
62,60|61,routing_persistent_hotspot_cluster3,2,validation,remaining,2,specimen_transfer:-1x0.05,-932505.9219565392,0.0005247890949249268,0.048964738845825195
62,60|61,routing_persistent_hotspot_cluster3,2,validation,remaining,3,specimen_transfer:+1x0.1,6276371.7478375435,-0.0010684952139854431,-0.10094404220581055
62,60|61,routing_persistent_hotspot_cluster3,2,validation,remaining,4,specimen_transfer:-1x0.1,-1879299.240644455,0.0010329261422157288,0.08577418327331543
62,60|61,routing_persistent_hotspot_cluster3,3,validation,remaining,0,mdl2,0.0,0.0,0.0
62,60|61,routing_persistent_hotspot_cluster3,3,validation,remaining,1,specimen_transfer:+1x0.05,-2613648.6592793465,-0.0007468312978744507,0.041583895683288574
62,60|61,routing_persistent_hotspot_cluster3,3,validation,remaining,2,specimen_transfer:-1x0.05,-286986.66086292267,0.0007744506001472473,-0.033533334732055664
62,60|61,routing_persistent_hotspot_cluster3,3,validation,remaining,3,specimen_transfer:+1x0.1,-2147359.416718483,-0.0015990063548088074,0.09743332862854004
62,60|61,routing_persistent_hotspot_cluster3,3,validation,remaining,4,specimen_transfer:-1x0.1,-15505511.324097157,0.0015519782900810242,-0.07991814613342285
62,60|61,routing_persistent_hotspot_cluster3,4,validation,remaining,0,mdl2,0.0,0.0,0.0
62,60|61,routing_persistent_hotspot_cluster3,4,validation,remaining,1,specimen_transfer:+1x0.05,-1652652.2610640526,-0.0017521381378173828,-0.0009014606475830078
62,60|61,routing_persistent_hotspot_cluster3,4,validation,remaining,2,specimen_transfer:-1x0.05,-372465.7095589638,0.001764923334121704,-0.0015664100646972656
62,60|61,routing_persistent_hotspot_cluster3,4,validation,remaining,3,specimen_transfer:+1x0.1,-2224164.942179203,-0.0035478249192237854,-0.010688304901123047
62,60|61,routing_persistent_hotspot_cluster3,4,validation,remaining,4,specimen_transfer:-1x0.1,-2613269.1488952637,0.0037223994731903076,0.0017139911651611328
62,60|61,routing_persistent_hotspot_cluster3,5,validation,remaining,0,mdl2,0.0,0.0,0.0
62,60|61,routing_persistent_hotspot_cluster3,5,validation,remaining,1,specimen_transfer:+1x0.05,-3830139.9844818115,-0.0016962438821792603,0.056638360023498535
62,60|61,routing_persistent_hotspot_cluster3,5,validation,remaining,2,specimen_transfer:-1x0.05,-943102.3759250641,0.0017292201519012451,-0.05180943012237549
62,60|61,routing_persistent_hotspot_cluster3,5,validation,remaining,3,specimen_transfer:+1x0.1,-7577315.497820854,-0.003381490707397461,0.10423457622528076
62,60|61,routing_persistent_hotspot_cluster3,5,validation,remaining,4,specimen_transfer:-1x0.1,-2897587.199276924,0.003420799970626831,-0.10967063903808594
62,60|61,routing_persistent_hotspot_cluster3,6,validation,remaining,0,mdl2,0.0,0.0,0.0
62,60|61,routing_persistent_hotspot_cluster3,6,validation,remaining,1,specimen_transfer:+1x0.05,2245281.829112053,-0.0017428994178771973,0.25358259677886963
62,60|61,routing_persistent_hotspot_cluster3,6,validation,remaining,2,specimen_transfer:-1x0.05,330564.6027469635,0.001743018627166748,-0.18760204315185547
62,60|61,routing_persistent_hotspot_cluster3,6,validation,remaining,3,specimen_transfer:+1x0.1,-1182092.1848278046,-0.0031090974807739258,0.5465446710586548
62,60|61,routing_persistent_hotspot_cluster3,6,validation,remaining,4,specimen_transfer:-1x0.1,-5072737.359514236,0.003109067678451538,-0.34151434898376465
62,60|61,routing_persistent_hotspot_cluster3,7,validation,remaining,0,mdl2,0.0,0.0,0.0
62,60|61,routing_persistent_hotspot_cluster3,7,validation,remaining,1,specimen_transfer:+1x0.05,-1080326.704284668,-0.0009363293647766113,0.3254510164260864
62,60|61,routing_persistent_hotspot_cluster3,7,validation,remaining,2,specimen_transfer:-1x0.05,5135463.351382256,0.0010094642639160156,-0.23883414268493652
62,60|61,routing_persistent_hotspot_cluster3,7,validation,remaining,3,specimen_transfer:+1x0.1,1164082.1465063095,-0.0014021694660186768,0.754729151725769
62,60|61,routing_persistent_hotspot_cluster3,7,validation,remaining,4,specimen_transfer:-1x0.1,3958726.6925969124,0.0015426874160766602,-0.4680898189544678
62,60|61,routing_persistent_hotspot_cluster3,8,validation,remaining,0,mdl2,0.0,0.0,0.0
62,60|61,routing_persistent_hotspot_cluster3,8,validation,remaining,1,specimen_transfer:+1x0.05,-8841925.84713173,-0.0005438029766082764,0.6277366876602173
62,60|61,routing_persistent_hotspot_cluster3,8,validation,remaining,2,specimen_transfer:-1x0.05,723658.7652907372,0.00016048550605773926,-0.6379362344741821
62,60|61,routing_persistent_hotspot_cluster3,8,validation,remaining,3,specimen_transfer:+1x0.1,-7285907.588079929,-0.0010514259338378906,1.218162178993225
62,60|61,routing_persistent_hotspot_cluster3,8,validation,remaining,4,specimen_transfer:-1x0.1,2007424.9843378067,0.0006681382656097412,-1.208362340927124
62,60|61,routing_persistent_hotspot_cluster3,9,validation,remaining,0,mdl2,0.0,0.0,0.0
62,60|61,routing_persistent_hotspot_cluster3,9,validation,remaining,1,specimen_transfer:+1x0.05,-3243740.7221426964,-0.0007980763912200928,0.44190865755081177
62,60|61,routing_persistent_hotspot_cluster3,9,validation,remaining,2,specimen_transfer:-1x0.05,491557.6236243248,0.0007979869842529297,-0.445956289768219
62,60|61,routing_persistent_hotspot_cluster3,9,validation,remaining,3,specimen_transfer:+1x0.1,-8837843.289009094,-0.0009881556034088135,0.8136219382286072
62,60|61,routing_persistent_hotspot_cluster3,9,validation,remaining,4,specimen_transfer:-1x0.1,4720587.233279228,0.0009807348251342773,-0.9105851650238037
62,60|61,routing_persistent_hotspot_cluster3,10,validation,remaining,0,mdl2,0.0,0.0,0.0
62,60|61,routing_persistent_hotspot_cluster3,10,validation,remaining,1,specimen_transfer:+1x0.05,-2249220.940384865,-0.0001316666603088379,0.2509128451347351
62,60|61,routing_persistent_hotspot_cluster3,10,validation,remaining,2,specimen_transfer:-1x0.05,2837704.329433441,0.0001315772533416748,-0.27081426978111267
62,60|61,routing_persistent_hotspot_cluster3,10,validation,remaining,3,specimen_transfer:+1x0.1,-2736968.057697773,-0.00015333294868469238,0.4818519353866577
62,60|61,routing_persistent_hotspot_cluster3,10,validation,remaining,4,specimen_transfer:-1x0.1,3841743.3722376823,0.00017702579498291016,-0.6759544014930725
62,60|61,routing_persistent_hotspot_cluster3,11,validation,remaining,0,mdl2,0.0,0.0,0.0
62,60|61,routing_persistent_hotspot_cluster3,11,validation,remaining,1,specimen_transfer:+1x0.05,-3733442.5002155304,0.0006191134452819824,0.4665217399597168
62,60|61,routing_persistent_hotspot_cluster3,11,validation,remaining,2,specimen_transfer:-1x0.05,931945.5341286659,-0.0006707310676574707,-0.44829440116882324
62,60|61,routing_persistent_hotspot_cluster3,11,validation,remaining,3,specimen_transfer:+1x0.1,-5834157.034090519,0.001156628131866455,0.8939838409423828
62,60|61,routing_persistent_hotspot_cluster3,11,validation,remaining,4,specimen_transfer:-1x0.1,4457678.143823147,-0.0012081265449523926,-0.8558449745178223
62,60|61,routing_persistent_hotspot_cluster3,12,validation,remaining,0,mdl2,0.0,0.0,0.0
62,60|61,routing_persistent_hotspot_cluster3,12,validation,remaining,1,specimen_transfer:+1x0.05,-963715.0666432381,0.0008566379547119141,0.5204864740371704
62,60|61,routing_persistent_hotspot_cluster3,12,validation,remaining,2,specimen_transfer:-1x0.05,1065202.7238855362,-0.0010052919387817383,-0.540979266166687
62,60|61,routing_persistent_hotspot_cluster3,12,validation,remaining,3,specimen_transfer:+1x0.1,2183478.981470108,0.0017707347869873047,0.8973417282104492
62,60|61,routing_persistent_hotspot_cluster3,12,validation,remaining,4,specimen_transfer:-1x0.1,3498624.9057412148,-0.0019184350967407227,-0.9932368397712708
62,60|61,routing_persistent_hotspot_cluster3,13,validation,remaining,0,mdl2,0.0,0.0,0.0
62,60|61,routing_persistent_hotspot_cluster3,13,validation,remaining,1,specimen_transfer:+1x0.05,329403.00426483154,0.0009696483612060547,0.5176429748535156
62,60|61,routing_persistent_hotspot_cluster3,13,validation,remaining,2,specimen_transfer:-1x0.05,-1674597.7497692108,-0.001116931438446045,-0.5248143076896667
62,60|61,routing_persistent_hotspot_cluster3,13,validation,remaining,3,specimen_transfer:+1x0.1,1626877.9289221764,0.0016088485717773438,0.9956371784210205
62,60|61,routing_persistent_hotspot_cluster3,13,validation,remaining,4,specimen_transfer:-1x0.1,-3113842.2828354836,-0.0017223954200744629,-1.0563576221466064
62,60|61,routing_persistent_hotspot_cluster3,14,validation,remaining,0,mdl2,0.0,0.0,0.0
62,60|61,routing_persistent_hotspot_cluster3,14,validation,remaining,1,specimen_transfer:+1x0.05,-110354.7210392952,0.0006795525550842285,0.519631028175354
62,60|61,routing_persistent_hotspot_cluster3,14,validation,remaining,2,specimen_transfer:-1x0.05,2263176.9605202675,-0.0010010004043579102,-0.5092546343803406
62,60|61,routing_persistent_hotspot_cluster3,14,validation,remaining,3,specimen_transfer:+1x0.1,1974592.9633259773,0.0016990303993225098,1.0180398225784302
62,60|61,routing_persistent_hotspot_cluster3,14,validation,remaining,4,specimen_transfer:-1x0.1,2723898.6266360283,-0.0023438334465026855,-0.9930641055107117
62,60|61,routing_persistent_hotspot_cluster3,15,validation,remaining,0,mdl2,0.0,0.0,0.0
62,60|61,routing_persistent_hotspot_cluster3,15,validation,remaining,1,specimen_transfer:+1x0.05,3272548.5129938126,0.0008971691131591797,0.39555370807647705
62,60|61,routing_persistent_hotspot_cluster3,15,validation,remaining,2,specimen_transfer:-1x0.05,901929.8389463425,-0.0008970499038696289,-0.3979262113571167
62,60|61,routing_persistent_hotspot_cluster3,15,validation,remaining,3,specimen_transfer:+1x0.1,4203967.656537056,0.0018500685691833496,0.734510600566864
62,60|61,routing_persistent_hotspot_cluster3,15,validation,remaining,4,specimen_transfer:-1x0.1,2565628.9144382477,-0.0018500089645385742,-0.7392035722732544
62,60|61,routing_persistent_hotspot_cluster3,16,validation,remaining,0,mdl2,0.0,0.0,0.0
62,60|61,routing_persistent_hotspot_cluster3,16,validation,remaining,1,specimen_transfer:+1x0.05,1352456.7988562584,0.0007407069206237793,0.3631488084793091
62,60|61,routing_persistent_hotspot_cluster3,16,validation,remaining,2,specimen_transfer:-1x0.05,1118417.7441706657,-0.0007408857345581055,-0.3631479740142822
62,60|61,routing_persistent_hotspot_cluster3,16,validation,remaining,3,specimen_transfer:+1x0.1,3492798.165664196,0.0012843012809753418,0.724799633026123
62,60|61,routing_persistent_hotspot_cluster3,16,validation,remaining,4,specimen_transfer:-1x0.1,2859061.9078803062,-0.0012843012809753418,-0.7201601266860962
62,60|61,routing_persistent_hotspot_cluster3,17,validation,remaining,0,mdl2,0.0,0.0,0.0
62,60|61,routing_persistent_hotspot_cluster3,17,validation,remaining,1,specimen_transfer:+1x0.05,81787.82341957092,0.0005117654800415039,0.40511325001716614
62,60|61,routing_persistent_hotspot_cluster3,17,validation,remaining,2,specimen_transfer:-1x0.05,-874165.049437046,-0.0005116462707519531,-0.3998851180076599
62,60|61,routing_persistent_hotspot_cluster3,17,validation,remaining,3,specimen_transfer:+1x0.1,1704552.279481411,0.0009757876396179199,0.7982394099235535
62,60|61,routing_persistent_hotspot_cluster3,17,validation,remaining,4,specimen_transfer:-1x0.1,-1111510.9401946068,-0.0009756684303283691,-0.7623998522758484
62,60|61,routing_persistent_hotspot_cluster3,18,validation,remaining,0,mdl2,0.0,0.0,0.0
62,60|61,routing_persistent_hotspot_cluster3,18,validation,remaining,1,specimen_transfer:+1x0.05,-3232223.328145504,0.0004367232322692871,0.44642284512519836
62,60|61,routing_persistent_hotspot_cluster3,18,validation,remaining,2,specimen_transfer:-1x0.05,-2350576.345320463,-0.0005217194557189941,-0.4336659908294678
62,60|61,routing_persistent_hotspot_cluster3,18,validation,remaining,3,specimen_transfer:+1x0.1,-2897971.307923794,0.0008820891380310059,0.8692660927772522
62,60|61,routing_persistent_hotspot_cluster3,18,validation,remaining,4,specimen_transfer:-1x0.1,-2276013.551305294,-0.0008667111396789551,-0.8017480373382568
62,60|61,routing_persistent_hotspot_cluster3,19,validation,remaining,0,mdl2,0.0,0.0,0.0
62,60|61,routing_persistent_hotspot_cluster3,19,validation,remaining,1,specimen_transfer:+1x0.05,-926975.0565340519,0.0005457401275634766,0.436131089925766
62,60|61,routing_persistent_hotspot_cluster3,19,validation,remaining,2,specimen_transfer:-1x0.05,734767.238171339,-0.0005456209182739258,-0.42581719160079956
62,60|61,routing_persistent_hotspot_cluster3,19,validation,remaining,3,specimen_transfer:+1x0.1,651528.2137653828,0.0007581710815429688,0.877232551574707
62,60|61,routing_persistent_hotspot_cluster3,19,validation,remaining,4,specimen_transfer:-1x0.1,1667526.9185769558,-0.0006753206253051758,-0.8673964142799377
62,60|61,routing_persistent_hotspot_cluster3,20,validation,remaining,0,mdl2,0.0,0.0,0.0
62,60|61,routing_persistent_hotspot_cluster3,20,validation,remaining,1,specimen_transfer:+1x0.05,-682251.7144732475,0.00021958351135253906,0.6524845361709595
62,60|61,routing_persistent_hotspot_cluster3,20,validation,remaining,2,specimen_transfer:-1x0.05,1325043.3549377918,-0.0005761981010437012,-0.4991166591644287
62,60|61,routing_persistent_hotspot_cluster3,20,validation,remaining,3,specimen_transfer:+1x0.1,-2381319.224973917,0.0008585453033447266,1.3318740129470825
62,60|61,routing_persistent_hotspot_cluster3,20,validation,remaining,4,specimen_transfer:-1x0.1,5413484.894898653,-0.001332700252532959,-0.8354470729827881
62,60|61,routing_persistent_hotspot_cluster3,21,validation,remaining,0,mdl2,0.0,0.0,0.0
62,60|61,routing_persistent_hotspot_cluster3,21,validation,remaining,1,specimen_transfer:+1x0.05,-1940200.9859952927,0.0006430149078369141,0.7181999683380127
62,60|61,routing_persistent_hotspot_cluster3,21,validation,remaining,2,specimen_transfer:-1x0.05,1532382.4422941208,-0.0007399320602416992,-0.4432830810546875
62,60|61,routing_persistent_hotspot_cluster3,21,validation,remaining,3,specimen_transfer:+1x0.1,353628.57553243637,0.001358330249786377,1.4672608375549316
62,60|61,routing_persistent_hotspot_cluster3,21,validation,remaining,4,specimen_transfer:-1x0.1,852486.4667181969,-0.001644909381866455,-0.8017861843109131
62,60|61,routing_persistent_hotspot_cluster3,22,validation,remaining,0,mdl2,0.0,0.0,0.0
62,60|61,routing_persistent_hotspot_cluster3,22,validation,remaining,1,specimen_transfer:+1x0.05,567660.3315351009,0.0009183287620544434,0.7007869482040405
62,60|61,routing_persistent_hotspot_cluster3,22,validation,remaining,2,specimen_transfer:-1x0.05,621512.8385372162,-0.0009222626686096191,-0.40442991256713867
62,60|61,routing_persistent_hotspot_cluster3,22,validation,remaining,3,specimen_transfer:+1x0.1,1230705.6162428856,0.001806020736694336,1.507249355316162
62,60|61,routing_persistent_hotspot_cluster3,22,validation,remaining,4,specimen_transfer:-1x0.1,-2003869.1530547142,-0.00188523530960083,-0.7984175682067871
62,60|61,routing_persistent_hotspot_cluster3,23,validation,remaining,0,mdl2,0.0,0.0,0.0
62,60|61,routing_persistent_hotspot_cluster3,23,validation,remaining,1,specimen_transfer:+1x0.05,-278794.16102457047,0.0010225176811218262,0.7534884214401245
62,60|61,routing_persistent_hotspot_cluster3,23,validation,remaining,2,specimen_transfer:-1x0.05,-1020962.0681657791,-0.0010486245155334473,-0.5500404834747314
62,60|61,routing_persistent_hotspot_cluster3,23,validation,remaining,3,specimen_transfer:+1x0.1,123976.3403301239,0.0018630027770996094,1.4977456331253052
62,60|61,routing_persistent_hotspot_cluster3,23,validation,remaining,4,specimen_transfer:-1x0.1,1096968.3958826065,-0.001877427101135254,-0.9192321300506592
62,60|61,routing_persistent_hotspot_cluster3,24,validation,remaining,0,mdl2,0.0,0.0,0.0
62,60|61,routing_persistent_hotspot_cluster3,24,validation,remaining,1,specimen_transfer:+1x0.05,1722043.2621953487,0.0010098814964294434,0.722618818283081
62,60|61,routing_persistent_hotspot_cluster3,24,validation,remaining,2,specimen_transfer:-1x0.05,2130801.1912214756,-0.001131594181060791,-0.4846835136413574
62,60|61,routing_persistent_hotspot_cluster3,24,validation,remaining,3,specimen_transfer:+1x0.1,2766916.2355852127,0.00219571590423584,1.4381091594696045
62,60|61,routing_persistent_hotspot_cluster3,24,validation,remaining,4,specimen_transfer:-1x0.1,4354078.723363161,-0.0021118521690368652,-0.8218095302581787
62,60|61,routing_persistent_hotspot_cluster3,25,validation,remaining,0,mdl2,0.0,0.0,0.0
62,60|61,routing_persistent_hotspot_cluster3,25,validation,remaining,1,specimen_transfer:+1x0.05,1948921.4323310852,0.0010563135147094727,0.6745301485061646
62,60|61,routing_persistent_hotspot_cluster3,25,validation,remaining,2,specimen_transfer:-1x0.05,46509.775188207626,-0.001052558422088623,-0.35927248001098633
62,60|61,routing_persistent_hotspot_cluster3,25,validation,remaining,3,specimen_transfer:+1x0.1,650236.3450286388,0.0019911527633666992,1.3231837749481201
62,60|61,routing_persistent_hotspot_cluster3,25,validation,remaining,4,specimen_transfer:-1x0.1,901478.016274929,-0.002071559429168701,-0.6780247688293457
62,60|61,routing_persistent_hotspot_cluster3,26,validation,remaining,0,mdl2,0.0,0.0,0.0
62,60|61,routing_persistent_hotspot_cluster3,26,validation,remaining,1,specimen_transfer:+1x0.05,-2855118.590316534,0.0008333325386047363,0.33542656898498535
62,60|61,routing_persistent_hotspot_cluster3,26,validation,remaining,2,specimen_transfer:-1x0.05,-1326055.3056976795,-0.0009718537330627441,-0.31735754013061523
62,60|61,routing_persistent_hotspot_cluster3,26,validation,remaining,3,specimen_transfer:+1x0.1,-2900865.429229498,0.0013340115547180176,0.9520610570907593
62,60|61,routing_persistent_hotspot_cluster3,26,validation,remaining,4,specimen_transfer:-1x0.1,-111574.54740452766,-0.0014726519584655762,-0.6387844085693359
62,60|61,routing_persistent_hotspot_cluster3,27,validation,remaining,0,mdl2,0.0,0.0,0.0
62,60|61,routing_persistent_hotspot_cluster3,27,validation,remaining,1,specimen_transfer:+1x0.05,-877340.6502747536,0.0011150240898132324,0.4951343536376953
62,60|61,routing_persistent_hotspot_cluster3,27,validation,remaining,2,specimen_transfer:-1x0.05,-773258.4895465374,-0.001156449317932129,-0.33113861083984375
62,60|61,routing_persistent_hotspot_cluster3,27,validation,remaining,3,specimen_transfer:+1x0.1,-778895.2875890732,0.002592623233795166,1.144286870956421
62,60|61,routing_persistent_hotspot_cluster3,27,validation,remaining,4,specimen_transfer:-1x0.1,-1222240.661788702,-0.0024938583374023438,-0.6465983390808105
62,60|61,routing_persistent_hotspot_cluster3,28,validation,remaining,0,mdl2,0.0,0.0,0.0
62,60|61,routing_persistent_hotspot_cluster3,28,validation,remaining,1,specimen_transfer:+1x0.05,132076.69903230667,0.0013486146926879883,0.353529691696167
62,60|61,routing_persistent_hotspot_cluster3,28,validation,remaining,2,specimen_transfer:-1x0.05,-1237382.2850100994,-0.0011054277420043945,-0.3365325927734375
62,60|61,routing_persistent_hotspot_cluster3,28,validation,remaining,3,specimen_transfer:+1x0.1,548214.658331871,0.0026706457138061523,0.7079000473022461
62,60|61,routing_persistent_hotspot_cluster3,28,validation,remaining,4,specimen_transfer:-1x0.1,-2304401.5679209232,-0.0022615790367126465,-0.6909022331237793
62,60|61,routing_persistent_hotspot_cluster3,29,validation,remaining,0,mdl2,0.0,0.0,0.0
62,60|61,routing_persistent_hotspot_cluster3,29,validation,remaining,1,specimen_transfer:+1x0.05,1099471.0690124035,0.0012094378471374512,0.32433128356933594
62,60|61,routing_persistent_hotspot_cluster3,29,validation,remaining,2,specimen_transfer:-1x0.05,341951.4789290428,-0.001209557056427002,-0.3248405456542969
62,60|61,routing_persistent_hotspot_cluster3,29,validation,remaining,3,specimen_transfer:+1x0.1,2365655.1750330925,0.002397775650024414,0.6147270202636719
62,60|61,routing_persistent_hotspot_cluster3,29,validation,remaining,4,specimen_transfer:-1x0.1,1124600.3426818848,-0.002397775650024414,-0.6158351898193359
62,60|61,routing_persistent_hotspot_cluster3,30,validation,remaining,0,mdl2,0.0,0.0,0.0
62,60|61,routing_persistent_hotspot_cluster3,30,validation,remaining,1,specimen_transfer:+1x0.05,683557.6427283287,0.0014232993125915527,0.32643604278564453
62,60|61,routing_persistent_hotspot_cluster3,30,validation,remaining,2,specimen_transfer:-1x0.05,1657535.28946352,-0.0014303922653198242,-0.32643604278564453
62,60|61,routing_persistent_hotspot_cluster3,30,validation,remaining,3,specimen_transfer:+1x0.1,733174.4316000938,0.002579629421234131,0.6148533821105957
62,60|61,routing_persistent_hotspot_cluster3,30,validation,remaining,4,specimen_transfer:-1x0.1,1922716.9587433338,-0.0025938749313354492,-0.6148538589477539
62,60|61,routing_persistent_hotspot_cluster3,31,validation,remaining,0,mdl2,0.0,0.0,0.0
62,60|61,routing_persistent_hotspot_cluster3,31,validation,remaining,1,specimen_transfer:+1x0.05,-1966833.5801668167,0.0009566545486450195,0.29972076416015625
62,60|61,routing_persistent_hotspot_cluster3,31,validation,remaining,2,specimen_transfer:-1x0.05,-359109.16438150406,-0.0009566545486450195,-0.30322742462158203
62,60|61,routing_persistent_hotspot_cluster3,31,validation,remaining,3,specimen_transfer:+1x0.1,-2164587.521114588,0.001731574535369873,0.5944128036499023
62,60|61,routing_persistent_hotspot_cluster3,31,validation,remaining,4,specimen_transfer:-1x0.1,-1203952.4384679794,-0.0016713142395019531,-0.6016092300415039
62,60|61,routing_persistent_hotspot_cluster3,32,validation,remaining,0,mdl2,0.0,0.0,0.0
62,60|61,routing_persistent_hotspot_cluster3,32,validation,remaining,1,specimen_transfer:+1x0.05,152028.86296582222,0.0006561279296875,0.269899845123291
62,60|61,routing_persistent_hotspot_cluster3,32,validation,remaining,2,specimen_transfer:-1x0.05,-468041.8162896633,-0.0006560087203979492,-0.2699012756347656
62,60|61,routing_persistent_hotspot_cluster3,32,validation,remaining,3,specimen_transfer:+1x0.1,-180223.16801524162,0.0008821487426757812,0.5271086692810059
62,60|61,routing_persistent_hotspot_cluster3,32,validation,remaining,4,specimen_transfer:-1x0.1,-80535.523250103,-0.0008820891380310059,-0.5271086692810059
62,60|61,routing_persistent_hotspot_cluster3,33,validation,remaining,0,mdl2,0.0,0.0,0.0
62,60|61,routing_persistent_hotspot_cluster3,33,validation,remaining,1,specimen_transfer:+1x0.05,802128.5388433933,0.0004737377166748047,0.26934814453125
62,60|61,routing_persistent_hotspot_cluster3,33,validation,remaining,2,specimen_transfer:-1x0.05,673806.645704031,-0.0004737377166748047,-0.2693462371826172
62,60|61,routing_persistent_hotspot_cluster3,33,validation,remaining,3,specimen_transfer:+1x0.1,427751.759901762,0.0008515119552612305,0.5338525772094727
62,60|61,routing_persistent_hotspot_cluster3,33,validation,remaining,4,specimen_transfer:-1x0.1,971916.3078382015,-0.0008413195610046387,-0.5338506698608398
62,60|61,routing_persistent_hotspot_cluster3,34,validation,remaining,0,mdl2,0.0,0.0,0.0
62,60|61,routing_persistent_hotspot_cluster3,34,validation,remaining,1,specimen_transfer:+1x0.05,66432.09769487381,0.0005217194557189941,0.2554445266723633
62,60|61,routing_persistent_hotspot_cluster3,34,validation,remaining,2,specimen_transfer:-1x0.05,605228.9677553177,-0.0005216002464294434,-0.25482988357543945
62,60|61,routing_persistent_hotspot_cluster3,34,validation,remaining,3,specimen_transfer:+1x0.1,2517680.602664709,0.001384735107421875,0.576993465423584
62,60|61,routing_persistent_hotspot_cluster3,34,validation,remaining,4,specimen_transfer:-1x0.1,2071932.1084512472,-0.0013845562934875488,-0.5753717422485352
62,60|61,routing_persistent_hotspot_cluster3,35,validation,remaining,0,mdl2,0.0,0.0,0.0
62,60|61,routing_persistent_hotspot_cluster3,35,validation,remaining,1,specimen_transfer:+1x0.05,544410.6510570049,0.0005556344985961914,0.26076173782348633
62,60|61,routing_persistent_hotspot_cluster3,35,validation,remaining,2,specimen_transfer:-1x0.05,1443360.692754984,-0.0005091428756713867,-0.26076221466064453
62,60|61,routing_persistent_hotspot_cluster3,35,validation,remaining,3,specimen_transfer:+1x0.1,3033262.8557243347,0.0008940696716308594,0.545598030090332
62,60|61,routing_persistent_hotspot_cluster3,35,validation,remaining,4,specimen_transfer:-1x0.1,2535204.8245151043,-0.0007852911949157715,-0.5455989837646484
62,60|61,routing_persistent_hotspot_cluster3,36,validation,remaining,0,mdl2,0.0,0.0,0.0
62,60|61,routing_persistent_hotspot_cluster3,36,validation,remaining,1,specimen_transfer:+1x0.05,-1010494.3640608788,0.0005418062210083008,0.25993824005126953
62,60|61,routing_persistent_hotspot_cluster3,36,validation,remaining,2,specimen_transfer:-1x0.05,-454179.58046102524,-0.0005416274070739746,-0.25993919372558594
62,60|61,routing_persistent_hotspot_cluster3,36,validation,remaining,3,specimen_transfer:+1x0.1,-856766.6027197838,0.001684427261352539,0.5080885887145996
62,60|61,routing_persistent_hotspot_cluster3,36,validation,remaining,4,specimen_transfer:-1x0.1,-294988.5421164036,-0.0016843676567077637,-0.508089542388916
62,60|61,routing_persistent_hotspot_cluster3,37,validation,remaining,0,mdl2,0.0,0.0,0.0
62,60|61,routing_persistent_hotspot_cluster3,37,validation,remaining,1,specimen_transfer:+1x0.05,353976.4689321518,0.0003699064254760742,0.28376150131225586
62,60|61,routing_persistent_hotspot_cluster3,37,validation,remaining,2,specimen_transfer:-1x0.05,844789.4103503227,-0.000370025634765625,-0.28376245498657227
62,60|61,routing_persistent_hotspot_cluster3,37,validation,remaining,3,specimen_transfer:+1x0.1,316115.35388445854,0.0006982088088989258,0.5652575492858887
62,60|61,routing_persistent_hotspot_cluster3,37,validation,remaining,4,specimen_transfer:-1x0.1,1479895.9998805523,-0.0006983280181884766,-0.5652570724487305
62,60|61,routing_persistent_hotspot_cluster3,38,validation,remaining,0,mdl2,0.0,0.0,0.0
62,60|61,routing_persistent_hotspot_cluster3,38,validation,remaining,1,specimen_transfer:+1x0.05,-219994.22179698944,0.00023001432418823242,0.27984189987182617
62,60|61,routing_persistent_hotspot_cluster3,38,validation,remaining,2,specimen_transfer:-1x0.05,-199249.19982743263,-0.0002544522285461426,-0.2798442840576172
62,60|61,routing_persistent_hotspot_cluster3,38,validation,remaining,3,specimen_transfer:+1x0.1,-21839.993761062622,0.0002752542495727539,0.5611701011657715
62,60|61,routing_persistent_hotspot_cluster3,38,validation,remaining,4,specimen_transfer:-1x0.1,314808.3133535385,-0.00027120113372802734,-0.5611701011657715
62,60|61,routing_persistent_hotspot_cluster3,39,validation,remaining,0,mdl2,0.0,0.0,0.0
62,60|61,routing_persistent_hotspot_cluster3,39,validation,remaining,1,specimen_transfer:+1x0.05,-1909238.4348207712,-0.00046759843826293945,0.2523350715637207
62,60|61,routing_persistent_hotspot_cluster3,39,validation,remaining,2,specimen_transfer:-1x0.05,-1323911.0970898867,0.00046497583389282227,-0.2485036849975586
62,60|61,routing_persistent_hotspot_cluster3,39,validation,remaining,3,specimen_transfer:+1x0.1,-2244752.1061900854,-0.00033670663833618164,0.5434849262237549
62,60|61,routing_persistent_hotspot_cluster3,39,validation,remaining,4,specimen_transfer:-1x0.1,-1293397.848032713,0.0002948641777038574,-0.5124225616455078
62,60|61,routing_persistent_hotspot_cluster3,40,validation,remaining,0,mdl2,0.0,0.0,0.0
62,60|61,routing_persistent_hotspot_cluster3,40,validation,remaining,1,specimen_transfer:+1x0.05,-310412.32471096516,-0.00014716386795043945,0.29304075241088867
62,60|61,routing_persistent_hotspot_cluster3,40,validation,remaining,2,specimen_transfer:-1x0.05,-2738830.5864379406,0.0002509951591491699,-0.27231431007385254
62,60|61,routing_persistent_hotspot_cluster3,40,validation,remaining,3,specimen_transfer:+1x0.1,-304832.9664529562,-0.0008147954940795898,0.6232330799102783
62,60|61,routing_persistent_hotspot_cluster3,40,validation,remaining,4,specimen_transfer:-1x0.1,-2286502.3718476295,0.0010619163513183594,-0.4955627918243408
62,60|61,routing_persistent_hotspot_cluster3,41,validation,remaining,0,mdl2,0.0,0.0,0.0
62,60|61,routing_persistent_hotspot_cluster3,41,validation,remaining,1,specimen_transfer:+1x0.05,-1348551.5321832895,-0.0004126429557800293,0.2719237804412842
62,60|61,routing_persistent_hotspot_cluster3,41,validation,remaining,2,specimen_transfer:-1x0.05,-619218.5514612198,0.0005947351455688477,-0.25850963592529297
62,60|61,routing_persistent_hotspot_cluster3,41,validation,remaining,3,specimen_transfer:+1x0.1,-573597.4037590027,-0.0006806254386901855,0.5490720272064209
62,60|61,routing_persistent_hotspot_cluster3,41,validation,remaining,4,specimen_transfer:-1x0.1,-1235487.2351100445,0.0011430978775024414,-0.5099434852600098
62,60|61,routing_persistent_hotspot_cluster3,42,validation,remaining,0,mdl2,0.0,0.0,0.0
62,60|61,routing_persistent_hotspot_cluster3,42,validation,remaining,1,specimen_transfer:+1x0.05,705916.9419971704,-6.16908073425293e-05,0.6321547031402588
62,60|61,routing_persistent_hotspot_cluster3,42,validation,remaining,2,specimen_transfer:-1x0.05,-1419709.1960790157,0.0001023411750793457,-0.5839369297027588
62,60|61,routing_persistent_hotspot_cluster3,42,validation,remaining,3,specimen_transfer:+1x0.1,-941591.2097512484,0.00017088651657104492,1.2769250869750977
62,60|61,routing_persistent_hotspot_cluster3,42,validation,remaining,4,specimen_transfer:-1x0.1,-2117769.395119548,-5.3763389587402344e-05,-0.9899065494537354
62,60|61,routing_persistent_hotspot_cluster3,43,validation,remaining,0,mdl2,0.0,0.0,0.0
62,60|61,routing_persistent_hotspot_cluster3,43,validation,remaining,1,specimen_transfer:+1x0.05,-2162526.795784712,-0.0002288222312927246,0.4665902853012085
62,60|61,routing_persistent_hotspot_cluster3,43,validation,remaining,2,specimen_transfer:-1x0.05,-860491.8891973495,0.0002480149269104004,-0.5244538187980652
62,60|61,routing_persistent_hotspot_cluster3,43,validation,remaining,3,specimen_transfer:+1x0.1,-1791916.8336182833,-0.00038230419158935547,0.8687066435813904
62,60|61,routing_persistent_hotspot_cluster3,43,validation,remaining,4,specimen_transfer:-1x0.1,-331116.2373152971,0.0004533529281616211,-1.122199535369873
62,60|61,routing_persistent_hotspot_cluster3,44,validation,remaining,0,mdl2,0.0,0.0,0.0
62,60|61,routing_persistent_hotspot_cluster3,44,validation,remaining,1,specimen_transfer:+1x0.05,-827718.5464780331,0.0009014010429382324,0.3235647678375244
62,60|61,routing_persistent_hotspot_cluster3,44,validation,remaining,2,specimen_transfer:-1x0.05,-381054.7326911688,-0.0009014010429382324,-0.3322538137435913
62,60|61,routing_persistent_hotspot_cluster3,44,validation,remaining,3,specimen_transfer:+1x0.1,668411.5177237988,0.0012130141258239746,0.6004770994186401
62,60|61,routing_persistent_hotspot_cluster3,44,validation,remaining,4,specimen_transfer:-1x0.1,-1106505.251619935,-0.0012128949165344238,-0.7315396070480347
62,60|61,routing_persistent_hotspot_cluster3,45,validation,remaining,0,mdl2,0.0,0.0,0.0
62,60|61,routing_persistent_hotspot_cluster3,45,validation,remaining,1,specimen_transfer:+1x0.05,807087.2854403853,0.0012083649635314941,0.04715251922607422
62,60|61,routing_persistent_hotspot_cluster3,45,validation,remaining,2,specimen_transfer:-1x0.05,-940812.0061760545,-0.0012082457542419434,-0.06190943717956543
62,60|61,routing_persistent_hotspot_cluster3,45,validation,remaining,3,specimen_transfer:+1x0.1,2658703.3038851023,0.0023227930068969727,0.09308052062988281
62,60|61,routing_persistent_hotspot_cluster3,45,validation,remaining,4,specimen_transfer:-1x0.1,-1813002.2122778893,-0.0022971034049987793,-0.1536186933517456
62,60|61,routing_persistent_hotspot_cluster3,46,validation,remaining,0,mdl2,0.0,0.0,0.0
62,60|61,routing_persistent_hotspot_cluster3,46,validation,remaining,1,specimen_transfer:+1x0.05,453331.2832685113,0.0006654858589172363,0.08621406555175781
62,60|61,routing_persistent_hotspot_cluster3,46,validation,remaining,2,specimen_transfer:-1x0.05,-2020494.5271716714,-0.0006656646728515625,-0.167167067527771
62,60|61,routing_persistent_hotspot_cluster3,46,validation,remaining,3,specimen_transfer:+1x0.1,1065923.8850400448,0.0014261603355407715,0.16474473476409912
62,60|61,routing_persistent_hotspot_cluster3,46,validation,remaining,4,specimen_transfer:-1x0.1,-4057141.0915302634,-0.0014261603355407715,-0.381760835647583
62,60|61,routing_persistent_hotspot_cluster3,47,validation,remaining,0,mdl2,0.0,0.0,0.0
62,60|61,routing_persistent_hotspot_cluster3,47,validation,remaining,1,specimen_transfer:+1x0.05,458373.6191891432,0.0009022653102874756,0.17072725296020508
62,60|61,routing_persistent_hotspot_cluster3,47,validation,remaining,2,specimen_transfer:-1x0.05,-1204257.7510473132,-0.0009001493453979492,-0.20160973072052002
62,60|61,routing_persistent_hotspot_cluster3,47,validation,remaining,3,specimen_transfer:+1x0.1,713361.1081126928,0.002130359411239624,0.316015362739563
62,60|61,routing_persistent_hotspot_cluster3,47,validation,remaining,4,specimen_transfer:-1x0.1,-1870639.07749933,-0.002125948667526245,-0.43342125415802
62,60|61,routing_persistent_hotspot_cluster3,48,validation,remaining,0,mdl2,0.0,0.0,0.0
62,60|61,routing_persistent_hotspot_cluster3,48,validation,remaining,1,specimen_transfer:+1x0.05,640769.2232137918,0.0012307465076446533,0.03505229949951172
62,60|61,routing_persistent_hotspot_cluster3,48,validation,remaining,2,specimen_transfer:-1x0.05,-1414570.4371626377,-0.001230865716934204,-0.04763829708099365
62,60|61,routing_persistent_hotspot_cluster3,48,validation,remaining,3,specimen_transfer:+1x0.1,1038083.7412002087,0.002106189727783203,0.07259225845336914
62,60|61,routing_persistent_hotspot_cluster3,48,validation,remaining,4,specimen_transfer:-1x0.1,-1864999.6584919095,-0.0020805299282073975,-0.11420989036560059
62,60|61,routing_persistent_hotspot_cluster3,49,validation,remaining,0,mdl2,0.0,0.0,0.0
62,60|61,routing_persistent_hotspot_cluster3,49,validation,remaining,1,specimen_transfer:+1x0.05,-230930.1694687605,0.0009323358535766602,0.04333770275115967
62,60|61,routing_persistent_hotspot_cluster3,49,validation,remaining,2,specimen_transfer:-1x0.05,-1742797.857067734,-0.0009323954582214355,-0.05794382095336914
62,60|61,routing_persistent_hotspot_cluster3,49,validation,remaining,3,specimen_transfer:+1x0.1,-696880.6854440272,0.0014935135841369629,0.07844483852386475
62,60|61,routing_persistent_hotspot_cluster3,49,validation,remaining,4,specimen_transfer:-1x0.1,-1859480.4153926075,-0.0014935433864593506,-0.12325763702392578
62,60|61,routing_persistent_hotspot_cluster3,50,validation,remaining,0,mdl2,0.0,0.0,0.0
62,60|61,routing_persistent_hotspot_cluster3,50,validation,remaining,1,specimen_transfer:+1x0.05,699436.1002999544,0.0007859468460083008,0.033025264739990234
62,60|61,routing_persistent_hotspot_cluster3,50,validation,remaining,2,specimen_transfer:-1x0.05,-1267316.194074124,-0.00078582763671875,-0.03375661373138428
62,60|61,routing_persistent_hotspot_cluster3,50,validation,remaining,3,specimen_transfer:+1x0.1,-1208676.4509086907,0.0013696849346160889,0.07109224796295166
62,60|61,routing_persistent_hotspot_cluster3,50,validation,remaining,4,specimen_transfer:-1x0.1,-1517849.5919936895,-0.001369565725326538,-0.07425618171691895
62,60|61,routing_persistent_hotspot_cluster3,51,validation,remaining,0,mdl2,0.0,0.0,0.0
62,60|61,routing_persistent_hotspot_cluster3,51,validation,remaining,1,specimen_transfer:+1x0.05,-475710.7436929047,0.0011105835437774658,0.05219078063964844
62,60|61,routing_persistent_hotspot_cluster3,51,validation,remaining,2,specimen_transfer:-1x0.05,-1698710.5638923794,-0.0011107027530670166,-0.07391357421875
62,60|61,routing_persistent_hotspot_cluster3,51,validation,remaining,3,specimen_transfer:+1x0.1,-2801713.454130858,0.0013499557971954346,0.08534896373748779
62,60|61,routing_persistent_hotspot_cluster3,51,validation,remaining,4,specimen_transfer:-1x0.1,-1550230.4443391263,-0.0013499557971954346,-0.16198623180389404
