training_seed,scenario,step,configured_horizon,horizon,candidate_index,candidate_label,executed_action_id,discovery_seed_start,discovery_replications,discovery_total_cost,discovery_cost_advantage,validation_seed_start,validation_replications,validation_total_cost,validation_cost_advantage
60,routing_persistent_hotspot_cluster1,0,4,4,0,mdl2,5a698d5aba24488e,103000000,3,15188569.176500097,0.0,107000000,5,17257114.337061167,0.0
60,routing_persistent_hotspot_cluster1,0,4,4,1,specimen_transfer:+1x0.05,42f177ef567b9266,103000000,3,15188569.176500097,0.0,107000000,5,17257114.337061167,0.0
60,routing_persistent_hotspot_cluster1,0,4,4,2,specimen_transfer:-1x0.05,794a194532f11805,103000000,3,15188569.176500097,0.0,107000000,5,17257114.337061167,0.0
60,routing_persistent_hotspot_cluster1,0,4,4,3,specimen_transfer:+1x0.1,86f9d72d29cadd1e,103000000,3,15188569.176500097,0.0,107000000,5,17257114.337061167,0.0
60,routing_persistent_hotspot_cluster1,0,4,4,4,specimen_transfer:-1x0.1,5bac04484fa18df1,103000000,3,15188569.176500097,0.0,107000000,5,17257114.337061167,0.0
60,routing_persistent_hotspot_cluster1,0,remaining,52,0,mdl2,5a698d5aba24488e,103000010,3,2657246744.106462,0.0,107000010,5,2727114785.2196784,0.0
60,routing_persistent_hotspot_cluster1,0,remaining,52,1,specimen_transfer:+1x0.05,42f177ef567b9266,103000010,3,2657246744.106462,0.0,107000010,5,2727114785.2196784,0.0
60,routing_persistent_hotspot_cluster1,0,remaining,52,2,specimen_transfer:-1x0.05,794a194532f11805,103000010,3,2657246744.106462,0.0,107000010,5,2727114785.2196784,0.0
60,routing_persistent_hotspot_cluster1,0,remaining,52,3,specimen_transfer:+1x0.1,86f9d72d29cadd1e,103000010,3,2657246744.106462,0.0,107000010,5,2727114785.2196784,0.0
60,routing_persistent_hotspot_cluster1,0,remaining,52,4,specimen_transfer:-1x0.1,5bac04484fa18df1,103000010,3,2657246744.106462,0.0,107000010,5,2727114785.2196784,0.0
60,routing_persistent_hotspot_cluster1,1,4,4,0,mdl2,499ceb650b54d707,103000100,3,32952296.13495046,0.0,107000100,5,37282562.574920185,0.0
60,routing_persistent_hotspot_cluster1,1,4,4,1,specimen_transfer:+1x0.05,87a8d085f1b99145,103000100,3,33468325.110514864,-516028.9755644053,107000100,5,37704633.15462399,-422070.57970380783
60,routing_persistent_hotspot_cluster1,1,4,4,2,specimen_transfer:-1x0.05,87b78b6e2760d114,103000100,3,33814079.80844369,-861783.6734932289,107000100,5,38064040.339477435,-781477.7645572498
60,routing_persistent_hotspot_cluster1,1,4,4,3,specimen_transfer:+1x0.1,b1e635f009447349,103000100,3,34520140.202466935,-1567844.067516476,107000100,5,38743015.89872081,-1460453.3238006234
60,routing_persistent_hotspot_cluster1,1,4,4,4,specimen_transfer:-1x0.1,c99b0b9c5ead996d,103000100,3,33995890.86094465,-1043594.7259941921,107000100,5,38256946.378479354,-974383.8035591692
60,routing_persistent_hotspot_cluster1,1,remaining,51,0,mdl2,499ceb650b54d707,103000110,3,2476515673.4441667,0.0,107000110,5,2558596333.3453093,0.0
60,routing_persistent_hotspot_cluster1,1,remaining,51,1,specimen_transfer:+1x0.05,87a8d085f1b99145,103000110,3,2476310483.645642,205189.79852485657,107000110,5,2573217450.225935,-14621116.880625725
60,routing_persistent_hotspot_cluster1,1,remaining,51,2,specimen_transfer:-1x0.05,87b78b6e2760d114,103000110,3,2457987894.8813124,18527778.56285429,107000110,5,2557137084.6848297,1459248.6604795456
60,routing_persistent_hotspot_cluster1,1,remaining,51,3,specimen_transfer:+1x0.1,b1e635f009447349,103000110,3,2530476435.064273,-53960761.62010622,107000110,5,2631385607.338456,-72789273.9931469
60,routing_persistent_hotspot_cluster1,1,remaining,51,4,specimen_transfer:-1x0.1,c99b0b9c5ead996d,103000110,3,2456414126.250973,20101547.193193436,107000110,5,2556947994.4897666,1648338.8555426598
60,routing_persistent_hotspot_cluster1,2,4,4,0,mdl2,08b7d7e5486a2b6e,103000200,3,44166373.119306594,0.0,107000200,5,46749064.47812164,0.0
60,routing_persistent_hotspot_cluster1,2,4,4,1,specimen_transfer:+1x0.05,9814bb528efa21ec,103000200,3,44213630.84820328,-47257.728896684945,107000200,5,46856474.61393501,-107410.13581337035
60,routing_persistent_hotspot_cluster1,2,4,4,2,specimen_transfer:-1x0.05,015611c424fd9b9b,103000200,3,44046754.41186426,119618.70744233578,107000200,5,46734451.16682787,14613.311293765903
60,routing_persistent_hotspot_cluster1,2,4,4,3,specimen_transfer:+1x0.1,2ede7cbd1ef159dc,103000200,3,43906397.54175085,259975.57755574584,107000200,5,46544154.62866384,204909.8494578004
60,routing_persistent_hotspot_cluster1,2,4,4,4,specimen_transfer:-1x0.1,c3e9b37eb35e31ad,103000200,3,43922954.457067035,243418.662239559,107000200,5,46845844.41424623,-96779.93612459302
60,routing_persistent_hotspot_cluster1,2,remaining,50,0,mdl2,08b7d7e5486a2b6e,103000210,3,2692798353.4829497,0.0,107000210,5,2767312996.2375903,0.0
60,routing_persistent_hotspot_cluster1,2,remaining,50,1,specimen_transfer:+1x0.05,9814bb528efa21ec,103000210,3,2709464320.137123,-16665966.654173374,107000210,5,2777154072.13296,-9841075.89536953
60,routing_persistent_hotspot_cluster1,2,remaining,50,2,specimen_transfer:-1x0.05,015611c424fd9b9b,103000210,3,2677180266.8461003,15618086.636849403,107000210,5,2755130865.3526516,12182130.884938717
60,routing_persistent_hotspot_cluster1,2,remaining,50,3,specimen_transfer:+1x0.1,2ede7cbd1ef159dc,103000210,3,2729109647.154533,-36311293.671583176,107000210,5,2792194531.7830553,-24881535.545464993
60,routing_persistent_hotspot_cluster1,2,remaining,50,4,specimen_transfer:-1x0.1,c3e9b37eb35e31ad,103000210,3,2677017888.550277,15780464.9326725,107000210,5,2755107188.558901,12205807.67868948
60,routing_persistent_hotspot_cluster1,3,4,4,0,mdl2,fd5c8e121a77cfa3,103000300,3,52397201.84517477,0.0,107000300,5,53278258.83780361,0.0
60,routing_persistent_hotspot_cluster1,3,4,4,1,specimen_transfer:+1x0.05,8668ae407ca54e41,103000300,3,52512375.259040594,-115173.41386582702,107000300,5,53325418.98719726,-47160.14939364791
60,routing_persistent_hotspot_cluster1,3,4,4,2,specimen_transfer:-1x0.05,81180aaa16668017,103000300,3,52690610.03277745,-293408.1876026839,107000300,5,53486443.40646959,-208184.5686659813
60,routing_persistent_hotspot_cluster1,3,4,4,3,specimen_transfer:+1x0.1,97558a7d75550dae,103000300,3,52264582.3580581,132619.48711666465,107000300,5,53024500.73907234,253758.09873127192
60,routing_persistent_hotspot_cluster1,3,4,4,4,specimen_transfer:-1x0.1,40756dc6c20e4c08,103000300,3,53347975.978428744,-950774.1332539767,107000300,5,54124157.24531235,-845898.4075087383
60,routing_persistent_hotspot_cluster1,3,remaining,49,0,mdl2,fd5c8e121a77cfa3,103000310,3,2497558656.572022,0.0,107000310,5,2753795350.287404,0.0
60,routing_persistent_hotspot_cluster1,3,remaining,49,1,specimen_transfer:+1x0.05,8668ae407ca54e41,103000310,3,2502691629.85697,-5132973.284947872,107000310,5,2755631398.692281,-1836048.404876709
60,routing_persistent_hotspot_cluster1,3,remaining,49,2,specimen_transfer:-1x0.05,81180aaa16668017,103000310,3,2507090453.3838115,-9531796.811789513,107000310,5,2761468194.7083616,-7672844.420957565
60,routing_persistent_hotspot_cluster1,3,remaining,49,3,specimen_transfer:+1x0.1,97558a7d75550dae,103000310,3,2501886362.6277184,-4327706.055696487,107000310,5,2756695483.2743354,-2900132.986931324
60,routing_persistent_hotspot_cluster1,3,remaining,49,4,specimen_transfer:-1x0.1,40756dc6c20e4c08,103000310,3,2531846982.370237,-34288325.79821491,107000310,5,2793430602.844911,-39635252.55750704
60,routing_persistent_hotspot_cluster1,4,4,4,0,mdl2,d455022163e3b3f4,103000400,3,65315282.24313572,0.0,107000400,5,63371733.992240116,0.0
60,routing_persistent_hotspot_cluster1,4,4,4,1,specimen_transfer:+1x0.05,e1cdb11ab9290870,103000400,3,63721367.35646436,1593914.8866713569,107000400,5,61985370.81786092,1386363.1743791923
60,routing_persistent_hotspot_cluster1,4,4,4,2,specimen_transfer:-1x0.05,da498707561983da,103000400,3,66037437.43712718,-722155.1939914599,107000400,5,64038563.37900226,-666829.3867621422
60,routing_persistent_hotspot_cluster1,4,4,4,3,specimen_transfer:+1x0.1,130f5a668c81264c,103000400,3,62833118.074234255,2482164.168901466,107000400,5,60841162.715354,2530571.276886113
60,routing_persistent_hotspot_cluster1,4,4,4,4,specimen_transfer:-1x0.1,fad3d879e8196dcc,103000400,3,66410789.57205885,-1095507.3289231285,107000400,5,64335428.16070469,-963694.1684645712
60,routing_persistent_hotspot_cluster1,4,remaining,48,0,mdl2,d455022163e3b3f4,103000410,3,2675597072.35351,0.0,107000410,5,2661630003.915964,0.0
60,routing_persistent_hotspot_cluster1,4,remaining,48,1,specimen_transfer:+1x0.05,e1cdb11ab9290870,103000410,3,2675864353.5659356,-267281.21242570877,107000410,5,2663207688.9579535,-1577685.0419893265
60,routing_persistent_hotspot_cluster1,4,remaining,48,2,specimen_transfer:-1x0.05,da498707561983da,103000410,3,2699590005.599074,-23992933.245563984,107000410,5,2687712591.3456964,-26082587.429732323
60,routing_persistent_hotspot_cluster1,4,remaining,48,3,specimen_transfer:+1x0.1,130f5a668c81264c,103000410,3,2676369986.343006,-772913.9894962311,107000410,5,2662535798.7022734,-905794.7863092422
60,routing_persistent_hotspot_cluster1,4,remaining,48,4,specimen_transfer:-1x0.1,fad3d879e8196dcc,103000410,3,2723554457.8570127,-47957385.503502846,107000410,5,2713045248.6384344,-51415244.72247028
60,routing_persistent_hotspot_cluster1,5,4,4,0,mdl2,a204b2c10e678b9c,103000500,3,87090059.48805405,0.0,107000500,5,87192479.35315537,0.0
60,routing_persistent_hotspot_cluster1,5,4,4,1,specimen_transfer:+1x0.05,83635b1df00850d5,103000500,3,84928936.1819706,2161123.3060834557,107000500,5,86100370.31564112,1092109.0375142545
60,routing_persistent_hotspot_cluster1,5,4,4,2,specimen_transfer:-1x0.05,b8a030b9aa3e7b75,103000500,3,89037438.64109965,-1947379.1530455947,107000500,5,88696478.60016716,-1503999.2470117807
60,routing_persistent_hotspot_cluster1,5,4,4,3,specimen_transfer:+1x0.1,c0ea5b9dfb4899b9,103000500,3,83267150.38577062,3822909.102283433,107000500,5,83456275.13647227,3736204.2166831046
60,routing_persistent_hotspot_cluster1,5,4,4,4,specimen_transfer:-1x0.1,849cad28cfb7faa4,103000500,3,89385481.55107634,-2295422.0630222857,107000500,5,89548558.20246023,-2356078.849304855
60,routing_persistent_hotspot_cluster1,5,remaining,47,0,mdl2,a204b2c10e678b9c,103000510,3,2489356441.7511544,0.0,107000510,5,2500269302.438611,0.0
60,routing_persistent_hotspot_cluster1,5,remaining,47,1,specimen_transfer:+1x0.05,83635b1df00850d5,103000510,3,2501221738.212189,-11865296.461034775,107000510,5,2498840614.8955727,1428687.5430383682
60,routing_persistent_hotspot_cluster1,5,remaining,47,2,specimen_transfer:-1x0.05,b8a030b9aa3e7b75,103000510,3,2515586723.789793,-26230282.03863859,107000510,5,2510952748.8063016,-10683446.367690563
60,routing_persistent_hotspot_cluster1,5,remaining,47,3,specimen_transfer:+1x0.1,c0ea5b9dfb4899b9,103000510,3,2498001287.271444,-8644845.520289421,107000510,5,2500210630.427369,58672.01124191284
60,routing_persistent_hotspot_cluster1,5,remaining,47,4,specimen_transfer:-1x0.1,849cad28cfb7faa4,103000510,3,2548330515.4789624,-58974073.727808,107000510,5,2540248425.5867863,-39979123.14817524
60,routing_persistent_hotspot_cluster1,6,4,4,0,mdl2,c884bbc4dee5f909,103000600,3,111359951.0899188,0.0,107000600,5,113645825.29619947,0.0
60,routing_persistent_hotspot_cluster1,6,4,4,1,specimen_transfer:+1x0.05,51c865972408e7fa,103000600,3,110612588.15404443,747362.9358743727,107000600,5,112509575.0807478,1136250.2154516727
60,routing_persistent_hotspot_cluster1,6,4,4,2,specimen_transfer:-1x0.05,88123a0014a5b16c,103000600,3,112566195.18094935,-1206244.091030538,107000600,5,114055709.17862713,-409883.8824276626
60,routing_persistent_hotspot_cluster1,6,4,4,3,specimen_transfer:+1x0.1,be27a4bab31be0d5,103000600,3,107683518.67203997,3676432.4178788364,107000600,5,109947433.43780832,3698391.858391151
60,routing_persistent_hotspot_cluster1,6,4,4,4,specimen_transfer:-1x0.1,503ccaa7366ef159,103000600,3,113556337.38763261,-2196386.2977138013,107000600,5,115194699.6319724,-1548874.3357729316
60,routing_persistent_hotspot_cluster1,6,remaining,46,0,mdl2,c884bbc4dee5f909,103000610,3,2550096503.7208123,0.0,107000610,5,2493170607.6183534,0.0
60,routing_persistent_hotspot_cluster1,6,remaining,46,1,specimen_transfer:+1x0.05,51c865972408e7fa,103000610,3,2553800242.779057,-3703739.058244705,107000610,5,2497803806.505661,-4633198.887307644
60,routing_persistent_hotspot_cluster1,6,remaining,46,2,specimen_transfer:-1x0.05,88123a0014a5b16c,103000610,3,2567337302.128849,-17240798.40803671,107000610,5,2503994942.330667,-10824334.712313652
60,routing_persistent_hotspot_cluster1,6,remaining,46,3,specimen_transfer:+1x0.1,be27a4bab31be0d5,103000610,3,2551700094.9765296,-1603591.2557172775,107000610,5,2498638513.6566863,-5467906.038332939
60,routing_persistent_hotspot_cluster1,6,remaining,46,4,specimen_transfer:-1x0.1,503ccaa7366ef159,103000610,3,2596908367.664766,-46811863.943953514,107000610,5,2540271400.7871943,-47100793.168840885
60,routing_persistent_hotspot_cluster1,7,4,4,0,mdl2,d84f4cbc8bfc3616,103000700,3,132822416.30076425,0.0,107000700,5,140187589.8159522,0.0
60,routing_persistent_hotspot_cluster1,7,4,4,1,specimen_transfer:+1x0.05,0a01735992b8b143,103000700,3,132293284.54680677,529131.7539574802,107000700,5,140015861.74444166,171728.07151055336
60,routing_persistent_hotspot_cluster1,7,4,4,2,specimen_transfer:-1x0.05,ce00912884a27388,103000700,3,135429646.65566882,-2607230.354904577,107000700,5,142557449.29811087,-2369859.482158661
60,routing_persistent_hotspot_cluster1,7,4,4,3,specimen_transfer:+1x0.1,ed39fe022d49e2ae,103000700,3,129575567.7879257,3246848.5128385425,107000700,5,138232899.70460954,1954690.1113426685
60,routing_persistent_hotspot_cluster1,7,4,4,4,specimen_transfer:-1x0.1,293d568cd05784d4,103000700,3,136456091.4136737,-3633675.112909451,107000700,5,145017549.76467746,-4829959.948725253
60,routing_persistent_hotspot_cluster1,7,remaining,45,0,mdl2,d84f4cbc8bfc3616,103000710,3,2423982487.491522,0.0,107000710,5,2426337851.888711,0.0
60,routing_persistent_hotspot_cluster1,7,remaining,45,1,specimen_transfer:+1x0.05,0a01735992b8b143,103000710,3,2422584165.7779765,1398321.7135453224,107000710,5,2423285457.704215,3052394.184495926
60,routing_persistent_hotspot_cluster1,7,remaining,45,2,specimen_transfer:-1x0.05,ce00912884a27388,103000710,3,2442675080.5593276,-18692593.067805767,107000710,5,2457744815.573877,-31406963.685165882
60,routing_persistent_hotspot_cluster1,7,remaining,45,3,specimen_transfer:+1x0.1,ed39fe022d49e2ae,103000710,3,2424546800.06784,-564312.576318264,107000710,5,2425165369.0169687,1172482.8717422485
60,routing_persistent_hotspot_cluster1,7,remaining,45,4,specimen_transfer:-1x0.1,293d568cd05784d4,103000710,3,2470526183.066258,-46543695.57473612,107000710,5,2493122438.8045816,-66784586.91587067
60,routing_persistent_hotspot_cluster1,8,4,4,0,mdl2,bb9a6fb33308092d,103000800,3,153388462.63830623,0.0,107000800,5,150902116.73722848,0.0
60,routing_persistent_hotspot_cluster1,8,4,4,1,specimen_transfer:+1x0.05,fa8f126d08e64718,103000800,3,152229398.06543365,1159064.572872579,107000800,5,150510685.57571205,391431.161516428
60,routing_persistent_hotspot_cluster1,8,4,4,2,specimen_transfer:-1x0.05,19808574ce1fa420,103000800,3,155964777.60179892,-2576314.9634926915,107000800,5,153768043.89086324,-2865927.153634757
60,routing_persistent_hotspot_cluster1,8,4,4,3,specimen_transfer:+1x0.1,b1ea5c022a92b6cd,103000800,3,150868486.49250838,2519976.1457978487,107000800,5,148297646.48609442,2604470.251134068
60,routing_persistent_hotspot_cluster1,8,4,4,4,specimen_transfer:-1x0.1,08b35530fab30717,103000800,3,157275202.9111643,-3886740.2728580832,107000800,5,155466727.779409,-4564611.042180508
60,routing_persistent_hotspot_cluster1,8,remaining,44,0,mdl2,bb9a6fb33308092d,103000810,3,2302250653.224935,0.0,107000810,5,2485424229.210824,0.0
60,routing_persistent_hotspot_cluster1,8,remaining,44,1,specimen_transfer:+1x0.05,fa8f126d08e64718,103000810,3,2300166916.6932764,2083736.5316586494,107000810,5,2482113094.081543,3311135.129281044
60,routing_persistent_hotspot_cluster1,8,remaining,44,2,specimen_transfer:-1x0.05,19808574ce1fa420,103000810,3,2310783068.7526197,-8532415.527684689,107000810,5,2495297583.4960685,-9873354.285244465
60,routing_persistent_hotspot_cluster1,8,remaining,44,3,specimen_transfer:+1x0.1,b1ea5c022a92b6cd,103000810,3,2302096913.0437136,153740.18122148514,107000810,5,2479546666.557733,5877562.653090954
60,routing_persistent_hotspot_cluster1,8,remaining,44,4,specimen_transfer:-1x0.1,08b35530fab30717,103000810,3,2340426078.303232,-38175425.07829714,107000810,5,2517363281.020431,-31939051.80960703
60,routing_persistent_hotspot_cluster1,9,4,4,0,mdl2,1832815ac41ccd5b,103000900,3,178802789.31063154,0.0,107000900,5,176754366.65376496,0.0
60,routing_persistent_hotspot_cluster1,9,4,4,1,specimen_transfer:+1x0.05,2fc6158627136b28,103000900,3,177794194.78019464,1008594.5304369032,107000900,5,176559927.7402324,194438.9135325551
60,routing_persistent_hotspot_cluster1,9,4,4,2,specimen_transfer:-1x0.05,c0e22b4164b5b12f,103000900,3,178375831.10664353,426958.20398801565,107000900,5,176882346.47272056,-127979.81895560026
60,routing_persistent_hotspot_cluster1,9,4,4,3,specimen_transfer:+1x0.1,06d48a5a3a4fd940,103000900,3,173627304.7094455,5175484.601186037,107000900,5,173383452.51951548,3370914.1342494786
60,routing_persistent_hotspot_cluster1,9,4,4,4,specimen_transfer:-1x0.1,c5d7b1c9e73a411e,103000900,3,179543695.9728919,-740906.6622603536,107000900,5,178539987.6203445,-1785620.9665795267
60,routing_persistent_hotspot_cluster1,9,remaining,43,0,mdl2,1832815ac41ccd5b,103000910,3,2493221207.34396,0.0,107000910,5,2478966157.683718,0.0
60,routing_persistent_hotspot_cluster1,9,remaining,43,1,specimen_transfer:+1x0.05,2fc6158627136b28,103000910,3,2499089140.4919624,-5867933.1480026245,107000910,5,2480632360.9486375,-1666203.264919281
60,routing_persistent_hotspot_cluster1,9,remaining,43,2,specimen_transfer:-1x0.05,c0e22b4164b5b12f,103000910,3,2494864081.7415633,-1642874.3976035118,107000910,5,2486603371.5702934,-7637213.886575222
60,routing_persistent_hotspot_cluster1,9,remaining,43,3,specimen_transfer:+1x0.1,06d48a5a3a4fd940,103000910,3,2494118648.085998,-897440.74203825,107000910,5,2483943775.6915784,-4977618.007860184
60,routing_persistent_hotspot_cluster1,9,remaining,43,4,specimen_transfer:-1x0.1,c5d7b1c9e73a411e,103000910,3,2545277444.326434,-52056236.98247433,107000910,5,2527876396.3347907,-48910238.6510725
60,routing_persistent_hotspot_cluster1,10,4,4,0,mdl2,5c9d9f0a67c87fe9,103001000,3,190329260.25799155,0.0,107001000,5,192421995.29820627,0.0
60,routing_persistent_hotspot_cluster1,10,4,4,1,specimen_transfer:+1x0.05,1bd552a1e421330d,103001000,3,189943403.3716496,385856.88634195924,107001000,5,192352729.06476882,69266.23343744874
60,routing_persistent_hotspot_cluster1,10,4,4,2,specimen_transfer:-1x0.05,dbb673d49c540f0f,103001000,3,191307790.27045712,-978530.0124655664,107001000,5,193590841.2389524,-1168845.9407461286
60,routing_persistent_hotspot_cluster1,10,4,4,3,specimen_transfer:+1x0.1,4655ff88126e2a0e,103001000,3,186944188.65777707,3385071.6002144814,107001000,5,190072566.87266862,2349428.425537646
60,routing_persistent_hotspot_cluster1,10,4,4,4,specimen_transfer:-1x0.1,04004c92cc5d4a6a,103001000,3,193084968.36144558,-2755708.1034540236,107001000,5,195952031.22493708,-3530035.9267308116
60,routing_persistent_hotspot_cluster1,10,remaining,42,0,mdl2,5c9d9f0a67c87fe9,103001010,3,2376626653.545098,0.0,107001010,5,2561471877.2681,0.0
60,routing_persistent_hotspot_cluster1,10,remaining,42,1,specimen_transfer:+1x0.05,1bd552a1e421330d,103001010,3,2378899002.690268,-2272349.145170212,107001010,5,2565245842.512286,-3773965.2441864014
60,routing_persistent_hotspot_cluster1,10,remaining,42,2,specimen_transfer:-1x0.05,dbb673d49c540f0f,103001010,3,2394076144.849772,-17449491.30467415,107001010,5,2571535153.799559,-10063276.531459332
60,routing_persistent_hotspot_cluster1,10,remaining,42,3,specimen_transfer:+1x0.1,4655ff88126e2a0e,103001010,3,2379972177.445138,-3345523.9000401497,107001010,5,2565318854.904894,-3846977.6367940903
60,routing_persistent_hotspot_cluster1,10,remaining,42,4,specimen_transfer:-1x0.1,04004c92cc5d4a6a,103001010,3,2407241464.604555,-30614811.059457302,107001010,5,2589476152.754962,-28004275.486862183
60,routing_persistent_hotspot_cluster1,11,4,4,0,mdl2,6a04d60577c1e97a,103001100,3,188142592.90865126,0.0,107001100,5,192140398.4850847,0.0
60,routing_persistent_hotspot_cluster1,11,4,4,1,specimen_transfer:+1x0.05,6c0892d06d08a0dc,103001100,3,186857787.62619093,1284805.282460332,107001100,5,190720064.8188061,1420333.6662786007
60,routing_persistent_hotspot_cluster1,11,4,4,2,specimen_transfer:-1x0.05,dbb6e13c219697d5,103001100,3,189583105.95529103,-1440513.0466397703,107001100,5,192469886.83495325,-329488.349868536
60,routing_persistent_hotspot_cluster1,11,4,4,3,specimen_transfer:+1x0.1,066c62f5414475ad,103001100,3,184336863.28841248,3805729.620238781,107001100,5,187682776.8063001,4457621.678784609
60,routing_persistent_hotspot_cluster1,11,4,4,4,specimen_transfer:-1x0.1,78f551ead65bd629,103001100,3,190309233.7113982,-2166640.8027469516,107001100,5,193423626.77585477,-1283228.2907700539
60,routing_persistent_hotspot_cluster1,11,remaining,41,0,mdl2,6a04d60577c1e97a,103001110,3,2227149723.467487,0.0,107001110,5,2354579240.2928877,0.0
60,routing_persistent_hotspot_cluster1,11,remaining,41,1,specimen_transfer:+1x0.05,6c0892d06d08a0dc,103001110,3,2240526107.530764,-13376384.063277245,107001110,5,2342055678.470554,12523561.822333813
60,routing_persistent_hotspot_cluster1,11,remaining,41,2,specimen_transfer:-1x0.05,dbb6e13c219697d5,103001110,3,2248288841.4158583,-21139117.94837141,107001110,5,2362163835.5881886,-7584595.295300961
60,routing_persistent_hotspot_cluster1,11,remaining,41,3,specimen_transfer:+1x0.1,066c62f5414475ad,103001110,3,2237254762.357368,-10105038.889881134,107001110,5,2340096903.0559673,14482337.236920357
60,routing_persistent_hotspot_cluster1,11,remaining,41,4,specimen_transfer:-1x0.1,78f551ead65bd629,103001110,3,2283987478.2565503,-56837754.78906345,107001110,5,2397443800.853334,-42864560.56044626
60,routing_persistent_hotspot_cluster1,12,4,4,0,mdl2,984f1a497daa87e7,103001200,3,217361993.7731934,0.0,107001200,5,220584736.3830245,0.0
60,routing_persistent_hotspot_cluster1,12,4,4,1,specimen_transfer:+1x0.05,d22181b271bebf17,103001200,3,215543442.01949954,1818551.7536938488,107001200,5,219013339.8145625,1571396.5684620142
60,routing_persistent_hotspot_cluster1,12,4,4,2,specimen_transfer:-1x0.05,ab56562f48c0397a,103001200,3,217843262.3956499,-481268.6224565208,107001200,5,221114473.9215787,-529737.5385541916
60,routing_persistent_hotspot_cluster1,12,4,4,3,specimen_transfer:+1x0.1,31e37a14b32a0137,103001200,3,214294099.624377,3067894.148816377,107001200,5,218369916.85998994,2214819.5230345726
60,routing_persistent_hotspot_cluster1,12,4,4,4,specimen_transfer:-1x0.1,b47d2f7768f8958b,103001200,3,218582950.35646406,-1220956.583270669,107001200,5,221940780.719273,-1356044.3362484872
60,routing_persistent_hotspot_cluster1,12,remaining,40,0,mdl2,984f1a497daa87e7,103001210,3,2222070179.4815674,0.0,107001210,5,2179789807.525896,0.0
60,routing_persistent_hotspot_cluster1,12,remaining,40,1,specimen_transfer:+1x0.05,d22181b271bebf17,103001210,3,2211068590.174069,11001589.307498455,107001210,5,2177503229.547456,2286577.9784402847
60,routing_persistent_hotspot_cluster1,12,remaining,40,2,specimen_transfer:-1x0.05,ab56562f48c0397a,103001210,3,2209460197.5553565,12609981.92621088,107001210,5,2200628031.923124,-20838224.397227764
60,routing_persistent_hotspot_cluster1,12,remaining,40,3,specimen_transfer:+1x0.1,31e37a14b32a0137,103001210,3,2207864310.883826,14205868.597741604,107001210,5,2177328131.329496,2461676.1964001656
60,routing_persistent_hotspot_cluster1,12,remaining,40,4,specimen_transfer:-1x0.1,b47d2f7768f8958b,103001210,3,2221176066.003132,894113.4784355164,107001210,5,2210935935.542688,-31146128.01679182
60,routing_persistent_hotspot_cluster1,13,4,4,0,mdl2,751a0f3fbd00963c,103001300,3,225897144.39473757,0.0,107001300,5,224207974.07764116,0.0
60,routing_persistent_hotspot_cluster1,13,4,4,1,specimen_transfer:+1x0.05,0f1a47c84dfae0f6,103001300,3,224608536.61446953,1288607.7802680433,107001300,5,222701833.6283804,1506140.4492607713
60,routing_persistent_hotspot_cluster1,13,4,4,2,specimen_transfer:-1x0.05,ac76c1417df0935e,103001300,3,227181368.65209055,-1284224.257352978,107001300,5,225447498.509652,-1239524.4320108294
60,routing_persistent_hotspot_cluster1,13,4,4,3,specimen_transfer:+1x0.1,f34410a35024c2c0,103001300,3,225372000.3785077,525144.0162298679,107001300,5,222845607.07276836,1362367.004872799
60,routing_persistent_hotspot_cluster1,13,4,4,4,specimen_transfer:-1x0.1,ed51b05dc64780af,103001300,3,227816919.20133063,-1919774.8065930605,107001300,5,226545331.8217296,-2337357.744088441
60,routing_persistent_hotspot_cluster1,13,remaining,39,0,mdl2,751a0f3fbd00963c,103001310,3,2407892616.1181116,0.0,107001310,5,2291480882.2344275,0.0
60,routing_persistent_hotspot_cluster1,13,remaining,39,1,specimen_transfer:+1x0.05,0f1a47c84dfae0f6,103001310,3,2400267169.086132,7625447.031979561,107001310,5,2290988779.130976,492103.103451252
60,routing_persistent_hotspot_cluster1,13,remaining,39,2,specimen_transfer:-1x0.05,ac76c1417df0935e,103001310,3,2412795003.7721133,-4902387.654001713,107001310,5,2296390637.761669,-4909755.527241707
60,routing_persistent_hotspot_cluster1,13,remaining,39,3,specimen_transfer:+1x0.1,f34410a35024c2c0,103001310,3,2400403387.2674193,7489228.850692272,107001310,5,2287708120.790042,3772761.4443855286
60,routing_persistent_hotspot_cluster1,13,remaining,39,4,specimen_transfer:-1x0.1,ed51b05dc64780af,103001310,3,2454819009.1797543,-46926393.06164265,107001310,5,2318450149.481267,-26969267.246839523
60,routing_persistent_hotspot_cluster1,14,4,4,0,mdl2,167816a0c20e6281,103001400,3,236141288.8210924,0.0,107001400,5,241584304.44121018,0.0
60,routing_persistent_hotspot_cluster1,14,4,4,1,specimen_transfer:+1x0.05,0bbb814004d1a5bf,103001400,3,234194773.65218446,1946515.1689079404,107001400,5,240171497.5557147,1412806.8854954839
60,routing_persistent_hotspot_cluster1,14,4,4,2,specimen_transfer:-1x0.05,2a7fc19dbda7383d,103001400,3,237277177.41976348,-1135888.5986710787,107001400,5,243825976.29976192,-2241671.8585517406
60,routing_persistent_hotspot_cluster1,14,4,4,3,specimen_transfer:+1x0.1,26bc210c4ff4912e,103001400,3,233410430.91666508,2730857.9044273198,107001400,5,239351822.22551242,2232482.2156977654
60,routing_persistent_hotspot_cluster1,14,4,4,4,specimen_transfer:-1x0.1,9565cc0a952586e1,103001400,3,238425954.21976113,-2284665.398668736,107001400,5,244855802.79850736,-3271498.357297182
60,routing_persistent_hotspot_cluster1,14,remaining,38,0,mdl2,167816a0c20e6281,103001410,3,2197992884.2378926,0.0,107001410,5,2126185448.7592006,0.0
60,routing_persistent_hotspot_cluster1,14,remaining,38,1,specimen_transfer:+1x0.05,0bbb814004d1a5bf,103001410,3,2193729109.818191,4263774.419701576,107001410,5,2125635381.5841727,550067.1750278473
60,routing_persistent_hotspot_cluster1,14,remaining,38,2,specimen_transfer:-1x0.05,2a7fc19dbda7383d,103001410,3,2206499154.6935096,-8506270.455616951,107001410,5,2125193027.3406003,992421.4186003208
60,routing_persistent_hotspot_cluster1,14,remaining,38,3,specimen_transfer:+1x0.1,26bc210c4ff4912e,103001410,3,2198349938.1772285,-357053.93933582306,107001410,5,2124082818.185051,2102630.5741496086
60,routing_persistent_hotspot_cluster1,14,remaining,38,4,specimen_transfer:-1x0.1,9565cc0a952586e1,103001410,3,2222642719.9797497,-24649835.74185705,107001410,5,2147807256.047332,-21621807.288131237
60,routing_persistent_hotspot_cluster1,15,4,4,0,mdl2,9617b8181a28ff9b,103001500,3,251622480.79293218,0.0,107001500,5,250452292.9465571,0.0
60,routing_persistent_hotspot_cluster1,15,4,4,1,specimen_transfer:+1x0.05,feaf95240359ba30,103001500,3,251319246.36760655,303234.4253256321,107001500,5,249905503.05249625,546789.8940608501
60,routing_persistent_hotspot_cluster1,15,4,4,2,specimen_transfer:-1x0.05,65b6db83825e0b4e,103001500,3,251541380.07130632,81100.7216258645,107001500,5,249456225.6985736,996067.2479835153
60,routing_persistent_hotspot_cluster1,15,4,4,3,specimen_transfer:+1x0.1,f34564ee71b9f247,103001500,3,250208948.85399923,1413531.9389329553,107001500,5,249379656.32668272,1072636.619874388
60,routing_persistent_hotspot_cluster1,15,4,4,4,specimen_transfer:-1x0.1,364fabe9296642da,103001500,3,254048270.5253642,-2425789.732432008,107001500,5,252719281.4585371,-2266988.511979997
60,routing_persistent_hotspot_cluster1,15,remaining,37,0,mdl2,9617b8181a28ff9b,103001510,3,2142620250.0647295,0.0,107001510,5,2227282079.7253337,0.0
60,routing_persistent_hotspot_cluster1,15,remaining,37,1,specimen_transfer:+1x0.05,feaf95240359ba30,103001510,3,2138227089.3759205,4393160.688808918,107001510,5,2228411617.1829653,-1129537.457631588
60,routing_persistent_hotspot_cluster1,15,remaining,37,2,specimen_transfer:-1x0.05,65b6db83825e0b4e,103001510,3,2140239397.8431377,2380852.221591711,107001510,5,2225137288.0385027,2144791.6868309975
60,routing_persistent_hotspot_cluster1,15,remaining,37,3,specimen_transfer:+1x0.1,f34564ee71b9f247,103001510,3,2137923751.6976511,4696498.367078304,107001510,5,2226141983.6109614,1140096.1143722534
60,routing_persistent_hotspot_cluster1,15,remaining,37,4,specimen_transfer:-1x0.1,364fabe9296642da,103001510,3,2156072877.3721824,-13452627.307452917,107001510,5,2241127398.4606366,-13845318.735302925
60,routing_persistent_hotspot_cluster1,16,4,4,0,mdl2,757f36c1297bd786,103001600,3,238911945.45690766,0.0,107001600,5,239887368.93823034,0.0
60,routing_persistent_hotspot_cluster1,16,4,4,1,specimen_transfer:+1x0.05,1e3af4142ea3100c,103001600,3,239380899.63800028,-468954.1810926199,107001600,5,240514576.14805636,-627207.2098260224
60,routing_persistent_hotspot_cluster1,16,4,4,2,specimen_transfer:-1x0.05,3557777a9d4bd0fd,103001600,3,241923847.07866582,-3011901.621758163,107001600,5,242958707.23579168,-3071338.2975613475
60,routing_persistent_hotspot_cluster1,16,4,4,3,specimen_transfer:+1x0.1,0c3064cc50e4cda2,103001600,3,238052914.40612996,859031.0507777035,107001600,5,238471564.5146738,1415804.4235565364
60,routing_persistent_hotspot_cluster1,16,4,4,4,specimen_transfer:-1x0.1,af3218bdb9e654fc,103001600,3,243770421.7365943,-4858476.27968663,107001600,5,245165105.05364332,-5277736.11541298
60,routing_persistent_hotspot_cluster1,16,remaining,36,0,mdl2,757f36c1297bd786,103001610,3,2083397622.1226587,0.0,107001610,5,2121341528.6081684,0.0
60,routing_persistent_hotspot_cluster1,16,remaining,36,1,specimen_transfer:+1x0.05,1e3af4142ea3100c,103001610,3,2082543096.9826334,854525.1400253773,107001610,5,2130460280.4843056,-9118751.876137257
60,routing_persistent_hotspot_cluster1,16,remaining,36,2,specimen_transfer:-1x0.05,3557777a9d4bd0fd,103001610,3,2119070918.9467335,-35673296.824074745,107001610,5,2157630610.3696527,-36289081.761484385
60,routing_persistent_hotspot_cluster1,16,remaining,36,3,specimen_transfer:+1x0.1,0c3064cc50e4cda2,103001610,3,2072041675.0209892,11355947.10166955,107001610,5,2134554672.237339,-13213143.629170656
60,routing_persistent_hotspot_cluster1,16,remaining,36,4,specimen_transfer:-1x0.1,af3218bdb9e654fc,103001610,3,2145693866.8535366,-62296244.73087788,107001610,5,2183618111.517222,-62276582.909053564
60,routing_persistent_hotspot_cluster1,17,4,4,0,mdl2,acd2c59f7252a653,103001700,3,233875319.3841243,0.0,107001700,5,229045117.3949204,0.0
60,routing_persistent_hotspot_cluster1,17,4,4,1,specimen_transfer:+1x0.05,27e9797fc46d7783,103001700,3,231660935.2195514,2214384.1645728946,107001700,5,227291795.12413138,1753322.2707890272
60,routing_persistent_hotspot_cluster1,17,4,4,2,specimen_transfer:-1x0.05,deb07c580bd547de,103001700,3,233653969.88315704,221349.50096726418,107001700,5,229339752.3145326,-294634.91961219907
60,routing_persistent_hotspot_cluster1,17,4,4,3,specimen_transfer:+1x0.1,798b0803b7c5a656,103001700,3,228052484.361114,5822835.0230103135,107001700,5,224047466.03115398,4997651.363766432
60,routing_persistent_hotspot_cluster1,17,4,4,4,specimen_transfer:-1x0.1,a20d789e86021a0e,103001700,3,235641378.861804,-1766059.4776796997,107001700,5,231558442.47991744,-2513325.084997028
60,routing_persistent_hotspot_cluster1,17,remaining,35,0,mdl2,acd2c59f7252a653,103001710,3,1875629076.5269327,0.0,107001710,5,2063217390.3184478,0.0
60,routing_persistent_hotspot_cluster1,17,remaining,35,1,specimen_transfer:+1x0.05,27e9797fc46d7783,103001710,3,1873304657.228987,2324419.297945738,107001710,5,2058241100.053709,4976290.264738798
60,routing_persistent_hotspot_cluster1,17,remaining,35,2,specimen_transfer:-1x0.05,deb07c580bd547de,103001710,3,1871489984.912377,4139091.6145555973,107001710,5,2054140825.740504,9076564.577943802
60,routing_persistent_hotspot_cluster1,17,remaining,35,3,specimen_transfer:+1x0.1,798b0803b7c5a656,103001710,3,1874151437.5167625,1477639.0101702213,107001710,5,2057538992.3520126,5678397.966435194
60,routing_persistent_hotspot_cluster1,17,remaining,35,4,specimen_transfer:-1x0.1,a20d789e86021a0e,103001710,3,1890548558.6915166,-14919482.164583921,107001710,5,2087181886.9795375,-23964496.66108966
60,routing_persistent_hotspot_cluster1,18,4,4,0,mdl2,cd27ce5e5ff66926,103001800,3,216716560.67527834,0.0,107001800,5,209143309.1235152,0.0
60,routing_persistent_hotspot_cluster1,18,4,4,1,specimen_transfer:+1x0.05,1cf7fccefac949eb,103001800,3,215248414.0084395,1468146.6668388247,107001800,5,207004604.85716966,2138704.2663455307
60,routing_persistent_hotspot_cluster1,18,4,4,2,specimen_transfer:-1x0.05,c9c5750b4c81ba83,103001800,3,218261278.4117745,-1544717.7364961505,107001800,5,211208114.19635683,-2064805.0728416443
60,routing_persistent_hotspot_cluster1,18,4,4,3,specimen_transfer:+1x0.1,5c24fedb18d91cf5,103001800,3,214673995.29431987,2042565.3809584677,107001800,5,206150773.97017688,2992535.153338313
60,routing_persistent_hotspot_cluster1,18,4,4,4,specimen_transfer:-1x0.1,bfb530f1c5006fd0,103001800,3,218940256.92003164,-2223696.244753301,107001800,5,211710928.9521305,-2567619.828615308
60,routing_persistent_hotspot_cluster1,18,remaining,34,0,mdl2,cd27ce5e5ff66926,103001810,3,1951803204.3330638,0.0,107001810,5,2030694021.092395,0.0
60,routing_persistent_hotspot_cluster1,18,remaining,34,1,specimen_transfer:+1x0.05,1cf7fccefac949eb,103001810,3,1960928807.2774284,-9125602.944364548,107001810,5,2032572914.547892,-1878893.4554970264
60,routing_persistent_hotspot_cluster1,18,remaining,34,2,specimen_transfer:-1x0.05,c9c5750b4c81ba83,103001810,3,2003789416.657759,-51986212.32469511,107001810,5,2063844285.5811508,-33150264.488755703
60,routing_persistent_hotspot_cluster1,18,remaining,34,3,specimen_transfer:+1x0.1,5c24fedb18d91cf5,103001810,3,1961972500.91417,-10169296.581106186,107001810,5,2030060111.3292058,633909.7631893158
60,routing_persistent_hotspot_cluster1,18,remaining,34,4,specimen_transfer:-1x0.1,bfb530f1c5006fd0,103001810,3,2003466549.132984,-51663344.79992008,107001810,5,2063162077.4896462,-32468056.39725113
60,routing_persistent_hotspot_cluster1,19,4,4,0,mdl2,5b582fe939e64374,103001900,3,209077729.87549296,0.0,107001900,5,204665431.48891902,0.0
60,routing_persistent_hotspot_cluster1,19,4,4,1,specimen_transfer:+1x0.05,fb01022961491fe2,103001900,3,205528854.7250928,3548875.1504001617,107001900,5,200664236.2379503,4001195.2509687245
60,routing_persistent_hotspot_cluster1,19,4,4,2,specimen_transfer:-1x0.05,db1ef914086b0b6d,103001900,3,208385501.0964538,692228.7790391743,107001900,5,204192452.00364605,472979.4852729738
60,routing_persistent_hotspot_cluster1,19,4,4,3,specimen_transfer:+1x0.1,c833781db7af05d4,103001900,3,203413008.38379216,5664721.491700798,107001900,5,198979147.6343463,5686283.854572713
60,routing_persistent_hotspot_cluster1,19,4,4,4,specimen_transfer:-1x0.1,d60c1265f1e7a18f,103001900,3,211264050.47289968,-2186320.597406715,107001900,5,207288242.16504484,-2622810.6761258245
60,routing_persistent_hotspot_cluster1,19,remaining,33,0,mdl2,5b582fe939e64374,103001910,3,1939642632.194124,0.0,107001910,5,1828366815.7702618,0.0
60,routing_persistent_hotspot_cluster1,19,remaining,33,1,specimen_transfer:+1x0.05,fb01022961491fe2,103001910,3,1935343463.0723865,4299169.12173748,107001910,5,1826509846.3655357,1856969.4047260284
60,routing_persistent_hotspot_cluster1,19,remaining,33,2,specimen_transfer:-1x0.05,db1ef914086b0b6d,103001910,3,1938767284.1575365,875348.0365874767,107001910,5,1827324496.3796172,1042319.3906445503
60,routing_persistent_hotspot_cluster1,19,remaining,33,3,specimen_transfer:+1x0.1,c833781db7af05d4,103001910,3,1936369616.8351295,3273015.358994484,107001910,5,1827087738.436767,1279077.3334946632
60,routing_persistent_hotspot_cluster1,19,remaining,33,4,specimen_transfer:-1x0.1,d60c1265f1e7a18f,103001910,3,1960274590.2754066,-20631958.081282616,107001910,5,1848289282.5294318,-19922466.759170055
60,routing_persistent_hotspot_cluster1,20,4,4,0,mdl2,89614aba451daa97,103002000,3,191567212.2431496,0.0,107002000,5,193449675.04303128,0.0
60,routing_persistent_hotspot_cluster1,20,4,4,1,specimen_transfer:+1x0.05,3387a0efab16071c,103002000,3,189154067.79774582,2413144.4454037845,107002000,5,190880348.53262565,2569326.51040563
60,routing_persistent_hotspot_cluster1,20,4,4,2,specimen_transfer:-1x0.05,de653545e468b2f9,103002000,3,193782659.34728828,-2215447.1041386724,107002000,5,195072339.29128805,-1622664.2482567728
60,routing_persistent_hotspot_cluster1,20,4,4,3,specimen_transfer:+1x0.1,cfcdc425bcc05465,103002000,3,187234575.23935643,4332637.00379318,107002000,5,188707500.81068116,4742174.232350111
60,routing_persistent_hotspot_cluster1,20,4,4,4,specimen_transfer:-1x0.1,ccc125030ee11205,103002000,3,197239529.9672483,-5672317.724098682,107002000,5,197990372.75742355,-4540697.714392275
60,routing_persistent_hotspot_cluster1,20,remaining,32,0,mdl2,89614aba451daa97,103002010,3,1579089904.5599468,0.0,107002010,5,1828060536.3157806,0.0
60,routing_persistent_hotspot_cluster1,20,remaining,32,1,specimen_transfer:+1x0.05,3387a0efab16071c,103002010,3,1576293327.3901412,2796577.1698055267,107002010,5,1821027769.5661423,7032766.749638319
60,routing_persistent_hotspot_cluster1,20,remaining,32,2,specimen_transfer:-1x0.05,de653545e468b2f9,103002010,3,1576972005.7453887,2117898.814558029,107002010,5,1832307284.2645028,-4246747.948722124
60,routing_persistent_hotspot_cluster1,20,remaining,32,3,specimen_transfer:+1x0.1,cfcdc425bcc05465,103002010,3,1579254419.28815,-164514.72820329666,107002010,5,1818022109.8146641,10038426.501116514
60,routing_persistent_hotspot_cluster1,20,remaining,32,4,specimen_transfer:-1x0.1,ccc125030ee11205,103002010,3,1583298212.0168707,-4208307.456923962,107002010,5,1834580918.2712903,-6520381.955509663
60,routing_persistent_hotspot_cluster1,21,4,4,0,mdl2,149506b77a2505f1,103002100,3,195521904.44143096,0.0,107002100,5,200447975.5144662,0.0
60,routing_persistent_hotspot_cluster1,21,4,4,1,specimen_transfer:+1x0.05,5d63deaa9e4879c6,103002100,3,192931127.83873487,2590776.602696091,107002100,5,197925908.3348115,2522067.1796546876
60,routing_persistent_hotspot_cluster1,21,4,4,2,specimen_transfer:-1x0.05,88e444f9190eea12,103002100,3,197978858.6361688,-2456954.1947378516,107002100,5,202845894.91787505,-2397919.403408855
60,routing_persistent_hotspot_cluster1,21,4,4,3,specimen_transfer:+1x0.1,851eee8bec8b689a,103002100,3,191377741.4241514,4144163.0172795653,107002100,5,196191265.63536987,4256709.879096329
60,routing_persistent_hotspot_cluster1,21,4,4,4,specimen_transfer:-1x0.1,6fc322da26d14e8c,103002100,3,199007765.25984097,-3485860.818410009,107002100,5,203797739.63193282,-3349764.1174666286
60,routing_persistent_hotspot_cluster1,21,remaining,31,0,mdl2,149506b77a2505f1,103002110,3,1718393218.187369,0.0,107002110,5,1794727520.2418628,0.0
60,routing_persistent_hotspot_cluster1,21,remaining,31,1,specimen_transfer:+1x0.05,5d63deaa9e4879c6,103002110,3,1717664691.6118717,728526.5754973888,107002110,5,1792231358.620903,2496161.6209597588
60,routing_persistent_hotspot_cluster1,21,remaining,31,2,specimen_transfer:-1x0.05,88e444f9190eea12,103002110,3,1717041622.2838583,1351595.903510809,107002110,5,1791797808.9828773,2929711.2589855194
60,routing_persistent_hotspot_cluster1,21,remaining,31,3,specimen_transfer:+1x0.1,851eee8bec8b689a,103002110,3,1718478267.2561414,-85049.06877231598,107002110,5,1793886942.6605358,840577.5813269615
60,routing_persistent_hotspot_cluster1,21,remaining,31,4,specimen_transfer:-1x0.1,6fc322da26d14e8c,103002110,3,1711264823.4192626,7128394.768106461,107002110,5,1794700875.816616,26644.425246715546
60,routing_persistent_hotspot_cluster1,22,4,4,0,mdl2,124bcf168df591e8,103002200,3,200992246.60783195,0.0,107002200,5,202314890.6801706,0.0
60,routing_persistent_hotspot_cluster1,22,4,4,1,specimen_transfer:+1x0.05,9543ee147353cc2c,103002200,3,199468713.10333395,1523533.504498005,107002200,5,200747746.23108545,1567144.4490851462
60,routing_persistent_hotspot_cluster1,22,4,4,2,specimen_transfer:-1x0.05,6c8814b673ac1f46,103002200,3,201981407.4278874,-989160.820055455,107002200,5,203705646.3202924,-1390755.6401218176
60,routing_persistent_hotspot_cluster1,22,4,4,3,specimen_transfer:+1x0.1,34921cd3aa244df3,103002200,3,198232104.62851706,2760141.9793148935,107002200,5,199872491.4291491,2442399.2510215044
60,routing_persistent_hotspot_cluster1,22,4,4,4,specimen_transfer:-1x0.1,dee30c7ccfbccbed,103002200,3,205821062.8663012,-4828816.258469254,107002200,5,207175762.40346873,-4860871.723298132
60,routing_persistent_hotspot_cluster1,22,remaining,30,0,mdl2,124bcf168df591e8,103002210,3,1585414787.986808,0.0,107002210,5,1665127011.6697545,0.0
60,routing_persistent_hotspot_cluster1,22,remaining,30,1,specimen_transfer:+1x0.05,9543ee147353cc2c,103002210,3,1582751132.4009924,2663655.585815668,107002210,5,1663430936.5910382,1696075.078716278
60,routing_persistent_hotspot_cluster1,22,remaining,30,2,specimen_transfer:-1x0.05,6c8814b673ac1f46,103002210,3,1582364619.802304,3050168.184504032,107002210,5,1663781537.8957274,1345473.7740271091
60,routing_persistent_hotspot_cluster1,22,remaining,30,3,specimen_transfer:+1x0.1,34921cd3aa244df3,103002210,3,1583024617.7584903,2390170.2283177376,107002210,5,1662015265.1914716,3111746.4782829285
60,routing_persistent_hotspot_cluster1,22,remaining,30,4,specimen_transfer:-1x0.1,dee30c7ccfbccbed,103002210,3,1579424365.202692,5990422.78411603,107002210,5,1662745995.624333,2381016.0454216003
60,routing_persistent_hotspot_cluster1,23,4,4,0,mdl2,dc4eec6e1b18f802,103002300,3,187668532.14165878,0.0,107002300,5,186381558.25255594,0.0
60,routing_persistent_hotspot_cluster1,23,4,4,1,specimen_transfer:+1x0.05,b68f8c461f5bf393,103002300,3,185263177.55478787,2405354.5868709087,107002300,5,184422237.7802907,1959320.4722652435
60,routing_persistent_hotspot_cluster1,23,4,4,2,specimen_transfer:-1x0.05,95dfe614c6aad25b,103002300,3,189957090.86320463,-2288558.7215458453,107002300,5,188498310.9300456,-2116752.677489668
60,routing_persistent_hotspot_cluster1,23,4,4,3,specimen_transfer:+1x0.1,2a1441e6c689741f,103002300,3,185584948.97889248,2083583.1627663076,107002300,5,184189234.33976927,2192323.9127866626
60,routing_persistent_hotspot_cluster1,23,4,4,4,specimen_transfer:-1x0.1,7f4c87f892cdf75e,103002300,3,192364655.6108187,-4696123.469159931,107002300,5,190613663.3926893,-4232105.140133351
60,routing_persistent_hotspot_cluster1,23,remaining,29,0,mdl2,dc4eec6e1b18f802,103002310,3,1816058767.1996858,0.0,107002310,5,1740887782.7667198,0.0
60,routing_persistent_hotspot_cluster1,23,remaining,29,1,specimen_transfer:+1x0.05,b68f8c461f5bf393,103002310,3,1816383480.4918327,-324713.29214692116,107002310,5,1741659031.0266068,-771248.25988698
60,routing_persistent_hotspot_cluster1,23,remaining,29,2,specimen_transfer:-1x0.05,95dfe614c6aad25b,103002310,3,1812649466.3302896,3409300.8693962097,107002310,5,1737091700.4258618,3796082.3408579826
60,routing_persistent_hotspot_cluster1,23,remaining,29,3,specimen_transfer:+1x0.1,2a1441e6c689741f,103002310,3,1817451116.9420319,-1392349.7423460484,107002310,5,1743277525.9323268,-2389743.1656069756
60,routing_persistent_hotspot_cluster1,23,remaining,29,4,specimen_transfer:-1x0.1,7f4c87f892cdf75e,103002310,3,1811169566.502573,4889200.697112799,107002310,5,1736187802.80578,4699979.960939884
60,routing_persistent_hotspot_cluster1,24,4,4,0,mdl2,bb0be96bd263a3fb,103002400,3,197115913.73644826,0.0,107002400,5,198224743.85018936,0.0
60,routing_persistent_hotspot_cluster1,24,4,4,1,specimen_transfer:+1x0.05,8723ece79d70b4dc,103002400,3,196090468.20167685,1025445.5347714126,107002400,5,195958904.15704742,2265839.6931419373
60,routing_persistent_hotspot_cluster1,24,4,4,2,specimen_transfer:-1x0.05,75401029a824a84a,103002400,3,198857479.13374177,-1741565.397293508,107002400,5,200377813.01142877,-2153069.1612394154
60,routing_persistent_hotspot_cluster1,24,4,4,3,specimen_transfer:+1x0.1,bcb68e81407b7b7b,103002400,3,194990451.36317816,2125462.3732700944,107002400,5,195570521.21514088,2654222.635048479
60,routing_persistent_hotspot_cluster1,24,4,4,4,specimen_transfer:-1x0.1,0aa8d7e4d8b3d664,103002400,3,199229465.0167131,-2113551.2802648544,107002400,5,200854048.84597144,-2629304.9957820773
60,routing_persistent_hotspot_cluster1,24,remaining,28,0,mdl2,bb0be96bd263a3fb,103002410,3,1475091205.7986393,0.0,107002410,5,1461184965.654471,0.0
60,routing_persistent_hotspot_cluster1,24,remaining,28,1,specimen_transfer:+1x0.05,8723ece79d70b4dc,103002410,3,1474011944.8671236,1079260.9315156937,107002410,5,1460452682.3814902,732283.27298069
60,routing_persistent_hotspot_cluster1,24,remaining,28,2,specimen_transfer:-1x0.05,75401029a824a84a,103002410,3,1472415483.575759,2675722.2228803635,107002410,5,1463983728.8939629,-2798763.2394919395
60,routing_persistent_hotspot_cluster1,24,remaining,28,3,specimen_transfer:+1x0.1,bcb68e81407b7b7b,103002410,3,1474248151.9287367,843053.8699026108,107002410,5,1459812712.6173477,1372253.0371232033
60,routing_persistent_hotspot_cluster1,24,remaining,28,4,specimen_transfer:-1x0.1,0aa8d7e4d8b3d664,103002410,3,1471648381.4881732,3442824.310466051,107002410,5,1466350669.4547012,-5165703.800230265
60,routing_persistent_hotspot_cluster1,25,4,4,0,mdl2,b53638137ae6499b,103002500,3,186263910.3426288,0.0,107002500,5,185531871.80462793,0.0
60,routing_persistent_hotspot_cluster1,25,4,4,1,specimen_transfer:+1x0.05,d456108ebbf5f446,103002500,3,182433861.77849022,3830048.5641385913,107002500,5,181658960.34714547,3872911.457482457
60,routing_persistent_hotspot_cluster1,25,4,4,2,specimen_transfer:-1x0.05,b401cef9f0662fd0,103002500,3,188654881.76504552,-2390971.422416717,107002500,5,188366364.6586765,-2834492.85404858
60,routing_persistent_hotspot_cluster1,25,4,4,3,specimen_transfer:+1x0.1,343a73d8c655cb05,103002500,3,180890241.97470975,5373668.367919058,107002500,5,180412382.3814774,5119489.423150539
60,routing_persistent_hotspot_cluster1,25,4,4,4,specimen_transfer:-1x0.1,8206011bfd5cd91b,103002500,3,191232367.1247984,-4968456.78216958,107002500,5,189691321.42934853,-4159449.624720603
60,routing_persistent_hotspot_cluster1,25,remaining,27,0,mdl2,b53638137ae6499b,103002510,3,1467812920.473714,0.0,107002510,5,1397916916.6415012,0.0
60,routing_persistent_hotspot_cluster1,25,remaining,27,1,specimen_transfer:+1x0.05,d456108ebbf5f446,103002510,3,1465123780.314479,2689140.1592350006,107002510,5,1395106189.6164799,2810727.0250213146
60,routing_persistent_hotspot_cluster1,25,remaining,27,2,specimen_transfer:-1x0.05,b401cef9f0662fd0,103002510,3,1472766253.985878,-4953333.5121638775,107002510,5,1403852464.6359503,-5935547.994449139
60,routing_persistent_hotspot_cluster1,25,remaining,27,3,specimen_transfer:+1x0.1,343a73d8c655cb05,103002510,3,1464247225.2021358,3565695.271578312,107002510,5,1395098270.058155,2818646.5833461285
60,routing_persistent_hotspot_cluster1,25,remaining,27,4,specimen_transfer:-1x0.1,8206011bfd5cd91b,103002510,3,1479341728.9984643,-11528808.524750233,107002510,5,1411427923.3061843,-13511006.664683104
60,routing_persistent_hotspot_cluster1,26,4,4,0,mdl2,58f6467f2ac0a6fc,103002600,3,179885709.72375104,0.0,107002600,5,179022828.66743183,0.0
60,routing_persistent_hotspot_cluster1,26,4,4,1,specimen_transfer:+1x0.05,0f9cc27296428240,103002600,3,179169942.65650687,715767.0672441721,107002600,5,178579593.00341675,443235.6640150845
60,routing_persistent_hotspot_cluster1,26,4,4,2,specimen_transfer:-1x0.05,37e9c74290e44e04,103002600,3,182002704.3679805,-2116994.6442294717,107002600,5,181004419.42799222,-1981590.7605603933
60,routing_persistent_hotspot_cluster1,26,4,4,3,specimen_transfer:+1x0.1,3debe6cdb220b9a7,103002600,3,178816149.17537734,1069560.5483736992,107002600,5,177847030.43968043,1175798.227751404
60,routing_persistent_hotspot_cluster1,26,4,4,4,specimen_transfer:-1x0.1,d02a4e99a9c709a0,103002600,3,181352273.33755073,-1466563.6137996912,107002600,5,180976751.0237484,-1953922.3563165665
60,routing_persistent_hotspot_cluster1,26,remaining,26,0,mdl2,58f6467f2ac0a6fc,103002610,3,1384528312.2296908,0.0,107002610,5,1489797657.8194509,0.0
60,routing_persistent_hotspot_cluster1,26,remaining,26,1,specimen_transfer:+1x0.05,0f9cc27296428240,103002610,3,1384662712.3304174,-134400.10072660446,107002610,5,1487747412.845479,2050244.9739718437
60,routing_persistent_hotspot_cluster1,26,remaining,26,2,specimen_transfer:-1x0.05,37e9c74290e44e04,103002610,3,1388104184.7842386,-3575872.5545477867,107002610,5,1491559053.6362782,-1761395.8168272972
60,routing_persistent_hotspot_cluster1,26,remaining,26,3,specimen_transfer:+1x0.1,3debe6cdb220b9a7,103002610,3,1386773010.6966016,-2244698.466910839,107002610,5,1487877852.644075,1919805.1753759384
60,routing_persistent_hotspot_cluster1,26,remaining,26,4,specimen_transfer:-1x0.1,d02a4e99a9c709a0,103002610,3,1394462006.391888,-9933694.162197113,107002610,5,1496494010.2950413,-6696352.475590467
60,routing_persistent_hotspot_cluster1,27,4,4,0,mdl2,658f4018079b9403,103002700,3,183483310.08491102,0.0,107002700,5,189482644.26054823,0.0
60,routing_persistent_hotspot_cluster1,27,4,4,1,specimen_transfer:+1x0.05,ce13f7d4563c89e7,103002700,3,182037129.65288034,1446180.4320306778,107002700,5,188110678.36109748,1371965.8994507492
60,routing_persistent_hotspot_cluster1,27,4,4,2,specimen_transfer:-1x0.05,f0082faa67044f1d,103002700,3,183774744.02605367,-291433.94114264846,107002700,5,189409799.29710287,72844.96344536543
60,routing_persistent_hotspot_cluster1,27,4,4,3,specimen_transfer:+1x0.1,34ca280f59d56844,103002700,3,181012806.56156495,2470503.5233460665,107002700,5,186722079.85948217,2760564.401066065
60,routing_persistent_hotspot_cluster1,27,4,4,4,specimen_transfer:-1x0.1,1f3934ac3a3675d3,103002700,3,182922165.56949905,561144.515411973,107002700,5,189627061.62971845,-144417.3691702187
60,routing_persistent_hotspot_cluster1,27,remaining,25,0,mdl2,658f4018079b9403,103002710,3,1460844105.713817,0.0,107002710,5,1316017801.6472275,0.0
60,routing_persistent_hotspot_cluster1,27,remaining,25,1,specimen_transfer:+1x0.05,ce13f7d4563c89e7,103002710,3,1459434040.8377085,1410064.876108408,107002710,5,1315604965.642442,412836.0047855377
60,routing_persistent_hotspot_cluster1,27,remaining,25,2,specimen_transfer:-1x0.05,f0082faa67044f1d,103002710,3,1462192438.5395298,-1348332.8257129192,107002710,5,1315789378.7392206,228422.9080069065
60,routing_persistent_hotspot_cluster1,27,remaining,25,3,specimen_transfer:+1x0.1,34ca280f59d56844,103002710,3,1461107413.4151485,-263307.70133161545,107002710,5,1317150185.12547,-1132383.4782423973
60,routing_persistent_hotspot_cluster1,27,remaining,25,4,specimen_transfer:-1x0.1,1f3934ac3a3675d3,103002710,3,1464241465.1109202,-3397359.3971033096,107002710,5,1315143803.495697,873998.1515305042
60,routing_persistent_hotspot_cluster1,28,4,4,0,mdl2,118c24d6e646c2e1,103002800,3,183529687.34241554,0.0,107002800,5,183797962.40208146,0.0
60,routing_persistent_hotspot_cluster1,28,4,4,1,specimen_transfer:+1x0.05,2357f31f8df2ed69,103002800,3,180835331.1286238,2694356.213791728,107002800,5,180660325.68092483,3137636.721156627
60,routing_persistent_hotspot_cluster1,28,4,4,2,specimen_transfer:-1x0.05,cdbe5a850f2c274d,103002800,3,185133821.9222633,-1604134.579847753,107002800,5,185289343.6735088,-1491381.2714273334
60,routing_persistent_hotspot_cluster1,28,4,4,3,specimen_transfer:+1x0.1,3b56a9b16196022e,103002800,3,181006316.68101966,2523370.6613958776,107002800,5,180797953.5900352,3000008.8120462596
60,routing_persistent_hotspot_cluster1,28,4,4,4,specimen_transfer:-1x0.1,19aa1cad8216f5cb,103002800,3,185475804.83646354,-1946117.4940479994,107002800,5,186485099.32003045,-2687136.917948991
60,routing_persistent_hotspot_cluster1,28,remaining,24,0,mdl2,118c24d6e646c2e1,103002810,3,1382228128.6379302,0.0,107002810,5,1256445261.7561517,0.0
60,routing_persistent_hotspot_cluster1,28,remaining,24,1,specimen_transfer:+1x0.05,2357f31f8df2ed69,103002810,3,1387947711.5222058,-5719582.884275675,107002810,5,1266128786.3978686,-9683524.641716957
60,routing_persistent_hotspot_cluster1,28,remaining,24,2,specimen_transfer:-1x0.05,cdbe5a850f2c274d,103002810,3,1379051800.9637516,3176327.6741786003,107002810,5,1261973646.121185,-5528384.365033388
60,routing_persistent_hotspot_cluster1,28,remaining,24,3,specimen_transfer:+1x0.1,3b56a9b16196022e,103002810,3,1384868912.1365879,-2640783.4986577034,107002810,5,1266659225.7020297,-10213963.945878029
60,routing_persistent_hotspot_cluster1,28,remaining,24,4,specimen_transfer:-1x0.1,19aa1cad8216f5cb,103002810,3,1396442948.9236176,-14214820.285687447,107002810,5,1288414374.3718543,-31969112.61570263
60,routing_persistent_hotspot_cluster1,29,4,4,0,mdl2,752aa1a5681bf551,103002900,3,177825651.4534199,0.0,107002900,5,179522199.97638687,0.0
60,routing_persistent_hotspot_cluster1,29,4,4,1,specimen_transfer:+1x0.05,25429f6b2f19d34d,103002900,3,175118379.64055327,2707271.812866628,107002900,5,177127983.2039861,2394216.7724007666
60,routing_persistent_hotspot_cluster1,29,4,4,2,specimen_transfer:-1x0.05,1f2d102dc5d45acf,103002900,3,177857636.34687755,-31984.89345765114,107002900,5,179625702.14308,-103502.1666931212
60,routing_persistent_hotspot_cluster1,29,4,4,3,specimen_transfer:+1x0.1,6642ad8c89cf8586,103002900,3,173473981.1419616,4351670.31145829,107002900,5,175475568.64253348,4046631.333853394
60,routing_persistent_hotspot_cluster1,29,4,4,4,specimen_transfer:-1x0.1,f8e08068e4c9b792,103002900,3,178878958.76207432,-1053307.3086544275,107002900,5,180471997.77851835,-949797.802131474
60,routing_persistent_hotspot_cluster1,29,remaining,23,0,mdl2,752aa1a5681bf551,103002910,3,1244349249.8490486,0.0,107002910,5,1305268205.0180182,0.0
60,routing_persistent_hotspot_cluster1,29,remaining,23,1,specimen_transfer:+1x0.05,25429f6b2f19d34d,103002910,3,1245935860.781326,-1586610.932277441,107002910,5,1307504958.7625527,-2236753.7445344925
60,routing_persistent_hotspot_cluster1,29,remaining,23,2,specimen_transfer:-1x0.05,1f2d102dc5d45acf,103002910,3,1243236714.0332174,1112535.8158311844,107002910,5,1305275366.982759,-7161.964740753174
60,routing_persistent_hotspot_cluster1,29,remaining,23,3,specimen_transfer:+1x0.1,6642ad8c89cf8586,103002910,3,1246476567.2786055,-2127317.4295568466,107002910,5,1310204539.8750405,-4936334.857022285
60,routing_persistent_hotspot_cluster1,29,remaining,23,4,specimen_transfer:-1x0.1,f8e08068e4c9b792,103002910,3,1244419203.5919588,-69953.74291014671,107002910,5,1303047897.3442605,2220307.6737577915
60,routing_persistent_hotspot_cluster1,30,4,4,0,mdl2,a4922a493c303c75,103003000,3,193894746.89903566,0.0,107003000,5,195166779.7938563,0.0
60,routing_persistent_hotspot_cluster1,30,4,4,1,specimen_transfer:+1x0.05,4b3e08623e5c8694,103003000,3,191715299.94987544,2179446.9491602182,107003000,5,193263789.87462664,1902989.9192296565
60,routing_persistent_hotspot_cluster1,30,4,4,2,specimen_transfer:-1x0.05,860754c2e671f12f,103003000,3,198247442.31392464,-4352695.414888978,107003000,5,199303735.50161618,-4136955.707759887
60,routing_persistent_hotspot_cluster1,30,4,4,3,specimen_transfer:+1x0.1,dbdacdbdcbe6ec4b,103003000,3,192015488.87104276,1879258.0279929042,107003000,5,193512891.27903908,1653888.514817208
60,routing_persistent_hotspot_cluster1,30,4,4,4,specimen_transfer:-1x0.1,6d65ccf040268656,103003000,3,198341503.68726528,-4446756.7882296145,107003000,5,200187871.2051706,-5021091.411314309
60,routing_persistent_hotspot_cluster1,30,remaining,22,0,mdl2,a4922a493c303c75,103003010,3,1208588264.8814132,0.0,107003010,5,1226575986.8985097,0.0
60,routing_persistent_hotspot_cluster1,30,remaining,22,1,specimen_transfer:+1x0.05,4b3e08623e5c8694,103003010,3,1206884779.4434004,1703485.4380128384,107003010,5,1223475330.1907392,3100656.707770586
60,routing_persistent_hotspot_cluster1,30,remaining,22,2,specimen_transfer:-1x0.05,860754c2e671f12f,103003010,3,1204765850.249714,3822414.6316993237,107003010,5,1222127064.400949,4448922.4975607395
60,routing_persistent_hotspot_cluster1,30,remaining,22,3,specimen_transfer:+1x0.1,dbdacdbdcbe6ec4b,103003010,3,1204950909.8500519,3637355.0313613415,107003010,5,1223888305.5525177,2687681.3459920883
60,routing_persistent_hotspot_cluster1,30,remaining,22,4,specimen_transfer:-1x0.1,6d65ccf040268656,103003010,3,1201573495.4393578,7014769.442055464,107003010,5,1218132865.6051915,8443121.293318272
60,routing_persistent_hotspot_cluster1,31,4,4,0,mdl2,7cc3f714a4a5c021,103003100,3,196752615.344015,0.0,107003100,5,194471938.22751218,0.0
60,routing_persistent_hotspot_cluster1,31,4,4,1,specimen_transfer:+1x0.05,8e3e3375666976ee,103003100,3,195083066.91986838,1669548.4241466224,107003100,5,192767502.9418726,1704435.285639584
60,routing_persistent_hotspot_cluster1,31,4,4,2,specimen_transfer:-1x0.05,dbbec3239a9e4af8,103003100,3,196502353.99601436,250261.34800064564,107003100,5,194959311.5189898,-487373.2914776206
60,routing_persistent_hotspot_cluster1,31,4,4,3,specimen_transfer:+1x0.1,054331b83a2a1fb2,103003100,3,194832352.51395527,1920262.830059737,107003100,5,192543113.5352165,1928824.6922956705
60,routing_persistent_hotspot_cluster1,31,4,4,4,specimen_transfer:-1x0.1,3cd668827ab391e5,103003100,3,196889716.65708634,-137101.31307134032,107003100,5,195239443.1935398,-767504.9660276175
60,routing_persistent_hotspot_cluster1,31,remaining,21,0,mdl2,7cc3f714a4a5c021,103003110,3,1174159972.5375013,0.0,107003110,5,1159712946.5220923,0.0
60,routing_persistent_hotspot_cluster1,31,remaining,21,1,specimen_transfer:+1x0.05,8e3e3375666976ee,103003110,3,1172229119.304322,1930853.2331793308,107003110,5,1158881333.0802958,831613.4417965412
60,routing_persistent_hotspot_cluster1,31,remaining,21,2,specimen_transfer:-1x0.05,dbbec3239a9e4af8,103003110,3,1172557646.4664981,1602326.0710031986,107003110,5,1158846244.8420691,866701.6800231934
60,routing_persistent_hotspot_cluster1,31,remaining,21,3,specimen_transfer:+1x0.1,054331b83a2a1fb2,103003110,3,1170375023.6294105,3784948.90809083,107003110,5,1157578610.7728734,2134335.7492189407
60,routing_persistent_hotspot_cluster1,31,remaining,21,4,specimen_transfer:-1x0.1,3cd668827ab391e5,103003110,3,1171301482.3592913,2858490.17821002,107003110,5,1157878169.5842204,1834776.937871933
60,routing_persistent_hotspot_cluster1,32,4,4,0,mdl2,0ca57fe5fcee20ec,103003200,3,191860912.07697138,0.0,107003200,5,191315225.04111043,0.0
60,routing_persistent_hotspot_cluster1,32,4,4,1,specimen_transfer:+1x0.05,70bee7b1a2acbaa7,103003200,3,190799015.3962113,1061896.6807600856,107003200,5,190067112.56885406,1248112.4722563624
60,routing_persistent_hotspot_cluster1,32,4,4,2,specimen_transfer:-1x0.05,3e1521835f00462b,103003200,3,194339084.77921322,-2478172.702241838,107003200,5,193755817.45581418,-2440592.4147037566
60,routing_persistent_hotspot_cluster1,32,4,4,3,specimen_transfer:+1x0.1,ae4abe2cd4fbe499,103003200,3,189236778.3351562,2624133.7418151796,107003200,5,188555984.26572675,2759240.775383681
60,routing_persistent_hotspot_cluster1,32,4,4,4,specimen_transfer:-1x0.1,9bb81d53cdb6c5d1,103003200,3,197490205.81378868,-5629293.7368173,107003200,5,196147666.50719434,-4832441.466083914
60,routing_persistent_hotspot_cluster1,32,remaining,20,0,mdl2,0ca57fe5fcee20ec,103003210,3,1186509151.6909823,0.0,107003210,5,1124041222.280332,0.0
60,routing_persistent_hotspot_cluster1,32,remaining,20,1,specimen_transfer:+1x0.05,70bee7b1a2acbaa7,103003210,3,1185662840.0849023,846311.6060800552,107003210,5,1123206002.0392525,835220.2410795689
60,routing_persistent_hotspot_cluster1,32,remaining,20,2,specimen_transfer:-1x0.05,3e1521835f00462b,103003210,3,1183871639.1669672,2637512.524015188,107003210,5,1121206148.3433359,2835073.9369962215
60,routing_persistent_hotspot_cluster1,32,remaining,20,3,specimen_transfer:+1x0.1,ae4abe2cd4fbe499,103003210,3,1186799700.1595335,-290548.4685511589,107003210,5,1123566403.9797277,474818.3006043434
60,routing_persistent_hotspot_cluster1,32,remaining,20,4,specimen_transfer:-1x0.1,9bb81d53cdb6c5d1,103003210,3,1182908292.9956505,3600858.695331812,107003210,5,1121207428.885407,2833793.3949251175
60,routing_persistent_hotspot_cluster1,33,4,4,0,mdl2,8669ce66a9ff22cb,103003300,3,231842083.73925865,0.0,107003300,5,228250543.70201796,0.0
60,routing_persistent_hotspot_cluster1,33,4,4,1,specimen_transfer:+1x0.05,b2102900ec7e1af7,103003300,3,230454434.25044122,1387649.4888174236,107003300,5,226383590.22710043,1866953.474917531
60,routing_persistent_hotspot_cluster1,33,4,4,2,specimen_transfer:-1x0.05,ff636bf6a9b51a53,103003300,3,235795516.9279444,-3953433.188685745,107003300,5,231918449.92401165,-3667906.221993685
60,routing_persistent_hotspot_cluster1,33,4,4,3,specimen_transfer:+1x0.1,a39ef7adac7ba284,103003300,3,228173742.89723608,3668340.842022568,107003300,5,224117383.97791404,4133159.7241039276
60,routing_persistent_hotspot_cluster1,33,4,4,4,specimen_transfer:-1x0.1,7ae9472cedcbcdf4,103003300,3,236073948.28071606,-4231864.541457415,107003300,5,232257537.7666281,-4006994.0646101236
60,routing_persistent_hotspot_cluster1,33,remaining,19,0,mdl2,8669ce66a9ff22cb,103003310,3,1144900727.6250548,0.0,107003310,5,1275730145.0587068,0.0
60,routing_persistent_hotspot_cluster1,33,remaining,19,1,specimen_transfer:+1x0.05,b2102900ec7e1af7,103003310,3,1141958983.1074681,2941744.517586708,107003310,5,1273742232.873221,1987912.1854858398
60,routing_persistent_hotspot_cluster1,33,remaining,19,2,specimen_transfer:-1x0.05,ff636bf6a9b51a53,103003310,3,1139586706.3980494,5314021.227005482,107003310,5,1271499677.022464,4230468.036242723
60,routing_persistent_hotspot_cluster1,33,remaining,19,3,specimen_transfer:+1x0.1,a39ef7adac7ba284,103003310,3,1143861882.9393032,1038844.6857516766,107003310,5,1275709099.217376,21045.841330766678
60,routing_persistent_hotspot_cluster1,33,remaining,19,4,specimen_transfer:-1x0.1,7ae9472cedcbcdf4,103003310,3,1139380126.268582,5520601.356472731,107003310,5,1271028607.4502296,4701537.608477116
60,routing_persistent_hotspot_cluster1,34,4,4,0,mdl2,d390a46c7edd6ef2,103003400,3,250668833.7092837,0.0,107003400,5,245884238.10157138,0.0
60,routing_persistent_hotspot_cluster1,34,4,4,1,specimen_transfer:+1x0.05,47bf2b8e577455f3,103003400,3,248635499.90914047,2033333.8001432419,107003400,5,243526789.1399508,2357448.961620569
60,routing_persistent_hotspot_cluster1,34,4,4,2,specimen_transfer:-1x0.05,6bed73b2f4e35bd1,103003400,3,253331807.8325528,-2662974.123269081,107003400,5,248880682.6946927,-2996444.59312132
60,routing_persistent_hotspot_cluster1,34,4,4,3,specimen_transfer:+1x0.1,b81d111fece03c03,103003400,3,248248793.19396818,2420040.5153155327,107003400,5,243343540.45957008,2540697.642001301
60,routing_persistent_hotspot_cluster1,34,4,4,4,specimen_transfer:-1x0.1,63a49de68b4b1373,103003400,3,254832566.5068747,-4163732.797591001,107003400,5,249691918.05924916,-3807679.9576777816
60,routing_persistent_hotspot_cluster1,34,remaining,18,0,mdl2,d390a46c7edd6ef2,103003410,3,1192876979.581126,0.0,107003410,5,1204417205.8450112,0.0
60,routing_persistent_hotspot_cluster1,34,remaining,18,1,specimen_transfer:+1x0.05,47bf2b8e577455f3,103003410,3,1191162056.1480763,1714923.4330496788,107003410,5,1203106681.558866,1310524.2861452103
60,routing_persistent_hotspot_cluster1,34,remaining,18,2,specimen_transfer:-1x0.05,6bed73b2f4e35bd1,103003410,3,1193084147.0552907,-207167.47416472435,107003410,5,1205833816.533343,-1416610.6883318424
60,routing_persistent_hotspot_cluster1,34,remaining,18,3,specimen_transfer:+1x0.1,b81d111fece03c03,103003410,3,1187439629.467347,5437350.113779068,107003410,5,1199815802.083253,4601403.7617583275
60,routing_persistent_hotspot_cluster1,34,remaining,18,4,specimen_transfer:-1x0.1,63a49de68b4b1373,103003410,3,1193104122.7455885,-227143.16446256638,107003410,5,1204985236.1180332,-568030.2730219364
60,routing_persistent_hotspot_cluster1,35,4,4,0,mdl2,471d18cd3788cfb3,103003500,3,249210823.00910082,0.0,107003500,5,250069697.49365312,0.0
60,routing_persistent_hotspot_cluster1,35,4,4,1,specimen_transfer:+1x0.05,c4ceb64434fbf255,103003500,3,247452785.96222296,1758037.046877861,107003500,5,248497666.11295375,1572031.3806993663
60,routing_persistent_hotspot_cluster1,35,4,4,2,specimen_transfer:-1x0.05,7a3e6545ddc258eb,103003500,3,249777976.95799625,-567153.9488954246,107003500,5,250987960.87254676,-918263.3788936436
60,routing_persistent_hotspot_cluster1,35,4,4,3,specimen_transfer:+1x0.1,78466354a5b2216a,103003500,3,246977168.23339304,2233654.7757077813,107003500,5,247993466.52030817,2076230.9733449519
60,routing_persistent_hotspot_cluster1,35,4,4,4,specimen_transfer:-1x0.1,40a4389ec50d5bf1,103003500,3,250646531.18907794,-1435708.179977119,107003500,5,251749842.7680933,-1680145.2744401693
60,routing_persistent_hotspot_cluster1,35,remaining,17,0,mdl2,471d18cd3788cfb3,103003510,3,1104488701.7969532,0.0,107003510,5,1100710336.4572868,0.0
60,routing_persistent_hotspot_cluster1,35,remaining,17,1,specimen_transfer:+1x0.05,c4ceb64434fbf255,103003510,3,1102974252.1454113,1514449.6515419483,107003510,5,1098981204.6918676,1729131.7654192448
60,routing_persistent_hotspot_cluster1,35,remaining,17,2,specimen_transfer:-1x0.05,7a3e6545ddc258eb,103003510,3,1102416154.3458073,2072547.4511458874,107003510,5,1098772869.6557121,1937466.801574707
60,routing_persistent_hotspot_cluster1,35,remaining,17,3,specimen_transfer:+1x0.1,78466354a5b2216a,103003510,3,1103200087.8317308,1288613.9652223587,107003510,5,1100165278.2772524,545058.180034399
60,routing_persistent_hotspot_cluster1,35,remaining,17,4,specimen_transfer:-1x0.1,40a4389ec50d5bf1,103003510,3,1103092097.932825,1396603.8641281128,107003510,5,1100786215.1598897,-75878.70260286331
60,routing_persistent_hotspot_cluster1,36,4,4,0,mdl2,e23a628d8b16c5c8,103003600,3,254765291.9856883,0.0,107003600,5,262931276.96363157,0.0
60,routing_persistent_hotspot_cluster1,36,4,4,1,specimen_transfer:+1x0.05,d4bc6810aa849a3b,103003600,3,253239798.7311827,1525493.2545056045,107003600,5,261182068.39845142,1749208.5651801527
60,routing_persistent_hotspot_cluster1,36,4,4,2,specimen_transfer:-1x0.05,77dd557efe2fec8b,103003600,3,255071191.97771776,-305899.9920294583,107003600,5,263843605.31779638,-912328.354164809
60,routing_persistent_hotspot_cluster1,36,4,4,3,specimen_transfer:+1x0.1,d3960cf1806ab0e6,103003600,3,251572699.43659416,3192592.5490941405,107003600,5,259437765.59391373,3493511.3697178364
60,routing_persistent_hotspot_cluster1,36,4,4,4,specimen_transfer:-1x0.1,ef84f29c4fd2ef6e,103003600,3,254995470.71969208,-230178.73400378227,107003600,5,263780604.69413203,-849327.7305004597
60,routing_persistent_hotspot_cluster1,36,remaining,16,0,mdl2,e23a628d8b16c5c8,103003610,3,1025739965.8762792,0.0,107003610,5,985054932.4594402,0.0
60,routing_persistent_hotspot_cluster1,36,remaining,16,1,specimen_transfer:+1x0.05,d4bc6810aa849a3b,103003610,3,1026180923.0034109,-440957.1271317005,107003610,5,987297929.5141815,-2242997.0547412634
60,routing_persistent_hotspot_cluster1,36,remaining,16,2,specimen_transfer:-1x0.05,77dd557efe2fec8b,103003610,3,1023853009.4772888,1886956.3989903927,107003610,5,983781816.4543707,1273116.0050694942
60,routing_persistent_hotspot_cluster1,36,remaining,16,3,specimen_transfer:+1x0.1,d3960cf1806ab0e6,103003610,3,1026896712.4441671,-1156746.5678879023,107003610,5,987807729.6169945,-2752797.157554269
60,routing_persistent_hotspot_cluster1,36,remaining,16,4,specimen_transfer:-1x0.1,ef84f29c4fd2ef6e,103003610,3,1024403357.633048,1336608.2432311773,107003610,5,983965060.0944504,1089872.3649898767
60,routing_persistent_hotspot_cluster1,37,4,4,0,mdl2,d196a1952f2e57b3,103003700,3,256461129.62592673,0.0,107003700,5,256635888.0442803,0.0
60,routing_persistent_hotspot_cluster1,37,4,4,1,specimen_transfer:+1x0.05,2c5abedd7e00ce6e,103003700,3,255605421.9357923,855707.6901344359,107003700,5,255669723.72288465,966164.3213956356
60,routing_persistent_hotspot_cluster1,37,4,4,2,specimen_transfer:-1x0.05,87be7eab3d91bd8b,103003700,3,258636673.91203013,-2175544.2861033976,107003700,5,258484328.13396034,-1848440.0896800458
60,routing_persistent_hotspot_cluster1,37,4,4,3,specimen_transfer:+1x0.1,6d6b1d796726f75d,103003700,3,255461343.74869406,999785.8772326708,107003700,5,255627580.01955786,1008308.0247224271
60,routing_persistent_hotspot_cluster1,37,4,4,4,specimen_transfer:-1x0.1,c8b4e075754e709b,103003700,3,258761917.89277586,-2300788.2668491304,107003700,5,258720006.9588152,-2084118.9145348966
60,routing_persistent_hotspot_cluster1,37,remaining,15,0,mdl2,d196a1952f2e57b3,103003710,3,911336952.818944,0.0,107003710,5,833136866.8260972,0.0
60,routing_persistent_hotspot_cluster1,37,remaining,15,1,specimen_transfer:+1x0.05,2c5abedd7e00ce6e,103003710,3,910747457.8946114,589494.9243326187,107003710,5,832219629.7801201,917237.0459771156
60,routing_persistent_hotspot_cluster1,37,remaining,15,2,specimen_transfer:-1x0.05,87be7eab3d91bd8b,103003710,3,911135497.3118516,201455.50709235668,107003710,5,832907609.117882,229257.70821523666
60,routing_persistent_hotspot_cluster1,37,remaining,15,3,specimen_transfer:+1x0.1,6d6b1d796726f75d,103003710,3,910919303.3295021,417649.48944187164,107003710,5,832582554.8458107,554311.9802865982
60,routing_persistent_hotspot_cluster1,37,remaining,15,4,specimen_transfer:-1x0.1,c8b4e075754e709b,103003710,3,910287598.6992335,1049354.1197104454,107003710,5,831645633.1293739,1491233.696723342
60,routing_persistent_hotspot_cluster1,38,4,4,0,mdl2,171dbd9a91c9fc2a,103003800,3,259295037.0856216,0.0,107003800,5,262140431.2132632,0.0
60,routing_persistent_hotspot_cluster1,38,4,4,1,specimen_transfer:+1x0.05,ea21c24e5bf335ce,103003800,3,258050898.12068686,1244138.9649347365,107003800,5,260992287.51015958,1148143.7031036317
60,routing_persistent_hotspot_cluster1,38,4,4,2,specimen_transfer:-1x0.05,6422780e44c19d96,103003800,3,259297089.47676894,-2052.3911473453045,107003800,5,262090421.5287583,50009.684504926205
60,routing_persistent_hotspot_cluster1,38,4,4,3,specimen_transfer:+1x0.1,8f591a76cbb37e77,103003800,3,256691781.15517345,2603255.9304481447,107003800,5,259517665.74339467,2622765.4698685408
60,routing_persistent_hotspot_cluster1,38,4,4,4,specimen_transfer:-1x0.1,38c36f0393c3ee90,103003800,3,260398723.09363618,-1103686.0080145895,107003800,5,263038624.50766307,-898193.2943998575
60,routing_persistent_hotspot_cluster1,38,remaining,14,0,mdl2,171dbd9a91c9fc2a,103003810,3,894175786.1648399,0.0,107003810,5,905904355.9536663,0.0
60,routing_persistent_hotspot_cluster1,38,remaining,14,1,specimen_transfer:+1x0.05,ea21c24e5bf335ce,103003810,3,891021732.4389762,3154053.725863695,107003810,5,904413974.9296039,1490381.024062395
60,routing_persistent_hotspot_cluster1,38,remaining,14,2,specimen_transfer:-1x0.05,6422780e44c19d96,103003810,3,894296595.8065748,-120809.6417349577,107003810,5,906207218.205176,-302862.25150966644
60,routing_persistent_hotspot_cluster1,38,remaining,14,3,specimen_transfer:+1x0.1,8f591a76cbb37e77,103003810,3,889648130.8120793,4527655.352760553,107003810,5,903040397.6864731,2863958.267193198
60,routing_persistent_hotspot_cluster1,38,remaining,14,4,specimen_transfer:-1x0.1,38c36f0393c3ee90,103003810,3,893882710.5452954,293075.6195445061,107003810,5,906297747.4246222,-393391.4709558487
60,routing_persistent_hotspot_cluster1,39,4,4,0,mdl2,03c1367026239c0f,103003900,3,269031270.0290573,0.0,107003900,5,270159770.1145669,0.0
60,routing_persistent_hotspot_cluster1,39,4,4,1,specimen_transfer:+1x0.05,557add58f82a9ccf,103003900,3,267524576.7178115,1506693.3112458289,107003900,5,268586536.19933033,1573233.9152365923
60,routing_persistent_hotspot_cluster1,39,4,4,2,specimen_transfer:-1x0.05,531c34dc104744d2,103003900,3,268890279.93472344,140990.0943338871,107003900,5,270122300.31093836,37469.80362856388
60,routing_persistent_hotspot_cluster1,39,4,4,3,specimen_transfer:+1x0.1,f3cf0fd76967d7e5,103003900,3,266537902.25441018,2493367.7746471465,107003900,5,267469839.73934117,2689930.3752257526
60,routing_persistent_hotspot_cluster1,39,4,4,4,specimen_transfer:-1x0.1,dcd528299dad3345,103003900,3,269909599.3009579,-878329.2719005942,107003900,5,270854908.1343422,-695138.0197752714
60,routing_persistent_hotspot_cluster1,39,remaining,13,0,mdl2,03c1367026239c0f,103003910,3,755303215.242953,0.0,107003910,5,789640296.3642834,0.0
60,routing_persistent_hotspot_cluster1,39,remaining,13,1,specimen_transfer:+1x0.05,557add58f82a9ccf,103003910,3,754776709.5221195,526505.7208334208,107003910,5,788771886.2944785,868410.0698049068
60,routing_persistent_hotspot_cluster1,39,remaining,13,2,specimen_transfer:-1x0.05,531c34dc104744d2,103003910,3,754993988.2461023,309226.9968506098,107003910,5,790110552.9105167,-470256.5462332964
60,routing_persistent_hotspot_cluster1,39,remaining,13,3,specimen_transfer:+1x0.1,f3cf0fd76967d7e5,103003910,3,752651201.9395924,2652013.3033605814,107003910,5,787411822.5211958,2228473.843087673
60,routing_persistent_hotspot_cluster1,39,remaining,13,4,specimen_transfer:-1x0.1,dcd528299dad3345,103003910,3,754071895.0383129,1231320.2046400309,107003910,5,789170310.8284075,469985.5358759165
60,routing_persistent_hotspot_cluster1,40,4,4,0,mdl2,319fdc9939dde3c7,103004000,3,272282982.28785795,0.0,107004000,5,267567146.60726315,0.0
60,routing_persistent_hotspot_cluster1,40,4,4,1,specimen_transfer:+1x0.05,02baf309e1056d7c,103004000,3,270702148.2033731,1580834.0844848752,107004000,5,265840806.27329558,1726340.3339675665
60,routing_persistent_hotspot_cluster1,40,4,4,2,specimen_transfer:-1x0.05,0089db15dd3b150a,103004000,3,273338882.62535864,-1055900.3375006914,107004000,5,268294223.11195803,-727076.504694879
60,routing_persistent_hotspot_cluster1,40,4,4,3,specimen_transfer:+1x0.1,693cb67a520a6211,103004000,3,270044166.30206513,2238815.9857928157,107004000,5,265185505.24988252,2381641.3573806286
60,routing_persistent_hotspot_cluster1,40,4,4,4,specimen_transfer:-1x0.1,612853f2bb8f12cb,103004000,3,273130654.3528657,-847672.0650077462,107004000,5,268815452.6970569,-1248306.0897937417
60,routing_persistent_hotspot_cluster1,40,remaining,12,0,mdl2,319fdc9939dde3c7,103004010,3,674149815.4457439,0.0,107004010,5,752781230.697005,0.0
60,routing_persistent_hotspot_cluster1,40,remaining,12,1,specimen_transfer:+1x0.05,02baf309e1056d7c,103004010,3,671897414.7055608,2252400.740183115,107004010,5,750327843.8903881,2453386.8066169024
60,routing_persistent_hotspot_cluster1,40,remaining,12,2,specimen_transfer:-1x0.05,0089db15dd3b150a,103004010,3,674700718.5098953,-550903.0641514063,107004010,5,753425935.8010974,-644705.1040923595
60,routing_persistent_hotspot_cluster1,40,remaining,12,3,specimen_transfer:+1x0.1,693cb67a520a6211,103004010,3,671225157.8521751,2924657.593568802,107004010,5,749672726.7816132,3108503.915391803
60,routing_persistent_hotspot_cluster1,40,remaining,12,4,specimen_transfer:-1x0.1,612853f2bb8f12cb,103004010,3,674535312.4367372,-385496.99099326134,107004010,5,753251324.5087029,-470093.8116978407
60,routing_persistent_hotspot_cluster1,41,4,4,0,mdl2,cad6a142555c9d91,103004100,3,245873160.99249747,0.0,107004100,5,243476843.0820182,0.0
60,routing_persistent_hotspot_cluster1,41,4,4,1,specimen_transfer:+1x0.05,509bf9c9f1feb5d0,103004100,3,244496000.71982256,1377160.2726749182,107004100,5,242175596.01629478,1301247.0657234192
60,routing_persistent_hotspot_cluster1,41,4,4,2,specimen_transfer:-1x0.05,283a19c7de870ee3,103004100,3,246956415.65774417,-1083254.6652466953,107004100,5,244668486.54039297,-1191643.4583747685
60,routing_persistent_hotspot_cluster1,41,4,4,3,specimen_transfer:+1x0.1,f7b5d1d2616ca8f7,103004100,3,244292516.41782585,1580644.574671626,107004100,5,241967243.3911735,1509599.6908446848
60,routing_persistent_hotspot_cluster1,41,4,4,4,specimen_transfer:-1x0.1,fe40b29d01499036,103004100,3,248683200.76658317,-2810039.7740857005,107004100,5,246500595.03397933,-3023751.95196113
60,routing_persistent_hotspot_cluster1,41,remaining,11,0,mdl2,cad6a142555c9d91,103004110,3,624752778.0833608,0.0,107004110,5,613260336.4677773,0.0
60,routing_persistent_hotspot_cluster1,41,remaining,11,1,specimen_transfer:+1x0.05,509bf9c9f1feb5d0,103004110,3,623880978.5191096,871799.5642511845,107004110,5,612331641.4026017,928695.0651755333
60,routing_persistent_hotspot_cluster1,41,remaining,11,2,specimen_transfer:-1x0.05,283a19c7de870ee3,103004110,3,625465669.102877,-712891.0195162296,107004110,5,613631025.013046,-370688.54526877403
60,routing_persistent_hotspot_cluster1,41,remaining,11,3,specimen_transfer:+1x0.1,f7b5d1d2616ca8f7,103004110,3,623049978.5350955,1702799.548265338,107004110,5,611631195.7354615,1629140.7323157787
60,routing_persistent_hotspot_cluster1,41,remaining,11,4,specimen_transfer:-1x0.1,fe40b29d01499036,103004110,3,625134482.8104472,-381704.7270864248,107004110,5,613799144.8396982,-538808.3719209433
60,routing_persistent_hotspot_cluster1,42,4,4,0,mdl2,70aacf0f321e0211,103004200,3,224876359.00944448,0.0,107004200,5,222815485.84850973,0.0
60,routing_persistent_hotspot_cluster1,42,4,4,1,specimen_transfer:+1x0.05,f5ed7572f18fcb11,103004200,3,223718222.55668163,1158136.4527628422,107004200,5,221392791.46897188,1422694.3795378506
60,routing_persistent_hotspot_cluster1,42,4,4,2,specimen_transfer:-1x0.05,36ac0e464081b9b6,103004200,3,225557221.2355672,-680862.2261227369,107004200,5,223336933.95914227,-521448.1106325388
60,routing_persistent_hotspot_cluster1,42,4,4,3,specimen_transfer:+1x0.1,8924964152c47f3d,103004200,3,221989610.70188463,2886748.307559848,107004200,5,219504511.93525043,3310973.9132592976
60,routing_persistent_hotspot_cluster1,42,4,4,4,specimen_transfer:-1x0.1,bbe54b41f7df172c,103004200,3,225722743.6511953,-846384.6417508125,107004200,5,224136787.6260603,-1321301.7775505781
60,routing_persistent_hotspot_cluster1,42,remaining,10,0,mdl2,70aacf0f321e0211,103004210,3,511898387.4142539,0.0,107004210,5,566701988.9543585,0.0
60,routing_persistent_hotspot_cluster1,42,remaining,10,1,specimen_transfer:+1x0.05,f5ed7572f18fcb11,103004210,3,512572920.6873405,-674533.2730866075,107004210,5,566483553.942087,218435.01227140427
60,routing_persistent_hotspot_cluster1,42,remaining,10,2,specimen_transfer:-1x0.05,36ac0e464081b9b6,103004210,3,513968392.48237985,-2070005.0681259632,107004210,5,567961099.1821946,-1259110.227836132
60,routing_persistent_hotspot_cluster1,42,remaining,10,3,specimen_transfer:+1x0.1,8924964152c47f3d,103004210,3,512821411.9190323,-923024.5047783852,107004210,5,567466143.2891849,-764154.3348264694
60,routing_persistent_hotspot_cluster1,42,remaining,10,4,specimen_transfer:-1x0.1,bbe54b41f7df172c,103004210,3,514687534.77266616,-2789147.358412266,107004210,5,568710105.9596937,-2008117.0053352118
60,routing_persistent_hotspot_cluster1,43,4,4,0,mdl2,4b72e190aafeb706,103004300,3,199944111.88065577,0.0,107004300,5,204891366.93776372,0.0
60,routing_persistent_hotspot_cluster1,43,4,4,1,specimen_transfer:+1x0.05,27d8895aefb3831f,103004300,3,199601364.5315555,342747.3491002619,107004300,5,204506744.64702952,384622.29073420167
60,routing_persistent_hotspot_cluster1,43,4,4,2,specimen_transfer:-1x0.05,ad97a4d053d15e51,103004300,3,201041246.45310807,-1097134.5724523067,107004300,5,206208090.50580058,-1316723.5680368543
60,routing_persistent_hotspot_cluster1,43,4,4,3,specimen_transfer:+1x0.1,00b6a294369f8517,103004300,3,199719659.3295721,224452.55108365417,107004300,5,205003952.12617344,-112585.18840971589
60,routing_persistent_hotspot_cluster1,43,4,4,4,specimen_transfer:-1x0.1,b4641fd3662d541d,103004300,3,201566923.88363788,-1622812.0029821098,107004300,5,207009225.8585679,-2117858.9208041728
60,routing_persistent_hotspot_cluster1,43,remaining,9,0,mdl2,4b72e190aafeb706,103004310,3,462540043.24050933,0.0,107004310,5,465622903.68548983,0.0
60,routing_persistent_hotspot_cluster1,43,remaining,9,1,specimen_transfer:+1x0.05,27d8895aefb3831f,103004310,3,464874386.1454913,-2334342.904981971,107004310,5,466610054.63922006,-987150.9537302256
60,routing_persistent_hotspot_cluster1,43,remaining,9,2,specimen_transfer:-1x0.05,ad97a4d053d15e51,103004310,3,466432877.1021027,-3892833.8615933657,107004310,5,467263980.7618036,-1641077.0763137937
60,routing_persistent_hotspot_cluster1,43,remaining,9,3,specimen_transfer:+1x0.1,00b6a294369f8517,103004310,3,464031429.15612173,-1491385.9156123996,107004310,5,465277417.2484274,345486.4370624423
60,routing_persistent_hotspot_cluster1,43,remaining,9,4,specimen_transfer:-1x0.1,b4641fd3662d541d,103004310,3,466802363.80927134,-4262320.568762004,107004310,5,468585171.60986936,-2962267.9243795276
60,routing_persistent_hotspot_cluster1,44,4,4,0,mdl2,d5b93fc881fe4ee6,103004400,3,192335304.28192982,0.0,107004400,5,193321024.1099545,0.0
60,routing_persistent_hotspot_cluster1,44,4,4,1,specimen_transfer:+1x0.05,8873643bce17eda1,103004400,3,191560177.18941033,775127.0925194919,107004400,5,192384459.46765643,936564.6422980726
60,routing_persistent_hotspot_cluster1,44,4,4,2,specimen_transfer:-1x0.05,433bd1d28200cf76,103004400,3,194192144.4737037,-1856840.1917738914,107004400,5,195041639.10425848,-1720614.9943039715
60,routing_persistent_hotspot_cluster1,44,4,4,3,specimen_transfer:+1x0.1,3cfb35b6faa0c75b,103004400,3,192612067.03036723,-276762.74843740463,107004400,5,193500276.890819,-179252.78086450696
60,routing_persistent_hotspot_cluster1,44,4,4,4,specimen_transfer:-1x0.1,fa441f812dedb2af,103004400,3,194666278.61976945,-2330974.337839633,107004400,5,195440239.81449038,-2119215.7045358717
60,routing_persistent_hotspot_cluster1,44,remaining,8,0,mdl2,d5b93fc881fe4ee6,103004410,3,381137315.0218477,0.0,107004410,5,392227133.2296512,0.0
60,routing_persistent_hotspot_cluster1,44,remaining,8,1,specimen_transfer:+1x0.05,8873643bce17eda1,103004410,3,382437417.5929138,-1300102.5710660815,107004410,5,393312624.07716835,-1085490.8475171328
60,routing_persistent_hotspot_cluster1,44,remaining,8,2,specimen_transfer:-1x0.05,433bd1d28200cf76,103004410,3,384032035.25366086,-2894720.2318131328,107004410,5,395691699.7150663,-3464566.485415101
60,routing_persistent_hotspot_cluster1,44,remaining,8,3,specimen_transfer:+1x0.1,3cfb35b6faa0c75b,103004410,3,382286711.7832017,-1149396.7613539696,107004410,5,393694774.55969524,-1467641.3300440311
60,routing_persistent_hotspot_cluster1,44,remaining,8,4,specimen_transfer:-1x0.1,fa441f812dedb2af,103004410,3,383927606.1357524,-2790291.113904655,107004410,5,395815185.82129204,-3588052.59164083
60,routing_persistent_hotspot_cluster1,45,4,4,0,mdl2,7fc2843b8433cdec,103004500,3,184840847.77928314,0.0,107004500,5,182626723.30856982,0.0
60,routing_persistent_hotspot_cluster1,45,4,4,1,specimen_transfer:+1x0.05,9a8d3931e6a2a36d,103004500,3,185388370.52851352,-547522.7492303848,107004500,5,182089503.05184385,537220.2567259669
60,routing_persistent_hotspot_cluster1,45,4,4,2,specimen_transfer:-1x0.05,eb02302a42166d37,103004500,3,186057884.67241988,-1217036.8931367397,107004500,5,183478261.34364915,-851538.0350793302
60,routing_persistent_hotspot_cluster1,45,4,4,3,specimen_transfer:+1x0.1,d445b76a0bdbe1de,103004500,3,185376687.37351707,-535839.5942339301,107004500,5,182150606.2552105,476117.0533593297
60,routing_persistent_hotspot_cluster1,45,4,4,4,specimen_transfer:-1x0.1,a69053ff66df5ae0,103004500,3,186665183.3437326,-1824335.5644494593,107004500,5,184287208.09946585,-1660484.7908960283
60,routing_persistent_hotspot_cluster1,45,remaining,7,0,mdl2,7fc2843b8433cdec,103004510,3,346926138.68560386,0.0,107004510,5,356372057.34363115,0.0
60,routing_persistent_hotspot_cluster1,45,remaining,7,1,specimen_transfer:+1x0.05,9a8d3931e6a2a36d,103004510,3,348293762.5197452,-1367623.834141314,107004510,5,357311105.16268957,-939047.8190584183
60,routing_persistent_hotspot_cluster1,45,remaining,7,2,specimen_transfer:-1x0.05,eb02302a42166d37,103004510,3,348963213.4213555,-2037074.7357516289,107004510,5,357463801.6495354,-1091744.3059042692
60,routing_persistent_hotspot_cluster1,45,remaining,7,3,specimen_transfer:+1x0.1,d445b76a0bdbe1de,103004510,3,348145974.7015678,-1219836.0159639716,107004510,5,357372617.42782307,-1000560.0841919184
60,routing_persistent_hotspot_cluster1,45,remaining,7,4,specimen_transfer:-1x0.1,a69053ff66df5ae0,103004510,3,349488072.6275575,-2561933.941953659,107004510,5,358036104.666675,-1664047.3230438232
60,routing_persistent_hotspot_cluster1,46,4,4,0,mdl2,a52dabc70706a4e3,103004600,3,181819354.44038132,0.0,107004600,5,176555258.85800433,0.0
60,routing_persistent_hotspot_cluster1,46,4,4,1,specimen_transfer:+1x0.05,e332464597f219ad,103004600,3,182971570.76332918,-1152216.3229478598,107004600,5,177337175.7098707,-781916.8518663645
60,routing_persistent_hotspot_cluster1,46,4,4,2,specimen_transfer:-1x0.05,940eb36ab99d7537,103004600,3,183824067.56350866,-2004713.1231273413,107004600,5,178082870.15724978,-1527611.299245447
60,routing_persistent_hotspot_cluster1,46,4,4,3,specimen_transfer:+1x0.1,bfe4e65e6ca009fc,103004600,3,183108046.96311483,-1288692.5227335095,107004600,5,177485554.20268425,-930295.3446799219
60,routing_persistent_hotspot_cluster1,46,4,4,4,specimen_transfer:-1x0.1,657ffc8508388c37,103004600,3,184228994.9496014,-2409640.5092200935,107004600,5,179024281.11435974,-2469022.256355405
60,routing_persistent_hotspot_cluster1,46,remaining,6,0,mdl2,a52dabc70706a4e3,103004610,3,278038252.8162695,0.0,107004610,5,282509539.45137596,0.0
60,routing_persistent_hotspot_cluster1,46,remaining,6,1,specimen_transfer:+1x0.05,e332464597f219ad,103004610,3,278671801.13228357,-633548.3160140514,107004610,5,282921494.645614,-411955.1942380667
60,routing_persistent_hotspot_cluster1,46,remaining,6,2,specimen_transfer:-1x0.05,940eb36ab99d7537,103004610,3,279658379.26157975,-1620126.445310235,107004610,5,284138695.4691273,-1629156.017751336
60,routing_persistent_hotspot_cluster1,46,remaining,6,3,specimen_transfer:+1x0.1,bfe4e65e6ca009fc,103004610,3,278258658.03552145,-220405.2192519307,107004610,5,282911421.0699724,-401881.6185964346
60,routing_persistent_hotspot_cluster1,46,remaining,6,4,specimen_transfer:-1x0.1,657ffc8508388c37,103004610,3,280440514.14262736,-2402261.3263578415,107004610,5,284786771.9475999,-2277232.4962239265
60,routing_persistent_hotspot_cluster1,47,4,4,0,mdl2,d941cf0cd9b26377,103004700,3,199675829.52403918,0.0,107004700,5,204030211.47587696,0.0
60,routing_persistent_hotspot_cluster1,47,4,4,1,specimen_transfer:+1x0.05,9e3959da8eac2cf4,103004700,3,199858735.33825052,-182905.81421133876,107004700,5,204690010.86955652,-659799.3936795592
60,routing_persistent_hotspot_cluster1,47,4,4,2,specimen_transfer:-1x0.05,56cdec0b17f6798e,103004700,3,200761916.7974725,-1086087.2734333277,107004700,5,205240966.4246805,-1210754.948803544
60,routing_persistent_hotspot_cluster1,47,4,4,3,specimen_transfer:+1x0.1,a16ec551a6273425,103004700,3,199820994.30068138,-145164.77664220333,107004700,5,204660376.41558996,-630164.9397130013
60,routing_persistent_hotspot_cluster1,47,4,4,4,specimen_transfer:-1x0.1,b06097b7807a0d69,103004700,3,201681341.6898756,-2005512.1658364236,107004700,5,205896171.68772194,-1865960.2118449807
60,routing_persistent_hotspot_cluster1,47,remaining,5,0,mdl2,d941cf0cd9b26377,103004710,3,253968229.82405195,0.0,107004710,5,250449749.98453647,0.0
60,routing_persistent_hotspot_cluster1,47,remaining,5,1,specimen_transfer:+1x0.05,9e3959da8eac2cf4,103004710,3,254323719.21322834,-355489.3891763985,107004710,5,251871988.8005847,-1422238.8160482347
60,routing_persistent_hotspot_cluster1,47,remaining,5,2,specimen_transfer:-1x0.05,56cdec0b17f6798e,103004710,3,255827162.50556603,-1858932.6815140843,107004710,5,252465722.87442318,-2015972.889886707
60,routing_persistent_hotspot_cluster1,47,remaining,5,3,specimen_transfer:+1x0.1,a16ec551a6273425,103004710,3,255010688.3167545,-1042458.4927025437,107004710,5,251876981.9677371,-1427231.9832006395
60,routing_persistent_hotspot_cluster1,47,remaining,5,4,specimen_transfer:-1x0.1,b06097b7807a0d69,103004710,3,257009472.23689258,-3041242.4128406346,107004710,5,253686229.9493422,-3236479.9648057222
60,routing_persistent_hotspot_cluster1,48,4,4,0,mdl2,da3e9bb1d5301f66,103004800,3,211711916.12215924,0.0,107004800,5,211746134.02009892,0.0
60,routing_persistent_hotspot_cluster1,48,4,4,1,specimen_transfer:+1x0.05,3bbdefe39544cdc4,103004800,3,211320877.31836018,391038.80379906297,107004800,5,212002459.4222747,-256325.4021757841
60,routing_persistent_hotspot_cluster1,48,4,4,2,specimen_transfer:-1x0.05,b1be814c4554f2c9,103004800,3,211374913.84763142,337002.27452781796,107004800,5,211825767.25605112,-79633.2359521985
60,routing_persistent_hotspot_cluster1,48,4,4,3,specimen_transfer:+1x0.1,f661f53c0c0f89cf,103004800,3,210837712.45204762,874203.6701116264,107004800,5,211450887.57529074,295246.4448081851
60,routing_persistent_hotspot_cluster1,48,4,4,4,specimen_transfer:-1x0.1,44e3123ebc63f1c3,103004800,3,212064598.67777288,-352682.55561363697,107004800,5,212564264.96400115,-818130.9439022243
60,routing_persistent_hotspot_cluster1,48,remaining,4,0,mdl2,da3e9bb1d5301f66,103004810,3,212651969.12260738,0.0,107004810,5,213452647.84698302,0.0
60,routing_persistent_hotspot_cluster1,48,remaining,4,1,specimen_transfer:+1x0.05,3bbdefe39544cdc4,103004810,3,212863832.72369424,-211863.60108685493,107004810,5,213802866.6053439,-350218.75836089253
60,routing_persistent_hotspot_cluster1,48,remaining,4,2,specimen_transfer:-1x0.05,b1be814c4554f2c9,103004810,3,212721441.22371754,-69472.10111016035,107004810,5,213681668.59238058,-229020.74539756775
60,routing_persistent_hotspot_cluster1,48,remaining,4,3,specimen_transfer:+1x0.1,f661f53c0c0f89cf,103004810,3,212177366.13031664,474602.99229073524,107004810,5,213092464.48080698,360183.366176039
60,routing_persistent_hotspot_cluster1,48,remaining,4,4,specimen_transfer:-1x0.1,44e3123ebc63f1c3,103004810,3,213556057.99245903,-904088.8698516488,107004810,5,214490326.6936981,-1037678.8467150927
60,routing_persistent_hotspot_cluster1,49,4,3,0,mdl2,815417e993bfe67c,103004900,3,166008932.5636324,0.0,107004900,5,165252842.43778247,0.0
60,routing_persistent_hotspot_cluster1,49,4,3,1,specimen_transfer:+1x0.05,ac9566216c06a4f1,103004900,3,166243263.77518967,-234331.2115572691,107004900,5,165284225.79426676,-31383.356484293938
60,routing_persistent_hotspot_cluster1,49,4,3,2,specimen_transfer:-1x0.05,1e51f0440dc2b337,103004900,3,166993853.72429594,-984921.1606635451,107004900,5,165541795.0831463,-288952.6453638375
60,routing_persistent_hotspot_cluster1,49,4,3,3,specimen_transfer:+1x0.1,32e99bbdbdade8f2,103004900,3,166458655.07146335,-449722.50783094764,107004900,5,165143097.1898999,109745.2478825748
60,routing_persistent_hotspot_cluster1,49,4,3,4,specimen_transfer:-1x0.1,0f4957854d0a274a,103004900,3,167424325.6592796,-1415393.0956472158,107004900,5,165908478.5717722,-655636.1339897215
60,routing_persistent_hotspot_cluster1,49,remaining,3,0,mdl2,815417e993bfe67c,103004910,3,165992537.42576063,0.0,107004910,5,165874301.43912914,0.0
60,routing_persistent_hotspot_cluster1,49,remaining,3,1,specimen_transfer:+1x0.05,ac9566216c06a4f1,103004910,3,166054433.57721514,-61896.151454508305,107004910,5,166083409.0252995,-209107.58617034554
60,routing_persistent_hotspot_cluster1,49,remaining,3,2,specimen_transfer:-1x0.05,1e51f0440dc2b337,103004910,3,166504678.63251993,-512141.2067593038,107004910,5,166161075.09505317,-286773.6559240222
60,routing_persistent_hotspot_cluster1,49,remaining,3,3,specimen_transfer:+1x0.1,32e99bbdbdade8f2,103004910,3,165942259.99121937,50277.434541255236,107004910,5,165651773.26481158,222528.17431756854
60,routing_persistent_hotspot_cluster1,49,remaining,3,4,specimen_transfer:-1x0.1,0f4957854d0a274a,103004910,3,166878022.28642988,-885484.8606692553,107004910,5,166519301.1873495,-644999.7482203543
60,routing_persistent_hotspot_cluster1,50,4,2,0,mdl2,d824fefc22ae73eb,103005000,3,115402101.22889338,0.0,107005000,5,116424717.0506796,0.0
60,routing_persistent_hotspot_cluster1,50,4,2,1,specimen_transfer:+1x0.05,8e60b99a3b9a1577,103005000,3,115798875.72721702,-396774.49832363427,107005000,5,116799226.4772439,-374509.426564306
60,routing_persistent_hotspot_cluster1,50,4,2,2,specimen_transfer:-1x0.05,63e3eb7b6be00cc3,103005000,3,115954693.12074186,-552591.8918484747,107005000,5,116971748.32708366,-547031.2764040679
60,routing_persistent_hotspot_cluster1,50,4,2,3,specimen_transfer:+1x0.1,b3d5ce489805218d,103005000,3,115395568.85560234,6532.373291045427,107005000,5,116399215.98871294,25501.06196665764
60,routing_persistent_hotspot_cluster1,50,4,2,4,specimen_transfer:-1x0.1,03c5ff5f93bca193,103005000,3,116268280.3364921,-866179.107598722,107005000,5,117322320.35995762,-897603.3092780262
60,routing_persistent_hotspot_cluster1,50,remaining,2,0,mdl2,d824fefc22ae73eb,103005010,3,116546594.27266796,0.0,107005010,5,115013822.20593914,0.0
60,routing_persistent_hotspot_cluster1,50,remaining,2,1,specimen_transfer:+1x0.05,8e60b99a3b9a1577,103005010,3,116928237.55882676,-381643.2861588001,107005010,5,115419689.93637666,-405867.73043751717
60,routing_persistent_hotspot_cluster1,50,remaining,2,2,specimen_transfer:-1x0.05,63e3eb7b6be00cc3,103005010,3,117096951.71565573,-550357.4429877698,107005010,5,115635145.99427143,-621323.7883322835
60,routing_persistent_hotspot_cluster1,50,remaining,2,3,specimen_transfer:+1x0.1,b3d5ce489805218d,103005010,3,116597149.18994461,-50554.91727665067,107005010,5,115064078.90798339,-50256.70204424858
60,routing_persistent_hotspot_cluster1,50,remaining,2,4,specimen_transfer:-1x0.1,03c5ff5f93bca193,103005010,3,117405949.19773819,-859354.9250702262,107005010,5,115985170.21876602,-971348.0128268749
60,routing_persistent_hotspot_cluster1,51,4,1,0,mdl2,55a95b3af5b436da,103005100,3,57033870.04157642,0.0,107005100,5,57033870.04157643,0.0
60,routing_persistent_hotspot_cluster1,51,4,1,1,specimen_transfer:+1x0.05,d49ebca3d406f868,103005100,3,57181899.76690308,-148029.7253266573,107005100,5,57181899.76690308,-148029.72532664984
60,routing_persistent_hotspot_cluster1,51,4,1,2,specimen_transfer:-1x0.05,78220479fc27451b,103005100,3,57231235.927113675,-197365.88553725183,107005100,5,57231235.927113675,-197365.88553724438
60,routing_persistent_hotspot_cluster1,51,4,1,3,specimen_transfer:+1x0.1,223cf14f4da7a67e,103005100,3,57132279.435085416,-98409.39350899309,107005100,5,57132279.435085416,-98409.39350898564
60,routing_persistent_hotspot_cluster1,51,4,1,4,specimen_transfer:-1x0.1,12d302cfabd1c786,103005100,3,57132279.435085416,-98409.39350899309,107005100,5,57132279.435085416,-98409.39350898564
60,routing_persistent_hotspot_cluster1,51,remaining,1,0,mdl2,55a95b3af5b436da,103005110,3,57033870.04157642,0.0,107005110,5,57033870.04157643,0.0
60,routing_persistent_hotspot_cluster1,51,remaining,1,1,specimen_transfer:+1x0.05,d49ebca3d406f868,103005110,3,57181899.76690308,-148029.7253266573,107005110,5,57181899.76690308,-148029.72532664984
60,routing_persistent_hotspot_cluster1,51,remaining,1,2,specimen_transfer:-1x0.05,78220479fc27451b,103005110,3,57231235.927113675,-197365.88553725183,107005110,5,57231235.927113675,-197365.88553724438
60,routing_persistent_hotspot_cluster1,51,remaining,1,3,specimen_transfer:+1x0.1,223cf14f4da7a67e,103005110,3,57132279.435085416,-98409.39350899309,107005110,5,57132279.435085416,-98409.39350898564
60,routing_persistent_hotspot_cluster1,51,remaining,1,4,specimen_transfer:-1x0.1,12d302cfabd1c786,103005110,3,57132279.435085416,-98409.39350899309,107005110,5,57132279.435085416,-98409.39350898564
61,routing_persistent_hotspot_cluster2,0,4,4,0,mdl2,9d17dca366f68994,104000000,3,19155436.97006003,0.0,108000000,5,19159691.131787382,0.0
61,routing_persistent_hotspot_cluster2,0,4,4,1,specimen_transfer:+1x0.05,fd19bb86bf8f5eb2,104000000,3,19155436.97006003,0.0,108000000,5,19159691.131787382,0.0
61,routing_persistent_hotspot_cluster2,0,4,4,2,specimen_transfer:-1x0.05,42df657888c9007f,104000000,3,19155436.97006003,0.0,108000000,5,19159691.131787382,0.0
61,routing_persistent_hotspot_cluster2,0,4,4,3,specimen_transfer:+1x0.1,15cb5ec4582b0abc,104000000,3,19155436.97006003,0.0,108000000,5,19159691.131787382,0.0
61,routing_persistent_hotspot_cluster2,0,4,4,4,specimen_transfer:-1x0.1,0866896942972d78,104000000,3,19155436.97006003,0.0,108000000,5,19159691.131787382,0.0
61,routing_persistent_hotspot_cluster2,0,remaining,52,0,mdl2,9d17dca366f68994,104000010,3,2385471312.2198505,0.0,108000010,5,2506266296.476737,0.0
61,routing_persistent_hotspot_cluster2,0,remaining,52,1,specimen_transfer:+1x0.05,fd19bb86bf8f5eb2,104000010,3,2385471312.2198505,0.0,108000010,5,2506266296.476737,0.0
61,routing_persistent_hotspot_cluster2,0,remaining,52,2,specimen_transfer:-1x0.05,42df657888c9007f,104000010,3,2385471312.2198505,0.0,108000010,5,2506266296.476737,0.0
61,routing_persistent_hotspot_cluster2,0,remaining,52,3,specimen_transfer:+1x0.1,15cb5ec4582b0abc,104000010,3,2385471312.2198505,0.0,108000010,5,2506266296.476737,0.0
61,routing_persistent_hotspot_cluster2,0,remaining,52,4,specimen_transfer:-1x0.1,0866896942972d78,104000010,3,2385471312.2198505,0.0,108000010,5,2506266296.476737,0.0
61,routing_persistent_hotspot_cluster2,1,4,4,0,mdl2,219a818f1cef9708,104000100,3,25481082.796218317,0.0,108000100,5,28199554.115972757,0.0
61,routing_persistent_hotspot_cluster2,1,4,4,1,specimen_transfer:+1x0.05,0f7014047988e63e,104000100,3,25896556.556589022,-415473.7603707053,108000100,5,28609713.14091397,-410159.0249412134
61,routing_persistent_hotspot_cluster2,1,4,4,2,specimen_transfer:-1x0.05,74d88344d1163466,104000100,3,26336062.97238272,-854980.1761644036,108000100,5,29110135.9950476,-910581.8790748417
61,routing_persistent_hotspot_cluster2,1,4,4,3,specimen_transfer:+1x0.1,b60812cac3e8076f,104000100,3,26472415.719384853,-991332.9231665358,108000100,5,29175147.44077004,-975593.3247972839
61,routing_persistent_hotspot_cluster2,1,4,4,4,specimen_transfer:-1x0.1,2b03e6da8ff20f20,104000100,3,26741166.307728767,-1260083.5115104504,108000100,5,29463586.950571686,-1264032.8345989287
61,routing_persistent_hotspot_cluster2,1,remaining,51,0,mdl2,219a818f1cef9708,104000110,3,2284074052.572986,0.0,108000110,5,2494664723.1738114,0.0
61,routing_persistent_hotspot_cluster2,1,remaining,51,1,specimen_transfer:+1x0.05,0f7014047988e63e,104000110,3,2313807536.576458,-29733484.00347185,108000110,5,2525294761.544838,-30630038.371026516
61,routing_persistent_hotspot_cluster2,1,remaining,51,2,specimen_transfer:-1x0.05,74d88344d1163466,104000110,3,2283353264.7994494,720787.7735366821,108000110,5,2500234620.636317,-5569897.462505341
61,routing_persistent_hotspot_cluster2,1,remaining,51,3,specimen_transfer:+1x0.1,b60812cac3e8076f,104000110,3,2342297948.2536483,-58223895.680662155,108000110,5,2558793114.340361,-64128391.16654968
61,routing_persistent_hotspot_cluster2,1,remaining,51,4,specimen_transfer:-1x0.1,2b03e6da8ff20f20,104000110,3,2283988269.5755754,85782.99741077423,108000110,5,2503215930.886224,-8551207.712412357
61,routing_persistent_hotspot_cluster2,2,4,4,0,mdl2,111a6b10de450d71,104000200,3,34319101.91793614,0.0,108000200,5,32550296.64915722,0.0
61,routing_persistent_hotspot_cluster2,2,4,4,1,specimen_transfer:+1x0.05,f4f4a8b9f84d6210,104000200,3,34456083.050954066,-136981.1330179274,108000200,5,32748023.098511375,-197726.44935415685
61,routing_persistent_hotspot_cluster2,2,4,4,2,specimen_transfer:-1x0.05,6b9b98acf44db5fa,104000200,3,34901491.15285002,-582389.2349138781,108000200,5,33236355.29962963,-686058.65047241
61,routing_persistent_hotspot_cluster2,2,4,4,3,specimen_transfer:+1x0.1,b6788aaf6b76046e,104000200,3,34422585.39371651,-103483.47578036785,108000200,5,32638516.258134156,-88219.60897693783
61,routing_persistent_hotspot_cluster2,2,4,4,4,specimen_transfer:-1x0.1,9c71885385defa9e,104000200,3,34764514.13417157,-445412.21623542905,108000200,5,33142467.992753945,-592171.3435967267
61,routing_persistent_hotspot_cluster2,2,remaining,50,0,mdl2,111a6b10de450d71,104000210,3,2332784298.754368,0.0,108000210,5,2332483947.415597,0.0
61,routing_persistent_hotspot_cluster2,2,remaining,50,1,specimen_transfer:+1x0.05,f4f4a8b9f84d6210,104000210,3,2334729810.5591836,-1945511.8048157692,108000210,5,2338856793.1789804,-6372845.7633833885
61,routing_persistent_hotspot_cluster2,2,remaining,50,2,specimen_transfer:-1x0.05,6b9b98acf44db5fa,104000210,3,2340803274.323338,-8018975.568970203,108000210,5,2339080563.966052,-6596616.550455093
61,routing_persistent_hotspot_cluster2,2,remaining,50,3,specimen_transfer:+1x0.1,b6788aaf6b76046e,104000210,3,2336965714.485927,-4181415.7315592766,108000210,5,2335725008.9092455,-3241061.493648529
61,routing_persistent_hotspot_cluster2,2,remaining,50,4,specimen_transfer:-1x0.1,9c71885385defa9e,104000210,3,2341512360.8161445,-8728062.061776638,108000210,5,2336941012.8888283,-4457065.473231316
61,routing_persistent_hotspot_cluster2,3,4,4,0,mdl2,9305a717d3a36866,104000300,3,46713222.56883087,0.0,108000300,5,45122274.49078863,0.0
61,routing_persistent_hotspot_cluster2,3,4,4,1,specimen_transfer:+1x0.05,b42c2c50cf288bf0,104000300,3,46730564.93662914,-17342.367798268795,108000300,5,45061445.48052354,60829.01026508957
61,routing_persistent_hotspot_cluster2,3,4,4,2,specimen_transfer:-1x0.05,07dc74bb3df9309c,104000300,3,46923515.49253819,-210292.9237073213,108000300,5,45310194.78088184,-187920.29009320587
61,routing_persistent_hotspot_cluster2,3,4,4,3,specimen_transfer:+1x0.1,fa05138d7c356e4a,104000300,3,46797262.8683627,-84040.29953183234,108000300,5,45056123.499748506,66150.99104012549
61,routing_persistent_hotspot_cluster2,3,4,4,4,specimen_transfer:-1x0.1,ac713017615ac819,104000300,3,46888109.53221337,-174886.96338249743,108000300,5,45291519.406644985,-169244.91585635394
61,routing_persistent_hotspot_cluster2,3,remaining,49,0,mdl2,9305a717d3a36866,104000310,3,2432731172.2933993,0.0,108000310,5,2462329669.438043,0.0
61,routing_persistent_hotspot_cluster2,3,remaining,49,1,specimen_transfer:+1x0.05,b42c2c50cf288bf0,104000310,3,2435272926.113171,-2541753.8197717667,108000310,5,2463216439.755216,-886770.3171730042
61,routing_persistent_hotspot_cluster2,3,remaining,49,2,specimen_transfer:-1x0.05,07dc74bb3df9309c,104000310,3,2440092555.688093,-7361383.3946938515,108000310,5,2465979988.5560412,-3650319.117998123
61,routing_persistent_hotspot_cluster2,3,remaining,49,3,specimen_transfer:+1x0.1,fa05138d7c356e4a,104000310,3,2435505116.591788,-2773944.298388481,108000310,5,2463648424.492208,-1318755.0541648865
61,routing_persistent_hotspot_cluster2,3,remaining,49,4,specimen_transfer:-1x0.1,ac713017615ac819,104000310,3,2440380113.6575437,-7648941.364144325,108000310,5,2465747246.9446993,-3417577.50665617
61,routing_persistent_hotspot_cluster2,4,4,4,0,mdl2,d6f1be91040474e9,104000400,3,63916439.38038496,0.0,108000400,5,59590647.96898393,0.0
61,routing_persistent_hotspot_cluster2,4,4,4,1,specimen_transfer:+1x0.05,2bf52c9b394194a1,104000400,3,63376390.11033327,540049.270051688,108000400,5,59345271.334323645,245376.6346602887
61,routing_persistent_hotspot_cluster2,4,4,4,2,specimen_transfer:-1x0.05,e9be6a1ce15e477c,104000400,3,64220700.633197926,-304261.2528129667,108000400,5,60066511.546571985,-475863.57758805156
61,routing_persistent_hotspot_cluster2,4,4,4,3,specimen_transfer:+1x0.1,469c4c701be22575,104000400,3,63500005.9005818,416433.47980315983,108000400,5,59314416.85499165,276231.11399228126
61,routing_persistent_hotspot_cluster2,4,4,4,4,specimen_transfer:-1x0.1,45bff69689e467d1,104000400,3,64688543.14650456,-772103.7661195993,108000400,5,60547900.75273995,-957252.7837560177
61,routing_persistent_hotspot_cluster2,4,remaining,48,0,mdl2,d6f1be91040474e9,104000410,3,2514124591.395979,0.0,108000410,5,2620526019.78923,0.0
61,routing_persistent_hotspot_cluster2,4,remaining,48,1,specimen_transfer:+1x0.05,2bf52c9b394194a1,104000410,3,2526714524.5179434,-12589933.121964455,108000410,5,2618646572.845388,1879446.9438419342
61,routing_persistent_hotspot_cluster2,4,remaining,48,2,specimen_transfer:-1x0.05,e9be6a1ce15e477c,104000410,3,2521599427.4442477,-7474836.048268795,108000410,5,2618196958.8279543,2329060.9612755775
61,routing_persistent_hotspot_cluster2,4,remaining,48,3,specimen_transfer:+1x0.1,469c4c701be22575,104000410,3,2527296532.8029237,-13171941.406944752,108000410,5,2617584749.2463818,2941270.54284811
61,routing_persistent_hotspot_cluster2,4,remaining,48,4,specimen_transfer:-1x0.1,45bff69689e467d1,104000410,3,2517755399.921869,-3630808.5258898735,108000410,5,2621930943.4305887,-1404923.6413588524
61,routing_persistent_hotspot_cluster2,5,4,4,0,mdl2,8be0a2a409d485c4,104000500,3,83904253.36558717,0.0,108000500,5,87097381.6369634,0.0
61,routing_persistent_hotspot_cluster2,5,4,4,1,specimen_transfer:+1x0.05,e33d30d3d1799882,104000500,3,83078732.60370296,825520.7618842125,108000500,5,85521805.30517384,1575576.3317895532
61,routing_persistent_hotspot_cluster2,5,4,4,2,specimen_transfer:-1x0.05,d8eb7045614e26c5,104000500,3,84247970.03259552,-343716.66700834036,108000500,5,87163587.16629717,-66205.52933377028
61,routing_persistent_hotspot_cluster2,5,4,4,3,specimen_transfer:+1x0.1,17e19f6495f83c45,104000500,3,82975209.69410719,929043.6714799851,108000500,5,85806759.55720839,1290622.0797550082
61,routing_persistent_hotspot_cluster2,5,4,4,4,specimen_transfer:-1x0.1,9a49cdc5c05f867d,104000500,3,84482316.49168555,-578063.1260983795,108000500,5,87296973.06911835,-199591.43215495348
61,routing_persistent_hotspot_cluster2,5,remaining,47,0,mdl2,8be0a2a409d485c4,104000510,3,2583888596.9738336,0.0,108000510,5,2418196889.8599052,0.0
61,routing_persistent_hotspot_cluster2,5,remaining,47,1,specimen_transfer:+1x0.05,e33d30d3d1799882,104000510,3,2587087711.495411,-3199114.5215773582,108000510,5,2409651090.890082,8545798.96982336
61,routing_persistent_hotspot_cluster2,5,remaining,47,2,specimen_transfer:-1x0.05,d8eb7045614e26c5,104000510,3,2596510887.1643915,-12622290.190557957,108000510,5,2420178202.257591,-1981312.3976855278
61,routing_persistent_hotspot_cluster2,5,remaining,47,3,specimen_transfer:+1x0.1,17e19f6495f83c45,104000510,3,2586765818.02186,-2877221.0480265617,108000510,5,2410406817.70188,7790072.158025265
61,routing_persistent_hotspot_cluster2,5,remaining,47,4,specimen_transfer:-1x0.1,9a49cdc5c05f867d,104000510,3,2594464256.1469326,-10575659.173099041,108000510,5,2417265426.3349404,931463.5249648094
61,routing_persistent_hotspot_cluster2,6,4,4,0,mdl2,718b7764e74b5ab4,104000600,3,138960222.4817923,0.0,108000600,5,136080311.10075527,0.0
61,routing_persistent_hotspot_cluster2,6,4,4,1,specimen_transfer:+1x0.05,c18deb152487cb90,104000600,3,137622467.52938747,1337754.9524048269,108000600,5,135280896.36577338,799414.7349818945
61,routing_persistent_hotspot_cluster2,6,4,4,2,specimen_transfer:-1x0.05,7881b7f0b02f584d,104000600,3,139243224.4221563,-283001.9403640032,108000600,5,136654234.9674347,-573923.86667943
61,routing_persistent_hotspot_cluster2,6,4,4,3,specimen_transfer:+1x0.1,2f544da9676e7bdd,104000600,3,135402438.09710118,3557784.384691119,108000600,5,132784834.57003304,3295476.5307222307
61,routing_persistent_hotspot_cluster2,6,4,4,4,specimen_transfer:-1x0.1,a0e99d9b464b2f38,104000600,3,138959171.47434828,1051.007444024086,108000600,5,136195068.00379246,-114756.90303719044
61,routing_persistent_hotspot_cluster2,6,remaining,46,0,mdl2,718b7764e74b5ab4,104000610,3,2513171015.4787507,0.0,108000610,5,2675177870.924779,0.0
61,routing_persistent_hotspot_cluster2,6,remaining,46,1,specimen_transfer:+1x0.05,c18deb152487cb90,104000610,3,2515749251.4718223,-2578235.993071556,108000610,5,2675644037.5642986,-466166.63951969147
61,routing_persistent_hotspot_cluster2,6,remaining,46,2,specimen_transfer:-1x0.05,7881b7f0b02f584d,104000610,3,2510189671.043034,2981344.435716629,108000610,5,2674175621.1391363,1002249.7856426239
61,routing_persistent_hotspot_cluster2,6,remaining,46,3,specimen_transfer:+1x0.1,2f544da9676e7bdd,104000610,3,2515368756.5099664,-2197741.0312156677,108000610,5,2670252299.108021,4925571.816758156
61,routing_persistent_hotspot_cluster2,6,remaining,46,4,specimen_transfer:-1x0.1,a0e99d9b464b2f38,104000610,3,2518410972.0355887,-5239956.556838036,108000610,5,2679907377.009139,-4729506.084360123
61,routing_persistent_hotspot_cluster2,7,4,4,0,mdl2,d7162445eeeeb5b3,104000700,3,165171630.26486823,0.0,108000700,5,165754116.4702704,0.0
61,routing_persistent_hotspot_cluster2,7,4,4,1,specimen_transfer:+1x0.05,0dfb255a20416e8c,104000700,3,163992729.10266915,1178901.16219908,108000700,5,164431248.92988884,1322867.5403815508
61,routing_persistent_hotspot_cluster2,7,4,4,2,specimen_transfer:-1x0.05,4034779c3884843c,104000700,3,166635942.8739925,-1464312.609124273,108000700,5,166957786.15389448,-1203669.6836240888
61,routing_persistent_hotspot_cluster2,7,4,4,3,specimen_transfer:+1x0.1,dd1e3f408f286b40,104000700,3,163258292.34387967,1913337.9209885597,108000700,5,163838281.00571412,1915835.4645562768
61,routing_persistent_hotspot_cluster2,7,4,4,4,specimen_transfer:-1x0.1,d21ca264ee06f60c,104000700,3,167171177.17798665,-1999546.913118422,108000700,5,166967811.48907757,-1213695.0188071728
61,routing_persistent_hotspot_cluster2,7,remaining,45,0,mdl2,d7162445eeeeb5b3,104000710,3,2733746487.63055,0.0,108000710,5,2657608765.350152,0.0
61,routing_persistent_hotspot_cluster2,7,remaining,45,1,specimen_transfer:+1x0.05,0dfb255a20416e8c,104000710,3,2740968941.613004,-7222453.9824543,108000710,5,2663216123.458152,-5607358.107999802
61,routing_persistent_hotspot_cluster2,7,remaining,45,2,specimen_transfer:-1x0.05,4034779c3884843c,104000710,3,2738637616.945605,-4891129.3150548935,108000710,5,2662281652.1921225,-4672886.841970444
61,routing_persistent_hotspot_cluster2,7,remaining,45,3,specimen_transfer:+1x0.1,dd1e3f408f286b40,104000710,3,2742610992.203387,-8864504.572836876,108000710,5,2663843503.7806993,-6234738.430547237
61,routing_persistent_hotspot_cluster2,7,remaining,45,4,specimen_transfer:-1x0.1,d21ca264ee06f60c,104000710,3,2749494754.5595784,-15748266.929028511,108000710,5,2666843452.7838106,-9234687.4336586
61,routing_persistent_hotspot_cluster2,8,4,4,0,mdl2,0c78b81161a4dd40,104000800,3,175205997.87832108,0.0,108000800,5,173473493.2297349,0.0
61,routing_persistent_hotspot_cluster2,8,4,4,1,specimen_transfer:+1x0.05,f06bee419964a83f,104000800,3,175054904.21810186,151093.6602192223,108000800,5,172648417.79551142,825075.4342234731
61,routing_persistent_hotspot_cluster2,8,4,4,2,specimen_transfer:-1x0.05,4036b51251625d06,104000800,3,178283838.57852185,-3077840.7002007663,108000800,5,176165188.55200553,-2691695.322270632
61,routing_persistent_hotspot_cluster2,8,4,4,3,specimen_transfer:+1x0.1,aab512e9c0845e29,104000800,3,174341541.1459076,864456.7324134707,108000800,5,172158164.07215318,1315329.1575817168
61,routing_persistent_hotspot_cluster2,8,4,4,4,specimen_transfer:-1x0.1,c8e8ead530eb9419,104000800,3,178284768.41270754,-3078770.534386456,108000800,5,175653940.89224496,-2180447.662510067
61,routing_persistent_hotspot_cluster2,8,remaining,44,0,mdl2,0c78b81161a4dd40,104000810,3,2321364734.6582093,0.0,108000810,5,2511575082.713628,0.0
61,routing_persistent_hotspot_cluster2,8,remaining,44,1,specimen_transfer:+1x0.05,f06bee419964a83f,104000810,3,2323878181.50183,-2513446.843620777,108000810,5,2515403663.640365,-3828580.9267373085
61,routing_persistent_hotspot_cluster2,8,remaining,44,2,specimen_transfer:-1x0.05,4036b51251625d06,104000810,3,2327461534.3572907,-6096799.699081421,108000810,5,2509721612.0625935,1853470.6510343552
61,routing_persistent_hotspot_cluster2,8,remaining,44,3,specimen_transfer:+1x0.1,aab512e9c0845e29,104000810,3,2324779298.6718254,-3414564.013616085,108000810,5,2514465491.2742805,-2890408.560652733
61,routing_persistent_hotspot_cluster2,8,remaining,44,4,specimen_transfer:-1x0.1,c8e8ead530eb9419,104000810,3,2329578972.0713305,-8214237.413121223,108000810,5,2509391225.6057043,2183857.1079235077
61,routing_persistent_hotspot_cluster2,9,4,4,0,mdl2,94f4473f64657620,104000900,3,207066455.5027894,0.0,108000900,5,210448823.12391943,0.0
61,routing_persistent_hotspot_cluster2,9,4,4,1,specimen_transfer:+1x0.05,43ebf30ef73cef6d,104000900,3,206686683.0533116,379772.4494778216,108000900,5,209721456.67807102,727366.4458484054
61,routing_persistent_hotspot_cluster2,9,4,4,2,specimen_transfer:-1x0.05,27edcf58aae9ec12,104000900,3,208815812.7166207,-1749357.2138313055,108000900,5,211301248.25391728,-852425.1299978495
61,routing_persistent_hotspot_cluster2,9,4,4,3,specimen_transfer:+1x0.1,97ccad09a8a087b9,104000900,3,206498603.004182,567852.4986073971,108000900,5,209233879.33188516,1214943.7920342684
61,routing_persistent_hotspot_cluster2,9,4,4,4,specimen_transfer:-1x0.1,9e444180eed088a5,104000900,3,209051672.19279084,-1985216.6900014281,108000900,5,211053823.58653426,-605000.4626148343
61,routing_persistent_hotspot_cluster2,9,remaining,43,0,mdl2,94f4473f64657620,104000910,3,2396319563.116117,0.0,108000910,5,2299868627.835353,0.0
61,routing_persistent_hotspot_cluster2,9,remaining,43,1,specimen_transfer:+1x0.05,43ebf30ef73cef6d,104000910,3,2392164335.506685,4155227.6094322205,108000910,5,2299006310.145002,862317.6903510094
61,routing_persistent_hotspot_cluster2,9,remaining,43,2,specimen_transfer:-1x0.05,27edcf58aae9ec12,104000910,3,2401439391.2921243,-5119828.176007271,108000910,5,2324069085.3001614,-24200457.464808464
61,routing_persistent_hotspot_cluster2,9,remaining,43,3,specimen_transfer:+1x0.1,97ccad09a8a087b9,104000910,3,2392417329.4467344,3902233.669382572,108000910,5,2299519062.769443,349565.0659098625
61,routing_persistent_hotspot_cluster2,9,remaining,43,4,specimen_transfer:-1x0.1,9e444180eed088a5,104000910,3,2423099101.478433,-26779538.36231613,108000910,5,2345922514.2227583,-46053886.387405396
61,routing_persistent_hotspot_cluster2,10,4,4,0,mdl2,e5d46890cb42eb79,104001000,3,228524711.84288546,0.0,108001000,5,229954565.18940872,0.0
61,routing_persistent_hotspot_cluster2,10,4,4,1,specimen_transfer:+1x0.05,cb2f9ee81d96ec06,104001000,3,226528698.99946967,1996012.8434157968,108001000,5,228640926.36477742,1313638.8246313035
61,routing_persistent_hotspot_cluster2,10,4,4,2,specimen_transfer:-1x0.05,57ed5ab024d926b0,104001000,3,229641137.19834998,-1116425.355464518,108001000,5,231842227.22545195,-1887662.0360432267
61,routing_persistent_hotspot_cluster2,10,4,4,3,specimen_transfer:+1x0.1,6ad0f7c982a404e8,104001000,3,225667166.26811123,2857545.5747742355,108001000,5,227864592.68091184,2089972.5084968805
61,routing_persistent_hotspot_cluster2,10,4,4,4,specimen_transfer:-1x0.1,d16013e1ac659165,104001000,3,230232955.29890442,-1708243.4560189545,108001000,5,232758562.88526735,-2803997.6958586276
61,routing_persistent_hotspot_cluster2,10,remaining,42,0,mdl2,e5d46890cb42eb79,104001010,3,2341236521.844489,0.0,108001010,5,2344441576.184087,0.0
61,routing_persistent_hotspot_cluster2,10,remaining,42,1,specimen_transfer:+1x0.05,cb2f9ee81d96ec06,104001010,3,2339324950.1511903,1911571.6932988167,108001010,5,2346060493.3628335,-1618917.1787467003
61,routing_persistent_hotspot_cluster2,10,remaining,42,2,specimen_transfer:-1x0.05,57ed5ab024d926b0,104001010,3,2340192703.6854815,1043818.1590075493,108001010,5,2346303070.385889,-1861494.2018022537
61,routing_persistent_hotspot_cluster2,10,remaining,42,3,specimen_transfer:+1x0.1,6ad0f7c982a404e8,104001010,3,2340896665.7673154,339856.07717370987,108001010,5,2347701881.0787096,-3260304.8946228027
61,routing_persistent_hotspot_cluster2,10,remaining,42,4,specimen_transfer:-1x0.1,d16013e1ac659165,104001010,3,2342687201.040813,-1450679.1963238716,108001010,5,2347956038.0640955,-3514461.8800086975
61,routing_persistent_hotspot_cluster2,11,4,4,0,mdl2,341193cd9ab046d2,104001100,3,255449789.2633616,0.0,108001100,5,256902275.34685478,0.0
61,routing_persistent_hotspot_cluster2,11,4,4,1,specimen_transfer:+1x0.05,cfef93e61a20ba8b,104001100,3,254507160.10005903,942629.1633025706,108001100,5,256274254.46392456,628020.8829302192
61,routing_persistent_hotspot_cluster2,11,4,4,2,specimen_transfer:-1x0.05,dba168c401db5803,104001100,3,255293343.0990506,156446.16431099176,108001100,5,256452669.66462645,449605.6822283268
61,routing_persistent_hotspot_cluster2,11,4,4,3,specimen_transfer:+1x0.1,712577b8e02f0d77,104001100,3,253907393.11198172,1542396.1513798833,108001100,5,255477924.4842073,1424350.8626474738
61,routing_persistent_hotspot_cluster2,11,4,4,4,specimen_transfer:-1x0.1,8c1436169d96331d,104001100,3,255093759.55931103,356029.7040505707,108001100,5,256655170.1180696,247105.228785187
61,routing_persistent_hotspot_cluster2,11,remaining,41,0,mdl2,341193cd9ab046d2,104001110,3,2175679046.3957925,0.0,108001110,5,2359576374.1266727,0.0
61,routing_persistent_hotspot_cluster2,11,remaining,41,1,specimen_transfer:+1x0.05,cfef93e61a20ba8b,104001110,3,2175486447.650337,192598.74545526505,108001110,5,2356882113.52652,2694260.6001529694
61,routing_persistent_hotspot_cluster2,11,remaining,41,2,specimen_transfer:-1x0.05,dba168c401db5803,104001110,3,2175466058.289617,212988.10617542267,108001110,5,2360432133.5127583,-855759.3860855103
61,routing_persistent_hotspot_cluster2,11,remaining,41,3,specimen_transfer:+1x0.1,712577b8e02f0d77,104001110,3,2178600281.5314374,-2921235.1356449127,108001110,5,2358933913.7572594,642460.3694133759
61,routing_persistent_hotspot_cluster2,11,remaining,41,4,specimen_transfer:-1x0.1,8c1436169d96331d,104001110,3,2182581650.047948,-6902603.652155399,108001110,5,2365026931.9164777,-5450557.789804935
61,routing_persistent_hotspot_cluster2,12,4,4,0,mdl2,014c26ec6d3e4fc4,104001200,3,298966266.39879555,0.0,108001200,5,306194392.5538913,0.0
61,routing_persistent_hotspot_cluster2,12,4,4,1,specimen_transfer:+1x0.05,6486d0d489fb8a43,104001200,3,298116342.3268787,849924.0719168186,108001200,5,305316371.6829866,878020.8709046841
61,routing_persistent_hotspot_cluster2,12,4,4,2,specimen_transfer:-1x0.05,a6c9b1b706e00435,104001200,3,300874057.32065696,-1907790.9218614101,108001200,5,307661177.0060104,-1466784.452119112
61,routing_persistent_hotspot_cluster2,12,4,4,3,specimen_transfer:+1x0.1,ca437e40ade6a0b7,104001200,3,297536100.9874428,1430165.4113527536,108001200,5,304745058.3869082,1449334.1669831276
61,routing_persistent_hotspot_cluster2,12,4,4,4,specimen_transfer:-1x0.1,07e0062bde18cc45,104001200,3,300993211.6051798,-2026945.2063842416,108001200,5,307338014.41368276,-1143621.8597914577
61,routing_persistent_hotspot_cluster2,12,remaining,40,0,mdl2,014c26ec6d3e4fc4,104001210,3,2339661435.0830383,0.0,108001210,5,2366499576.665926,0.0
61,routing_persistent_hotspot_cluster2,12,remaining,40,1,specimen_transfer:+1x0.05,6486d0d489fb8a43,104001210,3,2340944185.6854625,-1282750.6024241447,108001210,5,2367950852.762479,-1451276.0965528488
61,routing_persistent_hotspot_cluster2,12,remaining,40,2,specimen_transfer:-1x0.05,a6c9b1b706e00435,104001210,3,2339558662.738128,102772.3449101448,108001210,5,2368086918.973826,-1587342.307899952
61,routing_persistent_hotspot_cluster2,12,remaining,40,3,specimen_transfer:+1x0.1,ca437e40ade6a0b7,104001210,3,2340973427.4638486,-1311992.3808102608,108001210,5,2368330495.5481935,-1830918.8822674751
61,routing_persistent_hotspot_cluster2,12,remaining,40,4,specimen_transfer:-1x0.1,07e0062bde18cc45,104001210,3,2337823640.090305,1837794.9927334785,108001210,5,2368621146.3518248,-2121569.685898781
61,routing_persistent_hotspot_cluster2,13,4,4,0,mdl2,eca8b318f11a0ba6,104001300,3,272630827.98674077,0.0,108001300,5,270154654.750889,0.0
61,routing_persistent_hotspot_cluster2,13,4,4,1,specimen_transfer:+1x0.05,77e41969adb0645d,104001300,3,271184098.6233926,1446729.363348186,108001300,5,269283047.1966645,871607.5542244911
61,routing_persistent_hotspot_cluster2,13,4,4,2,specimen_transfer:-1x0.05,b99cce7b926ead34,104001300,3,273848298.0060892,-1217470.0193484426,108001300,5,272063247.99237,-1908593.2414810061
61,routing_persistent_hotspot_cluster2,13,4,4,3,specimen_transfer:+1x0.1,a0ddc84a723fc1f6,104001300,3,270686500.7354335,1944327.251307249,108001300,5,269130126.7838337,1024527.9670553207
61,routing_persistent_hotspot_cluster2,13,4,4,4,specimen_transfer:-1x0.1,f9ef192f21f57819,104001300,3,273290348.19118786,-659520.2044470906,108001300,5,271600687.917605,-1446033.1667159796
61,routing_persistent_hotspot_cluster2,13,remaining,39,0,mdl2,eca8b318f11a0ba6,104001310,3,2244122250.9870996,0.0,108001310,5,2276532599.061451,0.0
61,routing_persistent_hotspot_cluster2,13,remaining,39,1,specimen_transfer:+1x0.05,77e41969adb0645d,104001310,3,2243802699.00639,319551.98070955276,108001310,5,2275289589.5710015,1243009.4904494286
61,routing_persistent_hotspot_cluster2,13,remaining,39,2,specimen_transfer:-1x0.05,b99cce7b926ead34,104001310,3,2257900858.006931,-13778607.01983118,108001310,5,2277831667.3043284,-1299068.2428774834
61,routing_persistent_hotspot_cluster2,13,remaining,39,3,specimen_transfer:+1x0.1,a0ddc84a723fc1f6,104001310,3,2247924993.2150145,-3802742.22791481,108001310,5,2278171011.497167,-1638412.4357161522
61,routing_persistent_hotspot_cluster2,13,remaining,39,4,specimen_transfer:-1x0.1,f9ef192f21f57819,104001310,3,2267828863.303903,-23706612.316803455,108001310,5,2282790111.323243,-6257512.261792183
61,routing_persistent_hotspot_cluster2,14,4,4,0,mdl2,d2c866367c2f6d1f,104001400,3,250045712.07717046,0.0,108001400,5,250685147.6060769,0.0
61,routing_persistent_hotspot_cluster2,14,4,4,1,specimen_transfer:+1x0.05,497a2ce8d772586f,104001400,3,250587285.07252598,-541572.9953555167,108001400,5,250795817.34066516,-110669.73458826542
61,routing_persistent_hotspot_cluster2,14,4,4,2,specimen_transfer:-1x0.05,4deffd8459721637,104001400,3,251574810.33933607,-1529098.262165606,108001400,5,252939853.0971249,-2254705.491048008
61,routing_persistent_hotspot_cluster2,14,4,4,3,specimen_transfer:+1x0.1,1c40a5a6504eee7b,104001400,3,250086193.51661256,-40481.43944209814,108001400,5,249896044.00126284,789103.6048140526
61,routing_persistent_hotspot_cluster2,14,4,4,4,specimen_transfer:-1x0.1,3d6e5fdb854efd7e,104001400,3,252392048.4005877,-2346336.3234172463,108001400,5,253504157.17257524,-2819009.566498339
61,routing_persistent_hotspot_cluster2,14,remaining,38,0,mdl2,d2c866367c2f6d1f,104001410,3,2196228777.8164544,0.0,108001410,5,2174846742.999451,0.0
61,routing_persistent_hotspot_cluster2,14,remaining,38,1,specimen_transfer:+1x0.05,497a2ce8d772586f,104001410,3,2197178646.6053433,-949868.7888889313,108001410,5,2175013377.896278,-166634.89682674408
61,routing_persistent_hotspot_cluster2,14,remaining,38,2,specimen_transfer:-1x0.05,4deffd8459721637,104001410,3,2203345325.0810065,-7116547.264552116,108001410,5,2167092834.3714523,7753908.627998829
61,routing_persistent_hotspot_cluster2,14,remaining,38,3,specimen_transfer:+1x0.1,1c40a5a6504eee7b,104001410,3,2196319916.104231,-91138.28777647018,108001410,5,2173869864.8528113,976878.1466398239
61,routing_persistent_hotspot_cluster2,14,remaining,38,4,specimen_transfer:-1x0.1,3d6e5fdb854efd7e,104001410,3,2202703804.7118225,-6475026.895368099,108001410,5,2168432873.1462574,6413869.85319376
61,routing_persistent_hotspot_cluster2,15,4,4,0,mdl2,9370a4864c8f9115,104001500,3,245138102.44684348,0.0,108001500,5,246033210.16926616,0.0
61,routing_persistent_hotspot_cluster2,15,4,4,1,specimen_transfer:+1x0.05,1248f6493f52ba99,104001500,3,245908280.67073524,-770178.2238917649,108001500,5,247085785.713689,-1052575.544422835
61,routing_persistent_hotspot_cluster2,15,4,4,2,specimen_transfer:-1x0.05,11fd65420d7d2a1a,104001500,3,245461285.36605915,-323182.91921567917,108001500,5,245649549.3582167,383660.81104946136
61,routing_persistent_hotspot_cluster2,15,4,4,3,specimen_transfer:+1x0.1,bc7266364d216b64,104001500,3,244077034.42528138,1061068.0215620995,108001500,5,245107960.15114707,925250.0181190968
61,routing_persistent_hotspot_cluster2,15,4,4,4,specimen_transfer:-1x0.1,91ad69c9cfb9a458,104001500,3,245017477.41757798,120625.02926549315,108001500,5,244794574.02302235,1238636.1462438107
61,routing_persistent_hotspot_cluster2,15,remaining,37,0,mdl2,9370a4864c8f9115,104001510,3,2069814053.963995,0.0,108001510,5,2167950240.5415316,0.0
61,routing_persistent_hotspot_cluster2,15,remaining,37,1,specimen_transfer:+1x0.05,1248f6493f52ba99,104001510,3,2067965673.0711548,1848380.892840147,108001510,5,2171499767.2114286,-3549526.6698970795
61,routing_persistent_hotspot_cluster2,15,remaining,37,2,specimen_transfer:-1x0.05,11fd65420d7d2a1a,104001510,3,2066321947.3313,3492106.6326949596,108001510,5,2174391223.9858236,-6440983.4442920685
61,routing_persistent_hotspot_cluster2,15,remaining,37,3,specimen_transfer:+1x0.1,bc7266364d216b64,104001510,3,2065923315.332063,3890738.63193202,108001510,5,2171572441.4406548,-3622200.899123192
61,routing_persistent_hotspot_cluster2,15,remaining,37,4,specimen_transfer:-1x0.1,91ad69c9cfb9a458,104001510,3,2079779158.7809632,-9965104.816968203,108001510,5,2178851940.522729,-10901699.981197357
61,routing_persistent_hotspot_cluster2,16,4,4,0,mdl2,00c53c0beb233710,104001600,3,244443425.5147346,0.0,108001600,5,247247461.59489888,0.0
61,routing_persistent_hotspot_cluster2,16,4,4,1,specimen_transfer:+1x0.05,bf4a6a8a34e3f714,104001600,3,242974196.72093353,1469228.7938010693,108001600,5,245586398.94406343,1661062.6508354545
61,routing_persistent_hotspot_cluster2,16,4,4,2,specimen_transfer:-1x0.05,4d82854d0aa98faa,104001600,3,246287345.0799745,-1843919.5652399063,108001600,5,249075452.62169448,-1827991.026795596
61,routing_persistent_hotspot_cluster2,16,4,4,3,specimen_transfer:+1x0.1,1d68633eeb673e6b,104001600,3,243092791.32696977,1350634.1877648234,108001600,5,245847537.8831169,1399923.7117819786
61,routing_persistent_hotspot_cluster2,16,4,4,4,specimen_transfer:-1x0.1,223f5497031bc724,104001600,3,246863452.5286777,-2420027.013943106,108001600,5,249531715.40725675,-2284253.8123578727
61,routing_persistent_hotspot_cluster2,16,remaining,36,0,mdl2,00c53c0beb233710,104001610,3,2167738531.6905828,0.0,108001610,5,2147291894.6715481,0.0
61,routing_persistent_hotspot_cluster2,16,remaining,36,1,specimen_transfer:+1x0.05,bf4a6a8a34e3f714,104001610,3,2175141677.0011163,-7403145.310533524,108001610,5,2151671253.913135,-4379359.241586924
61,routing_persistent_hotspot_cluster2,16,remaining,36,2,specimen_transfer:-1x0.05,4d82854d0aa98faa,104001610,3,2179922130.636765,-12183598.946182251,108001610,5,2161604160.599466,-14312265.927917719
61,routing_persistent_hotspot_cluster2,16,remaining,36,3,specimen_transfer:+1x0.1,1d68633eeb673e6b,104001610,3,2177193625.2102532,-9455093.519670486,108001610,5,2154565949.190913,-7274054.519365072
61,routing_persistent_hotspot_cluster2,16,remaining,36,4,specimen_transfer:-1x0.1,223f5497031bc724,104001610,3,2212587648.71042,-44849117.01983738,108001610,5,2190682646.696711,-43390752.025162935
61,routing_persistent_hotspot_cluster2,17,4,4,0,mdl2,10e28234d753a375,104001700,3,257787087.31745565,0.0,108001700,5,255363358.7251039,0.0
61,routing_persistent_hotspot_cluster2,17,4,4,1,specimen_transfer:+1x0.05,54d4edb8862d4c16,104001700,3,256474819.6825786,1312267.6348770559,108001700,5,253755123.8893985,1608234.8357054293
61,routing_persistent_hotspot_cluster2,17,4,4,2,specimen_transfer:-1x0.05,96b553c5be57e986,104001700,3,259057640.18623278,-1270552.868777126,108001700,5,255317765.9170956,45592.80800831318
61,routing_persistent_hotspot_cluster2,17,4,4,3,specimen_transfer:+1x0.1,db688c6ee06a647c,104001700,3,256881200.64363602,905886.6738196313,108001700,5,253980877.9669505,1382480.7581534088
61,routing_persistent_hotspot_cluster2,17,4,4,4,specimen_transfer:-1x0.1,1ae114b6b7e98449,104001700,3,259168710.89663783,-1381623.5791821778,108001700,5,255350759.2511363,12599.47396761179
61,routing_persistent_hotspot_cluster2,17,remaining,35,0,mdl2,10e28234d753a375,104001710,3,2054947156.8062458,0.0,108001710,5,2064301927.9124825,0.0
61,routing_persistent_hotspot_cluster2,17,remaining,35,1,specimen_transfer:+1x0.05,54d4edb8862d4c16,104001710,3,2054235803.088382,711353.7178637981,108001710,5,2063524699.7098312,777228.2026512623
61,routing_persistent_hotspot_cluster2,17,remaining,35,2,specimen_transfer:-1x0.05,96b553c5be57e986,104001710,3,2054160005.8797114,787150.9265344143,108001710,5,2064971959.9624398,-670032.0499572754
61,routing_persistent_hotspot_cluster2,17,remaining,35,3,specimen_transfer:+1x0.1,db688c6ee06a647c,104001710,3,2055319818.2787306,-372661.47248482704,108001710,5,2064477569.9904304,-175642.077947855
61,routing_persistent_hotspot_cluster2,17,remaining,35,4,specimen_transfer:-1x0.1,1ae114b6b7e98449,104001710,3,2054581517.7459052,365639.0603406429,108001710,5,2066041417.3838634,-1739489.471380949
61,routing_persistent_hotspot_cluster2,18,4,4,0,mdl2,db742af563ae0392,104001800,3,288824947.5816424,0.0,108001800,5,286777387.8136303,0.0
61,routing_persistent_hotspot_cluster2,18,4,4,1,specimen_transfer:+1x0.05,91c80ddc0f1a6ca8,104001800,3,288711267.52189374,113680.0597486496,108001800,5,286056447.26383984,720940.549790442
61,routing_persistent_hotspot_cluster2,18,4,4,2,specimen_transfer:-1x0.05,1a5b8f3ed3f12083,104001800,3,289681264.34975344,-856316.7681110501,108001800,5,287213947.3548797,-436559.5412493944
61,routing_persistent_hotspot_cluster2,18,4,4,3,specimen_transfer:+1x0.1,045ce4230a66f587,104001800,3,287165728.2979679,1659219.2836744785,108001800,5,284659956.9661841,2117430.847446203
61,routing_persistent_hotspot_cluster2,18,4,4,4,specimen_transfer:-1x0.1,5542ec789571b367,104001800,3,289672847.9220348,-847900.3403924108,108001800,5,287031801.9633437,-254414.14971339703
61,routing_persistent_hotspot_cluster2,18,remaining,34,0,mdl2,db742af563ae0392,104001810,3,1945139703.947018,0.0,108001810,5,2014993791.2690704,0.0
61,routing_persistent_hotspot_cluster2,18,remaining,34,1,specimen_transfer:+1x0.05,91c80ddc0f1a6ca8,104001810,3,1947327184.0553238,-2187480.108305931,108001810,5,2013364053.869196,1629737.3998744488
61,routing_persistent_hotspot_cluster2,18,remaining,34,2,specimen_transfer:-1x0.05,1a5b8f3ed3f12083,104001810,3,1943342229.325606,1797474.6214118004,108001810,5,2014746316.369437,247474.8996334076
61,routing_persistent_hotspot_cluster2,18,remaining,34,3,specimen_transfer:+1x0.1,045ce4230a66f587,104001810,3,1950626824.9225042,-5487120.9754862785,108001810,5,2014840768.6045678,153022.6645026207
61,routing_persistent_hotspot_cluster2,18,remaining,34,4,specimen_transfer:-1x0.1,5542ec789571b367,104001810,3,1945458588.9195359,-318884.9725179672,108001810,5,2011288294.377399,3705496.891671419
61,routing_persistent_hotspot_cluster2,19,4,4,0,mdl2,6501a9224c6030b5,104001900,3,271688866.7331755,0.0,108001900,5,277959509.86572546,0.0
61,routing_persistent_hotspot_cluster2,19,4,4,1,specimen_transfer:+1x0.05,a7d4a18dcca101ea,104001900,3,270616973.67934376,1071893.053831756,108001900,5,277776868.4240886,182641.44163686037
61,routing_persistent_hotspot_cluster2,19,4,4,2,specimen_transfer:-1x0.05,074ea25a54210515,104001900,3,271820662.0737948,-131795.34061926603,108001900,5,277640478.3703884,319031.49533706903
61,routing_persistent_hotspot_cluster2,19,4,4,3,specimen_transfer:+1x0.1,5df581ebfff24983,104001900,3,268636642.6615097,3052224.0716658235,108001900,5,275595977.5219043,2363532.343821168
61,routing_persistent_hotspot_cluster2,19,4,4,4,specimen_transfer:-1x0.1,3d9e76a22f9dbeb1,104001900,3,271659005.93855625,29860.79461926222,108001900,5,277116190.2537327,843319.6119927764
61,routing_persistent_hotspot_cluster2,19,remaining,33,0,mdl2,6501a9224c6030b5,104001910,3,2176701635.741613,0.0,108001910,5,1916842687.9266331,0.0
61,routing_persistent_hotspot_cluster2,19,remaining,33,1,specimen_transfer:+1x0.05,a7d4a18dcca101ea,104001910,3,2179344940.775959,-2643305.0343461037,108001910,5,1919538103.9517436,-2695416.025110483
61,routing_persistent_hotspot_cluster2,19,remaining,33,2,specimen_transfer:-1x0.05,074ea25a54210515,104001910,3,2174942885.991668,1758749.749944687,108001910,5,1921420082.8456314,-4577394.918998241
61,routing_persistent_hotspot_cluster2,19,remaining,33,3,specimen_transfer:+1x0.1,5df581ebfff24983,104001910,3,2179510178.960407,-2808543.218793869,108001910,5,1918914831.550982,-2072143.6243488789
61,routing_persistent_hotspot_cluster2,19,remaining,33,4,specimen_transfer:-1x0.1,3d9e76a22f9dbeb1,104001910,3,2177541655.953238,-840020.2116250992,108001910,5,1919046488.9408607,-2203801.0142276287
61,routing_persistent_hotspot_cluster2,20,4,4,0,mdl2,bd49b1746d6252cc,104002000,3,286857443.749985,0.0,108002000,5,284695243.0676046,0.0
61,routing_persistent_hotspot_cluster2,20,4,4,1,specimen_transfer:+1x0.05,ad4c2deb6119be0d,104002000,3,284980835.4731179,1876608.2768670917,108002000,5,283098606.5347422,1596636.5328624249
61,routing_persistent_hotspot_cluster2,20,4,4,2,specimen_transfer:-1x0.05,f9864c69cf26800d,104002000,3,287215513.65681183,-358069.90682685375,108002000,5,284912164.7193453,-216921.6517406702
61,routing_persistent_hotspot_cluster2,20,4,4,3,specimen_transfer:+1x0.1,236dcea84fc7ca43,104002000,3,283989011.3439784,2868432.4060065746,108002000,5,282400047.02951777,2295196.0380868316
61,routing_persistent_hotspot_cluster2,20,4,4,4,specimen_transfer:-1x0.1,4dd8adea8db8b77a,104002000,3,286226761.7821314,630681.9678536057,108002000,5,284598123.64899266,97119.41861194372
61,routing_persistent_hotspot_cluster2,20,remaining,32,0,mdl2,bd49b1746d6252cc,104002010,3,1893987930.910207,0.0,108002010,5,1905783766.7930717,0.0
61,routing_persistent_hotspot_cluster2,20,remaining,32,1,specimen_transfer:+1x0.05,ad4c2deb6119be0d,104002010,3,1889906311.9416597,4081618.968547344,108002010,5,1904916700.0650458,867066.7280259132
61,routing_persistent_hotspot_cluster2,20,remaining,32,2,specimen_transfer:-1x0.05,f9864c69cf26800d,104002010,3,1891377541.599065,2610389.311141968,108002010,5,1906946195.660316,-1162428.8672442436
61,routing_persistent_hotspot_cluster2,20,remaining,32,3,specimen_transfer:+1x0.1,236dcea84fc7ca43,104002010,3,1895878273.4786282,-1890342.5684211254,108002010,5,1912505538.1869571,-6721771.393885374
61,routing_persistent_hotspot_cluster2,20,remaining,32,4,specimen_transfer:-1x0.1,4dd8adea8db8b77a,104002010,3,1891484501.898835,2503429.0113720894,108002010,5,1906184131.895987,-400365.102915287
61,routing_persistent_hotspot_cluster2,21,4,4,0,mdl2,e4ed660a18cb10db,104002100,3,283723161.5339022,0.0,108002100,5,286982673.9724547,0.0
61,routing_persistent_hotspot_cluster2,21,4,4,1,specimen_transfer:+1x0.05,31606058ad7f304e,104002100,3,282933842.6917943,789318.8421079516,108002100,5,286057519.62899405,925154.343460679
61,routing_persistent_hotspot_cluster2,21,4,4,2,specimen_transfer:-1x0.05,e1e006fee31a827b,104002100,3,283692978.1875204,30183.34638184309,108002100,5,286894040.2520954,88633.72035932541
61,routing_persistent_hotspot_cluster2,21,4,4,3,specimen_transfer:+1x0.1,2cf7bdaf70896b08,104002100,3,282034058.45788485,1689103.0760173798,108002100,5,285160806.836349,1821867.1361057162
61,routing_persistent_hotspot_cluster2,21,4,4,4,specimen_transfer:-1x0.1,45faf7c04f67cb6b,104002100,3,282971037.11101514,752124.4228870869,108002100,5,286354457.378916,628216.5935387015
61,routing_persistent_hotspot_cluster2,21,remaining,31,0,mdl2,e4ed660a18cb10db,104002110,3,1916824010.6382892,0.0,108002110,5,1829001533.4523654,0.0
61,routing_persistent_hotspot_cluster2,21,remaining,31,1,specimen_transfer:+1x0.05,31606058ad7f304e,104002110,3,1916526435.2855272,297575.3527619839,108002110,5,1827073037.854494,1928495.5978713036
61,routing_persistent_hotspot_cluster2,21,remaining,31,2,specimen_transfer:-1x0.05,e1e006fee31a827b,104002110,3,1917712905.2687147,-888894.6304254532,108002110,5,1831170026.7987633,-2168493.3463978767
61,routing_persistent_hotspot_cluster2,21,remaining,31,3,specimen_transfer:+1x0.1,2cf7bdaf70896b08,104002110,3,1915653972.0817754,1170038.5565137863,108002110,5,1826150313.1108208,2851220.341544628
61,routing_persistent_hotspot_cluster2,21,remaining,31,4,specimen_transfer:-1x0.1,45faf7c04f67cb6b,104002110,3,1918538473.9375112,-1714463.2992219925,108002110,5,1830028634.0702653,-1027100.6178998947
61,routing_persistent_hotspot_cluster2,22,4,4,0,mdl2,d9f46ee44acb76c9,104002200,3,266651425.3746797,0.0,108002200,5,262067110.8163948,0.0
61,routing_persistent_hotspot_cluster2,22,4,4,1,specimen_transfer:+1x0.05,55c8f76918c0488f,104002200,3,266884771.626371,-233346.2516912818,108002200,5,262351627.77416635,-284516.9577715397
61,routing_persistent_hotspot_cluster2,22,4,4,2,specimen_transfer:-1x0.05,5191e667d2ee06ec,104002200,3,266970532.1064613,-319106.7317815721,108002200,5,262521928.51574022,-454817.69934540987
61,routing_persistent_hotspot_cluster2,22,4,4,3,specimen_transfer:+1x0.1,b9f6af5a6c347b73,104002200,3,266297553.92516503,353871.44951468706,108002200,5,261809308.8085088,257802.00788599253
61,routing_persistent_hotspot_cluster2,22,4,4,4,specimen_transfer:-1x0.1,ba74d931215fe4e1,104002200,3,266610482.55558002,40942.81909969449,108002200,5,261739114.55417043,327996.2622243762
61,routing_persistent_hotspot_cluster2,22,remaining,30,0,mdl2,d9f46ee44acb76c9,104002210,3,1651319253.706503,0.0,108002210,5,1827743363.842469,0.0
61,routing_persistent_hotspot_cluster2,22,remaining,30,1,specimen_transfer:+1x0.05,55c8f76918c0488f,104002210,3,1652091831.9489517,-772578.2424488068,108002210,5,1828946718.1887207,-1203354.3462517262
61,routing_persistent_hotspot_cluster2,22,remaining,30,2,specimen_transfer:-1x0.05,5191e667d2ee06ec,104002210,3,1652129124.0818806,-809870.375377655,108002210,5,1830053029.9833915,-2309666.1409225464
61,routing_persistent_hotspot_cluster2,22,remaining,30,3,specimen_transfer:+1x0.1,b9f6af5a6c347b73,104002210,3,1652214548.8676145,-895295.1611115932,108002210,5,1826591187.5175304,1152176.3249385357
61,routing_persistent_hotspot_cluster2,22,remaining,30,4,specimen_transfer:-1x0.1,ba74d931215fe4e1,104002210,3,1652914338.5812595,-1595084.8747565746,108002210,5,1834053618.156711,-6310254.314242125
61,routing_persistent_hotspot_cluster2,23,4,4,0,mdl2,c00e4b6818737a31,104002300,3,249837208.2673892,0.0,108002300,5,249273965.40396437,0.0
61,routing_persistent_hotspot_cluster2,23,4,4,1,specimen_transfer:+1x0.05,b0a3f8ae692a4ada,104002300,3,250599630.7125597,-762422.4451704919,108002300,5,249545242.22239748,-271276.81843310595
61,routing_persistent_hotspot_cluster2,23,4,4,2,specimen_transfer:-1x0.05,77d73762b00497f5,104002300,3,253752890.9289383,-3915682.6615490913,108002300,5,252478717.80005932,-3204752.396094948
61,routing_persistent_hotspot_cluster2,23,4,4,3,specimen_transfer:+1x0.1,f6e7d2beae7ca404,104002300,3,250557398.340717,-720190.0733277798,108002300,5,249716236.4726376,-442271.06867322326
61,routing_persistent_hotspot_cluster2,23,4,4,4,specimen_transfer:-1x0.1,6b9b08a1a6eaa03a,104002300,3,254556540.67362103,-4719332.406231821,108002300,5,253748940.19058353,-4474974.786619157
61,routing_persistent_hotspot_cluster2,23,remaining,29,0,mdl2,c00e4b6818737a31,104002310,3,1701440927.815957,0.0,108002310,5,1629835004.8083775,0.0
61,routing_persistent_hotspot_cluster2,23,remaining,29,1,specimen_transfer:+1x0.05,b0a3f8ae692a4ada,104002310,3,1707940287.896444,-6499360.080487013,108002310,5,1636621624.2466595,-6786619.438282013
61,routing_persistent_hotspot_cluster2,23,remaining,29,2,specimen_transfer:-1x0.05,77d73762b00497f5,104002310,3,1701408573.3534844,32354.46247267723,108002310,5,1629511265.59827,323739.2101075649
61,routing_persistent_hotspot_cluster2,23,remaining,29,3,specimen_transfer:+1x0.1,f6e7d2beae7ca404,104002310,3,1708666723.6229088,-7225795.806951761,108002310,5,1635600190.5720778,-5765185.763700247
61,routing_persistent_hotspot_cluster2,23,remaining,29,4,specimen_transfer:-1x0.1,6b9b08a1a6eaa03a,104002310,3,1702178542.0078976,-737614.191940546,108002310,5,1628573661.9509702,1261342.8574073315
61,routing_persistent_hotspot_cluster2,24,4,4,0,mdl2,0739c6e40a0eb33d,104002400,3,230400253.14494637,0.0,108002400,5,229062205.30519876,0.0
61,routing_persistent_hotspot_cluster2,24,4,4,1,specimen_transfer:+1x0.05,0ee15865c562afe6,104002400,3,228710211.47151113,1690041.673435241,108002400,5,227364645.51308972,1697559.7921090424
61,routing_persistent_hotspot_cluster2,24,4,4,2,specimen_transfer:-1x0.05,2d0bf1df3fafa991,104002400,3,228900762.39663053,1499490.748315841,108002400,5,228335223.10000402,726982.2051947415
61,routing_persistent_hotspot_cluster2,24,4,4,3,specimen_transfer:+1x0.1,57b5516b7aa8d1df,104002400,3,226281938.35248518,4118314.7924611866,108002400,5,225046895.25877994,4015310.046418816
61,routing_persistent_hotspot_cluster2,24,4,4,4,specimen_transfer:-1x0.1,33dc763b8e283986,104002400,3,230343764.0530305,56489.09191587567,108002400,5,229626682.5727747,-564477.2675759494
61,routing_persistent_hotspot_cluster2,24,remaining,28,0,mdl2,0739c6e40a0eb33d,104002410,3,1526436807.2513905,0.0,108002410,5,1599142769.5567093,0.0
61,routing_persistent_hotspot_cluster2,24,remaining,28,1,specimen_transfer:+1x0.05,0ee15865c562afe6,104002410,3,1525045050.115698,1391757.135692358,108002410,5,1597397438.7094564,1745330.8472528458
61,routing_persistent_hotspot_cluster2,24,remaining,28,2,specimen_transfer:-1x0.05,2d0bf1df3fafa991,104002410,3,1525488831.7044477,947975.5469427109,108002410,5,1597726138.935506,1416630.6212031841
61,routing_persistent_hotspot_cluster2,24,remaining,28,3,specimen_transfer:+1x0.1,57b5516b7aa8d1df,104002410,3,1523852562.341978,2584244.909412384,108002410,5,1596347487.756521,2795281.800188303
61,routing_persistent_hotspot_cluster2,24,remaining,28,4,specimen_transfer:-1x0.1,33dc763b8e283986,104002410,3,1522351490.0268114,4085317.224579096,108002410,5,1594975139.3325293,4167630.224179983
61,routing_persistent_hotspot_cluster2,25,4,4,0,mdl2,7a04efcc910fac77,104002500,3,223841196.03854272,0.0,108002500,5,210099031.19967175,0.0
61,routing_persistent_hotspot_cluster2,25,4,4,1,specimen_transfer:+1x0.05,211e54cad13ae80b,104002500,3,221507003.4817145,2334192.5568282306,108002500,5,208956127.02165592,1142904.1780158281
61,routing_persistent_hotspot_cluster2,25,4,4,2,specimen_transfer:-1x0.05,28b645f27c5478af,104002500,3,225316291.9879876,-1475095.94944489,108002500,5,212093201.79912838,-1994170.599456638
61,routing_persistent_hotspot_cluster2,25,4,4,3,specimen_transfer:+1x0.1,a7be43cbb154f9e4,104002500,3,220815651.22392902,3025544.8146137,108002500,5,208395351.67953554,1703679.5201362073
61,routing_persistent_hotspot_cluster2,25,4,4,4,specimen_transfer:-1x0.1,176f949fdea4b036,104002500,3,226570899.54139146,-2729703.5028487444,108002500,5,213099825.60624963,-3000794.406577885
61,routing_persistent_hotspot_cluster2,25,remaining,27,0,mdl2,7a04efcc910fac77,104002510,3,1410715291.94143,0.0,108002510,5,1478109472.2437794,0.0
61,routing_persistent_hotspot_cluster2,25,remaining,27,1,specimen_transfer:+1x0.05,211e54cad13ae80b,104002510,3,1408861514.5172462,1853777.4241838455,108002510,5,1478331873.3715854,-222401.12780594826
61,routing_persistent_hotspot_cluster2,25,remaining,27,2,specimen_transfer:-1x0.05,28b645f27c5478af,104002510,3,1408819511.8965406,1895780.04488945,108002510,5,1475879407.7995543,2230064.444225073
61,routing_persistent_hotspot_cluster2,25,remaining,27,3,specimen_transfer:+1x0.1,a7be43cbb154f9e4,104002510,3,1408278145.0968304,2437146.844599724,108002510,5,1476970613.519284,1138858.724495411
61,routing_persistent_hotspot_cluster2,25,remaining,27,4,specimen_transfer:-1x0.1,176f949fdea4b036,104002510,3,1408899153.1667376,1816138.7746925354,108002510,5,1479248752.8504217,-1139280.6066422462
61,routing_persistent_hotspot_cluster2,26,4,4,0,mdl2,408fc9542029b8e2,104002600,3,190408683.9802483,0.0,108002600,5,194087942.14828897,0.0
61,routing_persistent_hotspot_cluster2,26,4,4,1,specimen_transfer:+1x0.05,b831c8a7e5f16736,104002600,3,189899441.13884982,509242.84139847755,108002600,5,193210353.85031724,877588.2979717255
61,routing_persistent_hotspot_cluster2,26,4,4,2,specimen_transfer:-1x0.05,95cb0c7780ca7409,104002600,3,190878947.9307017,-470263.9504534006,108002600,5,194396564.56575647,-308622.41746750474
61,routing_persistent_hotspot_cluster2,26,4,4,3,specimen_transfer:+1x0.1,b3dac60a17849b1a,104002600,3,188749907.50013375,1658776.4801145494,108002600,5,192470571.339355,1617370.8089339733
61,routing_persistent_hotspot_cluster2,26,4,4,4,specimen_transfer:-1x0.1,1bea9f7cbd6e039f,104002600,3,191407308.87755823,-998624.8973099291,108002600,5,195279412.51729274,-1191470.3690037727
61,routing_persistent_hotspot_cluster2,26,remaining,26,0,mdl2,408fc9542029b8e2,104002610,3,1441356253.7248442,0.0,108002610,5,1511362820.169089,0.0
61,routing_persistent_hotspot_cluster2,26,remaining,26,1,specimen_transfer:+1x0.05,b831c8a7e5f16736,104002610,3,1440742669.9119987,613583.8128454685,108002610,5,1512263534.091325,-900713.9222359657
61,routing_persistent_hotspot_cluster2,26,remaining,26,2,specimen_transfer:-1x0.05,95cb0c7780ca7409,104002610,3,1444352821.0560324,-2996567.331188202,108002610,5,1516373117.712291,-5010297.543201923
61,routing_persistent_hotspot_cluster2,26,remaining,26,3,specimen_transfer:+1x0.1,b3dac60a17849b1a,104002610,3,1439761966.368365,1594287.356479168,108002610,5,1511378193.6109684,-15373.441879272461
61,routing_persistent_hotspot_cluster2,26,remaining,26,4,specimen_transfer:-1x0.1,1bea9f7cbd6e039f,104002610,3,1445289213.5896866,-3932959.864842415,108002610,5,1516958634.599168,-5595814.430078983
61,routing_persistent_hotspot_cluster2,27,4,4,0,mdl2,0207fcbdedf49b72,104002700,3,181019856.23384294,0.0,108002700,5,178953458.00655556,0.0
61,routing_persistent_hotspot_cluster2,27,4,4,1,specimen_transfer:+1x0.05,492b7badf5749fe6,104002700,3,181471356.98558882,-451500.75174587965,108002700,5,179911192.38520485,-957734.3786492944
61,routing_persistent_hotspot_cluster2,27,4,4,2,specimen_transfer:-1x0.05,662f4c3d2d30fb80,104002700,3,182079182.84494814,-1059326.6111052036,108002700,5,179569971.0333406,-616513.0267850459
61,routing_persistent_hotspot_cluster2,27,4,4,3,specimen_transfer:+1x0.1,90fb742cfc9da492,104002700,3,181935067.15020344,-915210.9163604975,108002700,5,180118190.5962718,-1164732.5897162557
61,routing_persistent_hotspot_cluster2,27,4,4,4,specimen_transfer:-1x0.1,3a0c2d14af1d1fbe,104002700,3,183281501.84224334,-2261645.6084004045,108002700,5,180540447.16521436,-1586989.1586588025
61,routing_persistent_hotspot_cluster2,27,remaining,25,0,mdl2,0207fcbdedf49b72,104002710,3,1281629263.2352943,0.0,108002710,5,1338258602.5940719,0.0
61,routing_persistent_hotspot_cluster2,27,remaining,25,1,specimen_transfer:+1x0.05,492b7badf5749fe6,104002710,3,1279447428.2125528,2181835.022741556,108002710,5,1337316222.1409879,942380.453083992
61,routing_persistent_hotspot_cluster2,27,remaining,25,2,specimen_transfer:-1x0.05,662f4c3d2d30fb80,104002710,3,1281879757.2787182,-250494.04342389107,108002710,5,1338824869.681995,-566267.0879230499
61,routing_persistent_hotspot_cluster2,27,remaining,25,3,specimen_transfer:+1x0.1,90fb742cfc9da492,104002710,3,1281130070.581638,499192.6536562443,108002710,5,1337101396.3459926,1157206.2480793
61,routing_persistent_hotspot_cluster2,27,remaining,25,4,specimen_transfer:-1x0.1,3a0c2d14af1d1fbe,104002710,3,1282446041.3307803,-816778.0954859257,108002710,5,1341684376.5518918,-3425773.9578199387
61,routing_persistent_hotspot_cluster2,28,4,4,0,mdl2,4fc64ad6529ebbd7,104002800,3,194466117.74033964,0.0,108002800,5,192367449.34178585,0.0
61,routing_persistent_hotspot_cluster2,28,4,4,1,specimen_transfer:+1x0.05,840d0763e67eb238,104002800,3,194822048.1930898,-355930.4527501762,108002800,5,192623516.80849373,-256067.46670788527
61,routing_persistent_hotspot_cluster2,28,4,4,2,specimen_transfer:-1x0.05,1fa04747f3ca88ea,104002800,3,193903965.75141728,562151.9889223576,108002800,5,193091540.3075691,-724090.9657832384
61,routing_persistent_hotspot_cluster2,28,4,4,3,specimen_transfer:+1x0.1,cfab21ab230062da,104002800,3,192859002.57719317,1607115.163146466,108002800,5,190853394.5122829,1514054.8295029402
61,routing_persistent_hotspot_cluster2,28,4,4,4,specimen_transfer:-1x0.1,24cb04381d0bfda9,104002800,3,195222764.4606634,-756646.7203237712,108002800,5,193750480.35200548,-1383031.0102196336
61,routing_persistent_hotspot_cluster2,28,remaining,24,0,mdl2,4fc64ad6529ebbd7,104002810,3,1500619834.0988762,0.0,108002810,5,1335485407.045487,0.0
61,routing_persistent_hotspot_cluster2,28,remaining,24,1,specimen_transfer:+1x0.05,840d0763e67eb238,104002810,3,1498626421.773299,1993412.325577259,108002810,5,1334231084.8023856,1254322.2431013584
61,routing_persistent_hotspot_cluster2,28,remaining,24,2,specimen_transfer:-1x0.05,1fa04747f3ca88ea,104002810,3,1502095200.013629,-1475365.9147527218,108002810,5,1337797877.645212,-2312470.599725008
61,routing_persistent_hotspot_cluster2,28,remaining,24,3,specimen_transfer:+1x0.1,cfab21ab230062da,104002810,3,1495483944.1436005,5135889.955275774,108002810,5,1332838714.413656,2646692.6318309307
61,routing_persistent_hotspot_cluster2,28,remaining,24,4,specimen_transfer:-1x0.1,24cb04381d0bfda9,104002810,3,1503310638.8734114,-2690804.774535179,108002810,5,1341052810.2174125,-5567403.171925545
61,routing_persistent_hotspot_cluster2,29,4,4,0,mdl2,8b97b2d2d799a4a6,104002900,3,182655390.09658346,0.0,108002900,5,181670731.24283314,0.0
61,routing_persistent_hotspot_cluster2,29,4,4,1,specimen_transfer:+1x0.05,ce39448beb4096dd,104002900,3,179505898.66742718,3149491.4291562736,108002900,5,177982190.14565164,3688541.097181499
61,routing_persistent_hotspot_cluster2,29,4,4,2,specimen_transfer:-1x0.05,21c626c8a0cae53a,104002900,3,184594900.6310734,-1939510.5344899297,108002900,5,184962725.73380148,-3291994.4909683466
61,routing_persistent_hotspot_cluster2,29,4,4,3,specimen_transfer:+1x0.1,377861bcb690bd84,104002900,3,178315075.57725194,4340314.519331515,108002900,5,177381726.68593732,4289004.556895822
61,routing_persistent_hotspot_cluster2,29,4,4,4,specimen_transfer:-1x0.1,a61d8c9549058b5a,104002900,3,186820058.28923178,-4164668.1926483214,108002900,5,185914561.08267838,-4243829.83984524
61,routing_persistent_hotspot_cluster2,29,remaining,23,0,mdl2,8b97b2d2d799a4a6,104002910,3,1307656512.5605724,0.0,108002910,5,1297637933.937451,0.0
61,routing_persistent_hotspot_cluster2,29,remaining,23,1,specimen_transfer:+1x0.05,ce39448beb4096dd,104002910,3,1305303282.4696724,2353230.0908999443,108002910,5,1296210943.4588647,1426990.478586197
61,routing_persistent_hotspot_cluster2,29,remaining,23,2,specimen_transfer:-1x0.05,21c626c8a0cae53a,104002910,3,1311165352.8418293,-3508840.281256914,108002910,5,1297328215.078368,309718.85908293724
61,routing_persistent_hotspot_cluster2,29,remaining,23,3,specimen_transfer:+1x0.1,377861bcb690bd84,104002910,3,1304299136.527776,3357376.032796383,108002910,5,1293641854.3133693,3996079.6240816116
61,routing_persistent_hotspot_cluster2,29,remaining,23,4,specimen_transfer:-1x0.1,a61d8c9549058b5a,104002910,3,1313695296.2500741,-6038783.689501762,108002910,5,1299094734.0750046,-1456800.1375536919
61,routing_persistent_hotspot_cluster2,30,4,4,0,mdl2,a2dfd7c48946c28a,104003000,3,197956036.42676082,0.0,108003000,5,195447200.4627535,0.0
61,routing_persistent_hotspot_cluster2,30,4,4,1,specimen_transfer:+1x0.05,cded9227d0412a79,104003000,3,194955671.276896,3000365.1498648226,108003000,5,192569548.38529676,2877652.0774567425
61,routing_persistent_hotspot_cluster2,30,4,4,2,specimen_transfer:-1x0.05,8267685e06ce076c,104003000,3,198943046.27184114,-987009.8450803161,108003000,5,196259373.49824518,-812173.0354916751
61,routing_persistent_hotspot_cluster2,30,4,4,3,specimen_transfer:+1x0.1,2538fb0f6421c9e6,104003000,3,193198902.3929237,4757134.03383711,108003000,5,190568112.37858096,4879088.084172547
61,routing_persistent_hotspot_cluster2,30,4,4,4,specimen_transfer:-1x0.1,8ab42201c3ae2fff,104003000,3,199191547.72465238,-1235511.2978915572,108003000,5,196099538.70707566,-652338.244322151
61,routing_persistent_hotspot_cluster2,30,remaining,22,0,mdl2,a2dfd7c48946c28a,104003010,3,1362115206.2067072,0.0,108003010,5,1300888766.9983578,0.0
61,routing_persistent_hotspot_cluster2,30,remaining,22,1,specimen_transfer:+1x0.05,cded9227d0412a79,104003010,3,1360615735.8306096,1499470.3760976791,108003010,5,1299339245.4278636,1549521.570494175
61,routing_persistent_hotspot_cluster2,30,remaining,22,2,specimen_transfer:-1x0.05,8267685e06ce076c,104003010,3,1360975737.0615938,1139469.1451134682,108003010,5,1303030524.8953052,-2141757.896947384
61,routing_persistent_hotspot_cluster2,30,remaining,22,3,specimen_transfer:+1x0.1,2538fb0f6421c9e6,104003010,3,1360589515.9893644,1525690.2173428535,108003010,5,1300095022.721706,793744.2766518593
61,routing_persistent_hotspot_cluster2,30,remaining,22,4,specimen_transfer:-1x0.1,8ab42201c3ae2fff,104003010,3,1362201177.7675145,-85971.56080722809,108003010,5,1300910410.125602,-21643.127244234085
61,routing_persistent_hotspot_cluster2,31,4,4,0,mdl2,4a94fe2e94e8c3c1,104003100,3,210297790.8011501,0.0,108003100,5,209762247.46584487,0.0
61,routing_persistent_hotspot_cluster2,31,4,4,1,specimen_transfer:+1x0.05,09b830b49e7bc740,104003100,3,208183488.56121114,2114302.2399389744,108003100,5,208574298.7504414,1187948.7154034674
61,routing_persistent_hotspot_cluster2,31,4,4,2,specimen_transfer:-1x0.05,b584f1253d51b6cf,104003100,3,211863776.6087753,-1565985.8076251745,108003100,5,211756334.7977978,-1994087.3319529295
61,routing_persistent_hotspot_cluster2,31,4,4,3,specimen_transfer:+1x0.1,c6c1e297dc3068a9,104003100,3,206092421.82513142,4205368.976018697,108003100,5,206688277.12786597,3073970.3379788995
61,routing_persistent_hotspot_cluster2,31,4,4,4,specimen_transfer:-1x0.1,9575c6b1c1f32eaa,104003100,3,213069298.1549264,-2771507.353776276,108003100,5,212347175.83071443,-2584928.364869565
61,routing_persistent_hotspot_cluster2,31,remaining,21,0,mdl2,4a94fe2e94e8c3c1,104003110,3,1314712911.5273445,0.0,108003110,5,1277493023.762298,0.0
61,routing_persistent_hotspot_cluster2,31,remaining,21,1,specimen_transfer:+1x0.05,09b830b49e7bc740,104003110,3,1316911383.500986,-2198471.973641634,108003110,5,1280980020.3039298,-3486996.5416316986
61,routing_persistent_hotspot_cluster2,31,remaining,21,2,specimen_transfer:-1x0.05,b584f1253d51b6cf,104003110,3,1316280977.8248408,-1568066.2974963188,108003110,5,1277269302.1495566,223721.61274147034
61,routing_persistent_hotspot_cluster2,31,remaining,21,3,specimen_transfer:+1x0.1,c6c1e297dc3068a9,104003110,3,1314063485.8635895,649425.66375494,108003110,5,1279716283.5511565,-2223259.7888584137
61,routing_persistent_hotspot_cluster2,31,remaining,21,4,specimen_transfer:-1x0.1,9575c6b1c1f32eaa,104003110,3,1313841583.510543,871328.0168013573,108003110,5,1276991578.9779792,501444.78431892395
61,routing_persistent_hotspot_cluster2,32,4,4,0,mdl2,48857c05b2fe35b1,104003200,3,226313613.85414293,0.0,108003200,5,220652011.07186538,0.0
61,routing_persistent_hotspot_cluster2,32,4,4,1,specimen_transfer:+1x0.05,b495c5d30de36e28,104003200,3,224557517.9397684,1756095.9143745303,108003200,5,218772684.0831233,1879326.9887420833
61,routing_persistent_hotspot_cluster2,32,4,4,2,specimen_transfer:-1x0.05,fcb7befe974b29c0,104003200,3,227410179.96070203,-1096566.1065590978,108003200,5,221892210.71079007,-1240199.638924688
61,routing_persistent_hotspot_cluster2,32,4,4,3,specimen_transfer:+1x0.1,60d0fe7499fea40b,104003200,3,222901203.48244596,3412410.371696979,108003200,5,217170326.8162757,3481684.255589694
61,routing_persistent_hotspot_cluster2,32,4,4,4,specimen_transfer:-1x0.1,490b25c0ebd118b6,104003200,3,227170603.72558483,-856989.8714419007,108003200,5,220868146.9067014,-216135.83483600616
61,routing_persistent_hotspot_cluster2,32,remaining,20,0,mdl2,48857c05b2fe35b1,104003210,3,1128900888.4073968,0.0,108003210,5,1215303806.2601209,0.0
61,routing_persistent_hotspot_cluster2,32,remaining,20,1,specimen_transfer:+1x0.05,b495c5d30de36e28,104003210,3,1129069301.127639,-168412.7202422619,108003210,5,1213989945.66692,1313860.593200922
61,routing_persistent_hotspot_cluster2,32,remaining,20,2,specimen_transfer:-1x0.05,fcb7befe974b29c0,104003210,3,1130485810.4264257,-1584922.019028902,108003210,5,1216536107.1207001,-1232300.8605792522
61,routing_persistent_hotspot_cluster2,32,remaining,20,3,specimen_transfer:+1x0.1,60d0fe7499fea40b,104003210,3,1128780995.1718533,119893.23554348946,108003210,5,1215190672.5969791,113133.66314172745
61,routing_persistent_hotspot_cluster2,32,remaining,20,4,specimen_transfer:-1x0.1,490b25c0ebd118b6,104003210,3,1130371738.4035757,-1470849.9961788654,108003210,5,1217468157.5983145,-2164351.338193655
61,routing_persistent_hotspot_cluster2,33,4,4,0,mdl2,b7eaef6d3a0f68cd,104003300,3,229755136.7168356,0.0,108003300,5,232685758.1319879,0.0
61,routing_persistent_hotspot_cluster2,33,4,4,1,specimen_transfer:+1x0.05,0d6bb72c7c2574dc,104003300,3,229466539.5875527,288597.12928289175,108003300,5,231402197.11051288,1283561.021475017
61,routing_persistent_hotspot_cluster2,33,4,4,2,specimen_transfer:-1x0.05,d28aec4a6bd16514,104003300,3,230235414.64135435,-480277.924518764,108003300,5,232507103.90811342,178654.22387447953
61,routing_persistent_hotspot_cluster2,33,4,4,3,specimen_transfer:+1x0.1,5f0d365f18a4c125,104003300,3,226717636.69741824,3037500.0194173455,108003300,5,228982464.92317215,3703293.2088157535
61,routing_persistent_hotspot_cluster2,33,4,4,4,specimen_transfer:-1x0.1,07130041864d4441,104003300,3,229470638.36785102,284498.3489845693,108003300,5,232280940.81803116,404817.3139567375
61,routing_persistent_hotspot_cluster2,33,remaining,19,0,mdl2,b7eaef6d3a0f68cd,104003310,3,957241350.602918,0.0,108003310,5,1049796242.5651143,0.0
61,routing_persistent_hotspot_cluster2,33,remaining,19,1,specimen_transfer:+1x0.05,0d6bb72c7c2574dc,104003310,3,954999824.9167305,2241525.6861875057,108003310,5,1048912863.9380337,883378.6270805597
61,routing_persistent_hotspot_cluster2,33,remaining,19,2,specimen_transfer:-1x0.05,d28aec4a6bd16514,104003310,3,957931696.8356376,-690346.2327195406,108003310,5,1051747086.9671233,-1950844.4020090103
61,routing_persistent_hotspot_cluster2,33,remaining,19,3,specimen_transfer:+1x0.1,5f0d365f18a4c125,104003310,3,953349469.7874503,3891880.8154677153,108003310,5,1047235726.7333498,2560515.8317644596
61,routing_persistent_hotspot_cluster2,33,remaining,19,4,specimen_transfer:-1x0.1,07130041864d4441,104003310,3,959362138.2702965,-2120787.6673784256,108003310,5,1054276944.284735,-4480701.719620705
61,routing_persistent_hotspot_cluster2,34,4,4,0,mdl2,d7d4d70cb70acb20,104003400,3,235974140.71327338,0.0,108003400,5,235904522.0354659,0.0
61,routing_persistent_hotspot_cluster2,34,4,4,1,specimen_transfer:+1x0.05,573f5bd5132c81c6,104003400,3,236187059.64774862,-212918.9344752431,108003400,5,236159568.85032254,-255046.81485664845
61,routing_persistent_hotspot_cluster2,34,4,4,2,specimen_transfer:-1x0.05,85adadd8acdc1669,104003400,3,236600217.2263073,-626076.5130339265,108003400,5,237415557.85913557,-1511035.823669672
61,routing_persistent_hotspot_cluster2,34,4,4,3,specimen_transfer:+1x0.1,82443ba0ee689a41,104003400,3,235433847.6981974,540293.0150759816,108003400,5,235721910.76350316,182611.27196273208
61,routing_persistent_hotspot_cluster2,34,4,4,4,specimen_transfer:-1x0.1,b291a26c7a80c527,104003400,3,236573191.6029519,-599050.8896785378,108003400,5,237096855.32558528,-1192333.2901193798
61,routing_persistent_hotspot_cluster2,34,remaining,18,0,mdl2,d7d4d70cb70acb20,104003410,3,921057452.3822852,0.0,108003410,5,1073979016.0655982,0.0
61,routing_persistent_hotspot_cluster2,34,remaining,18,1,specimen_transfer:+1x0.05,573f5bd5132c81c6,104003410,3,920449526.3626033,607926.0196819305,108003410,5,1074855850.0979693,-876834.0323710442
61,routing_persistent_hotspot_cluster2,34,remaining,18,2,specimen_transfer:-1x0.05,85adadd8acdc1669,104003410,3,922134058.1768355,-1076605.7945502996,108003410,5,1074123152.679278,-144136.61367964745
61,routing_persistent_hotspot_cluster2,34,remaining,18,3,specimen_transfer:+1x0.1,82443ba0ee689a41,104003410,3,916241185.6464459,4816266.735839367,108003410,5,1071820586.6410027,2158429.4245955944
61,routing_persistent_hotspot_cluster2,34,remaining,18,4,specimen_transfer:-1x0.1,b291a26c7a80c527,104003410,3,927587204.2889557,-6529751.906670451,108003410,5,1081567980.224599,-7588964.159000635
61,routing_persistent_hotspot_cluster2,35,4,4,0,mdl2,fe6004891036feab,104003500,3,244451137.1489308,0.0,108003500,5,234141757.58157024,0.0
61,routing_persistent_hotspot_cluster2,35,4,4,1,specimen_transfer:+1x0.05,b0331ee25dc10699,104003500,3,242847742.3946786,1603394.7542521954,108003500,5,232196842.8553761,1944914.7261941433
61,routing_persistent_hotspot_cluster2,35,4,4,2,specimen_transfer:-1x0.05,8f5f0b94325c6838,104003500,3,245687399.25766814,-1236262.1087373495,108003500,5,235116008.4045388,-974250.8229685724
61,routing_persistent_hotspot_cluster2,35,4,4,3,specimen_transfer:+1x0.1,66d8f488e058b21f,104003500,3,241364180.19654545,3086956.952385336,108003500,5,230659368.570851,3482389.0107192397
61,routing_persistent_hotspot_cluster2,35,4,4,4,specimen_transfer:-1x0.1,a1e58725ac660497,104003500,3,246145960.76007256,-1694823.611141771,108003500,5,236022789.61439833,-1881032.0328280926
61,routing_persistent_hotspot_cluster2,35,remaining,17,0,mdl2,fe6004891036feab,104003510,3,877133705.6787529,0.0,108003510,5,986261215.5553267,0.0
61,routing_persistent_hotspot_cluster2,35,remaining,17,1,specimen_transfer:+1x0.05,b0331ee25dc10699,104003510,3,876176097.4745502,957608.204202652,108003510,5,986336299.1651938,-75083.60986709595
61,routing_persistent_hotspot_cluster2,35,remaining,17,2,specimen_transfer:-1x0.05,8f5f0b94325c6838,104003510,3,883032342.0769161,-5898636.398163199,108003510,5,992200012.5087023,-5938796.953375578
61,routing_persistent_hotspot_cluster2,35,remaining,17,3,specimen_transfer:+1x0.1,66d8f488e058b21f,104003510,3,875526370.3191155,1607335.3596373796,108003510,5,985709437.4239302,551778.1313965321
61,routing_persistent_hotspot_cluster2,35,remaining,17,4,specimen_transfer:-1x0.1,a1e58725ac660497,104003510,3,882756692.0831238,-5622986.404370904,108003510,5,994026587.0286343,-7765371.47330761
61,routing_persistent_hotspot_cluster2,36,4,4,0,mdl2,ae572be1d8dc09f2,104003600,3,216066817.18545774,0.0,108003600,5,218679051.0978775,0.0
61,routing_persistent_hotspot_cluster2,36,4,4,1,specimen_transfer:+1x0.05,b114e9d16411a6a8,104003600,3,214260353.35414353,1806463.8313142061,108003600,5,217257479.8421398,1421571.2557376921
61,routing_persistent_hotspot_cluster2,36,4,4,2,specimen_transfer:-1x0.05,dd9b2b1af285b6be,104003600,3,217475947.43756047,-1409130.2521027327,108003600,5,220992766.37263948,-2313715.274761975
61,routing_persistent_hotspot_cluster2,36,4,4,3,specimen_transfer:+1x0.1,583ea6e367420e5c,104003600,3,213980834.57598415,2085982.609473586,108003600,5,217162313.3364814,1516737.76139611
61,routing_persistent_hotspot_cluster2,36,4,4,4,specimen_transfer:-1x0.1,245147981126a67a,104003600,3,218428068.2606512,-2361251.0751934648,108003600,5,221080282.15876865,-2401231.0608911514
61,routing_persistent_hotspot_cluster2,36,remaining,16,0,mdl2,ae572be1d8dc09f2,104003610,3,906975362.7510662,0.0,108003610,5,855299024.9937824,0.0
61,routing_persistent_hotspot_cluster2,36,remaining,16,1,specimen_transfer:+1x0.05,b114e9d16411a6a8,104003610,3,905798828.3216567,1176534.429409504,108003610,5,854034512.0088924,1264512.9848899841
61,routing_persistent_hotspot_cluster2,36,remaining,16,2,specimen_transfer:-1x0.05,dd9b2b1af285b6be,104003610,3,911443183.2574769,-4467820.506410718,108003610,5,857507895.5371698,-2208870.543387413
61,routing_persistent_hotspot_cluster2,36,remaining,16,3,specimen_transfer:+1x0.1,583ea6e367420e5c,104003610,3,905793331.2583121,1182031.4927541018,108003610,5,852315977.1685702,2983047.82521224
61,routing_persistent_hotspot_cluster2,36,remaining,16,4,specimen_transfer:-1x0.1,245147981126a67a,104003610,3,912520218.7432858,-5544855.992219567,108003610,5,859775039.3979738,-4476014.404191375
61,routing_persistent_hotspot_cluster2,37,4,4,0,mdl2,11f904b50887edbc,104003700,3,216526977.4793782,0.0,108003700,5,216506435.77149382,0.0
61,routing_persistent_hotspot_cluster2,37,4,4,1,specimen_transfer:+1x0.05,ad2589fa78cc839f,104003700,3,216731073.41743958,-204095.93806138635,108003700,5,216359213.3792333,147222.39226052165
61,routing_persistent_hotspot_cluster2,37,4,4,2,specimen_transfer:-1x0.05,496194f90f15d218,104003700,3,217508221.05741,-981243.5780318081,108003700,5,217043782.21414432,-537346.442650497
61,routing_persistent_hotspot_cluster2,37,4,4,3,specimen_transfer:+1x0.1,b896893c9a8093c4,104003700,3,216138018.5947608,388958.88461738825,108003700,5,216083334.01744723,423101.75404658914
61,routing_persistent_hotspot_cluster2,37,4,4,4,specimen_transfer:-1x0.1,aad37d7075bef043,104003700,3,218320273.36302707,-1793295.8836488724,108003700,5,217350089.54773116,-843653.7762373388
61,routing_persistent_hotspot_cluster2,37,remaining,15,0,mdl2,11f904b50887edbc,104003710,3,880633990.0091673,0.0,108003710,5,851539933.6302453,0.0
61,routing_persistent_hotspot_cluster2,37,remaining,15,1,specimen_transfer:+1x0.05,ad2589fa78cc839f,104003710,3,881566865.1123341,-932875.1031668186,108003710,5,852527941.998194,-988008.3679486513
61,routing_persistent_hotspot_cluster2,37,remaining,15,2,specimen_transfer:-1x0.05,496194f90f15d218,104003710,3,885117782.4266739,-4483792.417506576,108003710,5,854657634.4169811,-3117700.786735773
61,routing_persistent_hotspot_cluster2,37,remaining,15,3,specimen_transfer:+1x0.1,b896893c9a8093c4,104003710,3,879346033.5772747,1287956.4318926334,108003710,5,849952271.9564892,1587661.6737561226
61,routing_persistent_hotspot_cluster2,37,remaining,15,4,specimen_transfer:-1x0.1,aad37d7075bef043,104003710,3,883436501.2237182,-2802511.214550853,108003710,5,853796891.8472452,-2256958.2169998884
61,routing_persistent_hotspot_cluster2,38,4,4,0,mdl2,939aa6be47a73f11,104003800,3,188662769.29648575,0.0,108003800,5,191693021.36975262,0.0
61,routing_persistent_hotspot_cluster2,38,4,4,1,specimen_transfer:+1x0.05,0fe8d19e2818fcad,104003800,3,188769818.6569543,-107049.36046853662,108003800,5,191260943.06706128,432078.30269134045
61,routing_persistent_hotspot_cluster2,38,4,4,2,specimen_transfer:-1x0.05,313c6bb277797391,104003800,3,190372552.00529838,-1709782.7088126242,108003800,5,193908686.23444837,-2215664.8646957576
61,routing_persistent_hotspot_cluster2,38,4,4,3,specimen_transfer:+1x0.1,1c3ff2f269411e58,104003800,3,186893094.1914461,1769675.1050396562,108003800,5,190221016.6253892,1472004.7443634272
61,routing_persistent_hotspot_cluster2,38,4,4,4,specimen_transfer:-1x0.1,e492b6df23c0abe1,104003800,3,193231290.59382868,-4568521.297342926,108003800,5,195934878.27192026,-4241856.902167648
61,routing_persistent_hotspot_cluster2,38,remaining,14,0,mdl2,939aa6be47a73f11,104003810,3,763337244.8839737,0.0,108003810,5,781158047.1085455,0.0
61,routing_persistent_hotspot_cluster2,38,remaining,14,1,specimen_transfer:+1x0.05,0fe8d19e2818fcad,104003810,3,760609063.4867083,2728181.3972654343,108003810,5,778915190.4805887,2242856.627956867
61,routing_persistent_hotspot_cluster2,38,remaining,14,2,specimen_transfer:-1x0.05,313c6bb277797391,104003810,3,763526999.3292307,-189754.44525694847,108003810,5,781728667.518059,-570620.4095134735
61,routing_persistent_hotspot_cluster2,38,remaining,14,3,specimen_transfer:+1x0.1,1c3ff2f269411e58,104003810,3,761185405.7470273,2151839.1369464397,108003810,5,779124762.7308731,2033284.3776724339
61,routing_persistent_hotspot_cluster2,38,remaining,14,4,specimen_transfer:-1x0.1,e492b6df23c0abe1,104003810,3,763137864.8349485,199380.04902517796,108003810,5,783300916.0879401,-2142868.979394555
61,routing_persistent_hotspot_cluster2,39,4,4,0,mdl2,e4d37ddc1572362d,104003900,3,204348861.1865336,0.0,108003900,5,199405089.10570723,0.0
61,routing_persistent_hotspot_cluster2,39,4,4,1,specimen_transfer:+1x0.05,35f33973a126de75,104003900,3,204055263.54250756,293597.64402604103,108003900,5,198692979.3634084,712109.7422988415
61,routing_persistent_hotspot_cluster2,39,4,4,2,specimen_transfer:-1x0.05,0c3a5fb7277c98cf,104003900,3,204786410.27957714,-437549.09304353595,108003900,5,199771607.40273735,-366518.2970301211
61,routing_persistent_hotspot_cluster2,39,4,4,3,specimen_transfer:+1x0.1,136b0d07b2e5d896,104003900,3,202704774.9150251,1644086.2715085149,108003900,5,198802265.55930355,602823.5464036763
61,routing_persistent_hotspot_cluster2,39,4,4,4,specimen_transfer:-1x0.1,02019efca5d4a704,104003900,3,205111575.47431076,-762714.2877771556,108003900,5,200105425.3049307,-700336.1992234588
61,routing_persistent_hotspot_cluster2,39,remaining,13,0,mdl2,e4d37ddc1572362d,104003910,3,707203661.8480614,0.0,108003910,5,684141978.8710676,0.0
61,routing_persistent_hotspot_cluster2,39,remaining,13,1,specimen_transfer:+1x0.05,35f33973a126de75,104003910,3,705397161.0852736,1806500.762787819,108003910,5,683084375.950641,1057602.9204266071
61,routing_persistent_hotspot_cluster2,39,remaining,13,2,specimen_transfer:-1x0.05,0c3a5fb7277c98cf,104003910,3,707264314.4211768,-60652.573115348816,108003910,5,683422424.2724748,719554.5985928774
61,routing_persistent_hotspot_cluster2,39,remaining,13,3,specimen_transfer:+1x0.1,136b0d07b2e5d896,104003910,3,705909593.6077337,1294068.2403277159,108003910,5,683678592.6781147,463386.19295299053
61,routing_persistent_hotspot_cluster2,39,remaining,13,4,specimen_transfer:-1x0.1,02019efca5d4a704,104003910,3,706633282.8110985,570379.036962986,108003910,5,682663830.0933855,1478148.7776821852
61,routing_persistent_hotspot_cluster2,40,4,4,0,mdl2,29498bb0ed46bd5d,104004000,3,197540250.20842203,0.0,108004000,5,197873249.764316,0.0
61,routing_persistent_hotspot_cluster2,40,4,4,1,specimen_transfer:+1x0.05,517c705065f78229,104004000,3,197276862.74571112,263387.462710917,108004000,5,196939352.2585806,933897.5057353973
61,routing_persistent_hotspot_cluster2,40,4,4,2,specimen_transfer:-1x0.05,2eb72141a7119766,104004000,3,196326440.30014086,1213809.9082811773,108004000,5,196437131.5407436,1436118.2235724032
61,routing_persistent_hotspot_cluster2,40,4,4,3,specimen_transfer:+1x0.1,6aef52cbfa2f77c8,104004000,3,196856794.55634117,683455.6520808637,108004000,5,196840068.17604035,1033181.5882756412
61,routing_persistent_hotspot_cluster2,40,4,4,4,specimen_transfer:-1x0.1,71209adc6595aff0,104004000,3,197103052.62059912,437197.5878229141,108004000,5,197397422.70384026,475827.06047573686
61,routing_persistent_hotspot_cluster2,40,remaining,12,0,mdl2,29498bb0ed46bd5d,104004010,3,650830788.741291,0.0,108004010,5,670951149.8571638,0.0
61,routing_persistent_hotspot_cluster2,40,remaining,12,1,specimen_transfer:+1x0.05,517c705065f78229,104004010,3,650140127.761774,690660.9795171022,108004010,5,671039306.5767725,-88156.71960866451
61,routing_persistent_hotspot_cluster2,40,remaining,12,2,specimen_transfer:-1x0.05,2eb72141a7119766,104004010,3,652237430.503234,-1406641.7619429827,108004010,5,672275721.8641082,-1324572.006944418
61,routing_persistent_hotspot_cluster2,40,remaining,12,3,specimen_transfer:+1x0.1,6aef52cbfa2f77c8,104004010,3,650465154.9995909,365633.7417001724,108004010,5,671760043.2864681,-808893.4293043613
61,routing_persistent_hotspot_cluster2,40,remaining,12,4,specimen_transfer:-1x0.1,71209adc6595aff0,104004010,3,653508933.4668941,-2678144.7256031036,108004010,5,674156543.3050171,-3205393.447853327
61,routing_persistent_hotspot_cluster2,41,4,4,0,mdl2,a6433ad2c2fc8d81,104004100,3,192182552.9346107,0.0,108004100,5,191880152.6355216,0.0
61,routing_persistent_hotspot_cluster2,41,4,4,1,specimen_transfer:+1x0.05,c3b796549b3a3182,104004100,3,190636588.85955325,1545964.075057447,108004100,5,190618777.18183762,1261375.4536839724
61,routing_persistent_hotspot_cluster2,41,4,4,2,specimen_transfer:-1x0.05,7a04c0d8c50f82a9,104004100,3,191999839.17840078,182713.75620990992,108004100,5,191519873.68297872,360278.95254287124
61,routing_persistent_hotspot_cluster2,41,4,4,3,specimen_transfer:+1x0.1,747cd9dd9954c885,104004100,3,190462570.02780485,1719982.906805843,108004100,5,190541607.4596972,1338545.1758244038
61,routing_persistent_hotspot_cluster2,41,4,4,4,specimen_transfer:-1x0.1,fa81a036fe91e244,104004100,3,191894456.02303448,288096.91157621145,108004100,5,191953680.36157805,-73527.72605645657
61,routing_persistent_hotspot_cluster2,41,remaining,11,0,mdl2,a6433ad2c2fc8d81,104004110,3,579188245.9914421,0.0,108004110,5,569430763.784848,0.0
61,routing_persistent_hotspot_cluster2,41,remaining,11,1,specimen_transfer:+1x0.05,c3b796549b3a3182,104004110,3,580250068.059266,-1061822.0678238869,108004110,5,569485811.5790993,-55047.794251322746
61,routing_persistent_hotspot_cluster2,41,remaining,11,2,specimen_transfer:-1x0.05,7a04c0d8c50f82a9,104004110,3,580493932.9039398,-1305686.9124977589,108004110,5,571048923.1180041,-1618159.3331561089
61,routing_persistent_hotspot_cluster2,41,remaining,11,3,specimen_transfer:+1x0.1,747cd9dd9954c885,104004110,3,579762657.5303279,-574411.5388858318,108004110,5,569076629.9836004,354133.80124759674
61,routing_persistent_hotspot_cluster2,41,remaining,11,4,specimen_transfer:-1x0.1,fa81a036fe91e244,104004110,3,581492360.4284655,-2304114.4370234013,108004110,5,571225692.3430536,-1794928.5582056046
61,routing_persistent_hotspot_cluster2,42,4,4,0,mdl2,9dc61ce7500d056c,104004200,3,203759826.85402432,0.0,108004200,5,199311489.71221197,0.0
61,routing_persistent_hotspot_cluster2,42,4,4,1,specimen_transfer:+1x0.05,5a50e919fed1b9f1,104004200,3,203115937.29477358,643889.5592507422,108004200,5,199310533.80735284,955.9048591256142
61,routing_persistent_hotspot_cluster2,42,4,4,2,specimen_transfer:-1x0.05,c5bb03aa31f73003,104004200,3,202811412.8495054,948414.0045189261,108004200,5,198767505.24879578,543984.463416189
61,routing_persistent_hotspot_cluster2,42,4,4,3,specimen_transfer:+1x0.1,fc228358782daaf2,104004200,3,202204287.77965665,1555539.0743676722,108004200,5,198701722.87666452,609766.8355474472
61,routing_persistent_hotspot_cluster2,42,4,4,4,specimen_transfer:-1x0.1,db48474e6a89c457,104004200,3,203071486.67228043,688340.18174389,108004200,5,199563746.08785766,-252256.37564569712
61,routing_persistent_hotspot_cluster2,42,remaining,10,0,mdl2,9dc61ce7500d056c,104004210,3,503355141.4807534,0.0,108004210,5,499041704.19023037,0.0
61,routing_persistent_hotspot_cluster2,42,remaining,10,1,specimen_transfer:+1x0.05,5a50e919fed1b9f1,104004210,3,506933471.86363226,-3578330.38287884,108004210,5,500276776.2180948,-1235072.0278644562
61,routing_persistent_hotspot_cluster2,42,remaining,10,2,specimen_transfer:-1x0.05,c5bb03aa31f73003,104004210,3,508797229.2247874,-5442087.744033992,108004210,5,502432867.5539362,-3391163.363705814
61,routing_persistent_hotspot_cluster2,42,remaining,10,3,specimen_transfer:+1x0.1,fc228358782daaf2,104004210,3,506412609.2549071,-3057467.77415365,108004210,5,499890165.8319837,-848461.6417533159
61,routing_persistent_hotspot_cluster2,42,remaining,10,4,specimen_transfer:-1x0.1,db48474e6a89c457,104004210,3,510071758.72220635,-6716617.241452932,108004210,5,504115468.21337223,-5073764.023141861
61,routing_persistent_hotspot_cluster2,43,4,4,0,mdl2,7001f2f739d39eab,104004300,3,200431682.17605546,0.0,108004300,5,207781628.88104078,0.0
61,routing_persistent_hotspot_cluster2,43,4,4,1,specimen_transfer:+1x0.05,603560ad4b74d728,104004300,3,200017752.26381385,413929.9122416079,108004300,5,207837631.47525236,-56002.59421157837
61,routing_persistent_hotspot_cluster2,43,4,4,2,specimen_transfer:-1x0.05,cec5cea843905635,104004300,3,200071913.22710946,359768.94894599915,108004300,5,207686431.90384334,95196.97719743848
61,routing_persistent_hotspot_cluster2,43,4,4,3,specimen_transfer:+1x0.1,26d1a826abcb8a96,104004300,3,199676480.26392016,755201.912135303,108004300,5,207527844.38982275,253784.49121803045
61,routing_persistent_hotspot_cluster2,43,4,4,4,specimen_transfer:-1x0.1,8141a1d6e49d5ac2,104004300,3,199938367.71912122,493314.45693424344,108004300,5,207187400.60537314,594228.2756676376
61,routing_persistent_hotspot_cluster2,43,remaining,9,0,mdl2,7001f2f739d39eab,104004310,3,454584892.3179969,0.0,108004310,5,478910255.6777422,0.0
61,routing_persistent_hotspot_cluster2,43,remaining,9,1,specimen_transfer:+1x0.05,603560ad4b74d728,104004310,3,453643695.6718709,941196.6461260319,108004310,5,479001580.18627536,-91324.50853317976
61,routing_persistent_hotspot_cluster2,43,remaining,9,2,specimen_transfer:-1x0.05,cec5cea843905635,104004310,3,455825634.97237945,-1240742.6543825269,108004310,5,480576889.24345905,-1666633.5657168627
61,routing_persistent_hotspot_cluster2,43,remaining,9,3,specimen_transfer:+1x0.1,26d1a826abcb8a96,104004310,3,454235020.4067467,349871.91125023365,108004310,5,479885985.4524064,-975729.7746642232
61,routing_persistent_hotspot_cluster2,43,remaining,9,4,specimen_transfer:-1x0.1,8141a1d6e49d5ac2,104004310,3,457223571.87038016,-2638679.552383244,108004310,5,482426414.76036483,-3516159.0826226473
61,routing_persistent_hotspot_cluster2,44,4,4,0,mdl2,c99328953bf5a12c,104004400,3,196440992.1750822,0.0,108004400,5,202252712.6340184,0.0
61,routing_persistent_hotspot_cluster2,44,4,4,1,specimen_transfer:+1x0.05,85aa8bafb0d5d6c2,104004400,3,197041364.11844388,-600371.9433616698,108004400,5,201973552.33682972,279160.29718866944
61,routing_persistent_hotspot_cluster2,44,4,4,2,specimen_transfer:-1x0.05,ac1a9ad27926c335,104004400,3,196697673.4355601,-256681.2604779005,108004400,5,202631394.41138273,-378681.7773643434
61,routing_persistent_hotspot_cluster2,44,4,4,3,specimen_transfer:+1x0.1,46a1463352ca46c4,104004400,3,196152733.6066455,288258.568436712,108004400,5,200823652.1255971,1429060.5084213018
61,routing_persistent_hotspot_cluster2,44,4,4,4,specimen_transfer:-1x0.1,d4bebeebb21b8bca,104004400,3,196697673.4355601,-256681.2604779005,108004400,5,202631394.41138273,-378681.7773643434
61,routing_persistent_hotspot_cluster2,44,remaining,8,0,mdl2,c99328953bf5a12c,104004410,3,409582181.1705995,0.0,108004410,5,404381288.294786,0.0
61,routing_persistent_hotspot_cluster2,44,remaining,8,1,specimen_transfer:+1x0.05,85aa8bafb0d5d6c2,104004410,3,409851126.1116266,-268944.94102710485,108004410,5,404363720.4280602,17567.86672580242
61,routing_persistent_hotspot_cluster2,44,remaining,8,2,specimen_transfer:-1x0.05,ac1a9ad27926c335,104004410,3,413146783.97625065,-3564602.8056511283,108004410,5,407902191.6587816,-3520903.3639956117
61,routing_persistent_hotspot_cluster2,44,remaining,8,3,specimen_transfer:+1x0.1,46a1463352ca46c4,104004410,3,409346597.99377155,235583.17682796717,108004410,5,403889909.9294578,491378.3653281927
61,routing_persistent_hotspot_cluster2,44,remaining,8,4,specimen_transfer:-1x0.1,d4bebeebb21b8bca,104004410,3,413146783.97625065,-3564602.8056511283,108004410,5,407902191.6587816,-3520903.3639956117
61,routing_persistent_hotspot_cluster2,45,4,4,0,mdl2,1698c3b270323252,104004500,3,211266384.8601524,0.0,108004500,5,210589619.867335,0.0
61,routing_persistent_hotspot_cluster2,45,4,4,1,specimen_transfer:+1x0.05,3635b1a12da4766f,104004500,3,211365614.0679841,-99229.20783171058,108004500,5,210563216.85657054,26403.010764449835
61,routing_persistent_hotspot_cluster2,45,4,4,2,specimen_transfer:-1x0.05,4e8e59f473338f4f,104004500,3,211382955.88828966,-116571.02813726664,108004500,5,210543431.28811044,46188.579224556684
61,routing_persistent_hotspot_cluster2,45,4,4,3,specimen_transfer:+1x0.1,eadbb0e912d1c563,104004500,3,211149124.27851197,117260.58164042234,108004500,5,210947416.61781493,-357796.7504799366
61,routing_persistent_hotspot_cluster2,45,4,4,4,specimen_transfer:-1x0.1,521314171833e6b7,104004500,3,211255305.7320304,11079.128122001886,108004500,5,210428414.6680135,161205.1993214786
61,routing_persistent_hotspot_cluster2,45,remaining,7,0,mdl2,1698c3b270323252,104004510,3,363075183.40024346,0.0,108004510,5,364344107.9571213,0.0
61,routing_persistent_hotspot_cluster2,45,remaining,7,1,specimen_transfer:+1x0.05,3635b1a12da4766f,104004510,3,364348770.5707609,-1273587.1705174446,108004510,5,365142977.2087751,-798869.2516537905
61,routing_persistent_hotspot_cluster2,45,remaining,7,2,specimen_transfer:-1x0.05,4e8e59f473338f4f,104004510,3,363786623.5921888,-711440.1919453144,108004510,5,366370157.20054746,-2026049.2434261441
61,routing_persistent_hotspot_cluster2,45,remaining,7,3,specimen_transfer:+1x0.1,eadbb0e912d1c563,104004510,3,362631113.9466309,444069.453612566,108004510,5,365049354.7744211,-705246.8172997832
61,routing_persistent_hotspot_cluster2,45,remaining,7,4,specimen_transfer:-1x0.1,521314171833e6b7,104004510,3,365139151.930851,-2063968.5306075215,108004510,5,368456646.80567914,-4112538.84855783
61,routing_persistent_hotspot_cluster2,46,4,4,0,mdl2,e3c654e3795f6ee7,104004600,3,193187280.0699034,0.0,108004600,5,193666562.66443354,0.0
61,routing_persistent_hotspot_cluster2,46,4,4,1,specimen_transfer:+1x0.05,cc7a75654da3332a,104004600,3,194415985.87840676,-1228705.8085033596,108004600,5,194165012.7961724,-498450.13173887134
61,routing_persistent_hotspot_cluster2,46,4,4,2,specimen_transfer:-1x0.05,4d4f95cb3a43eff6,104004600,3,195672361.7960955,-2485081.726192087,108004600,5,195282566.4800412,-1616003.815607667
61,routing_persistent_hotspot_cluster2,46,4,4,3,specimen_transfer:+1x0.1,2d285b766dee6825,104004600,3,194767027.11297742,-1579747.0430740118,108004600,5,194670252.4622122,-1003689.797778666
61,routing_persistent_hotspot_cluster2,46,4,4,4,specimen_transfer:-1x0.1,4e66f62a222b99fa,104004600,3,195674136.70052686,-2486856.63062346,108004600,5,195332609.3305109,-1666046.6660773754
61,routing_persistent_hotspot_cluster2,46,remaining,6,0,mdl2,e3c654e3795f6ee7,104004610,3,312045231.899027,0.0,108004610,5,317146303.21394515,0.0
61,routing_persistent_hotspot_cluster2,46,remaining,6,1,specimen_transfer:+1x0.05,cc7a75654da3332a,104004610,3,312027372.668497,17859.23052996397,108004610,5,317769033.68402827,-622730.4700831175
61,routing_persistent_hotspot_cluster2,46,remaining,6,2,specimen_transfer:-1x0.05,4d4f95cb3a43eff6,104004610,3,313846945.24829,-1801713.3492630124,108004610,5,318907799.3990116,-1761496.1850664616
61,routing_persistent_hotspot_cluster2,46,remaining,6,3,specimen_transfer:+1x0.1,2d285b766dee6825,104004610,3,312773698.2373157,-728466.3382887244,108004610,5,318271207.57905054,-1124904.3651053905
61,routing_persistent_hotspot_cluster2,46,remaining,6,4,specimen_transfer:-1x0.1,4e66f62a222b99fa,104004610,3,313439339.8202028,-1394107.9211758375,108004610,5,318798441.4192468,-1652138.2053016424
61,routing_persistent_hotspot_cluster2,47,4,4,0,mdl2,d343855458353d38,104004700,3,199508296.0120429,0.0,108004700,5,200858023.10733837,0.0
61,routing_persistent_hotspot_cluster2,47,4,4,1,specimen_transfer:+1x0.05,517e874317ae26f6,104004700,3,197430884.31093287,2077411.7011100352,108004700,5,198592591.6743362,2265431.433002174
61,routing_persistent_hotspot_cluster2,47,4,4,2,specimen_transfer:-1x0.05,26661321ed7e5e07,104004700,3,198824500.03073,683795.9813129008,108004700,5,200190170.56960556,667852.5377328098
61,routing_persistent_hotspot_cluster2,47,4,4,3,specimen_transfer:+1x0.1,adaae2edd2cf12ed,104004700,3,196232336.85310087,3275959.158942044,108004700,5,197617620.76089105,3240402.346447319
61,routing_persistent_hotspot_cluster2,47,4,4,4,specimen_transfer:-1x0.1,b72aa28259f55954,104004700,3,199195989.83620575,312306.17583715916,108004700,5,200548502.36585003,309520.7414883375
61,routing_persistent_hotspot_cluster2,47,remaining,5,0,mdl2,d343855458353d38,104004710,3,252531110.91691983,0.0,108004710,5,258871059.0375456,0.0
61,routing_persistent_hotspot_cluster2,47,remaining,5,1,specimen_transfer:+1x0.05,517e874317ae26f6,104004710,3,252051660.91895294,479449.99796688557,108004710,5,257669924.9699584,1201134.0675871968
61,routing_persistent_hotspot_cluster2,47,remaining,5,2,specimen_transfer:-1x0.05,26661321ed7e5e07,104004710,3,252237758.92476216,293351.9921576679,108004710,5,258616986.9581464,254072.0793991983
61,routing_persistent_hotspot_cluster2,47,remaining,5,3,specimen_transfer:+1x0.1,adaae2edd2cf12ed,104004710,3,252254212.61620203,276898.30071780086,108004710,5,258702225.47787786,168833.5596677363
61,routing_persistent_hotspot_cluster2,47,remaining,5,4,specimen_transfer:-1x0.1,b72aa28259f55954,104004710,3,252341208.32559314,189902.59132668376,108004710,5,258937426.46826774,-66367.43072214723
61,routing_persistent_hotspot_cluster2,48,4,4,0,mdl2,aaf4d62e071bb3ef,104004800,3,208323756.59941313,0.0,108004800,5,210972979.94219756,0.0
61,routing_persistent_hotspot_cluster2,48,4,4,1,specimen_transfer:+1x0.05,a4ed9b93c92443cd,104004800,3,206145994.95284995,2177761.6465631723,108004800,5,209059142.83230728,1913837.1098902822
61,routing_persistent_hotspot_cluster2,48,4,4,2,specimen_transfer:-1x0.05,937e9dad35a8174c,104004800,3,208172050.0119973,151706.5874158144,108004800,5,211064354.1216305,-91374.17943292856
61,routing_persistent_hotspot_cluster2,48,4,4,3,specimen_transfer:+1x0.1,29259e3c0aa8cc2c,104004800,3,205926089.7166512,2397666.8827619255,108004800,5,208853438.9083251,2119541.0338724554
61,routing_persistent_hotspot_cluster2,48,4,4,4,specimen_transfer:-1x0.1,f1dd66349a24b86d,104004800,3,207488839.04165828,834917.5577548444,108004800,5,210045252.1092351,927727.8329624534
61,routing_persistent_hotspot_cluster2,48,remaining,4,0,mdl2,aaf4d62e071bb3ef,104004810,3,208332907.30863404,0.0,108004810,5,209384936.6935411,0.0
61,routing_persistent_hotspot_cluster2,48,remaining,4,1,specimen_transfer:+1x0.05,a4ed9b93c92443cd,104004810,3,206380091.21529707,1952816.0933369696,108004810,5,207038911.12864748,2346025.564893633
61,routing_persistent_hotspot_cluster2,48,remaining,4,2,specimen_transfer:-1x0.05,937e9dad35a8174c,104004810,3,208271242.44886804,61664.85976600647,108004810,5,209163071.2472188,221865.4463223219
61,routing_persistent_hotspot_cluster2,48,remaining,4,3,specimen_transfer:+1x0.1,29259e3c0aa8cc2c,104004810,3,206056833.89410695,2276073.4145270884,108004810,5,207165533.42342627,2219403.270114839
61,routing_persistent_hotspot_cluster2,48,remaining,4,4,specimen_transfer:-1x0.1,f1dd66349a24b86d,104004810,3,208111399.82269087,221507.4859431684,108004810,5,209103159.50361234,281777.18992877007
61,routing_persistent_hotspot_cluster2,49,4,3,0,mdl2,7540f0a90d083770,104004900,3,157008567.26767752,0.0,108004900,5,156293891.37278396,0.0
61,routing_persistent_hotspot_cluster2,49,4,3,1,specimen_transfer:+1x0.05,1a7b7d5a19be4440,104004900,3,156483769.68272248,524797.5849550366,108004900,5,155697398.53622413,596492.8365598321
61,routing_persistent_hotspot_cluster2,49,4,3,2,specimen_transfer:-1x0.05,f8d9628c926c7a6f,104004900,3,157977486.4154227,-968919.147745192,108004900,5,157169749.9451882,-875858.5724042356
61,routing_persistent_hotspot_cluster2,49,4,3,3,specimen_transfer:+1x0.1,601c011ad372d779,104004900,3,158182165.8881979,-1173598.6205203831,108004900,5,157380855.36504263,-1086963.992258668
61,routing_persistent_hotspot_cluster2,49,4,3,4,specimen_transfer:-1x0.1,5e7ad67a734d37ae,104004900,3,157136364.3332683,-127797.06559079885,108004900,5,156309751.1727299,-15859.799945950508
61,routing_persistent_hotspot_cluster2,49,remaining,3,0,mdl2,7540f0a90d083770,104004910,3,159457708.3556653,0.0,108004910,5,158363467.83967516,0.0
61,routing_persistent_hotspot_cluster2,49,remaining,3,1,specimen_transfer:+1x0.05,1a7b7d5a19be4440,104004910,3,158914344.4048724,543363.9507929087,108004910,5,157860503.26114106,502964.5785340965
61,routing_persistent_hotspot_cluster2,49,remaining,3,2,specimen_transfer:-1x0.05,f8d9628c926c7a6f,104004910,3,160407459.39302373,-949751.037358433,108004910,5,159376734.13039657,-1013266.2907214165
61,routing_persistent_hotspot_cluster2,49,remaining,3,3,specimen_transfer:+1x0.1,601c011ad372d779,104004910,3,160624116.06829417,-1166407.7126288712,108004910,5,159527607.93356097,-1164140.0938858092
61,routing_persistent_hotspot_cluster2,49,remaining,3,4,specimen_transfer:-1x0.1,5e7ad67a734d37ae,104004910,3,159475405.89376634,-17697.538101047277,108004910,5,158470113.5549406,-106645.71526545286
61,routing_persistent_hotspot_cluster2,50,4,2,0,mdl2,a46e1c57a88c0645,104005000,3,110832470.99224608,0.0,108005000,5,110878332.74062355,0.0
61,routing_persistent_hotspot_cluster2,50,4,2,1,specimen_transfer:+1x0.05,35f6a5856e1ee8cf,104005000,3,112124751.26797481,-1292280.2757287323,108005000,5,112149766.34442589,-1271433.6038023382
61,routing_persistent_hotspot_cluster2,50,4,2,2,specimen_transfer:-1x0.05,d21f81818a2d27d2,104005000,3,110946672.18830204,-114201.19605596364,108005000,5,111016875.52839771,-138542.7877741605
61,routing_persistent_hotspot_cluster2,50,4,2,3,specimen_transfer:+1x0.1,6153ef0d36f777ae,104005000,3,111765554.06882715,-933083.0765810758,108005000,5,111784517.31566472,-906184.5750411749
61,routing_persistent_hotspot_cluster2,50,4,2,4,specimen_transfer:-1x0.1,09f41a4651920602,104005000,3,111097857.58185315,-265386.58960707486,108005000,5,111213403.14023867,-335070.39961512387
61,routing_persistent_hotspot_cluster2,50,remaining,2,0,mdl2,a46e1c57a88c0645,104005010,3,110641921.88756011,0.0,108005010,5,110813895.93224844,0.0
61,routing_persistent_hotspot_cluster2,50,remaining,2,1,specimen_transfer:+1x0.05,35f6a5856e1ee8cf,104005010,3,111989961.9466973,-1348040.0591371804,108005010,5,112092586.10265079,-1278690.170402348
61,routing_persistent_hotspot_cluster2,50,remaining,2,2,specimen_transfer:-1x0.05,d21f81818a2d27d2,104005010,3,110840386.87911446,-198464.99155434966,108005010,5,110941093.15524408,-127197.22299563885
61,routing_persistent_hotspot_cluster2,50,remaining,2,3,specimen_transfer:+1x0.1,6153ef0d36f777ae,104005010,3,111630570.47567503,-988648.5881149173,108005010,5,111744720.30334762,-930824.371099174
61,routing_persistent_hotspot_cluster2,50,remaining,2,4,specimen_transfer:-1x0.1,09f41a4651920602,104005010,3,111053373.88180073,-411451.9942406118,108005010,5,111095322.0752649,-281426.14301645756
61,routing_persistent_hotspot_cluster2,51,4,1,0,mdl2,d61ca26b4a3fdb23,104005100,3,55264315.09995226,0.0,108005100,5,55264315.099952266,0.0
61,routing_persistent_hotspot_cluster2,51,4,1,1,specimen_transfer:+1x0.05,e82118f9a5db8757,104005100,3,55017309.16090099,247005.93905127048,108005100,5,55017309.160900995,247005.93905127048
61,routing_persistent_hotspot_cluster2,51,4,1,2,specimen_transfer:-1x0.05,aa99c6c4ebe027b5,104005100,3,54967149.06090099,297166.0390512645,108005100,5,54967149.060901,297166.0390512645
61,routing_persistent_hotspot_cluster2,51,4,1,3,specimen_transfer:+1x0.1,c50d17b6cb0f5bef,104005100,3,55221329.63312993,42985.46682232618,108005100,5,55221329.63312994,42985.46682232618
61,routing_persistent_hotspot_cluster2,51,4,1,4,specimen_transfer:-1x0.1,da42beeb30af5832,104005100,3,54571169.53312995,693145.5668223053,108005100,5,54571169.533129945,693145.5668223202
61,routing_persistent_hotspot_cluster2,51,remaining,1,0,mdl2,d61ca26b4a3fdb23,104005110,3,55264315.09995226,0.0,108005110,5,55264315.099952266,0.0
61,routing_persistent_hotspot_cluster2,51,remaining,1,1,specimen_transfer:+1x0.05,e82118f9a5db8757,104005110,3,55017309.16090099,247005.93905127048,108005110,5,55017309.160900995,247005.93905127048
61,routing_persistent_hotspot_cluster2,51,remaining,1,2,specimen_transfer:-1x0.05,aa99c6c4ebe027b5,104005110,3,54967149.06090099,297166.0390512645,108005110,5,54967149.060901,297166.0390512645
61,routing_persistent_hotspot_cluster2,51,remaining,1,3,specimen_transfer:+1x0.1,c50d17b6cb0f5bef,104005110,3,55221329.63312993,42985.46682232618,108005110,5,55221329.63312994,42985.46682232618
61,routing_persistent_hotspot_cluster2,51,remaining,1,4,specimen_transfer:-1x0.1,da42beeb30af5832,104005110,3,54571169.53312995,693145.5668223053,108005110,5,54571169.533129945,693145.5668223202
62,routing_persistent_hotspot_cluster3,0,4,4,0,mdl2,0780737a858b6b6e,105000000,3,17940443.43220397,0.0,109000000,5,21876417.58775517,0.0
62,routing_persistent_hotspot_cluster3,0,4,4,1,specimen_transfer:+1x0.05,56647e28613e1858,105000000,3,17940443.43220397,0.0,109000000,5,21876417.58775517,0.0
62,routing_persistent_hotspot_cluster3,0,4,4,2,specimen_transfer:-1x0.05,50cd390648ed58c8,105000000,3,17940443.43220397,0.0,109000000,5,21876417.58775517,0.0
62,routing_persistent_hotspot_cluster3,0,4,4,3,specimen_transfer:+1x0.1,0cbdd62f6334b8fa,105000000,3,17940443.43220397,0.0,109000000,5,21876417.58775517,0.0
62,routing_persistent_hotspot_cluster3,0,4,4,4,specimen_transfer:-1x0.1,d441666597e52fd0,105000000,3,17940443.43220397,0.0,109000000,5,21876417.58775517,0.0
62,routing_persistent_hotspot_cluster3,0,remaining,52,0,mdl2,0780737a858b6b6e,105000010,3,2727681470.485107,0.0,109000010,5,2569125499.7379394,0.0
62,routing_persistent_hotspot_cluster3,0,remaining,52,1,specimen_transfer:+1x0.05,56647e28613e1858,105000010,3,2727681470.485107,0.0,109000010,5,2569125499.7379394,0.0
62,routing_persistent_hotspot_cluster3,0,remaining,52,2,specimen_transfer:-1x0.05,50cd390648ed58c8,105000010,3,2727681470.485107,0.0,109000010,5,2569125499.7379394,0.0
62,routing_persistent_hotspot_cluster3,0,remaining,52,3,specimen_transfer:+1x0.1,0cbdd62f6334b8fa,105000010,3,2727681470.485107,0.0,109000010,5,2569125499.7379394,0.0
62,routing_persistent_hotspot_cluster3,0,remaining,52,4,specimen_transfer:-1x0.1,d441666597e52fd0,105000010,3,2727681470.485107,0.0,109000010,5,2569125499.7379394,0.0
62,routing_persistent_hotspot_cluster3,1,4,4,0,mdl2,7b4102dff5a723fc,105000100,3,20440928.72615173,0.0,109000100,5,21672250.2603167,0.0
62,routing_persistent_hotspot_cluster3,1,4,4,1,specimen_transfer:+1x0.05,5561b7f0f8d26aa9,105000100,3,20795225.248380996,-354296.5222292654,109000100,5,22072275.202369846,-400024.94205314666
62,routing_persistent_hotspot_cluster3,1,4,4,2,specimen_transfer:-1x0.05,21f46368c8beb92b,105000100,3,20680496.285941545,-239567.55978981405,109000100,5,21893797.09138685,-221546.83107015118
62,routing_persistent_hotspot_cluster3,1,4,4,3,specimen_transfer:+1x0.1,72115fd87fca1fb8,105000100,3,21527891.63112441,-1086962.90497268,109000100,5,22789010.011054687,-1116759.7507379875
62,routing_persistent_hotspot_cluster3,1,4,4,4,specimen_transfer:-1x0.1,fc30bcddd74c0691,105000100,3,21146207.704118814,-705278.9779670835,109000100,5,22329603.791916408,-657353.5315997079
62,routing_persistent_hotspot_cluster3,1,remaining,51,0,mdl2,7b4102dff5a723fc,105000110,3,2533742617.8242536,0.0,109000110,5,2348749689.152347,0.0
62,routing_persistent_hotspot_cluster3,1,remaining,51,1,specimen_transfer:+1x0.05,5561b7f0f8d26aa9,105000110,3,2563709888.594091,-29967270.76983738,109000110,5,2378699146.395211,-29949457.242864132
62,routing_persistent_hotspot_cluster3,1,remaining,51,2,specimen_transfer:-1x0.05,21f46368c8beb92b,105000110,3,2512339287.71119,21403330.113063335,109000110,5,2336542049.25749,12207639.89485693
62,routing_persistent_hotspot_cluster3,1,remaining,51,3,specimen_transfer:+1x0.1,72115fd87fca1fb8,105000110,3,2603955432.6801333,-70212814.85587978,109000110,5,2423460219.255483,-74710530.10313606
62,routing_persistent_hotspot_cluster3,1,remaining,51,4,specimen_transfer:-1x0.1,fc30bcddd74c0691,105000110,3,2515650578.942259,18092038.881994724,109000110,5,2343432726.971901,5316962.180446148
62,routing_persistent_hotspot_cluster3,2,4,4,0,mdl2,536b26fa19abde6e,105000200,3,31234560.667486142,0.0,109000200,5,30023382.579032816,0.0
62,routing_persistent_hotspot_cluster3,2,4,4,1,specimen_transfer:+1x0.05,eed2d69b98509d61,105000200,3,31309856.488386933,-75295.8209007904,109000200,5,30209176.541071065,-185793.96203824878
62,routing_persistent_hotspot_cluster3,2,4,4,2,specimen_transfer:-1x0.05,b92c3b0116f032b0,105000200,3,31578972.873825163,-344412.2063390203,109000200,5,30429368.360901095,-405985.781868279
62,routing_persistent_hotspot_cluster3,2,4,4,3,specimen_transfer:+1x0.1,21a0b3791c910b07,105000200,3,31257665.489398003,-23104.821911860257,109000200,5,30210663.495220542,-187280.91618772596
62,routing_persistent_hotspot_cluster3,2,4,4,4,specimen_transfer:-1x0.1,4de17304414c982c,105000200,3,31537420.1302219,-302859.46273575723,109000200,5,30542545.665715467,-519163.0866826512
62,routing_persistent_hotspot_cluster3,2,remaining,50,0,mdl2,536b26fa19abde6e,105000210,3,2656637355.0811553,0.0,109000210,5,2522706792.44571,0.0
62,routing_persistent_hotspot_cluster3,2,remaining,50,1,specimen_transfer:+1x0.05,eed2d69b98509d61,105000210,3,2660179900.4789724,-3542545.397817135,109000210,5,2521556708.537134,1150083.9085760117
62,routing_persistent_hotspot_cluster3,2,remaining,50,2,specimen_transfer:-1x0.05,b92c3b0116f032b0,105000210,3,2659742077.9426017,-3104722.8614463806,109000210,5,2523639298.3676667,-932505.9219565392
62,routing_persistent_hotspot_cluster3,2,remaining,50,3,specimen_transfer:+1x0.1,21a0b3791c910b07,105000210,3,2661538665.499274,-4901310.418118477,109000210,5,2516430420.6978726,6276371.7478375435
62,routing_persistent_hotspot_cluster3,2,remaining,50,4,specimen_transfer:-1x0.1,4de17304414c982c,105000210,3,2657981250.623944,-1343895.5427885056,109000210,5,2524586091.6863546,-1879299.240644455
62,routing_persistent_hotspot_cluster3,3,4,4,0,mdl2,e314af41676664af,105000300,3,34146778.88331165,0.0,109000300,5,30568593.425840605,0.0
62,routing_persistent_hotspot_cluster3,3,4,4,1,specimen_transfer:+1x0.05,d0253c9ac62ce871,105000300,3,34039053.14626634,107725.73704531044,109000300,5,30454377.787269495,114215.63857110962
62,routing_persistent_hotspot_cluster3,3,4,4,2,specimen_transfer:-1x0.05,8c59f29fc9f4245f,105000300,3,34578404.98635317,-431626.10304151475,109000300,5,30883006.943422455,-314413.5175818503
62,routing_persistent_hotspot_cluster3,3,4,4,3,specimen_transfer:+1x0.1,2d9ab1a87a5d0ae7,105000300,3,34112929.34643892,33849.53687272966,109000300,5,30486442.2196661,82151.20617450401
62,routing_persistent_hotspot_cluster3,3,4,4,4,specimen_transfer:-1x0.1,ff19167c1e12cf91,105000300,3,34816981.04544327,-670202.162131615,109000300,5,31313081.696800668,-744488.2709600627
62,routing_persistent_hotspot_cluster3,3,remaining,49,0,mdl2,e314af41676664af,105000310,3,2256968946.4042716,0.0,109000310,5,2538976237.9444623,0.0
62,routing_persistent_hotspot_cluster3,3,remaining,49,1,specimen_transfer:+1x0.05,d0253c9ac62ce871,105000310,3,2257191902.4468594,-222956.0425877571,109000310,5,2541589886.6037416,-2613648.6592793465
62,routing_persistent_hotspot_cluster3,3,remaining,49,2,specimen_transfer:-1x0.05,8c59f29fc9f4245f,105000310,3,2255641711.4640083,1327234.9402632713,109000310,5,2539263224.605325,-286986.66086292267
62,routing_persistent_hotspot_cluster3,3,remaining,49,3,specimen_transfer:+1x0.1,2d9ab1a87a5d0ae7,105000310,3,2258264787.882894,-1295841.4786224365,109000310,5,2541123597.361181,-2147359.416718483
62,routing_persistent_hotspot_cluster3,3,remaining,49,4,specimen_transfer:-1x0.1,ff19167c1e12cf91,105000310,3,2271911145.2232194,-14942198.818947792,109000310,5,2554481749.2685595,-15505511.324097157
62,routing_persistent_hotspot_cluster3,4,4,4,0,mdl2,789e09ba29a743d4,105000400,3,38543017.06335849,0.0,109000400,5,41253958.21719691,0.0
62,routing_persistent_hotspot_cluster3,4,4,4,1,specimen_transfer:+1x0.05,edd1e0a12298fbb9,105000400,3,38278825.56249251,264191.500865981,109000400,5,40557456.14830538,696502.0688915327
62,routing_persistent_hotspot_cluster3,4,4,4,2,specimen_transfer:-1x0.05,6d9301cb7e93e38f,105000400,3,39088741.83915252,-545724.7757940292,109000400,5,41646251.20945068,-392292.99225376546
62,routing_persistent_hotspot_cluster3,4,4,4,3,specimen_transfer:+1x0.1,dfdee5ae1488f9df,105000400,3,37587469.08258343,955547.9807750657,109000400,5,40018739.67841238,1235218.5387845337
62,routing_persistent_hotspot_cluster3,4,4,4,4,specimen_transfer:-1x0.1,a8dd8ed6bf9be5c3,105000400,3,39491943.67255429,-948926.6091957986,109000400,5,41551587.509935,-297629.2927380875
62,routing_persistent_hotspot_cluster3,4,remaining,48,0,mdl2,789e09ba29a743d4,105000410,3,2281109530.290402,0.0,109000410,5,2676170872.14585,0.0
62,routing_persistent_hotspot_cluster3,4,remaining,48,1,specimen_transfer:+1x0.05,edd1e0a12298fbb9,105000410,3,2279025990.0566187,2083540.233783245,109000410,5,2677823524.406914,-1652652.2610640526
62,routing_persistent_hotspot_cluster3,4,remaining,48,2,specimen_transfer:-1x0.05,6d9301cb7e93e38f,105000410,3,2283209744.709028,-2100214.4186258316,109000410,5,2676543337.855409,-372465.7095589638
62,routing_persistent_hotspot_cluster3,4,remaining,48,3,specimen_transfer:+1x0.1,dfdee5ae1488f9df,105000410,3,2280972714.594401,136815.69600105286,109000410,5,2678395037.0880294,-2224164.942179203
62,routing_persistent_hotspot_cluster3,4,remaining,48,4,specimen_transfer:-1x0.1,a8dd8ed6bf9be5c3,105000410,3,2282954969.304089,-1845439.0136871338,109000410,5,2678784141.2947454,-2613269.1488952637
62,routing_persistent_hotspot_cluster3,5,4,4,0,mdl2,bb999f0a2bafbc52,105000500,3,64749840.83563739,0.0,109000500,5,66503405.03815075,0.0
62,routing_persistent_hotspot_cluster3,5,4,4,1,specimen_transfer:+1x0.05,58427500971b0c91,105000500,3,65199722.83244736,-449881.99680996686,109000500,5,66811042.43720657,-307637.39905581623
62,routing_persistent_hotspot_cluster3,5,4,4,2,specimen_transfer:-1x0.05,0ea21792d945a791,105000500,3,64943600.427538335,-193759.5919009447,109000500,5,66719167.97843375,-215762.94028300047
62,routing_persistent_hotspot_cluster3,5,4,4,3,specimen_transfer:+1x0.1,e394bb0b2c94c7fe,105000500,3,65028881.16164303,-279040.32600563765,109000500,5,66701824.74557612,-198419.7074253708
62,routing_persistent_hotspot_cluster3,5,4,4,4,specimen_transfer:-1x0.1,bfd60d6e61c76f08,105000500,3,65989063.58946509,-1239222.7538276985,109000500,5,66897999.69988122,-394594.6617304683
62,routing_persistent_hotspot_cluster3,5,remaining,47,0,mdl2,bb999f0a2bafbc52,105000510,3,2505681930.807299,0.0,109000510,5,2689857823.2038965,0.0
62,routing_persistent_hotspot_cluster3,5,remaining,47,1,specimen_transfer:+1x0.05,58427500971b0c91,105000510,3,2508776593.089996,-3094662.282696724,109000510,5,2693687963.1883783,-3830139.9844818115
62,routing_persistent_hotspot_cluster3,5,remaining,47,2,specimen_transfer:-1x0.05,0ea21792d945a791,105000510,3,2506754468.077392,-1072537.2700929642,109000510,5,2690800925.5798216,-943102.3759250641
62,routing_persistent_hotspot_cluster3,5,remaining,47,3,specimen_transfer:+1x0.1,e394bb0b2c94c7fe,105000510,3,2511674593.522734,-5992662.715435028,109000510,5,2697435138.7017174,-7577315.497820854
62,routing_persistent_hotspot_cluster3,5,remaining,47,4,specimen_transfer:-1x0.1,bfd60d6e61c76f08,105000510,3,2509198359.7328067,-3516428.9255075455,109000510,5,2692755410.4031734,-2897587.199276924
62,routing_persistent_hotspot_cluster3,6,4,4,0,mdl2,6476425cf637b200,105000600,3,88670098.16708969,0.0,109000600,5,89024770.32276118,0.0
62,routing_persistent_hotspot_cluster3,6,4,4,1,specimen_transfer:+1x0.05,8183cf4ff6638f60,105000600,3,88112061.38721138,558036.7798783034,109000600,5,88584719.76750946,440050.55525171757
62,routing_persistent_hotspot_cluster3,6,4,4,2,specimen_transfer:-1x0.05,14a5ffaa77b1562d,105000600,3,88442407.85071348,227690.31637620926,109000600,5,88722384.00371645,302386.3190447241
62,routing_persistent_hotspot_cluster3,6,4,4,3,specimen_transfer:+1x0.1,54818dbaebdb28bf,105000600,3,86738938.46788526,1931159.69920443,109000600,5,87129628.27547078,1895142.0472903997
62,routing_persistent_hotspot_cluster3,6,4,4,4,specimen_transfer:-1x0.1,7d5d6937ea7906cb,105000600,3,88998497.52878542,-328399.36169573665,109000600,5,89290577.55665435,-265807.23389317095
62,routing_persistent_hotspot_cluster3,6,remaining,46,0,mdl2,6476425cf637b200,105000610,3,2527688107.275945,0.0,109000610,5,2731054950.493602,0.0
62,routing_persistent_hotspot_cluster3,6,remaining,46,1,specimen_transfer:+1x0.05,8183cf4ff6638f60,105000610,3,2526721844.262623,966263.0133223534,109000610,5,2728809668.6644897,2245281.829112053
62,routing_persistent_hotspot_cluster3,6,remaining,46,2,specimen_transfer:-1x0.05,14a5ffaa77b1562d,105000610,3,2527117560.0166497,570547.2592954636,109000610,5,2730724385.890855,330564.6027469635
62,routing_persistent_hotspot_cluster3,6,remaining,46,3,specimen_transfer:+1x0.1,54818dbaebdb28bf,105000610,3,2526617704.1110272,1070403.1649179459,109000610,5,2732237042.6784296,-1182092.1848278046
62,routing_persistent_hotspot_cluster3,6,remaining,46,4,specimen_transfer:-1x0.1,7d5d6937ea7906cb,105000610,3,2526900411.488392,787695.7875533104,109000610,5,2736127687.853116,-5072737.359514236
62,routing_persistent_hotspot_cluster3,7,4,4,0,mdl2,3efab60a3aefd4b7,105000700,3,117997017.34272896,0.0,109000700,5,116288130.49946491,0.0
62,routing_persistent_hotspot_cluster3,7,4,4,1,specimen_transfer:+1x0.05,08adcf44916e7b30,105000700,3,116941787.8025697,1055229.5401592553,109000700,5,115263145.783843,1024984.7156219184
62,routing_persistent_hotspot_cluster3,7,4,4,2,specimen_transfer:-1x0.05,5d2985d583bb0f7b,105000700,3,118680111.5336113,-683094.1908823401,109000700,5,117017282.2331821,-729151.7337171882
62,routing_persistent_hotspot_cluster3,7,4,4,3,specimen_transfer:+1x0.1,75f5a0f8df7b0c34,105000700,3,115455947.67946076,2541069.6632681936,109000700,5,113926153.96973121,2361976.5297337025
62,routing_persistent_hotspot_cluster3,7,4,4,4,specimen_transfer:-1x0.1,c41bf53029cce9f7,105000700,3,118778675.50396939,-781658.1612404287,109000700,5,116787165.25074811,-499034.7512831986
62,routing_persistent_hotspot_cluster3,7,remaining,45,0,mdl2,3efab60a3aefd4b7,105000710,3,2548701505.575502,0.0,109000710,5,2427844383.710781,0.0
62,routing_persistent_hotspot_cluster3,7,remaining,45,1,specimen_transfer:+1x0.05,08adcf44916e7b30,105000710,3,2550857927.47532,-2156421.8998179436,109000710,5,2428924710.415066,-1080326.704284668
62,routing_persistent_hotspot_cluster3,7,remaining,45,2,specimen_transfer:-1x0.05,5d2985d583bb0f7b,105000710,3,2548397143.391751,304362.18375110626,109000710,5,2422708920.359399,5135463.351382256
62,routing_persistent_hotspot_cluster3,7,remaining,45,3,specimen_transfer:+1x0.1,75f5a0f8df7b0c34,105000710,3,2553858772.082319,-5157266.506816864,109000710,5,2426680301.564275,1164082.1465063095
62,routing_persistent_hotspot_cluster3,7,remaining,45,4,specimen_transfer:-1x0.1,c41bf53029cce9f7,105000710,3,2549882034.374081,-1180528.798579216,109000710,5,2423885657.018184,3958726.6925969124
62,routing_persistent_hotspot_cluster3,8,4,4,0,mdl2,0e05114f5b3e1982,105000800,3,140195173.4638496,0.0,109000800,5,137116493.7556165,0.0
62,routing_persistent_hotspot_cluster3,8,4,4,1,specimen_transfer:+1x0.05,9b150c40fccd50bd,105000800,3,135670870.72260153,4524302.741248071,109000800,5,132619938.82482472,4496554.930791765
62,routing_persistent_hotspot_cluster3,8,4,4,2,specimen_transfer:-1x0.05,3faf13d1949b382f,105000800,3,141212376.4359468,-1017202.9720971882,109000800,5,138192239.23821196,-1075745.4825954735
62,routing_persistent_hotspot_cluster3,8,4,4,3,specimen_transfer:+1x0.1,d786022b7002d2ca,105000800,3,135945746.45580927,4249427.008040339,109000800,5,132331299.5703496,4785194.185266882
62,routing_persistent_hotspot_cluster3,8,4,4,4,specimen_transfer:-1x0.1,df355a9f7ba8483f,105000800,3,143772568.7091944,-3577395.245344788,109000800,5,140919829.51664954,-3803335.761033058
62,routing_persistent_hotspot_cluster3,8,remaining,44,0,mdl2,0e05114f5b3e1982,105000810,3,2625607406.1676903,0.0,109000810,5,2402004517.6325135,0.0
62,routing_persistent_hotspot_cluster3,8,remaining,44,1,specimen_transfer:+1x0.05,9b150c40fccd50bd,105000810,3,2631110591.8083816,-5503185.64069128,109000810,5,2410846443.4796453,-8841925.84713173
62,routing_persistent_hotspot_cluster3,8,remaining,44,2,specimen_transfer:-1x0.05,3faf13d1949b382f,105000810,3,2626537661.2426267,-930255.0749363899,109000810,5,2401280858.867223,723658.7652907372
62,routing_persistent_hotspot_cluster3,8,remaining,44,3,specimen_transfer:+1x0.1,d786022b7002d2ca,105000810,3,2631507397.495665,-5899991.327974796,109000810,5,2409290425.2205935,-7285907.588079929
62,routing_persistent_hotspot_cluster3,8,remaining,44,4,specimen_transfer:-1x0.1,df355a9f7ba8483f,105000810,3,2623925453.8197126,1681952.3479776382,109000810,5,2399997092.6481757,2007424.9843378067
62,routing_persistent_hotspot_cluster3,9,4,4,0,mdl2,0d601d874b2fa007,105000900,3,164072415.35909885,0.0,109000900,5,169574585.66565126,0.0
62,routing_persistent_hotspot_cluster3,9,4,4,1,specimen_transfer:+1x0.05,de57dc881fb32bbd,105000900,3,161959336.93086028,2113078.4282385707,109000900,5,167183860.30509678,2390725.3605544865
62,routing_persistent_hotspot_cluster3,9,4,4,2,specimen_transfer:-1x0.05,1924b589507e43a0,105000900,3,165616376.12003982,-1543960.760940969,109000900,5,171374995.93549013,-1800410.2698388696
62,routing_persistent_hotspot_cluster3,9,4,4,3,specimen_transfer:+1x0.1,bb73b326f5510c4b,105000900,3,159934137.4495736,4138277.9095252454,109000900,5,165275759.26079625,4298826.404855013
62,routing_persistent_hotspot_cluster3,9,4,4,4,specimen_transfer:-1x0.1,85ed674a2397fc33,105000900,3,167573438.12504464,-3501022.765945792,109000900,5,174942007.66568655,-5367422.000035286
62,routing_persistent_hotspot_cluster3,9,remaining,43,0,mdl2,0d601d874b2fa007,105000910,3,2338604891.5656548,0.0,109000910,5,2499715299.4568763,0.0
62,routing_persistent_hotspot_cluster3,9,remaining,43,1,specimen_transfer:+1x0.05,de57dc881fb32bbd,105000910,3,2335412739.039493,3192152.5261616707,109000910,5,2502959040.179019,-3243740.7221426964
62,routing_persistent_hotspot_cluster3,9,remaining,43,2,specimen_transfer:-1x0.05,1924b589507e43a0,105000910,3,2336254643.168838,2350248.3968167305,109000910,5,2499223741.833252,491557.6236243248
62,routing_persistent_hotspot_cluster3,9,remaining,43,3,specimen_transfer:+1x0.1,bb73b326f5510c4b,105000910,3,2341212402.3602014,-2607510.794546604,109000910,5,2508553142.7458854,-8837843.289009094
62,routing_persistent_hotspot_cluster3,9,remaining,43,4,specimen_transfer:-1x0.1,85ed674a2397fc33,105000910,3,2336345063.262031,2259828.3036236763,109000910,5,2494994712.223597,4720587.233279228
62,routing_persistent_hotspot_cluster3,10,4,4,0,mdl2,8e79efa7d3d90e2b,105001000,3,193380531.04683027,0.0,109001000,5,191517272.88426736,0.0
62,routing_persistent_hotspot_cluster3,10,4,4,1,specimen_transfer:+1x0.05,57735615dfb6def4,105001000,3,193437136.79641172,-56605.749581456184,109001000,5,191282613.0938745,234659.79039284587
62,routing_persistent_hotspot_cluster3,10,4,4,2,specimen_transfer:-1x0.05,cd6d7ca96a899f51,105001000,3,196076017.77744392,-2695486.730613649,109001000,5,193779155.3008469,-2261882.4165795445
62,routing_persistent_hotspot_cluster3,10,4,4,3,specimen_transfer:+1x0.1,d67f490fe1347fb4,105001000,3,192762044.06137943,618486.985450834,109001000,5,190669527.55517125,847745.3290961087
62,routing_persistent_hotspot_cluster3,10,4,4,4,specimen_transfer:-1x0.1,1cfcdfff09a30218,105001000,3,196902839.80789602,-3522308.7610657513,109001000,5,194768147.02890462,-3250874.144637257
62,routing_persistent_hotspot_cluster3,10,remaining,42,0,mdl2,8e79efa7d3d90e2b,105001010,3,2703970322.783832,0.0,109001010,5,2310475686.2575274,0.0
62,routing_persistent_hotspot_cluster3,10,remaining,42,1,specimen_transfer:+1x0.05,57735615dfb6def4,105001010,3,2702927823.493633,1042499.2901992798,109001010,5,2312724907.197912,-2249220.940384865
62,routing_persistent_hotspot_cluster3,10,remaining,42,2,specimen_transfer:-1x0.05,cd6d7ca96a899f51,105001010,3,2698239851.311466,5730471.472365856,109001010,5,2307637981.928094,2837704.329433441
62,routing_persistent_hotspot_cluster3,10,remaining,42,3,specimen_transfer:+1x0.1,d67f490fe1347fb4,105001010,3,2700883371.178812,3086951.6050200462,109001010,5,2313212654.315225,-2736968.057697773
62,routing_persistent_hotspot_cluster3,10,remaining,42,4,specimen_transfer:-1x0.1,1cfcdfff09a30218,105001010,3,2696956873.2449775,7013449.538854599,109001010,5,2306633942.8852897,3841743.3722376823
62,routing_persistent_hotspot_cluster3,11,4,4,0,mdl2,0c751cde1be8763b,105001100,3,241655427.17782745,0.0,109001100,5,238723483.929979,0.0
62,routing_persistent_hotspot_cluster3,11,4,4,1,specimen_transfer:+1x0.05,e481e15a9902697c,105001100,3,239892172.6743624,1763254.5034650564,109001100,5,236994050.50776824,1729433.422210753
62,routing_persistent_hotspot_cluster3,11,4,4,2,specimen_transfer:-1x0.05,569b3b64d0d2d095,105001100,3,244059516.13279095,-2404088.9549635053,109001100,5,241430434.30253845,-2706950.372559458
62,routing_persistent_hotspot_cluster3,11,4,4,3,specimen_transfer:+1x0.1,a93ed09734416400,105001100,3,238683131.9699142,2972295.2079132497,109001100,5,235807038.99155766,2916444.938421339
62,routing_persistent_hotspot_cluster3,11,4,4,4,specimen_transfer:-1x0.1,37798054495908be,105001100,3,245787207.32330415,-4131780.145476699,109001100,5,243430026.50660133,-4706542.576622337
62,routing_persistent_hotspot_cluster3,11,remaining,41,0,mdl2,0c751cde1be8763b,105001110,3,2552216266.29094,0.0,109001110,5,2625433772.1388516,0.0
62,routing_persistent_hotspot_cluster3,11,remaining,41,1,specimen_transfer:+1x0.05,e481e15a9902697c,105001110,3,2554732980.986516,-2516714.695576191,109001110,5,2629167214.639067,-3733442.5002155304
62,routing_persistent_hotspot_cluster3,11,remaining,41,2,specimen_transfer:-1x0.05,569b3b64d0d2d095,105001110,3,2546957765.7132926,5258500.577647209,109001110,5,2624501826.604723,931945.5341286659
62,routing_persistent_hotspot_cluster3,11,remaining,41,3,specimen_transfer:+1x0.1,a93ed09734416400,105001110,3,2558522718.515624,-6306452.224684238,109001110,5,2631267929.172942,-5834157.034090519
62,routing_persistent_hotspot_cluster3,11,remaining,41,4,specimen_transfer:-1x0.1,37798054495908be,105001110,3,2543330930.956068,8885335.334871769,109001110,5,2620976093.9950285,4457678.143823147
62,routing_persistent_hotspot_cluster3,12,4,4,0,mdl2,46bbc10f4ea1bd40,105001200,3,246524662.8949757,0.0,109001200,5,245038395.74844694,0.0
62,routing_persistent_hotspot_cluster3,12,4,4,1,specimen_transfer:+1x0.05,663bf4348b921728,105001200,3,245567945.1028416,956717.7921341062,109001200,5,244054200.62186703,984195.1265799105
62,routing_persistent_hotspot_cluster3,12,4,4,2,specimen_transfer:-1x0.05,45a78a88ad04dd0e,105001200,3,248131330.38645473,-1606667.4914790392,109001200,5,246463962.9499503,-1425567.2015033662
62,routing_persistent_hotspot_cluster3,12,4,4,3,specimen_transfer:+1x0.1,8cc4baa269291962,105001200,3,244460846.60036787,2063816.2946078181,109001200,5,242924497.813479,2113897.934967935
62,routing_persistent_hotspot_cluster3,12,4,4,4,specimen_transfer:-1x0.1,83e134da06e00751,105001200,3,249442222.17350212,-2917559.2785264254,109001200,5,247645731.1529416,-2607335.404494673
62,routing_persistent_hotspot_cluster3,12,remaining,40,0,mdl2,46bbc10f4ea1bd40,105001210,3,2549971150.014666,0.0,109001210,5,2546886584.3694434,0.0
62,routing_persistent_hotspot_cluster3,12,remaining,40,1,specimen_transfer:+1x0.05,663bf4348b921728,105001210,3,2548820286.642839,1150863.3718271255,109001210,5,2547850299.4360867,-963715.0666432381
62,routing_persistent_hotspot_cluster3,12,remaining,40,2,specimen_transfer:-1x0.05,45a78a88ad04dd0e,105001210,3,2548537880.001494,1433270.0131721497,109001210,5,2545821381.645558,1065202.7238855362
62,routing_persistent_hotspot_cluster3,12,remaining,40,3,specimen_transfer:+1x0.1,8cc4baa269291962,105001210,3,2546728060.211224,3243089.8034420013,109001210,5,2544703105.3879733,2183478.981470108
62,routing_persistent_hotspot_cluster3,12,remaining,40,4,specimen_transfer:-1x0.1,83e134da06e00751,105001210,3,2542934631.6563153,7036518.358350754,109001210,5,2543387959.463702,3498624.9057412148
62,routing_persistent_hotspot_cluster3,13,4,4,0,mdl2,a5c98dded3dd42ec,105001300,3,245593658.8388139,0.0,109001300,5,243585757.7947858,0.0
62,routing_persistent_hotspot_cluster3,13,4,4,1,specimen_transfer:+1x0.05,f13e0889b0581492,105001300,3,244555255.8340476,1038403.0047663152,109001300,5,242555720.09482113,1030037.6999646723
62,routing_persistent_hotspot_cluster3,13,4,4,2,specimen_transfer:-1x0.05,d218420a8aff1bc4,105001300,3,249797758.5186523,-4204099.679838389,109001300,5,246877483.226056,-3291725.431270212
62,routing_persistent_hotspot_cluster3,13,4,4,3,specimen_transfer:+1x0.1,ee1817c40626cff5,105001300,3,243312883.13630128,2280775.702512622,109001300,5,241481824.25896463,2103933.5358211696
62,routing_persistent_hotspot_cluster3,13,4,4,4,specimen_transfer:-1x0.1,81a1f136d7ff85ed,105001300,3,250583341.52943125,-4989682.690617353,109001300,5,247846633.91225195,-4260876.117466152
62,routing_persistent_hotspot_cluster3,13,remaining,39,0,mdl2,a5c98dded3dd42ec,105001310,3,2428530379.9152813,0.0,109001310,5,2403741009.3772116,0.0
62,routing_persistent_hotspot_cluster3,13,remaining,39,1,specimen_transfer:+1x0.05,f13e0889b0581492,105001310,3,2427860040.998014,670338.9172673225,109001310,5,2403411606.3729467,329403.00426483154
62,routing_persistent_hotspot_cluster3,13,remaining,39,2,specimen_transfer:-1x0.05,d218420a8aff1bc4,105001310,3,2430737157.6733723,-2206777.758090973,109001310,5,2405415607.126981,-1674597.7497692108
62,routing_persistent_hotspot_cluster3,13,remaining,39,3,specimen_transfer:+1x0.1,ee1817c40626cff5,105001310,3,2426145351.7151356,2385028.2001457214,109001310,5,2402114131.4482894,1626877.9289221764
62,routing_persistent_hotspot_cluster3,13,remaining,39,4,specimen_transfer:-1x0.1,81a1f136d7ff85ed,105001310,3,2432188612.192016,-3658232.276734829,109001310,5,2406854851.660047,-3113842.2828354836
62,routing_persistent_hotspot_cluster3,14,4,4,0,mdl2,bc75732ba1ac62e5,105001400,3,255359443.23759246,0.0,109001400,5,255589508.2719837,0.0
62,routing_persistent_hotspot_cluster3,14,4,4,1,specimen_transfer:+1x0.05,2e138e6e8c42c281,105001400,3,255163568.3051963,195874.93239617348,109001400,5,255438580.49847832,150927.7735053897
62,routing_persistent_hotspot_cluster3,14,4,4,2,specimen_transfer:-1x0.05,e9a13cfb34b0e756,105001400,3,257390419.07769307,-2030975.8401006162,109001400,5,257196538.40139294,-1607030.1294092238
62,routing_persistent_hotspot_cluster3,14,4,4,3,specimen_transfer:+1x0.1,81e75a27270ab5cd,105001400,3,254874006.55495188,485436.6826405823,109001400,5,254838543.25879556,750965.0131881535
62,routing_persistent_hotspot_cluster3,14,4,4,4,specimen_transfer:-1x0.1,51a437b8a5a13577,105001400,3,259616361.4404497,-4256918.202857256,109001400,5,258699357.19524512,-3109848.923261404
62,routing_persistent_hotspot_cluster3,14,remaining,38,0,mdl2,bc75732ba1ac62e5,105001410,3,2331283910.241961,0.0,109001410,5,2485585583.6928115,0.0
62,routing_persistent_hotspot_cluster3,14,remaining,38,1,specimen_transfer:+1x0.05,2e138e6e8c42c281,105001410,3,2330496719.5736876,787190.668273449,109001410,5,2485695938.413851,-110354.7210392952
62,routing_persistent_hotspot_cluster3,14,remaining,38,2,specimen_transfer:-1x0.05,e9a13cfb34b0e756,105001410,3,2334465811.0320735,-3181900.7901124954,109001410,5,2483322406.732291,2263176.9605202675
62,routing_persistent_hotspot_cluster3,14,remaining,38,3,specimen_transfer:+1x0.1,81e75a27270ab5cd,105001410,3,2329346409.4666514,1937500.7753095627,109001410,5,2483610990.7294855,1974592.9633259773
62,routing_persistent_hotspot_cluster3,14,remaining,38,4,specimen_transfer:-1x0.1,51a437b8a5a13577,105001410,3,2335844212.090832,-4560301.848871231,109001410,5,2482861685.0661755,2723898.6266360283
62,routing_persistent_hotspot_cluster3,15,4,4,0,mdl2,2eeda38fb83bc8ca,105001500,3,263192200.2644392,0.0,109001500,5,261137989.7151671,0.0
62,routing_persistent_hotspot_cluster3,15,4,4,1,specimen_transfer:+1x0.05,40c2a2ef3d687628,105001500,3,264355633.51373938,-1163433.2493001819,109001500,5,262757311.77750096,-1619322.062333852
62,routing_persistent_hotspot_cluster3,15,4,4,2,specimen_transfer:-1x0.05,fe99049f9d25c092,105001500,3,264667044.39428437,-1474844.1298451722,109001500,5,262525148.09271693,-1387158.377549827
62,routing_persistent_hotspot_cluster3,15,4,4,3,specimen_transfer:+1x0.1,9b7206f7a5225861,105001500,3,263876691.87168562,-684491.6072464287,109001500,5,261873893.8220082,-735904.1068410873
62,routing_persistent_hotspot_cluster3,15,4,4,4,specimen_transfer:-1x0.1,ba5a97693bb8c60b,105001500,3,265548704.3808159,-2356504.116376698,109001500,5,263574375.87749738,-2436386.16233027
62,routing_persistent_hotspot_cluster3,15,remaining,37,0,mdl2,2eeda38fb83bc8ca,105001510,3,2209751249.93002,0.0,109001510,5,2257978530.0679483,0.0
62,routing_persistent_hotspot_cluster3,15,remaining,37,1,specimen_transfer:+1x0.05,40c2a2ef3d687628,105001510,3,2208808708.1317115,942541.7983083725,109001510,5,2254705981.5549545,3272548.5129938126
62,routing_persistent_hotspot_cluster3,15,remaining,37,2,specimen_transfer:-1x0.05,fe99049f9d25c092,105001510,3,2208406461.9528966,1344787.9771232605,109001510,5,2257076600.229002,901929.8389463425
62,routing_persistent_hotspot_cluster3,15,remaining,37,3,specimen_transfer:+1x0.1,9b7206f7a5225861,105001510,3,2207795826.2480245,1955423.6819953918,109001510,5,2253774562.4114113,4203967.656537056
62,routing_persistent_hotspot_cluster3,15,remaining,37,4,specimen_transfer:-1x0.1,ba5a97693bb8c60b,105001510,3,2207784503.0490184,1966746.8810014725,109001510,5,2255412901.15351,2565628.9144382477
62,routing_persistent_hotspot_cluster3,16,4,4,0,mdl2,0602193fc2424961,105001600,3,265218392.8270228,0.0,109001600,5,265790699.98970214,0.0
62,routing_persistent_hotspot_cluster3,16,4,4,1,specimen_transfer:+1x0.05,98ba2fd28c60da50,105001600,3,263846689.28713417,1371703.5398886204,109001600,5,264566356.6821075,1224343.3075946271
62,routing_persistent_hotspot_cluster3,16,4,4,2,specimen_transfer:-1x0.05,aae58b5ed3bfe3b6,105001600,3,265086540.98529395,131851.8417288363,109001600,5,266133596.8954242,-342896.90572205186
62,routing_persistent_hotspot_cluster3,16,4,4,3,specimen_transfer:+1x0.1,393b759576b1e76b,105001600,3,263962981.89140832,1255410.9356144667,109001600,5,264916012.233255,874687.7564471364
62,routing_persistent_hotspot_cluster3,16,4,4,4,specimen_transfer:-1x0.1,6e402dbeff05a8df,105001600,3,266408010.4883962,-1189617.6613734066,109001600,5,267473345.35331306,-1682645.3636109233
62,routing_persistent_hotspot_cluster3,16,remaining,36,0,mdl2,0602193fc2424961,105001610,3,2212445204.496922,0.0,109001610,5,2170456754.6781335,0.0
62,routing_persistent_hotspot_cluster3,16,remaining,36,1,specimen_transfer:+1x0.05,98ba2fd28c60da50,105001610,3,2211839636.1250873,605568.371834755,109001610,5,2169104297.879277,1352456.7988562584
62,routing_persistent_hotspot_cluster3,16,remaining,36,2,specimen_transfer:-1x0.05,aae58b5ed3bfe3b6,105001610,3,2210130220.794642,2314983.7022800446,109001610,5,2169338336.933963,1118417.7441706657
62,routing_persistent_hotspot_cluster3,16,remaining,36,3,specimen_transfer:+1x0.1,393b759576b1e76b,105001610,3,2208198627.8538404,4246576.643081665,109001610,5,2166963956.5124693,3492798.165664196
62,routing_persistent_hotspot_cluster3,16,remaining,36,4,specimen_transfer:-1x0.1,6e402dbeff05a8df,105001610,3,2210013064.273375,2432140.223546982,109001610,5,2167597692.770253,2859061.9078803062
62,routing_persistent_hotspot_cluster3,17,4,4,0,mdl2,897bc3f6f9bd47e2,105001700,3,265560239.11767808,0.0,109001700,5,265561332.71792698,0.0
62,routing_persistent_hotspot_cluster3,17,4,4,1,specimen_transfer:+1x0.05,0140b733f6c6ade6,105001700,3,264802886.80359015,757352.3140879273,109001700,5,264588986.10200825,972346.6159187257
62,routing_persistent_hotspot_cluster3,17,4,4,2,specimen_transfer:-1x0.05,10ce35e41f249b04,105001700,3,265937977.82606792,-377738.70838984847,109001700,5,265240808.7067325,320524.01119446754
62,routing_persistent_hotspot_cluster3,17,4,4,3,specimen_transfer:+1x0.1,3cd8f12fda737200,105001700,3,264549100.56611732,1011138.5515607595,109001700,5,264095401.8295873,1465930.8883396685
62,routing_persistent_hotspot_cluster3,17,4,4,4,specimen_transfer:-1x0.1,d820975c22c13fc2,105001700,3,266465220.43265685,-904981.3149787784,109001700,5,266499876.91974917,-938544.2018221915
62,routing_persistent_hotspot_cluster3,17,remaining,35,0,mdl2,897bc3f6f9bd47e2,105001710,3,2143173768.6708672,0.0,109001710,5,2163738401.841114,0.0
62,routing_persistent_hotspot_cluster3,17,remaining,35,1,specimen_transfer:+1x0.05,0140b733f6c6ade6,105001710,3,2145740603.0767803,-2566834.4059131145,109001710,5,2163656614.0176945,81787.82341957092
62,routing_persistent_hotspot_cluster3,17,remaining,35,2,specimen_transfer:-1x0.05,10ce35e41f249b04,105001710,3,2145321104.4512177,-2147335.7803504467,109001710,5,2164612566.890551,-874165.049437046
62,routing_persistent_hotspot_cluster3,17,remaining,35,3,specimen_transfer:+1x0.1,3cd8f12fda737200,105001710,3,2143862871.5691044,-689102.8982372284,109001710,5,2162033849.5616326,1704552.279481411
62,routing_persistent_hotspot_cluster3,17,remaining,35,4,specimen_transfer:-1x0.1,d820975c22c13fc2,105001710,3,2145700992.2311738,-2527223.560306549,109001710,5,2164849912.7813087,-1111510.9401946068
62,routing_persistent_hotspot_cluster3,18,4,4,0,mdl2,b1e3ebf24a90355f,105001800,3,253711594.07134938,0.0,109001800,5,249963835.87315565,0.0
62,routing_persistent_hotspot_cluster3,18,4,4,1,specimen_transfer:+1x0.05,0734cec91d7c45e7,105001800,3,253531744.8132043,179849.25814509392,109001800,5,250486319.3279628,-522483.4548071325
62,routing_persistent_hotspot_cluster3,18,4,4,2,specimen_transfer:-1x0.05,907b18009772dae7,105001800,3,257357018.49332985,-3645424.4219804704,109001800,5,254284674.14180627,-4320838.268650621
62,routing_persistent_hotspot_cluster3,18,4,4,3,specimen_transfer:+1x0.1,fc6ca2c3e8320b11,105001800,3,254808446.04938817,-1096851.9780387878,109001800,5,251364708.76826397,-1400872.8951083124
62,routing_persistent_hotspot_cluster3,18,4,4,4,specimen_transfer:-1x0.1,be2105f119e2bec2,105001800,3,258871446.6712496,-5159852.599900216,109001800,5,255462356.977532,-5498521.104376346
62,routing_persistent_hotspot_cluster3,18,remaining,34,0,mdl2,b1e3ebf24a90355f,105001810,3,2065833493.731212,0.0,109001810,5,2022804615.5373821,0.0
62,routing_persistent_hotspot_cluster3,18,remaining,34,1,specimen_transfer:+1x0.05,0734cec91d7c45e7,105001810,3,2065124848.0365505,708645.6946613789,109001810,5,2026036838.8655276,-3232223.328145504
62,routing_persistent_hotspot_cluster3,18,remaining,34,2,specimen_transfer:-1x0.05,907b18009772dae7,105001810,3,2068011890.0137177,-2178396.2825057507,109001810,5,2025155191.8827026,-2350576.345320463
62,routing_persistent_hotspot_cluster3,18,remaining,34,3,specimen_transfer:+1x0.1,fc6ca2c3e8320b11,105001810,3,2066308036.874117,-474543.1429049969,109001810,5,2025702586.845306,-2897971.307923794
62,routing_persistent_hotspot_cluster3,18,remaining,34,4,specimen_transfer:-1x0.1,be2105f119e2bec2,105001810,3,2065820643.8353167,12849.895895242691,109001810,5,2025080629.0886874,-2276013.551305294
62,routing_persistent_hotspot_cluster3,19,4,4,0,mdl2,f8d3d78b867a7f72,105001900,3,226763437.7227762,0.0,109001900,5,222592349.97425786,0.0
62,routing_persistent_hotspot_cluster3,19,4,4,1,specimen_transfer:+1x0.05,39f738d3ff1e9cd2,105001900,3,226778709.6011534,-15271.878377199173,109001900,5,221937302.21837845,655047.7558794022
62,routing_persistent_hotspot_cluster3,19,4,4,2,specimen_transfer:-1x0.05,0610e453523de671,105001900,3,228335331.63635147,-1571893.9135752618,109001900,5,224686770.43023354,-2094420.4559756815
62,routing_persistent_hotspot_cluster3,19,4,4,3,specimen_transfer:+1x0.1,fc10327d10493d4d,105001900,3,225922111.5819558,841326.1408204138,109001900,5,221232800.35647506,1359549.6177828014
62,routing_persistent_hotspot_cluster3,19,4,4,4,specimen_transfer:-1x0.1,56879720b4644174,105001900,3,229488002.90550554,-2724565.1827293336,109001900,5,225623427.10509562,-3031077.1308377683
62,routing_persistent_hotspot_cluster3,19,remaining,33,0,mdl2,f8d3d78b867a7f72,105001910,3,1847973904.076731,0.0,109001910,5,1852761147.817836,0.0
62,routing_persistent_hotspot_cluster3,19,remaining,33,1,specimen_transfer:+1x0.05,39f738d3ff1e9cd2,105001910,3,1848510090.8788202,-536186.8020892143,109001910,5,1853688122.87437,-926975.0565340519
62,routing_persistent_hotspot_cluster3,19,remaining,33,2,specimen_transfer:-1x0.05,0610e453523de671,105001910,3,1849247282.0245507,-1273377.9478197098,109001910,5,1852026380.5796647,734767.238171339
62,routing_persistent_hotspot_cluster3,19,remaining,33,3,specimen_transfer:+1x0.1,fc10327d10493d4d,105001910,3,1848059838.3817856,-85934.30505466461,109001910,5,1852109619.6040707,651528.2137653828
62,routing_persistent_hotspot_cluster3,19,remaining,33,4,specimen_transfer:-1x0.1,56879720b4644174,105001910,3,1848919257.1346433,-945353.0579123497,109001910,5,1851093620.899259,1667526.9185769558
62,routing_persistent_hotspot_cluster3,20,4,4,0,mdl2,fdfac75d00ac8ece,105002000,3,222768864.48183623,0.0,109002000,5,215663113.42803088,0.0
62,routing_persistent_hotspot_cluster3,20,4,4,1,specimen_transfer:+1x0.05,3d799b925f0e0b83,105002000,3,221318332.10641637,1450532.3754198551,109002000,5,214234492.80706573,1428620.620965153
62,routing_persistent_hotspot_cluster3,20,4,4,2,specimen_transfer:-1x0.05,8619055ef2a57e53,105002000,3,224725831.0603325,-1956966.5784962773,109002000,5,217220619.9481083,-1557506.5200774074
62,routing_persistent_hotspot_cluster3,20,4,4,3,specimen_transfer:+1x0.1,f177d4d15d036328,105002000,3,219123022.10221162,3645842.379624605,109002000,5,211500997.0985455,4162116.3294853866
62,routing_persistent_hotspot_cluster3,20,4,4,4,specimen_transfer:-1x0.1,46a5b01b4fa3c521,105002000,3,226798681.2220998,-4029816.7402635813,109002000,5,219205637.41972643,-3542523.991695553
62,routing_persistent_hotspot_cluster3,20,remaining,32,0,mdl2,fdfac75d00ac8ece,105002010,3,2020448400.5545225,0.0,109002010,5,1758468688.9555848,0.0
62,routing_persistent_hotspot_cluster3,20,remaining,32,1,specimen_transfer:+1x0.05,3d799b925f0e0b83,105002010,3,2020326027.9503555,122372.60416698456,109002010,5,1759150940.670058,-682251.7144732475
62,routing_persistent_hotspot_cluster3,20,remaining,32,2,specimen_transfer:-1x0.05,8619055ef2a57e53,105002010,3,2019734789.5192966,713611.0352258682,109002010,5,1757143645.600647,1325043.3549377918
62,routing_persistent_hotspot_cluster3,20,remaining,32,3,specimen_transfer:+1x0.1,f177d4d15d036328,105002010,3,2023226072.6601517,-2777672.1056292057,109002010,5,1760850008.1805587,-2381319.224973917
62,routing_persistent_hotspot_cluster3,20,remaining,32,4,specimen_transfer:-1x0.1,46a5b01b4fa3c521,105002010,3,2016465697.4207542,3982703.13376832,109002010,5,1753055204.060686,5413484.894898653
62,routing_persistent_hotspot_cluster3,21,4,4,0,mdl2,e6a233ff05cd1b6a,105002100,3,203847268.55913177,0.0,109002100,5,204004410.4167142,0.0
62,routing_persistent_hotspot_cluster3,21,4,4,1,specimen_transfer:+1x0.05,741629974920b0ae,105002100,3,203715512.54322472,131756.01590704918,109002100,5,203827461.75791782,176948.65879637003
62,routing_persistent_hotspot_cluster3,21,4,4,2,specimen_transfer:-1x0.05,70f07621336a57d5,105002100,3,205955837.68826672,-2108569.129134953,109002100,5,205972651.96005458,-1968241.543340385
62,routing_persistent_hotspot_cluster3,21,4,4,3,specimen_transfer:+1x0.1,7152f2e96b95ac01,105002100,3,203116788.88202485,730479.6771069169,109002100,5,203238107.9524993,766302.4642148912
62,routing_persistent_hotspot_cluster3,21,4,4,4,specimen_transfer:-1x0.1,64369be20da3af73,105002100,3,205909647.29146418,-2062378.7323324084,109002100,5,205908819.29764524,-1904408.8809310496
62,routing_persistent_hotspot_cluster3,21,remaining,31,0,mdl2,e6a233ff05cd1b6a,105002110,3,1938006423.059426,0.0,109002110,5,1635015888.747677,0.0
62,routing_persistent_hotspot_cluster3,21,remaining,31,1,specimen_transfer:+1x0.05,741629974920b0ae,105002110,3,1937747900.9448998,258522.11452627182,109002110,5,1636956089.7336724,-1940200.9859952927
62,routing_persistent_hotspot_cluster3,21,remaining,31,2,specimen_transfer:-1x0.05,70f07621336a57d5,105002110,3,1937259443.7410927,746979.3183333874,109002110,5,1633483506.305383,1532382.4422941208
62,routing_persistent_hotspot_cluster3,21,remaining,31,3,specimen_transfer:+1x0.1,7152f2e96b95ac01,105002110,3,1937141300.3021991,865122.757226944,109002110,5,1634662260.1721447,353628.57553243637
62,routing_persistent_hotspot_cluster3,21,remaining,31,4,specimen_transfer:-1x0.1,64369be20da3af73,105002110,3,1939621788.6890507,-1615365.6296246052,109002110,5,1634163402.280959,852486.4667181969
62,routing_persistent_hotspot_cluster3,22,4,4,0,mdl2,1f6b1f6b4742d373,105002200,3,188069515.19992292,0.0,109002200,5,188773705.71955472,0.0
62,routing_persistent_hotspot_cluster3,22,4,4,1,specimen_transfer:+1x0.05,cd3f084dedc7fada,105002200,3,187972173.4726088,97341.72731411457,109002200,5,188307263.78688025,466441.93267446756
62,routing_persistent_hotspot_cluster3,22,4,4,2,specimen_transfer:-1x0.05,5f817fb92f4e165b,105002200,3,188876054.34136438,-806539.1414414644,109002200,5,189021230.43472284,-247524.71516811848
62,routing_persistent_hotspot_cluster3,22,4,4,3,specimen_transfer:+1x0.1,a823fddde33316ac,105002200,3,187013393.16706702,1056122.0328558981,109002200,5,187279744.66799504,1493961.0515596867
62,routing_persistent_hotspot_cluster3,22,4,4,4,specimen_transfer:-1x0.1,de8aaf9a8147f4d3,105002200,3,190175268.28439832,-2105753.084475398,109002200,5,190121090.41434985,-1347384.6947951317
62,routing_persistent_hotspot_cluster3,22,remaining,30,0,mdl2,1f6b1f6b4742d373,105002210,3,1718065814.8270137,0.0,109002210,5,1714827280.0304828,0.0
62,routing_persistent_hotspot_cluster3,22,remaining,30,1,specimen_transfer:+1x0.05,cd3f084dedc7fada,105002210,3,1718368187.358656,-302372.53164219856,109002210,5,1714259619.6989477,567660.3315351009
62,routing_persistent_hotspot_cluster3,22,remaining,30,2,specimen_transfer:-1x0.05,5f817fb92f4e165b,105002210,3,1716275124.531245,1790690.2957687378,109002210,5,1714205767.1919456,621512.8385372162
62,routing_persistent_hotspot_cluster3,22,remaining,30,3,specimen_transfer:+1x0.1,a823fddde33316ac,105002210,3,1717699153.6682904,366661.15872335434,109002210,5,1713596574.41424,1230705.6162428856
62,routing_persistent_hotspot_cluster3,22,remaining,30,4,specimen_transfer:-1x0.1,de8aaf9a8147f4d3,105002210,3,1718407062.873124,-341248.0461101532,109002210,5,1716831149.1835375,-2003869.1530547142
62,routing_persistent_hotspot_cluster3,23,4,4,0,mdl2,ef4669fceba48fd9,105002300,3,214242444.79855135,0.0,109002300,5,212176883.85175377,0.0
62,routing_persistent_hotspot_cluster3,23,4,4,1,specimen_transfer:+1x0.05,913744e3336d05e2,105002300,3,214593250.34691724,-350805.548365891,109002300,5,212553246.89002597,-376363.038272202
62,routing_persistent_hotspot_cluster3,23,4,4,2,specimen_transfer:-1x0.05,2c4a263e5cfc2a96,105002300,3,217636442.40492687,-3393997.6063755155,109002300,5,215293679.13372117,-3116795.2819674015
62,routing_persistent_hotspot_cluster3,23,4,4,3,specimen_transfer:+1x0.1,b37562889a5f316b,105002300,3,215342401.24906108,-1099956.450509727,109002300,5,213454692.5471907,-1277808.6954369247
62,routing_persistent_hotspot_cluster3,23,4,4,4,specimen_transfer:-1x0.1,30880e9ca08845e0,105002300,3,219050672.09241423,-4808227.293862879,109002300,5,216941750.40103596,-4764866.549282193
62,routing_persistent_hotspot_cluster3,23,remaining,29,0,mdl2,ef4669fceba48fd9,105002310,3,1576941360.9975913,0.0,109002310,5,1731507885.7260184,0.0
62,routing_persistent_hotspot_cluster3,23,remaining,29,1,specimen_transfer:+1x0.05,913744e3336d05e2,105002310,3,1573545582.0412977,3395778.956293583,109002310,5,1731786679.887043,-278794.16102457047
62,routing_persistent_hotspot_cluster3,23,remaining,29,2,specimen_transfer:-1x0.05,2c4a263e5cfc2a96,105002310,3,1575453599.5817926,1487761.415798664,109002310,5,1732528847.7941842,-1020962.0681657791
62,routing_persistent_hotspot_cluster3,23,remaining,29,3,specimen_transfer:+1x0.1,b37562889a5f316b,105002310,3,1575405104.5235388,1536256.4740524292,109002310,5,1731383909.3856883,123976.3403301239
62,routing_persistent_hotspot_cluster3,23,remaining,29,4,specimen_transfer:-1x0.1,30880e9ca08845e0,105002310,3,1575356233.677086,1585127.3205051422,109002310,5,1730410917.3301358,1096968.3958826065
62,routing_persistent_hotspot_cluster3,24,4,4,0,mdl2,d6e35888eaa65e3f,105002400,3,205213940.28751302,0.0,109002400,5,211991343.92058343,0.0
62,routing_persistent_hotspot_cluster3,24,4,4,1,specimen_transfer:+1x0.05,dacb396b0e365919,105002400,3,204220062.091,993878.196513027,109002400,5,210892645.2423371,1098698.6782463193
62,routing_persistent_hotspot_cluster3,24,4,4,2,specimen_transfer:-1x0.05,b3122c12b52b7c71,105002400,3,207618366.70314774,-2404426.4156347215,109002400,5,214319481.990479,-2328138.0698955655
62,routing_persistent_hotspot_cluster3,24,4,4,3,specimen_transfer:+1x0.1,371e7242de0b410e,105002400,3,202769037.7979616,2444902.489551425,109002400,5,209399537.53943688,2591806.38114655
62,routing_persistent_hotspot_cluster3,24,4,4,4,specimen_transfer:-1x0.1,aa88fe1a1a620c7c,105002400,3,209776306.90542683,-4562366.617913812,109002400,5,216157842.40539032,-4166498.4848068953
62,routing_persistent_hotspot_cluster3,24,remaining,28,0,mdl2,d6e35888eaa65e3f,105002410,3,1718836195.438678,0.0,109002410,5,1573594366.0274065,0.0
62,routing_persistent_hotspot_cluster3,24,remaining,28,1,specimen_transfer:+1x0.05,dacb396b0e365919,105002410,3,1716020559.6597397,2815635.7789382935,109002410,5,1571872322.765211,1722043.2621953487
62,routing_persistent_hotspot_cluster3,24,remaining,28,2,specimen_transfer:-1x0.05,b3122c12b52b7c71,105002410,3,1718216555.068126,619640.370552063,109002410,5,1571463564.836185,2130801.1912214756
62,routing_persistent_hotspot_cluster3,24,remaining,28,3,specimen_transfer:+1x0.1,371e7242de0b410e,105002410,3,1714398965.9339902,4437229.504687786,109002410,5,1570827449.7918212,2766916.2355852127
62,routing_persistent_hotspot_cluster3,24,remaining,28,4,specimen_transfer:-1x0.1,aa88fe1a1a620c7c,105002410,3,1714263451.6379702,4572743.800707817,109002410,5,1569240287.3040433,4354078.723363161
62,routing_persistent_hotspot_cluster3,25,4,4,0,mdl2,e7869e6fc6b8c0bf,105002500,3,198958967.5254217,0.0,109002500,5,193646951.38877797,0.0
62,routing_persistent_hotspot_cluster3,25,4,4,1,specimen_transfer:+1x0.05,0513b019ba4bb8da,105002500,3,198761302.64980426,197664.87561744452,109002500,5,193537179.4246878,109771.96409016848
62,routing_persistent_hotspot_cluster3,25,4,4,2,specimen_transfer:-1x0.05,c10ca8cbba3f4de3,105002500,3,199951070.470831,-992102.945409298,109002500,5,194441672.43928957,-794721.0505115986
62,routing_persistent_hotspot_cluster3,25,4,4,3,specimen_transfer:+1x0.1,3f04a664363cb6dc,105002500,3,197437324.82137477,1521642.7040469348,109002500,5,192402281.07680494,1244670.3119730353
62,routing_persistent_hotspot_cluster3,25,4,4,4,specimen_transfer:-1x0.1,aa67769caff01e92,105002500,3,199643935.52544472,-684968.0000230074,109002500,5,194706035.68520135,-1059084.2964233756
62,routing_persistent_hotspot_cluster3,25,remaining,27,0,mdl2,e7869e6fc6b8c0bf,105002510,3,1477567303.6829987,0.0,109002510,5,1477983601.9888072,0.0
62,routing_persistent_hotspot_cluster3,25,remaining,27,1,specimen_transfer:+1x0.05,0513b019ba4bb8da,105002510,3,1477665697.9052384,-98394.22223973274,109002510,5,1476034680.556476,1948921.4323310852
62,routing_persistent_hotspot_cluster3,25,remaining,27,2,specimen_transfer:-1x0.05,c10ca8cbba3f4de3,105002510,3,1478221743.2368832,-654439.5538845062,109002510,5,1477937092.213619,46509.775188207626
62,routing_persistent_hotspot_cluster3,25,remaining,27,3,specimen_transfer:+1x0.1,3f04a664363cb6dc,105002510,3,1480236113.8812199,-2668810.1982212067,109002510,5,1477333365.6437786,650236.3450286388
62,routing_persistent_hotspot_cluster3,25,remaining,27,4,specimen_transfer:-1x0.1,aa67769caff01e92,105002510,3,1476293145.2212026,1274158.4617960453,109002510,5,1477082123.9725323,901478.016274929
62,routing_persistent_hotspot_cluster3,26,4,4,0,mdl2,fb5825210ff4ff40,105002600,3,202908987.9402988,0.0,109002600,5,199141414.16224447,0.0
62,routing_persistent_hotspot_cluster3,26,4,4,1,specimen_transfer:+1x0.05,e54499487e7fd262,105002600,3,202480667.617731,428320.32256779075,109002600,5,198136480.60053563,1004933.5617088377
62,routing_persistent_hotspot_cluster3,26,4,4,2,specimen_transfer:-1x0.05,5bac3e0c53bd58d1,105002600,3,203425165.9847223,-516178.04442349076,109002600,5,198871207.69445127,270206.46779319644
62,routing_persistent_hotspot_cluster3,26,4,4,3,specimen_transfer:+1x0.1,53c7d8c677103df2,105002600,3,202347134.300113,561853.6401858032,109002600,5,197575312.63350147,1566101.5287429988
62,routing_persistent_hotspot_cluster3,26,4,4,4,specimen_transfer:-1x0.1,2e60384d7dc5ca3e,105002600,3,204940702.51700053,-2031714.5767017305,109002600,5,200355683.03214294,-1214268.8698984683
62,routing_persistent_hotspot_cluster3,26,remaining,26,0,mdl2,fb5825210ff4ff40,105002610,3,1573620408.3771057,0.0,109002610,5,1530261261.692216,0.0
62,routing_persistent_hotspot_cluster3,26,remaining,26,1,specimen_transfer:+1x0.05,e54499487e7fd262,105002610,3,1574856301.902939,-1235893.5258333683,109002610,5,1533116380.2825325,-2855118.590316534
62,routing_persistent_hotspot_cluster3,26,remaining,26,2,specimen_transfer:-1x0.05,5bac3e0c53bd58d1,105002610,3,1572204107.2763112,1416301.1007945538,109002610,5,1531587316.9979136,-1326055.3056976795
62,routing_persistent_hotspot_cluster3,26,remaining,26,3,specimen_transfer:+1x0.1,53c7d8c677103df2,105002610,3,1575458858.34849,-1838449.9713842869,109002610,5,1533162127.1214454,-2900865.429229498
62,routing_persistent_hotspot_cluster3,26,remaining,26,4,specimen_transfer:-1x0.1,2e60384d7dc5ca3e,105002610,3,1570824466.34748,2795942.029625654,109002610,5,1530372836.2396204,-111574.54740452766
62,routing_persistent_hotspot_cluster3,27,4,4,0,mdl2,32beea3d6896761c,105002700,3,175774278.5272036,0.0,109002700,5,175346202.991048,0.0
62,routing_persistent_hotspot_cluster3,27,4,4,1,specimen_transfer:+1x0.05,3031f00707737364,105002700,3,175648703.25782803,125575.26937556267,109002700,5,175338423.5054954,7779.485552608967
62,routing_persistent_hotspot_cluster3,27,4,4,2,specimen_transfer:-1x0.05,0f121389fd041f5c,105002700,3,177627968.36347207,-1853689.8362684846,109002700,5,177263129.8108857,-1916926.8198376894
62,routing_persistent_hotspot_cluster3,27,4,4,3,specimen_transfer:+1x0.1,d82f8cb0afaeae9c,105002700,3,175867420.98827264,-93142.46106904745,109002700,5,175479833.57698768,-133630.58593967557
62,routing_persistent_hotspot_cluster3,27,4,4,4,specimen_transfer:-1x0.1,a3e31e5f97bc33d1,105002700,3,177576953.56394076,-1802675.0367371738,109002700,5,177395541.9520403,-2049338.9609923065
62,routing_persistent_hotspot_cluster3,27,remaining,25,0,mdl2,32beea3d6896761c,105002710,3,1391975494.0513403,0.0,109002710,5,1339591434.6381836,0.0
62,routing_persistent_hotspot_cluster3,27,remaining,25,1,specimen_transfer:+1x0.05,3031f00707737364,105002710,3,1392737143.469406,-761649.418065548,109002710,5,1340468775.2884583,-877340.6502747536
62,routing_persistent_hotspot_cluster3,27,remaining,25,2,specimen_transfer:-1x0.05,0f121389fd041f5c,105002710,3,1392655498.354641,-680004.3033006191,109002710,5,1340364693.1277301,-773258.4895465374
62,routing_persistent_hotspot_cluster3,27,remaining,25,3,specimen_transfer:+1x0.1,d82f8cb0afaeae9c,105002710,3,1393905189.3617103,-1929695.3103699684,109002710,5,1340370329.9257727,-778895.2875890732
62,routing_persistent_hotspot_cluster3,27,remaining,25,4,specimen_transfer:-1x0.1,a3e31e5f97bc33d1,105002710,3,1392635875.358834,-660381.3074936867,109002710,5,1340813675.2999723,-1222240.661788702
62,routing_persistent_hotspot_cluster3,28,4,4,0,mdl2,44e9ad1e9691a9c9,105002800,3,196040904.26642907,0.0,109002800,5,199771132.27676973,0.0
62,routing_persistent_hotspot_cluster3,28,4,4,1,specimen_transfer:+1x0.05,72a9af73412e9761,105002800,3,196042227.97808596,-1323.7116568982601,109002800,5,199796549.89126796,-25417.614498227835
62,routing_persistent_hotspot_cluster3,28,4,4,2,specimen_transfer:-1x0.05,287bd6bf2720ab56,105002800,3,196480372.5751722,-439468.30874311924,109002800,5,200894650.96950737,-1123518.692737639
62,routing_persistent_hotspot_cluster3,28,4,4,3,specimen_transfer:+1x0.1,79e22e7ca6ed1d43,105002800,3,196097228.1157849,-56323.84935584664,109002800,5,200351318.33249974,-580186.055730015
62,routing_persistent_hotspot_cluster3,28,4,4,4,specimen_transfer:-1x0.1,8f3939391a22f7e2,105002800,3,196113240.40871117,-72336.14228209853,109002800,5,200762889.85745355,-991757.5806838274
62,routing_persistent_hotspot_cluster3,28,remaining,24,0,mdl2,44e9ad1e9691a9c9,105002810,3,1435272643.85872,0.0,109002810,5,1451455018.1164434,0.0
62,routing_persistent_hotspot_cluster3,28,remaining,24,1,specimen_transfer:+1x0.05,72a9af73412e9761,105002810,3,1433226441.6894095,2046202.1693105698,109002810,5,1451322941.417411,132076.69903230667
62,routing_persistent_hotspot_cluster3,28,remaining,24,2,specimen_transfer:-1x0.05,287bd6bf2720ab56,105002810,3,1435464263.1082344,-191619.24951434135,109002810,5,1452692400.4014535,-1237382.2850100994
62,routing_persistent_hotspot_cluster3,28,remaining,24,3,specimen_transfer:+1x0.1,79e22e7ca6ed1d43,105002810,3,1433476967.2493732,1795676.6093468666,109002810,5,1450906803.4581115,548214.658331871
62,routing_persistent_hotspot_cluster3,28,remaining,24,4,specimen_transfer:-1x0.1,8f3939391a22f7e2,105002810,3,1436994054.9717171,-1721411.112997055,109002810,5,1453759419.6843643,-2304401.5679209232
62,routing_persistent_hotspot_cluster3,29,4,4,0,mdl2,71d39eed2a37ef5b,105002900,3,206145017.45353618,0.0,109002900,5,205910822.24778748,0.0
62,routing_persistent_hotspot_cluster3,29,4,4,1,specimen_transfer:+1x0.05,718575de54f028cc,105002900,3,206892660.72299257,-747643.2694563866,109002900,5,206790966.21220058,-880143.9644131064
62,routing_persistent_hotspot_cluster3,29,4,4,2,specimen_transfer:-1x0.05,b61f3adad7619a37,105002900,3,206028634.1603949,116383.29314127564,109002900,5,205886178.81675273,24643.431034743786
62,routing_persistent_hotspot_cluster3,29,4,4,3,specimen_transfer:+1x0.1,9b4a4c802e777792,105002900,3,205854948.6448439,290068.8086922765,109002900,5,205803634.1409352,107188.10685226321
62,routing_persistent_hotspot_cluster3,29,4,4,4,specimen_transfer:-1x0.1,b2c5df28380e9006,105002900,3,206413535.73671225,-268518.2831760645,109002900,5,206681505.85071456,-770683.6029270887
62,routing_persistent_hotspot_cluster3,29,remaining,23,0,mdl2,71d39eed2a37ef5b,105002910,3,1456341983.5735705,0.0,109002910,5,1425631184.5982316,0.0
62,routing_persistent_hotspot_cluster3,29,remaining,23,1,specimen_transfer:+1x0.05,718575de54f028cc,105002910,3,1455900847.7749174,441135.79865312576,109002910,5,1424531713.5292192,1099471.0690124035
62,routing_persistent_hotspot_cluster3,29,remaining,23,2,specimen_transfer:-1x0.05,b61f3adad7619a37,105002910,3,1456268930.1688998,73053.40467071533,109002910,5,1425289233.1193025,341951.4789290428
62,routing_persistent_hotspot_cluster3,29,remaining,23,3,specimen_transfer:+1x0.1,9b4a4c802e777792,105002910,3,1454378495.7126741,1963487.860896349,109002910,5,1423265529.4231985,2365655.1750330925
62,routing_persistent_hotspot_cluster3,29,remaining,23,4,specimen_transfer:-1x0.1,b2c5df28380e9006,105002910,3,1454542200.2818043,1799783.2917661667,109002910,5,1424506584.2555497,1124600.3426818848
62,routing_persistent_hotspot_cluster3,30,4,4,0,mdl2,037da7e8804a9f98,105003000,3,203175283.82625055,0.0,109003000,5,202726532.14447302,0.0
62,routing_persistent_hotspot_cluster3,30,4,4,1,specimen_transfer:+1x0.05,2bff7331b0528b98,105003000,3,203473330.8526721,-298047.02642154694,109003000,5,202721841.7084917,4690.435981303453
62,routing_persistent_hotspot_cluster3,30,4,4,2,specimen_transfer:-1x0.05,8c9e053ef17dfe03,105003000,3,203102840.80037713,72443.02587342262,109003000,5,202697635.1249698,28897.019503206015
62,routing_persistent_hotspot_cluster3,30,4,4,3,specimen_transfer:+1x0.1,694cf0f04cf93b1b,105003000,3,203423774.6529059,-248490.82665535808,109003000,5,202672270.37368116,54261.770791858435
62,routing_persistent_hotspot_cluster3,30,4,4,4,specimen_transfer:-1x0.1,3d3d069debfa9e3f,105003000,3,203474641.33231747,-299357.5060669184,109003000,5,202845538.99918717,-119006.8547141552
62,routing_persistent_hotspot_cluster3,30,remaining,22,0,mdl2,037da7e8804a9f98,105003010,3,1303247650.002947,0.0,109003010,5,1312520988.5452735,0.0
62,routing_persistent_hotspot_cluster3,30,remaining,22,1,specimen_transfer:+1x0.05,2bff7331b0528b98,105003010,3,1302615545.9754386,632104.0275084972,109003010,5,1311837430.9025452,683557.6427283287
62,routing_persistent_hotspot_cluster3,30,remaining,22,2,specimen_transfer:-1x0.05,8c9e053ef17dfe03,105003010,3,1302568462.772384,679187.2305631638,109003010,5,1310863453.25581,1657535.28946352
62,routing_persistent_hotspot_cluster3,30,remaining,22,3,specimen_transfer:+1x0.1,694cf0f04cf93b1b,105003010,3,1302565838.492585,681811.5103621483,109003010,5,1311787814.1136734,733174.4316000938
62,routing_persistent_hotspot_cluster3,30,remaining,22,4,specimen_transfer:-1x0.1,3d3d069debfa9e3f,105003010,3,1302250293.827996,997356.1749510765,109003010,5,1310598271.5865302,1922716.9587433338
62,routing_persistent_hotspot_cluster3,31,4,4,0,mdl2,ed414f7856d04b93,105003100,3,212345296.76278856,0.0,109003100,5,214126435.85139328,0.0
62,routing_persistent_hotspot_cluster3,31,4,4,1,specimen_transfer:+1x0.05,21d6c2091c176adf,105003100,3,211230453.9311234,1114842.8316651583,109003100,5,213006640.729114,1119795.1222792864
62,routing_persistent_hotspot_cluster3,31,4,4,2,specimen_transfer:-1x0.05,76ed0c97f211ad64,105003100,3,211872591.078233,472705.68455556035,109003100,5,213554345.28373224,572090.567661047
62,routing_persistent_hotspot_cluster3,31,4,4,3,specimen_transfer:+1x0.1,801c0ce0465c50fb,105003100,3,211124838.46797404,1220458.294814527,109003100,5,212915005.26867396,1211430.582719326
62,routing_persistent_hotspot_cluster3,31,4,4,4,specimen_transfer:-1x0.1,39b455ae45b25d68,105003100,3,212374314.38770902,-29017.6249204576,109003100,5,213936106.41406918,190329.4373241067
62,routing_persistent_hotspot_cluster3,31,remaining,21,0,mdl2,ed414f7856d04b93,105003110,3,1359086866.322117,0.0,109003110,5,1339793848.08353,0.0
62,routing_persistent_hotspot_cluster3,31,remaining,21,1,specimen_transfer:+1x0.05,21d6c2091c176adf,105003110,3,1359664050.7845047,-577184.4623875618,109003110,5,1341760681.6636968,-1966833.5801668167
62,routing_persistent_hotspot_cluster3,31,remaining,21,2,specimen_transfer:-1x0.05,76ed0c97f211ad64,105003110,3,1358838658.6083977,248207.71371936798,109003110,5,1340152957.2479115,-359109.16438150406
62,routing_persistent_hotspot_cluster3,31,remaining,21,3,specimen_transfer:+1x0.1,801c0ce0465c50fb,105003110,3,1360147258.5169697,-1060392.1948525906,109003110,5,1341958435.6046445,-2164587.521114588
62,routing_persistent_hotspot_cluster3,31,remaining,21,4,specimen_transfer:-1x0.1,39b455ae45b25d68,105003110,3,1359919595.5288794,-832729.2067623138,109003110,5,1340997800.521998,-1203952.4384679794
62,routing_persistent_hotspot_cluster3,32,4,4,0,mdl2,fdfbc49271a61fde,105003200,3,218366656.74411115,0.0,109003200,5,217729563.4310728,0.0
62,routing_persistent_hotspot_cluster3,32,4,4,1,specimen_transfer:+1x0.05,b1c137b6800f6f4c,105003200,3,216964738.92169595,1401917.8224152029,109003200,5,216330588.69562322,1398974.7354495823
62,routing_persistent_hotspot_cluster3,32,4,4,2,specimen_transfer:-1x0.05,fa07a4ec9213937c,105003200,3,218530125.4103508,-163468.66623964906,109003200,5,217623789.52064538,105773.91042742133
62,routing_persistent_hotspot_cluster3,32,4,4,3,specimen_transfer:+1x0.1,b985afe47007ff92,105003200,3,217123462.68667158,1243194.0574395657,109003200,5,216508934.2703317,1220629.1607410908
62,routing_persistent_hotspot_cluster3,32,4,4,4,specimen_transfer:-1x0.1,58689dfdd21dba1d,105003200,3,218887831.45774126,-521174.71363011,109003200,5,217998446.7170753,-268883.28600248694
62,routing_persistent_hotspot_cluster3,32,remaining,20,0,mdl2,fdfbc49271a61fde,105003210,3,1233086172.3237693,0.0,109003210,5,1239877610.6756196,0.0
62,routing_persistent_hotspot_cluster3,32,remaining,20,1,specimen_transfer:+1x0.05,b1c137b6800f6f4c,105003210,3,1233211062.790891,-124890.4671216011,109003210,5,1239725581.8126538,152028.86296582222
62,routing_persistent_hotspot_cluster3,32,remaining,20,2,specimen_transfer:-1x0.05,fa07a4ec9213937c,105003210,3,1233928699.6451635,-842527.3213942051,109003210,5,1240345652.4919093,-468041.8162896633
62,routing_persistent_hotspot_cluster3,32,remaining,20,3,specimen_transfer:+1x0.1,b985afe47007ff92,105003210,3,1233029919.3917305,56252.93203878403,109003210,5,1240057833.8436348,-180223.16801524162
62,routing_persistent_hotspot_cluster3,32,remaining,20,4,specimen_transfer:-1x0.1,58689dfdd21dba1d,105003210,3,1233256428.438427,-170256.11465764046,109003210,5,1239958146.1988697,-80535.523250103
62,routing_persistent_hotspot_cluster3,33,4,4,0,mdl2,59823e5f58298833,105003300,3,228797638.21521208,0.0,109003300,5,226785021.61300015,0.0
62,routing_persistent_hotspot_cluster3,33,4,4,1,specimen_transfer:+1x0.05,82d5ef8c29095e1f,105003300,3,228363920.55141994,433717.66379213333,109003300,5,226426256.2309639,358765.3820362687
62,routing_persistent_hotspot_cluster3,33,4,4,2,specimen_transfer:-1x0.05,9fe43fa6d69086e5,105003300,3,230053725.22312486,-1256087.0079127848,109003300,5,228007039.07238132,-1222017.4593811631
62,routing_persistent_hotspot_cluster3,33,4,4,3,specimen_transfer:+1x0.1,a45c39085f5d5bff,105003300,3,228503197.11230215,294441.1029099226,109003300,5,226681719.25082332,103302.36217683554
62,routing_persistent_hotspot_cluster3,33,4,4,4,specimen_transfer:-1x0.1,c38b46a7eef398b2,105003300,3,230814713.31240985,-2017075.097197771,109003300,5,228743031.33783406,-1958009.7248339057
62,routing_persistent_hotspot_cluster3,33,remaining,19,0,mdl2,59823e5f58298833,105003310,3,1250566087.154615,0.0,109003310,5,1200712508.5602098,0.0
62,routing_persistent_hotspot_cluster3,33,remaining,19,1,specimen_transfer:+1x0.05,82d5ef8c29095e1f,105003310,3,1250345441.3142786,220645.84033632278,109003310,5,1199910380.0213664,802128.5388433933
62,routing_persistent_hotspot_cluster3,33,remaining,19,2,specimen_transfer:-1x0.05,9fe43fa6d69086e5,105003310,3,1252230138.523108,-1664051.3684930801,109003310,5,1200038701.9145057,673806.645704031
62,routing_persistent_hotspot_cluster3,33,remaining,19,3,specimen_transfer:+1x0.1,a45c39085f5d5bff,105003310,3,1250745068.5121694,-178981.35755443573,109003310,5,1200284756.800308,427751.759901762
62,routing_persistent_hotspot_cluster3,33,remaining,19,4,specimen_transfer:-1x0.1,c38b46a7eef398b2,105003310,3,1251581437.6095388,-1015350.4549238682,109003310,5,1199740592.2523715,971916.3078382015
62,routing_persistent_hotspot_cluster3,34,4,4,0,mdl2,3041b1b182be8936,105003400,3,248037636.6759956,0.0,109003400,5,248399764.41099015,0.0
62,routing_persistent_hotspot_cluster3,34,4,4,1,specimen_transfer:+1x0.05,4b49fe71eda60886,105003400,3,245806965.17238417,2230671.5036114156,109003400,5,246143193.3255206,2256571.085469544
62,routing_persistent_hotspot_cluster3,34,4,4,2,specimen_transfer:-1x0.05,240daf02d571136e,105003400,3,249294558.3498013,-1256921.6738057137,109003400,5,249342543.18408328,-942778.7730931342
62,routing_persistent_hotspot_cluster3,34,4,4,3,specimen_transfer:+1x0.1,c59d77ed269af0c8,105003400,3,246306651.90018022,1730984.7758153677,109003400,5,246537922.1225551,1861842.288435042
62,routing_persistent_hotspot_cluster3,34,4,4,4,specimen_transfer:-1x0.1,e8d4a8b637dd1cde,105003400,3,250868840.2757906,-2831203.5997950137,109003400,5,251084528.08193588,-2684763.670945734
62,routing_persistent_hotspot_cluster3,34,remaining,18,0,mdl2,3041b1b182be8936,105003410,3,1072521288.7305483,0.0,109003410,5,1073884065.9593306,0.0
62,routing_persistent_hotspot_cluster3,34,remaining,18,1,specimen_transfer:+1x0.05,4b49fe71eda60886,105003410,3,1072517688.576827,3600.1537212133408,109003410,5,1073817633.8616357,66432.09769487381
62,routing_persistent_hotspot_cluster3,34,remaining,18,2,specimen_transfer:-1x0.05,240daf02d571136e,105003410,3,1071715648.1738454,805640.5567028522,109003410,5,1073278836.9915752,605228.9677553177
62,routing_persistent_hotspot_cluster3,34,remaining,18,3,specimen_transfer:+1x0.1,c59d77ed269af0c8,105003410,3,1070144891.1468806,2376397.583667636,109003410,5,1071366385.3566658,2517680.602664709
62,routing_persistent_hotspot_cluster3,34,remaining,18,4,specimen_transfer:-1x0.1,e8d4a8b637dd1cde,105003410,3,1070531391.6000746,1989897.1304736137,109003410,5,1071812133.8508793,2071932.1084512472
62,routing_persistent_hotspot_cluster3,35,4,4,0,mdl2,c710a4ef128cef56,105003500,3,269348819.9119787,0.0,109003500,5,275283991.33317614,0.0
62,routing_persistent_hotspot_cluster3,35,4,4,1,specimen_transfer:+1x0.05,4c91bdf068563db3,105003500,3,268014721.02930728,1334098.8826714456,109003500,5,273935127.58737797,1348863.7457981706
62,routing_persistent_hotspot_cluster3,35,4,4,2,specimen_transfer:-1x0.05,0f311f7a97bd938f,105003500,3,270337068.414345,-988248.5023663044,109003500,5,276283631.44531816,-999640.1121420264
62,routing_persistent_hotspot_cluster3,35,4,4,3,specimen_transfer:+1x0.1,0dbaa01843d5cf1d,105003500,3,267088045.59213886,2260774.319839865,109003500,5,273058006.48662317,2225984.846552968
62,routing_persistent_hotspot_cluster3,35,4,4,4,specimen_transfer:-1x0.1,980341b87d7ef8a0,105003500,3,271342016.6351323,-1993196.7231535912,109003500,5,277278149.78786105,-1994158.4546849132
62,routing_persistent_hotspot_cluster3,35,remaining,17,0,mdl2,c710a4ef128cef56,105003510,3,1152671126.2020798,0.0,109003510,5,1114631320.3872418,0.0
62,routing_persistent_hotspot_cluster3,35,remaining,17,1,specimen_transfer:+1x0.05,4c91bdf068563db3,105003510,3,1152139777.7317183,531348.4703614712,109003510,5,1114086909.7361848,544410.6510570049
62,routing_persistent_hotspot_cluster3,35,remaining,17,2,specimen_transfer:-1x0.05,0f311f7a97bd938f,105003510,3,1151981588.1935894,689538.008490324,109003510,5,1113187959.6944869,1443360.692754984
62,routing_persistent_hotspot_cluster3,35,remaining,17,3,specimen_transfer:+1x0.1,0dbaa01843d5cf1d,105003510,3,1149687581.9458845,2983544.256195307,109003510,5,1111598057.5315175,3033262.8557243347
62,routing_persistent_hotspot_cluster3,35,remaining,17,4,specimen_transfer:-1x0.1,980341b87d7ef8a0,105003510,3,1151812200.8316164,858925.3704633713,109003510,5,1112096115.5627267,2535204.8245151043
62,routing_persistent_hotspot_cluster3,36,4,4,0,mdl2,c8b58e9ec8344ee1,105003600,3,274681690.67522174,0.0,109003600,5,274007107.07041436,0.0
62,routing_persistent_hotspot_cluster3,36,4,4,1,specimen_transfer:+1x0.05,01c31ec7881e81ae,105003600,3,274629195.11787504,52495.55734670162,109003600,5,273949333.94896215,57773.121452212334
62,routing_persistent_hotspot_cluster3,36,4,4,2,specimen_transfer:-1x0.05,d988699297ba430b,105003600,3,274573203.99265033,108486.68257141113,109003600,5,273949629.2198676,57477.85054677725
62,routing_persistent_hotspot_cluster3,36,4,4,3,specimen_transfer:+1x0.1,1fde59dddb3f3ce8,105003600,3,273848227.82366866,833462.8515530825,109003600,5,273091179.4856294,915927.5847849846
62,routing_persistent_hotspot_cluster3,36,4,4,4,specimen_transfer:-1x0.1,fe9aa99d37d260b5,105003600,3,274870865.8891008,-189175.21387904882,109003600,5,274270743.5515364,-263636.4811220169
62,routing_persistent_hotspot_cluster3,36,remaining,16,0,mdl2,c8b58e9ec8344ee1,105003610,3,1100724631.4219735,0.0,109003610,5,1086814373.7501078,0.0
62,routing_persistent_hotspot_cluster3,36,remaining,16,1,specimen_transfer:+1x0.05,01c31ec7881e81ae,105003610,3,1101387938.4359946,-663307.0140211582,109003610,5,1087824868.1141686,-1010494.3640608788
62,routing_persistent_hotspot_cluster3,36,remaining,16,2,specimen_transfer:-1x0.05,d988699297ba430b,105003610,3,1100929439.9506848,-204808.52871131897,109003610,5,1087268553.3305688,-454179.58046102524
62,routing_persistent_hotspot_cluster3,36,remaining,16,3,specimen_transfer:+1x0.1,1fde59dddb3f3ce8,105003610,3,1100894483.3719044,-169851.9499309063,109003610,5,1087671140.3528275,-856766.6027197838
62,routing_persistent_hotspot_cluster3,36,remaining,16,4,specimen_transfer:-1x0.1,fe9aa99d37d260b5,105003610,3,1100215836.983186,508794.4387874603,109003610,5,1087109362.2922242,-294988.5421164036
62,routing_persistent_hotspot_cluster3,37,4,4,0,mdl2,6246d85eff383a87,105003700,3,270573852.56360996,0.0,109003700,5,265167137.04610783,0.0
62,routing_persistent_hotspot_cluster3,37,4,4,1,specimen_transfer:+1x0.05,3a7f683f31fec247,105003700,3,269545734.65854,1028117.9050699472,109003700,5,264112632.50111586,1054504.54499197
62,routing_persistent_hotspot_cluster3,37,4,4,2,specimen_transfer:-1x0.05,dacacb439b7036fd,105003700,3,271229201.8051744,-655349.2415644526,109003700,5,265917351.39860597,-750214.3524981439
62,routing_persistent_hotspot_cluster3,37,4,4,3,specimen_transfer:+1x0.1,736c02ade9684e74,105003700,3,268851679.27209705,1722173.2915129066,109003700,5,263903112.06924763,1264024.9768601954
62,routing_persistent_hotspot_cluster3,37,4,4,4,specimen_transfer:-1x0.1,e151ea8f98be427d,105003700,3,270705493.8663084,-131641.3026984334,109003700,5,265689197.2600875,-522060.21397966146
62,routing_persistent_hotspot_cluster3,37,remaining,15,0,mdl2,6246d85eff383a87,105003710,3,964857713.3881992,0.0,109003710,5,1091613003.0031836,0.0
62,routing_persistent_hotspot_cluster3,37,remaining,15,1,specimen_transfer:+1x0.05,3a7f683f31fec247,105003710,3,964923267.9778928,-65554.5896935463,109003710,5,1091259026.5342515,353976.4689321518
62,routing_persistent_hotspot_cluster3,37,remaining,15,2,specimen_transfer:-1x0.05,dacacb439b7036fd,105003710,3,964298485.765605,559227.6225942373,109003710,5,1090768213.5928333,844789.4103503227
62,routing_persistent_hotspot_cluster3,37,remaining,15,3,specimen_transfer:+1x0.1,736c02ade9684e74,105003710,3,964459467.2061299,398246.1820693016,109003710,5,1091296887.6492991,316115.35388445854
62,routing_persistent_hotspot_cluster3,37,remaining,15,4,specimen_transfer:-1x0.1,e151ea8f98be427d,105003710,3,962766395.7652842,2091317.6229150295,109003710,5,1090133107.003303,1479895.9998805523
62,routing_persistent_hotspot_cluster3,38,4,4,0,mdl2,1d0bdb6c1b59efc5,105003800,3,277409588.9819657,0.0,109003800,5,277723167.3291589,0.0
62,routing_persistent_hotspot_cluster3,38,4,4,1,specimen_transfer:+1x0.05,68bfafeaf7dcd493,105003800,3,276487416.87598294,922172.1059827805,109003800,5,277058109.0477429,665058.2814159989
62,routing_persistent_hotspot_cluster3,38,4,4,2,specimen_transfer:-1x0.05,955c85e7edaa94f8,105003800,3,278209041.5697836,-799452.5878179073,109003800,5,278592175.0671954,-869007.7380365133
62,routing_persistent_hotspot_cluster3,38,4,4,3,specimen_transfer:+1x0.1,66d46ce6250721f1,105003800,3,276260548.9392998,1149040.0426658988,109003800,5,276868408.9409925,854758.3881664276
62,routing_persistent_hotspot_cluster3,38,4,4,4,specimen_transfer:-1x0.1,1166e7f024e117ae,105003800,3,278599584.2137546,-1189995.2317888737,109003800,5,278524327.3901645,-801160.0610055923
62,routing_persistent_hotspot_cluster3,38,remaining,14,0,mdl2,1d0bdb6c1b59efc5,105003810,3,931934102.9567801,0.0,109003810,5,935852235.8402977,0.0
62,routing_persistent_hotspot_cluster3,38,remaining,14,1,specimen_transfer:+1x0.05,68bfafeaf7dcd493,105003810,3,931667862.7814189,266240.17536115646,109003810,5,936072230.0620947,-219994.22179698944
62,routing_persistent_hotspot_cluster3,38,remaining,14,2,specimen_transfer:-1x0.05,955c85e7edaa94f8,105003810,3,932313194.7802988,-379091.82351875305,109003810,5,936051485.0401251,-199249.19982743263
62,routing_persistent_hotspot_cluster3,38,remaining,14,3,specimen_transfer:+1x0.1,66d46ce6250721f1,105003810,3,931555233.7540153,378869.2027647495,109003810,5,935874075.8340588,-21839.993761062622
62,routing_persistent_hotspot_cluster3,38,remaining,14,4,specimen_transfer:-1x0.1,1166e7f024e117ae,105003810,3,932117973.1423496,-183870.18556952477,109003810,5,935537427.5269442,314808.3133535385
62,routing_persistent_hotspot_cluster3,39,4,4,0,mdl2,ba7119788c5d122f,105003900,3,277969953.6778887,0.0,109003900,5,282959395.01525116,0.0
62,routing_persistent_hotspot_cluster3,39,4,4,1,specimen_transfer:+1x0.05,ad6a0063ca95a44d,105003900,3,277660732.3707103,309221.3071783781,109003900,5,282791288.63675517,168106.37849599123
62,routing_persistent_hotspot_cluster3,39,4,4,2,specimen_transfer:-1x0.05,771b70fde730b1b9,105003900,3,278080011.40727633,-110057.72938764095,109003900,5,283196212.1036941,-236817.08844292164
62,routing_persistent_hotspot_cluster3,39,4,4,3,specimen_transfer:+1x0.1,d8f88941221046bb,105003900,3,277797308.89349735,172644.7843913436,109003900,5,282720478.992201,238916.02305018902
62,routing_persistent_hotspot_cluster3,39,4,4,4,specimen_transfer:-1x0.1,41439251ab7f9032,105003900,3,278447962.2301021,-478008.5522134304,109003900,5,283257463.83552134,-298068.8202701807
62,routing_persistent_hotspot_cluster3,39,remaining,13,0,mdl2,ba7119788c5d122f,105003910,3,894150876.7834362,0.0,109003910,5,837087458.6204618,0.0
62,routing_persistent_hotspot_cluster3,39,remaining,13,1,specimen_transfer:+1x0.05,ad6a0063ca95a44d,105003910,3,895863543.1363927,-1712666.3529565334,109003910,5,838996697.0552826,-1909238.4348207712
62,routing_persistent_hotspot_cluster3,39,remaining,13,2,specimen_transfer:-1x0.05,771b70fde730b1b9,105003910,3,894941526.2791303,-790649.4956941605,109003910,5,838411369.7175517,-1323911.0970898867
62,routing_persistent_hotspot_cluster3,39,remaining,13,3,specimen_transfer:+1x0.1,d8f88941221046bb,105003910,3,896186408.5696465,-2035531.7862102985,109003910,5,839332210.7266519,-2244752.1061900854
62,routing_persistent_hotspot_cluster3,39,remaining,13,4,specimen_transfer:-1x0.1,41439251ab7f9032,105003910,3,895247881.331817,-1097004.5483808517,109003910,5,838380856.4684945,-1293397.848032713
62,routing_persistent_hotspot_cluster3,40,4,4,0,mdl2,7aaf53713a2391da,105004000,3,301405628.0288617,0.0,109004000,5,302441509.8365158,0.0
62,routing_persistent_hotspot_cluster3,40,4,4,1,specimen_transfer:+1x0.05,a1d799da47000fe4,105004000,3,301389179.810298,16448.21856367588,109004000,5,302979940.83002985,-538430.993514061
62,routing_persistent_hotspot_cluster3,40,4,4,2,specimen_transfer:-1x0.05,f8e49061f2f7d54a,105004000,3,302109450.59478945,-703822.5659277439,109004000,5,302768160.2377351,-326650.4012193084
62,routing_persistent_hotspot_cluster3,40,4,4,3,specimen_transfer:+1x0.1,5e1958ce523036c0,105004000,3,302482948.6634373,-1077320.6345756054,109004000,5,303145418.1339233,-703908.2974075079
62,routing_persistent_hotspot_cluster3,40,4,4,4,specimen_transfer:-1x0.1,b329b59f8fcb9c5a,105004000,3,302952982.56041294,-1547354.5315512419,109004000,5,303571731.0630806,-1130221.2265648246
62,routing_persistent_hotspot_cluster3,40,remaining,12,0,mdl2,7aaf53713a2391da,105004010,3,854541621.8699228,0.0,109004010,5,772279634.4896243,0.0
62,routing_persistent_hotspot_cluster3,40,remaining,12,1,specimen_transfer:+1x0.05,a1d799da47000fe4,105004010,3,855988784.6291677,-1447162.7592449188,109004010,5,772590046.8143352,-310412.32471096516
62,routing_persistent_hotspot_cluster3,40,remaining,12,2,specimen_transfer:-1x0.05,f8e49061f2f7d54a,105004010,3,857346549.4382671,-2804927.5683443546,109004010,5,775018465.0760622,-2738830.5864379406
62,routing_persistent_hotspot_cluster3,40,remaining,12,3,specimen_transfer:+1x0.1,5e1958ce523036c0,105004010,3,854873085.3767914,-331463.50686860085,109004010,5,772584467.4560772,-304832.9664529562
62,routing_persistent_hotspot_cluster3,40,remaining,12,4,specimen_transfer:-1x0.1,b329b59f8fcb9c5a,105004010,3,856730959.2237822,-2189337.3538594246,109004010,5,774566136.8614719,-2286502.3718476295
62,routing_persistent_hotspot_cluster3,41,4,4,0,mdl2,22913cfebff74e27,105004100,3,315664159.6564055,0.0,109004100,5,316328054.84303343,0.0
62,routing_persistent_hotspot_cluster3,41,4,4,1,specimen_transfer:+1x0.05,94fadabc4dd58c5b,105004100,3,316289298.09024245,-625138.433836937,109004100,5,316990433.59395885,-662378.7509254217
62,routing_persistent_hotspot_cluster3,41,4,4,2,specimen_transfer:-1x0.05,da5bcbb351c41290,105004100,3,317168469.58681226,-1504309.9304067492,109004100,5,317350642.881995,-1022588.0389615893
62,routing_persistent_hotspot_cluster3,41,4,4,3,specimen_transfer:+1x0.1,e9136b3eaf3dccd5,105004100,3,315486619.23898727,177540.4174182415,109004100,5,316130780.5601755,197274.2828579545
62,routing_persistent_hotspot_cluster3,41,4,4,4,specimen_transfer:-1x0.1,836e605c17e551ff,105004100,3,317812464.3071873,-2148304.6507818103,109004100,5,317850390.895769,-1522336.052735567
62,routing_persistent_hotspot_cluster3,41,remaining,11,0,mdl2,22913cfebff74e27,105004110,3,685793177.5253907,0.0,109004110,5,716474687.2706572,0.0
62,routing_persistent_hotspot_cluster3,41,remaining,11,1,specimen_transfer:+1x0.05,94fadabc4dd58c5b,105004110,3,688445468.8411798,-2652291.3157891035,109004110,5,717823238.8028405,-1348551.5321832895
62,routing_persistent_hotspot_cluster3,41,remaining,11,2,specimen_transfer:-1x0.05,da5bcbb351c41290,105004110,3,687186524.1256355,-1393346.6002447605,109004110,5,717093905.8221184,-619218.5514612198
62,routing_persistent_hotspot_cluster3,41,remaining,11,3,specimen_transfer:+1x0.1,e9136b3eaf3dccd5,105004110,3,687670782.958048,-1877605.4326572418,109004110,5,717048284.6744162,-573597.4037590027
62,routing_persistent_hotspot_cluster3,41,remaining,11,4,specimen_transfer:-1x0.1,836e605c17e551ff,105004110,3,687538615.5241199,-1745437.9987291098,109004110,5,717710174.5057672,-1235487.2351100445
62,routing_persistent_hotspot_cluster3,42,4,4,0,mdl2,b4864e6cd103b4c9,105004200,3,284019115.118249,0.0,109004200,5,282401830.303585,0.0
62,routing_persistent_hotspot_cluster3,42,4,4,1,specimen_transfer:+1x0.05,9a86886f2a99850c,105004200,3,283322833.264311,696281.8539379835,109004200,5,281347301.9773698,1054528.3262152076
62,routing_persistent_hotspot_cluster3,42,4,4,2,specimen_transfer:-1x0.05,44abb66585e4f01c,105004200,3,286455396.4120014,-2436281.2937523723,109004200,5,284461640.8933919,-2059810.5898069143
62,routing_persistent_hotspot_cluster3,42,4,4,3,specimen_transfer:+1x0.1,b78cca038f5d45d0,105004200,3,282553600.24820167,1465514.8700473309,109004200,5,280525423.33271694,1876406.970868051
62,routing_persistent_hotspot_cluster3,42,4,4,4,specimen_transfer:-1x0.1,5221f46d45ed1fd6,105004200,3,286312123.19476455,-2293008.0765155554,109004200,5,283805655.5992931,-1403825.2957081199
62,routing_persistent_hotspot_cluster3,42,remaining,10,0,mdl2,b4864e6cd103b4c9,105004210,3,670034652.1936451,0.0,109004210,5,590545926.4825877,0.0
62,routing_persistent_hotspot_cluster3,42,remaining,10,1,specimen_transfer:+1x0.05,9a86886f2a99850c,105004210,3,670515936.3544246,-481284.16077947617,109004210,5,589840009.5405905,705916.9419971704
62,routing_persistent_hotspot_cluster3,42,remaining,10,2,specimen_transfer:-1x0.05,44abb66585e4f01c,105004210,3,671059034.341147,-1024382.1475018263,109004210,5,591965635.6786667,-1419709.1960790157
62,routing_persistent_hotspot_cluster3,42,remaining,10,3,specimen_transfer:+1x0.1,b78cca038f5d45d0,105004210,3,671990246.5179459,-1955594.324300766,109004210,5,591487517.692339,-941591.2097512484
62,routing_persistent_hotspot_cluster3,42,remaining,10,4,specimen_transfer:-1x0.1,5221f46d45ed1fd6,105004210,3,671343754.85914,-1309102.6654949188,109004210,5,592663695.8777072,-2117769.395119548
62,routing_persistent_hotspot_cluster3,43,4,4,0,mdl2,682acd5c2558b588,105004300,3,279725683.0288059,0.0,109004300,5,281168186.7097019,0.0
62,routing_persistent_hotspot_cluster3,43,4,4,1,specimen_transfer:+1x0.05,d1bcab4267de35a5,105004300,3,279366894.39658225,358788.6322236657,109004300,5,280754337.60039973,413849.1093021631
62,routing_persistent_hotspot_cluster3,43,4,4,2,specimen_transfer:-1x0.05,2ba458608f904ade,105004300,3,282747628.67541677,-3021945.646610856,109004300,5,283589996.9726417,-2421810.2629398108
62,routing_persistent_hotspot_cluster3,43,4,4,3,specimen_transfer:+1x0.1,d5c0eeaa78d7b6cc,105004300,3,280485364.20231706,-759681.1735111475,109004300,5,281247788.772889,-79602.06318712234
62,routing_persistent_hotspot_cluster3,43,4,4,4,specimen_transfer:-1x0.1,36244864f64fb072,105004300,3,284529654.4171589,-4803971.38835299,109004300,5,285301616.50780153,-4133429.798099637
62,routing_persistent_hotspot_cluster3,43,remaining,9,0,mdl2,682acd5c2558b588,105004310,3,628216250.2669181,0.0,109004310,5,672445341.5013065,0.0
62,routing_persistent_hotspot_cluster3,43,remaining,9,1,specimen_transfer:+1x0.05,d1bcab4267de35a5,105004310,3,630417622.2334508,-2201371.966532707,109004310,5,674607868.2970912,-2162526.795784712
62,routing_persistent_hotspot_cluster3,43,remaining,9,2,specimen_transfer:-1x0.05,2ba458608f904ade,105004310,3,629275232.7800959,-1058982.5131778717,109004310,5,673305833.3905039,-860491.8891973495
62,routing_persistent_hotspot_cluster3,43,remaining,9,3,specimen_transfer:+1x0.1,d5c0eeaa78d7b6cc,105004310,3,629037413.5149728,-821163.2480547428,109004310,5,674237258.3349248,-1791916.8336182833
62,routing_persistent_hotspot_cluster3,43,remaining,9,4,specimen_transfer:-1x0.1,36244864f64fb072,105004310,3,628997072.3045131,-780822.0375950336,109004310,5,672776457.7386218,-331116.2373152971
62,routing_persistent_hotspot_cluster3,44,4,4,0,mdl2,497abc47a2b88c35,105004400,3,259412110.96051088,0.0,109004400,5,265299809.6006692,0.0
62,routing_persistent_hotspot_cluster3,44,4,4,1,specimen_transfer:+1x0.05,689dd166d6e29805,105004400,3,259972340.00172582,-560229.0412149429,109004400,5,266175486.44183913,-875676.8411699235
62,routing_persistent_hotspot_cluster3,44,4,4,2,specimen_transfer:-1x0.05,2760d2f96457f105,105004400,3,259667378.9181082,-255267.9575973153,109004400,5,265891890.5801978,-592080.9795286059
62,routing_persistent_hotspot_cluster3,44,4,4,3,specimen_transfer:+1x0.1,d2f7ee85299a216a,105004400,3,258476263.98607993,935846.9744309485,109004400,5,264662480.85929552,637328.741373688
62,routing_persistent_hotspot_cluster3,44,4,4,4,specimen_transfer:-1x0.1,ee5983526d10ca7e,105004400,3,261515266.05409047,-2103155.0935795903,109004400,5,267898736.15377933,-2598926.5531101227
62,routing_persistent_hotspot_cluster3,44,remaining,8,0,mdl2,497abc47a2b88c35,105004410,3,574313101.5736222,0.0,109004410,5,567287604.8954462,0.0
62,routing_persistent_hotspot_cluster3,44,remaining,8,1,specimen_transfer:+1x0.05,689dd166d6e29805,105004410,3,575394518.162878,-1081416.5892558098,109004410,5,568115323.4419242,-827718.5464780331
62,routing_persistent_hotspot_cluster3,44,remaining,8,2,specimen_transfer:-1x0.05,2760d2f96457f105,105004410,3,575223804.007876,-910702.4342538118,109004410,5,567668659.6281374,-381054.7326911688
62,routing_persistent_hotspot_cluster3,44,remaining,8,3,specimen_transfer:+1x0.1,d2f7ee85299a216a,105004410,3,573898358.495555,414743.0780671835,109004410,5,566619193.3777224,668411.5177237988
62,routing_persistent_hotspot_cluster3,44,remaining,8,4,specimen_transfer:-1x0.1,ee5983526d10ca7e,105004410,3,575357569.8715655,-1044468.2979432344,109004410,5,568394110.1470661,-1106505.251619935
62,routing_persistent_hotspot_cluster3,45,4,4,0,mdl2,c413ab23dd27eb2c,105004500,3,242877614.38901725,0.0,109004500,5,240906642.54493895,0.0
62,routing_persistent_hotspot_cluster3,45,4,4,1,specimen_transfer:+1x0.05,9001192cc189a05e,105004500,3,242094762.90738213,782851.4816351235,109004500,5,240044351.36433974,862291.1805992126
62,routing_persistent_hotspot_cluster3,45,4,4,2,specimen_transfer:-1x0.05,42928332bc719168,105004500,3,244129906.72772312,-1252292.3387058675,109004500,5,241853762.8450583,-947120.3001193404
62,routing_persistent_hotspot_cluster3,45,4,4,3,specimen_transfer:+1x0.1,6301807f26756920,105004500,3,241088246.26222357,1789368.1267936826,109004500,5,239318824.8722826,1587817.6726563573
62,routing_persistent_hotspot_cluster3,45,4,4,4,specimen_transfer:-1x0.1,9fc3dc9f6c28034c,105004500,3,244788282.7624205,-1910668.3734032512,109004500,5,242866882.74036837,-1960240.1954294145
62,routing_persistent_hotspot_cluster3,45,remaining,7,0,mdl2,c413ab23dd27eb2c,105004510,3,476822567.85682154,0.0,109004510,5,486115483.3765176,0.0
62,routing_persistent_hotspot_cluster3,45,remaining,7,1,specimen_transfer:+1x0.05,9001192cc189a05e,105004510,3,476426650.9413924,395916.9154291153,109004510,5,485308396.0910772,807087.2854403853
62,routing_persistent_hotspot_cluster3,45,remaining,7,2,specimen_transfer:-1x0.05,42928332bc719168,105004510,3,477861436.655673,-1038868.79885149,109004510,5,487056295.38269365,-940812.0061760545
62,routing_persistent_hotspot_cluster3,45,remaining,7,3,specimen_transfer:+1x0.1,6301807f26756920,105004510,3,473974845.8975243,2847721.95929724,109004510,5,483456780.0726325,2658703.3038851023
62,routing_persistent_hotspot_cluster3,45,remaining,7,4,specimen_transfer:-1x0.1,9fc3dc9f6c28034c,105004510,3,478028980.7906318,-1206412.933810234,109004510,5,487928485.5887955,-1813002.2122778893
62,routing_persistent_hotspot_cluster3,46,4,4,0,mdl2,451c0bbc991d4bce,105004600,3,265165323.82142854,0.0,109004600,5,262528706.93380624,0.0
62,routing_persistent_hotspot_cluster3,46,4,4,1,specimen_transfer:+1x0.05,81b2c9d9ecff2e97,105004600,3,263296949.02940544,1868374.7920230925,109004600,5,260883661.93649468,1645044.9973115623
62,routing_persistent_hotspot_cluster3,46,4,4,2,specimen_transfer:-1x0.05,cc680053e48f69e5,105004600,3,264110649.00601077,1054674.8154177666,109004600,5,262093384.41874465,435322.5150615871
62,routing_persistent_hotspot_cluster3,46,4,4,3,specimen_transfer:+1x0.1,254dd0dca4f5a346,105004600,3,262611402.8694198,2553920.952008724,109004600,5,260111836.6505013,2416870.2833049297
62,routing_persistent_hotspot_cluster3,46,4,4,4,specimen_transfer:-1x0.1,fed559c056227aaf,105004600,3,265253923.303822,-88599.48239347339,109004600,5,262932562.6999808,-403855.7661745548
62,routing_persistent_hotspot_cluster3,46,remaining,6,0,mdl2,451c0bbc991d4bce,105004610,3,413365657.3006061,0.0,109004610,5,417043946.5897562,0.0
62,routing_persistent_hotspot_cluster3,46,remaining,6,1,specimen_transfer:+1x0.05,81b2c9d9ecff2e97,105004610,3,411496481.25694877,1869176.0436573029,109004610,5,416590615.3064877,453331.2832685113
62,routing_persistent_hotspot_cluster3,46,remaining,6,2,specimen_transfer:-1x0.05,cc680053e48f69e5,105004610,3,414823679.8550604,-1458022.5544543266,109004610,5,419064441.11692786,-2020494.5271716714
62,routing_persistent_hotspot_cluster3,46,remaining,6,3,specimen_transfer:+1x0.1,254dd0dca4f5a346,105004610,3,411740763.7204401,1624893.5801659822,109004610,5,415978022.70471615,1065923.8850400448
62,routing_persistent_hotspot_cluster3,46,remaining,6,4,specimen_transfer:-1x0.1,fed559c056227aaf,105004610,3,416937084.44100356,-3571427.140397489,109004610,5,421101087.68128645,-4057141.0915302634
62,routing_persistent_hotspot_cluster3,47,4,4,0,mdl2,41b5f51c7692225d,105004700,3,266813077.3423566,0.0,109004700,5,273130331.75434005,0.0
62,routing_persistent_hotspot_cluster3,47,4,4,1,specimen_transfer:+1x0.05,cedf3e7ea4e75697,105004700,3,266160012.89575616,653064.4466004372,109004700,5,272675219.9629554,455111.79138463736
62,routing_persistent_hotspot_cluster3,47,4,4,2,specimen_transfer:-1x0.05,4476dcf3f3a6e496,105004700,3,267702720.6020458,-889643.2596892118,109004700,5,273785120.50457585,-654788.750235796
62,routing_persistent_hotspot_cluster3,47,4,4,3,specimen_transfer:+1x0.1,ac83f13b46f0d37a,105004700,3,266454304.16568315,358773.1766734421,109004700,5,273073280.82488763,57050.92945241928
62,routing_persistent_hotspot_cluster3,47,4,4,4,specimen_transfer:-1x0.1,a693532f163eec91,105004700,3,268338369.815326,-1525292.4729694128,109004700,5,274726613.276227,-1596281.5218869448
62,routing_persistent_hotspot_cluster3,47,remaining,5,0,mdl2,41b5f51c7692225d,105004710,3,354362816.7981717,0.0,109004710,5,351694494.5751209,0.0
62,routing_persistent_hotspot_cluster3,47,remaining,5,1,specimen_transfer:+1x0.05,cedf3e7ea4e75697,105004710,3,353979279.0280748,383537.7700968981,109004710,5,351236120.9559318,458373.6191891432
62,routing_persistent_hotspot_cluster3,47,remaining,5,2,specimen_transfer:-1x0.05,4476dcf3f3a6e496,105004710,3,355672699.99761164,-1309883.1994399428,109004710,5,352898752.32616824,-1204257.7510473132
62,routing_persistent_hotspot_cluster3,47,remaining,5,3,specimen_transfer:+1x0.1,ac83f13b46f0d37a,105004710,3,353525245.7743385,837571.0238332152,109004710,5,350981133.46700823,713361.1081126928
62,routing_persistent_hotspot_cluster3,47,remaining,5,4,specimen_transfer:-1x0.1,a693532f163eec91,105004710,3,356099790.16690344,-1736973.3687317371,109004710,5,353565133.65262026,-1870639.07749933
62,routing_persistent_hotspot_cluster3,48,4,4,0,mdl2,aac84f83a14bb1b6,105004800,3,284849821.4913898,0.0,109004800,5,283015962.65093976,0.0
62,routing_persistent_hotspot_cluster3,48,4,4,1,specimen_transfer:+1x0.05,cc55ab88201afe3c,105004800,3,283649245.28644544,1200576.2049443722,109004800,5,282207971.9104817,807990.7404580712
62,routing_persistent_hotspot_cluster3,48,4,4,2,specimen_transfer:-1x0.05,9b30b9af43da8b10,105004800,3,286230978.31901264,-1381156.8276228309,109004800,5,284408031.01323634,-1392068.3622965813
62,routing_persistent_hotspot_cluster3,48,4,4,3,specimen_transfer:+1x0.1,b4ff3744df918f9c,105004800,3,283822292.7563924,1027528.7349973917,109004800,5,281578414.16518366,1437548.4857560992
62,routing_persistent_hotspot_cluster3,48,4,4,4,specimen_transfer:-1x0.1,adf753873a60fad6,105004800,3,286658682.41764337,-1808860.9262535572,109004800,5,284858297.45229465,-1842334.801354885
62,routing_persistent_hotspot_cluster3,48,remaining,4,0,mdl2,aac84f83a14bb1b6,105004810,3,287792251.0334282,0.0,109004810,5,287391061.4517168,0.0
62,routing_persistent_hotspot_cluster3,48,remaining,4,1,specimen_transfer:+1x0.05,cc55ab88201afe3c,105004810,3,286646486.0675656,1145764.9658625722,109004810,5,286750292.228503,640769.2232137918
62,routing_persistent_hotspot_cluster3,48,remaining,4,2,specimen_transfer:-1x0.05,9b30b9af43da8b10,105004810,3,289594996.384581,-1802745.3511528373,109004810,5,288805631.8888794,-1414570.4371626377
62,routing_persistent_hotspot_cluster3,48,remaining,4,3,specimen_transfer:+1x0.1,b4ff3744df918f9c,105004810,3,286969332.36586875,822918.6675594449,109004810,5,286352977.7105166,1038083.7412002087
62,routing_persistent_hotspot_cluster3,48,remaining,4,4,specimen_transfer:-1x0.1,adf753873a60fad6,105004810,3,290042568.041423,-2250317.0079948306,109004810,5,289256061.1102087,-1864999.6584919095
62,routing_persistent_hotspot_cluster3,49,4,3,0,mdl2,c7efe5f3885d68c9,105004900,3,221035201.19450364,0.0,109004900,5,223347246.7259305,0.0
62,routing_persistent_hotspot_cluster3,49,4,3,1,specimen_transfer:+1x0.05,87df60d9cb05b57b,105004900,3,220384518.45250836,650682.741995275,109004900,5,224049393.3892373,-702146.6633068025
62,routing_persistent_hotspot_cluster3,49,4,3,2,specimen_transfer:-1x0.05,8e19365f9aa09c65,105004900,3,222134750.70630023,-1099549.5117965937,109004900,5,224920005.2345496,-1572758.5086190999
62,routing_persistent_hotspot_cluster3,49,4,3,3,specimen_transfer:+1x0.1,78a48b5c0fbb0395,105004900,3,220736655.15986046,298546.0346431732,109004900,5,224415455.29268083,-1068208.5667503178
62,routing_persistent_hotspot_cluster3,49,4,3,4,specimen_transfer:-1x0.1,1ab3450c71a13f4c,105004900,3,222265549.6097828,-1230348.41527915,109004900,5,225079282.37320003,-1732035.6472695172
62,routing_persistent_hotspot_cluster3,49,remaining,3,0,mdl2,c7efe5f3885d68c9,105004910,3,223281967.61688045,0.0,109004910,5,224357255.48104924,0.0
62,routing_persistent_hotspot_cluster3,49,remaining,3,1,specimen_transfer:+1x0.05,87df60d9cb05b57b,105004910,3,223121733.3732593,160234.24362114072,109004910,5,224588185.650518,-230930.1694687605
62,routing_persistent_hotspot_cluster3,49,remaining,3,2,specimen_transfer:-1x0.05,8e19365f9aa09c65,105004910,3,223635839.80917978,-353872.1922993362,109004910,5,226100053.33811697,-1742797.857067734
62,routing_persistent_hotspot_cluster3,49,remaining,3,3,specimen_transfer:+1x0.1,78a48b5c0fbb0395,105004910,3,223094999.5378333,186968.07904714346,109004910,5,225054136.16649327,-696880.6854440272
62,routing_persistent_hotspot_cluster3,49,remaining,3,4,specimen_transfer:-1x0.1,1ab3450c71a13f4c,105004910,3,223795452.15832475,-513484.5414443016,109004910,5,226216735.89644185,-1859480.4153926075
62,routing_persistent_hotspot_cluster3,50,4,2,0,mdl2,a22d45ad88e552b9,105005000,3,147028264.12770623,0.0,109005000,5,147016987.57370728,0.0
62,routing_persistent_hotspot_cluster3,50,4,2,1,specimen_transfer:+1x0.05,8f2baa1f1121aa34,105005000,3,146508106.4960359,520157.631670326,109005000,5,146392050.33219817,624937.2415091097
62,routing_persistent_hotspot_cluster3,50,4,2,2,specimen_transfer:-1x0.05,d266b6c79d057aae,105005000,3,148373671.62039876,-1345407.4926925302,109005000,5,148079772.34382486,-1062784.770117581
62,routing_persistent_hotspot_cluster3,50,4,2,3,specimen_transfer:+1x0.1,62e4e4a0d01db55a,105005000,3,148339838.30383873,-1311574.1761325002,109005000,5,148071328.61363173,-1054341.0399244428
62,routing_persistent_hotspot_cluster3,50,4,2,4,specimen_transfer:-1x0.1,c8c872c1ad55277e,105005000,3,148598811.5203906,-1570547.3926843703,109005000,5,148304870.4012094,-1287882.8275021315
62,routing_persistent_hotspot_cluster3,50,remaining,2,0,mdl2,a22d45ad88e552b9,105005010,3,148086416.07891992,0.0,109005010,5,147704752.45175582,0.0
62,routing_persistent_hotspot_cluster3,50,remaining,2,1,specimen_transfer:+1x0.05,8f2baa1f1121aa34,105005010,3,147636156.20538107,450259.87353885174,109005010,5,147005316.35145587,699436.1002999544
62,routing_persistent_hotspot_cluster3,50,remaining,2,2,specimen_transfer:-1x0.05,d266b6c79d057aae,105005010,3,149205331.93258128,-1118915.8536613584,109005010,5,148972068.64582995,-1267316.194074124
62,routing_persistent_hotspot_cluster3,50,remaining,2,3,specimen_transfer:+1x0.1,62e4e4a0d01db55a,105005010,3,149482192.65342435,-1395776.574504435,109005010,5,148913428.9026645,-1208676.4509086907
62,routing_persistent_hotspot_cluster3,50,remaining,2,4,specimen_transfer:-1x0.1,c8c872c1ad55277e,105005010,3,149472552.56588364,-1386136.4869637191,109005010,5,149222602.0437495,-1517849.5919936895
62,routing_persistent_hotspot_cluster3,51,4,1,0,mdl2,1f0033103cd2a8d7,105005100,3,71393188.08051997,0.0,109005100,5,71393188.08051997,0.0
62,routing_persistent_hotspot_cluster3,51,4,1,1,specimen_transfer:+1x0.05,c5453706a8112a13,105005100,3,71868898.82421288,-475710.7436929047,109005100,5,71868898.82421288,-475710.7436929047
62,routing_persistent_hotspot_cluster3,51,4,1,2,specimen_transfer:-1x0.05,dfcc22ac34545475,105005100,3,73091898.64441235,-1698710.5638923794,109005100,5,73091898.64441235,-1698710.5638923794
62,routing_persistent_hotspot_cluster3,51,4,1,3,specimen_transfer:+1x0.1,194965a8fdb82791,105005100,3,74194901.53465083,-2801713.454130858,109005100,5,74194901.53465083,-2801713.454130858
62,routing_persistent_hotspot_cluster3,51,4,1,4,specimen_transfer:-1x0.1,aae5cb87d558d2e0,105005100,3,72943418.5248591,-1550230.4443391263,109005100,5,72943418.5248591,-1550230.4443391263
62,routing_persistent_hotspot_cluster3,51,remaining,1,0,mdl2,1f0033103cd2a8d7,105005110,3,71393188.08051997,0.0,109005110,5,71393188.08051997,0.0
62,routing_persistent_hotspot_cluster3,51,remaining,1,1,specimen_transfer:+1x0.05,c5453706a8112a13,105005110,3,71868898.82421288,-475710.7436929047,109005110,5,71868898.82421288,-475710.7436929047
62,routing_persistent_hotspot_cluster3,51,remaining,1,2,specimen_transfer:-1x0.05,dfcc22ac34545475,105005110,3,73091898.64441235,-1698710.5638923794,109005110,5,73091898.64441235,-1698710.5638923794
62,routing_persistent_hotspot_cluster3,51,remaining,1,3,specimen_transfer:+1x0.1,194965a8fdb82791,105005110,3,74194901.53465083,-2801713.454130858,109005110,5,74194901.53465083,-2801713.454130858
62,routing_persistent_hotspot_cluster3,51,remaining,1,4,specimen_transfer:-1x0.1,aae5cb87d558d2e0,105005110,3,72943418.5248591,-1550230.4443391263,109005110,5,72943418.5248591,-1550230.4443391263
