{
  "baseline_mean": 1268240789.7666361,
  "candidate_mean": 1268049127.617251,
  "ci_high": -148400.78640928876,
  "ci_low": -234659.44637139008,
  "mean_difference": -191662.14938521385,
  "mean_gap_pct": -0.015112441653960746,
  "metric": "total_cost",
  "n_pairs": 500,
  "n_training_seeds": 5,
  "per_seed_mean_difference": {
    "0": -178443.41139692545,
    "1": -243592.50175605298,
    "2": -140560.32868308306,
    "3": -199907.65155656813,
    "4": -195806.85353374004
  },
  "ties": 0,
  "wins": 377
}
