{
  "baseline_mean": 1268256613.1067357,
  "candidate_mean": 1268240789.7666361,
  "ci_high": 99437.29925446982,
  "ci_low": -142607.46477646887,
  "mean_difference": -15823.340099573135,
  "mean_gap_pct": -0.0012476449904575782,
  "metric": "total_cost",
  "n_pairs": 500,
  "n_training_seeds": 5,
  "per_seed_mean_difference": {
    "0": 91498.90142225266,
    "1": 96771.40662268162,
    "2": -14394.431795608998,
    "3": -67363.38640596152,
    "4": -185629.19034112932
  },
  "ties": 0,
  "wins": 268
}
