training_seed,scenario,step,configured_horizon,horizon,candidate_index,candidate_label,candidate_group,candidate_epsilon,candidate_sign,input_action_delta_l2,execution_delta_l2,execution_survived,anchor_execution_id,execution_id,discovery_total_cost,discovery_cost_advantage,discovery_completion_service_level,discovery_patients_lost,discovery_patient_ineligibility_during_manufacturing_rate,discovery_clinical_noninferior,validation_total_cost,validation_cost_advantage,validation_completion_service_level,validation_patients_lost,validation_patient_ineligibility_during_manufacturing_rate,validation_clinical_noninferior
60,routing_persistent_hotspot_cluster1,0,remaining,52,0,mdl2,anchor,0.0,0.0,0.0,0.0,True,,dee6c571c0b5481b,2596138641.232672,0.0,0.4947175117289759,2366.0,0.07127286245090976,True,2551672371.4260798,0.0,0.49293018628110863,2285.2,0.07051249154091778,True
60,routing_persistent_hotspot_cluster1,0,remaining,52,1,specimen_transfer:+1x0.05,specimen_transfer,0.05,1.0,0.18741388618946075,0.0,False,b393978842a0fa3d,b393978842a0fa3d,2596138641.232672,0.0,0.4947175117289759,2366.0,0.07127286245090976,True,2551672371.4260798,0.0,0.49293018628110863,2285.2,0.07051249154091778,True
60,routing_persistent_hotspot_cluster1,0,remaining,52,2,specimen_transfer:-1x0.05,specimen_transfer,0.05,-1.0,0.18741388618946075,0.0,False,b393978842a0fa3d,b393978842a0fa3d,2596138641.232672,0.0,0.4947175117289759,2366.0,0.07127286245090976,True,2551672371.4260798,0.0,0.49293018628110863,2285.2,0.07051249154091778,True
60,routing_persistent_hotspot_cluster1,0,remaining,52,3,specimen_transfer:+1x0.1,specimen_transfer,0.1,1.0,0.3748277723789215,0.0,False,b393978842a0fa3d,b393978842a0fa3d,2596138641.232672,0.0,0.4947175117289759,2366.0,0.07127286245090976,True,2551672371.4260798,0.0,0.49293018628110863,2285.2,0.07051249154091778,True
60,routing_persistent_hotspot_cluster1,0,remaining,52,4,specimen_transfer:-1x0.1,specimen_transfer,0.1,-1.0,0.3748277723789215,0.0,False,b393978842a0fa3d,b393978842a0fa3d,2596138641.232672,0.0,0.4947175117289759,2366.0,0.07127286245090976,True,2551672371.4260798,0.0,0.49293018628110863,2285.2,0.07051249154091778,True
60,routing_persistent_hotspot_cluster1,0,remaining,52,5,reagent_transfer:+1x0.05,reagent_transfer,0.05,1.0,0.17411403357982635,10.845827551544149,True,b393978842a0fa3d,3ec4a303c9deab46,2596227404.416614,-88763.18394184113,0.4947175117289759,2366.0,0.07127286245090976,True,2551699603.8702826,-27232.444202899933,0.49293018628110863,2285.2,0.0705171025904545,False
60,routing_persistent_hotspot_cluster1,0,remaining,52,6,reagent_transfer:-1x0.05,reagent_transfer,0.05,-1.0,0.17411403357982635,10.845827551544149,True,b393978842a0fa3d,a0cc51cb9754c006,2596199542.6224074,-60901.38973522186,0.4947175117289759,2366.0,0.07127286245090976,True,2551713134.744533,-40763.31845331192,0.49293018628110863,2285.2,0.0705171025904545,False
60,routing_persistent_hotspot_cluster1,0,remaining,52,7,reagent_transfer:+1x0.1,reagent_transfer,0.1,1.0,0.3482280671596527,21.691655103088298,True,b393978842a0fa3d,6dd85d969c6c2d33,2596961727.731813,-823086.4991407394,0.49460401723345887,2367.0,0.07119094313772127,False,2551605315.938525,67055.48755455017,0.49293018628110863,2285.2,0.0705171025904545,False
60,routing_persistent_hotspot_cluster1,0,remaining,52,8,reagent_transfer:-1x0.1,reagent_transfer,0.1,-1.0,0.3482280671596527,21.691655103088298,True,b393978842a0fa3d,4d25a48109d1ed0a,2596157040.4082913,-18399.175619125366,0.4947175117289759,2366.0,0.07127286245090976,True,2551582779.828843,89591.5972366333,0.49293018628110863,2285.0,0.07050780212208416,True
60,routing_persistent_hotspot_cluster1,0,remaining,52,9,combined_transfer:+1x0.05,combined_transfer,0.05,1.0,0.20946519076824188,11.030934245641223,True,7404efe523523078,7bb8a49be5055498,2640879430.70221,-44740789.469537735,0.4846391482606098,2420.0,0.07441477106895288,False,2607061987.19646,-55389615.77038002,0.4806184496176643,2352.6,0.07548244129406073,False
60,routing_persistent_hotspot_cluster1,0,remaining,52,10,combined_transfer:-1x0.05,combined_transfer,0.05,-1.0,0.21535010635852814,11.059809001209839,True,7404efe523523078,ecd8360de55fde74,2614733036.692078,-18594395.4594059,0.4861630380233584,2414.3333333333335,0.07570464622656073,False,2555566322.5870714,-3893951.1609916687,0.4887020086646624,2316.8,0.07342337132400227,False
60,routing_persistent_hotspot_cluster1,0,remaining,52,11,combined_transfer:+1x0.1,combined_transfer,0.1,1.0,0.41893038153648376,22.05211612833089,True,7404efe523523078,2361dc4bbc07bdcf,2659502980.10894,-63364338.87626791,0.48106992181755337,2439.3333333333335,0.07632890581410036,False,2619595228.368333,-67922856.94225311,0.4791271365372518,2358.0,0.07536547020817995,False
60,routing_persistent_hotspot_cluster1,0,remaining,52,12,combined_transfer:-1x0.1,combined_transfer,0.1,-1.0,0.4307002127170563,22.119618007320472,True,7404efe523523078,66063a0a95f64796,2581396937.380762,14741703.851910114,0.49399815949753934,2376.6666666666665,0.07331922040855904,False,2516079483.3228817,35592888.10319805,0.49427963724217266,2295.2,0.07260452747627733,False
60,routing_persistent_hotspot_cluster1,6,remaining,46,0,mdl2,anchor,0.0,0.0,0.0,0.0,True,,8e02243ae4b32c24,2441849527.290733,0.0,0.5052958283274743,2217.6666666666665,0.06847101259828814,True,2441229230.6792107,0.0,0.5053614826487819,2219.8,0.06553183375348827,True
60,routing_persistent_hotspot_cluster1,6,remaining,46,1,specimen_transfer:+1x0.05,specimen_transfer,0.05,1.0,0.07139765471220016,3.1622776601683795,True,d8657084df7ef94d,6ddd21fe89e2b678,2445616186.505735,-3766659.21500206,0.5050710224692402,2223.0,0.0693572357032558,False,2441903182.1041584,-673951.4249477386,0.5052848041829981,2221.2,0.06570512443114067,False
60,routing_persistent_hotspot_cluster1,6,remaining,46,2,specimen_transfer:-1x0.05,specimen_transfer,0.05,-1.0,0.07139765471220016,3.1622776601683795,True,d8657084df7ef94d,810b6ac844a10c88,2443667873.31995,-1818346.0292172432,0.504958010533162,2223.0,0.06945731098112495,False,2440145514.256545,1083716.422665596,0.5051762851875303,2220.8,0.06565908181809935,False
60,routing_persistent_hotspot_cluster1,6,remaining,46,3,specimen_transfer:+1x0.1,specimen_transfer,0.1,1.0,0.14279530942440033,6.928203230275509,True,d8657084df7ef94d,f46b693606953050,2449245894.324123,-7396367.033390045,0.5047209313487144,2224.0,0.06996012842725868,False,2443459037.1094503,-2229806.4302396774,0.505039264614801,2222.0,0.0662654602474114,False
60,routing_persistent_hotspot_cluster1,6,remaining,46,4,specimen_transfer:-1x0.1,specimen_transfer,0.1,-1.0,0.14279530942440033,6.928203230275509,True,d8657084df7ef94d,07dbf63d010a78ae,2441323879.9749866,525647.3157463074,0.5051969633319887,2223.0,0.06924714846648787,False,2439753557.1698146,1475673.5093960762,0.5052115529130957,2219.8,0.06572077979341953,False
60,routing_persistent_hotspot_cluster1,6,remaining,46,5,reagent_transfer:+1x0.05,reagent_transfer,0.05,1.0,0.1615278720855713,10.012730901894345,True,7bb32cfc253170ec,a8388dc657ed2bdf,2442136577.3703275,-287050.0795946121,0.5053001379696979,2218.6666666666665,0.06884683112070432,False,2441436124.1270094,-206893.44779872894,0.5053614826487819,2219.8,0.06553183375348827,True
60,routing_persistent_hotspot_cluster1,6,remaining,46,6,reagent_transfer:-1x0.05,reagent_transfer,0.05,-1.0,0.1615278720855713,10.012730901894345,True,7bb32cfc253170ec,d904cd7776fdf024,2442813543.327145,-964016.0364122391,0.5051772887352505,2218.3333333333335,0.06856696760234633,False,2441073557.458538,155673.22067260742,0.5053614826487819,2219.8,0.06553183375348827,True
60,routing_persistent_hotspot_cluster1,6,remaining,46,7,reagent_transfer:+1x0.1,reagent_transfer,0.1,1.0,0.3230557441711426,18.628449215830578,True,7bb32cfc253170ec,7b512382d112029c,2442851776.3704734,-1002249.0797405243,0.5051772887352505,2218.6666666666665,0.06866286366598433,False,2441488977.9247007,-259747.24549007416,0.5053614826487819,2219.8,0.06553183375348827,True
60,routing_persistent_hotspot_cluster1,6,remaining,46,8,reagent_transfer:-1x0.1,reagent_transfer,0.1,-1.0,0.3230557143688202,18.628449215830578,True,7bb32cfc253170ec,f34d85e6cd5a07f8,2443048268.88273,-1198741.5919971466,0.5051772887352505,2218.3333333333335,0.06856696760234633,False,2441537469.6628156,-308238.983604908,0.5052554381100757,2220.2,0.06571837539165087,False
60,routing_persistent_hotspot_cluster1,6,remaining,46,9,combined_transfer:+1x0.05,combined_transfer,0.05,1.0,0.1776515692472458,10.100825691901434,True,e2919fd7cbd1394e,d5e8534284c728a0,2456067639.4787116,-14218112.187978745,0.5033472103539941,2232.0,0.07087605328579195,False,2450640447.6621604,-9411216.982949734,0.5035732081749205,2222.4,0.06681502355835789,False
60,routing_persistent_hotspot_cluster1,6,remaining,46,10,combined_transfer:-1x0.05,combined_transfer,0.05,-1.0,0.1776515692472458,10.100825691901434,True,e2919fd7cbd1394e,37451db51ead93cb,2499414250.9199414,-57564723.629208565,0.4874550365447153,2330.3333333333335,0.07579132788710602,False,2495875469.445359,-54646238.76614857,0.48772151098707284,2330.2,0.07208969607366418,False
60,routing_persistent_hotspot_cluster1,6,remaining,46,11,combined_transfer:+1x0.1,combined_transfer,0.1,1.0,0.3553031384944916,18.817723517059214,True,e2919fd7cbd1394e,8b9431eed0338c97,2490835413.527557,-48985886.236824036,0.4963009910900877,2266.3333333333335,0.07327825951401946,False,2486428956.333111,-45199725.65390015,0.4953115602712629,2268.8,0.06984826883608689,False
60,routing_persistent_hotspot_cluster1,6,remaining,46,12,combined_transfer:-1x0.1,combined_transfer,0.1,-1.0,0.3553031086921692,18.817723517059214,True,e2919fd7cbd1394e,146d2c48279036b4,2502337553.490317,-60488026.19958401,0.4863663859976867,2340.3333333333335,0.07691167902618316,False,2501985271.6858764,-60756041.00666571,0.48628310549893783,2337.6,0.07313045316940772,False
60,routing_persistent_hotspot_cluster1,12,remaining,40,0,mdl2,anchor,0.0,0.0,0.0,0.0,True,,c80538ba05b5971f,2052446146.6648843,0.0,0.5237387836720343,1867.6666666666667,0.06106908050110152,True,2087663495.6699634,0.0,0.5195500403599803,1908.8,0.06204371337820493,True
60,routing_persistent_hotspot_cluster1,12,remaining,40,1,specimen_transfer:+1x0.05,specimen_transfer,0.05,1.0,0.12875576317310333,13.341664064126334,True,0177e37e9bbb1cde,dc877336945d0a6b,2050439850.3616407,2006296.303243637,0.5244488418612381,1867.3333333333333,0.06095447759083033,True,2085335841.2915504,2327654.378412962,0.5199036799764111,1909.0,0.062148539864594676,False
60,routing_persistent_hotspot_cluster1,12,remaining,40,2,specimen_transfer:-1x0.05,specimen_transfer,0.05,-1.0,0.12875576317310333,8.94427190999916,True,0177e37e9bbb1cde,f69213212754003b,2056825147.3666155,-4379000.701731205,0.5227200189573944,1872.3333333333333,0.06124128350169548,False,2087854985.758561,-191490.0885975361,0.5195304094722856,1906.6,0.06091092016481214,False
60,routing_persistent_hotspot_cluster1,12,remaining,40,3,specimen_transfer:+1x0.1,specimen_transfer,0.1,1.0,0.25751152634620667,24.372115213907882,True,0177e37e9bbb1cde,9829d8ffa517b409,2041631953.4956295,10814193.16925478,0.5264777454088763,1855.3333333333333,0.058156677924474647,True,2080648542.257391,7014953.412572384,0.5205647251255915,1905.8,0.06176564440676906,True
60,routing_persistent_hotspot_cluster1,12,remaining,40,4,specimen_transfer:-1x0.1,specimen_transfer,0.1,-1.0,0.25751152634620667,13.784048752090222,True,0177e37e9bbb1cde,2c4f1cfd53a08986,2054670399.1861484,-2224252.5212640762,0.523736059883177,1867.3333333333333,0.060097882656303926,False,2096477113.9904583,-8813618.32049489,0.5185952956568262,1911.6,0.06153135676228472,False
60,routing_persistent_hotspot_cluster1,12,remaining,40,5,reagent_transfer:+1x0.05,reagent_transfer,0.05,1.0,0.15802836418151855,11.337538890179514,True,8c5a1bd405874af8,22a5afadf6c83ca0,2051895689.115577,550457.5493073463,0.5237387836720343,1867.6666666666667,0.06106908050110152,True,2087767119.882164,-103624.21220064163,0.5195500403599803,1908.8,0.06204371337820493,True
60,routing_persistent_hotspot_cluster1,12,remaining,40,6,reagent_transfer:-1x0.05,reagent_transfer,0.05,-1.0,0.15802836418151855,10.885700509051881,True,8c5a1bd405874af8,0708148727f0a1e2,2052092097.297929,354049.3669552803,0.5238584509968712,1867.3333333333333,0.060868916515468295,True,2087661304.5151112,2191.1548521518707,0.5195500403599803,1908.8,0.06210817049801596,False
60,routing_persistent_hotspot_cluster1,12,remaining,40,7,reagent_transfer:+1x0.1,reagent_transfer,0.1,1.0,0.3160567283630371,22.341802270194954,True,8c5a1bd405874af8,a4b70fca82bab577,2050911633.9838324,1534512.6810519695,0.5239187391743597,1867.3333333333333,0.06086319209261892,True,2087712822.4324036,-49326.76244020462,0.5195500403599803,1908.8,0.06204371337820493,True
60,routing_persistent_hotspot_cluster1,12,remaining,40,8,reagent_transfer:-1x0.1,reagent_transfer,0.1,-1.0,0.3160567283630371,21.871929819794065,True,8c5a1bd405874af8,23650eda73a5582f,2052581352.4810874,-135205.81620311737,0.5237986173344528,1868.0,0.060966136296860214,False,2087641319.0588984,22176.61106491089,0.5195873746888957,1908.8,0.06204659414333615,False
60,routing_persistent_hotspot_cluster1,12,remaining,40,9,combined_transfer:+1x0.05,combined_transfer,0.05,1.0,0.2184145450592041,11.657827417645107,True,599f71ce19a71279,0c20e05d0780949d,2096128722.190993,-43682575.52610874,0.5130610977464146,1923.0,0.06455764041859882,False,2124156721.415474,-36493225.74551058,0.509510582388993,1961.2,0.06494330921275401,False
60,routing_persistent_hotspot_cluster1,12,remaining,40,10,combined_transfer:-1x0.05,combined_transfer,0.05,-1.0,0.2184145450592041,11.218896005669963,True,599f71ce19a71279,323d056b33153bce,2089443208.2888978,-36997061.624013424,0.5113454392717872,1946.3333333333333,0.06583042751194641,False,2126603323.395707,-38939827.72574353,0.5062362157046982,1986.2,0.06588720086171346,False
60,routing_persistent_hotspot_cluster1,12,remaining,40,11,combined_transfer:+1x0.1,combined_transfer,0.1,1.0,0.4368290901184082,22.99166668020282,True,599f71ce19a71279,3720b0f7a49acb94,2095423711.0537643,-42977564.388880014,0.5172591216402399,1881.0,0.062038177902042156,False,2120614480.2730231,-32950984.60305977,0.5146592794362224,1920.8,0.062152204016743484,False
60,routing_persistent_hotspot_cluster1,12,remaining,40,12,combined_transfer:-1x0.1,combined_transfer,0.1,-1.0,0.4368290901184082,22.535348279870384,True,599f71ce19a71279,a216f526e5a301fd,2078611249.1092198,-26165102.44433546,0.5114401313787145,1959.0,0.06552497706344199,False,2123016711.6790032,-35353216.00903988,0.5048980957738138,1998.8,0.06771195884917076,False
60,routing_persistent_hotspot_cluster1,18,remaining,34,0,mdl2,anchor,0.0,0.0,0.0,0.0,True,,8030469b31e8fac9,1812196918.058321,0.0,0.5338715920639981,1684.0,0.06556537591754696,True,1938922640.049844,0.0,0.5156754227236398,1772.4,0.06531904119335759,True
60,routing_persistent_hotspot_cluster1,18,remaining,34,1,specimen_transfer:+1x0.05,specimen_transfer,0.05,1.0,0.11436264216899872,7.745966692414834,True,4edf6432ff9c4e22,11fd757e1128b803,1815695609.5806758,-3498691.522354841,0.5336248870081045,1688.0,0.06643213034874124,False,1938928646.0716681,-6006.021824121475,0.5158579490914539,1769.6,0.06481853637999384,True
60,routing_persistent_hotspot_cluster1,18,remaining,34,2,specimen_transfer:-1x0.05,specimen_transfer,0.05,-1.0,0.11436264216899872,10.198039027185569,True,4edf6432ff9c4e22,6cb78442da07218d,1815725480.024453,-3528561.9661319256,0.5328093598634994,1693.6666666666667,0.06682258626341554,False,1941770973.0526817,-2848333.002837658,0.5145456039241216,1774.8,0.06607480537045203,False
60,routing_persistent_hotspot_cluster1,18,remaining,34,3,specimen_transfer:+1x0.1,specimen_transfer,0.1,1.0,0.22872528433799744,14.212670403551895,True,4edf6432ff9c4e22,17dc2e4c995b7a18,1815129606.334174,-2932688.2758529186,0.5337493549530975,1681.3333333333333,0.06589897942985048,False,1942236591.5565426,-3313951.5066986084,0.5156855213600047,1768.6,0.06518232337094029,True
60,routing_persistent_hotspot_cluster1,18,remaining,34,4,specimen_transfer:-1x0.1,specimen_transfer,0.1,-1.0,0.22872528433799744,13.490737563232042,True,4edf6432ff9c4e22,de6e0ed65045a47b,1822934847.4956524,-10737929.437331438,0.5313929086045439,1691.6666666666667,0.06804941269498865,False,1945052083.161087,-6129443.11124301,0.5143056105260743,1775.2,0.06635606085410799,False
60,routing_persistent_hotspot_cluster1,18,remaining,34,5,reagent_transfer:+1x0.05,reagent_transfer,0.05,1.0,0.136638343334198,8.948841291299523,True,d862778dd49dbcdb,3d8716105ea093e0,1812130964.0954268,65953.96289420128,0.5338715920639981,1684.0,0.06557083508018671,False,1939117953.1035721,-195313.05372810364,0.5156410052395579,1772.4,0.06531904119335759,False
60,routing_persistent_hotspot_cluster1,18,remaining,34,6,reagent_transfer:-1x0.05,reagent_transfer,0.05,-1.0,0.136638343334198,12.343161737815423,True,d862778dd49dbcdb,6235dee28871a6e1,1812934453.3480446,-737535.2897236347,0.5336742755683391,1684.3333333333333,0.06578645080234755,False,1939021247.9894633,-98607.93961930275,0.5157107584126857,1772.0,0.06531484328553461,True
60,routing_persistent_hotspot_cluster1,18,remaining,34,7,reagent_transfer:+1x0.1,reagent_transfer,0.1,1.0,0.273276686668396,17.066867460228867,True,d862778dd49dbcdb,f39f0939373f283e,1812480960.0929544,-284042.03463339806,0.5336813519537854,1684.3333333333333,0.06587717797717114,False,1939064344.585659,-141704.53581500053,0.5156754227236398,1772.4,0.06531904119335759,True
60,routing_persistent_hotspot_cluster1,18,remaining,34,8,reagent_transfer:-1x0.1,reagent_transfer,0.1,-1.0,0.273276686668396,19.20674397769357,True,d862778dd49dbcdb,87c070d0bc610b2d,1812574663.517053,-377745.4587318897,0.5337400477335588,1684.0,0.06577539680668769,False,1939109706.1827633,-187066.13291931152,0.5157107584126857,1772.0,0.06531484328553461,True
60,routing_persistent_hotspot_cluster1,18,remaining,34,9,combined_transfer:+1x0.05,combined_transfer,0.05,1.0,0.19159778952598572,9.269661030674145,True,5b38018dfc45f01c,832b08965fc7d42f,1847646251.0218456,-35449332.96352458,0.5249909957525832,1720.3333333333333,0.06931487892132256,False,1962953217.2711365,-24030577.221292496,0.5096062581900886,1795.8,0.06638587042771708,False
60,routing_persistent_hotspot_cluster1,18,remaining,34,10,combined_transfer:-1x0.05,combined_transfer,0.05,-1.0,0.19159778952598572,12.577698392496227,True,5b38018dfc45f01c,4bd4c58c55ec2460,1844933651.4292047,-32736733.370883703,0.5223275938932167,1755.6666666666667,0.07004571245773959,False,1965162177.569141,-26239537.519296885,0.5056266109066043,1829.4,0.06849380328418006,False
60,routing_persistent_hotspot_cluster1,18,remaining,34,11,combined_transfer:+1x0.1,combined_transfer,0.1,1.0,0.38319557905197144,17.73858465526337,True,5b38018dfc45f01c,5ec10c79ebd4ca11,1862446458.3990204,-50249540.340699434,0.5229357942860856,1714.3333333333333,0.06713017529360858,False,1980481953.8156486,-41559313.76580453,0.506258865746595,1804.0,0.06681830760122283,False
60,routing_persistent_hotspot_cluster1,18,remaining,34,12,combined_transfer:-1x0.1,combined_transfer,0.1,-1.0,0.38319557905197144,19.8060201679084,True,5b38018dfc45f01c,c12541b6d7922337,1828854419.5083406,-16657501.450019598,0.5249776921561181,1747.6666666666667,0.07021525943874549,False,1949957002.8927016,-11034362.8428576,0.5089508399297236,1823.2,0.06925714462154316,False
60,routing_persistent_hotspot_cluster1,25,remaining,27,0,mdl2,anchor,0.0,0.0,0.0,0.0,True,,9cd0dd43b6bcf0de,1652037780.8726273,0.0,0.5236229769455564,1530.6666666666667,0.0699226257495047,True,1534829007.5331001,0.0,0.5286213262585958,1373.2,0.06355552466168932,True
60,routing_persistent_hotspot_cluster1,25,remaining,27,1,specimen_transfer:+1x0.05,specimen_transfer,0.05,1.0,0.1435098946094513,11.832159566199232,True,c48c77a9e1fe3516,00e2af405db18fa7,1654622762.8630269,-2584981.990399599,0.5233194499620075,1531.3333333333333,0.07012903388988125,False,1540366097.8242698,-5537090.291169643,0.527308373257084,1379.4,0.06539596946414401,False
60,routing_persistent_hotspot_cluster1,25,remaining,27,2,specimen_transfer:-1x0.05,specimen_transfer,0.05,-1.0,0.1435098946094513,12.489995996796797,True,c48c77a9e1fe3516,241b1cbd13c380eb,1666877066.3662708,-14839285.493643522,0.5205186373818311,1546.3333333333333,0.07062096232675542,False,1546654384.9224052,-11825377.389305115,0.5255879484133666,1388.0,0.06464793263598338,False
60,routing_persistent_hotspot_cluster1,25,remaining,27,3,specimen_transfer:+1x0.1,specimen_transfer,0.1,1.0,0.2870197892189026,24.124676163629637,True,c48c77a9e1fe3516,2beea9f8c48b090e,1655060095.5011828,-3022314.6285555363,0.5233821537493162,1530.6666666666667,0.07012215303296176,False,1540447200.371339,-5618192.838238955,0.5273402847349921,1380.0,0.06521022181419978,False
60,routing_persistent_hotspot_cluster1,25,remaining,27,4,specimen_transfer:-1x0.1,specimen_transfer,0.1,-1.0,0.2870197892189026,18.81488772222678,True,c48c77a9e1fe3516,6f4bfeb4c844ac05,1668148137.787659,-16110356.915031672,0.5197495947216976,1549.0,0.07083538235053387,False,1548750393.3056111,-13921385.772511005,0.5246915608311884,1391.6,0.06553560381022154,False
60,routing_persistent_hotspot_cluster1,25,remaining,27,5,reagent_transfer:+1x0.05,reagent_transfer,0.05,1.0,0.0902523547410965,4.678877089262392,True,b393978842a0fa3d,32cdf54fefef2307,1652481263.700863,-443482.8282356262,0.5236209785549574,1531.6666666666667,0.06993459244487578,False,1535100765.6437988,-271758.11069869995,0.528549757104901,1373.6,0.06362094195713018,False
60,routing_persistent_hotspot_cluster1,25,remaining,27,6,reagent_transfer:-1x0.05,reagent_transfer,0.05,-1.0,0.0902523547410965,4.678877089262392,True,b393978842a0fa3d,41755996d93595f0,1652467229.9263115,-429449.0536842346,0.5236209785549574,1531.6666666666667,0.06993459244487578,False,1534462751.1585507,366256.3745493889,0.5286928954122906,1372.8,0.06348572951758574,True
60,routing_persistent_hotspot_cluster1,25,remaining,27,7,reagent_transfer:+1x0.1,reagent_transfer,0.1,1.0,0.180504709482193,9.357754178524784,True,b393978842a0fa3d,67665b13cc5b90ff,1651853862.8367145,183918.03591275215,0.5236229769455564,1530.6666666666667,0.0699226257495047,True,1535158526.6589572,-329519.1258571148,0.528549757104901,1373.6,0.0636168222430868,False
60,routing_persistent_hotspot_cluster1,25,remaining,27,8,reagent_transfer:-1x0.1,reagent_transfer,0.1,-1.0,0.180504709482193,9.357754178524784,True,b393978842a0fa3d,9bc2615d57eff0d1,1652426802.6017034,-389021.7290761471,0.5236229769455564,1531.3333333333333,0.07002478123014623,False,1534317148.922431,511858.61066913605,0.528728679989138,1372.6,0.06354252969388656,True
60,routing_persistent_hotspot_cluster1,25,remaining,27,9,combined_transfer:+1x0.05,combined_transfer,0.05,1.0,0.1633756309747696,5.282123608267993,True,7b6436b0c98f6238,3af9cca0bf6006c9,1668330186.037222,-16292405.16459465,0.5195158376881055,1544.6666666666667,0.07053029608302276,False,1550046094.770741,-15217087.237640858,0.5246199468220145,1390.0,0.06421462166675793,False
60,routing_persistent_hotspot_cluster1,25,remaining,27,10,combined_transfer:-1x0.05,combined_transfer,0.05,-1.0,0.1633756309747696,5.282123608267993,True,7b6436b0c98f6238,92033210d4f9283c,1671998584.2566087,-19960803.383981466,0.517426389482421,1573.6666666666667,0.07404539065342396,False,1552723960.0776858,-17894952.544585705,0.5234713451868542,1415.0,0.06628984526876398,False
60,routing_persistent_hotspot_cluster1,25,remaining,27,11,combined_transfer:+1x0.1,combined_transfer,0.1,1.0,0.3267512619495392,10.564247216535986,True,7b6436b0c98f6238,c1284dd9b199b744,1681844999.005544,-29807218.13291669,0.5172161945031848,1551.0,0.07044834651702704,False,1562953186.4387002,-28124178.90560007,0.5220276150930522,1397.2,0.0648154384870735,False
60,routing_persistent_hotspot_cluster1,25,remaining,27,12,combined_transfer:-1x0.1,combined_transfer,0.1,-1.0,0.3267512619495392,10.564247216535986,True,7b6436b0c98f6238,e2daf29bafb342ca,1673176113.3827333,-21138332.510106087,0.5159239100171233,1586.0,0.0712575238434938,False,1562917469.3637524,-28088461.830652237,0.5199648379730945,1440.0,0.0676077239010048,False
60,routing_persistent_hotspot_cluster1,31,remaining,21,0,mdl2,anchor,0.0,0.0,0.0,0.0,True,,4b48f21a4b7a02bf,1325564762.397567,0.0,0.5241636676159036,1210.6666666666667,0.06087279219269768,True,1476878151.7036114,0.0,0.5094331470395085,1379.6,0.068641623103927,True
60,routing_persistent_hotspot_cluster1,31,remaining,21,1,specimen_transfer:+1x0.05,specimen_transfer,0.05,1.0,0.11492940783500671,7.0710678118654755,True,b393978842a0fa3d,fb2e504a25836e70,1322545887.8453634,3018874.5522036552,0.5249321747862176,1205.0,0.05984918652008279,True,1474675755.903619,2202395.799992323,0.5100994230998778,1375.6,0.06754294418893556,True
60,routing_persistent_hotspot_cluster1,31,remaining,21,2,specimen_transfer:-1x0.05,specimen_transfer,0.05,-1.0,0.11492940783500671,6.48074069840786,True,b393978842a0fa3d,ed96670945757a95,1324856204.7137525,708557.6838145256,0.5238715594641912,1212.0,0.06157290517920792,False,1477089066.1963742,-210914.49276280403,0.5089162949160688,1383.4,0.06949223546603492,False
60,routing_persistent_hotspot_cluster1,31,remaining,21,3,specimen_transfer:+1x0.1,specimen_transfer,0.1,1.0,0.22985881567001343,14.0,True,b393978842a0fa3d,7ad2e941e3825d25,1321728966.2519233,3835796.145643711,0.5252286429559843,1202.6666666666667,0.059441937164672116,True,1474534594.012753,2343557.690858364,0.5101316880485599,1375.4,0.0672378609620323,True
60,routing_persistent_hotspot_cluster1,31,remaining,21,4,specimen_transfer:-1x0.1,specimen_transfer,0.1,-1.0,0.22985881567001343,11.916375287812984,True,b393978842a0fa3d,c76022ec10045257,1324575910.6608605,988851.7367064953,0.5238122369275595,1214.0,0.061789300449473804,False,1475204076.7880454,1674074.9155659676,0.5089168035572555,1383.0,0.06930970409639192,False
60,routing_persistent_hotspot_cluster1,31,remaining,21,5,reagent_transfer:+1x0.05,reagent_transfer,0.05,1.0,0.061536818742752075,2.0171311842621655,True,b393978842a0fa3d,8f431917ca106de9,1325577652.206222,-12889.808655023575,0.5241636676159036,1210.6666666666667,0.06087279219269768,True,1476920291.3360956,-42139.63248419762,0.5093968098302062,1379.6,0.068641623103927,False
60,routing_persistent_hotspot_cluster1,31,remaining,21,6,reagent_transfer:-1x0.05,reagent_transfer,0.05,-1.0,0.061536818742752075,2.0171311842621655,True,b393978842a0fa3d,93c3a49bf89f9352,1325582150.3553154,-17387.957748413086,0.5241636676159036,1210.6666666666667,0.06087279219269768,True,1476953172.9958928,-75021.29228138924,0.5093968098302062,1379.6,0.06870271045884453,False
60,routing_persistent_hotspot_cluster1,31,remaining,21,7,reagent_transfer:+1x0.1,reagent_transfer,0.1,1.0,0.12307363748550415,4.034262368524331,True,b393978842a0fa3d,33d157e16e0304c1,1325592417.7397904,-27655.342223405838,0.5241636676159036,1210.6666666666667,0.06087279219269768,True,1476889587.4839516,-11435.780340194702,0.5093968098302062,1379.6,0.0686378739258084,False
60,routing_persistent_hotspot_cluster1,31,remaining,21,8,reagent_transfer:-1x0.1,reagent_transfer,0.1,-1.0,0.12307363748550415,4.034262368524331,True,b393978842a0fa3d,e7782c8d5e41344e,1325599121.0214574,-34358.62389039993,0.5241636676159036,1210.6666666666667,0.06087279219269768,True,1476823186.8308883,54964.87272310257,0.5094694842488108,1379.4,0.0686378739258084,True
60,routing_persistent_hotspot_cluster1,31,remaining,21,9,combined_transfer:+1x0.05,combined_transfer,0.05,1.0,0.14329172670841217,3.0813045575110793,True,7b6436b0c98f6238,08eb4b570770a98e,1335410778.1851609,-9846015.787593842,0.5213841438654748,1217.6666666666667,0.06126600943864872,False,1487962959.4794574,-11084807.775846004,0.5065131183708742,1390.2,0.06863823566689624,False
60,routing_persistent_hotspot_cluster1,31,remaining,21,10,combined_transfer:-1x0.05,combined_transfer,0.05,-1.0,0.14329172670841217,3.0813045575110793,True,7b6436b0c98f6238,9f891d113644acfa,1350652053.7410452,-25087291.343478203,0.5166559854690929,1263.0,0.06391188265640615,False,1499489013.8101342,-22610862.1065228,0.502961924736201,1427.0,0.07017013332562452,False
60,routing_persistent_hotspot_cluster1,31,remaining,21,11,combined_transfer:+1x0.1,combined_transfer,0.1,1.0,0.28658345341682434,6.162609115022159,True,7b6436b0c98f6238,88284c505e66cda5,1333078082.781749,-7513320.384181976,0.5219850776741591,1204.0,0.059578993785770036,False,1486328659.4346366,-9450507.731025219,0.5071117490845001,1377.2,0.06712705027252722,False
60,routing_persistent_hotspot_cluster1,31,remaining,21,12,combined_transfer:-1x0.1,combined_transfer,0.1,-1.0,0.28658345341682434,6.11796082440221,True,7b6436b0c98f6238,b13e020f06f11577,1341866527.6462078,-16301765.248640776,0.5189005102312464,1260.3333333333333,0.0648772858242841,False,1490143309.329936,-13265157.626324654,0.5057277559896621,1417.8,0.07029332641213547,False
60,routing_persistent_hotspot_cluster1,37,remaining,15,0,mdl2,anchor,0.0,0.0,0.0,0.0,True,,4b48f21a4b7a02bf,965703087.0815524,0.0,0.5317322964387735,921.6666666666666,0.06288997159232085,True,1021018348.2198846,0.0,0.5238086956398813,972.6,0.06304605664333356,True
60,routing_persistent_hotspot_cluster1,37,remaining,15,1,specimen_transfer:+1x0.05,specimen_transfer,0.05,1.0,0.09302598983049393,4.0,True,b393978842a0fa3d,195f2f17e6451c20,966035137.8674623,-332050.7859098911,0.531492811329822,921.6666666666666,0.06319537737410884,False,1021529267.2800487,-510919.060164094,0.5236294239891965,973.0,0.06334694664899736,False
60,routing_persistent_hotspot_cluster1,37,remaining,15,2,specimen_transfer:-1x0.05,specimen_transfer,0.05,-1.0,0.09302598983049393,4.0,True,b393978842a0fa3d,5ef2b7afa614d306,965185918.5661205,517168.51543188095,0.5317331473003182,921.6666666666666,0.06289009590524719,False,1020673796.2224884,344551.9973962307,0.5238433156848873,973.6,0.06292043025154516,False
60,routing_persistent_hotspot_cluster1,37,remaining,15,3,specimen_transfer:+1x0.1,specimen_transfer,0.1,1.0,0.18605197966098785,8.717797887081348,True,b393978842a0fa3d,3eead08f34bff3fd,964239774.4053968,1463312.6761555672,0.531733168807737,918.6666666666666,0.06259093112756411,True,1018421456.5096848,2596891.710199833,0.5241997040956653,969.2,0.062020551971384265,True
60,routing_persistent_hotspot_cluster1,37,remaining,15,4,specimen_transfer:-1x0.1,specimen_transfer,0.1,-1.0,0.18605197966098785,8.717797887081348,True,b393978842a0fa3d,4bf50e43602c73c1,962956781.5828656,2746305.4986867905,0.5320316797092363,922.6666666666666,0.0626583192099819,False,1018372076.3033451,2646271.91653955,0.5239108913496586,974.0,0.06279870426091232,False
60,routing_persistent_hotspot_cluster1,37,remaining,15,5,reagent_transfer:+1x0.05,reagent_transfer,0.05,1.0,0.07363739609718323,1.6301576855027002,True,b393978842a0fa3d,8dfe755acf46240c,965593237.0823447,109849.99920773506,0.5317322964387735,921.6666666666666,0.06288997159232085,True,1020994752.1016798,23596.118204832077,0.5238086956398813,972.6,0.06304605664333356,True
60,routing_persistent_hotspot_cluster1,37,remaining,15,6,reagent_transfer:-1x0.05,reagent_transfer,0.05,-1.0,0.07363739609718323,1.6301576855027002,True,b393978842a0fa3d,02cb9cbd1d3ec5e6,965825336.0381145,-122248.95656216145,0.5317322964387735,921.6666666666666,0.06288997159232085,True,1021044168.5326151,-25820.312730431557,0.5238086956398813,972.6,0.06304605664333356,True
60,routing_persistent_hotspot_cluster1,37,remaining,15,7,reagent_transfer:+1x0.1,reagent_transfer,0.1,1.0,0.14727479219436646,3.2603153710054005,True,b393978842a0fa3d,6f4a70a511e49158,965497545.8181711,205541.26338124275,0.5317322964387735,921.6666666666666,0.06288997159232085,True,1020971527.2403288,46820.97955584526,0.5238086956398813,972.6,0.06304605664333356,True
60,routing_persistent_hotspot_cluster1,37,remaining,15,8,reagent_transfer:-1x0.1,reagent_transfer,0.1,-1.0,0.14727479219436646,3.2603153710054005,True,b393978842a0fa3d,13e282965a932a22,965961858.4976606,-258771.41610825062,0.5317322964387735,921.6666666666666,0.06288997159232085,True,1021101636.341469,-83288.12158441544,0.5238086956398813,972.6,0.06304605664333356,True
60,routing_persistent_hotspot_cluster1,37,remaining,15,9,combined_transfer:+1x0.05,combined_transfer,0.05,1.0,0.12095918506383896,2.3750829198574532,True,7b6436b0c98f6238,3d908ea6546bf641,972921881.9531431,-7218794.8715907335,0.5294469130429412,930.0,0.06343223135612402,False,1027612746.3892784,-6594398.169393778,0.521939832339359,979.0,0.06316714760407623,False
60,routing_persistent_hotspot_cluster1,37,remaining,15,10,combined_transfer:-1x0.05,combined_transfer,0.05,-1.0,0.12095918506383896,2.3750829198574532,True,7b6436b0c98f6238,eb27ddc45d567745,981958220.9618473,-16255133.880294919,0.5274010685246074,954.3333333333334,0.0640502119777146,False,1034813317.8426094,-13794969.622724771,0.5203591485143637,1003.2,0.06336400826259088,False
60,routing_persistent_hotspot_cluster1,37,remaining,15,11,combined_transfer:+1x0.1,combined_transfer,0.1,1.0,0.24191837012767792,4.7501658397149065,True,7b6436b0c98f6238,ea82ac135445a1a0,979970889.6361681,-14267802.554615736,0.5275250116182598,936.3333333333334,0.06447252985129727,False,1036349770.0710647,-15331421.851180077,0.5199143575206019,988.8,0.06445288923863676,False
60,routing_persistent_hotspot_cluster1,37,remaining,15,12,combined_transfer:-1x0.1,combined_transfer,0.1,-1.0,0.24191837012767792,4.68032692811521,True,7b6436b0c98f6238,79277e1a0f4391a7,980078303.7705415,-14375216.688989162,0.5283615615450474,953.6666666666666,0.0639507796158935,False,1031608902.8353255,-10590554.615440845,0.5211368684911755,1000.0,0.06342012994097129,False
60,routing_persistent_hotspot_cluster1,43,remaining,9,0,mdl2,anchor,0.0,0.0,0.0,0.0,True,,9ac07938428ce969,673293876.0546257,0.0,0.5052277669419772,697.6666666666666,0.07066114796313688,True,694918940.9326111,0.0,0.5045495019748205,713.2,0.07094253953584975,True
60,routing_persistent_hotspot_cluster1,43,remaining,9,1,specimen_transfer:+1x0.05,specimen_transfer,0.05,1.0,0.11477312445640564,4.898979485566356,True,d71c71c6990656aa,943b789cb0cd108d,673718641.8619689,-424765.80734312534,0.5049414706895294,699.0,0.07110239163184963,False,695862447.2891785,-943506.3565673828,0.5044458344535327,716.4,0.0710636871509761,False
60,routing_persistent_hotspot_cluster1,43,remaining,9,2,specimen_transfer:-1x0.05,specimen_transfer,0.05,-1.0,0.11477312445640564,6.928203230275509,True,d71c71c6990656aa,8b2a32ae01115320,671767914.8010784,1525961.2535473108,0.5052277669419772,695.6666666666666,0.07063245549811788,True,693817009.0508423,1101931.8817688227,0.5045848868057705,712.2,0.07085993389090987,True
60,routing_persistent_hotspot_cluster1,43,remaining,9,3,specimen_transfer:+1x0.1,specimen_transfer,0.1,1.0,0.22954624891281128,10.583005244258363,True,d71c71c6990656aa,63875d2d30c9b13b,673684381.3858947,-390505.3312689066,0.5049996643580582,698.0,0.07101530142651037,False,695479454.7865655,-560513.8539544344,0.5044106850686468,714.6,0.07102025506762283,False
60,routing_persistent_hotspot_cluster1,43,remaining,9,4,specimen_transfer:-1x0.1,specimen_transfer,0.1,-1.0,0.22954624891281128,12.649110640673518,True,d71c71c6990656aa,ed6d28e985298afb,672318204.5158771,975671.5387486219,0.5051695732734485,699.6666666666666,0.07073383424913166,False,693706619.1126282,1212321.8199828863,0.5046195054749956,714.8,0.07079912515690348,False
60,routing_persistent_hotspot_cluster1,43,remaining,9,5,reagent_transfer:+1x0.05,reagent_transfer,0.05,1.0,0.072513647377491,6.707857049020781,True,d5346d77fc1ce41e,d7354263fcd7fc26,673154176.5540534,139699.5005723238,0.5052277669419772,697.6666666666666,0.07066114796313688,True,694794223.3093873,124717.62322378159,0.5045495019748205,713.2,0.07094253953584975,True
60,routing_persistent_hotspot_cluster1,43,remaining,9,6,reagent_transfer:-1x0.05,reagent_transfer,0.05,-1.0,0.072513647377491,6.584250438954797,True,d5346d77fc1ce41e,bc10c817b236eeb4,673294757.6800964,-881.6254706382751,0.5052277669419772,697.6666666666666,0.07066114796313688,True,694936756.6109946,-17815.67838346958,0.5045495019748205,713.2,0.07094253953584975,True
60,routing_persistent_hotspot_cluster1,43,remaining,9,7,reagent_transfer:+1x0.1,reagent_transfer,0.1,1.0,0.145027294754982,7.84033537640247,True,d5346d77fc1ce41e,f9661ee0f6421c14,673113578.4365808,180297.61804497242,0.5052277669419772,697.6666666666666,0.07066114796313688,True,694775811.1802707,143129.75234043598,0.5045495019748205,713.2,0.07094253953584975,True
60,routing_persistent_hotspot_cluster1,43,remaining,9,8,reagent_transfer:-1x0.1,reagent_transfer,0.1,-1.0,0.145027294754982,7.64540995768432,True,d5346d77fc1ce41e,809825d79ba7277e,673230662.3830098,63213.671615958214,0.5052277669419772,697.6666666666666,0.07066114796313688,True,694943261.6831509,-24320.750539779663,0.5045495019748205,713.2,0.07094253953584975,True
60,routing_persistent_hotspot_cluster1,43,remaining,9,9,combined_transfer:+1x0.05,combined_transfer,0.05,1.0,0.12903429567813873,6.977551975477963,True,0f9cbc15d826653a,7d12fb41a405c8d0,677451182.7210131,-4157306.6663873196,0.5034434911491511,704.0,0.07126858073712074,False,700715924.2669767,-5796983.334365606,0.5027208184274825,722.2,0.07155515074996448,False
60,routing_persistent_hotspot_cluster1,43,remaining,9,10,combined_transfer:-1x0.05,combined_transfer,0.05,-1.0,0.12903429567813873,6.858807419899983,True,0f9cbc15d826653a,30a0e4a8211902aa,679761934.2281822,-6468058.173556447,0.504192117667399,710.0,0.0704770686764092,False,699563841.338295,-4644900.405683875,0.5039310501480461,722.0,0.07007820839716065,False
60,routing_persistent_hotspot_cluster1,43,remaining,9,11,combined_transfer:+1x0.1,combined_transfer,0.1,1.0,0.25806862115859985,8.731231318437429,True,0f9cbc15d826653a,c1d00882121c9f01,675877383.525516,-2583507.4708902836,0.5035606049900916,699.3333333333334,0.07149403317530574,False,699570790.9925177,-4651850.059906602,0.503134333605048,719.2,0.07146788290711285,False
60,routing_persistent_hotspot_cluster1,43,remaining,9,12,combined_transfer:-1x0.1,combined_transfer,0.1,-1.0,0.25806862115859985,8.55662520756011,True,0f9cbc15d826653a,66ded823b2affe10,683188277.419921,-9894401.365295291,0.5037338363471584,716.6666666666666,0.07053435114503816,False,702558859.9416794,-7639919.009068251,0.5032766447555714,727.4,0.07038621136225713,False
60,routing_persistent_hotspot_cluster1,51,remaining,1,0,mdl2,anchor,0.0,0.0,0.0,0.0,True,,46e2eb2e68816cd6,59846247.2296563,0.0,0.5010252904989747,54.0,0.06798780487804879,True,59846247.2296563,0.0,0.5010252904989747,54.0,0.06798780487804879,True
60,routing_persistent_hotspot_cluster1,51,remaining,1,1,specimen_transfer:+1x0.05,specimen_transfer,0.05,1.0,0.10539432615041733,4.69041575982343,True,8a1d4045b1e54c73,0e5e9de0e9a18ded,59443780.945190944,402466.28446535766,0.5010252904989747,53.0,0.06798780487804879,True,59443780.94519095,402466.2844653502,0.5010252904989747,53.0,0.06798780487804879,True
60,routing_persistent_hotspot_cluster1,51,remaining,1,2,specimen_transfer:-1x0.05,specimen_transfer,0.05,-1.0,0.10539432615041733,7.483314773547883,True,8a1d4045b1e54c73,53425c2da67e05d4,59542636.278914146,303610.9507421553,0.5010252904989747,53.0,0.06798780487804879,True,59542636.27891414,303610.95074216276,0.5010252904989747,53.0,0.06798780487804879,True
60,routing_persistent_hotspot_cluster1,51,remaining,1,3,specimen_transfer:+1x0.1,specimen_transfer,0.1,1.0,0.21078865230083466,7.874007874011811,True,8a1d4045b1e54c73,cf5e558bdf5e11c3,58893804.27958757,952442.9500687346,0.5010252904989747,52.0,0.06798780487804879,True,58893804.27958757,952442.9500687346,0.5010252904989747,52.0,0.06798780487804879,True
60,routing_persistent_hotspot_cluster1,51,remaining,1,4,specimen_transfer:-1x0.1,specimen_transfer,0.1,-1.0,0.21078865230083466,8.246211251235321,True,8a1d4045b1e54c73,201b4a68a034b7a7,59493050.24336711,353196.98628918827,0.5010252904989747,53.0,0.06798780487804879,True,59493050.24336712,353196.9862891808,0.5010252904989747,53.0,0.06798780487804879,True
60,routing_persistent_hotspot_cluster1,51,remaining,1,5,reagent_transfer:+1x0.05,reagent_transfer,0.05,1.0,0.08205713331699371,4.579204430886759,True,d8657084df7ef94d,07ee83817b19b226,59848617.47539703,-2370.24574072659,0.5010252904989747,54.0,0.06798780487804879,True,59848617.475397035,-2370.2457407340407,0.5010252904989747,54.0,0.06798780487804879,True
60,routing_persistent_hotspot_cluster1,51,remaining,1,6,reagent_transfer:-1x0.05,reagent_transfer,0.05,-1.0,0.08205713331699371,4.579204430886759,True,d8657084df7ef94d,598512a96eea3ba9,59848071.050038956,-1823.820382654667,0.5010252904989747,54.0,0.06798780487804879,True,59848071.05003895,-1823.8203826472163,0.5010252904989747,54.0,0.06798780487804879,True
60,routing_persistent_hotspot_cluster1,51,remaining,1,7,reagent_transfer:+1x0.1,reagent_transfer,0.1,1.0,0.16411426663398743,9.158408939020719,True,d8657084df7ef94d,0d6540a3a92afaab,59850987.72116992,-4740.491513617337,0.5010252904989747,54.0,0.06798780487804879,True,59850987.721169926,-4740.491513624787,0.5010252904989747,54.0,0.06798780487804879,True
60,routing_persistent_hotspot_cluster1,51,remaining,1,8,reagent_transfer:-1x0.1,reagent_transfer,0.1,-1.0,0.16411426663398743,9.158408861773518,True,d8657084df7ef94d,b95e540a6275da22,59850360.04435166,-4112.814695358276,0.5010252904989747,54.0,0.06798780487804879,True,59850360.04435165,-4112.814695350826,0.5010252904989747,54.0,0.06798780487804879,True
60,routing_persistent_hotspot_cluster1,51,remaining,1,9,combined_transfer:+1x0.05,combined_transfer,0.05,1.0,0.13728217780590057,4.989361885834088,True,80488ee4e1111044,a9cad6ac5de9c0ea,59973526.67923208,-127279.44957578182,0.5010252904989747,54.0,0.06798780487804879,True,59973526.679232076,-127279.44957577437,0.5010252904989747,54.0,0.06798780487804879,True
60,routing_persistent_hotspot_cluster1,51,remaining,1,10,combined_transfer:-1x0.05,combined_transfer,0.05,-1.0,0.13728217780590057,4.989361885834088,True,80488ee4e1111044,070fe574261d6858,60033743.3736333,-187496.1439770013,0.5010252904989747,54.0,0.06798780487804879,True,60033743.37363331,-187496.14397700876,0.5010252904989747,54.0,0.06798780487804879,True
60,routing_persistent_hotspot_cluster1,51,remaining,1,11,combined_transfer:+1x0.1,combined_transfer,0.1,1.0,0.27456435561180115,9.978723842565163,True,80488ee4e1111044,0e7aec6b59c43595,60100806.12884001,-254558.89918370545,0.5010252904989747,54.0,0.06798780487804879,True,60100806.128840014,-254558.8991837129,0.5010252904989747,54.0,0.06798780487804879,True
60,routing_persistent_hotspot_cluster1,51,remaining,1,12,combined_transfer:-1x0.1,combined_transfer,0.1,-1.0,0.27456435561180115,9.978723771668175,True,80488ee4e1111044,6f71732dd99a16d9,60221704.69154038,-375457.46188408136,0.5010252904989747,54.0,0.06798780487804879,True,60221704.691540375,-375457.4618840739,0.5010252904989747,54.0,0.06798780487804879,True
61,routing_persistent_hotspot_cluster2,0,remaining,52,0,mdl2,anchor,0.0,0.0,0.0,0.0,True,,1dd13e71908bc81a,2481371075.2222123,0.0,0.4986542409182766,2196.3333333333335,0.06927036162136192,True,2816156631.768979,0.0,0.4697893993905839,2559.6,0.08233667728940589,True
61,routing_persistent_hotspot_cluster2,0,remaining,52,1,specimen_transfer:+1x0.05,specimen_transfer,0.05,1.0,0.18741388618946075,0.0,False,b393978842a0fa3d,b393978842a0fa3d,2481371075.2222123,0.0,0.4986542409182766,2196.3333333333335,0.06927036162136192,True,2816156631.768979,0.0,0.4697893993905839,2559.6,0.08233667728940589,True
61,routing_persistent_hotspot_cluster2,0,remaining,52,2,specimen_transfer:-1x0.05,specimen_transfer,0.05,-1.0,0.18741388618946075,0.0,False,b393978842a0fa3d,b393978842a0fa3d,2481371075.2222123,0.0,0.4986542409182766,2196.3333333333335,0.06927036162136192,True,2816156631.768979,0.0,0.4697893993905839,2559.6,0.08233667728940589,True
61,routing_persistent_hotspot_cluster2,0,remaining,52,3,specimen_transfer:+1x0.1,specimen_transfer,0.1,1.0,0.3748277723789215,0.0,False,b393978842a0fa3d,b393978842a0fa3d,2481371075.2222123,0.0,0.4986542409182766,2196.3333333333335,0.06927036162136192,True,2816156631.768979,0.0,0.4697893993905839,2559.6,0.08233667728940589,True
61,routing_persistent_hotspot_cluster2,0,remaining,52,4,specimen_transfer:-1x0.1,specimen_transfer,0.1,-1.0,0.3748277723789215,0.0,False,b393978842a0fa3d,b393978842a0fa3d,2481371075.2222123,0.0,0.4986542409182766,2196.3333333333335,0.06927036162136192,True,2816156631.768979,0.0,0.4697893993905839,2559.6,0.08233667728940589,True
61,routing_persistent_hotspot_cluster2,0,remaining,52,5,reagent_transfer:+1x0.05,reagent_transfer,0.05,1.0,0.17381002008914948,10.702045664204302,True,b393978842a0fa3d,54cf7ef4806557a1,2481364614.911807,6460.310405254364,0.4986542409182766,2196.3333333333335,0.06927036162136192,True,2816108416.6648846,48215.10409450531,0.4697893993905839,2559.6,0.08233667728940589,True
61,routing_persistent_hotspot_cluster2,0,remaining,52,6,reagent_transfer:-1x0.05,reagent_transfer,0.05,-1.0,0.17381002008914948,10.702045664204302,True,b393978842a0fa3d,9af30eb04ed253c5,2481433103.5116086,-62028.28939628601,0.4986542409182766,2196.3333333333335,0.06927036162136192,True,2816208698.908911,-52067.13993215561,0.4697893993905839,2559.6,0.08233667728940589,True
61,routing_persistent_hotspot_cluster2,0,remaining,52,7,reagent_transfer:+1x0.1,reagent_transfer,0.1,1.0,0.34762004017829895,21.404091328408605,True,b393978842a0fa3d,71a67ef6d1861ade,2481457099.916633,-86024.69442081451,0.4985949394891121,2196.3333333333335,0.06927036162136192,False,2816044743.139702,111888.62927722931,0.4697893993905839,2559.6,0.08233667728940589,True
61,routing_persistent_hotspot_cluster2,0,remaining,52,8,reagent_transfer:-1x0.1,reagent_transfer,0.1,-1.0,0.34762004017829895,21.404091328408605,True,b393978842a0fa3d,654480a0294225ba,2481513316.2486186,-142241.02640628815,0.4985949394891121,2196.3333333333335,0.06927036162136192,False,2815937831.7498903,218800.01908874512,0.4698542923172549,2559.2,0.08233667728940589,True
61,routing_persistent_hotspot_cluster2,0,remaining,52,9,combined_transfer:+1x0.05,combined_transfer,0.05,1.0,0.2065315991640091,10.918627988926957,True,cbf146c8d6e82dae,65c251e46b1b2f63,2533685205.5930743,-52314130.37086201,0.48754960474479975,2254.3333333333335,0.07249384212343374,False,2868070425.7692976,-51913794.00031853,0.4589157353649707,2617.8,0.08513887337216627,False
61,routing_persistent_hotspot_cluster2,0,remaining,52,10,combined_transfer:-1x0.05,combined_transfer,0.05,-1.0,0.216023251414299,10.948313374945837,True,cbf146c8d6e82dae,90b500b87641a0be,2461033749.4236183,20337325.798593998,0.4980906953520847,2212.6666666666665,0.07025557785121929,False,2797284196.8799486,18872434.889030457,0.4696048636987292,2574.0,0.08313511678946015,False
61,routing_persistent_hotspot_cluster2,0,remaining,52,11,combined_transfer:+1x0.1,combined_transfer,0.1,1.0,0.4130631983280182,21.754160333981122,True,cbf146c8d6e82dae,786cd1360dc278b8,2537880318.89815,-56509243.67593765,0.48738867662910645,2256.3333333333335,0.07288241358704668,False,2870559862.4765506,-54403230.70757151,0.4598509717823992,2614.0,0.08479607178810303,False
61,routing_persistent_hotspot_cluster2,0,remaining,52,12,combined_transfer:-1x0.1,combined_transfer,0.1,-1.0,0.4320465326309204,21.887980347048735,True,cbf146c8d6e82dae,e733072780df01d8,2441756856.159736,39614219.06247616,0.4998063690388386,2215.3333333333335,0.07091244378254713,False,2782401715.413638,33754916.35534096,0.47096484401174116,2572.6,0.08348855767672972,False
61,routing_persistent_hotspot_cluster2,6,remaining,46,0,mdl2,anchor,0.0,0.0,0.0,0.0,True,,db691f162e13963d,2681901395.3835955,0.0,0.4770507846672903,2454.6666666666665,0.07856766538924585,True,2753353509.9084373,0.0,0.46471914643388657,2518.2,0.08332223531546831,True
61,routing_persistent_hotspot_cluster2,6,remaining,46,1,specimen_transfer:+1x0.05,specimen_transfer,0.05,1.0,0.12781938910484314,9.797958971132712,True,1b423143c1896b7e,5f9615327345492e,2684957708.067678,-3056312.684082508,0.47720324693287947,2451.6666666666665,0.07830594489175448,True,2755848634.2087107,-2495124.3002734184,0.4643018491210863,2520.2,0.08454735952311596,False
61,routing_persistent_hotspot_cluster2,6,remaining,46,2,specimen_transfer:-1x0.05,specimen_transfer,0.05,-1.0,0.12781940400600433,7.874007874011811,True,1b423143c1896b7e,f6a809665efce931,2681669811.0223007,231584.3612947464,0.47706515425537693,2452.6666666666665,0.07826278608322855,True,2756154728.33399,-2801218.425552845,0.46407959349598693,2521.4,0.08386821714072394,False
61,routing_persistent_hotspot_cluster2,6,remaining,46,3,specimen_transfer:+1x0.1,specimen_transfer,0.1,1.0,0.2556387782096863,14.491376746189438,True,1b423143c1896b7e,c09fe51111b4efeb,2683761256.5741634,-1859861.1905679703,0.4778817513847486,2448.3333333333335,0.07768787090019894,True,2758767489.542692,-5413979.634254932,0.4640989278410691,2519.8,0.08432384365756498,False
61,routing_persistent_hotspot_cluster2,6,remaining,46,4,specimen_transfer:-1x0.1,specimen_transfer,0.1,-1.0,0.2556387782096863,8.717797887081348,True,1b423143c1896b7e,4e08ae0e0628fa55,2682451781.439958,-550386.0563626289,0.4769579417004097,2453.6666666666665,0.07818648239866523,False,2756015660.184303,-2662150.275865555,0.46401169543877063,2521.2,0.08375913639231611,False
61,routing_persistent_hotspot_cluster2,6,remaining,46,5,reagent_transfer:+1x0.05,reagent_transfer,0.05,1.0,0.13673974573612213,7.3354563771525125,True,13765844191093fa,69f8cc4b40887692,2681795187.6701035,106207.71349191666,0.4770507846672903,2454.6666666666665,0.07856766538924585,True,2753387584.9335337,-34075.02509641647,0.46471914643388657,2518.2,0.08332223531546831,True
61,routing_persistent_hotspot_cluster2,6,remaining,46,6,reagent_transfer:-1x0.05,reagent_transfer,0.05,-1.0,0.13673974573612213,10.624338622593962,True,13765844191093fa,f50811f2f898daa9,2681954684.5408626,-53289.15726709366,0.4770507846672903,2454.6666666666665,0.07856766538924585,True,2753343296.7724786,10213.13595867157,0.46471914643388657,2518.2,0.08332223531546831,True
61,routing_persistent_hotspot_cluster2,6,remaining,46,7,reagent_transfer:+1x0.1,reagent_transfer,0.1,1.0,0.27347949147224426,14.670912754305025,True,13765844191093fa,d6ad5d0051a1f527,2681777579.6004944,123815.78310108185,0.4770507846672903,2454.6666666666665,0.07856766538924585,True,2753403310.625859,-49800.71742153168,0.46471914643388657,2518.2,0.08332223531546831,True
61,routing_persistent_hotspot_cluster2,6,remaining,46,8,reagent_transfer:-1x0.1,reagent_transfer,0.1,-1.0,0.27347949147224426,15.513550570545137,True,13765844191093fa,c63416535d4b7992,2682011864.1762505,-110468.79265499115,0.4770507846672903,2454.6666666666665,0.07856766538924585,True,2753185896.452057,167613.45638036728,0.46471914643388657,2518.2,0.08332223531546831,True
61,routing_persistent_hotspot_cluster2,6,remaining,46,9,combined_transfer:+1x0.05,combined_transfer,0.05,1.0,0.18619844317436218,7.680096473162112,True,9d43c37bb2c3e1b7,946500e637d5d975,2728325050.3468256,-46423654.96323013,0.46762305808915877,2505.6666666666665,0.08198021656119868,False,2799287648.1075983,-45934138.19916105,0.4561144186018047,2566.2,0.08570353544628108,False
61,routing_persistent_hotspot_cluster2,6,remaining,46,10,combined_transfer:-1x0.05,combined_transfer,0.05,-1.0,0.18619844317436218,10.85038250758295,True,9d43c37bb2c3e1b7,95a96f2e0603ec5b,2679313767.30028,2587628.0833153725,0.47339851769135516,2481.6666666666665,0.0801847670450478,False,2756437875.878614,-3084365.970176697,0.4601597525891036,2558.0,0.08583894512187293,False
61,routing_persistent_hotspot_cluster2,6,remaining,46,11,combined_transfer:+1x0.1,combined_transfer,0.1,1.0,0.37239688634872437,15.360192918944964,True,9d43c37bb2c3e1b7,e72031c0e9f724a6,2722037007.459574,-40135612.075978756,0.47152042554849,2474.3333333333335,0.08028139375917452,False,2792694717.9677916,-39341208.059354305,0.46004814852293263,2539.4,0.08478653988215014,False
61,routing_persistent_hotspot_cluster2,6,remaining,46,12,combined_transfer:-1x0.1,combined_transfer,0.1,-1.0,0.37239688634872437,16.12721826224667,True,9d43c37bb2c3e1b7,89783b450d0ae597,2681886038.4784966,15356.9050989151,0.47093106146998154,2498.6666666666665,0.08009580853110876,False,2755865731.5013747,-2512221.5929374695,0.45807124112831266,2575.4,0.08519318675118155,False
61,routing_persistent_hotspot_cluster2,12,remaining,40,0,mdl2,anchor,0.0,0.0,0.0,0.0,True,,c5c814db9ae1004c,2279492896.824466,0.0,0.49209305383647667,2085.6666666666665,0.07116963524282832,True,2341885495.189946,0.0,0.48976166225596784,2157.2,0.07613124385619371,True
61,routing_persistent_hotspot_cluster2,12,remaining,40,1,specimen_transfer:+1x0.05,specimen_transfer,0.05,1.0,0.11883151531219482,7.3484692283495345,True,e199d4d9515065ed,be731b0bcbe2a551,2282959090.1282787,-3466193.303812504,0.49205224128866193,2088.3333333333335,0.07104103572456182,False,2345272313.0415845,-3386817.851638317,0.4895302802593801,2158.8,0.07681652004156961,False
61,routing_persistent_hotspot_cluster2,12,remaining,40,2,specimen_transfer:-1x0.05,specimen_transfer,0.05,-1.0,0.11883151531219482,7.3484692283495345,True,e199d4d9515065ed,2e078677b3c2d7cd,2278233743.787173,1259153.0372934341,0.49237245577731437,2087.0,0.07087644432882274,False,2340950215.7477207,935279.4422254562,0.489568098946628,2159.6,0.07650411580833409,False
61,routing_persistent_hotspot_cluster2,12,remaining,40,3,specimen_transfer:+1x0.1,specimen_transfer,0.1,1.0,0.23766303062438965,14.071247279470288,True,e199d4d9515065ed,d683f170b956bf1d,2284824237.85754,-5331341.033073902,0.4918211921022406,2089.6666666666665,0.07164554845078311,False,2346627830.620532,-4742335.430585861,0.4899089733492432,2158.0,0.07664917443954518,False
61,routing_persistent_hotspot_cluster2,12,remaining,40,4,specimen_transfer:-1x0.1,specimen_transfer,0.1,-1.0,0.23766303062438965,13.2664991614216,True,e199d4d9515065ed,33cc84d68d241c4f,2286402960.9073653,-6910064.082899094,0.4907738591200923,2093.3333333333335,0.07271760677995548,False,2347508455.7665987,-5622960.576652527,0.4881922749734529,2165.4,0.07754524080066871,False
61,routing_persistent_hotspot_cluster2,12,remaining,40,5,reagent_transfer:+1x0.05,reagent_transfer,0.05,1.0,0.1680527627468109,12.16323796193684,True,c7fb407e1b9fa241,8408481eec562e63,2279858211.5253105,-365314.7008442879,0.49215019016375355,2085.3333333333335,0.07106527289676277,True,2341914240.9033146,-28745.713368415833,0.48976166225596784,2157.2,0.07613124385619371,True
61,routing_persistent_hotspot_cluster2,12,remaining,40,6,reagent_transfer:-1x0.05,reagent_transfer,0.05,-1.0,0.1680527627468109,10.331621264732492,True,c7fb407e1b9fa241,d3c9d465024d5b7a,2280140312.1814437,-647415.3569774628,0.49215019016375355,2085.3333333333335,0.07106527289676277,True,2341818855.166774,66640.02317237854,0.48976166225596784,2157.2,0.07613124385619371,True
61,routing_persistent_hotspot_cluster2,12,remaining,40,7,reagent_transfer:+1x0.1,reagent_transfer,0.1,1.0,0.3361055254936218,21.963503859206824,True,c7fb407e1b9fa241,c2b930228c0b1b9a,2279721638.046596,-228741.22212982178,0.49215019016375355,2085.3333333333335,0.07106527289676277,True,2341972714.212057,-87219.02211093903,0.48976166225596784,2157.2,0.07613124385619371,True
61,routing_persistent_hotspot_cluster2,12,remaining,40,8,reagent_transfer:-1x0.1,reagent_transfer,0.1,-1.0,0.3361055254936218,19.277750919107408,True,c7fb407e1b9fa241,f9aa0c2b70e704c3,2279762387.769186,-269490.9447197914,0.49209305383647667,2085.6666666666665,0.07116963524282832,True,2341493312.007294,392183.1826519966,0.48976166225596784,2157.2,0.07613124385619371,True
61,routing_persistent_hotspot_cluster2,12,remaining,40,9,combined_transfer:+1x0.05,combined_transfer,0.05,1.0,0.20193669199943542,12.329081392285477,True,2fe3a0bd45a6259c,d0a4e5a1226f0578,2313669496.182665,-34176599.35819864,0.48514922596160587,2119.6666666666665,0.073400261512006,False,2376213105.1859603,-34327609.99601412,0.482657584096431,2186.8,0.0783440603258903,False
61,routing_persistent_hotspot_cluster2,12,remaining,40,10,combined_transfer:-1x0.05,combined_transfer,0.05,-1.0,0.20193669199943542,10.518932204957878,True,2fe3a0bd45a6259c,11463efe81c90def,2300453406.074314,-20960509.24984789,0.4835525203126596,2139.6666666666665,0.07524072111272005,False,2357680203.4249897,-15794708.235043526,0.48174148305253184,2208.8,0.07830816692637614,False
61,routing_persistent_hotspot_cluster2,12,remaining,40,11,combined_transfer:+1x0.1,combined_transfer,0.1,1.0,0.40387338399887085,22.330317122893423,True,2fe3a0bd45a6259c,e6fb909dc33cd95e,2296938400.4680057,-17445503.64353943,0.49129185616888504,2088.0,0.0717774450640859,False,2362366431.5597396,-20480936.369793415,0.487985806864873,2158.8,0.07590918019051171,False
61,routing_persistent_hotspot_cluster2,12,remaining,40,12,combined_transfer:-1x0.1,combined_transfer,0.1,-1.0,0.40387338399887085,19.678765906368625,True,2fe3a0bd45a6259c,83b565039c1a5e9d,2272996474.5517526,6496422.272713661,0.48989044063262943,2113.3333333333335,0.07172350675146243,False,2331626395.1755548,10259100.014391422,0.486590319011783,2189.8,0.07605805024268414,False
61,routing_persistent_hotspot_cluster2,18,remaining,34,0,mdl2,anchor,0.0,0.0,0.0,0.0,True,,3b43b66d8645e1ac,1964634943.4076006,0.0,0.5031014038700025,1837.3333333333333,0.07236299059432987,True,2024585723.5559165,0.0,0.5020640279993779,1903.0,0.07091815145954265,True
61,routing_persistent_hotspot_cluster2,18,remaining,34,1,specimen_transfer:+1x0.05,specimen_transfer,0.05,1.0,0.12092744559049606,7.745966692414834,True,38ab05a771084e0a,6c12f0e1d3896f93,1964906131.836539,-271188.4289383888,0.5032106867887208,1837.6666666666667,0.07247517875324118,False,2026207853.602626,-1622130.0467095375,0.5016360910658586,1905.0,0.07193550403324718,False
61,routing_persistent_hotspot_cluster2,18,remaining,34,2,specimen_transfer:-1x0.05,specimen_transfer,0.05,-1.0,0.12092744559049606,7.0710678118654755,True,38ab05a771084e0a,c0027c7c0a1ffe04,1962199248.284724,2435695.122876644,0.503040286647169,1839.6666666666667,0.07235574680597157,False,2027667973.31117,-3082249.7552535534,0.5007787473294825,1909.4,0.07164097793653192,False
61,routing_persistent_hotspot_cluster2,18,remaining,34,3,specimen_transfer:+1x0.1,specimen_transfer,0.1,1.0,0.24185489118099213,15.811388300841896,True,38ab05a771084e0a,11cee4d31a0ca04e,1960865206.4787884,3769736.9288122654,0.5040857530999572,1832.6666666666667,0.0714873090347551,True,2023494142.080276,1091581.4756405354,0.5025856841359874,1900.2,0.07118572992149001,False
61,routing_persistent_hotspot_cluster2,18,remaining,34,4,specimen_transfer:-1x0.1,specimen_transfer,0.1,-1.0,0.24185489118099213,12.649110640673518,True,38ab05a771084e0a,1059f8fc9ceed102,1961511658.3952103,3123285.012390375,0.5025688340155602,1840.6666666666667,0.07230785274919715,False,2028738586.6535773,-4152863.09766078,0.500115021679164,1912.4,0.07211862932719074,False
61,routing_persistent_hotspot_cluster2,18,remaining,34,5,reagent_transfer:+1x0.05,reagent_transfer,0.05,1.0,0.15685416758060455,8.411061685486526,True,6065f36fd957c229,0693682270bcc3f1,1964752771.4409294,-117828.03332877159,0.5029791694243356,1837.3333333333333,0.07248169705657831,False,2024770887.5600324,-185164.00411581993,0.5020640279993779,1903.2,0.07097654083662998,False
61,routing_persistent_hotspot_cluster2,18,remaining,34,6,reagent_transfer:-1x0.05,reagent_transfer,0.05,-1.0,0.15685416758060455,10.396985854521741,True,6065f36fd957c229,fdfb848b8595ab9d,1964708343.7920778,-73400.38447713852,0.5031014038700025,1837.3333333333333,0.07236299059432987,True,2024917509.2920556,-331785.73613905907,0.5020297403257965,1903.0,0.07092724295630706,False
61,routing_persistent_hotspot_cluster2,18,remaining,34,7,reagent_transfer:+1x0.1,reagent_transfer,0.1,1.0,0.3137083649635315,16.822124372860205,True,6065f36fd957c229,13cf2e757f51f5cd,1964598850.8865497,36092.52105093002,0.5029791694243356,1837.3333333333333,0.07248169705657831,False,2024879964.704403,-294241.1484863758,0.5020297403257965,1903.2,0.07098563233339437,False
61,routing_persistent_hotspot_cluster2,18,remaining,34,8,reagent_transfer:-1x0.1,reagent_transfer,0.1,-1.0,0.3137083351612091,17.78432427710559,True,6065f36fd957c229,0f6d0300f1743dcc,1964886961.1595304,-252017.75192975998,0.503040286647169,1838.3333333333333,0.07246732027612433,False,2024578369.6214492,7353.934467315674,0.5020297403257965,1903.0,0.07098563233339437,False
61,routing_persistent_hotspot_cluster2,18,remaining,34,9,combined_transfer:+1x0.05,combined_transfer,0.05,1.0,0.19392117857933044,8.65786739315357,True,0e19ac490c14d5e1,ba62399710a4b087,1986086523.7287252,-21451580.321124554,0.49838672013988,1851.0,0.07416408128438982,False,2050292659.0184498,-25706935.462533236,0.4963012486148812,1929.2,0.07413786478080994,False
61,routing_persistent_hotspot_cluster2,18,remaining,34,10,combined_transfer:-1x0.05,combined_transfer,0.05,-1.0,0.19392116367816925,10.586820661100543,True,0e19ac490c14d5e1,d56f0e4bc53a3cc8,1975188769.0020351,-10553825.5944345,0.4966934485646115,1879.3333333333333,0.07449090777593316,False,2044780370.7174668,-20194647.161550283,0.49397764562580865,1951.6,0.07465351541160553,False
61,routing_persistent_hotspot_cluster2,18,remaining,34,11,combined_transfer:+1x0.1,combined_transfer,0.1,1.0,0.3878423273563385,17.31573575963397,True,0e19ac490c14d5e1,9a4d5f655f7fe31c,2004609362.0909035,-39974418.68330288,0.4950971262436878,1865.6666666666667,0.074955106236392,False,2066318683.4512742,-41732959.89535761,0.4932816416054342,1940.2,0.07460853830592593,False
61,routing_persistent_hotspot_cluster2,18,remaining,34,12,combined_transfer:-1x0.1,combined_transfer,0.1,-1.0,0.3878423273563385,18.22679394183102,True,0e19ac490c14d5e1,ed6e4af8be43ec86,1943770068.404764,20864875.002836704,0.5030661897010659,1854.3333333333333,0.07337391505195656,False,2018552324.6568902,6033398.899026394,0.5001493126392387,1922.6,0.07209766257916683,False
61,routing_persistent_hotspot_cluster2,25,remaining,27,0,mdl2,anchor,0.0,0.0,0.0,0.0,True,,2783ac494d6baeff,1725911945.2320547,0.0,0.4888259219013336,1638.6666666666667,0.0756002704553917,True,1707535191.6657445,0.0,0.4866594631222768,1611.2,0.07542573653814624,True
61,routing_persistent_hotspot_cluster2,25,remaining,27,1,specimen_transfer:+1x0.05,specimen_transfer,0.05,1.0,0.11009049415588379,1.4142135623730951,True,e199d4d9515065ed,4e77728c696394dd,1725257583.0915663,654362.1404883862,0.4890563493408393,1637.6666666666667,0.07519208666357552,True,1705750527.7760093,1784663.8897352219,0.48707410050661804,1608.8,0.07463218724771108,True
61,routing_persistent_hotspot_cluster2,25,remaining,27,2,specimen_transfer:-1x0.05,specimen_transfer,0.05,-1.0,0.11009049415588379,4.47213595499958,True,e199d4d9515065ed,a1184a2bd50260bd,1725451882.7254117,460062.50664305687,0.4888835620767746,1638.6666666666667,0.07549639656445432,True,1707851098.4390616,-315906.7733170986,0.4865980876215549,1612.2,0.07554074135561936,False
61,routing_persistent_hotspot_cluster2,25,remaining,27,3,specimen_transfer:+1x0.1,specimen_transfer,0.1,1.0,0.22018098831176758,3.1622776601683795,True,e199d4d9515065ed,ef91ea8127419891,1724923265.964772,988679.2672827244,0.4892281311252144,1636.6666666666667,0.07478384316950293,True,1706748416.0600734,786775.6056711674,0.4869030062184363,1609.8,0.07507850638550144,True
61,routing_persistent_hotspot_cluster2,25,remaining,27,4,specimen_transfer:-1x0.1,specimen_transfer,0.1,-1.0,0.22018098831176758,5.0990195135927845,True,e199d4d9515065ed,4300369cda219685,1725401607.327902,510337.90415263176,0.4888835620767746,1638.6666666666667,0.07549639656445432,True,1707818677.7615983,-283486.09585380554,0.4865980876215549,1612.2,0.07554074135561936,False
61,routing_persistent_hotspot_cluster2,25,remaining,27,5,reagent_transfer:+1x0.05,reagent_transfer,0.05,1.0,0.11867433786392212,6.361719175867553,True,1acd231b0f01a123,31026c8f9291f6e5,1725778010.1278427,133935.10421204567,0.4888259219013336,1638.6666666666667,0.0755919228401657,True,1707514964.7196324,20226.946112155914,0.4866594631222768,1611.2,0.07542573653814624,True
61,routing_persistent_hotspot_cluster2,25,remaining,27,6,reagent_transfer:-1x0.05,reagent_transfer,0.05,-1.0,0.11867433786392212,8.573538993533651,True,1acd231b0f01a123,67dab84f3af29648,1726024740.3710241,-112795.13896942139,0.4888259219013336,1638.6666666666667,0.0756002704553917,True,1707494916.7313867,40274.934357881546,0.4866594631222768,1611.2,0.07542573653814624,True
61,routing_persistent_hotspot_cluster2,25,remaining,27,7,reagent_transfer:+1x0.1,reagent_transfer,0.1,1.0,0.23734867572784424,10.559533589184667,True,1acd231b0f01a123,4fb97812f6fbb744,1725702242.4080515,209702.8240032196,0.4888259219013336,1638.6666666666667,0.0755919228401657,True,1707424956.5668545,110235.09889006615,0.4866594631222768,1611.2,0.07542573653814624,True
61,routing_persistent_hotspot_cluster2,25,remaining,27,8,reagent_transfer:-1x0.1,reagent_transfer,0.1,-1.0,0.23734867572784424,15.230096830188478,True,1acd231b0f01a123,5b0066ffa73a5e80,1726159400.2376454,-247455.00559067726,0.4888259219013336,1638.6666666666667,0.0755919228401657,True,1707411194.3152049,123997.3505396843,0.4866924718695949,1611.0,0.07535850992200847,True
61,routing_persistent_hotspot_cluster2,25,remaining,27,9,combined_transfer:+1x0.05,combined_transfer,0.05,1.0,0.1584465205669403,6.634982640214955,True,5370957817d38e2a,e7b893fa011e87a2,1729251374.486376,-3339429.2543213367,0.4883629228006849,1642.6666666666667,0.07577463935970259,False,1709210886.0224915,-1675694.356746912,0.4868407252761139,1613.6,0.07525209514240559,False
61,routing_persistent_hotspot_cluster2,25,remaining,27,10,combined_transfer:-1x0.05,combined_transfer,0.05,-1.0,0.1584465205669403,8.779328096661951,True,5370957817d38e2a,d082de5a7a4920db,1727567936.827654,-1655991.5955991745,0.48785493837735855,1655.0,0.07667185524553068,False,1711583518.6274426,-4048326.9616980553,0.48516014715201844,1630.8,0.0760586518624058,False
61,routing_persistent_hotspot_cluster2,25,remaining,27,11,combined_transfer:+1x0.1,combined_transfer,0.1,1.0,0.3168930411338806,11.212040165577838,True,5370957817d38e2a,49716011eabcb543,1734799447.3771374,-8887502.145082712,0.48853719254601646,1639.0,0.07608527495050503,False,1714900378.8848681,-7365187.219123602,0.48672358695504003,1609.0,0.07494694446341432,True
61,routing_persistent_hotspot_cluster2,25,remaining,27,12,combined_transfer:-1x0.1,combined_transfer,0.1,-1.0,0.3168930411338806,15.669120015190522,True,5370957817d38e2a,b5aa4393e0fdaa92,1733671336.371834,-7759391.139779329,0.4856635078487624,1677.0,0.07740437271699296,False,1717555482.0193152,-10020290.3535707,0.4834748109866778,1649.2,0.07605251955701502,False
61,routing_persistent_hotspot_cluster2,31,remaining,21,0,mdl2,anchor,0.0,0.0,0.0,0.0,True,,13b381ec8148baf9,1299139032.5975676,0.0,0.4916500703806612,1200.6666666666667,0.06834129259953901,True,1316358276.0528162,0.0,0.4927417050769384,1225.8,0.07136157134770836,True
61,routing_persistent_hotspot_cluster2,31,remaining,21,1,specimen_transfer:+1x0.05,specimen_transfer,0.05,1.0,0.11231976002454758,6.782329983125268,True,a85c5eeb42016a67,945c8160be6b99e4,1297806726.692435,1332305.9051325321,0.4919944769417963,1198.0,0.06792394108538807,True,1315394115.046479,964161.0063371658,0.49312380507204817,1224.4,0.07099065659213023,True
61,routing_persistent_hotspot_cluster2,31,remaining,21,2,specimen_transfer:-1x0.05,specimen_transfer,0.05,-1.0,0.11231976002454758,8.246211251235321,True,a85c5eeb42016a67,0a0c97ccf0069f8b,1298177209.4645598,961823.1330077648,0.4911836823797755,1202.3333333333333,0.06866822307673186,False,1315393943.3483722,964332.7044439316,0.4923283822807081,1228.2,0.07209400761139656,False
61,routing_persistent_hotspot_cluster2,31,remaining,21,3,specimen_transfer:+1x0.1,specimen_transfer,0.1,1.0,0.22463952004909515,11.40175425099138,True,a85c5eeb42016a67,6db41b5cb4789ad1,1297629240.2874832,1509792.310084343,0.4920529257114497,1197.6666666666667,0.0678196114035936,True,1315014040.3587093,1344235.6941068172,0.4931248400116076,1223.6,0.07086174634790735,True
61,routing_persistent_hotspot_cluster2,31,remaining,21,4,specimen_transfer:-1x0.1,specimen_transfer,0.1,-1.0,0.22463952004909515,12.806248474865697,True,a85c5eeb42016a67,b36033008c296212,1297818980.4289017,1320052.168665886,0.4911263199063057,1203.6666666666667,0.06896717752743088,False,1315239401.5762553,1118874.476560831,0.49226997226022895,1228.4,0.07222433514352569,False
61,routing_persistent_hotspot_cluster2,31,remaining,21,5,reagent_transfer:+1x0.05,reagent_transfer,0.05,1.0,0.1024240180850029,7.458060229154779,True,63db4bf8f317cfb1,18e9ca0db024acf0,1299215583.4551764,-76550.85760879517,0.4916500703806612,1200.6666666666667,0.06834129259953901,True,1316651408.3930497,-293132.3402335644,0.4927417050769384,1225.8,0.07136157134770836,True
61,routing_persistent_hotspot_cluster2,31,remaining,21,6,reagent_transfer:-1x0.05,reagent_transfer,0.05,-1.0,0.1024240180850029,7.403817996410014,True,63db4bf8f317cfb1,dfe6fabe2286e793,1299273005.6203043,-133973.0227367878,0.4916500703806612,1200.6666666666667,0.06834129259953901,True,1316576332.6474671,-218056.5946509838,0.4927417050769384,1225.8,0.07136157134770836,True
61,routing_persistent_hotspot_cluster2,31,remaining,21,7,reagent_transfer:+1x0.1,reagent_transfer,0.1,1.0,0.2048480361700058,10.654095960176306,True,63db4bf8f317cfb1,af26f4fe19ee772e,1299202454.6863818,-63422.088814258575,0.4916500703806612,1200.6666666666667,0.06834129259953901,True,1316410721.605537,-52445.55272078514,0.4927417050769384,1225.8,0.07136157134770836,True
61,routing_persistent_hotspot_cluster2,31,remaining,21,8,reagent_transfer:-1x0.1,reagent_transfer,0.1,-1.0,0.2048480361700058,12.334866491199872,True,63db4bf8f317cfb1,bc3fbbfd5f46fa82,1299300018.8152199,-160986.21765232086,0.4916500703806612,1200.6666666666667,0.06834129259953901,True,1316932793.881493,-574517.828676939,0.4927417050769384,1225.8,0.07136157134770836,True
61,routing_persistent_hotspot_cluster2,31,remaining,21,9,combined_transfer:+1x0.05,combined_transfer,0.05,1.0,0.14899586141109467,7.7082037987147185,True,9c4d5402e023706c,3116b30656b656f6,1305208538.2107644,-6069505.61319685,0.4901534898646047,1205.3333333333333,0.06920179624499083,False,1323758645.636239,-7400369.583422899,0.4914645914184542,1232.0,0.07190677086196151,False
61,routing_persistent_hotspot_cluster2,31,remaining,21,10,combined_transfer:-1x0.05,combined_transfer,0.05,-1.0,0.14899586141109467,7.611002020199124,True,9c4d5402e023706c,112bcb8740e462ce,1304351736.6569932,-5212704.059425592,0.4908484731835023,1218.3333333333333,0.06809926853449912,False,1321257959.1295342,-4899683.076718092,0.4915277692133347,1246.6,0.07162472507770598,False
61,routing_persistent_hotspot_cluster2,31,remaining,21,11,combined_transfer:+1x0.1,combined_transfer,0.1,1.0,0.29799172282218933,11.343929407922293,True,9c4d5402e023706c,bb3cdc8d3d868bf8,1302360601.6473532,-3221569.049785614,0.4911292312143823,1194.6666666666667,0.068780314094589,False,1319832506.9425626,-3474230.8897464275,0.492365824277189,1221.4,0.07182553821047835,False
61,routing_persistent_hotspot_cluster2,31,remaining,21,12,combined_transfer:-1x0.1,combined_transfer,0.1,-1.0,0.29799172282218933,12.82935129559429,True,9c4d5402e023706c,e3fda2947a001ad4,1305306453.8409445,-6167421.24337697,0.490780711188829,1225.0,0.0678909635130892,False,1320622598.817295,-4264322.764478922,0.491633482651323,1247.6,0.070712916349024,False
61,routing_persistent_hotspot_cluster2,37,remaining,15,0,mdl2,anchor,0.0,0.0,0.0,0.0,True,,1ad7dcaa17b38587,947959365.7707721,0.0,0.48703877618336505,858.3333333333334,0.06871935524518964,True,1003747586.4930961,0.0,0.487092192524438,932.8,0.06857260957641817,True
61,routing_persistent_hotspot_cluster2,37,remaining,15,1,specimen_transfer:+1x0.05,specimen_transfer,0.05,1.0,0.11325140297412872,7.0710678118654755,True,b393978842a0fa3d,3fb184e0711958f2,946209091.321297,1750274.44947505,0.4876646204531729,855.0,0.06729513465459326,True,1001449759.3820242,2297827.1110719442,0.48777670560041136,929.0,0.06703486075981042,True
61,routing_persistent_hotspot_cluster2,37,remaining,15,2,specimen_transfer:-1x0.05,specimen_transfer,0.05,-1.0,0.11325140297412872,7.0710678118654755,True,b393978842a0fa3d,b6e1e792b23f90db,947069268.0319906,890097.7387814522,0.48653027230643064,860.3333333333334,0.06913788496399535,False,1002985034.4717462,762552.0213499069,0.48678234588437136,935.4,0.06905363877198437,False
61,routing_persistent_hotspot_cluster2,37,remaining,15,3,specimen_transfer:+1x0.1,specimen_transfer,0.1,1.0,0.22650280594825745,12.649110640673518,True,b393978842a0fa3d,cb7fa4710c5f5a08,945388696.4290501,2570669.3417220116,0.48783559446617214,854.0,0.06698066910072742,True,1000629494.2539794,3118092.2391166687,0.48794773379201734,928.0,0.06672043457085133,True
61,routing_persistent_hotspot_cluster2,37,remaining,15,4,specimen_transfer:-1x0.1,specimen_transfer,0.1,-1.0,0.22650280594825745,12.649110640673518,True,b393978842a0fa3d,8ccd87f73122aa27,946366311.1919174,1593054.57885468,0.4861290356697483,862.6666666666666,0.06963976545221422,False,1003262457.4179657,485129.07513046265,0.4863703405275194,939.0,0.06978114891154122,False
61,routing_persistent_hotspot_cluster2,37,remaining,15,5,reagent_transfer:+1x0.05,reagent_transfer,0.05,1.0,0.08148734271526337,6.272414170476106,True,730f0bba274cb525,fd5c5e4c721e7ce5,947960235.2970687,-869.5262966156006,0.48703877618336505,858.3333333333334,0.06871935524518964,True,1003573588.2118238,173998.28127229214,0.487092192524438,932.8,0.06857260957641817,True
61,routing_persistent_hotspot_cluster2,37,remaining,15,6,reagent_transfer:-1x0.05,reagent_transfer,0.05,-1.0,0.08148734271526337,5.253838773332045,True,730f0bba274cb525,5940485994a15dc0,948174789.4207993,-215423.65002715588,0.48703877618336505,858.3333333333334,0.06871935524518964,True,1003866665.062653,-119078.56955683231,0.487092192524438,932.8,0.06857260957641817,True
61,routing_persistent_hotspot_cluster2,37,remaining,15,7,reagent_transfer:+1x0.1,reagent_transfer,0.1,1.0,0.16297468543052673,11.083975807746265,True,730f0bba274cb525,de216787d566689e,948043813.2386891,-84447.46791696548,0.48703877618336505,858.3333333333334,0.06871935524518964,True,1003441041.0660744,306545.42702174187,0.487092192524438,932.8,0.06857260957641817,True
61,routing_persistent_hotspot_cluster2,37,remaining,15,8,reagent_transfer:-1x0.1,reagent_transfer,0.1,-1.0,0.16297468543052673,9.897633396399478,True,730f0bba274cb525,abe6bf12e7f21a14,948151611.0260686,-192245.25529646873,0.48703877618336505,858.3333333333334,0.06871935524518964,True,1004028937.5598061,-281351.06670999527,0.487092192524438,932.8,0.06857260957641817,True
61,routing_persistent_hotspot_cluster2,37,remaining,15,9,combined_transfer:+1x0.05,combined_transfer,0.05,1.0,0.1491013467311859,6.662932579284084,True,740e6f764fd523e8,c4ce98445bedbfd9,957153091.3944627,-9193725.623690605,0.484982140713397,869.0,0.06898431678978816,False,1013949294.7197924,-10201708.226696253,0.48459814414249996,945.6,0.06986285698512015,False
61,routing_persistent_hotspot_cluster2,37,remaining,15,10,combined_transfer:-1x0.05,combined_transfer,0.05,-1.0,0.1491013467311859,5.582129322833627,True,740e6f764fd523e8,a51c51dfff58aff4,948517019.1660976,-557653.3953255415,0.48692532480064354,862.3333333333334,0.06915232231267636,False,1005737209.3731382,-1989622.880042076,0.48688452925693104,939.8,0.06904723626297403,False
61,routing_persistent_hotspot_cluster2,37,remaining,15,11,combined_transfer:+1x0.1,combined_transfer,0.1,1.0,0.2982026934623718,11.960789431600563,True,740e6f764fd523e8,8cf89696957353aa,955015780.1598009,-7056414.389028788,0.4857260330526601,859.6666666666666,0.0688281046803396,False,1013121825.1167513,-9374238.6236552,0.4852172721529279,939.2,0.06994519066251073,False
61,routing_persistent_hotspot_cluster2,37,remaining,15,12,combined_transfer:-1x0.1,combined_transfer,0.1,-1.0,0.2982026934623718,10.543013446292463,True,740e6f764fd523e8,a384fc1d1fab077a,949264203.1741171,-1304837.4033449888,0.4866368318701008,866.0,0.06826046384987115,False,1006752955.997583,-3005369.5044869184,0.48702106020903135,944.0,0.0680845523764605,False
61,routing_persistent_hotspot_cluster2,43,remaining,9,0,mdl2,anchor,0.0,0.0,0.0,0.0,True,,4b48f21a4b7a02bf,655370532.5073496,0.0,0.4823143463825768,625.0,0.0682816128105997,True,636816451.8329542,0.0,0.48588739573152945,621.6,0.0692617823018052,True
61,routing_persistent_hotspot_cluster2,43,remaining,9,1,specimen_transfer:+1x0.05,specimen_transfer,0.05,1.0,0.07796419411897659,3.1622776601683795,True,b393978842a0fa3d,c0c33306baeebbcd,655367935.9002897,2596.607059955597,0.4823143463825768,624.0,0.0682816128105997,True,636990837.1883225,-174385.35536837578,0.4858541123233084,621.2,0.06932463585303084,False
61,routing_persistent_hotspot_cluster2,43,remaining,9,2,specimen_transfer:-1x0.05,specimen_transfer,0.05,-1.0,0.07796419411897659,3.1622776601683795,True,b393978842a0fa3d,115a35a3dfa4f94b,654927668.7979175,442863.7094321251,0.48242659533454124,624.3333333333334,0.06837914755707625,False,636649112.632131,167339.20082318783,0.48599041101562196,621.4,0.06938756851508243,False
61,routing_persistent_hotspot_cluster2,43,remaining,9,3,specimen_transfer:+1x0.1,specimen_transfer,0.1,1.0,0.15592838823795319,5.477225575051661,True,b393978842a0fa3d,c52f22a0e0034ddf,655035512.7710584,335019.7362911701,0.48248347815592924,623.0,0.06828864937456823,False,636837086.13232,-20634.299365878105,0.4859902691117354,620.4,0.06933353284815733,False
61,routing_persistent_hotspot_cluster2,43,remaining,9,4,specimen_transfer:-1x0.1,specimen_transfer,0.1,-1.0,0.15592838823795319,5.477225575051661,True,b393978842a0fa3d,940026aa506f9d2b,655210141.0892562,160391.41809344292,0.4823145705225275,627.0,0.06858147577710845,False,637466308.8676823,-649857.0347281694,0.4857513341994778,624.6,0.06994935290727615,False
61,routing_persistent_hotspot_cluster2,43,remaining,9,5,reagent_transfer:+1x0.05,reagent_transfer,0.05,1.0,0.08449150621891022,3.763478995006073,True,b393978842a0fa3d,89e7a14e4ea85601,655263113.2073921,107419.29995751381,0.4823143463825768,625.0,0.0682816128105997,True,636768231.7215874,48220.11136674881,0.48588739573152945,621.6,0.0692617823018052,True
61,routing_persistent_hotspot_cluster2,43,remaining,9,6,reagent_transfer:-1x0.05,reagent_transfer,0.05,-1.0,0.08449150621891022,3.763478995006073,True,b393978842a0fa3d,f8ee88da8e44231f,655415764.6642989,-45232.15694928169,0.4823143463825768,625.0,0.0682816128105997,True,636905800.5568666,-89348.7239124775,0.48588739573152945,621.6,0.0692617823018052,True
61,routing_persistent_hotspot_cluster2,43,remaining,9,7,reagent_transfer:+1x0.1,reagent_transfer,0.1,1.0,0.16898301243782043,7.526957990012146,True,b393978842a0fa3d,01392c5312e6edf0,655180596.209649,189936.29770064354,0.4823143463825768,625.0,0.0682816128105997,True,636737639.7924001,78812.04055404663,0.48588739573152945,621.6,0.0692617823018052,True
61,routing_persistent_hotspot_cluster2,43,remaining,9,8,reagent_transfer:-1x0.1,reagent_transfer,0.1,-1.0,0.16898301243782043,7.526957990012146,True,b393978842a0fa3d,c5d486a70252c571,655464456.3365186,-93923.82916903496,0.4823143463825768,625.0,0.0682816128105997,True,637000928.0757896,-184476.2428354025,0.48588739573152945,621.6,0.0692617823018052,True
61,routing_persistent_hotspot_cluster2,43,remaining,9,9,combined_transfer:+1x0.05,combined_transfer,0.05,1.0,0.12024568021297455,4.066389319015759,True,7b6436b0c98f6238,acbe7b07f8e25035,661455280.7591275,-6084748.251777887,0.4806249936197657,634.3333333333334,0.06917206292109784,False,642902463.7762146,-6086011.943260431,0.4842500313598433,630.8,0.07008829046312823,False
61,routing_persistent_hotspot_cluster2,43,remaining,9,10,combined_transfer:-1x0.05,combined_transfer,0.05,-1.0,0.12024568021297455,3.9796946632695467,True,7b6436b0c98f6238,53e8ef7993891200,655157305.7775701,213226.7297794819,0.482595502967943,626.0,0.06775720693335012,False,636648357.4155675,168094.41738665104,0.4861590373239932,622.4,0.06869570483638808,False
61,routing_persistent_hotspot_cluster2,43,remaining,9,11,combined_transfer:+1x0.1,combined_transfer,0.1,1.0,0.2404913604259491,8.132778638031517,True,7b6436b0c98f6238,7cf673c5e5d74f99,660897382.9825132,-5526850.475163579,0.481020364127809,633.0,0.06903064563113505,False,642166386.2092425,-5349934.376288295,0.4845568039304945,629.0,0.07010717419943821,False
61,routing_persistent_hotspot_cluster2,43,remaining,9,12,combined_transfer:-1x0.1,combined_transfer,0.1,-1.0,0.2404913604259491,7.959389326539093,True,7b6436b0c98f6238,f8a994ca68e0265e,655118944.8616405,251587.645709157,0.4829337665146478,626.6666666666666,0.06769330540632529,False,637126675.5583913,-310223.7254371643,0.48650026888844183,624.0,0.06863094312750215,False
61,routing_persistent_hotspot_cluster2,51,remaining,1,0,mdl2,anchor,0.0,0.0,0.0,0.0,True,,4b48f21a4b7a02bf,60966208.708482765,0.0,0.4913334477432641,56.0,0.06480025165146272,True,60966208.70848276,0.0,0.4913334477432641,56.0,0.06480025165146272,True
61,routing_persistent_hotspot_cluster2,51,remaining,1,1,specimen_transfer:+1x0.05,specimen_transfer,0.05,1.0,0.13054247200489044,8.831760866327848,True,b393978842a0fa3d,866db360cfa27bee,60073298.04925656,892910.6592262015,0.4913334477432641,55.0,0.06480025165146272,True,60073298.04925656,892910.659226194,0.4913334477432641,55.0,0.06480025165146272,True
61,routing_persistent_hotspot_cluster2,51,remaining,1,2,specimen_transfer:-1x0.05,specimen_transfer,0.05,-1.0,0.13054247200489044,7.874007874011811,True,b393978842a0fa3d,a95306f9c0ba09f4,60673140.59549495,293068.11298781633,0.4913334477432641,56.0,0.06480025165146272,True,60673140.59549494,293068.11298781633,0.4913334477432641,56.0,0.06480025165146272,True
61,routing_persistent_hotspot_cluster2,51,remaining,1,3,specimen_transfer:+1x0.1,specimen_transfer,0.1,1.0,0.2610849440097809,17.663521732655695,True,b393978842a0fa3d,6f6af9aada838f93,60779036.51053047,187172.19795229286,0.4913334477432641,57.0,0.06480025165146272,False,60779036.51053047,187172.1979522854,0.4913334477432641,57.0,0.06480025165146272,False
61,routing_persistent_hotspot_cluster2,51,remaining,1,4,specimen_transfer:-1x0.1,specimen_transfer,0.1,-1.0,0.2610849440097809,14.966629547095765,True,b393978842a0fa3d,7d10ea3092685c44,59978718.48239869,987490.2260840759,0.4913334477432641,55.0,0.06486146095717885,False,59978718.48239869,987490.2260840684,0.4913334477432641,55.0,0.06486146095717885,False
61,routing_persistent_hotspot_cluster2,51,remaining,1,5,reagent_transfer:+1x0.05,reagent_transfer,0.05,1.0,0.09588633477687836,8.095336546509907,True,b393978842a0fa3d,a148370211cbfca1,60969732.98730392,-3524.278821155429,0.4913334477432641,56.0,0.06480025165146272,True,60969732.98730393,-3524.27882117033,0.4913334477432641,56.0,0.06480025165146272,True
61,routing_persistent_hotspot_cluster2,51,remaining,1,6,reagent_transfer:-1x0.05,reagent_transfer,0.05,-1.0,0.09588633477687836,8.095336546509907,True,b393978842a0fa3d,74c09f863556658d,60969732.98730392,-3524.278821155429,0.4913334477432641,56.0,0.06480025165146272,True,60969732.98730393,-3524.27882117033,0.4913334477432641,56.0,0.06480025165146272,True
61,routing_persistent_hotspot_cluster2,51,remaining,1,7,reagent_transfer:+1x0.1,reagent_transfer,0.1,1.0,0.1917726695537567,16.190673093019814,True,b393978842a0fa3d,5c68a36f0f142bfe,60973257.26612508,-7048.557642318308,0.4913334477432641,56.0,0.06480025165146272,True,60973257.26612508,-7048.557642325759,0.4913334477432641,56.0,0.06480025165146272,True
61,routing_persistent_hotspot_cluster2,51,remaining,1,8,reagent_transfer:-1x0.1,reagent_transfer,0.1,-1.0,0.1917726695537567,16.190673093019814,True,b393978842a0fa3d,033c29a7949cce04,60973257.26612508,-7048.557642318308,0.4913334477432641,56.0,0.06480025165146272,True,60973257.26612508,-7048.557642325759,0.4913334477432641,56.0,0.06480025165146272,True
61,routing_persistent_hotspot_cluster2,51,remaining,1,9,combined_transfer:+1x0.05,combined_transfer,0.05,1.0,0.1752922534942627,8.515352292558326,True,7b6436b0c98f6238,0afdd8634d9b08e1,61218272.91238025,-252064.20389748365,0.4913334477432641,56.0,0.06480025165146272,True,61218272.91238024,-252064.20389748365,0.4913334477432641,56.0,0.06480025165146272,True
61,routing_persistent_hotspot_cluster2,51,remaining,1,10,combined_transfer:-1x0.05,combined_transfer,0.05,-1.0,0.1752922534942627,8.492380068247625,True,7b6436b0c98f6238,9d0659f1277d69e1,61226513.58937333,-260304.88089056313,0.4913334477432641,56.0,0.06480025165146272,True,61226513.589373335,-260304.88089057803,0.4913334477432641,56.0,0.06480025165146272,True
61,routing_persistent_hotspot_cluster2,51,remaining,1,11,combined_transfer:+1x0.1,combined_transfer,0.1,1.0,0.3505845069885254,17.030704585116652,True,7b6436b0c98f6238,2f2524287bd7dfa4,61490452.29709438,-524243.5886116177,0.4913334477432641,56.0,0.06480025165146272,True,61490452.29709439,-524243.5886116326,0.4913334477432641,56.0,0.06480025165146272,True
61,routing_persistent_hotspot_cluster2,51,remaining,1,12,combined_transfer:-1x0.1,combined_transfer,0.1,-1.0,0.3505845069885254,16.937250699231754,True,7b6436b0c98f6238,23ffb2bd2011a1c4,61468157.15763868,-501948.4491559118,0.4913334477432641,56.0,0.06480025165146272,True,61468157.157638684,-501948.4491559267,0.4913334477432641,56.0,0.06480025165146272,True
62,routing_persistent_hotspot_cluster3,0,remaining,52,0,mdl2,anchor,0.0,0.0,0.0,0.0,True,,c210211194af11f3,2428938814.5789485,0.0,0.5153999234862204,2162.3333333333335,0.06585394978563475,True,2423559774.895594,0.0,0.5222059237607918,2125.6,0.06305064159574822,True
62,routing_persistent_hotspot_cluster3,0,remaining,52,1,specimen_transfer:+1x0.05,specimen_transfer,0.05,1.0,0.18741388618946075,0.0,False,b393978842a0fa3d,b393978842a0fa3d,2428938814.5789485,0.0,0.5153999234862204,2162.3333333333335,0.06585394978563475,True,2423559774.895594,0.0,0.5222059237607918,2125.6,0.06305064159574822,True
62,routing_persistent_hotspot_cluster3,0,remaining,52,2,specimen_transfer:-1x0.05,specimen_transfer,0.05,-1.0,0.18741388618946075,0.0,False,b393978842a0fa3d,b393978842a0fa3d,2428938814.5789485,0.0,0.5153999234862204,2162.3333333333335,0.06585394978563475,True,2423559774.895594,0.0,0.5222059237607918,2125.6,0.06305064159574822,True
62,routing_persistent_hotspot_cluster3,0,remaining,52,3,specimen_transfer:+1x0.1,specimen_transfer,0.1,1.0,0.3748277723789215,0.0,False,b393978842a0fa3d,b393978842a0fa3d,2428938814.5789485,0.0,0.5153999234862204,2162.3333333333335,0.06585394978563475,True,2423559774.895594,0.0,0.5222059237607918,2125.6,0.06305064159574822,True
62,routing_persistent_hotspot_cluster3,0,remaining,52,4,specimen_transfer:-1x0.1,specimen_transfer,0.1,-1.0,0.3748277723789215,0.0,False,b393978842a0fa3d,b393978842a0fa3d,2428938814.5789485,0.0,0.5153999234862204,2162.3333333333335,0.06585394978563475,True,2423559774.895594,0.0,0.5222059237607918,2125.6,0.06305064159574822,True
62,routing_persistent_hotspot_cluster3,0,remaining,52,5,reagent_transfer:+1x0.05,reagent_transfer,0.05,1.0,0.17605161666870117,10.438430485819916,True,b393978842a0fa3d,7d1a3cd04b4e3145,2429047706.5294685,-108891.9505200386,0.5153999234862204,2162.3333333333335,0.06585394978563475,True,2423468828.7434096,90946.15218448639,0.5222059237607918,2125.6,0.06305064159574822,True
62,routing_persistent_hotspot_cluster3,0,remaining,52,6,reagent_transfer:-1x0.05,reagent_transfer,0.05,-1.0,0.17605161666870117,10.438430485819916,True,b393978842a0fa3d,092126f1513123fc,2436228031.6139584,-7289217.035009861,0.5139851191803987,2172.0,0.06692003807497054,False,2423792115.672674,-232340.77708005905,0.522240436271577,2125.6,0.06305064159574822,True
62,routing_persistent_hotspot_cluster3,0,remaining,52,7,reagent_transfer:+1x0.1,reagent_transfer,0.1,1.0,0.35210323333740234,20.876860971639832,True,b393978842a0fa3d,4b698d42afff8fb6,2424863467.1084843,4075347.4704642296,0.5163744042706776,2160.3333333333335,0.06575729464964693,True,2423281540.489257,278234.4063372612,0.5222059237607918,2125.6,0.06305064159574822,True
62,routing_persistent_hotspot_cluster3,0,remaining,52,8,reagent_transfer:-1x0.1,reagent_transfer,0.1,-1.0,0.35210323333740234,20.876860971639832,True,b393978842a0fa3d,63bde16f496d2849,2427112990.561484,1825824.0174646378,0.515887163878449,2161.0,0.06580549245985089,True,2424302248.307439,-742473.4118447304,0.522240436271577,2125.6,0.06305064159574822,True
62,routing_persistent_hotspot_cluster3,0,remaining,52,9,combined_transfer:+1x0.05,combined_transfer,0.05,1.0,0.21148908138275146,10.654659100294728,True,f101121e5c7f39d5,c4d1345d26abf3f8,2474159141.3105025,-45220326.73155403,0.5053843264504018,2214.3333333333335,0.06796112862670348,False,2479724897.611296,-56165122.71570206,0.5107741102956334,2184.2,0.06569255388570637,False
62,routing_persistent_hotspot_cluster3,0,remaining,52,10,combined_transfer:-1x0.05,combined_transfer,0.05,-1.0,0.222132608294487,10.690569052596713,True,f101121e5c7f39d5,ce6ff4110fa975c4,2428055487.1441503,883327.4347982407,0.5138237999426212,2185.6666666666665,0.06640680452655505,False,2426970853.6367507,-3411078.741156578,0.5178142825035603,2157.8,0.06442740962194712,False
62,routing_persistent_hotspot_cluster3,0,remaining,52,11,combined_transfer:+1x0.1,combined_transfer,0.1,1.0,0.42297816276550293,21.41248670163089,True,f101121e5c7f39d5,c8ca916c9e9759a5,2462937599.8940034,-33998785.31505489,0.5089489534394034,2199.6666666666665,0.06930876177137542,False,2456566692.263883,-33006917.368288994,0.5160057006309943,2154.6,0.06455621968926054,False
62,routing_persistent_hotspot_cluster3,0,remaining,52,12,combined_transfer:-1x0.1,combined_transfer,0.1,-1.0,0.4442652463912964,21.381138266334204,True,f101121e5c7f39d5,e8a182a87c959015,2405606303.231335,23332511.347613335,0.5184062720337588,2172.3333333333335,0.06757936815902883,False,2381188671.9118314,42371102.98376274,0.5261903682365301,2115.8,0.06080408748277653,True
62,routing_persistent_hotspot_cluster3,6,remaining,46,0,mdl2,anchor,0.0,0.0,0.0,0.0,True,,7dbdefc8fbe44df4,2312855793.4353375,0.0,0.5298413742446918,2056.3333333333335,0.06160944256790576,True,2601750533.028409,0.0,0.4893429491145077,2334.0,0.07299895955900625,True
62,routing_persistent_hotspot_cluster3,6,remaining,46,1,specimen_transfer:+1x0.05,specimen_transfer,0.05,1.0,0.08736889064311981,6.324555320336759,True,bf6dada35a8481bf,11594a857acfb59e,2314632926.560383,-1777133.1250452995,0.530131635410879,2055.6666666666665,0.06113666968759415,True,2604613978.4577394,-2863445.429330349,0.48927892189962324,2333.4,0.07288553779213715,False
62,routing_persistent_hotspot_cluster3,6,remaining,46,2,specimen_transfer:-1x0.05,specimen_transfer,0.05,-1.0,0.08736889064311981,5.0990195135927845,True,bf6dada35a8481bf,1169832352c46a27,2313100974.456635,-245181.02129745483,0.5293152153591812,2056.0,0.06146798123940258,False,2608619569.1400537,-6869036.111644745,0.4881468920088012,2341.2,0.07315058440844904,False
62,routing_persistent_hotspot_cluster3,6,remaining,46,3,specimen_transfer:+1x0.1,specimen_transfer,0.1,1.0,0.17473778128623962,11.74734012447073,True,bf6dada35a8481bf,eb8fa9f00761a571,2315753517.237184,-2897723.801846504,0.530012815495502,2055.6666666666665,0.06168249070089815,False,2611580007.0302305,-9829474.001821518,0.48828398078109786,2339.8,0.07346597552472589,False
62,routing_persistent_hotspot_cluster3,6,remaining,46,4,specimen_transfer:-1x0.1,specimen_transfer,0.1,-1.0,0.17473778128623962,9.591663046625438,True,bf6dada35a8481bf,8b4ddd6b7c34857b,2326558770.8070807,-13702977.371743202,0.5263851517932526,2065.0,0.06287209630643142,False,2624063645.769465,-22313112.741055965,0.48533977211750756,2352.8,0.0749473695656051,False
62,routing_persistent_hotspot_cluster3,6,remaining,46,5,reagent_transfer:+1x0.05,reagent_transfer,0.05,1.0,0.15249745547771454,8.683686957560905,True,dbcb827474cdb936,39c6107255e57e9e,2312043707.901875,812085.5334625244,0.5300754459858713,2055.0,0.06158411306318832,True,2601947561.941563,-197028.9131541252,0.4893094931091547,2334.2,0.07300269408034014,False
62,routing_persistent_hotspot_cluster3,6,remaining,46,6,reagent_transfer:-1x0.05,reagent_transfer,0.05,-1.0,0.15249745547771454,8.683686957560905,True,dbcb827474cdb936,1890c851b5841d82,2312177074.4055667,678719.0297708511,0.5301341314318807,2055.3333333333335,0.06157851538141401,True,2599319123.224653,2431409.803756237,0.4898104729081293,2331.0,0.07269337056653614,True
62,routing_persistent_hotspot_cluster3,6,remaining,46,7,reagent_transfer:+1x0.1,reagent_transfer,0.1,1.0,0.3049949109554291,16.66210305536405,True,dbcb827474cdb936,e236ea9ef302e4a4,2312013046.437076,842746.9982614517,0.5301341314318807,2055.0,0.06158411306318832,True,2601832888.3909335,-82355.36252450943,0.4893429491145077,2334.0,0.07299895955900625,True
62,routing_persistent_hotspot_cluster3,6,remaining,46,8,reagent_transfer:-1x0.1,reagent_transfer,0.1,-1.0,0.3049949109554291,16.66210305536405,True,dbcb827474cdb936,7bece511cd0d0f8e,2312300082.853354,555710.5819835663,0.5300754459858713,2055.3333333333335,0.06157851538141401,True,2591972381.8971786,9778151.131230354,0.4915135952991796,2320.6,0.07214004686910765,True
62,routing_persistent_hotspot_cluster3,6,remaining,46,9,combined_transfer:+1x0.05,combined_transfer,0.05,1.0,0.1793750673532486,8.848529854026136,True,0fbfa63d105dcd15,262d15916e2218bf,2368087399.562007,-55231606.12666941,0.5159428401747649,2126.3333333333335,0.06432511265297844,False,2669635659.3137994,-67885126.28539038,0.4749851168722935,2411.8,0.07712057706660626,False
62,routing_persistent_hotspot_cluster3,6,remaining,46,10,combined_transfer:-1x0.05,combined_transfer,0.05,-1.0,0.1793750673532486,8.848529854026136,True,0fbfa63d105dcd15,581f6d13e733a2e9,2347980491.4546056,-35124698.019268036,0.5186304309474371,2120.6666666666665,0.064034049703554,False,2621126046.9351287,-19375513.906719685,0.48141262233798743,2386.6,0.07287286247133676,False
62,routing_persistent_hotspot_cluster3,6,remaining,46,11,combined_transfer:+1x0.1,combined_transfer,0.1,1.0,0.3587501347064972,17.00546746873739,True,0fbfa63d105dcd15,d22d5d5b83a063a7,2379495302.718373,-66639509.28303528,0.5157114529319797,2122.6666666666665,0.06446564842370008,False,2683764558.865817,-82014025.83740807,0.4745089672700888,2407.6,0.0757360314201454,False
62,routing_persistent_hotspot_cluster3,6,remaining,46,12,combined_transfer:-1x0.1,combined_transfer,0.1,-1.0,0.3587501347064972,17.00546746873739,True,0fbfa63d105dcd15,9038d26db62ff1f4,2330181479.2901635,-17325685.854825974,0.5222001587862856,2112.0,0.06425839844993733,False,2588611891.9627337,13138641.065675259,0.48679419002794183,2360.4,0.07017807522063099,False
62,routing_persistent_hotspot_cluster3,12,remaining,40,0,mdl2,anchor,0.0,0.0,0.0,0.0,True,,4f7ea7b06768277e,2202349936.403105,0.0,0.5009993539258776,1998.0,0.07188197336407202,True,2141110689.4092655,0.0,0.5245439372782579,1948.8,0.06507464904898733,True
62,routing_persistent_hotspot_cluster3,12,remaining,40,1,specimen_transfer:+1x0.05,specimen_transfer,0.05,1.0,0.10201364010572433,8.94427190999916,True,90067610fc9dd21a,b359d033349b5a17,2209497620.0063004,-7147683.603195667,0.500149118595728,2004.3333333333333,0.0723990224817621,False,2145175104.0855126,-4064414.67624712,0.5241946831805919,1951.4,0.06500281706537295,False
62,routing_persistent_hotspot_cluster3,12,remaining,40,2,specimen_transfer:-1x0.05,specimen_transfer,0.05,-1.0,0.10201364010572433,8.48528137423857,True,90067610fc9dd21a,fe77e6e411bf9e16,2207238635.2936316,-4888698.890526772,0.4994164578639584,2011.3333333333333,0.07151769063207283,False,2144848189.764007,-3737500.3547415733,0.5231365429134364,1956.2,0.06524293953033902,False
62,routing_persistent_hotspot_cluster3,12,remaining,40,3,specimen_transfer:+1x0.1,specimen_transfer,0.1,1.0,0.20402728021144867,16.97056274847714,True,90067610fc9dd21a,dead13672814ed9f,2206956195.031836,-4606258.628731251,0.5007698710196505,2000.6666666666667,0.07176656896991639,False,2144884531.3486152,-3773841.9393496513,0.5243584296202739,1950.2,0.06534116017309069,False
62,routing_persistent_hotspot_cluster3,12,remaining,40,4,specimen_transfer:-1x0.1,specimen_transfer,0.1,-1.0,0.20402728021144867,15.362291495737216,True,90067610fc9dd21a,aea9c1d9eec7dc1c,2213120592.655107,-10770656.25200224,0.4967297796273944,2027.3333333333333,0.07283000802369265,False,2140843271.4327157,267417.9765498638,0.523888100444255,1954.0,0.06475180516765155,False
62,routing_persistent_hotspot_cluster3,12,remaining,40,5,reagent_transfer:+1x0.05,reagent_transfer,0.05,1.0,0.16353414952754974,9.047137949747464,True,04b0228e514b0166,3f2587ce1d1f9f54,2201541164.324335,808772.0787696838,0.5011127906966761,1998.0,0.07178708479637216,True,2140753823.4550495,356865.9542160034,0.5245439372782579,1948.6,0.06506419292660323,True
62,routing_persistent_hotspot_cluster3,12,remaining,40,6,reagent_transfer:-1x0.05,reagent_transfer,0.05,-1.0,0.16353414952754974,11.42917428184272,True,04b0228e514b0166,4d3323bf8bdb8bc8,2202496557.9751315,-146621.57202672958,0.500944326259107,1998.0,0.07188116075966981,False,2141197699.1986382,-87009.78937268257,0.5245439372782579,1948.8,0.06507464904898733,True
62,routing_persistent_hotspot_cluster3,12,remaining,40,7,reagent_transfer:+1x0.1,reagent_transfer,0.1,1.0,0.3270682990550995,18.094274605586612,True,04b0228e514b0166,ca5a58990bb6c443,2195595566.066724,6754370.336380959,0.5024731211414089,1989.3333333333333,0.07139124281301662,True,2142182277.8965447,-1071588.4872791767,0.5241799700353098,1951.0,0.06511315220706551,False
62,routing_persistent_hotspot_cluster3,12,remaining,40,8,reagent_transfer:-1x0.1,reagent_transfer,0.1,-1.0,0.3270682990550995,18.996107488842352,True,04b0228e514b0166,5c66a79b496c8b13,2201922877.254195,427059.1489095688,0.5011126362821506,1997.3333333333333,0.07178202333908452,True,2143519190.6347136,-2408501.2254481316,0.5240712546883267,1951.8,0.06516951133826057,False
62,routing_persistent_hotspot_cluster3,12,remaining,40,9,combined_transfer:+1x0.05,combined_transfer,0.05,1.0,0.1944616436958313,9.243268163076301,True,6ec0bd654aa24fdd,7c36ca9fce6fe230,2229365392.6178308,-27015456.21472597,0.495434767122331,2020.3333333333333,0.07296069855898855,False,2178529114.8680053,-37418425.45873976,0.5164336175882902,1986.6,0.06635811893016715,False
62,routing_persistent_hotspot_cluster3,12,remaining,40,10,combined_transfer:-1x0.05,combined_transfer,0.05,-1.0,0.1944616436958313,11.583876505475084,True,6ec0bd654aa24fdd,6fb985ec387e9132,2227083362.8240647,-24733426.42095995,0.48998111690907026,2066.3333333333335,0.07468917046500016,False,2169512278.2905507,-28401588.88128519,0.5120524291513658,2022.8,0.06838456668224842,False
62,routing_persistent_hotspot_cluster3,12,remaining,40,11,combined_transfer:+1x0.1,combined_transfer,0.1,1.0,0.3889232873916626,18.48653505969935,True,6ec0bd654aa24fdd,4a92f1928a389951,2241630527.6438904,-39280591.2407856,0.49342498124274586,2022.0,0.07258633886674516,False,2198081748.4598227,-56971059.05055714,0.5131258739048936,1993.4,0.06688701821313538,False
62,routing_persistent_hotspot_cluster3,12,remaining,40,12,combined_transfer:-1x0.1,combined_transfer,0.1,-1.0,0.3889232873916626,19.367312158508287,True,6ec0bd654aa24fdd,de7cffc6769d6edc,2193904519.203971,8445417.199133873,0.49665672587115406,2038.6666666666667,0.07121968262502137,False,2139609560.858724,1501128.550541401,0.5183273442737807,1994.4,0.06450533294317942,False
62,routing_persistent_hotspot_cluster3,18,remaining,34,0,mdl2,anchor,0.0,0.0,0.0,0.0,True,,517315bdbdc5ce42,2116534748.1437075,0.0,0.5078617673769471,1990.3333333333333,0.07198990230960972,True,1900803889.060578,0.0,0.5257103887357926,1764.0,0.06837749179534539,True
62,routing_persistent_hotspot_cluster3,18,remaining,34,1,specimen_transfer:+1x0.05,specimen_transfer,0.05,1.0,0.11247371882200241,7.874007874011811,True,a9393c202ec57cd2,f28619db4ac3f538,2114789406.1622689,1745341.9814386368,0.5080548580096373,1989.3333333333333,0.07055052591345916,True,1898874311.5992172,1929577.4613609314,0.5256986442710253,1762.0,0.06731964443422199,False
62,routing_persistent_hotspot_cluster3,18,remaining,34,2,specimen_transfer:-1x0.05,specimen_transfer,0.05,-1.0,0.11247371882200241,9.273618495495704,True,a9393c202ec57cd2,01156091e1252a52,2117342477.6106014,-807729.4668939114,0.5064574238608675,1997.3333333333333,0.073592208092203,False,1902349857.5355945,-1545968.4750163555,0.5238617787592819,1773.6,0.07035244367087254,False
62,routing_persistent_hotspot_cluster3,18,remaining,34,3,specimen_transfer:+1x0.1,specimen_transfer,0.1,1.0,0.22494743764400482,15.231546211727817,True,a9393c202ec57cd2,e1c15ec60015c725,2113827410.0628045,2707338.0809030533,0.5084978258132261,1987.6666666666667,0.07008886608690172,True,1901372687.6099992,-568798.549421072,0.5257536232499429,1763.8,0.06692982172967277,True
62,routing_persistent_hotspot_cluster3,18,remaining,34,4,specimen_transfer:-1x0.1,specimen_transfer,0.1,-1.0,0.22494743764400482,15.0996688705415,True,a9393c202ec57cd2,ee263af58b98afa0,2115743775.224755,790972.918952465,0.5062699597492096,2000.0,0.07362281993432956,False,1897601285.1902232,3202603.870354891,0.524257441589483,1771.4,0.069723534706514,False
62,routing_persistent_hotspot_cluster3,18,remaining,34,5,reagent_transfer:+1x0.05,reagent_transfer,0.05,1.0,0.13912558555603027,7.711383604281129,True,1ee61d2e9449f3a0,8054fda00ef59618,2116388382.781948,146365.3617594242,0.5078617673769471,1990.3333333333333,0.07198990230960972,True,1901737820.8355713,-933931.7749931812,0.5254959115239963,1765.4,0.06840880145554795,False
62,routing_persistent_hotspot_cluster3,18,remaining,34,6,reagent_transfer:-1x0.05,reagent_transfer,0.05,-1.0,0.13912558555603027,9.310048941253438,True,1ee61d2e9449f3a0,250871ac611211e8,2116275620.7889016,259127.35480594635,0.5078617673769471,1990.3333333333333,0.07198990230960972,True,1901039557.3060246,-235668.24544644356,0.5256746425338265,1764.2,0.06838198538220726,False
62,routing_persistent_hotspot_cluster3,18,remaining,34,7,reagent_transfer:+1x0.1,reagent_transfer,0.1,1.0,0.27825117111206055,15.422767164992795,True,1ee61d2e9449f3a0,678ff3c8cb9bdc03,2116276737.2428539,258010.90085363388,0.5078617673769471,1990.3333333333333,0.07198990230960972,True,1901639838.612784,-835949.552205801,0.5254959115239963,1765.2,0.06840449471934401,False
62,routing_persistent_hotspot_cluster3,18,remaining,34,8,reagent_transfer:-1x0.1,reagent_transfer,0.1,-1.0,0.27825117111206055,15.316403449229242,True,1ee61d2e9449f3a0,59b2a5de4c85d355,2116334309.6978626,200438.4458448887,0.5078617673769471,1990.3333333333333,0.07198990230960972,True,1900835087.2856605,-31198.22508239746,0.5257103887357926,1764.0,0.06837749179534539,True
62,routing_persistent_hotspot_cluster3,18,remaining,34,9,combined_transfer:+1x0.05,combined_transfer,0.05,1.0,0.1794552505016327,7.975197747499776,True,c3ae9ae4e747af83,fb5461b31acfd54d,2150628351.3285966,-34093603.18488908,0.5002018436318304,2023.6666666666667,0.07476128628056532,False,1929701892.935678,-28898003.875099897,0.5193409347032624,1787.6,0.06898520968613978,False
62,routing_persistent_hotspot_cluster3,18,remaining,34,10,combined_transfer:-1x0.05,combined_transfer,0.05,-1.0,0.1794552505016327,9.530993988495696,True,c3ae9ae4e747af83,3f0581f8fa8bb65a,2138506906.4437468,-21972158.30003929,0.49937835222759613,2046.0,0.0741395826010358,False,1920587131.1299758,-19783242.069397688,0.517019208735034,1820.4,0.0696957066919798,False
62,routing_persistent_hotspot_cluster3,18,remaining,34,11,combined_transfer:+1x0.1,combined_transfer,0.1,1.0,0.3589105010032654,15.950395452871339,True,c3ae9ae4e747af83,794bfda53ac64822,2150444523.83192,-33909775.68821263,0.501378193187088,2012.6666666666667,0.07403805515775518,False,1927101081.1771202,-26297192.1165421,0.5206962376970137,1773.4,0.06798981674907115,False
62,routing_persistent_hotspot_cluster3,18,remaining,34,12,combined_transfer:-1x0.1,combined_transfer,0.1,-1.0,0.3589105010032654,15.8506641848343,True,c3ae9ae4e747af83,242e848354facd2f,2129804354.3018916,-13269606.158184052,0.5000454303312797,2048.0,0.07325410076293111,False,1909376995.340261,-8573106.279682875,0.5186143495101716,1819.8,0.06961211679360561,False
62,routing_persistent_hotspot_cluster3,25,remaining,27,0,mdl2,anchor,0.0,0.0,0.0,0.0,True,,86c227e2031d27b0,1613633637.3603458,0.0,0.5159537860948786,1537.0,0.07117286716893952,True,1528496021.9178445,0.0,0.5184699566368459,1426.6,0.06581703949818646,True
62,routing_persistent_hotspot_cluster3,25,remaining,27,1,specimen_transfer:+1x0.05,specimen_transfer,0.05,1.0,0.0935855582356453,7.745966692414834,True,93d9079d3e9edf6b,8605607c08f5dd77,1621020346.8140552,-7386709.453709364,0.5147456089561618,1546.0,0.07158569057427511,False,1525938840.6161637,2557181.3016808033,0.5194700779665008,1422.4,0.06520814348040929,True
62,routing_persistent_hotspot_cluster3,25,remaining,27,2,specimen_transfer:-1x0.05,specimen_transfer,0.05,-1.0,0.0935855582356453,7.211102550927978,True,93d9079d3e9edf6b,74d73bdf9a21be65,1607259880.2115982,6373757.148747683,0.5168291788808613,1533.6666666666667,0.0713603888196744,False,1528929688.8456955,-433666.9278509617,0.517939376421442,1428.4,0.06563702953500505,False
62,routing_persistent_hotspot_cluster3,25,remaining,27,3,specimen_transfer:+1x0.1,specimen_transfer,0.1,1.0,0.1871711164712906,14.628738838327793,True,93d9079d3e9edf6b,917d88686e1ec73b,1612861993.5913973,771643.768948555,0.516548001753714,1537.0,0.07060691748927529,True,1526067800.7048717,2428221.2129728794,0.5197906098930509,1418.8,0.06506136048067794,True
62,routing_persistent_hotspot_cluster3,25,remaining,27,4,specimen_transfer:-1x0.1,specimen_transfer,0.1,-1.0,0.1871711164712906,13.341664064126334,True,93d9079d3e9edf6b,7d6ca3a39fa704d9,1609440945.960181,4192691.4001648426,0.5159895919506189,1531.6666666666667,0.07045975217628095,True,1530496161.2865252,-2000139.3686807156,0.5177656759015417,1432.0,0.06522588379102584,False
62,routing_persistent_hotspot_cluster3,25,remaining,27,5,reagent_transfer:+1x0.05,reagent_transfer,0.05,1.0,0.10439284890890121,5.101655593998051,True,6477e7b6d3a9e284,7fc8be3a084e7c55,1613264981.4840972,368655.8762485981,0.5159786017108304,1536.3333333333333,0.07104704448840797,True,1532488061.4458623,-3992039.5280177593,0.5176293558968839,1429.4,0.06602823062920242,False
62,routing_persistent_hotspot_cluster3,25,remaining,27,6,reagent_transfer:-1x0.05,reagent_transfer,0.05,-1.0,0.10439284890890121,7.4846410400746946,True,6477e7b6d3a9e284,d0e930e8c6640b1f,1616095043.0138752,-2461405.6535294056,0.515366572555987,1540.0,0.07151905536433562,False,1532668970.0854201,-4172948.1675755978,0.5176645238237345,1429.4,0.06597130718887297,False
62,routing_persistent_hotspot_cluster3,25,remaining,27,7,reagent_transfer:+1x0.1,reagent_transfer,0.1,1.0,0.20878569781780243,9.904926406708691,True,6477e7b6d3a9e284,48bf438b86a042df,1613331980.3862286,301656.97411727905,0.5159786017108304,1536.3333333333333,0.07104704448840797,True,1532229650.5002265,-3733628.5823819637,0.5176645238237345,1429.0,0.06596884683982042,False
62,routing_persistent_hotspot_cluster3,25,remaining,27,8,reagent_transfer:-1x0.1,reagent_transfer,0.1,-1.0,0.20878569781780243,12.97225104785051,True,6477e7b6d3a9e284,482c8a2142adde7e,1618528474.276736,-4894836.916390181,0.5148658214292969,1543.3333333333333,0.0717888838805541,False,1532449794.3625317,-3953772.444687128,0.5176645238237345,1429.0,0.06596884683982042,False
62,routing_persistent_hotspot_cluster3,25,remaining,27,9,combined_transfer:+1x0.05,combined_transfer,0.05,1.0,0.1404869109392166,5.375000477665288,True,ac9f8cf02fadba7e,0486baccbc9a039c,1630624565.0422275,-16990927.681881666,0.510696327640741,1553.0,0.07182361888265114,False,1547106018.1928265,-18609996.274981976,0.5139548145681265,1447.2,0.06671417272826254,False
62,routing_persistent_hotspot_cluster3,25,remaining,27,10,combined_transfer:-1x0.05,combined_transfer,0.05,-1.0,0.1404869109392166,7.633321487924825,True,ac9f8cf02fadba7e,edf6009b19f77e78,1632592404.4690342,-18958767.108688354,0.5089270365684904,1584.6666666666667,0.0733174048320365,False,1550470945.9285722,-21974924.010727644,0.512015060996488,1471.2,0.06736296249887772,False
62,routing_persistent_hotspot_cluster3,25,remaining,27,11,combined_transfer:+1x0.1,combined_transfer,0.1,1.0,0.2809738218784332,10.467212067348068,True,ac9f8cf02fadba7e,90ff50cd62268f5a,1630406349.8735876,-16772712.513241768,0.511672310548582,1543.6666666666667,0.07128099096892926,False,1547494468.3488708,-18998446.43102622,0.5147705641719591,1433.6,0.06715044724618636,False
62,routing_persistent_hotspot_cluster3,25,remaining,27,12,combined_transfer:-1x0.1,combined_transfer,0.1,-1.0,0.2809738218784332,13.314288527947575,True,ac9f8cf02fadba7e,a2740c720c0f8c87,1632120125.7630146,-18486488.402668715,0.509736849832334,1588.3333333333333,0.07389249337227012,False,1544078843.932804,-15582822.014959574,0.5133428605368844,1468.6,0.06745043771715019,False
62,routing_persistent_hotspot_cluster3,31,remaining,21,0,mdl2,anchor,0.0,0.0,0.0,0.0,True,,4b48f21a4b7a02bf,1374175717.5543058,0.0,0.489645513235359,1249.6666666666667,0.07144923986691482,True,1304405126.0291028,0.0,0.5036599620937505,1225.6,0.071790975090316,True
62,routing_persistent_hotspot_cluster3,31,remaining,21,1,specimen_transfer:+1x0.05,specimen_transfer,0.05,1.0,0.08498280495405197,2.0,True,b393978842a0fa3d,fcf0e5d50f7e8727,1374422731.498987,-247013.9446811676,0.4894768874054938,1250.6666666666667,0.07147115643821222,False,1304660996.0578976,-255870.02879476547,0.5034867104123842,1226.6,0.07181300726770254,False
62,routing_persistent_hotspot_cluster3,31,remaining,21,2,specimen_transfer:-1x0.05,specimen_transfer,0.05,-1.0,0.08498280495405197,2.0,True,b393978842a0fa3d,09eb6edade2d744c,1374043649.3523452,132068.20196056366,0.489645513235359,1250.0,0.07144923986691482,False,1303888303.0781968,516822.9509060383,0.5036946782888556,1225.4,0.07172960657236571,True
62,routing_persistent_hotspot_cluster3,31,remaining,21,3,specimen_transfer:+1x0.1,specimen_transfer,0.1,1.0,0.16996560990810394,3.4641016151377544,True,b393978842a0fa3d,d67eacfa642e587b,1375306862.0626254,-1131144.5083196163,0.4893082615756285,1251.3333333333333,0.07177790498143895,False,1306396037.0937083,-1990911.0646054745,0.5031748519587402,1228.2,0.07236545609524177,False
62,routing_persistent_hotspot_cluster3,31,remaining,21,4,specimen_transfer:-1x0.1,specimen_transfer,0.1,-1.0,0.16996560990810394,3.4641016151377544,True,b393978842a0fa3d,870d7b30014ef66e,1373176338.3576615,999379.1966443062,0.489645513235359,1250.0,0.07144923986691482,False,1303308445.6241434,1096680.4049594402,0.5036586227633464,1225.6,0.07179101277439211,False
62,routing_persistent_hotspot_cluster3,31,remaining,21,5,reagent_transfer:+1x0.05,reagent_transfer,0.05,1.0,0.11005391925573349,4.051348606677639,True,b393978842a0fa3d,c0d524e0c4dea547,1374686094.565293,-510377.0109872818,0.48970745079553807,1250.3333333333333,0.07174186002780798,False,1304335915.7123325,69210.31677031517,0.5036960176192599,1225.4,0.0717295688882896,True
62,routing_persistent_hotspot_cluster3,31,remaining,21,6,reagent_transfer:-1x0.05,reagent_transfer,0.05,-1.0,0.11005391925573349,4.051348606677639,True,b393978842a0fa3d,a575f4c2559df774,1373888093.5391076,287624.01519823074,0.48970745079553807,1249.6666666666667,0.07182993588630904,False,1304317203.0329316,87922.99617123604,0.5036960176192599,1225.4,0.0717295688882896,True
62,routing_persistent_hotspot_cluster3,31,remaining,21,7,reagent_transfer:+1x0.1,reagent_transfer,0.1,1.0,0.22010783851146698,8.102697213355277,True,b393978842a0fa3d,10f58de753240d5b,1374752625.0628374,-576907.5085315704,0.4897619615614143,1250.0,0.07174186002780798,False,1304532511.3984704,-127385.36936759949,0.5036599620937505,1225.6,0.071790975090316,True
62,routing_persistent_hotspot_cluster3,31,remaining,21,8,reagent_transfer:-1x0.1,reagent_transfer,0.1,-1.0,0.22010783851146698,8.102697213355277,True,b393978842a0fa3d,fe2d4aa628ee3068,1373087345.7124445,1088371.841861248,0.4899366340504973,1248.3333333333333,0.07142847680854826,True,1304552258.9171326,-147132.88802981377,0.5036599620937505,1225.6,0.071790975090316,True
62,routing_persistent_hotspot_cluster3,31,remaining,21,9,combined_transfer:+1x0.05,combined_transfer,0.05,1.0,0.1391131430864334,4.323236882998017,True,7b6436b0c98f6238,71690242b2c07e10,1378006519.3767903,-3830801.8224844933,0.4888545615898427,1251.0,0.07187975531535928,False,1308781782.8555722,-4376656.826469421,0.5028297494449794,1226.2,0.07206429455207922,False
62,routing_persistent_hotspot_cluster3,31,remaining,21,10,combined_transfer:-1x0.05,combined_transfer,0.05,-1.0,0.1391131430864334,4.327607922274781,True,7b6436b0c98f6238,b03173eee5c99b00,1393439660.4682844,-19263942.913978577,0.483858250372942,1291.6666666666667,0.07495967810459611,False,1323412893.5579422,-19007767.52883935,0.4980065080517567,1266.4,0.07350481997729195,False
62,routing_persistent_hotspot_cluster3,31,remaining,21,11,combined_transfer:+1x0.1,combined_transfer,0.1,1.0,0.2782262861728668,8.646473765996033,True,7b6436b0c98f6238,4fddc6f425eb9074,1393246478.9210775,-19070761.366771698,0.4854894717868407,1268.6666666666667,0.07282012994989379,False,1323236651.8143685,-18831525.785265684,0.4993339636962183,1244.0,0.07311192809310216,False
62,routing_persistent_hotspot_cluster3,31,remaining,21,12,combined_transfer:-1x0.1,combined_transfer,0.1,-1.0,0.2782262861728668,8.655215844549563,True,7b6436b0c98f6238,6245fd1e8cde99fc,1393850953.3530796,-19675235.798773766,0.4840952874303078,1296.6666666666667,0.07345889466074691,False,1325394101.1809855,-20988975.15188265,0.49730943556956886,1272.8,0.07283455583240714,False
62,routing_persistent_hotspot_cluster3,37,remaining,15,0,mdl2,anchor,0.0,0.0,0.0,0.0,True,,b3260d9ef824da9d,1039957656.5890527,0.0,0.48867317519030046,976.6666666666666,0.07053033725029532,True,1043171393.7710451,0.0,0.4899279217380797,987.4,0.06912078159174866,True
62,routing_persistent_hotspot_cluster3,37,remaining,15,1,specimen_transfer:+1x0.05,specimen_transfer,0.05,1.0,0.10982735455036163,4.898979485566356,True,b393978842a0fa3d,34eae567e498299d,1039624547.451336,333109.13771665096,0.48867603696770723,976.6666666666666,0.07013644783769213,True,1042698996.754873,472397.01617205143,0.48992964075323886,987.0,0.06883135706466506,True
62,routing_persistent_hotspot_cluster3,37,remaining,15,2,specimen_transfer:-1x0.05,specimen_transfer,0.05,-1.0,0.10982735455036163,4.0,True,b393978842a0fa3d,6195ddf742c53c05,1040557760.0330442,-600103.4439915419,0.48838895429730983,978.0,0.07063980728410578,False,1043516592.4189396,-345198.6478945017,0.4897595184652295,988.8,0.06937980760728385,False
62,routing_persistent_hotspot_cluster3,37,remaining,15,3,specimen_transfer:+1x0.1,specimen_transfer,0.1,1.0,0.21965470910072327,8.48528137423857,True,b393978842a0fa3d,e031ebdd75814962,1038577106.1520034,1380550.4370492697,0.4888924703041168,974.6666666666666,0.06972049743235523,True,1040795754.9865263,2375638.784518838,0.49046845220305835,984.0,0.06814698909576218,True
62,routing_persistent_hotspot_cluster3,37,remaining,15,4,specimen_transfer:-1x0.1,specimen_transfer,0.1,-1.0,0.21965470910072327,8.48528137423857,True,b393978842a0fa3d,7b66c265c46fbd56,1042492402.2250355,-2534745.635982871,0.48788888129672964,980.6666666666666,0.07085153162691467,False,1043903310.9946991,-731917.2236540318,0.48955876279615823,989.0,0.06909734544147042,False
62,routing_persistent_hotspot_cluster3,37,remaining,15,5,reagent_transfer:+1x0.05,reagent_transfer,0.05,1.0,0.10427834093570709,5.518257117877665,True,f2ba54538cda243c,8a14d6fb6223813d,1039853529.092321,104127.49673163891,0.48867317519030046,976.6666666666666,0.07053033725029532,True,1043360585.1770535,-189191.40600836277,0.4899279217380797,987.4,0.06912078159174866,True
62,routing_persistent_hotspot_cluster3,37,remaining,15,6,reagent_transfer:-1x0.05,reagent_transfer,0.05,-1.0,0.10427834093570709,3.4215366140380707,True,f2ba54538cda243c,33064126c6237333,1039937336.2172424,20320.37181031704,0.48867317519030046,976.6666666666666,0.07053033725029532,True,1043142930.692037,28463.079008102417,0.4899279217380797,987.4,0.06912078159174866,True
62,routing_persistent_hotspot_cluster3,37,remaining,15,7,reagent_transfer:+1x0.1,reagent_transfer,0.1,1.0,0.20855668187141418,9.607922017324587,True,f2ba54538cda243c,1d1ad502c1e1179d,1039868076.8116077,89579.77744495869,0.48867317519030046,976.6666666666666,0.07053033725029532,True,1043369682.5198431,-198288.74879801273,0.4899279217380797,987.4,0.06912078159174866,True
62,routing_persistent_hotspot_cluster3,37,remaining,15,8,reagent_transfer:-1x0.1,reagent_transfer,0.1,-1.0,0.20855668187141418,6.627211752612928,True,f2ba54538cda243c,20152a0983150d52,1039917847.0379076,39809.55114507675,0.48867317519030046,976.6666666666666,0.07053033725029532,True,1043170724.0840384,669.6870067119598,0.4899279217380797,987.4,0.06912078159174866,True
62,routing_persistent_hotspot_cluster3,37,remaining,15,9,combined_transfer:+1x0.05,combined_transfer,0.05,1.0,0.14461489021778107,5.785471756654944,True,a6e2a8bc1052a394,45d1a3fbe7e28fe8,1048086895.7425245,-8129239.1534718275,0.48593023336844915,984.0,0.07084129775157925,False,1052392690.3566355,-9221296.585590363,0.48720281700730084,996.6,0.07007605291438547,False
62,routing_persistent_hotspot_cluster3,37,remaining,15,10,combined_transfer:-1x0.05,combined_transfer,0.05,-1.0,0.14461489021778107,3.867778233539951,True,a6e2a8bc1052a394,af85396f48658562,1053758971.0758795,-13801314.486826777,0.484926644361062,1002.6666666666666,0.07047018387084102,False,1056654131.3625046,-13482737.591459513,0.48622546337782246,1011.6,0.06967812010765766,False
62,routing_persistent_hotspot_cluster3,37,remaining,15,11,combined_transfer:+1x0.1,combined_transfer,0.1,1.0,0.28922978043556213,10.21735057650312,True,a6e2a8bc1052a394,febb82ab96f2fa04,1045692362.2781645,-5734705.689111829,0.4868709834023088,979.0,0.07078388278388278,False,1050857876.351519,-7686482.5804739,0.4877743505240291,992.2,0.07022072315143173,False
62,routing_persistent_hotspot_cluster3,37,remaining,15,12,combined_transfer:-1x0.1,combined_transfer,0.1,-1.0,0.28922978043556213,7.54527125188619,True,a6e2a8bc1052a394,64003f88ddbd17bc,1051460635.9432093,-11502979.354156613,0.4865412879431709,1002.0,0.07006147889650473,False,1053490932.6113832,-10319538.84033811,0.4879418819670723,1011.4,0.06869322512781309,False
62,routing_persistent_hotspot_cluster3,43,remaining,9,0,mdl2,anchor,0.0,0.0,0.0,0.0,True,,d3a6f98363e77afb,650547389.9340075,0.0,0.4870026403159609,603.3333333333334,0.06773701409648336,True,610092975.5326914,0.0,0.49667547822846025,593.0,0.06782425023639142,True
62,routing_persistent_hotspot_cluster3,43,remaining,9,1,specimen_transfer:+1x0.05,specimen_transfer,0.05,1.0,0.09791383147239685,2.0,True,b393978842a0fa3d,f47e2463774fb94a,650431371.6995734,116018.23443412781,0.4870026403159609,603.0,0.06783938919885847,False,609898247.0423558,194728.4903355837,0.49667547822846025,592.4,0.06782425023639142,True
62,routing_persistent_hotspot_cluster3,43,remaining,9,2,specimen_transfer:-1x0.05,specimen_transfer,0.05,-1.0,0.09791383147239685,2.0,True,b393978842a0fa3d,c661b0f598f8287f,651181433.8773227,-634043.9433151484,0.48694326077423367,604.6666666666666,0.06804398235765503,False,610338688.9791082,-245713.44641685486,0.4965055588607411,593.8,0.06813114942739759,False
62,routing_persistent_hotspot_cluster3,43,remaining,9,3,specimen_transfer:+1x0.1,specimen_transfer,0.1,1.0,0.1958276629447937,4.242640687119285,True,b393978842a0fa3d,b6c5d2b0586c4394,649967121.3610376,580268.5729699135,0.4870026403159609,602.6666666666666,0.06783938919885847,False,609485293.3286366,607682.2040547132,0.49667547822846025,592.0,0.06782425023639142,True
62,routing_persistent_hotspot_cluster3,43,remaining,9,4,specimen_transfer:-1x0.1,specimen_transfer,0.1,-1.0,0.1958276629447937,4.242640687119285,True,b393978842a0fa3d,f1cfe9a3f46d7ba4,651482808.1510752,-935418.2170677185,0.4868339123058101,605.0,0.06825576027647748,False,610734675.231576,-641699.6988846064,0.4964713779905626,594.4,0.06825398845647357,False
62,routing_persistent_hotspot_cluster3,43,remaining,9,5,reagent_transfer:+1x0.05,reagent_transfer,0.05,1.0,0.12236379086971283,7.910644509408488,True,c90fe2cd1d0f2558,d23fa63f356fd5ce,650547605.2036868,-215.26967930793762,0.4870026403159609,603.3333333333334,0.06773701409648336,True,610269216.3636338,-176240.83094239235,0.49667547822846025,593.0,0.06782425023639142,True
62,routing_persistent_hotspot_cluster3,43,remaining,9,6,reagent_transfer:-1x0.05,reagent_transfer,0.05,-1.0,0.12236379086971283,7.779076099620374,True,c90fe2cd1d0f2558,a04b65a18bf1eafd,650904230.6533961,-356840.71938860416,0.4870026403159609,603.3333333333334,0.06773701409648336,True,610207512.6956704,-114537.16297900677,0.49667547822846025,593.0,0.06782425023639142,True
62,routing_persistent_hotspot_cluster3,43,remaining,9,7,reagent_transfer:+1x0.1,reagent_transfer,0.1,1.0,0.24472758173942566,12.264644217808536,True,c90fe2cd1d0f2558,c0ee898f6689296a,650538132.6183912,9257.315616369247,0.4870026403159609,603.3333333333334,0.06773701409648336,True,610262955.5678718,-169980.0351804495,0.49667547822846025,593.0,0.06782425023639142,True
62,routing_persistent_hotspot_cluster3,43,remaining,9,8,reagent_transfer:-1x0.1,reagent_transfer,0.1,-1.0,0.24472758173942566,12.085374754641297,True,c90fe2cd1d0f2558,e5af98577162637c,650919828.3413522,-372438.4073446989,0.4870026403159609,603.3333333333334,0.06773701409648336,True,610377827.7940927,-284852.26140129566,0.49667547822846025,593.0,0.06782425023639142,True
62,routing_persistent_hotspot_cluster3,43,remaining,9,9,combined_transfer:+1x0.05,combined_transfer,0.05,1.0,0.15542395412921906,8.09353316972486,True,392031d622e009b9,d66edba58519f147,653264539.8134102,-2717149.8794026375,0.4861086668957608,606.3333333333334,0.06804830564971791,False,613786767.4077146,-3693791.875023246,0.49565607736166467,598.0,0.06809045120796725,False
62,routing_persistent_hotspot_cluster3,43,remaining,9,10,combined_transfer:-1x0.05,combined_transfer,0.05,-1.0,0.15542395412921906,7.968032798723964,True,392031d622e009b9,9048e3bed031f6dd,660273219.0181583,-9725829.084150791,0.4848324479190409,619.6666666666666,0.06821639246587084,False,620108416.3832872,-10015440.850595832,0.4943982099150729,610.0,0.06839896780211989,False
62,routing_persistent_hotspot_cluster3,43,remaining,9,11,combined_transfer:+1x0.1,combined_transfer,0.1,1.0,0.3108479082584381,12.733005468083013,True,392031d622e009b9,10ca1945f5a7f32f,654597665.097239,-4050275.163231492,0.48577850587821375,606.6666666666666,0.0682137227851242,False,614301042.0475135,-4208066.514822125,0.4952483151836395,596.6,0.06821926739603325,False
62,routing_persistent_hotspot_cluster3,43,remaining,9,12,combined_transfer:-1x0.1,combined_transfer,0.1,-1.0,0.3108479082584381,12.568149021695472,True,392031d622e009b9,0c36c19f820333ca,658986142.5902395,-8438752.656232,0.4855530976617876,618.0,0.06763938575412669,False,619517977.7032515,-9425002.170560122,0.49518002769710473,608.8,0.06807634401158257,False
62,routing_persistent_hotspot_cluster3,51,remaining,1,0,mdl2,anchor,0.0,0.0,0.0,0.0,True,,cc77424dd8644774,96937655.55616772,0.0,0.4712421459642339,95.0,0.06803555010726325,True,96937655.55616772,0.0,0.4712421459642339,95.0,0.06803555010726325,True
62,routing_persistent_hotspot_cluster3,51,remaining,1,1,specimen_transfer:+1x0.05,specimen_transfer,0.05,1.0,0.1227790042757988,3.7416573867739413,True,b393978842a0fa3d,70e0014e28176440,96814397.1840101,123258.3721576184,0.4712421459642339,95.0,0.06803555010726325,True,96814397.18401012,123258.3721576035,0.4712421459642339,95.0,0.06803555010726325,True
62,routing_persistent_hotspot_cluster3,51,remaining,1,2,specimen_transfer:-1x0.05,specimen_transfer,0.05,-1.0,0.1227790042757988,3.7416573867739413,True,b393978842a0fa3d,bccb03724dcbb007,96789237.08401011,148418.47215761244,0.4712421459642339,95.0,0.06803555010726325,True,96789237.08401011,148418.47215761244,0.4712421459642339,95.0,0.06803555010726325,True
62,routing_persistent_hotspot_cluster3,51,remaining,1,3,specimen_transfer:+1x0.1,specimen_transfer,0.1,1.0,0.2455580085515976,10.0,True,b393978842a0fa3d,a874a7767db494f6,96043033.5460853,894622.0100824237,0.4712421459642339,94.0,0.06803555010726325,True,96043033.5460853,894622.0100824237,0.4712421459642339,94.0,0.06803555010726325,True
62,routing_persistent_hotspot_cluster3,51,remaining,1,4,specimen_transfer:-1x0.1,specimen_transfer,0.1,-1.0,0.2455580085515976,10.0,True,b393978842a0fa3d,7aead7258528a621,97092393.1460853,-154737.58991758525,0.4712421459642339,96.0,0.06803555010726325,False,97092393.14608529,-154737.58991757035,0.4712421459642339,96.0,0.06803555010726325,False
62,routing_persistent_hotspot_cluster3,51,remaining,1,5,reagent_transfer:+1x0.05,reagent_transfer,0.05,1.0,0.08057951927185059,5.812460439201585,True,9163364ad30a0441,7333f474a928b50a,96938406.1889655,-750.6327977776527,0.4712421459642339,95.0,0.06803555010726325,True,96938406.1889655,-750.6327977776527,0.4712421459642339,95.0,0.06803555010726325,True
62,routing_persistent_hotspot_cluster3,51,remaining,1,6,reagent_transfer:-1x0.05,reagent_transfer,0.05,-1.0,0.08057951927185059,5.915981829943463,True,9163364ad30a0441,ef2165d4b5cc39da,96937638.53571165,17.020456075668335,0.4712421459642339,95.0,0.06803555010726325,True,96937638.53571165,17.020456075668335,0.4712421459642339,95.0,0.06803555010726325,True
62,routing_persistent_hotspot_cluster3,51,remaining,1,7,reagent_transfer:+1x0.1,reagent_transfer,0.1,1.0,0.16115903854370117,7.816214242019703,True,9163364ad30a0441,2989e308c467fd62,96939307.11504406,-1651.5588763356209,0.4712421459642339,95.0,0.06803555010726325,True,96939307.11504406,-1651.5588763356209,0.4712421459642339,95.0,0.06803555010726325,True
62,routing_persistent_hotspot_cluster3,51,remaining,1,8,reagent_transfer:-1x0.1,reagent_transfer,0.1,-1.0,0.16115903854370117,8.35888234500114,True,9163364ad30a0441,92d28171601b77f9,96938403.5982039,-748.0420361757278,0.4712421459642339,95.0,0.06803555010726325,True,96938403.5982039,-748.0420361757278,0.4712421459642339,95.0,0.06803555010726325,True
62,routing_persistent_hotspot_cluster3,51,remaining,1,9,combined_transfer:+1x0.05,combined_transfer,0.05,1.0,0.1454564332962036,6.207737116640346,True,e75edbb938a8674e,9b79b35141e0c93e,97154693.65263915,-217038.09647142887,0.4712421459642339,95.0,0.06803555010726325,True,97154693.65263915,-217038.09647142887,0.4712421459642339,95.0,0.06803555010726325,True
62,routing_persistent_hotspot_cluster3,51,remaining,1,10,combined_transfer:-1x0.05,combined_transfer,0.05,-1.0,0.1454564332962036,6.291848746910506,True,e75edbb938a8674e,fc247b486474a614,97140581.10476954,-202925.54860182106,0.4712421459642339,95.0,0.06803555010726325,True,97140581.10476956,-202925.54860183597,0.4712421459642339,95.0,0.06803555010726325,True
62,routing_persistent_hotspot_cluster3,51,remaining,1,11,combined_transfer:+1x0.1,combined_transfer,0.1,1.0,0.2909128665924072,8.949772068900666,True,e75edbb938a8674e,e6784bf56c839c64,97371882.04239137,-434226.48622365296,0.4712421459642339,95.0,0.06803555010726325,True,97371882.04239137,-434226.48622365296,0.4712421459642339,95.0,0.06803555010726325,True
62,routing_persistent_hotspot_cluster3,51,remaining,1,12,combined_transfer:-1x0.1,combined_transfer,0.1,-1.0,0.2909128665924072,9.39281601143577,True,e75edbb938a8674e,eba1f6c83afb05d6,97344288.73631972,-406633.180151999,0.4712421459642339,95.0,0.06803555010726325,True,97344288.73631972,-406633.180151999,0.4712421459642339,95.0,0.06803555010726325,True
