scenario,state_id,decision_epoch,bound_count,stream,crn_seed,arm,overtime_rung,remaining_cost,completion_service_level,patients_lost,manufacturing_ineligibility,scenario_declaration_sha256
routing_nominal_history,routing_nominal_history:seed96100000:epoch30,30,20,discovery,96200000,anchor,-1.0,1488285833.7481408,0.49544072948328266,1346.0,0.07951289398280802,800405b9f74aaa90d90ba641e3d644c477fd53160794163db89b827c6c506a7d
routing_nominal_history,routing_nominal_history:seed96100000:epoch30,30,20,discovery,96200000,u_0.00,0.0,1488285833.7481408,0.49544072948328266,1346.0,0.07951289398280802,800405b9f74aaa90d90ba641e3d644c477fd53160794163db89b827c6c506a7d
routing_nominal_history,routing_nominal_history:seed96100000:epoch30,30,20,discovery,96200000,u_0.10,0.1,1478992892.7778711,0.5,1336.0,0.07758007117437722,800405b9f74aaa90d90ba641e3d644c477fd53160794163db89b827c6c506a7d
routing_nominal_history,routing_nominal_history:seed96100000:epoch30,30,20,discovery,96200000,u_0.20,0.2,1475698853.1962466,0.5037993920972644,1333.0,0.0784452296819788,800405b9f74aaa90d90ba641e3d644c477fd53160794163db89b827c6c506a7d
routing_nominal_history,routing_nominal_history:seed96100000:epoch30,30,20,discovery,96200000,u_0.30,0.3,1467422274.0759516,0.5106382978723404,1318.0,0.07552447552447553,800405b9f74aaa90d90ba641e3d644c477fd53160794163db89b827c6c506a7d
routing_nominal_history,routing_nominal_history:seed96100000:epoch30,30,20,discovery,96200000,u_0.40,0.4,1463993385.5942318,0.5129179331306991,1308.0,0.07381615598885793,800405b9f74aaa90d90ba641e3d644c477fd53160794163db89b827c6c506a7d
routing_nominal_history,routing_nominal_history:seed96100000:epoch30,30,20,discovery,96200000,u_0.50,0.5,1454692552.6805751,0.5193768996960486,1293.0,0.07108350586611456,800405b9f74aaa90d90ba641e3d644c477fd53160794163db89b827c6c506a7d
routing_nominal_history,routing_nominal_history:seed96100000:epoch30,30,20,discovery,96200000,u_0.60,0.6,1452256946.426537,0.5220364741641338,1287.0,0.07196710075394105,800405b9f74aaa90d90ba641e3d644c477fd53160794163db89b827c6c506a7d
routing_nominal_history,routing_nominal_history:seed96100000:epoch30,30,20,discovery,96200000,u_0.70,0.7,1455059913.6822777,0.5224164133738601,1286.0,0.0732375085557837,800405b9f74aaa90d90ba641e3d644c477fd53160794163db89b827c6c506a7d
routing_nominal_history,routing_nominal_history:seed96100000:epoch30,30,20,discovery,96200000,u_0.80,0.8,1449281797.837225,0.5269756838905775,1276.0,0.07394843962008141,800405b9f74aaa90d90ba641e3d644c477fd53160794163db89b827c6c506a7d
routing_nominal_history,routing_nominal_history:seed96100000:epoch30,30,20,discovery,96200000,u_0.90,0.9,1450644107.9099426,0.5273556231003039,1274.0,0.07505070993914807,800405b9f74aaa90d90ba641e3d644c477fd53160794163db89b827c6c506a7d
routing_nominal_history,routing_nominal_history:seed96100000:epoch30,30,20,discovery,96200000,u_1.00,1.0,1444913180.0698347,0.5315349544072948,1263.0,0.07215104517869184,800405b9f74aaa90d90ba641e3d644c477fd53160794163db89b827c6c506a7d
routing_nominal_history,routing_nominal_history:seed96100000:epoch30,30,20,discovery,96200001,anchor,-1.0,1248195789.4679363,0.5329317269076306,1109.0,0.06566738044254104,800405b9f74aaa90d90ba641e3d644c477fd53160794163db89b827c6c506a7d
routing_nominal_history,routing_nominal_history:seed96100000:epoch30,30,20,discovery,96200001,u_0.00,0.0,1248195789.4679363,0.5329317269076306,1109.0,0.06566738044254104,800405b9f74aaa90d90ba641e3d644c477fd53160794163db89b827c6c506a7d
routing_nominal_history,routing_nominal_history:seed96100000:epoch30,30,20,discovery,96200001,u_0.10,0.1,1240885286.6029167,0.5381526104417671,1102.0,0.06307583274273565,800405b9f74aaa90d90ba641e3d644c477fd53160794163db89b827c6c506a7d
routing_nominal_history,routing_nominal_history:seed96100000:epoch30,30,20,discovery,96200001,u_0.20,0.2,1233455205.1609006,0.542570281124498,1094.0,0.06192821956368754,800405b9f74aaa90d90ba641e3d644c477fd53160794163db89b827c6c506a7d
routing_nominal_history,routing_nominal_history:seed96100000:epoch30,30,20,discovery,96200001,u_0.30,0.3,1226378262.7325015,0.5481927710843374,1083.0,0.0627177700348432,800405b9f74aaa90d90ba641e3d644c477fd53160794163db89b827c6c506a7d
routing_nominal_history,routing_nominal_history:seed96100000:epoch30,30,20,discovery,96200001,u_0.40,0.4,1223803792.9734468,0.551004016064257,1074.0,0.062456627342123525,800405b9f74aaa90d90ba641e3d644c477fd53160794163db89b827c6c506a7d
routing_nominal_history,routing_nominal_history:seed96100000:epoch30,30,20,discovery,96200001,u_0.50,0.5,1217172261.866974,0.5566265060240964,1061.0,0.06052269601100413,800405b9f74aaa90d90ba641e3d644c477fd53160794163db89b827c6c506a7d
routing_nominal_history,routing_nominal_history:seed96100000:epoch30,30,20,discovery,96200001,u_0.60,0.6,1211902459.10142,0.5614457831325301,1049.0,0.059466848940533154,800405b9f74aaa90d90ba641e3d644c477fd53160794163db89b827c6c506a7d
routing_nominal_history,routing_nominal_history:seed96100000:epoch30,30,20,discovery,96200001,u_0.70,0.7,1213514298.8859265,0.5626506024096386,1046.0,0.059385665529010236,800405b9f74aaa90d90ba641e3d644c477fd53160794163db89b827c6c506a7d
routing_nominal_history,routing_nominal_history:seed96100000:epoch30,30,20,discovery,96200001,u_0.80,0.8,1203057008.9815392,0.5694779116465863,1029.0,0.05675675675675676,800405b9f74aaa90d90ba641e3d644c477fd53160794163db89b827c6c506a7d
routing_nominal_history,routing_nominal_history:seed96100000:epoch30,30,20,discovery,96200001,u_0.90,0.9,1201576597.8559306,0.5706827309236948,1017.0,0.05671843349088454,800405b9f74aaa90d90ba641e3d644c477fd53160794163db89b827c6c506a7d
routing_nominal_history,routing_nominal_history:seed96100000:epoch30,30,20,discovery,96200001,u_1.00,1.0,1199335730.4884424,0.5730923694779116,1010.0,0.05842847548690396,800405b9f74aaa90d90ba641e3d644c477fd53160794163db89b827c6c506a7d
routing_nominal_history,routing_nominal_history:seed96100000:epoch30,30,20,discovery,96200002,anchor,-1.0,1349127903.8047943,0.5062256809338521,1215.0,0.08214285714285714,800405b9f74aaa90d90ba641e3d644c477fd53160794163db89b827c6c506a7d
routing_nominal_history,routing_nominal_history:seed96100000:epoch30,30,20,discovery,96200002,u_0.00,0.0,1349127903.8047943,0.5062256809338521,1215.0,0.08214285714285714,800405b9f74aaa90d90ba641e3d644c477fd53160794163db89b827c6c506a7d
routing_nominal_history,routing_nominal_history:seed96100000:epoch30,30,20,discovery,96200002,u_0.10,0.1,1344012286.1177967,0.5101167315175097,1210.0,0.08156028368794327,800405b9f74aaa90d90ba641e3d644c477fd53160794163db89b827c6c506a7d
routing_nominal_history,routing_nominal_history:seed96100000:epoch30,30,20,discovery,96200002,u_0.20,0.2,1338544230.1239054,0.514396887159533,1202.0,0.08028169014084507,800405b9f74aaa90d90ba641e3d644c477fd53160794163db89b827c6c506a7d
routing_nominal_history,routing_nominal_history:seed96100000:epoch30,30,20,discovery,96200002,u_0.30,0.3,1327657966.5561814,0.5217898832684825,1189.0,0.07670850767085077,800405b9f74aaa90d90ba641e3d644c477fd53160794163db89b827c6c506a7d
routing_nominal_history,routing_nominal_history:seed96100000:epoch30,30,20,discovery,96200002,u_0.40,0.4,1327405400.3650224,0.5233463035019456,1190.0,0.07852675469075747,800405b9f74aaa90d90ba641e3d644c477fd53160794163db89b827c6c506a7d
routing_nominal_history,routing_nominal_history:seed96100000:epoch30,30,20,discovery,96200002,u_0.50,0.5,1321536827.0584593,0.5287937743190662,1179.0,0.07777013076393668,800405b9f74aaa90d90ba641e3d644c477fd53160794163db89b827c6c506a7d
routing_nominal_history,routing_nominal_history:seed96100000:epoch30,30,20,discovery,96200002,u_0.60,0.6,1315270574.306839,0.532295719844358,1170.0,0.07729138166894665,800405b9f74aaa90d90ba641e3d644c477fd53160794163db89b827c6c506a7d
routing_nominal_history,routing_nominal_history:seed96100000:epoch30,30,20,discovery,96200002,u_0.70,0.7,1316855400.4291103,0.5326848249027237,1168.0,0.07855191256830601,800405b9f74aaa90d90ba641e3d644c477fd53160794163db89b827c6c506a7d
routing_nominal_history,routing_nominal_history:seed96100000:epoch30,30,20,discovery,96200002,u_0.80,0.8,1303983468.3003273,0.5400778210116731,1151.0,0.07379823967501693,800405b9f74aaa90d90ba641e3d644c477fd53160794163db89b827c6c506a7d
routing_nominal_history,routing_nominal_history:seed96100000:epoch30,30,20,discovery,96200002,u_0.90,0.9,1298262181.431634,0.5439688715953307,1144.0,0.07272727272727272,800405b9f74aaa90d90ba641e3d644c477fd53160794163db89b827c6c506a7d
routing_nominal_history,routing_nominal_history:seed96100000:epoch30,30,20,discovery,96200002,u_1.00,1.0,1298261122.4724243,0.546692607003891,1139.0,0.07362784471218206,800405b9f74aaa90d90ba641e3d644c477fd53160794163db89b827c6c506a7d
routing_nominal_history,routing_nominal_history:seed96100000:epoch30,30,20,validation,96300000,anchor,-1.0,1146458142.077308,0.5783238262395788,1016.0,0.07010014306151645,800405b9f74aaa90d90ba641e3d644c477fd53160794163db89b827c6c506a7d
routing_nominal_history,routing_nominal_history:seed96100000:epoch30,30,20,validation,96300000,u_0.00,0.0,1146458142.077308,0.5783238262395788,1016.0,0.07010014306151645,800405b9f74aaa90d90ba641e3d644c477fd53160794163db89b827c6c506a7d
routing_nominal_history,routing_nominal_history:seed96100000:epoch30,30,20,validation,96300000,u_0.10,0.1,1138062046.2368028,0.5844668714348399,1009.0,0.06609808102345416,800405b9f74aaa90d90ba641e3d644c477fd53160794163db89b827c6c506a7d
routing_nominal_history,routing_nominal_history:seed96100000:epoch30,30,20,validation,96300000,u_0.20,0.2,1135225136.5622928,0.587977182974989,1005.0,0.06770098730606489,800405b9f74aaa90d90ba641e3d644c477fd53160794163db89b827c6c506a7d
routing_nominal_history,routing_nominal_history:seed96100000:epoch30,30,20,validation,96300000,u_0.30,0.3,1127731251.7463589,0.5941202281702501,993.0,0.06783216783216783,800405b9f74aaa90d90ba641e3d644c477fd53160794163db89b827c6c506a7d
routing_nominal_history,routing_nominal_history:seed96100000:epoch30,30,20,validation,96300000,u_0.40,0.4,1128501649.2090414,0.5971917507678807,990.0,0.0674547983310153,800405b9f74aaa90d90ba641e3d644c477fd53160794163db89b827c6c506a7d
routing_nominal_history,routing_nominal_history:seed96100000:epoch30,30,20,validation,96300000,u_0.50,0.5,1121864108.7236109,0.6028960070206231,979.0,0.06616126809097174,800405b9f74aaa90d90ba641e3d644c477fd53160794163db89b827c6c506a7d
routing_nominal_history,routing_nominal_history:seed96100000:epoch30,30,20,validation,96300000,u_0.60,0.6,1118565211.419412,0.6059675296182536,972.0,0.067854694996573,800405b9f74aaa90d90ba641e3d644c477fd53160794163db89b827c6c506a7d
routing_nominal_history,routing_nominal_history:seed96100000:epoch30,30,20,validation,96300000,u_0.70,0.7,1120100389.268795,0.6072838964458096,967.0,0.06776180698151951,800405b9f74aaa90d90ba641e3d644c477fd53160794163db89b827c6c506a7d
routing_nominal_history,routing_nominal_history:seed96100000:epoch30,30,20,validation,96300000,u_0.80,0.8,1111238625.7259216,0.6138657305835893,952.0,0.06644067796610169,800405b9f74aaa90d90ba641e3d644c477fd53160794163db89b827c6c506a7d
routing_nominal_history,routing_nominal_history:seed96100000:epoch30,30,20,validation,96300000,u_0.90,0.9,1101828664.2933836,0.6200087757788504,940.0,0.06258411843876177,800405b9f74aaa90d90ba641e3d644c477fd53160794163db89b827c6c506a7d
routing_nominal_history,routing_nominal_history:seed96100000:epoch30,30,20,validation,96300000,u_1.00,1.0,1098410817.8726425,0.6239578762615182,933.0,0.06216577540106952,800405b9f74aaa90d90ba641e3d644c477fd53160794163db89b827c6c506a7d
routing_nominal_history,routing_nominal_history:seed96100000:epoch30,30,20,validation,96300001,anchor,-1.0,1247166564.1483967,0.5559812686249468,1128.0,0.08077197998570407,800405b9f74aaa90d90ba641e3d644c477fd53160794163db89b827c6c506a7d
routing_nominal_history,routing_nominal_history:seed96100000:epoch30,30,20,validation,96300001,u_0.00,0.0,1247166564.1483967,0.5559812686249468,1128.0,0.08077197998570407,800405b9f74aaa90d90ba641e3d644c477fd53160794163db89b827c6c506a7d
routing_nominal_history,routing_nominal_history:seed96100000:epoch30,30,20,validation,96300001,u_0.10,0.1,1241085274.6684387,0.5598126862494679,1122.0,0.08025568181818182,800405b9f74aaa90d90ba641e3d644c477fd53160794163db89b827c6c506a7d
routing_nominal_history,routing_nominal_history:seed96100000:epoch30,30,20,validation,96300001,u_0.20,0.2,1233855840.6342237,0.5653469561515538,1111.0,0.07751937984496124,800405b9f74aaa90d90ba641e3d644c477fd53160794163db89b827c6c506a7d
routing_nominal_history,routing_nominal_history:seed96100000:epoch30,30,20,validation,96300001,u_0.30,0.3,1226382494.2443762,0.5725840783312047,1100.0,0.07595818815331011,800405b9f74aaa90d90ba641e3d644c477fd53160794163db89b827c6c506a7d
routing_nominal_history,routing_nominal_history:seed96100000:epoch30,30,20,validation,96300001,u_0.40,0.4,1223222496.958929,0.5755640698169434,1092.0,0.07558945908460471,800405b9f74aaa90d90ba641e3d644c477fd53160794163db89b827c6c506a7d
routing_nominal_history,routing_nominal_history:seed96100000:epoch30,30,20,validation,96300001,u_0.50,0.5,1219094059.1122324,0.5793954874414644,1084.0,0.07760989010989011,800405b9f74aaa90d90ba641e3d644c477fd53160794163db89b827c6c506a7d
routing_nominal_history,routing_nominal_history:seed96100000:epoch30,30,20,validation,96300001,u_0.60,0.6,1213133352.6349068,0.5840783312047679,1076.0,0.0757679180887372,800405b9f74aaa90d90ba641e3d644c477fd53160794163db89b827c6c506a7d
routing_nominal_history,routing_nominal_history:seed96100000:epoch30,30,20,validation,96300001,u_0.70,0.7,1214947397.9259608,0.5849297573435505,1073.0,0.076346284935242,800405b9f74aaa90d90ba641e3d644c477fd53160794163db89b827c6c506a7d
routing_nominal_history,routing_nominal_history:seed96100000:epoch30,30,20,validation,96300001,u_0.80,0.8,1204340782.6956177,0.5921668795232014,1057.0,0.07359891964888589,800405b9f74aaa90d90ba641e3d644c477fd53160794163db89b827c6c506a7d
routing_nominal_history,routing_nominal_history:seed96100000:epoch30,30,20,validation,96300001,u_0.90,0.9,1198853679.0852032,0.5959982971477225,1050.0,0.07310529845741114,800405b9f74aaa90d90ba641e3d644c477fd53160794163db89b827c6c506a7d
routing_nominal_history,routing_nominal_history:seed96100000:epoch30,30,20,validation,96300001,u_1.00,1.0,1193668609.3112574,0.600681140911026,1041.0,0.07271514342895263,800405b9f74aaa90d90ba641e3d644c477fd53160794163db89b827c6c506a7d
routing_nominal_history,routing_nominal_history:seed96100000:epoch30,30,20,validation,96300002,anchor,-1.0,1525755465.6896887,0.4790732436472347,1393.0,0.09764789736279401,800405b9f74aaa90d90ba641e3d644c477fd53160794163db89b827c6c506a7d
routing_nominal_history,routing_nominal_history:seed96100000:epoch30,30,20,validation,96300002,u_0.00,0.0,1525755465.6896887,0.4790732436472347,1393.0,0.09764789736279401,800405b9f74aaa90d90ba641e3d644c477fd53160794163db89b827c6c506a7d
routing_nominal_history,routing_nominal_history:seed96100000:epoch30,30,20,validation,96300002,u_0.10,0.1,1519335256.048899,0.4828101644245142,1388.0,0.09702549575070822,800405b9f74aaa90d90ba641e3d644c477fd53160794163db89b827c6c506a7d
routing_nominal_history,routing_nominal_history:seed96100000:epoch30,30,20,validation,96300002,u_0.20,0.2,1511802166.8201604,0.48692077727952165,1380.0,0.09550561797752809,800405b9f74aaa90d90ba641e3d644c477fd53160794163db89b827c6c506a7d
routing_nominal_history,routing_nominal_history:seed96100000:epoch30,30,20,validation,96300002,u_0.30,0.3,1501348881.9645429,0.4940209267563528,1363.0,0.09248956884561892,800405b9f74aaa90d90ba641e3d644c477fd53160794163db89b827c6c506a7d
routing_nominal_history,routing_nominal_history:seed96100000:epoch30,30,20,validation,96300002,u_0.40,0.4,1499349674.8322484,0.49588938714499253,1358.0,0.09141274238227147,800405b9f74aaa90d90ba641e3d644c477fd53160794163db89b827c6c506a7d
routing_nominal_history,routing_nominal_history:seed96100000:epoch30,30,20,validation,96300002,u_0.50,0.5,1493449291.3055315,0.500373692077728,1349.0,0.09203296703296704,800405b9f74aaa90d90ba641e3d644c477fd53160794163db89b827c6c506a7d
routing_nominal_history,routing_nominal_history:seed96100000:epoch30,30,20,validation,96300002,u_0.60,0.6,1489005856.6952248,0.5041106128550075,1340.0,0.09140518417462483,800405b9f74aaa90d90ba641e3d644c477fd53160794163db89b827c6c506a7d
routing_nominal_history,routing_nominal_history:seed96100000:epoch30,30,20,validation,96300002,u_0.70,0.7,1489876392.3588507,0.5048579970104634,1339.0,0.09196185286103542,800405b9f74aaa90d90ba641e3d644c477fd53160794163db89b827c6c506a7d
routing_nominal_history,routing_nominal_history:seed96100000:epoch30,30,20,validation,96300002,u_0.80,0.8,1477159405.7960002,0.5130792227204783,1318.0,0.08451656524678837,800405b9f74aaa90d90ba641e3d644c477fd53160794163db89b827c6c506a7d
routing_nominal_history,routing_nominal_history:seed96100000:epoch30,30,20,validation,96300002,u_0.90,0.9,1470946114.4922783,0.5164424514200299,1312.0,0.08394895903290799,800405b9f74aaa90d90ba641e3d644c477fd53160794163db89b827c6c506a7d
routing_nominal_history,routing_nominal_history:seed96100000:epoch30,30,20,validation,96300002,u_1.00,1.0,1469344067.4982567,0.5194319880418535,1301.0,0.08428093645484949,800405b9f74aaa90d90ba641e3d644c477fd53160794163db89b827c6c506a7d
routing_nominal_history,routing_nominal_history:seed96100000:epoch30,30,20,validation,96300003,anchor,-1.0,1195116423.3727129,0.5396119644300728,1031.0,0.05722460658082976,800405b9f74aaa90d90ba641e3d644c477fd53160794163db89b827c6c506a7d
routing_nominal_history,routing_nominal_history:seed96100000:epoch30,30,20,validation,96300003,u_0.00,0.0,1195116423.3727129,0.5396119644300728,1031.0,0.05722460658082976,800405b9f74aaa90d90ba641e3d644c477fd53160794163db89b827c6c506a7d
routing_nominal_history,routing_nominal_history:seed96100000:epoch30,30,20,validation,96300003,u_0.10,0.1,1188128184.1693337,0.5444624090541633,1024.0,0.05551601423487545,800405b9f74aaa90d90ba641e3d644c477fd53160794163db89b827c6c506a7d
routing_nominal_history,routing_nominal_history:seed96100000:epoch30,30,20,validation,96300003,u_0.20,0.2,1182334502.3129086,0.5485044462409054,1018.0,0.0557909604519774,800405b9f74aaa90d90ba641e3d644c477fd53160794163db89b827c6c506a7d
routing_nominal_history,routing_nominal_history:seed96100000:epoch30,30,20,validation,96300003,u_0.30,0.3,1173871822.1796699,0.5557801131770412,1004.0,0.05377094972067039,800405b9f74aaa90d90ba641e3d644c477fd53160794163db89b827c6c506a7d
routing_nominal_history,routing_nominal_history:seed96100000:epoch30,30,20,validation,96300003,u_0.40,0.4,1170692204.186635,0.5590137429264349,997.0,0.05153203342618384,800405b9f74aaa90d90ba641e3d644c477fd53160794163db89b827c6c506a7d
routing_nominal_history,routing_nominal_history:seed96100000:epoch30,30,20,validation,96300003,u_0.50,0.5,1163243746.4277503,0.5642683912691997,985.0,0.05041436464088398,800405b9f74aaa90d90ba641e3d644c477fd53160794163db89b827c6c506a7d
routing_nominal_history,routing_nominal_history:seed96100000:epoch30,30,20,validation,96300003,u_0.60,0.6,1158191251.63707,0.5679062247372676,977.0,0.0520904729266621,800405b9f74aaa90d90ba641e3d644c477fd53160794163db89b827c6c506a7d
routing_nominal_history,routing_nominal_history:seed96100000:epoch30,30,20,validation,96300003,u_0.70,0.7,1158948980.7517688,0.5691188358932903,974.0,0.05201916495550993,800405b9f74aaa90d90ba641e3d644c477fd53160794163db89b827c6c506a7d
routing_nominal_history,routing_nominal_history:seed96100000:epoch30,30,20,validation,96300003,u_0.80,0.8,1147856671.2608187,0.5763945028294261,956.0,0.0488135593220339,800405b9f74aaa90d90ba641e3d644c477fd53160794163db89b827c6c506a7d
routing_nominal_history,routing_nominal_history:seed96100000:epoch30,30,20,validation,96300003,u_0.90,0.9,1144048673.96307,0.5792239288601455,951.0,0.047908232118758436,800405b9f74aaa90d90ba641e3d644c477fd53160794163db89b827c6c506a7d
routing_nominal_history,routing_nominal_history:seed96100000:epoch30,30,20,validation,96300003,u_1.00,1.0,1141429193.2313154,0.5824575586095392,946.0,0.04832214765100671,800405b9f74aaa90d90ba641e3d644c477fd53160794163db89b827c6c506a7d
routing_nominal_history,routing_nominal_history:seed96100000:epoch30,30,20,validation,96300004,anchor,-1.0,1183608595.3988645,0.5501039501039501,1026.0,0.06571428571428571,800405b9f74aaa90d90ba641e3d644c477fd53160794163db89b827c6c506a7d
routing_nominal_history,routing_nominal_history:seed96100000:epoch30,30,20,validation,96300004,u_0.00,0.0,1183608595.3988645,0.5501039501039501,1026.0,0.06571428571428571,800405b9f74aaa90d90ba641e3d644c477fd53160794163db89b827c6c506a7d
routing_nominal_history,routing_nominal_history:seed96100000:epoch30,30,20,validation,96300004,u_0.10,0.1,1177000767.8911026,0.5546777546777547,1018.0,0.06453900709219858,800405b9f74aaa90d90ba641e3d644c477fd53160794163db89b827c6c506a7d
routing_nominal_history,routing_nominal_history:seed96100000:epoch30,30,20,validation,96300004,u_0.20,0.2,1173000124.3841603,0.558004158004158,1017.0,0.06549295774647887,800405b9f74aaa90d90ba641e3d644c477fd53160794163db89b827c6c506a7d
routing_nominal_history,routing_nominal_history:seed96100000:epoch30,30,20,validation,96300004,u_0.30,0.3,1163854473.8647199,0.5663201663201664,1006.0,0.06267409470752089,800405b9f74aaa90d90ba641e3d644c477fd53160794163db89b827c6c506a7d
routing_nominal_history,routing_nominal_history:seed96100000:epoch30,30,20,validation,96300004,u_0.40,0.4,1161619701.6815434,0.5688149688149688,1002.0,0.0625,800405b9f74aaa90d90ba641e3d644c477fd53160794163db89b827c6c506a7d
routing_nominal_history,routing_nominal_history:seed96100000:epoch30,30,20,validation,96300004,u_0.50,0.5,1153717496.8937845,0.5754677754677755,990.0,0.05987611837577426,800405b9f74aaa90d90ba641e3d644c477fd53160794163db89b827c6c506a7d
routing_nominal_history,routing_nominal_history:seed96100000:epoch30,30,20,validation,96300004,u_0.60,0.6,1149582264.9219873,0.5792099792099792,983.0,0.059548254620123205,800405b9f74aaa90d90ba641e3d644c477fd53160794163db89b827c6c506a7d
routing_nominal_history,routing_nominal_history:seed96100000:epoch30,30,20,validation,96300004,u_0.70,0.7,1151282138.2790368,0.5796257796257797,981.0,0.060833902939166094,800405b9f74aaa90d90ba641e3d644c477fd53160794163db89b827c6c506a7d
routing_nominal_history,routing_nominal_history:seed96100000:epoch30,30,20,validation,96300004,u_0.80,0.8,1142674448.349208,0.5858627858627858,969.0,0.05958023019634394,800405b9f74aaa90d90ba641e3d644c477fd53160794163db89b827c6c506a7d
routing_nominal_history,routing_nominal_history:seed96100000:epoch30,30,20,validation,96300004,u_0.90,0.9,1137854253.1365333,0.5891891891891892,961.0,0.059892328398384924,800405b9f74aaa90d90ba641e3d644c477fd53160794163db89b827c6c506a7d
routing_nominal_history,routing_nominal_history:seed96100000:epoch30,30,20,validation,96300004,u_1.00,1.0,1137520398.2864494,0.5908523908523908,958.0,0.06291834002677377,800405b9f74aaa90d90ba641e3d644c477fd53160794163db89b827c6c506a7d
routing_nominal_history,routing_nominal_history:seed96100000:epoch55,55,19,discovery,96200000,anchor,-1.0,47009338.4487653,0.7171717171717171,43.0,0.10294117647058823,800405b9f74aaa90d90ba641e3d644c477fd53160794163db89b827c6c506a7d
routing_nominal_history,routing_nominal_history:seed96100000:epoch55,55,19,discovery,96200000,u_0.00,0.0,47009338.4487653,0.7171717171717171,43.0,0.10294117647058823,800405b9f74aaa90d90ba641e3d644c477fd53160794163db89b827c6c506a7d
routing_nominal_history,routing_nominal_history:seed96100000:epoch55,55,19,discovery,96200000,u_0.10,0.1,47210165.56080016,0.7171717171717171,43.0,0.09090909090909091,800405b9f74aaa90d90ba641e3d644c477fd53160794163db89b827c6c506a7d
routing_nominal_history,routing_nominal_history:seed96100000:epoch55,55,19,discovery,96200000,u_0.20,0.2,46360167.287612334,0.7171717171717171,41.0,0.08139534883720931,800405b9f74aaa90d90ba641e3d644c477fd53160794163db89b827c6c506a7d
routing_nominal_history,routing_nominal_history:seed96100000:epoch55,55,19,discovery,96200000,u_0.30,0.3,46694046.04804352,0.7171717171717171,41.0,0.06930693069306931,800405b9f74aaa90d90ba641e3d644c477fd53160794163db89b827c6c506a7d
routing_nominal_history,routing_nominal_history:seed96100000:epoch55,55,19,discovery,96200000,u_0.40,0.4,45819393.56111768,0.7171717171717171,38.0,0.06140350877192982,800405b9f74aaa90d90ba641e3d644c477fd53160794163db89b827c6c506a7d
routing_nominal_history,routing_nominal_history:seed96100000:epoch55,55,19,discovery,96200000,u_0.50,0.5,46369643.284637436,0.7171717171717171,37.0,0.0546875,800405b9f74aaa90d90ba641e3d644c477fd53160794163db89b827c6c506a7d
routing_nominal_history,routing_nominal_history:seed96100000:epoch55,55,19,discovery,96200000,u_0.60,0.6,48222460.91860279,0.7171717171717171,37.0,0.051094890510948905,800405b9f74aaa90d90ba641e3d644c477fd53160794163db89b827c6c506a7d
routing_nominal_history,routing_nominal_history:seed96100000:epoch55,55,19,discovery,96200000,u_0.70,0.7,49200533.16301373,0.7171717171717171,35.0,0.047619047619047616,800405b9f74aaa90d90ba641e3d644c477fd53160794163db89b827c6c506a7d
routing_nominal_history,routing_nominal_history:seed96100000:epoch55,55,19,discovery,96200000,u_0.80,0.8,50403252.039924994,0.7171717171717171,33.0,0.04430379746835443,800405b9f74aaa90d90ba641e3d644c477fd53160794163db89b827c6c506a7d
routing_nominal_history,routing_nominal_history:seed96100000:epoch55,55,19,discovery,96200000,u_0.90,0.9,53357787.8831724,0.7171717171717171,33.0,0.04294478527607362,800405b9f74aaa90d90ba641e3d644c477fd53160794163db89b827c6c506a7d
routing_nominal_history,routing_nominal_history:seed96100000:epoch55,55,19,discovery,96200000,u_1.00,1.0,55060677.48463744,0.7171717171717171,31.0,0.03954802259887006,800405b9f74aaa90d90ba641e3d644c477fd53160794163db89b827c6c506a7d
routing_nominal_history,routing_nominal_history:seed96100000:epoch55,55,19,discovery,96200001,anchor,-1.0,47009338.4487653,0.7171717171717171,43.0,0.10294117647058823,800405b9f74aaa90d90ba641e3d644c477fd53160794163db89b827c6c506a7d
routing_nominal_history,routing_nominal_history:seed96100000:epoch55,55,19,discovery,96200001,u_0.00,0.0,47009338.4487653,0.7171717171717171,43.0,0.10294117647058823,800405b9f74aaa90d90ba641e3d644c477fd53160794163db89b827c6c506a7d
routing_nominal_history,routing_nominal_history:seed96100000:epoch55,55,19,discovery,96200001,u_0.10,0.1,47210165.56080016,0.7171717171717171,43.0,0.09090909090909091,800405b9f74aaa90d90ba641e3d644c477fd53160794163db89b827c6c506a7d
routing_nominal_history,routing_nominal_history:seed96100000:epoch55,55,19,discovery,96200001,u_0.20,0.2,46360167.287612334,0.7171717171717171,41.0,0.08139534883720931,800405b9f74aaa90d90ba641e3d644c477fd53160794163db89b827c6c506a7d
routing_nominal_history,routing_nominal_history:seed96100000:epoch55,55,19,discovery,96200001,u_0.30,0.3,46694046.04804352,0.7171717171717171,41.0,0.06930693069306931,800405b9f74aaa90d90ba641e3d644c477fd53160794163db89b827c6c506a7d
routing_nominal_history,routing_nominal_history:seed96100000:epoch55,55,19,discovery,96200001,u_0.40,0.4,45819393.56111768,0.7171717171717171,38.0,0.06140350877192982,800405b9f74aaa90d90ba641e3d644c477fd53160794163db89b827c6c506a7d
routing_nominal_history,routing_nominal_history:seed96100000:epoch55,55,19,discovery,96200001,u_0.50,0.5,46369643.284637436,0.7171717171717171,37.0,0.0546875,800405b9f74aaa90d90ba641e3d644c477fd53160794163db89b827c6c506a7d
routing_nominal_history,routing_nominal_history:seed96100000:epoch55,55,19,discovery,96200001,u_0.60,0.6,48222460.91860279,0.7171717171717171,37.0,0.051094890510948905,800405b9f74aaa90d90ba641e3d644c477fd53160794163db89b827c6c506a7d
routing_nominal_history,routing_nominal_history:seed96100000:epoch55,55,19,discovery,96200001,u_0.70,0.7,49200533.16301373,0.7171717171717171,35.0,0.047619047619047616,800405b9f74aaa90d90ba641e3d644c477fd53160794163db89b827c6c506a7d
routing_nominal_history,routing_nominal_history:seed96100000:epoch55,55,19,discovery,96200001,u_0.80,0.8,50403252.039924994,0.7171717171717171,33.0,0.04430379746835443,800405b9f74aaa90d90ba641e3d644c477fd53160794163db89b827c6c506a7d
routing_nominal_history,routing_nominal_history:seed96100000:epoch55,55,19,discovery,96200001,u_0.90,0.9,53357787.8831724,0.7171717171717171,33.0,0.04294478527607362,800405b9f74aaa90d90ba641e3d644c477fd53160794163db89b827c6c506a7d
routing_nominal_history,routing_nominal_history:seed96100000:epoch55,55,19,discovery,96200001,u_1.00,1.0,55060677.48463744,0.7171717171717171,31.0,0.03954802259887006,800405b9f74aaa90d90ba641e3d644c477fd53160794163db89b827c6c506a7d
routing_nominal_history,routing_nominal_history:seed96100000:epoch55,55,19,discovery,96200002,anchor,-1.0,47009338.4487653,0.7171717171717171,43.0,0.10294117647058823,800405b9f74aaa90d90ba641e3d644c477fd53160794163db89b827c6c506a7d
routing_nominal_history,routing_nominal_history:seed96100000:epoch55,55,19,discovery,96200002,u_0.00,0.0,47009338.4487653,0.7171717171717171,43.0,0.10294117647058823,800405b9f74aaa90d90ba641e3d644c477fd53160794163db89b827c6c506a7d
routing_nominal_history,routing_nominal_history:seed96100000:epoch55,55,19,discovery,96200002,u_0.10,0.1,47210165.56080016,0.7171717171717171,43.0,0.09090909090909091,800405b9f74aaa90d90ba641e3d644c477fd53160794163db89b827c6c506a7d
routing_nominal_history,routing_nominal_history:seed96100000:epoch55,55,19,discovery,96200002,u_0.20,0.2,46360167.287612334,0.7171717171717171,41.0,0.08139534883720931,800405b9f74aaa90d90ba641e3d644c477fd53160794163db89b827c6c506a7d
routing_nominal_history,routing_nominal_history:seed96100000:epoch55,55,19,discovery,96200002,u_0.30,0.3,46694046.04804352,0.7171717171717171,41.0,0.06930693069306931,800405b9f74aaa90d90ba641e3d644c477fd53160794163db89b827c6c506a7d
routing_nominal_history,routing_nominal_history:seed96100000:epoch55,55,19,discovery,96200002,u_0.40,0.4,45819393.56111768,0.7171717171717171,38.0,0.06140350877192982,800405b9f74aaa90d90ba641e3d644c477fd53160794163db89b827c6c506a7d
routing_nominal_history,routing_nominal_history:seed96100000:epoch55,55,19,discovery,96200002,u_0.50,0.5,46369643.284637436,0.7171717171717171,37.0,0.0546875,800405b9f74aaa90d90ba641e3d644c477fd53160794163db89b827c6c506a7d
routing_nominal_history,routing_nominal_history:seed96100000:epoch55,55,19,discovery,96200002,u_0.60,0.6,48222460.91860279,0.7171717171717171,37.0,0.051094890510948905,800405b9f74aaa90d90ba641e3d644c477fd53160794163db89b827c6c506a7d
routing_nominal_history,routing_nominal_history:seed96100000:epoch55,55,19,discovery,96200002,u_0.70,0.7,49200533.16301373,0.7171717171717171,35.0,0.047619047619047616,800405b9f74aaa90d90ba641e3d644c477fd53160794163db89b827c6c506a7d
routing_nominal_history,routing_nominal_history:seed96100000:epoch55,55,19,discovery,96200002,u_0.80,0.8,50403252.039924994,0.7171717171717171,33.0,0.04430379746835443,800405b9f74aaa90d90ba641e3d644c477fd53160794163db89b827c6c506a7d
routing_nominal_history,routing_nominal_history:seed96100000:epoch55,55,19,discovery,96200002,u_0.90,0.9,53357787.8831724,0.7171717171717171,33.0,0.04294478527607362,800405b9f74aaa90d90ba641e3d644c477fd53160794163db89b827c6c506a7d
routing_nominal_history,routing_nominal_history:seed96100000:epoch55,55,19,discovery,96200002,u_1.00,1.0,55060677.48463744,0.7171717171717171,31.0,0.03954802259887006,800405b9f74aaa90d90ba641e3d644c477fd53160794163db89b827c6c506a7d
routing_nominal_history,routing_nominal_history:seed96100000:epoch55,55,19,validation,96300000,anchor,-1.0,47009338.4487653,0.7171717171717171,43.0,0.10294117647058823,800405b9f74aaa90d90ba641e3d644c477fd53160794163db89b827c6c506a7d
routing_nominal_history,routing_nominal_history:seed96100000:epoch55,55,19,validation,96300000,u_0.00,0.0,47009338.4487653,0.7171717171717171,43.0,0.10294117647058823,800405b9f74aaa90d90ba641e3d644c477fd53160794163db89b827c6c506a7d
routing_nominal_history,routing_nominal_history:seed96100000:epoch55,55,19,validation,96300000,u_0.10,0.1,47210165.56080016,0.7171717171717171,43.0,0.09090909090909091,800405b9f74aaa90d90ba641e3d644c477fd53160794163db89b827c6c506a7d
routing_nominal_history,routing_nominal_history:seed96100000:epoch55,55,19,validation,96300000,u_0.20,0.2,46360167.287612334,0.7171717171717171,41.0,0.08139534883720931,800405b9f74aaa90d90ba641e3d644c477fd53160794163db89b827c6c506a7d
routing_nominal_history,routing_nominal_history:seed96100000:epoch55,55,19,validation,96300000,u_0.30,0.3,46694046.04804352,0.7171717171717171,41.0,0.06930693069306931,800405b9f74aaa90d90ba641e3d644c477fd53160794163db89b827c6c506a7d
routing_nominal_history,routing_nominal_history:seed96100000:epoch55,55,19,validation,96300000,u_0.40,0.4,45819393.56111768,0.7171717171717171,38.0,0.06140350877192982,800405b9f74aaa90d90ba641e3d644c477fd53160794163db89b827c6c506a7d
routing_nominal_history,routing_nominal_history:seed96100000:epoch55,55,19,validation,96300000,u_0.50,0.5,46369643.284637436,0.7171717171717171,37.0,0.0546875,800405b9f74aaa90d90ba641e3d644c477fd53160794163db89b827c6c506a7d
routing_nominal_history,routing_nominal_history:seed96100000:epoch55,55,19,validation,96300000,u_0.60,0.6,48222460.91860279,0.7171717171717171,37.0,0.051094890510948905,800405b9f74aaa90d90ba641e3d644c477fd53160794163db89b827c6c506a7d
routing_nominal_history,routing_nominal_history:seed96100000:epoch55,55,19,validation,96300000,u_0.70,0.7,49200533.16301373,0.7171717171717171,35.0,0.047619047619047616,800405b9f74aaa90d90ba641e3d644c477fd53160794163db89b827c6c506a7d
routing_nominal_history,routing_nominal_history:seed96100000:epoch55,55,19,validation,96300000,u_0.80,0.8,50403252.039924994,0.7171717171717171,33.0,0.04430379746835443,800405b9f74aaa90d90ba641e3d644c477fd53160794163db89b827c6c506a7d
routing_nominal_history,routing_nominal_history:seed96100000:epoch55,55,19,validation,96300000,u_0.90,0.9,53357787.8831724,0.7171717171717171,33.0,0.04294478527607362,800405b9f74aaa90d90ba641e3d644c477fd53160794163db89b827c6c506a7d
routing_nominal_history,routing_nominal_history:seed96100000:epoch55,55,19,validation,96300000,u_1.00,1.0,55060677.48463744,0.7171717171717171,31.0,0.03954802259887006,800405b9f74aaa90d90ba641e3d644c477fd53160794163db89b827c6c506a7d
routing_nominal_history,routing_nominal_history:seed96100000:epoch55,55,19,validation,96300001,anchor,-1.0,47009338.4487653,0.7171717171717171,43.0,0.10294117647058823,800405b9f74aaa90d90ba641e3d644c477fd53160794163db89b827c6c506a7d
routing_nominal_history,routing_nominal_history:seed96100000:epoch55,55,19,validation,96300001,u_0.00,0.0,47009338.4487653,0.7171717171717171,43.0,0.10294117647058823,800405b9f74aaa90d90ba641e3d644c477fd53160794163db89b827c6c506a7d
routing_nominal_history,routing_nominal_history:seed96100000:epoch55,55,19,validation,96300001,u_0.10,0.1,47210165.56080016,0.7171717171717171,43.0,0.09090909090909091,800405b9f74aaa90d90ba641e3d644c477fd53160794163db89b827c6c506a7d
routing_nominal_history,routing_nominal_history:seed96100000:epoch55,55,19,validation,96300001,u_0.20,0.2,46360167.287612334,0.7171717171717171,41.0,0.08139534883720931,800405b9f74aaa90d90ba641e3d644c477fd53160794163db89b827c6c506a7d
routing_nominal_history,routing_nominal_history:seed96100000:epoch55,55,19,validation,96300001,u_0.30,0.3,46694046.04804352,0.7171717171717171,41.0,0.06930693069306931,800405b9f74aaa90d90ba641e3d644c477fd53160794163db89b827c6c506a7d
routing_nominal_history,routing_nominal_history:seed96100000:epoch55,55,19,validation,96300001,u_0.40,0.4,45819393.56111768,0.7171717171717171,38.0,0.06140350877192982,800405b9f74aaa90d90ba641e3d644c477fd53160794163db89b827c6c506a7d
routing_nominal_history,routing_nominal_history:seed96100000:epoch55,55,19,validation,96300001,u_0.50,0.5,46369643.284637436,0.7171717171717171,37.0,0.0546875,800405b9f74aaa90d90ba641e3d644c477fd53160794163db89b827c6c506a7d
routing_nominal_history,routing_nominal_history:seed96100000:epoch55,55,19,validation,96300001,u_0.60,0.6,48222460.91860279,0.7171717171717171,37.0,0.051094890510948905,800405b9f74aaa90d90ba641e3d644c477fd53160794163db89b827c6c506a7d
routing_nominal_history,routing_nominal_history:seed96100000:epoch55,55,19,validation,96300001,u_0.70,0.7,49200533.16301373,0.7171717171717171,35.0,0.047619047619047616,800405b9f74aaa90d90ba641e3d644c477fd53160794163db89b827c6c506a7d
routing_nominal_history,routing_nominal_history:seed96100000:epoch55,55,19,validation,96300001,u_0.80,0.8,50403252.039924994,0.7171717171717171,33.0,0.04430379746835443,800405b9f74aaa90d90ba641e3d644c477fd53160794163db89b827c6c506a7d
routing_nominal_history,routing_nominal_history:seed96100000:epoch55,55,19,validation,96300001,u_0.90,0.9,53357787.8831724,0.7171717171717171,33.0,0.04294478527607362,800405b9f74aaa90d90ba641e3d644c477fd53160794163db89b827c6c506a7d
routing_nominal_history,routing_nominal_history:seed96100000:epoch55,55,19,validation,96300001,u_1.00,1.0,55060677.48463744,0.7171717171717171,31.0,0.03954802259887006,800405b9f74aaa90d90ba641e3d644c477fd53160794163db89b827c6c506a7d
routing_nominal_history,routing_nominal_history:seed96100000:epoch55,55,19,validation,96300002,anchor,-1.0,47009338.4487653,0.7171717171717171,43.0,0.10294117647058823,800405b9f74aaa90d90ba641e3d644c477fd53160794163db89b827c6c506a7d
routing_nominal_history,routing_nominal_history:seed96100000:epoch55,55,19,validation,96300002,u_0.00,0.0,47009338.4487653,0.7171717171717171,43.0,0.10294117647058823,800405b9f74aaa90d90ba641e3d644c477fd53160794163db89b827c6c506a7d
routing_nominal_history,routing_nominal_history:seed96100000:epoch55,55,19,validation,96300002,u_0.10,0.1,47210165.56080016,0.7171717171717171,43.0,0.09090909090909091,800405b9f74aaa90d90ba641e3d644c477fd53160794163db89b827c6c506a7d
routing_nominal_history,routing_nominal_history:seed96100000:epoch55,55,19,validation,96300002,u_0.20,0.2,46360167.287612334,0.7171717171717171,41.0,0.08139534883720931,800405b9f74aaa90d90ba641e3d644c477fd53160794163db89b827c6c506a7d
routing_nominal_history,routing_nominal_history:seed96100000:epoch55,55,19,validation,96300002,u_0.30,0.3,46694046.04804352,0.7171717171717171,41.0,0.06930693069306931,800405b9f74aaa90d90ba641e3d644c477fd53160794163db89b827c6c506a7d
routing_nominal_history,routing_nominal_history:seed96100000:epoch55,55,19,validation,96300002,u_0.40,0.4,45819393.56111768,0.7171717171717171,38.0,0.06140350877192982,800405b9f74aaa90d90ba641e3d644c477fd53160794163db89b827c6c506a7d
routing_nominal_history,routing_nominal_history:seed96100000:epoch55,55,19,validation,96300002,u_0.50,0.5,46369643.284637436,0.7171717171717171,37.0,0.0546875,800405b9f74aaa90d90ba641e3d644c477fd53160794163db89b827c6c506a7d
routing_nominal_history,routing_nominal_history:seed96100000:epoch55,55,19,validation,96300002,u_0.60,0.6,48222460.91860279,0.7171717171717171,37.0,0.051094890510948905,800405b9f74aaa90d90ba641e3d644c477fd53160794163db89b827c6c506a7d
routing_nominal_history,routing_nominal_history:seed96100000:epoch55,55,19,validation,96300002,u_0.70,0.7,49200533.16301373,0.7171717171717171,35.0,0.047619047619047616,800405b9f74aaa90d90ba641e3d644c477fd53160794163db89b827c6c506a7d
routing_nominal_history,routing_nominal_history:seed96100000:epoch55,55,19,validation,96300002,u_0.80,0.8,50403252.039924994,0.7171717171717171,33.0,0.04430379746835443,800405b9f74aaa90d90ba641e3d644c477fd53160794163db89b827c6c506a7d
routing_nominal_history,routing_nominal_history:seed96100000:epoch55,55,19,validation,96300002,u_0.90,0.9,53357787.8831724,0.7171717171717171,33.0,0.04294478527607362,800405b9f74aaa90d90ba641e3d644c477fd53160794163db89b827c6c506a7d
routing_nominal_history,routing_nominal_history:seed96100000:epoch55,55,19,validation,96300002,u_1.00,1.0,55060677.48463744,0.7171717171717171,31.0,0.03954802259887006,800405b9f74aaa90d90ba641e3d644c477fd53160794163db89b827c6c506a7d
routing_nominal_history,routing_nominal_history:seed96100000:epoch55,55,19,validation,96300003,anchor,-1.0,47009338.4487653,0.7171717171717171,43.0,0.10294117647058823,800405b9f74aaa90d90ba641e3d644c477fd53160794163db89b827c6c506a7d
routing_nominal_history,routing_nominal_history:seed96100000:epoch55,55,19,validation,96300003,u_0.00,0.0,47009338.4487653,0.7171717171717171,43.0,0.10294117647058823,800405b9f74aaa90d90ba641e3d644c477fd53160794163db89b827c6c506a7d
routing_nominal_history,routing_nominal_history:seed96100000:epoch55,55,19,validation,96300003,u_0.10,0.1,47210165.56080016,0.7171717171717171,43.0,0.09090909090909091,800405b9f74aaa90d90ba641e3d644c477fd53160794163db89b827c6c506a7d
routing_nominal_history,routing_nominal_history:seed96100000:epoch55,55,19,validation,96300003,u_0.20,0.2,46360167.287612334,0.7171717171717171,41.0,0.08139534883720931,800405b9f74aaa90d90ba641e3d644c477fd53160794163db89b827c6c506a7d
routing_nominal_history,routing_nominal_history:seed96100000:epoch55,55,19,validation,96300003,u_0.30,0.3,46694046.04804352,0.7171717171717171,41.0,0.06930693069306931,800405b9f74aaa90d90ba641e3d644c477fd53160794163db89b827c6c506a7d
routing_nominal_history,routing_nominal_history:seed96100000:epoch55,55,19,validation,96300003,u_0.40,0.4,45819393.56111768,0.7171717171717171,38.0,0.06140350877192982,800405b9f74aaa90d90ba641e3d644c477fd53160794163db89b827c6c506a7d
routing_nominal_history,routing_nominal_history:seed96100000:epoch55,55,19,validation,96300003,u_0.50,0.5,46369643.284637436,0.7171717171717171,37.0,0.0546875,800405b9f74aaa90d90ba641e3d644c477fd53160794163db89b827c6c506a7d
routing_nominal_history,routing_nominal_history:seed96100000:epoch55,55,19,validation,96300003,u_0.60,0.6,48222460.91860279,0.7171717171717171,37.0,0.051094890510948905,800405b9f74aaa90d90ba641e3d644c477fd53160794163db89b827c6c506a7d
routing_nominal_history,routing_nominal_history:seed96100000:epoch55,55,19,validation,96300003,u_0.70,0.7,49200533.16301373,0.7171717171717171,35.0,0.047619047619047616,800405b9f74aaa90d90ba641e3d644c477fd53160794163db89b827c6c506a7d
routing_nominal_history,routing_nominal_history:seed96100000:epoch55,55,19,validation,96300003,u_0.80,0.8,50403252.039924994,0.7171717171717171,33.0,0.04430379746835443,800405b9f74aaa90d90ba641e3d644c477fd53160794163db89b827c6c506a7d
routing_nominal_history,routing_nominal_history:seed96100000:epoch55,55,19,validation,96300003,u_0.90,0.9,53357787.8831724,0.7171717171717171,33.0,0.04294478527607362,800405b9f74aaa90d90ba641e3d644c477fd53160794163db89b827c6c506a7d
routing_nominal_history,routing_nominal_history:seed96100000:epoch55,55,19,validation,96300003,u_1.00,1.0,55060677.48463744,0.7171717171717171,31.0,0.03954802259887006,800405b9f74aaa90d90ba641e3d644c477fd53160794163db89b827c6c506a7d
routing_nominal_history,routing_nominal_history:seed96100000:epoch55,55,19,validation,96300004,anchor,-1.0,47009338.4487653,0.7171717171717171,43.0,0.10294117647058823,800405b9f74aaa90d90ba641e3d644c477fd53160794163db89b827c6c506a7d
routing_nominal_history,routing_nominal_history:seed96100000:epoch55,55,19,validation,96300004,u_0.00,0.0,47009338.4487653,0.7171717171717171,43.0,0.10294117647058823,800405b9f74aaa90d90ba641e3d644c477fd53160794163db89b827c6c506a7d
routing_nominal_history,routing_nominal_history:seed96100000:epoch55,55,19,validation,96300004,u_0.10,0.1,47210165.56080016,0.7171717171717171,43.0,0.09090909090909091,800405b9f74aaa90d90ba641e3d644c477fd53160794163db89b827c6c506a7d
routing_nominal_history,routing_nominal_history:seed96100000:epoch55,55,19,validation,96300004,u_0.20,0.2,46360167.287612334,0.7171717171717171,41.0,0.08139534883720931,800405b9f74aaa90d90ba641e3d644c477fd53160794163db89b827c6c506a7d
routing_nominal_history,routing_nominal_history:seed96100000:epoch55,55,19,validation,96300004,u_0.30,0.3,46694046.04804352,0.7171717171717171,41.0,0.06930693069306931,800405b9f74aaa90d90ba641e3d644c477fd53160794163db89b827c6c506a7d
routing_nominal_history,routing_nominal_history:seed96100000:epoch55,55,19,validation,96300004,u_0.40,0.4,45819393.56111768,0.7171717171717171,38.0,0.06140350877192982,800405b9f74aaa90d90ba641e3d644c477fd53160794163db89b827c6c506a7d
routing_nominal_history,routing_nominal_history:seed96100000:epoch55,55,19,validation,96300004,u_0.50,0.5,46369643.284637436,0.7171717171717171,37.0,0.0546875,800405b9f74aaa90d90ba641e3d644c477fd53160794163db89b827c6c506a7d
routing_nominal_history,routing_nominal_history:seed96100000:epoch55,55,19,validation,96300004,u_0.60,0.6,48222460.91860279,0.7171717171717171,37.0,0.051094890510948905,800405b9f74aaa90d90ba641e3d644c477fd53160794163db89b827c6c506a7d
routing_nominal_history,routing_nominal_history:seed96100000:epoch55,55,19,validation,96300004,u_0.70,0.7,49200533.16301373,0.7171717171717171,35.0,0.047619047619047616,800405b9f74aaa90d90ba641e3d644c477fd53160794163db89b827c6c506a7d
routing_nominal_history,routing_nominal_history:seed96100000:epoch55,55,19,validation,96300004,u_0.80,0.8,50403252.039924994,0.7171717171717171,33.0,0.04430379746835443,800405b9f74aaa90d90ba641e3d644c477fd53160794163db89b827c6c506a7d
routing_nominal_history,routing_nominal_history:seed96100000:epoch55,55,19,validation,96300004,u_0.90,0.9,53357787.8831724,0.7171717171717171,33.0,0.04294478527607362,800405b9f74aaa90d90ba641e3d644c477fd53160794163db89b827c6c506a7d
routing_nominal_history,routing_nominal_history:seed96100000:epoch55,55,19,validation,96300004,u_1.00,1.0,55060677.48463744,0.7171717171717171,31.0,0.03954802259887006,800405b9f74aaa90d90ba641e3d644c477fd53160794163db89b827c6c506a7d
routing_nominal_history,routing_nominal_history:seed96100000:epoch80,80,20,discovery,96200000,anchor,-1.0,63725682.75703111,0.3902439024390244,46.0,0.06578947368421052,800405b9f74aaa90d90ba641e3d644c477fd53160794163db89b827c6c506a7d
routing_nominal_history,routing_nominal_history:seed96100000:epoch80,80,20,discovery,96200000,u_0.00,0.0,63725682.75703111,0.3902439024390244,46.0,0.06578947368421052,800405b9f74aaa90d90ba641e3d644c477fd53160794163db89b827c6c506a7d
routing_nominal_history,routing_nominal_history:seed96100000:epoch80,80,20,discovery,96200000,u_0.10,0.1,63403381.965134405,0.3902439024390244,45.0,0.05813953488372093,800405b9f74aaa90d90ba641e3d644c477fd53160794163db89b827c6c506a7d
routing_nominal_history,routing_nominal_history:seed96100000:epoch80,80,20,discovery,96200000,u_0.20,0.2,63107885.98614871,0.3902439024390244,44.0,0.052083333333333336,800405b9f74aaa90d90ba641e3d644c477fd53160794163db89b827c6c506a7d
routing_nominal_history,routing_nominal_history:seed96100000:epoch80,80,20,discovery,96200000,u_0.30,0.3,61799843.451912135,0.3902439024390244,41.0,0.044642857142857144,800405b9f74aaa90d90ba641e3d644c477fd53160794163db89b827c6c506a7d
routing_nominal_history,routing_nominal_history:seed96100000:epoch80,80,20,discovery,96200000,u_0.40,0.4,61485853.266015194,0.3902439024390244,39.0,0.03968253968253968,800405b9f74aaa90d90ba641e3d644c477fd53160794163db89b827c6c506a7d
routing_nominal_history,routing_nominal_history:seed96100000:epoch80,80,20,discovery,96200000,u_0.50,0.5,62650262.89140499,0.3902439024390244,39.0,0.03571428571428571,800405b9f74aaa90d90ba641e3d644c477fd53160794163db89b827c6c506a7d
routing_nominal_history,routing_nominal_history:seed96100000:epoch80,80,20,discovery,96200000,u_0.60,0.6,64469760.52808151,0.3902439024390244,39.0,0.03355704697986577,800405b9f74aaa90d90ba641e3d644c477fd53160794163db89b827c6c506a7d
routing_nominal_history,routing_nominal_history:seed96100000:epoch80,80,20,discovery,96200000,u_0.70,0.7,66068138.27604477,0.3902439024390244,38.0,0.03164556962025317,800405b9f74aaa90d90ba641e3d644c477fd53160794163db89b827c6c506a7d
routing_nominal_history,routing_nominal_history:seed96100000:epoch80,80,20,discovery,96200000,u_0.80,0.8,67269028.37511107,0.3902439024390244,36.0,0.029069767441860465,800405b9f74aaa90d90ba641e3d644c477fd53160794163db89b827c6c506a7d
routing_nominal_history,routing_nominal_history:seed96100000:epoch80,80,20,discovery,96200000,u_0.90,0.9,70224685.80583149,0.3902439024390244,36.0,0.027624309392265192,800405b9f74aaa90d90ba641e3d644c477fd53160794163db89b827c6c506a7d
routing_nominal_history,routing_nominal_history:seed96100000:epoch80,80,20,discovery,96200000,u_1.00,1.0,72132741.79140499,0.3902439024390244,34.0,0.025510204081632654,800405b9f74aaa90d90ba641e3d644c477fd53160794163db89b827c6c506a7d
routing_nominal_history,routing_nominal_history:seed96100000:epoch80,80,20,discovery,96200001,anchor,-1.0,63725682.75703111,0.3902439024390244,46.0,0.06578947368421052,800405b9f74aaa90d90ba641e3d644c477fd53160794163db89b827c6c506a7d
routing_nominal_history,routing_nominal_history:seed96100000:epoch80,80,20,discovery,96200001,u_0.00,0.0,63725682.75703111,0.3902439024390244,46.0,0.06578947368421052,800405b9f74aaa90d90ba641e3d644c477fd53160794163db89b827c6c506a7d
routing_nominal_history,routing_nominal_history:seed96100000:epoch80,80,20,discovery,96200001,u_0.10,0.1,63403381.965134405,0.3902439024390244,45.0,0.05813953488372093,800405b9f74aaa90d90ba641e3d644c477fd53160794163db89b827c6c506a7d
routing_nominal_history,routing_nominal_history:seed96100000:epoch80,80,20,discovery,96200001,u_0.20,0.2,63107885.98614871,0.3902439024390244,44.0,0.052083333333333336,800405b9f74aaa90d90ba641e3d644c477fd53160794163db89b827c6c506a7d
routing_nominal_history,routing_nominal_history:seed96100000:epoch80,80,20,discovery,96200001,u_0.30,0.3,61799843.451912135,0.3902439024390244,41.0,0.044642857142857144,800405b9f74aaa90d90ba641e3d644c477fd53160794163db89b827c6c506a7d
routing_nominal_history,routing_nominal_history:seed96100000:epoch80,80,20,discovery,96200001,u_0.40,0.4,61485853.266015194,0.3902439024390244,39.0,0.03968253968253968,800405b9f74aaa90d90ba641e3d644c477fd53160794163db89b827c6c506a7d
routing_nominal_history,routing_nominal_history:seed96100000:epoch80,80,20,discovery,96200001,u_0.50,0.5,62650262.89140499,0.3902439024390244,39.0,0.03571428571428571,800405b9f74aaa90d90ba641e3d644c477fd53160794163db89b827c6c506a7d
routing_nominal_history,routing_nominal_history:seed96100000:epoch80,80,20,discovery,96200001,u_0.60,0.6,64469760.52808151,0.3902439024390244,39.0,0.03355704697986577,800405b9f74aaa90d90ba641e3d644c477fd53160794163db89b827c6c506a7d
routing_nominal_history,routing_nominal_history:seed96100000:epoch80,80,20,discovery,96200001,u_0.70,0.7,66068138.27604477,0.3902439024390244,38.0,0.03164556962025317,800405b9f74aaa90d90ba641e3d644c477fd53160794163db89b827c6c506a7d
routing_nominal_history,routing_nominal_history:seed96100000:epoch80,80,20,discovery,96200001,u_0.80,0.8,67269028.37511107,0.3902439024390244,36.0,0.029069767441860465,800405b9f74aaa90d90ba641e3d644c477fd53160794163db89b827c6c506a7d
routing_nominal_history,routing_nominal_history:seed96100000:epoch80,80,20,discovery,96200001,u_0.90,0.9,70224685.80583149,0.3902439024390244,36.0,0.027624309392265192,800405b9f74aaa90d90ba641e3d644c477fd53160794163db89b827c6c506a7d
routing_nominal_history,routing_nominal_history:seed96100000:epoch80,80,20,discovery,96200001,u_1.00,1.0,72132741.79140499,0.3902439024390244,34.0,0.025510204081632654,800405b9f74aaa90d90ba641e3d644c477fd53160794163db89b827c6c506a7d
routing_nominal_history,routing_nominal_history:seed96100000:epoch80,80,20,discovery,96200002,anchor,-1.0,63725682.75703111,0.3902439024390244,46.0,0.06578947368421052,800405b9f74aaa90d90ba641e3d644c477fd53160794163db89b827c6c506a7d
routing_nominal_history,routing_nominal_history:seed96100000:epoch80,80,20,discovery,96200002,u_0.00,0.0,63725682.75703111,0.3902439024390244,46.0,0.06578947368421052,800405b9f74aaa90d90ba641e3d644c477fd53160794163db89b827c6c506a7d
routing_nominal_history,routing_nominal_history:seed96100000:epoch80,80,20,discovery,96200002,u_0.10,0.1,63403381.965134405,0.3902439024390244,45.0,0.05813953488372093,800405b9f74aaa90d90ba641e3d644c477fd53160794163db89b827c6c506a7d
routing_nominal_history,routing_nominal_history:seed96100000:epoch80,80,20,discovery,96200002,u_0.20,0.2,63107885.98614871,0.3902439024390244,44.0,0.052083333333333336,800405b9f74aaa90d90ba641e3d644c477fd53160794163db89b827c6c506a7d
routing_nominal_history,routing_nominal_history:seed96100000:epoch80,80,20,discovery,96200002,u_0.30,0.3,61799843.451912135,0.3902439024390244,41.0,0.044642857142857144,800405b9f74aaa90d90ba641e3d644c477fd53160794163db89b827c6c506a7d
routing_nominal_history,routing_nominal_history:seed96100000:epoch80,80,20,discovery,96200002,u_0.40,0.4,61485853.266015194,0.3902439024390244,39.0,0.03968253968253968,800405b9f74aaa90d90ba641e3d644c477fd53160794163db89b827c6c506a7d
routing_nominal_history,routing_nominal_history:seed96100000:epoch80,80,20,discovery,96200002,u_0.50,0.5,62650262.89140499,0.3902439024390244,39.0,0.03571428571428571,800405b9f74aaa90d90ba641e3d644c477fd53160794163db89b827c6c506a7d
routing_nominal_history,routing_nominal_history:seed96100000:epoch80,80,20,discovery,96200002,u_0.60,0.6,64469760.52808151,0.3902439024390244,39.0,0.03355704697986577,800405b9f74aaa90d90ba641e3d644c477fd53160794163db89b827c6c506a7d
routing_nominal_history,routing_nominal_history:seed96100000:epoch80,80,20,discovery,96200002,u_0.70,0.7,66068138.27604477,0.3902439024390244,38.0,0.03164556962025317,800405b9f74aaa90d90ba641e3d644c477fd53160794163db89b827c6c506a7d
routing_nominal_history,routing_nominal_history:seed96100000:epoch80,80,20,discovery,96200002,u_0.80,0.8,67269028.37511107,0.3902439024390244,36.0,0.029069767441860465,800405b9f74aaa90d90ba641e3d644c477fd53160794163db89b827c6c506a7d
routing_nominal_history,routing_nominal_history:seed96100000:epoch80,80,20,discovery,96200002,u_0.90,0.9,70224685.80583149,0.3902439024390244,36.0,0.027624309392265192,800405b9f74aaa90d90ba641e3d644c477fd53160794163db89b827c6c506a7d
routing_nominal_history,routing_nominal_history:seed96100000:epoch80,80,20,discovery,96200002,u_1.00,1.0,72132741.79140499,0.3902439024390244,34.0,0.025510204081632654,800405b9f74aaa90d90ba641e3d644c477fd53160794163db89b827c6c506a7d
routing_nominal_history,routing_nominal_history:seed96100000:epoch80,80,20,validation,96300000,anchor,-1.0,63725682.75703111,0.3902439024390244,46.0,0.06578947368421052,800405b9f74aaa90d90ba641e3d644c477fd53160794163db89b827c6c506a7d
routing_nominal_history,routing_nominal_history:seed96100000:epoch80,80,20,validation,96300000,u_0.00,0.0,63725682.75703111,0.3902439024390244,46.0,0.06578947368421052,800405b9f74aaa90d90ba641e3d644c477fd53160794163db89b827c6c506a7d
routing_nominal_history,routing_nominal_history:seed96100000:epoch80,80,20,validation,96300000,u_0.10,0.1,63403381.965134405,0.3902439024390244,45.0,0.05813953488372093,800405b9f74aaa90d90ba641e3d644c477fd53160794163db89b827c6c506a7d
routing_nominal_history,routing_nominal_history:seed96100000:epoch80,80,20,validation,96300000,u_0.20,0.2,63107885.98614871,0.3902439024390244,44.0,0.052083333333333336,800405b9f74aaa90d90ba641e3d644c477fd53160794163db89b827c6c506a7d
routing_nominal_history,routing_nominal_history:seed96100000:epoch80,80,20,validation,96300000,u_0.30,0.3,61799843.451912135,0.3902439024390244,41.0,0.044642857142857144,800405b9f74aaa90d90ba641e3d644c477fd53160794163db89b827c6c506a7d
routing_nominal_history,routing_nominal_history:seed96100000:epoch80,80,20,validation,96300000,u_0.40,0.4,61485853.266015194,0.3902439024390244,39.0,0.03968253968253968,800405b9f74aaa90d90ba641e3d644c477fd53160794163db89b827c6c506a7d
routing_nominal_history,routing_nominal_history:seed96100000:epoch80,80,20,validation,96300000,u_0.50,0.5,62650262.89140499,0.3902439024390244,39.0,0.03571428571428571,800405b9f74aaa90d90ba641e3d644c477fd53160794163db89b827c6c506a7d
routing_nominal_history,routing_nominal_history:seed96100000:epoch80,80,20,validation,96300000,u_0.60,0.6,64469760.52808151,0.3902439024390244,39.0,0.03355704697986577,800405b9f74aaa90d90ba641e3d644c477fd53160794163db89b827c6c506a7d
routing_nominal_history,routing_nominal_history:seed96100000:epoch80,80,20,validation,96300000,u_0.70,0.7,66068138.27604477,0.3902439024390244,38.0,0.03164556962025317,800405b9f74aaa90d90ba641e3d644c477fd53160794163db89b827c6c506a7d
routing_nominal_history,routing_nominal_history:seed96100000:epoch80,80,20,validation,96300000,u_0.80,0.8,67269028.37511107,0.3902439024390244,36.0,0.029069767441860465,800405b9f74aaa90d90ba641e3d644c477fd53160794163db89b827c6c506a7d
routing_nominal_history,routing_nominal_history:seed96100000:epoch80,80,20,validation,96300000,u_0.90,0.9,70224685.80583149,0.3902439024390244,36.0,0.027624309392265192,800405b9f74aaa90d90ba641e3d644c477fd53160794163db89b827c6c506a7d
routing_nominal_history,routing_nominal_history:seed96100000:epoch80,80,20,validation,96300000,u_1.00,1.0,72132741.79140499,0.3902439024390244,34.0,0.025510204081632654,800405b9f74aaa90d90ba641e3d644c477fd53160794163db89b827c6c506a7d
routing_nominal_history,routing_nominal_history:seed96100000:epoch80,80,20,validation,96300001,anchor,-1.0,63725682.75703111,0.3902439024390244,46.0,0.06578947368421052,800405b9f74aaa90d90ba641e3d644c477fd53160794163db89b827c6c506a7d
routing_nominal_history,routing_nominal_history:seed96100000:epoch80,80,20,validation,96300001,u_0.00,0.0,63725682.75703111,0.3902439024390244,46.0,0.06578947368421052,800405b9f74aaa90d90ba641e3d644c477fd53160794163db89b827c6c506a7d
routing_nominal_history,routing_nominal_history:seed96100000:epoch80,80,20,validation,96300001,u_0.10,0.1,63403381.965134405,0.3902439024390244,45.0,0.05813953488372093,800405b9f74aaa90d90ba641e3d644c477fd53160794163db89b827c6c506a7d
routing_nominal_history,routing_nominal_history:seed96100000:epoch80,80,20,validation,96300001,u_0.20,0.2,63107885.98614871,0.3902439024390244,44.0,0.052083333333333336,800405b9f74aaa90d90ba641e3d644c477fd53160794163db89b827c6c506a7d
routing_nominal_history,routing_nominal_history:seed96100000:epoch80,80,20,validation,96300001,u_0.30,0.3,61799843.451912135,0.3902439024390244,41.0,0.044642857142857144,800405b9f74aaa90d90ba641e3d644c477fd53160794163db89b827c6c506a7d
routing_nominal_history,routing_nominal_history:seed96100000:epoch80,80,20,validation,96300001,u_0.40,0.4,61485853.266015194,0.3902439024390244,39.0,0.03968253968253968,800405b9f74aaa90d90ba641e3d644c477fd53160794163db89b827c6c506a7d
routing_nominal_history,routing_nominal_history:seed96100000:epoch80,80,20,validation,96300001,u_0.50,0.5,62650262.89140499,0.3902439024390244,39.0,0.03571428571428571,800405b9f74aaa90d90ba641e3d644c477fd53160794163db89b827c6c506a7d
routing_nominal_history,routing_nominal_history:seed96100000:epoch80,80,20,validation,96300001,u_0.60,0.6,64469760.52808151,0.3902439024390244,39.0,0.03355704697986577,800405b9f74aaa90d90ba641e3d644c477fd53160794163db89b827c6c506a7d
routing_nominal_history,routing_nominal_history:seed96100000:epoch80,80,20,validation,96300001,u_0.70,0.7,66068138.27604477,0.3902439024390244,38.0,0.03164556962025317,800405b9f74aaa90d90ba641e3d644c477fd53160794163db89b827c6c506a7d
routing_nominal_history,routing_nominal_history:seed96100000:epoch80,80,20,validation,96300001,u_0.80,0.8,67269028.37511107,0.3902439024390244,36.0,0.029069767441860465,800405b9f74aaa90d90ba641e3d644c477fd53160794163db89b827c6c506a7d
routing_nominal_history,routing_nominal_history:seed96100000:epoch80,80,20,validation,96300001,u_0.90,0.9,70224685.80583149,0.3902439024390244,36.0,0.027624309392265192,800405b9f74aaa90d90ba641e3d644c477fd53160794163db89b827c6c506a7d
routing_nominal_history,routing_nominal_history:seed96100000:epoch80,80,20,validation,96300001,u_1.00,1.0,72132741.79140499,0.3902439024390244,34.0,0.025510204081632654,800405b9f74aaa90d90ba641e3d644c477fd53160794163db89b827c6c506a7d
routing_nominal_history,routing_nominal_history:seed96100000:epoch80,80,20,validation,96300002,anchor,-1.0,63725682.75703111,0.3902439024390244,46.0,0.06578947368421052,800405b9f74aaa90d90ba641e3d644c477fd53160794163db89b827c6c506a7d
routing_nominal_history,routing_nominal_history:seed96100000:epoch80,80,20,validation,96300002,u_0.00,0.0,63725682.75703111,0.3902439024390244,46.0,0.06578947368421052,800405b9f74aaa90d90ba641e3d644c477fd53160794163db89b827c6c506a7d
routing_nominal_history,routing_nominal_history:seed96100000:epoch80,80,20,validation,96300002,u_0.10,0.1,63403381.965134405,0.3902439024390244,45.0,0.05813953488372093,800405b9f74aaa90d90ba641e3d644c477fd53160794163db89b827c6c506a7d
routing_nominal_history,routing_nominal_history:seed96100000:epoch80,80,20,validation,96300002,u_0.20,0.2,63107885.98614871,0.3902439024390244,44.0,0.052083333333333336,800405b9f74aaa90d90ba641e3d644c477fd53160794163db89b827c6c506a7d
routing_nominal_history,routing_nominal_history:seed96100000:epoch80,80,20,validation,96300002,u_0.30,0.3,61799843.451912135,0.3902439024390244,41.0,0.044642857142857144,800405b9f74aaa90d90ba641e3d644c477fd53160794163db89b827c6c506a7d
routing_nominal_history,routing_nominal_history:seed96100000:epoch80,80,20,validation,96300002,u_0.40,0.4,61485853.266015194,0.3902439024390244,39.0,0.03968253968253968,800405b9f74aaa90d90ba641e3d644c477fd53160794163db89b827c6c506a7d
routing_nominal_history,routing_nominal_history:seed96100000:epoch80,80,20,validation,96300002,u_0.50,0.5,62650262.89140499,0.3902439024390244,39.0,0.03571428571428571,800405b9f74aaa90d90ba641e3d644c477fd53160794163db89b827c6c506a7d
routing_nominal_history,routing_nominal_history:seed96100000:epoch80,80,20,validation,96300002,u_0.60,0.6,64469760.52808151,0.3902439024390244,39.0,0.03355704697986577,800405b9f74aaa90d90ba641e3d644c477fd53160794163db89b827c6c506a7d
routing_nominal_history,routing_nominal_history:seed96100000:epoch80,80,20,validation,96300002,u_0.70,0.7,66068138.27604477,0.3902439024390244,38.0,0.03164556962025317,800405b9f74aaa90d90ba641e3d644c477fd53160794163db89b827c6c506a7d
routing_nominal_history,routing_nominal_history:seed96100000:epoch80,80,20,validation,96300002,u_0.80,0.8,67269028.37511107,0.3902439024390244,36.0,0.029069767441860465,800405b9f74aaa90d90ba641e3d644c477fd53160794163db89b827c6c506a7d
routing_nominal_history,routing_nominal_history:seed96100000:epoch80,80,20,validation,96300002,u_0.90,0.9,70224685.80583149,0.3902439024390244,36.0,0.027624309392265192,800405b9f74aaa90d90ba641e3d644c477fd53160794163db89b827c6c506a7d
routing_nominal_history,routing_nominal_history:seed96100000:epoch80,80,20,validation,96300002,u_1.00,1.0,72132741.79140499,0.3902439024390244,34.0,0.025510204081632654,800405b9f74aaa90d90ba641e3d644c477fd53160794163db89b827c6c506a7d
routing_nominal_history,routing_nominal_history:seed96100000:epoch80,80,20,validation,96300003,anchor,-1.0,63725682.75703111,0.3902439024390244,46.0,0.06578947368421052,800405b9f74aaa90d90ba641e3d644c477fd53160794163db89b827c6c506a7d
routing_nominal_history,routing_nominal_history:seed96100000:epoch80,80,20,validation,96300003,u_0.00,0.0,63725682.75703111,0.3902439024390244,46.0,0.06578947368421052,800405b9f74aaa90d90ba641e3d644c477fd53160794163db89b827c6c506a7d
routing_nominal_history,routing_nominal_history:seed96100000:epoch80,80,20,validation,96300003,u_0.10,0.1,63403381.965134405,0.3902439024390244,45.0,0.05813953488372093,800405b9f74aaa90d90ba641e3d644c477fd53160794163db89b827c6c506a7d
routing_nominal_history,routing_nominal_history:seed96100000:epoch80,80,20,validation,96300003,u_0.20,0.2,63107885.98614871,0.3902439024390244,44.0,0.052083333333333336,800405b9f74aaa90d90ba641e3d644c477fd53160794163db89b827c6c506a7d
routing_nominal_history,routing_nominal_history:seed96100000:epoch80,80,20,validation,96300003,u_0.30,0.3,61799843.451912135,0.3902439024390244,41.0,0.044642857142857144,800405b9f74aaa90d90ba641e3d644c477fd53160794163db89b827c6c506a7d
routing_nominal_history,routing_nominal_history:seed96100000:epoch80,80,20,validation,96300003,u_0.40,0.4,61485853.266015194,0.3902439024390244,39.0,0.03968253968253968,800405b9f74aaa90d90ba641e3d644c477fd53160794163db89b827c6c506a7d
routing_nominal_history,routing_nominal_history:seed96100000:epoch80,80,20,validation,96300003,u_0.50,0.5,62650262.89140499,0.3902439024390244,39.0,0.03571428571428571,800405b9f74aaa90d90ba641e3d644c477fd53160794163db89b827c6c506a7d
routing_nominal_history,routing_nominal_history:seed96100000:epoch80,80,20,validation,96300003,u_0.60,0.6,64469760.52808151,0.3902439024390244,39.0,0.03355704697986577,800405b9f74aaa90d90ba641e3d644c477fd53160794163db89b827c6c506a7d
routing_nominal_history,routing_nominal_history:seed96100000:epoch80,80,20,validation,96300003,u_0.70,0.7,66068138.27604477,0.3902439024390244,38.0,0.03164556962025317,800405b9f74aaa90d90ba641e3d644c477fd53160794163db89b827c6c506a7d
routing_nominal_history,routing_nominal_history:seed96100000:epoch80,80,20,validation,96300003,u_0.80,0.8,67269028.37511107,0.3902439024390244,36.0,0.029069767441860465,800405b9f74aaa90d90ba641e3d644c477fd53160794163db89b827c6c506a7d
routing_nominal_history,routing_nominal_history:seed96100000:epoch80,80,20,validation,96300003,u_0.90,0.9,70224685.80583149,0.3902439024390244,36.0,0.027624309392265192,800405b9f74aaa90d90ba641e3d644c477fd53160794163db89b827c6c506a7d
routing_nominal_history,routing_nominal_history:seed96100000:epoch80,80,20,validation,96300003,u_1.00,1.0,72132741.79140499,0.3902439024390244,34.0,0.025510204081632654,800405b9f74aaa90d90ba641e3d644c477fd53160794163db89b827c6c506a7d
routing_nominal_history,routing_nominal_history:seed96100000:epoch80,80,20,validation,96300004,anchor,-1.0,63725682.75703111,0.3902439024390244,46.0,0.06578947368421052,800405b9f74aaa90d90ba641e3d644c477fd53160794163db89b827c6c506a7d
routing_nominal_history,routing_nominal_history:seed96100000:epoch80,80,20,validation,96300004,u_0.00,0.0,63725682.75703111,0.3902439024390244,46.0,0.06578947368421052,800405b9f74aaa90d90ba641e3d644c477fd53160794163db89b827c6c506a7d
routing_nominal_history,routing_nominal_history:seed96100000:epoch80,80,20,validation,96300004,u_0.10,0.1,63403381.965134405,0.3902439024390244,45.0,0.05813953488372093,800405b9f74aaa90d90ba641e3d644c477fd53160794163db89b827c6c506a7d
routing_nominal_history,routing_nominal_history:seed96100000:epoch80,80,20,validation,96300004,u_0.20,0.2,63107885.98614871,0.3902439024390244,44.0,0.052083333333333336,800405b9f74aaa90d90ba641e3d644c477fd53160794163db89b827c6c506a7d
routing_nominal_history,routing_nominal_history:seed96100000:epoch80,80,20,validation,96300004,u_0.30,0.3,61799843.451912135,0.3902439024390244,41.0,0.044642857142857144,800405b9f74aaa90d90ba641e3d644c477fd53160794163db89b827c6c506a7d
routing_nominal_history,routing_nominal_history:seed96100000:epoch80,80,20,validation,96300004,u_0.40,0.4,61485853.266015194,0.3902439024390244,39.0,0.03968253968253968,800405b9f74aaa90d90ba641e3d644c477fd53160794163db89b827c6c506a7d
routing_nominal_history,routing_nominal_history:seed96100000:epoch80,80,20,validation,96300004,u_0.50,0.5,62650262.89140499,0.3902439024390244,39.0,0.03571428571428571,800405b9f74aaa90d90ba641e3d644c477fd53160794163db89b827c6c506a7d
routing_nominal_history,routing_nominal_history:seed96100000:epoch80,80,20,validation,96300004,u_0.60,0.6,64469760.52808151,0.3902439024390244,39.0,0.03355704697986577,800405b9f74aaa90d90ba641e3d644c477fd53160794163db89b827c6c506a7d
routing_nominal_history,routing_nominal_history:seed96100000:epoch80,80,20,validation,96300004,u_0.70,0.7,66068138.27604477,0.3902439024390244,38.0,0.03164556962025317,800405b9f74aaa90d90ba641e3d644c477fd53160794163db89b827c6c506a7d
routing_nominal_history,routing_nominal_history:seed96100000:epoch80,80,20,validation,96300004,u_0.80,0.8,67269028.37511107,0.3902439024390244,36.0,0.029069767441860465,800405b9f74aaa90d90ba641e3d644c477fd53160794163db89b827c6c506a7d
routing_nominal_history,routing_nominal_history:seed96100000:epoch80,80,20,validation,96300004,u_0.90,0.9,70224685.80583149,0.3902439024390244,36.0,0.027624309392265192,800405b9f74aaa90d90ba641e3d644c477fd53160794163db89b827c6c506a7d
routing_nominal_history,routing_nominal_history:seed96100000:epoch80,80,20,validation,96300004,u_1.00,1.0,72132741.79140499,0.3902439024390244,34.0,0.025510204081632654,800405b9f74aaa90d90ba641e3d644c477fd53160794163db89b827c6c506a7d
routing_nominal_history,routing_nominal_history:seed96100001:epoch30,30,20,discovery,96200000,anchor,-1.0,1180216208.8495827,0.5387894288150042,1042.0,0.07952871870397643,800405b9f74aaa90d90ba641e3d644c477fd53160794163db89b827c6c506a7d
routing_nominal_history,routing_nominal_history:seed96100001:epoch30,30,20,discovery,96200000,u_0.00,0.0,1180216208.8495827,0.5387894288150042,1042.0,0.07952871870397643,800405b9f74aaa90d90ba641e3d644c477fd53160794163db89b827c6c506a7d
routing_nominal_history,routing_nominal_history:seed96100001:epoch30,30,20,discovery,96200000,u_0.10,0.1,1174606920.5483282,0.5434782608695652,1037.0,0.07754206291148501,800405b9f74aaa90d90ba641e3d644c477fd53160794163db89b827c6c506a7d
routing_nominal_history,routing_nominal_history:seed96100001:epoch30,30,20,discovery,96200000,u_0.20,0.2,1170759853.7412336,0.5468883205456095,1035.0,0.0784313725490196,800405b9f74aaa90d90ba641e3d644c477fd53160794163db89b827c6c506a7d
routing_nominal_history,routing_nominal_history:seed96100001:epoch30,30,20,discovery,96200000,u_0.30,0.3,1164905571.4171698,0.552003410059676,1025.0,0.07841726618705036,800405b9f74aaa90d90ba641e3d644c477fd53160794163db89b827c6c506a7d
routing_nominal_history,routing_nominal_history:seed96100001:epoch30,30,20,discovery,96200000,u_0.40,0.4,1158100235.0485702,0.556692242114237,1017.0,0.07905982905982906,800405b9f74aaa90d90ba641e3d644c477fd53160794163db89b827c6c506a7d
routing_nominal_history,routing_nominal_history:seed96100001:epoch30,30,20,discovery,96200000,u_0.50,0.5,1149985562.0750837,0.5622335890878091,1007.0,0.07773851590106007,800405b9f74aaa90d90ba641e3d644c477fd53160794163db89b827c6c506a7d
routing_nominal_history,routing_nominal_history:seed96100001:epoch30,30,20,discovery,96200000,u_0.60,0.6,1144789000.772456,0.5664961636828645,1000.0,0.0758959943780745,800405b9f74aaa90d90ba641e3d644c477fd53160794163db89b827c6c506a7d
routing_nominal_history,routing_nominal_history:seed96100001:epoch30,30,20,discovery,96200000,u_0.70,0.7,1140292932.3050218,0.5707587382779199,994.0,0.07472067039106145,800405b9f74aaa90d90ba641e3d644c477fd53160794163db89b827c6c506a7d
routing_nominal_history,routing_nominal_history:seed96100001:epoch30,30,20,discovery,96200000,u_0.80,0.8,1131191959.4630759,0.577152600170503,981.0,0.07271468144044321,800405b9f74aaa90d90ba641e3d644c477fd53160794163db89b827c6c506a7d
routing_nominal_history,routing_nominal_history:seed96100001:epoch30,30,20,discovery,96200000,u_0.90,0.9,1128388124.500517,0.5805626598465473,974.0,0.07167470709855273,800405b9f74aaa90d90ba641e3d644c477fd53160794163db89b827c6c506a7d
routing_nominal_history,routing_nominal_history:seed96100001:epoch30,30,20,discovery,96200000,u_1.00,1.0,1127311347.997045,0.5843989769820972,965.0,0.06872852233676977,800405b9f74aaa90d90ba641e3d644c477fd53160794163db89b827c6c506a7d
routing_nominal_history,routing_nominal_history:seed96100001:epoch30,30,20,discovery,96200001,anchor,-1.0,1135993992.595371,0.5529513888888888,1006.0,0.06937269372693727,800405b9f74aaa90d90ba641e3d644c477fd53160794163db89b827c6c506a7d
routing_nominal_history,routing_nominal_history:seed96100001:epoch30,30,20,discovery,96200001,u_0.00,0.0,1135993992.595371,0.5529513888888888,1006.0,0.06937269372693727,800405b9f74aaa90d90ba641e3d644c477fd53160794163db89b827c6c506a7d
routing_nominal_history,routing_nominal_history:seed96100001:epoch30,30,20,discovery,96200001,u_0.10,0.1,1130033418.5785978,0.55859375,1001.0,0.06876371616678859,800405b9f74aaa90d90ba641e3d644c477fd53160794163db89b827c6c506a7d
routing_nominal_history,routing_nominal_history:seed96100001:epoch30,30,20,discovery,96200001,u_0.20,0.2,1125710727.420831,0.5625,996.0,0.06899055918663761,800405b9f74aaa90d90ba641e3d644c477fd53160794163db89b827c6c506a7d
routing_nominal_history,routing_nominal_history:seed96100001:epoch30,30,20,discovery,96200001,u_0.30,0.3,1119048099.5153415,0.5681423611111112,985.0,0.069164265129683,800405b9f74aaa90d90ba641e3d644c477fd53160794163db89b827c6c506a7d
routing_nominal_history,routing_nominal_history:seed96100001:epoch30,30,20,discovery,96200001,u_0.40,0.4,1113066329.329294,0.5724826388888888,977.0,0.06928571428571428,800405b9f74aaa90d90ba641e3d644c477fd53160794163db89b827c6c506a7d
routing_nominal_history,routing_nominal_history:seed96100001:epoch30,30,20,discovery,96200001,u_0.50,0.5,1101247220.0550065,0.5798611111111112,960.0,0.06506364922206506,800405b9f74aaa90d90ba641e3d644c477fd53160794163db89b827c6c506a7d
routing_nominal_history,routing_nominal_history:seed96100001:epoch30,30,20,discovery,96200001,u_0.60,0.6,1095429972.7978582,0.5842013888888888,950.0,0.06263194933145672,800405b9f74aaa90d90ba641e3d644c477fd53160794163db89b827c6c506a7d
routing_nominal_history,routing_nominal_history:seed96100001:epoch30,30,20,discovery,96200001,u_0.70,0.7,1091051267.6195817,0.5881076388888888,943.0,0.062237762237762236,800405b9f74aaa90d90ba641e3d644c477fd53160794163db89b827c6c506a7d
routing_nominal_history,routing_nominal_history:seed96100001:epoch30,30,20,discovery,96200001,u_0.80,0.8,1085669149.5771852,0.5928819444444444,935.0,0.06310679611650485,800405b9f74aaa90d90ba641e3d644c477fd53160794163db89b827c6c506a7d
routing_nominal_history,routing_nominal_history:seed96100001:epoch30,30,20,discovery,96200001,u_0.90,0.9,1086157092.9546623,0.5946180555555556,932.0,0.0647829083390765,800405b9f74aaa90d90ba641e3d644c477fd53160794163db89b827c6c506a7d
routing_nominal_history,routing_nominal_history:seed96100001:epoch30,30,20,discovery,96200001,u_1.00,1.0,1088465049.4820867,0.5963541666666666,929.0,0.06529209621993128,800405b9f74aaa90d90ba641e3d644c477fd53160794163db89b827c6c506a7d
routing_nominal_history,routing_nominal_history:seed96100001:epoch30,30,20,discovery,96200002,anchor,-1.0,1342211300.5714083,0.48755832037325036,1209.0,0.09030837004405286,800405b9f74aaa90d90ba641e3d644c477fd53160794163db89b827c6c506a7d
routing_nominal_history,routing_nominal_history:seed96100001:epoch30,30,20,discovery,96200002,u_0.00,0.0,1342211300.5714083,0.48755832037325036,1209.0,0.09030837004405286,800405b9f74aaa90d90ba641e3d644c477fd53160794163db89b827c6c506a7d
routing_nominal_history,routing_nominal_history:seed96100001:epoch30,30,20,discovery,96200002,u_0.10,0.1,1335000331.0657415,0.49300155520995337,1204.0,0.088,800405b9f74aaa90d90ba641e3d644c477fd53160794163db89b827c6c506a7d
routing_nominal_history,routing_nominal_history:seed96100001:epoch30,30,20,discovery,96200002,u_0.20,0.2,1330259305.834384,0.49611197511664074,1196.0,0.08616944243301955,800405b9f74aaa90d90ba641e3d644c477fd53160794163db89b827c6c506a7d
routing_nominal_history,routing_nominal_history:seed96100001:epoch30,30,20,discovery,96200002,u_0.30,0.3,1322824879.8592653,0.5011664074650077,1186.0,0.08608321377331421,800405b9f74aaa90d90ba641e3d644c477fd53160794163db89b827c6c506a7d
routing_nominal_history,routing_nominal_history:seed96100001:epoch30,30,20,discovery,96200002,u_0.40,0.4,1312268795.124174,0.5081648522550545,1174.0,0.0823278921220724,800405b9f74aaa90d90ba641e3d644c477fd53160794163db89b827c6c506a7d
routing_nominal_history,routing_nominal_history:seed96100001:epoch30,30,20,discovery,96200002,u_0.50,0.5,1299458210.294856,0.5163297045101088,1155.0,0.07719298245614035,800405b9f74aaa90d90ba641e3d644c477fd53160794163db89b827c6c506a7d
routing_nominal_history,routing_nominal_history:seed96100001:epoch30,30,20,discovery,96200002,u_0.60,0.6,1294396710.8074555,0.5198289269051322,1144.0,0.07477288609364081,800405b9f74aaa90d90ba641e3d644c477fd53160794163db89b827c6c506a7d
routing_nominal_history,routing_nominal_history:seed96100001:epoch30,30,20,discovery,96200002,u_0.70,0.7,1289746354.053108,0.5241057542768274,1136.0,0.07291666666666667,800405b9f74aaa90d90ba641e3d644c477fd53160794163db89b827c6c506a7d
routing_nominal_history,routing_nominal_history:seed96100001:epoch30,30,20,discovery,96200002,u_0.80,0.8,1281527606.6193666,0.5299377916018663,1125.0,0.07157604955264969,800405b9f74aaa90d90ba641e3d644c477fd53160794163db89b827c6c506a7d
routing_nominal_history,routing_nominal_history:seed96100001:epoch30,30,20,discovery,96200002,u_0.90,0.9,1278201573.9716063,0.5330482115085536,1118.0,0.07128169979437972,800405b9f74aaa90d90ba641e3d644c477fd53160794163db89b827c6c506a7d
routing_nominal_history,routing_nominal_history:seed96100001:epoch30,30,20,discovery,96200002,u_1.00,1.0,1277200697.83558,0.536158631415241,1108.0,0.06839945280437756,800405b9f74aaa90d90ba641e3d644c477fd53160794163db89b827c6c506a7d
routing_nominal_history,routing_nominal_history:seed96100001:epoch30,30,20,validation,96300000,anchor,-1.0,1384145622.778181,0.4896927265655387,1254.0,0.0847457627118644,800405b9f74aaa90d90ba641e3d644c477fd53160794163db89b827c6c506a7d
routing_nominal_history,routing_nominal_history:seed96100001:epoch30,30,20,validation,96300000,u_0.00,0.0,1384145622.778181,0.4896927265655387,1254.0,0.0847457627118644,800405b9f74aaa90d90ba641e3d644c477fd53160794163db89b827c6c506a7d
routing_nominal_history,routing_nominal_history:seed96100001:epoch30,30,20,validation,96300000,u_0.10,0.1,1377921718.4572368,0.4939712174251264,1248.0,0.08193123628383321,800405b9f74aaa90d90ba641e3d644c477fd53160794163db89b827c6c506a7d
routing_nominal_history,routing_nominal_history:seed96100001:epoch30,30,20,validation,96300000,u_0.20,0.2,1371885061.4536843,0.4986386619992221,1242.0,0.07982583454281568,800405b9f74aaa90d90ba641e3d644c477fd53160794163db89b827c6c506a7d
routing_nominal_history,routing_nominal_history:seed96100001:epoch30,30,20,validation,96300000,u_0.30,0.3,1365865342.977718,0.5048619214313497,1232.0,0.07841726618705036,800405b9f74aaa90d90ba641e3d644c477fd53160794163db89b827c6c506a7d
routing_nominal_history,routing_nominal_history:seed96100001:epoch30,30,20,validation,96300000,u_0.40,0.4,1358793725.823479,0.5095293660054454,1222.0,0.07840342124019957,800405b9f74aaa90d90ba641e3d644c477fd53160794163db89b827c6c506a7d
routing_nominal_history,routing_nominal_history:seed96100001:epoch30,30,20,validation,96300000,u_0.50,0.5,1351047780.995964,0.514974718008557,1209.0,0.07768361581920905,800405b9f74aaa90d90ba641e3d644c477fd53160794163db89b827c6c506a7d
routing_nominal_history,routing_nominal_history:seed96100001:epoch30,30,20,validation,96300000,u_0.60,0.6,1343436047.326769,0.5196421625826526,1197.0,0.07508771929824562,800405b9f74aaa90d90ba641e3d644c477fd53160794163db89b827c6c506a7d
routing_nominal_history,routing_nominal_history:seed96100001:epoch30,30,20,validation,96300000,u_0.70,0.7,1338334086.414223,0.5239206534422404,1186.0,0.07322175732217573,800405b9f74aaa90d90ba641e3d644c477fd53160794163db89b827c6c506a7d
routing_nominal_history,routing_nominal_history:seed96100001:epoch30,30,20,validation,96300000,u_0.80,0.8,1334504289.2867253,0.5270322831583042,1180.0,0.0754325259515571,800405b9f74aaa90d90ba641e3d644c477fd53160794163db89b827c6c506a7d
routing_nominal_history,routing_nominal_history:seed96100001:epoch30,30,20,validation,96300000,u_0.90,0.9,1330211675.2963734,0.5301439128743679,1173.0,0.07575757575757576,800405b9f74aaa90d90ba641e3d644c477fd53160794163db89b827c6c506a7d
routing_nominal_history,routing_nominal_history:seed96100001:epoch30,30,20,validation,96300000,u_1.00,1.0,1332309411.3018277,0.5316997277323998,1168.0,0.07560137457044673,800405b9f74aaa90d90ba641e3d644c477fd53160794163db89b827c6c506a7d
routing_nominal_history,routing_nominal_history:seed96100001:epoch30,30,20,validation,96300001,anchor,-1.0,1380029628.0926762,0.4968304278922345,1281.0,0.09137426900584796,800405b9f74aaa90d90ba641e3d644c477fd53160794163db89b827c6c506a7d
routing_nominal_history,routing_nominal_history:seed96100001:epoch30,30,20,validation,96300001,u_0.00,0.0,1380029628.0926762,0.4968304278922345,1281.0,0.09137426900584796,800405b9f74aaa90d90ba641e3d644c477fd53160794163db89b827c6c506a7d
routing_nominal_history,routing_nominal_history:seed96100001:epoch30,30,20,validation,96300001,u_0.10,0.1,1373477452.895487,0.49960380348652933,1274.0,0.09084302325581395,800405b9f74aaa90d90ba641e3d644c477fd53160794163db89b827c6c506a7d
routing_nominal_history,routing_nominal_history:seed96100001:epoch30,30,20,validation,96300001,u_0.20,0.2,1368616045.6676216,0.5027733755942948,1267.0,0.08953068592057761,800405b9f74aaa90d90ba641e3d644c477fd53160794163db89b827c6c506a7d
routing_nominal_history,routing_nominal_history:seed96100001:epoch30,30,20,validation,96300001,u_0.30,0.3,1363524088.1688623,0.5067353407290016,1259.0,0.091493924231594,800405b9f74aaa90d90ba641e3d644c477fd53160794163db89b827c6c506a7d
routing_nominal_history,routing_nominal_history:seed96100001:epoch30,30,20,validation,96300001,u_0.40,0.4,1356188135.663788,0.5122820919175911,1248.0,0.09078014184397164,800405b9f74aaa90d90ba641e3d644c477fd53160794163db89b827c6c506a7d
routing_nominal_history,routing_nominal_history:seed96100001:epoch30,30,20,validation,96300001,u_0.50,0.5,1349402269.9581153,0.5166402535657686,1240.0,0.09007741027445461,800405b9f74aaa90d90ba641e3d644c477fd53160794163db89b827c6c506a7d
routing_nominal_history,routing_nominal_history:seed96100001:epoch30,30,20,validation,96300001,u_0.60,0.6,1342075808.800514,0.5221870047543582,1228.0,0.08659217877094973,800405b9f74aaa90d90ba641e3d644c477fd53160794163db89b827c6c506a7d
routing_nominal_history,routing_nominal_history:seed96100001:epoch30,30,20,validation,96300001,u_0.70,0.7,1337599040.4280555,0.5269413629160064,1218.0,0.08408617095205004,800405b9f74aaa90d90ba641e3d644c477fd53160794163db89b827c6c506a7d
routing_nominal_history,routing_nominal_history:seed96100001:epoch30,30,20,validation,96300001,u_0.80,0.8,1331119143.9176283,0.5328843106180665,1204.0,0.081267217630854,800405b9f74aaa90d90ba641e3d644c477fd53160794163db89b827c6c506a7d
routing_nominal_history,routing_nominal_history:seed96100001:epoch30,30,20,validation,96300001,u_0.90,0.9,1330903806.3727446,0.5340729001584786,1198.0,0.07988980716253444,800405b9f74aaa90d90ba641e3d644c477fd53160794163db89b827c6c506a7d
routing_nominal_history,routing_nominal_history:seed96100001:epoch30,30,20,validation,96300001,u_1.00,1.0,1327660998.5526621,0.5380348652931854,1185.0,0.07491408934707904,800405b9f74aaa90d90ba641e3d644c477fd53160794163db89b827c6c506a7d
routing_nominal_history,routing_nominal_history:seed96100001:epoch30,30,20,validation,96300002,anchor,-1.0,1406055002.1829472,0.4823348694316436,1269.0,0.08388520971302428,800405b9f74aaa90d90ba641e3d644c477fd53160794163db89b827c6c506a7d
routing_nominal_history,routing_nominal_history:seed96100001:epoch30,30,20,validation,96300002,u_0.00,0.0,1406055002.1829472,0.4823348694316436,1269.0,0.08388520971302428,800405b9f74aaa90d90ba641e3d644c477fd53160794163db89b827c6c506a7d
routing_nominal_history,routing_nominal_history:seed96100001:epoch30,30,20,validation,96300002,u_0.10,0.1,1401718376.6213045,0.48502304147465436,1266.0,0.08546384222059898,800405b9f74aaa90d90ba641e3d644c477fd53160794163db89b827c6c506a7d
routing_nominal_history,routing_nominal_history:seed96100001:epoch30,30,20,validation,96300002,u_0.20,0.2,1395931070.2201931,0.488863287250384,1256.0,0.08556925308194344,800405b9f74aaa90d90ba641e3d644c477fd53160794163db89b827c6c506a7d
routing_nominal_history,routing_nominal_history:seed96100001:epoch30,30,20,validation,96300002,u_0.30,0.3,1389830877.1333919,0.4927035330261137,1247.0,0.08554996405463695,800405b9f74aaa90d90ba641e3d644c477fd53160794163db89b827c6c506a7d
routing_nominal_history,routing_nominal_history:seed96100001:epoch30,30,20,validation,96300002,u_0.40,0.4,1378790924.7832193,0.5003840245775729,1230.0,0.0811965811965812,800405b9f74aaa90d90ba641e3d644c477fd53160794163db89b827c6c506a7d
routing_nominal_history,routing_nominal_history:seed96100001:epoch30,30,20,validation,96300002,u_0.50,0.5,1368004793.1647527,0.5069124423963134,1214.0,0.0776287932251235,800405b9f74aaa90d90ba641e3d644c477fd53160794163db89b827c6c506a7d
routing_nominal_history,routing_nominal_history:seed96100001:epoch30,30,20,validation,96300002,u_0.60,0.6,1361703020.1005619,0.5119047619047619,1201.0,0.07573632538569425,800405b9f74aaa90d90ba641e3d644c477fd53160794163db89b827c6c506a7d
routing_nominal_history,routing_nominal_history:seed96100001:epoch30,30,20,validation,96300002,u_0.70,0.7,1357020331.68901,0.5161290322580645,1192.0,0.07386759581881533,800405b9f74aaa90d90ba641e3d644c477fd53160794163db89b827c6c506a7d
routing_nominal_history,routing_nominal_history:seed96100001:epoch30,30,20,validation,96300002,u_0.80,0.8,1354205184.0758238,0.5184331797235023,1187.0,0.07435719249478805,800405b9f74aaa90d90ba641e3d644c477fd53160794163db89b827c6c506a7d
routing_nominal_history,routing_nominal_history:seed96100001:epoch30,30,20,validation,96300002,u_0.90,0.9,1353208127.1010797,0.5203533026113671,1182.0,0.07409972299168975,800405b9f74aaa90d90ba641e3d644c477fd53160794163db89b827c6c506a7d
routing_nominal_history,routing_nominal_history:seed96100001:epoch30,30,20,validation,96300002,u_1.00,1.0,1359205543.9662802,0.5207373271889401,1181.0,0.07671043538355218,800405b9f74aaa90d90ba641e3d644c477fd53160794163db89b827c6c506a7d
routing_nominal_history,routing_nominal_history:seed96100001:epoch30,30,20,validation,96300003,anchor,-1.0,1727295767.2743533,0.4134097035040431,1594.0,0.10850439882697947,800405b9f74aaa90d90ba641e3d644c477fd53160794163db89b827c6c506a7d
routing_nominal_history,routing_nominal_history:seed96100001:epoch30,30,20,validation,96300003,u_0.00,0.0,1727295767.2743533,0.4134097035040431,1594.0,0.10850439882697947,800405b9f74aaa90d90ba641e3d644c477fd53160794163db89b827c6c506a7d
routing_nominal_history,routing_nominal_history:seed96100001:epoch30,30,20,validation,96300003,u_0.10,0.1,1719401138.2419913,0.4171159029649596,1584.0,0.10568513119533528,800405b9f74aaa90d90ba641e3d644c477fd53160794163db89b827c6c506a7d
routing_nominal_history,routing_nominal_history:seed96100001:epoch30,30,20,validation,96300003,u_0.20,0.2,1715516864.3807504,0.42014824797843664,1578.0,0.10564399421128799,800405b9f74aaa90d90ba641e3d644c477fd53160794163db89b827c6c506a7d
routing_nominal_history,routing_nominal_history:seed96100001:epoch30,30,20,validation,96300003,u_0.30,0.3,1709752278.7388434,0.4241913746630728,1569.0,0.1060931899641577,800405b9f74aaa90d90ba641e3d644c477fd53160794163db89b827c6c506a7d
routing_nominal_history,routing_nominal_history:seed96100001:epoch30,30,20,validation,96300003,u_0.40,0.4,1698106229.8286412,0.4305929919137466,1552.0,0.10149041873669269,800405b9f74aaa90d90ba641e3d644c477fd53160794163db89b827c6c506a7d
routing_nominal_history,routing_nominal_history:seed96100001:epoch30,30,20,validation,96300003,u_0.50,0.5,1690125034.700215,0.43497304582210244,1542.0,0.10056258790436005,800405b9f74aaa90d90ba641e3d644c477fd53160794163db89b827c6c506a7d
routing_nominal_history,routing_nominal_history:seed96100001:epoch30,30,20,validation,96300003,u_0.60,0.6,1683078700.3859649,0.4390161725067385,1531.0,0.09783368273934312,800405b9f74aaa90d90ba641e3d644c477fd53160794163db89b827c6c506a7d
routing_nominal_history,routing_nominal_history:seed96100001:epoch30,30,20,validation,96300003,u_0.70,0.7,1680892566.8170774,0.4413746630727763,1527.0,0.09791666666666667,800405b9f74aaa90d90ba641e3d644c477fd53160794163db89b827c6c506a7d
routing_nominal_history,routing_nominal_history:seed96100001:epoch30,30,20,validation,96300003,u_0.80,0.8,1671379080.2967324,0.4467654986522911,1512.0,0.0957960027567195,800405b9f74aaa90d90ba641e3d644c477fd53160794163db89b827c6c506a7d
routing_nominal_history,routing_nominal_history:seed96100001:epoch30,30,20,validation,96300003,u_0.90,0.9,1665993901.0994267,0.4508086253369272,1502.0,0.09190672153635117,800405b9f74aaa90d90ba641e3d644c477fd53160794163db89b827c6c506a7d
routing_nominal_history,routing_nominal_history:seed96100001:epoch30,30,20,validation,96300003,u_1.00,1.0,1672122487.0189984,0.4511455525606469,1505.0,0.0944558521560575,800405b9f74aaa90d90ba641e3d644c477fd53160794163db89b827c6c506a7d
routing_nominal_history,routing_nominal_history:seed96100001:epoch30,30,20,validation,96300004,anchor,-1.0,1348273763.3491042,0.4956590370955012,1228.0,0.0867009551800147,800405b9f74aaa90d90ba641e3d644c477fd53160794163db89b827c6c506a7d
routing_nominal_history,routing_nominal_history:seed96100001:epoch30,30,20,validation,96300004,u_0.00,0.0,1348273763.3491042,0.4956590370955012,1228.0,0.0867009551800147,800405b9f74aaa90d90ba641e3d644c477fd53160794163db89b827c6c506a7d
routing_nominal_history,routing_nominal_history:seed96100001:epoch30,30,20,validation,96300004,u_0.10,0.1,1341945486.8626602,0.5,1222.0,0.08467153284671533,800405b9f74aaa90d90ba641e3d644c477fd53160794163db89b827c6c506a7d
routing_nominal_history,routing_nominal_history:seed96100001:epoch30,30,20,validation,96300004,u_0.20,0.2,1334857400.3141057,0.5043409629044988,1214.0,0.08405797101449275,800405b9f74aaa90d90ba641e3d644c477fd53160794163db89b827c6c506a7d
routing_nominal_history,routing_nominal_history:seed96100001:epoch30,30,20,validation,96300004,u_0.30,0.3,1332227848.1805453,0.5078926598263614,1209.0,0.08548850574712644,800405b9f74aaa90d90ba641e3d644c477fd53160794163db89b827c6c506a7d
routing_nominal_history,routing_nominal_history:seed96100001:epoch30,30,20,validation,96300004,u_0.40,0.4,1324873513.3470628,0.5126282557221784,1199.0,0.08540925266903915,800405b9f74aaa90d90ba641e3d644c477fd53160794163db89b827c6c506a7d
routing_nominal_history,routing_nominal_history:seed96100001:epoch30,30,20,validation,96300004,u_0.50,0.5,1313981880.827943,0.5197316495659037,1183.0,0.08039492242595205,800405b9f74aaa90d90ba641e3d644c477fd53160794163db89b827c6c506a7d
routing_nominal_history,routing_nominal_history:seed96100001:epoch30,30,20,validation,96300004,u_0.60,0.6,1308122522.027195,0.5232833464877664,1174.0,0.07924263674614306,800405b9f74aaa90d90ba641e3d644c477fd53160794163db89b827c6c506a7d
routing_nominal_history,routing_nominal_history:seed96100001:epoch30,30,20,validation,96300004,u_0.70,0.7,1306783297.01279,0.5256511444356748,1169.0,0.07896575821104122,800405b9f74aaa90d90ba641e3d644c477fd53160794163db89b827c6c506a7d
routing_nominal_history,routing_nominal_history:seed96100001:epoch30,30,20,validation,96300004,u_0.80,0.8,1299455429.2269666,0.5307813733228098,1157.0,0.07830907830907831,800405b9f74aaa90d90ba641e3d644c477fd53160794163db89b827c6c506a7d
routing_nominal_history,routing_nominal_history:seed96100001:epoch30,30,20,validation,96300004,u_0.90,0.9,1297095993.1277206,0.5331491712707183,1151.0,0.07862068965517241,800405b9f74aaa90d90ba641e3d644c477fd53160794163db89b827c6c506a7d
routing_nominal_history,routing_nominal_history:seed96100001:epoch30,30,20,validation,96300004,u_1.00,1.0,1297846213.1219122,0.5347277032359905,1147.0,0.07845836200963524,800405b9f74aaa90d90ba641e3d644c477fd53160794163db89b827c6c506a7d
routing_nominal_history,routing_nominal_history:seed96100001:epoch55,55,20,discovery,96200000,anchor,-1.0,73163358.07552473,0.6857142857142857,81.0,0.08620689655172414,800405b9f74aaa90d90ba641e3d644c477fd53160794163db89b827c6c506a7d
routing_nominal_history,routing_nominal_history:seed96100001:epoch55,55,20,discovery,96200000,u_0.00,0.0,73128358.07917756,0.6857142857142857,81.0,0.08771929824561403,800405b9f74aaa90d90ba641e3d644c477fd53160794163db89b827c6c506a7d
routing_nominal_history,routing_nominal_history:seed96100001:epoch55,55,20,discovery,96200000,u_0.10,0.1,72781057.21161821,0.6857142857142857,80.0,0.07575757575757576,800405b9f74aaa90d90ba641e3d644c477fd53160794163db89b827c6c506a7d
routing_nominal_history,routing_nominal_history:seed96100001:epoch55,55,20,discovery,96200000,u_0.20,0.2,73035401.19406159,0.6857142857142857,80.0,0.06578947368421052,800405b9f74aaa90d90ba641e3d644c477fd53160794163db89b827c6c506a7d
routing_nominal_history,routing_nominal_history:seed96100001:epoch55,55,20,discovery,96200000,u_0.30,0.3,70642897.76739319,0.6857142857142857,75.0,0.054945054945054944,800405b9f74aaa90d90ba641e3d644c477fd53160794163db89b827c6c506a7d
routing_nominal_history,routing_nominal_history:seed96100001:epoch55,55,20,discovery,96200000,u_0.40,0.4,69753794.17738552,0.6857142857142857,72.0,0.04716981132075472,800405b9f74aaa90d90ba641e3d644c477fd53160794163db89b827c6c506a7d
routing_nominal_history,routing_nominal_history:seed96100001:epoch55,55,20,discovery,96200000,u_0.50,0.5,68794117.80277531,0.6857142857142857,68.0,0.04201680672268908,800405b9f74aaa90d90ba641e3d644c477fd53160794163db89b827c6c506a7d
routing_nominal_history,routing_nominal_history:seed96100001:epoch55,55,20,discovery,96200000,u_0.60,0.6,70764450.63945183,0.6857142857142857,68.0,0.03968253968253968,800405b9f74aaa90d90ba641e3d644c477fd53160794163db89b827c6c506a7d
routing_nominal_history,routing_nominal_history:seed96100001:epoch55,55,20,discovery,96200000,u_0.70,0.7,73038229.8874151,0.6857142857142857,68.0,0.03731343283582089,800405b9f74aaa90d90ba641e3d644c477fd53160794163db89b827c6c506a7d
routing_nominal_history,routing_nominal_history:seed96100001:epoch55,55,20,discovery,96200000,u_0.80,0.8,74415228.78648141,0.6857142857142857,66.0,0.034482758620689655,800405b9f74aaa90d90ba641e3d644c477fd53160794163db89b827c6c506a7d
routing_nominal_history,routing_nominal_history:seed96100001:epoch55,55,20,discovery,96200000,u_0.90,0.9,77072428.71720183,0.6857142857142857,65.0,0.03333333333333333,800405b9f74aaa90d90ba641e3d644c477fd53160794163db89b827c6c506a7d
routing_nominal_history,routing_nominal_history:seed96100001:epoch55,55,20,discovery,96200000,u_1.00,1.0,77406512.20277531,0.6857142857142857,60.0,0.03067484662576687,800405b9f74aaa90d90ba641e3d644c477fd53160794163db89b827c6c506a7d
routing_nominal_history,routing_nominal_history:seed96100001:epoch55,55,20,discovery,96200001,anchor,-1.0,73163358.07552473,0.6857142857142857,81.0,0.08620689655172414,800405b9f74aaa90d90ba641e3d644c477fd53160794163db89b827c6c506a7d
routing_nominal_history,routing_nominal_history:seed96100001:epoch55,55,20,discovery,96200001,u_0.00,0.0,73128358.07917756,0.6857142857142857,81.0,0.08771929824561403,800405b9f74aaa90d90ba641e3d644c477fd53160794163db89b827c6c506a7d
routing_nominal_history,routing_nominal_history:seed96100001:epoch55,55,20,discovery,96200001,u_0.10,0.1,72781057.21161821,0.6857142857142857,80.0,0.07575757575757576,800405b9f74aaa90d90ba641e3d644c477fd53160794163db89b827c6c506a7d
routing_nominal_history,routing_nominal_history:seed96100001:epoch55,55,20,discovery,96200001,u_0.20,0.2,73035401.19406159,0.6857142857142857,80.0,0.06578947368421052,800405b9f74aaa90d90ba641e3d644c477fd53160794163db89b827c6c506a7d
routing_nominal_history,routing_nominal_history:seed96100001:epoch55,55,20,discovery,96200001,u_0.30,0.3,70642897.76739319,0.6857142857142857,75.0,0.054945054945054944,800405b9f74aaa90d90ba641e3d644c477fd53160794163db89b827c6c506a7d
routing_nominal_history,routing_nominal_history:seed96100001:epoch55,55,20,discovery,96200001,u_0.40,0.4,69753794.17738552,0.6857142857142857,72.0,0.04716981132075472,800405b9f74aaa90d90ba641e3d644c477fd53160794163db89b827c6c506a7d
routing_nominal_history,routing_nominal_history:seed96100001:epoch55,55,20,discovery,96200001,u_0.50,0.5,68794117.80277531,0.6857142857142857,68.0,0.04201680672268908,800405b9f74aaa90d90ba641e3d644c477fd53160794163db89b827c6c506a7d
routing_nominal_history,routing_nominal_history:seed96100001:epoch55,55,20,discovery,96200001,u_0.60,0.6,70764450.63945183,0.6857142857142857,68.0,0.03968253968253968,800405b9f74aaa90d90ba641e3d644c477fd53160794163db89b827c6c506a7d
routing_nominal_history,routing_nominal_history:seed96100001:epoch55,55,20,discovery,96200001,u_0.70,0.7,73038229.8874151,0.6857142857142857,68.0,0.03731343283582089,800405b9f74aaa90d90ba641e3d644c477fd53160794163db89b827c6c506a7d
routing_nominal_history,routing_nominal_history:seed96100001:epoch55,55,20,discovery,96200001,u_0.80,0.8,74415228.78648141,0.6857142857142857,66.0,0.034482758620689655,800405b9f74aaa90d90ba641e3d644c477fd53160794163db89b827c6c506a7d
routing_nominal_history,routing_nominal_history:seed96100001:epoch55,55,20,discovery,96200001,u_0.90,0.9,77072428.71720183,0.6857142857142857,65.0,0.03333333333333333,800405b9f74aaa90d90ba641e3d644c477fd53160794163db89b827c6c506a7d
routing_nominal_history,routing_nominal_history:seed96100001:epoch55,55,20,discovery,96200001,u_1.00,1.0,77406512.20277531,0.6857142857142857,60.0,0.03067484662576687,800405b9f74aaa90d90ba641e3d644c477fd53160794163db89b827c6c506a7d
routing_nominal_history,routing_nominal_history:seed96100001:epoch55,55,20,discovery,96200002,anchor,-1.0,73163358.07552473,0.6857142857142857,81.0,0.08620689655172414,800405b9f74aaa90d90ba641e3d644c477fd53160794163db89b827c6c506a7d
routing_nominal_history,routing_nominal_history:seed96100001:epoch55,55,20,discovery,96200002,u_0.00,0.0,73128358.07917756,0.6857142857142857,81.0,0.08771929824561403,800405b9f74aaa90d90ba641e3d644c477fd53160794163db89b827c6c506a7d
routing_nominal_history,routing_nominal_history:seed96100001:epoch55,55,20,discovery,96200002,u_0.10,0.1,72781057.21161821,0.6857142857142857,80.0,0.07575757575757576,800405b9f74aaa90d90ba641e3d644c477fd53160794163db89b827c6c506a7d
routing_nominal_history,routing_nominal_history:seed96100001:epoch55,55,20,discovery,96200002,u_0.20,0.2,73035401.19406159,0.6857142857142857,80.0,0.06578947368421052,800405b9f74aaa90d90ba641e3d644c477fd53160794163db89b827c6c506a7d
routing_nominal_history,routing_nominal_history:seed96100001:epoch55,55,20,discovery,96200002,u_0.30,0.3,70642897.76739319,0.6857142857142857,75.0,0.054945054945054944,800405b9f74aaa90d90ba641e3d644c477fd53160794163db89b827c6c506a7d
routing_nominal_history,routing_nominal_history:seed96100001:epoch55,55,20,discovery,96200002,u_0.40,0.4,69753794.17738552,0.6857142857142857,72.0,0.04716981132075472,800405b9f74aaa90d90ba641e3d644c477fd53160794163db89b827c6c506a7d
routing_nominal_history,routing_nominal_history:seed96100001:epoch55,55,20,discovery,96200002,u_0.50,0.5,68794117.80277531,0.6857142857142857,68.0,0.04201680672268908,800405b9f74aaa90d90ba641e3d644c477fd53160794163db89b827c6c506a7d
routing_nominal_history,routing_nominal_history:seed96100001:epoch55,55,20,discovery,96200002,u_0.60,0.6,70764450.63945183,0.6857142857142857,68.0,0.03968253968253968,800405b9f74aaa90d90ba641e3d644c477fd53160794163db89b827c6c506a7d
routing_nominal_history,routing_nominal_history:seed96100001:epoch55,55,20,discovery,96200002,u_0.70,0.7,73038229.8874151,0.6857142857142857,68.0,0.03731343283582089,800405b9f74aaa90d90ba641e3d644c477fd53160794163db89b827c6c506a7d
routing_nominal_history,routing_nominal_history:seed96100001:epoch55,55,20,discovery,96200002,u_0.80,0.8,74415228.78648141,0.6857142857142857,66.0,0.034482758620689655,800405b9f74aaa90d90ba641e3d644c477fd53160794163db89b827c6c506a7d
routing_nominal_history,routing_nominal_history:seed96100001:epoch55,55,20,discovery,96200002,u_0.90,0.9,77072428.71720183,0.6857142857142857,65.0,0.03333333333333333,800405b9f74aaa90d90ba641e3d644c477fd53160794163db89b827c6c506a7d
routing_nominal_history,routing_nominal_history:seed96100001:epoch55,55,20,discovery,96200002,u_1.00,1.0,77406512.20277531,0.6857142857142857,60.0,0.03067484662576687,800405b9f74aaa90d90ba641e3d644c477fd53160794163db89b827c6c506a7d
routing_nominal_history,routing_nominal_history:seed96100001:epoch55,55,20,validation,96300000,anchor,-1.0,73163358.07552473,0.6857142857142857,81.0,0.08620689655172414,800405b9f74aaa90d90ba641e3d644c477fd53160794163db89b827c6c506a7d
routing_nominal_history,routing_nominal_history:seed96100001:epoch55,55,20,validation,96300000,u_0.00,0.0,73128358.07917756,0.6857142857142857,81.0,0.08771929824561403,800405b9f74aaa90d90ba641e3d644c477fd53160794163db89b827c6c506a7d
routing_nominal_history,routing_nominal_history:seed96100001:epoch55,55,20,validation,96300000,u_0.10,0.1,72781057.21161821,0.6857142857142857,80.0,0.07575757575757576,800405b9f74aaa90d90ba641e3d644c477fd53160794163db89b827c6c506a7d
routing_nominal_history,routing_nominal_history:seed96100001:epoch55,55,20,validation,96300000,u_0.20,0.2,73035401.19406159,0.6857142857142857,80.0,0.06578947368421052,800405b9f74aaa90d90ba641e3d644c477fd53160794163db89b827c6c506a7d
routing_nominal_history,routing_nominal_history:seed96100001:epoch55,55,20,validation,96300000,u_0.30,0.3,70642897.76739319,0.6857142857142857,75.0,0.054945054945054944,800405b9f74aaa90d90ba641e3d644c477fd53160794163db89b827c6c506a7d
routing_nominal_history,routing_nominal_history:seed96100001:epoch55,55,20,validation,96300000,u_0.40,0.4,69753794.17738552,0.6857142857142857,72.0,0.04716981132075472,800405b9f74aaa90d90ba641e3d644c477fd53160794163db89b827c6c506a7d
routing_nominal_history,routing_nominal_history:seed96100001:epoch55,55,20,validation,96300000,u_0.50,0.5,68794117.80277531,0.6857142857142857,68.0,0.04201680672268908,800405b9f74aaa90d90ba641e3d644c477fd53160794163db89b827c6c506a7d
routing_nominal_history,routing_nominal_history:seed96100001:epoch55,55,20,validation,96300000,u_0.60,0.6,70764450.63945183,0.6857142857142857,68.0,0.03968253968253968,800405b9f74aaa90d90ba641e3d644c477fd53160794163db89b827c6c506a7d
routing_nominal_history,routing_nominal_history:seed96100001:epoch55,55,20,validation,96300000,u_0.70,0.7,73038229.8874151,0.6857142857142857,68.0,0.03731343283582089,800405b9f74aaa90d90ba641e3d644c477fd53160794163db89b827c6c506a7d
routing_nominal_history,routing_nominal_history:seed96100001:epoch55,55,20,validation,96300000,u_0.80,0.8,74415228.78648141,0.6857142857142857,66.0,0.034482758620689655,800405b9f74aaa90d90ba641e3d644c477fd53160794163db89b827c6c506a7d
routing_nominal_history,routing_nominal_history:seed96100001:epoch55,55,20,validation,96300000,u_0.90,0.9,77072428.71720183,0.6857142857142857,65.0,0.03333333333333333,800405b9f74aaa90d90ba641e3d644c477fd53160794163db89b827c6c506a7d
routing_nominal_history,routing_nominal_history:seed96100001:epoch55,55,20,validation,96300000,u_1.00,1.0,77406512.20277531,0.6857142857142857,60.0,0.03067484662576687,800405b9f74aaa90d90ba641e3d644c477fd53160794163db89b827c6c506a7d
routing_nominal_history,routing_nominal_history:seed96100001:epoch55,55,20,validation,96300001,anchor,-1.0,73163358.07552473,0.6857142857142857,81.0,0.08620689655172414,800405b9f74aaa90d90ba641e3d644c477fd53160794163db89b827c6c506a7d
routing_nominal_history,routing_nominal_history:seed96100001:epoch55,55,20,validation,96300001,u_0.00,0.0,73128358.07917756,0.6857142857142857,81.0,0.08771929824561403,800405b9f74aaa90d90ba641e3d644c477fd53160794163db89b827c6c506a7d
routing_nominal_history,routing_nominal_history:seed96100001:epoch55,55,20,validation,96300001,u_0.10,0.1,72781057.21161821,0.6857142857142857,80.0,0.07575757575757576,800405b9f74aaa90d90ba641e3d644c477fd53160794163db89b827c6c506a7d
routing_nominal_history,routing_nominal_history:seed96100001:epoch55,55,20,validation,96300001,u_0.20,0.2,73035401.19406159,0.6857142857142857,80.0,0.06578947368421052,800405b9f74aaa90d90ba641e3d644c477fd53160794163db89b827c6c506a7d
routing_nominal_history,routing_nominal_history:seed96100001:epoch55,55,20,validation,96300001,u_0.30,0.3,70642897.76739319,0.6857142857142857,75.0,0.054945054945054944,800405b9f74aaa90d90ba641e3d644c477fd53160794163db89b827c6c506a7d
routing_nominal_history,routing_nominal_history:seed96100001:epoch55,55,20,validation,96300001,u_0.40,0.4,69753794.17738552,0.6857142857142857,72.0,0.04716981132075472,800405b9f74aaa90d90ba641e3d644c477fd53160794163db89b827c6c506a7d
routing_nominal_history,routing_nominal_history:seed96100001:epoch55,55,20,validation,96300001,u_0.50,0.5,68794117.80277531,0.6857142857142857,68.0,0.04201680672268908,800405b9f74aaa90d90ba641e3d644c477fd53160794163db89b827c6c506a7d
routing_nominal_history,routing_nominal_history:seed96100001:epoch55,55,20,validation,96300001,u_0.60,0.6,70764450.63945183,0.6857142857142857,68.0,0.03968253968253968,800405b9f74aaa90d90ba641e3d644c477fd53160794163db89b827c6c506a7d
routing_nominal_history,routing_nominal_history:seed96100001:epoch55,55,20,validation,96300001,u_0.70,0.7,73038229.8874151,0.6857142857142857,68.0,0.03731343283582089,800405b9f74aaa90d90ba641e3d644c477fd53160794163db89b827c6c506a7d
routing_nominal_history,routing_nominal_history:seed96100001:epoch55,55,20,validation,96300001,u_0.80,0.8,74415228.78648141,0.6857142857142857,66.0,0.034482758620689655,800405b9f74aaa90d90ba641e3d644c477fd53160794163db89b827c6c506a7d
routing_nominal_history,routing_nominal_history:seed96100001:epoch55,55,20,validation,96300001,u_0.90,0.9,77072428.71720183,0.6857142857142857,65.0,0.03333333333333333,800405b9f74aaa90d90ba641e3d644c477fd53160794163db89b827c6c506a7d
routing_nominal_history,routing_nominal_history:seed96100001:epoch55,55,20,validation,96300001,u_1.00,1.0,77406512.20277531,0.6857142857142857,60.0,0.03067484662576687,800405b9f74aaa90d90ba641e3d644c477fd53160794163db89b827c6c506a7d
routing_nominal_history,routing_nominal_history:seed96100001:epoch55,55,20,validation,96300002,anchor,-1.0,73163358.07552473,0.6857142857142857,81.0,0.08620689655172414,800405b9f74aaa90d90ba641e3d644c477fd53160794163db89b827c6c506a7d
routing_nominal_history,routing_nominal_history:seed96100001:epoch55,55,20,validation,96300002,u_0.00,0.0,73128358.07917756,0.6857142857142857,81.0,0.08771929824561403,800405b9f74aaa90d90ba641e3d644c477fd53160794163db89b827c6c506a7d
routing_nominal_history,routing_nominal_history:seed96100001:epoch55,55,20,validation,96300002,u_0.10,0.1,72781057.21161821,0.6857142857142857,80.0,0.07575757575757576,800405b9f74aaa90d90ba641e3d644c477fd53160794163db89b827c6c506a7d
routing_nominal_history,routing_nominal_history:seed96100001:epoch55,55,20,validation,96300002,u_0.20,0.2,73035401.19406159,0.6857142857142857,80.0,0.06578947368421052,800405b9f74aaa90d90ba641e3d644c477fd53160794163db89b827c6c506a7d
routing_nominal_history,routing_nominal_history:seed96100001:epoch55,55,20,validation,96300002,u_0.30,0.3,70642897.76739319,0.6857142857142857,75.0,0.054945054945054944,800405b9f74aaa90d90ba641e3d644c477fd53160794163db89b827c6c506a7d
routing_nominal_history,routing_nominal_history:seed96100001:epoch55,55,20,validation,96300002,u_0.40,0.4,69753794.17738552,0.6857142857142857,72.0,0.04716981132075472,800405b9f74aaa90d90ba641e3d644c477fd53160794163db89b827c6c506a7d
routing_nominal_history,routing_nominal_history:seed96100001:epoch55,55,20,validation,96300002,u_0.50,0.5,68794117.80277531,0.6857142857142857,68.0,0.04201680672268908,800405b9f74aaa90d90ba641e3d644c477fd53160794163db89b827c6c506a7d
routing_nominal_history,routing_nominal_history:seed96100001:epoch55,55,20,validation,96300002,u_0.60,0.6,70764450.63945183,0.6857142857142857,68.0,0.03968253968253968,800405b9f74aaa90d90ba641e3d644c477fd53160794163db89b827c6c506a7d
routing_nominal_history,routing_nominal_history:seed96100001:epoch55,55,20,validation,96300002,u_0.70,0.7,73038229.8874151,0.6857142857142857,68.0,0.03731343283582089,800405b9f74aaa90d90ba641e3d644c477fd53160794163db89b827c6c506a7d
routing_nominal_history,routing_nominal_history:seed96100001:epoch55,55,20,validation,96300002,u_0.80,0.8,74415228.78648141,0.6857142857142857,66.0,0.034482758620689655,800405b9f74aaa90d90ba641e3d644c477fd53160794163db89b827c6c506a7d
routing_nominal_history,routing_nominal_history:seed96100001:epoch55,55,20,validation,96300002,u_0.90,0.9,77072428.71720183,0.6857142857142857,65.0,0.03333333333333333,800405b9f74aaa90d90ba641e3d644c477fd53160794163db89b827c6c506a7d
routing_nominal_history,routing_nominal_history:seed96100001:epoch55,55,20,validation,96300002,u_1.00,1.0,77406512.20277531,0.6857142857142857,60.0,0.03067484662576687,800405b9f74aaa90d90ba641e3d644c477fd53160794163db89b827c6c506a7d
routing_nominal_history,routing_nominal_history:seed96100001:epoch55,55,20,validation,96300003,anchor,-1.0,73163358.07552473,0.6857142857142857,81.0,0.08620689655172414,800405b9f74aaa90d90ba641e3d644c477fd53160794163db89b827c6c506a7d
routing_nominal_history,routing_nominal_history:seed96100001:epoch55,55,20,validation,96300003,u_0.00,0.0,73128358.07917756,0.6857142857142857,81.0,0.08771929824561403,800405b9f74aaa90d90ba641e3d644c477fd53160794163db89b827c6c506a7d
routing_nominal_history,routing_nominal_history:seed96100001:epoch55,55,20,validation,96300003,u_0.10,0.1,72781057.21161821,0.6857142857142857,80.0,0.07575757575757576,800405b9f74aaa90d90ba641e3d644c477fd53160794163db89b827c6c506a7d
routing_nominal_history,routing_nominal_history:seed96100001:epoch55,55,20,validation,96300003,u_0.20,0.2,73035401.19406159,0.6857142857142857,80.0,0.06578947368421052,800405b9f74aaa90d90ba641e3d644c477fd53160794163db89b827c6c506a7d
routing_nominal_history,routing_nominal_history:seed96100001:epoch55,55,20,validation,96300003,u_0.30,0.3,70642897.76739319,0.6857142857142857,75.0,0.054945054945054944,800405b9f74aaa90d90ba641e3d644c477fd53160794163db89b827c6c506a7d
routing_nominal_history,routing_nominal_history:seed96100001:epoch55,55,20,validation,96300003,u_0.40,0.4,69753794.17738552,0.6857142857142857,72.0,0.04716981132075472,800405b9f74aaa90d90ba641e3d644c477fd53160794163db89b827c6c506a7d
routing_nominal_history,routing_nominal_history:seed96100001:epoch55,55,20,validation,96300003,u_0.50,0.5,68794117.80277531,0.6857142857142857,68.0,0.04201680672268908,800405b9f74aaa90d90ba641e3d644c477fd53160794163db89b827c6c506a7d
routing_nominal_history,routing_nominal_history:seed96100001:epoch55,55,20,validation,96300003,u_0.60,0.6,70764450.63945183,0.6857142857142857,68.0,0.03968253968253968,800405b9f74aaa90d90ba641e3d644c477fd53160794163db89b827c6c506a7d
routing_nominal_history,routing_nominal_history:seed96100001:epoch55,55,20,validation,96300003,u_0.70,0.7,73038229.8874151,0.6857142857142857,68.0,0.03731343283582089,800405b9f74aaa90d90ba641e3d644c477fd53160794163db89b827c6c506a7d
routing_nominal_history,routing_nominal_history:seed96100001:epoch55,55,20,validation,96300003,u_0.80,0.8,74415228.78648141,0.6857142857142857,66.0,0.034482758620689655,800405b9f74aaa90d90ba641e3d644c477fd53160794163db89b827c6c506a7d
routing_nominal_history,routing_nominal_history:seed96100001:epoch55,55,20,validation,96300003,u_0.90,0.9,77072428.71720183,0.6857142857142857,65.0,0.03333333333333333,800405b9f74aaa90d90ba641e3d644c477fd53160794163db89b827c6c506a7d
routing_nominal_history,routing_nominal_history:seed96100001:epoch55,55,20,validation,96300003,u_1.00,1.0,77406512.20277531,0.6857142857142857,60.0,0.03067484662576687,800405b9f74aaa90d90ba641e3d644c477fd53160794163db89b827c6c506a7d
routing_nominal_history,routing_nominal_history:seed96100001:epoch55,55,20,validation,96300004,anchor,-1.0,73163358.07552473,0.6857142857142857,81.0,0.08620689655172414,800405b9f74aaa90d90ba641e3d644c477fd53160794163db89b827c6c506a7d
routing_nominal_history,routing_nominal_history:seed96100001:epoch55,55,20,validation,96300004,u_0.00,0.0,73128358.07917756,0.6857142857142857,81.0,0.08771929824561403,800405b9f74aaa90d90ba641e3d644c477fd53160794163db89b827c6c506a7d
routing_nominal_history,routing_nominal_history:seed96100001:epoch55,55,20,validation,96300004,u_0.10,0.1,72781057.21161821,0.6857142857142857,80.0,0.07575757575757576,800405b9f74aaa90d90ba641e3d644c477fd53160794163db89b827c6c506a7d
routing_nominal_history,routing_nominal_history:seed96100001:epoch55,55,20,validation,96300004,u_0.20,0.2,73035401.19406159,0.6857142857142857,80.0,0.06578947368421052,800405b9f74aaa90d90ba641e3d644c477fd53160794163db89b827c6c506a7d
routing_nominal_history,routing_nominal_history:seed96100001:epoch55,55,20,validation,96300004,u_0.30,0.3,70642897.76739319,0.6857142857142857,75.0,0.054945054945054944,800405b9f74aaa90d90ba641e3d644c477fd53160794163db89b827c6c506a7d
routing_nominal_history,routing_nominal_history:seed96100001:epoch55,55,20,validation,96300004,u_0.40,0.4,69753794.17738552,0.6857142857142857,72.0,0.04716981132075472,800405b9f74aaa90d90ba641e3d644c477fd53160794163db89b827c6c506a7d
routing_nominal_history,routing_nominal_history:seed96100001:epoch55,55,20,validation,96300004,u_0.50,0.5,68794117.80277531,0.6857142857142857,68.0,0.04201680672268908,800405b9f74aaa90d90ba641e3d644c477fd53160794163db89b827c6c506a7d
routing_nominal_history,routing_nominal_history:seed96100001:epoch55,55,20,validation,96300004,u_0.60,0.6,70764450.63945183,0.6857142857142857,68.0,0.03968253968253968,800405b9f74aaa90d90ba641e3d644c477fd53160794163db89b827c6c506a7d
routing_nominal_history,routing_nominal_history:seed96100001:epoch55,55,20,validation,96300004,u_0.70,0.7,73038229.8874151,0.6857142857142857,68.0,0.03731343283582089,800405b9f74aaa90d90ba641e3d644c477fd53160794163db89b827c6c506a7d
routing_nominal_history,routing_nominal_history:seed96100001:epoch55,55,20,validation,96300004,u_0.80,0.8,74415228.78648141,0.6857142857142857,66.0,0.034482758620689655,800405b9f74aaa90d90ba641e3d644c477fd53160794163db89b827c6c506a7d
routing_nominal_history,routing_nominal_history:seed96100001:epoch55,55,20,validation,96300004,u_0.90,0.9,77072428.71720183,0.6857142857142857,65.0,0.03333333333333333,800405b9f74aaa90d90ba641e3d644c477fd53160794163db89b827c6c506a7d
routing_nominal_history,routing_nominal_history:seed96100001:epoch55,55,20,validation,96300004,u_1.00,1.0,77406512.20277531,0.6857142857142857,60.0,0.03067484662576687,800405b9f74aaa90d90ba641e3d644c477fd53160794163db89b827c6c506a7d
routing_nominal_history,routing_nominal_history:seed96100001:epoch80,80,19,discovery,96200000,anchor,-1.0,95252794.83256684,0.42,97.0,0.1282051282051282,800405b9f74aaa90d90ba641e3d644c477fd53160794163db89b827c6c506a7d
routing_nominal_history,routing_nominal_history:seed96100001:epoch80,80,19,discovery,96200000,u_0.00,0.0,95252794.83256684,0.42,97.0,0.1282051282051282,800405b9f74aaa90d90ba641e3d644c477fd53160794163db89b827c6c506a7d
routing_nominal_history,routing_nominal_history:seed96100001:epoch80,80,19,discovery,96200000,u_0.10,0.1,94328942.0674408,0.42,95.0,0.11494252873563218,800405b9f74aaa90d90ba641e3d644c477fd53160794163db89b827c6c506a7d
routing_nominal_history,routing_nominal_history:seed96100001:epoch80,80,19,discovery,96200000,u_0.20,0.2,94028783.69425297,0.42,94.0,0.10416666666666667,800405b9f74aaa90d90ba641e3d644c477fd53160794163db89b827c6c506a7d
routing_nominal_history,routing_nominal_history:seed96100001:epoch80,80,19,discovery,96200000,u_0.30,0.3,92153233.76225233,0.42,90.0,0.09090909090909091,800405b9f74aaa90d90ba641e3d644c477fd53160794163db89b827c6c506a7d
routing_nominal_history,routing_nominal_history:seed96100001:epoch80,80,19,discovery,96200000,u_0.40,0.4,91289637.77121577,0.42,87.0,0.08064516129032258,800405b9f74aaa90d90ba641e3d644c477fd53160794163db89b827c6c506a7d
routing_nominal_history,routing_nominal_history:seed96100001:epoch80,80,19,discovery,96200000,u_0.50,0.5,90165367.79473552,0.42,83.0,0.07246376811594203,800405b9f74aaa90d90ba641e3d644c477fd53160794163db89b827c6c506a7d
routing_nominal_history,routing_nominal_history:seed96100001:epoch80,80,19,discovery,96200000,u_0.60,0.6,91418028.72870088,0.42,82.0,0.06896551724137931,800405b9f74aaa90d90ba641e3d644c477fd53160794163db89b827c6c506a7d
routing_nominal_history,routing_nominal_history:seed96100001:epoch80,80,19,discovery,96200000,u_0.70,0.7,91307448.77311182,0.42,78.0,0.06493506493506493,800405b9f74aaa90d90ba641e3d644c477fd53160794163db89b827c6c506a7d
routing_nominal_history,routing_nominal_history:seed96100001:epoch80,80,19,discovery,96200000,u_0.80,0.8,92434894.05002308,0.42,76.0,0.060240963855421686,800405b9f74aaa90d90ba641e3d644c477fd53160794163db89b827c6c506a7d
routing_nominal_history,routing_nominal_history:seed96100001:epoch80,80,19,discovery,96200000,u_0.90,0.9,94739028.3932705,0.42,75.0,0.05813953488372093,800405b9f74aaa90d90ba641e3d644c477fd53160794163db89b827c6c506a7d
routing_nominal_history,routing_nominal_history:seed96100001:epoch80,80,19,discovery,96200000,u_1.00,1.0,95554388.99473554,0.42,71.0,0.0546448087431694,800405b9f74aaa90d90ba641e3d644c477fd53160794163db89b827c6c506a7d
routing_nominal_history,routing_nominal_history:seed96100001:epoch80,80,19,discovery,96200001,anchor,-1.0,95252794.83256684,0.42,97.0,0.1282051282051282,800405b9f74aaa90d90ba641e3d644c477fd53160794163db89b827c6c506a7d
routing_nominal_history,routing_nominal_history:seed96100001:epoch80,80,19,discovery,96200001,u_0.00,0.0,95252794.83256684,0.42,97.0,0.1282051282051282,800405b9f74aaa90d90ba641e3d644c477fd53160794163db89b827c6c506a7d
routing_nominal_history,routing_nominal_history:seed96100001:epoch80,80,19,discovery,96200001,u_0.10,0.1,94328942.0674408,0.42,95.0,0.11494252873563218,800405b9f74aaa90d90ba641e3d644c477fd53160794163db89b827c6c506a7d
routing_nominal_history,routing_nominal_history:seed96100001:epoch80,80,19,discovery,96200001,u_0.20,0.2,94028783.69425297,0.42,94.0,0.10416666666666667,800405b9f74aaa90d90ba641e3d644c477fd53160794163db89b827c6c506a7d
routing_nominal_history,routing_nominal_history:seed96100001:epoch80,80,19,discovery,96200001,u_0.30,0.3,92153233.76225233,0.42,90.0,0.09090909090909091,800405b9f74aaa90d90ba641e3d644c477fd53160794163db89b827c6c506a7d
routing_nominal_history,routing_nominal_history:seed96100001:epoch80,80,19,discovery,96200001,u_0.40,0.4,91289637.77121577,0.42,87.0,0.08064516129032258,800405b9f74aaa90d90ba641e3d644c477fd53160794163db89b827c6c506a7d
routing_nominal_history,routing_nominal_history:seed96100001:epoch80,80,19,discovery,96200001,u_0.50,0.5,90165367.79473552,0.42,83.0,0.07246376811594203,800405b9f74aaa90d90ba641e3d644c477fd53160794163db89b827c6c506a7d
routing_nominal_history,routing_nominal_history:seed96100001:epoch80,80,19,discovery,96200001,u_0.60,0.6,91418028.72870088,0.42,82.0,0.06896551724137931,800405b9f74aaa90d90ba641e3d644c477fd53160794163db89b827c6c506a7d
routing_nominal_history,routing_nominal_history:seed96100001:epoch80,80,19,discovery,96200001,u_0.70,0.7,91307448.77311182,0.42,78.0,0.06493506493506493,800405b9f74aaa90d90ba641e3d644c477fd53160794163db89b827c6c506a7d
routing_nominal_history,routing_nominal_history:seed96100001:epoch80,80,19,discovery,96200001,u_0.80,0.8,92434894.05002308,0.42,76.0,0.060240963855421686,800405b9f74aaa90d90ba641e3d644c477fd53160794163db89b827c6c506a7d
routing_nominal_history,routing_nominal_history:seed96100001:epoch80,80,19,discovery,96200001,u_0.90,0.9,94739028.3932705,0.42,75.0,0.05813953488372093,800405b9f74aaa90d90ba641e3d644c477fd53160794163db89b827c6c506a7d
routing_nominal_history,routing_nominal_history:seed96100001:epoch80,80,19,discovery,96200001,u_1.00,1.0,95554388.99473554,0.42,71.0,0.0546448087431694,800405b9f74aaa90d90ba641e3d644c477fd53160794163db89b827c6c506a7d
routing_nominal_history,routing_nominal_history:seed96100001:epoch80,80,19,discovery,96200002,anchor,-1.0,95252794.83256684,0.42,97.0,0.1282051282051282,800405b9f74aaa90d90ba641e3d644c477fd53160794163db89b827c6c506a7d
routing_nominal_history,routing_nominal_history:seed96100001:epoch80,80,19,discovery,96200002,u_0.00,0.0,95252794.83256684,0.42,97.0,0.1282051282051282,800405b9f74aaa90d90ba641e3d644c477fd53160794163db89b827c6c506a7d
routing_nominal_history,routing_nominal_history:seed96100001:epoch80,80,19,discovery,96200002,u_0.10,0.1,94328942.0674408,0.42,95.0,0.11494252873563218,800405b9f74aaa90d90ba641e3d644c477fd53160794163db89b827c6c506a7d
routing_nominal_history,routing_nominal_history:seed96100001:epoch80,80,19,discovery,96200002,u_0.20,0.2,94028783.69425297,0.42,94.0,0.10416666666666667,800405b9f74aaa90d90ba641e3d644c477fd53160794163db89b827c6c506a7d
routing_nominal_history,routing_nominal_history:seed96100001:epoch80,80,19,discovery,96200002,u_0.30,0.3,92153233.76225233,0.42,90.0,0.09090909090909091,800405b9f74aaa90d90ba641e3d644c477fd53160794163db89b827c6c506a7d
routing_nominal_history,routing_nominal_history:seed96100001:epoch80,80,19,discovery,96200002,u_0.40,0.4,91289637.77121577,0.42,87.0,0.08064516129032258,800405b9f74aaa90d90ba641e3d644c477fd53160794163db89b827c6c506a7d
routing_nominal_history,routing_nominal_history:seed96100001:epoch80,80,19,discovery,96200002,u_0.50,0.5,90165367.79473552,0.42,83.0,0.07246376811594203,800405b9f74aaa90d90ba641e3d644c477fd53160794163db89b827c6c506a7d
routing_nominal_history,routing_nominal_history:seed96100001:epoch80,80,19,discovery,96200002,u_0.60,0.6,91418028.72870088,0.42,82.0,0.06896551724137931,800405b9f74aaa90d90ba641e3d644c477fd53160794163db89b827c6c506a7d
routing_nominal_history,routing_nominal_history:seed96100001:epoch80,80,19,discovery,96200002,u_0.70,0.7,91307448.77311182,0.42,78.0,0.06493506493506493,800405b9f74aaa90d90ba641e3d644c477fd53160794163db89b827c6c506a7d
routing_nominal_history,routing_nominal_history:seed96100001:epoch80,80,19,discovery,96200002,u_0.80,0.8,92434894.05002308,0.42,76.0,0.060240963855421686,800405b9f74aaa90d90ba641e3d644c477fd53160794163db89b827c6c506a7d
routing_nominal_history,routing_nominal_history:seed96100001:epoch80,80,19,discovery,96200002,u_0.90,0.9,94739028.3932705,0.42,75.0,0.05813953488372093,800405b9f74aaa90d90ba641e3d644c477fd53160794163db89b827c6c506a7d
routing_nominal_history,routing_nominal_history:seed96100001:epoch80,80,19,discovery,96200002,u_1.00,1.0,95554388.99473554,0.42,71.0,0.0546448087431694,800405b9f74aaa90d90ba641e3d644c477fd53160794163db89b827c6c506a7d
routing_nominal_history,routing_nominal_history:seed96100001:epoch80,80,19,validation,96300000,anchor,-1.0,95252794.83256684,0.42,97.0,0.1282051282051282,800405b9f74aaa90d90ba641e3d644c477fd53160794163db89b827c6c506a7d
routing_nominal_history,routing_nominal_history:seed96100001:epoch80,80,19,validation,96300000,u_0.00,0.0,95252794.83256684,0.42,97.0,0.1282051282051282,800405b9f74aaa90d90ba641e3d644c477fd53160794163db89b827c6c506a7d
routing_nominal_history,routing_nominal_history:seed96100001:epoch80,80,19,validation,96300000,u_0.10,0.1,94328942.0674408,0.42,95.0,0.11494252873563218,800405b9f74aaa90d90ba641e3d644c477fd53160794163db89b827c6c506a7d
routing_nominal_history,routing_nominal_history:seed96100001:epoch80,80,19,validation,96300000,u_0.20,0.2,94028783.69425297,0.42,94.0,0.10416666666666667,800405b9f74aaa90d90ba641e3d644c477fd53160794163db89b827c6c506a7d
routing_nominal_history,routing_nominal_history:seed96100001:epoch80,80,19,validation,96300000,u_0.30,0.3,92153233.76225233,0.42,90.0,0.09090909090909091,800405b9f74aaa90d90ba641e3d644c477fd53160794163db89b827c6c506a7d
routing_nominal_history,routing_nominal_history:seed96100001:epoch80,80,19,validation,96300000,u_0.40,0.4,91289637.77121577,0.42,87.0,0.08064516129032258,800405b9f74aaa90d90ba641e3d644c477fd53160794163db89b827c6c506a7d
routing_nominal_history,routing_nominal_history:seed96100001:epoch80,80,19,validation,96300000,u_0.50,0.5,90165367.79473552,0.42,83.0,0.07246376811594203,800405b9f74aaa90d90ba641e3d644c477fd53160794163db89b827c6c506a7d
routing_nominal_history,routing_nominal_history:seed96100001:epoch80,80,19,validation,96300000,u_0.60,0.6,91418028.72870088,0.42,82.0,0.06896551724137931,800405b9f74aaa90d90ba641e3d644c477fd53160794163db89b827c6c506a7d
routing_nominal_history,routing_nominal_history:seed96100001:epoch80,80,19,validation,96300000,u_0.70,0.7,91307448.77311182,0.42,78.0,0.06493506493506493,800405b9f74aaa90d90ba641e3d644c477fd53160794163db89b827c6c506a7d
routing_nominal_history,routing_nominal_history:seed96100001:epoch80,80,19,validation,96300000,u_0.80,0.8,92434894.05002308,0.42,76.0,0.060240963855421686,800405b9f74aaa90d90ba641e3d644c477fd53160794163db89b827c6c506a7d
routing_nominal_history,routing_nominal_history:seed96100001:epoch80,80,19,validation,96300000,u_0.90,0.9,94739028.3932705,0.42,75.0,0.05813953488372093,800405b9f74aaa90d90ba641e3d644c477fd53160794163db89b827c6c506a7d
routing_nominal_history,routing_nominal_history:seed96100001:epoch80,80,19,validation,96300000,u_1.00,1.0,95554388.99473554,0.42,71.0,0.0546448087431694,800405b9f74aaa90d90ba641e3d644c477fd53160794163db89b827c6c506a7d
routing_nominal_history,routing_nominal_history:seed96100001:epoch80,80,19,validation,96300001,anchor,-1.0,95252794.83256684,0.42,97.0,0.1282051282051282,800405b9f74aaa90d90ba641e3d644c477fd53160794163db89b827c6c506a7d
routing_nominal_history,routing_nominal_history:seed96100001:epoch80,80,19,validation,96300001,u_0.00,0.0,95252794.83256684,0.42,97.0,0.1282051282051282,800405b9f74aaa90d90ba641e3d644c477fd53160794163db89b827c6c506a7d
routing_nominal_history,routing_nominal_history:seed96100001:epoch80,80,19,validation,96300001,u_0.10,0.1,94328942.0674408,0.42,95.0,0.11494252873563218,800405b9f74aaa90d90ba641e3d644c477fd53160794163db89b827c6c506a7d
routing_nominal_history,routing_nominal_history:seed96100001:epoch80,80,19,validation,96300001,u_0.20,0.2,94028783.69425297,0.42,94.0,0.10416666666666667,800405b9f74aaa90d90ba641e3d644c477fd53160794163db89b827c6c506a7d
routing_nominal_history,routing_nominal_history:seed96100001:epoch80,80,19,validation,96300001,u_0.30,0.3,92153233.76225233,0.42,90.0,0.09090909090909091,800405b9f74aaa90d90ba641e3d644c477fd53160794163db89b827c6c506a7d
routing_nominal_history,routing_nominal_history:seed96100001:epoch80,80,19,validation,96300001,u_0.40,0.4,91289637.77121577,0.42,87.0,0.08064516129032258,800405b9f74aaa90d90ba641e3d644c477fd53160794163db89b827c6c506a7d
routing_nominal_history,routing_nominal_history:seed96100001:epoch80,80,19,validation,96300001,u_0.50,0.5,90165367.79473552,0.42,83.0,0.07246376811594203,800405b9f74aaa90d90ba641e3d644c477fd53160794163db89b827c6c506a7d
routing_nominal_history,routing_nominal_history:seed96100001:epoch80,80,19,validation,96300001,u_0.60,0.6,91418028.72870088,0.42,82.0,0.06896551724137931,800405b9f74aaa90d90ba641e3d644c477fd53160794163db89b827c6c506a7d
routing_nominal_history,routing_nominal_history:seed96100001:epoch80,80,19,validation,96300001,u_0.70,0.7,91307448.77311182,0.42,78.0,0.06493506493506493,800405b9f74aaa90d90ba641e3d644c477fd53160794163db89b827c6c506a7d
routing_nominal_history,routing_nominal_history:seed96100001:epoch80,80,19,validation,96300001,u_0.80,0.8,92434894.05002308,0.42,76.0,0.060240963855421686,800405b9f74aaa90d90ba641e3d644c477fd53160794163db89b827c6c506a7d
routing_nominal_history,routing_nominal_history:seed96100001:epoch80,80,19,validation,96300001,u_0.90,0.9,94739028.3932705,0.42,75.0,0.05813953488372093,800405b9f74aaa90d90ba641e3d644c477fd53160794163db89b827c6c506a7d
routing_nominal_history,routing_nominal_history:seed96100001:epoch80,80,19,validation,96300001,u_1.00,1.0,95554388.99473554,0.42,71.0,0.0546448087431694,800405b9f74aaa90d90ba641e3d644c477fd53160794163db89b827c6c506a7d
routing_nominal_history,routing_nominal_history:seed96100001:epoch80,80,19,validation,96300002,anchor,-1.0,95252794.83256684,0.42,97.0,0.1282051282051282,800405b9f74aaa90d90ba641e3d644c477fd53160794163db89b827c6c506a7d
routing_nominal_history,routing_nominal_history:seed96100001:epoch80,80,19,validation,96300002,u_0.00,0.0,95252794.83256684,0.42,97.0,0.1282051282051282,800405b9f74aaa90d90ba641e3d644c477fd53160794163db89b827c6c506a7d
routing_nominal_history,routing_nominal_history:seed96100001:epoch80,80,19,validation,96300002,u_0.10,0.1,94328942.0674408,0.42,95.0,0.11494252873563218,800405b9f74aaa90d90ba641e3d644c477fd53160794163db89b827c6c506a7d
routing_nominal_history,routing_nominal_history:seed96100001:epoch80,80,19,validation,96300002,u_0.20,0.2,94028783.69425297,0.42,94.0,0.10416666666666667,800405b9f74aaa90d90ba641e3d644c477fd53160794163db89b827c6c506a7d
routing_nominal_history,routing_nominal_history:seed96100001:epoch80,80,19,validation,96300002,u_0.30,0.3,92153233.76225233,0.42,90.0,0.09090909090909091,800405b9f74aaa90d90ba641e3d644c477fd53160794163db89b827c6c506a7d
routing_nominal_history,routing_nominal_history:seed96100001:epoch80,80,19,validation,96300002,u_0.40,0.4,91289637.77121577,0.42,87.0,0.08064516129032258,800405b9f74aaa90d90ba641e3d644c477fd53160794163db89b827c6c506a7d
routing_nominal_history,routing_nominal_history:seed96100001:epoch80,80,19,validation,96300002,u_0.50,0.5,90165367.79473552,0.42,83.0,0.07246376811594203,800405b9f74aaa90d90ba641e3d644c477fd53160794163db89b827c6c506a7d
routing_nominal_history,routing_nominal_history:seed96100001:epoch80,80,19,validation,96300002,u_0.60,0.6,91418028.72870088,0.42,82.0,0.06896551724137931,800405b9f74aaa90d90ba641e3d644c477fd53160794163db89b827c6c506a7d
routing_nominal_history,routing_nominal_history:seed96100001:epoch80,80,19,validation,96300002,u_0.70,0.7,91307448.77311182,0.42,78.0,0.06493506493506493,800405b9f74aaa90d90ba641e3d644c477fd53160794163db89b827c6c506a7d
routing_nominal_history,routing_nominal_history:seed96100001:epoch80,80,19,validation,96300002,u_0.80,0.8,92434894.05002308,0.42,76.0,0.060240963855421686,800405b9f74aaa90d90ba641e3d644c477fd53160794163db89b827c6c506a7d
routing_nominal_history,routing_nominal_history:seed96100001:epoch80,80,19,validation,96300002,u_0.90,0.9,94739028.3932705,0.42,75.0,0.05813953488372093,800405b9f74aaa90d90ba641e3d644c477fd53160794163db89b827c6c506a7d
routing_nominal_history,routing_nominal_history:seed96100001:epoch80,80,19,validation,96300002,u_1.00,1.0,95554388.99473554,0.42,71.0,0.0546448087431694,800405b9f74aaa90d90ba641e3d644c477fd53160794163db89b827c6c506a7d
routing_nominal_history,routing_nominal_history:seed96100001:epoch80,80,19,validation,96300003,anchor,-1.0,95252794.83256684,0.42,97.0,0.1282051282051282,800405b9f74aaa90d90ba641e3d644c477fd53160794163db89b827c6c506a7d
routing_nominal_history,routing_nominal_history:seed96100001:epoch80,80,19,validation,96300003,u_0.00,0.0,95252794.83256684,0.42,97.0,0.1282051282051282,800405b9f74aaa90d90ba641e3d644c477fd53160794163db89b827c6c506a7d
routing_nominal_history,routing_nominal_history:seed96100001:epoch80,80,19,validation,96300003,u_0.10,0.1,94328942.0674408,0.42,95.0,0.11494252873563218,800405b9f74aaa90d90ba641e3d644c477fd53160794163db89b827c6c506a7d
routing_nominal_history,routing_nominal_history:seed96100001:epoch80,80,19,validation,96300003,u_0.20,0.2,94028783.69425297,0.42,94.0,0.10416666666666667,800405b9f74aaa90d90ba641e3d644c477fd53160794163db89b827c6c506a7d
routing_nominal_history,routing_nominal_history:seed96100001:epoch80,80,19,validation,96300003,u_0.30,0.3,92153233.76225233,0.42,90.0,0.09090909090909091,800405b9f74aaa90d90ba641e3d644c477fd53160794163db89b827c6c506a7d
routing_nominal_history,routing_nominal_history:seed96100001:epoch80,80,19,validation,96300003,u_0.40,0.4,91289637.77121577,0.42,87.0,0.08064516129032258,800405b9f74aaa90d90ba641e3d644c477fd53160794163db89b827c6c506a7d
routing_nominal_history,routing_nominal_history:seed96100001:epoch80,80,19,validation,96300003,u_0.50,0.5,90165367.79473552,0.42,83.0,0.07246376811594203,800405b9f74aaa90d90ba641e3d644c477fd53160794163db89b827c6c506a7d
routing_nominal_history,routing_nominal_history:seed96100001:epoch80,80,19,validation,96300003,u_0.60,0.6,91418028.72870088,0.42,82.0,0.06896551724137931,800405b9f74aaa90d90ba641e3d644c477fd53160794163db89b827c6c506a7d
routing_nominal_history,routing_nominal_history:seed96100001:epoch80,80,19,validation,96300003,u_0.70,0.7,91307448.77311182,0.42,78.0,0.06493506493506493,800405b9f74aaa90d90ba641e3d644c477fd53160794163db89b827c6c506a7d
routing_nominal_history,routing_nominal_history:seed96100001:epoch80,80,19,validation,96300003,u_0.80,0.8,92434894.05002308,0.42,76.0,0.060240963855421686,800405b9f74aaa90d90ba641e3d644c477fd53160794163db89b827c6c506a7d
routing_nominal_history,routing_nominal_history:seed96100001:epoch80,80,19,validation,96300003,u_0.90,0.9,94739028.3932705,0.42,75.0,0.05813953488372093,800405b9f74aaa90d90ba641e3d644c477fd53160794163db89b827c6c506a7d
routing_nominal_history,routing_nominal_history:seed96100001:epoch80,80,19,validation,96300003,u_1.00,1.0,95554388.99473554,0.42,71.0,0.0546448087431694,800405b9f74aaa90d90ba641e3d644c477fd53160794163db89b827c6c506a7d
routing_nominal_history,routing_nominal_history:seed96100001:epoch80,80,19,validation,96300004,anchor,-1.0,95252794.83256684,0.42,97.0,0.1282051282051282,800405b9f74aaa90d90ba641e3d644c477fd53160794163db89b827c6c506a7d
routing_nominal_history,routing_nominal_history:seed96100001:epoch80,80,19,validation,96300004,u_0.00,0.0,95252794.83256684,0.42,97.0,0.1282051282051282,800405b9f74aaa90d90ba641e3d644c477fd53160794163db89b827c6c506a7d
routing_nominal_history,routing_nominal_history:seed96100001:epoch80,80,19,validation,96300004,u_0.10,0.1,94328942.0674408,0.42,95.0,0.11494252873563218,800405b9f74aaa90d90ba641e3d644c477fd53160794163db89b827c6c506a7d
routing_nominal_history,routing_nominal_history:seed96100001:epoch80,80,19,validation,96300004,u_0.20,0.2,94028783.69425297,0.42,94.0,0.10416666666666667,800405b9f74aaa90d90ba641e3d644c477fd53160794163db89b827c6c506a7d
routing_nominal_history,routing_nominal_history:seed96100001:epoch80,80,19,validation,96300004,u_0.30,0.3,92153233.76225233,0.42,90.0,0.09090909090909091,800405b9f74aaa90d90ba641e3d644c477fd53160794163db89b827c6c506a7d
routing_nominal_history,routing_nominal_history:seed96100001:epoch80,80,19,validation,96300004,u_0.40,0.4,91289637.77121577,0.42,87.0,0.08064516129032258,800405b9f74aaa90d90ba641e3d644c477fd53160794163db89b827c6c506a7d
routing_nominal_history,routing_nominal_history:seed96100001:epoch80,80,19,validation,96300004,u_0.50,0.5,90165367.79473552,0.42,83.0,0.07246376811594203,800405b9f74aaa90d90ba641e3d644c477fd53160794163db89b827c6c506a7d
routing_nominal_history,routing_nominal_history:seed96100001:epoch80,80,19,validation,96300004,u_0.60,0.6,91418028.72870088,0.42,82.0,0.06896551724137931,800405b9f74aaa90d90ba641e3d644c477fd53160794163db89b827c6c506a7d
routing_nominal_history,routing_nominal_history:seed96100001:epoch80,80,19,validation,96300004,u_0.70,0.7,91307448.77311182,0.42,78.0,0.06493506493506493,800405b9f74aaa90d90ba641e3d644c477fd53160794163db89b827c6c506a7d
routing_nominal_history,routing_nominal_history:seed96100001:epoch80,80,19,validation,96300004,u_0.80,0.8,92434894.05002308,0.42,76.0,0.060240963855421686,800405b9f74aaa90d90ba641e3d644c477fd53160794163db89b827c6c506a7d
routing_nominal_history,routing_nominal_history:seed96100001:epoch80,80,19,validation,96300004,u_0.90,0.9,94739028.3932705,0.42,75.0,0.05813953488372093,800405b9f74aaa90d90ba641e3d644c477fd53160794163db89b827c6c506a7d
routing_nominal_history,routing_nominal_history:seed96100001:epoch80,80,19,validation,96300004,u_1.00,1.0,95554388.99473554,0.42,71.0,0.0546448087431694,800405b9f74aaa90d90ba641e3d644c477fd53160794163db89b827c6c506a7d
routing_nominal_history,routing_nominal_history:seed96100002:epoch30,30,20,discovery,96200000,anchor,-1.0,1155095460.1260364,0.5806745670009116,1077.0,0.08399710354815351,800405b9f74aaa90d90ba641e3d644c477fd53160794163db89b827c6c506a7d
routing_nominal_history,routing_nominal_history:seed96100002:epoch30,30,20,discovery,96200000,u_0.00,0.0,1155095460.1260364,0.5806745670009116,1077.0,0.08399710354815351,800405b9f74aaa90d90ba641e3d644c477fd53160794163db89b827c6c506a7d
routing_nominal_history,routing_nominal_history:seed96100002:epoch30,30,20,discovery,96200000,u_0.10,0.1,1148681914.9589612,0.585232452142206,1068.0,0.08405172413793104,800405b9f74aaa90d90ba641e3d644c477fd53160794163db89b827c6c506a7d
routing_nominal_history,routing_nominal_history:seed96100002:epoch30,30,20,discovery,96200000,u_0.20,0.2,1144703746.6154327,0.5907019143117593,1061.0,0.08202567760342368,800405b9f74aaa90d90ba641e3d644c477fd53160794163db89b827c6c506a7d
routing_nominal_history,routing_nominal_history:seed96100002:epoch30,30,20,discovery,96200000,u_0.30,0.3,1133015173.3146029,0.5984503190519599,1042.0,0.0776287932251235,800405b9f74aaa90d90ba641e3d644c477fd53160794163db89b827c6c506a7d
routing_nominal_history,routing_nominal_history:seed96100002:epoch30,30,20,discovery,96200000,u_0.40,0.4,1135737966.7331588,0.5979945305378305,1041.0,0.07915194346289753,800405b9f74aaa90d90ba641e3d644c477fd53160794163db89b827c6c506a7d
routing_nominal_history,routing_nominal_history:seed96100002:epoch30,30,20,discovery,96200000,u_0.50,0.5,1126368540.363005,0.6066545123062899,1028.0,0.07557732680195942,800405b9f74aaa90d90ba641e3d644c477fd53160794163db89b827c6c506a7d
routing_nominal_history,routing_nominal_history:seed96100002:epoch30,30,20,discovery,96200000,u_0.60,0.6,1119011843.419367,0.609845031905196,1019.0,0.07564191533657183,800405b9f74aaa90d90ba641e3d644c477fd53160794163db89b827c6c506a7d
routing_nominal_history,routing_nominal_history:seed96100002:epoch30,30,20,discovery,96200000,u_0.70,0.7,1125337555.872711,0.6080218778486782,1024.0,0.0766016713091922,800405b9f74aaa90d90ba641e3d644c477fd53160794163db89b827c6c506a7d
routing_nominal_history,routing_nominal_history:seed96100002:epoch30,30,20,discovery,96200000,u_0.80,0.8,1120473045.4501526,0.613947128532361,1009.0,0.07538035961272475,800405b9f74aaa90d90ba641e3d644c477fd53160794163db89b827c6c506a7d
routing_nominal_history,routing_nominal_history:seed96100002:epoch30,30,20,discovery,96200000,u_0.90,0.9,1118065087.383414,0.6189608021877848,1001.0,0.07300275482093664,800405b9f74aaa90d90ba641e3d644c477fd53160794163db89b827c6c506a7d
routing_nominal_history,routing_nominal_history:seed96100002:epoch30,30,20,discovery,96200000,u_1.00,1.0,1124489814.7684247,0.6166818596171376,1000.0,0.07586206896551724,800405b9f74aaa90d90ba641e3d644c477fd53160794163db89b827c6c506a7d
routing_nominal_history,routing_nominal_history:seed96100002:epoch30,30,20,discovery,96200001,anchor,-1.0,1277745673.4419472,0.5461144321093083,1223.0,0.08405797101449275,800405b9f74aaa90d90ba641e3d644c477fd53160794163db89b827c6c506a7d
routing_nominal_history,routing_nominal_history:seed96100002:epoch30,30,20,discovery,96200001,u_0.00,0.0,1277745673.4419472,0.5461144321093083,1223.0,0.08405797101449275,800405b9f74aaa90d90ba641e3d644c477fd53160794163db89b827c6c506a7d
routing_nominal_history,routing_nominal_history:seed96100002:epoch30,30,20,discovery,96200001,u_0.10,0.1,1276963814.4106238,0.5478223740392827,1222.0,0.08783297336213103,800405b9f74aaa90d90ba641e3d644c477fd53160794163db89b827c6c506a7d
routing_nominal_history,routing_nominal_history:seed96100002:epoch30,30,20,discovery,96200001,u_0.20,0.2,1270634056.1565201,0.5525192143467123,1216.0,0.08720514653323802,800405b9f74aaa90d90ba641e3d644c477fd53160794163db89b827c6c506a7d
routing_nominal_history,routing_nominal_history:seed96100002:epoch30,30,20,discovery,96200001,u_0.30,0.3,1264851953.528524,0.5572160546541418,1208.0,0.086987270155587,800405b9f74aaa90d90ba641e3d644c477fd53160794163db89b827c6c506a7d
routing_nominal_history,routing_nominal_history:seed96100002:epoch30,30,20,discovery,96200001,u_0.40,0.4,1267673325.2334201,0.5563620836891545,1208.0,0.08852691218130311,800405b9f74aaa90d90ba641e3d644c477fd53160794163db89b827c6c506a7d
routing_nominal_history,routing_nominal_history:seed96100002:epoch30,30,20,discovery,96200001,u_0.50,0.5,1255215538.3546154,0.5649017933390265,1190.0,0.0820476858345021,800405b9f74aaa90d90ba641e3d644c477fd53160794163db89b827c6c506a7d
routing_nominal_history,routing_nominal_history:seed96100002:epoch30,30,20,discovery,96200001,u_0.60,0.6,1248946809.7146084,0.5687446626814688,1178.0,0.0825242718446602,800405b9f74aaa90d90ba641e3d644c477fd53160794163db89b827c6c506a7d
routing_nominal_history,routing_nominal_history:seed96100002:epoch30,30,20,discovery,96200001,u_0.70,0.7,1256072741.1932049,0.5657557643040136,1181.0,0.08310055865921788,800405b9f74aaa90d90ba641e3d644c477fd53160794163db89b827c6c506a7d
routing_nominal_history,routing_nominal_history:seed96100002:epoch30,30,20,discovery,96200001,u_0.80,0.8,1253830903.8034701,0.5700256191289497,1172.0,0.08188757807078417,800405b9f74aaa90d90ba641e3d644c477fd53160794163db89b827c6c506a7d
routing_nominal_history,routing_nominal_history:seed96100002:epoch30,30,20,discovery,96200001,u_0.90,0.9,1250222350.109551,0.5742954739538856,1164.0,0.08085694540428473,800405b9f74aaa90d90ba641e3d644c477fd53160794163db89b827c6c506a7d
routing_nominal_history,routing_nominal_history:seed96100002:epoch30,30,20,discovery,96200001,u_1.00,1.0,1262389722.103708,0.5704526046114432,1170.0,0.08593208593208593,800405b9f74aaa90d90ba641e3d644c477fd53160794163db89b827c6c506a7d
routing_nominal_history,routing_nominal_history:seed96100002:epoch30,30,20,discovery,96200002,anchor,-1.0,1316134520.0828135,0.5285412262156448,1238.0,0.0945054945054945,800405b9f74aaa90d90ba641e3d644c477fd53160794163db89b827c6c506a7d
routing_nominal_history,routing_nominal_history:seed96100002:epoch30,30,20,discovery,96200002,u_0.00,0.0,1316134520.0828135,0.5285412262156448,1238.0,0.0945054945054945,800405b9f74aaa90d90ba641e3d644c477fd53160794163db89b827c6c506a7d
routing_nominal_history,routing_nominal_history:seed96100002:epoch30,30,20,discovery,96200002,u_0.10,0.1,1314283536.2163959,0.5323467230443975,1239.0,0.09409190371991247,800405b9f74aaa90d90ba641e3d644c477fd53160794163db89b827c6c506a7d
routing_nominal_history,routing_nominal_history:seed96100002:epoch30,30,20,discovery,96200002,u_0.20,0.2,1309387190.5431573,0.5365750528541227,1232.0,0.09334298118668596,800405b9f74aaa90d90ba641e3d644c477fd53160794163db89b827c6c506a7d
routing_nominal_history,routing_nominal_history:seed96100002:epoch30,30,20,discovery,96200002,u_0.30,0.3,1305773316.590715,0.5395348837209303,1225.0,0.09598853868194843,800405b9f74aaa90d90ba641e3d644c477fd53160794163db89b827c6c506a7d
routing_nominal_history,routing_nominal_history:seed96100002:epoch30,30,20,discovery,96200002,u_0.40,0.4,1298897101.3244383,0.5446088794926004,1212.0,0.09439318665720368,800405b9f74aaa90d90ba641e3d644c477fd53160794163db89b827c6c506a7d
routing_nominal_history,routing_nominal_history:seed96100002:epoch30,30,20,discovery,96200002,u_0.50,0.5,1289978768.5626328,0.5509513742071882,1198.0,0.09243697478991597,800405b9f74aaa90d90ba641e3d644c477fd53160794163db89b827c6c506a7d
routing_nominal_history,routing_nominal_history:seed96100002:epoch30,30,20,discovery,96200002,u_0.60,0.6,1283181594.4601908,0.5551797040169133,1188.0,0.09407665505226481,800405b9f74aaa90d90ba641e3d644c477fd53160794163db89b827c6c506a7d
routing_nominal_history,routing_nominal_history:seed96100002:epoch30,30,20,discovery,96200002,u_0.70,0.7,1288973435.9462368,0.5543340380549683,1192.0,0.09497206703910614,800405b9f74aaa90d90ba641e3d644c477fd53160794163db89b827c6c506a7d
routing_nominal_history,routing_nominal_history:seed96100002:epoch30,30,20,discovery,96200002,u_0.80,0.8,1285306642.8872957,0.5581395348837209,1186.0,0.09266943291839558,800405b9f74aaa90d90ba641e3d644c477fd53160794163db89b827c6c506a7d
routing_nominal_history,routing_nominal_history:seed96100002:epoch30,30,20,discovery,96200002,u_0.90,0.9,1282578318.283862,0.5615221987315011,1175.0,0.09241379310344827,800405b9f74aaa90d90ba641e3d644c477fd53160794163db89b827c6c506a7d
routing_nominal_history,routing_nominal_history:seed96100002:epoch30,30,20,discovery,96200002,u_1.00,1.0,1284903737.4554777,0.5640591966173362,1175.0,0.09097174362508614,800405b9f74aaa90d90ba641e3d644c477fd53160794163db89b827c6c506a7d
routing_nominal_history,routing_nominal_history:seed96100002:epoch30,30,20,validation,96300000,anchor,-1.0,1415449608.8884995,0.5046352277307538,1343.0,0.10598413842826243,800405b9f74aaa90d90ba641e3d644c477fd53160794163db89b827c6c506a7d
routing_nominal_history,routing_nominal_history:seed96100002:epoch30,30,20,validation,96300000,u_0.00,0.0,1415449608.8884995,0.5046352277307538,1343.0,0.10598413842826243,800405b9f74aaa90d90ba641e3d644c477fd53160794163db89b827c6c506a7d
routing_nominal_history,routing_nominal_history:seed96100002:epoch30,30,20,validation,96300000,u_0.10,0.1,1412473859.529801,0.5082627972591697,1339.0,0.10658082975679542,800405b9f74aaa90d90ba641e3d644c477fd53160794163db89b827c6c506a7d
routing_nominal_history,routing_nominal_history:seed96100002:epoch30,30,20,validation,96300000,u_0.20,0.2,1407367091.9466205,0.5122934300685208,1332.0,0.10574875798438609,800405b9f74aaa90d90ba641e3d644c477fd53160794163db89b827c6c506a7d
routing_nominal_history,routing_nominal_history:seed96100002:epoch30,30,20,validation,96300000,u_0.30,0.3,1396709520.4036663,0.5191455058444175,1316.0,0.10267229254571027,800405b9f74aaa90d90ba641e3d644c477fd53160794163db89b827c6c506a7d
routing_nominal_history,routing_nominal_history:seed96100002:epoch30,30,20,validation,96300000,u_0.40,0.4,1398542036.932755,0.5191455058444175,1316.0,0.10211267605633803,800405b9f74aaa90d90ba641e3d644c477fd53160794163db89b827c6c506a7d
routing_nominal_history,routing_nominal_history:seed96100002:epoch30,30,20,validation,96300000,u_0.50,0.5,1391582846.1016815,0.5239822652156388,1304.0,0.10251046025104603,800405b9f74aaa90d90ba641e3d644c477fd53160794163db89b827c6c506a7d
routing_nominal_history,routing_nominal_history:seed96100002:epoch30,30,20,validation,96300000,u_0.60,0.6,1386559855.2211878,0.5272067714631197,1298.0,0.1018005540166205,800405b9f74aaa90d90ba641e3d644c477fd53160794163db89b827c6c506a7d
routing_nominal_history,routing_nominal_history:seed96100002:epoch30,30,20,validation,96300000,u_0.70,0.7,1386477688.5076516,0.52801289802499,1293.0,0.10117810117810118,800405b9f74aaa90d90ba641e3d644c477fd53160794163db89b827c6c506a7d
routing_nominal_history,routing_nominal_history:seed96100002:epoch30,30,20,validation,96300000,u_0.80,0.8,1383231248.8124342,0.5316404675534059,1283.0,0.09744298548721493,800405b9f74aaa90d90ba641e3d644c477fd53160794163db89b827c6c506a7d
routing_nominal_history,routing_nominal_history:seed96100002:epoch30,30,20,validation,96300000,u_0.90,0.9,1382999162.1245897,0.5348649738008867,1275.0,0.09834938101788171,800405b9f74aaa90d90ba641e3d644c477fd53160794163db89b827c6c506a7d
routing_nominal_history,routing_nominal_history:seed96100002:epoch30,30,20,validation,96300000,u_1.00,1.0,1385746310.3945627,0.5352680370818218,1273.0,0.0989010989010989,800405b9f74aaa90d90ba641e3d644c477fd53160794163db89b827c6c506a7d
routing_nominal_history,routing_nominal_history:seed96100002:epoch30,30,20,validation,96300001,anchor,-1.0,1379466449.404358,0.505668016194332,1296.0,0.10130246020260492,800405b9f74aaa90d90ba641e3d644c477fd53160794163db89b827c6c506a7d
routing_nominal_history,routing_nominal_history:seed96100002:epoch30,30,20,validation,96300001,u_0.00,0.0,1379466449.404358,0.505668016194332,1296.0,0.10130246020260492,800405b9f74aaa90d90ba641e3d644c477fd53160794163db89b827c6c506a7d
routing_nominal_history,routing_nominal_history:seed96100002:epoch30,30,20,validation,96300001,u_0.10,0.1,1377544121.8675382,0.5089068825910931,1293.0,0.10416666666666667,800405b9f74aaa90d90ba641e3d644c477fd53160794163db89b827c6c506a7d
routing_nominal_history,routing_nominal_history:seed96100002:epoch30,30,20,validation,96300001,u_0.20,0.2,1372366341.0360718,0.5125506072874494,1283.0,0.10384068278805121,800405b9f74aaa90d90ba641e3d644c477fd53160794163db89b827c6c506a7d
routing_nominal_history,routing_nominal_history:seed96100002:epoch30,30,20,validation,96300001,u_0.30,0.3,1361693940.7472444,0.520242914979757,1266.0,0.10028248587570622,800405b9f74aaa90d90ba641e3d644c477fd53160794163db89b827c6c506a7d
routing_nominal_history,routing_nominal_history:seed96100002:epoch30,30,20,validation,96300001,u_0.40,0.4,1363036593.3289375,0.5198380566801619,1263.0,0.09985835694050992,800405b9f74aaa90d90ba641e3d644c477fd53160794163db89b827c6c506a7d
routing_nominal_history,routing_nominal_history:seed96100002:epoch30,30,20,validation,96300001,u_0.50,0.5,1349309926.433103,0.5275303643724696,1243.0,0.09403508771929825,800405b9f74aaa90d90ba641e3d644c477fd53160794163db89b827c6c506a7d
routing_nominal_history,routing_nominal_history:seed96100002:epoch30,30,20,validation,96300001,u_0.60,0.6,1348483796.827187,0.5279352226720648,1243.0,0.09503843466107617,800405b9f74aaa90d90ba641e3d644c477fd53160794163db89b827c6c506a7d
routing_nominal_history,routing_nominal_history:seed96100002:epoch30,30,20,validation,96300001,u_0.70,0.7,1349489199.8342693,0.5303643724696356,1237.0,0.091164095371669,800405b9f74aaa90d90ba641e3d644c477fd53160794163db89b827c6c506a7d
routing_nominal_history,routing_nominal_history:seed96100002:epoch30,30,20,validation,96300001,u_0.80,0.8,1344963394.981232,0.5364372469635628,1230.0,0.09116214335421016,800405b9f74aaa90d90ba641e3d644c477fd53160794163db89b827c6c506a7d
routing_nominal_history,routing_nominal_history:seed96100002:epoch30,30,20,validation,96300001,u_0.90,0.9,1341039687.9030263,0.5404858299595142,1212.0,0.08680555555555555,800405b9f74aaa90d90ba641e3d644c477fd53160794163db89b827c6c506a7d
routing_nominal_history,routing_nominal_history:seed96100002:epoch30,30,20,validation,96300001,u_1.00,1.0,1355144347.2292304,0.5344129554655871,1229.0,0.09261838440111421,800405b9f74aaa90d90ba641e3d644c477fd53160794163db89b827c6c506a7d
routing_nominal_history,routing_nominal_history:seed96100002:epoch30,30,20,validation,96300002,anchor,-1.0,1227112422.2509649,0.5545889517181383,1120.0,0.08556925308194344,800405b9f74aaa90d90ba641e3d644c477fd53160794163db89b827c6c506a7d
routing_nominal_history,routing_nominal_history:seed96100002:epoch30,30,20,validation,96300002,u_0.00,0.0,1227112422.2509649,0.5545889517181383,1120.0,0.08556925308194344,800405b9f74aaa90d90ba641e3d644c477fd53160794163db89b827c6c506a7d
routing_nominal_history,routing_nominal_history:seed96100002:epoch30,30,20,validation,96300002,u_0.10,0.1,1223860795.3407164,0.5576337538060027,1113.0,0.08633093525179857,800405b9f74aaa90d90ba641e3d644c477fd53160794163db89b827c6c506a7d
routing_nominal_history,routing_nominal_history:seed96100002:epoch30,30,20,validation,96300002,u_0.20,0.2,1222034963.6105158,0.560678555893867,1107.0,0.08909479686386315,800405b9f74aaa90d90ba641e3d644c477fd53160794163db89b827c6c506a7d
routing_nominal_history,routing_nominal_history:seed96100002:epoch30,30,20,validation,96300002,u_0.30,0.3,1212767532.344176,0.5667681600695955,1093.0,0.08680310515172901,800405b9f74aaa90d90ba641e3d644c477fd53160794163db89b827c6c506a7d
routing_nominal_history,routing_nominal_history:seed96100002:epoch30,30,20,validation,96300002,u_0.40,0.4,1213956605.7059867,0.5667681600695955,1093.0,0.08551236749116607,800405b9f74aaa90d90ba641e3d644c477fd53160794163db89b827c6c506a7d
routing_nominal_history,routing_nominal_history:seed96100002:epoch30,30,20,validation,96300002,u_0.50,0.5,1206333069.9221175,0.5732927359721618,1081.0,0.08199018920812894,800405b9f74aaa90d90ba641e3d644c477fd53160794163db89b827c6c506a7d
routing_nominal_history,routing_nominal_history:seed96100002:epoch30,30,20,validation,96300002,u_0.60,0.6,1201521050.7750745,0.5776424532405393,1064.0,0.08041958041958042,800405b9f74aaa90d90ba641e3d644c477fd53160794163db89b827c6c506a7d
routing_nominal_history,routing_nominal_history:seed96100002:epoch30,30,20,validation,96300002,u_0.70,0.7,1208755974.9017148,0.574597651152675,1065.0,0.08151791988756149,800405b9f74aaa90d90ba641e3d644c477fd53160794163db89b827c6c506a7d
routing_nominal_history,routing_nominal_history:seed96100002:epoch30,30,20,validation,96300002,u_0.80,0.8,1202357889.795958,0.5793823401478904,1054.0,0.08072372999304106,800405b9f74aaa90d90ba641e3d644c477fd53160794163db89b827c6c506a7d
routing_nominal_history,routing_nominal_history:seed96100002:epoch30,30,20,validation,96300002,u_0.90,0.9,1199987970.4296494,0.5828621139625925,1046.0,0.08027681660899653,800405b9f74aaa90d90ba641e3d644c477fd53160794163db89b827c6c506a7d
routing_nominal_history,routing_nominal_history:seed96100002:epoch30,30,20,validation,96300002,u_1.00,1.0,1204398615.0531766,0.5815571987820791,1047.0,0.08108108108108109,800405b9f74aaa90d90ba641e3d644c477fd53160794163db89b827c6c506a7d
routing_nominal_history,routing_nominal_history:seed96100002:epoch30,30,20,validation,96300003,anchor,-1.0,1250492641.8175561,0.5516795865633075,1156.0,0.0788712011577424,800405b9f74aaa90d90ba641e3d644c477fd53160794163db89b827c6c506a7d
routing_nominal_history,routing_nominal_history:seed96100002:epoch30,30,20,validation,96300003,u_0.00,0.0,1250492641.8175561,0.5516795865633075,1156.0,0.0788712011577424,800405b9f74aaa90d90ba641e3d644c477fd53160794163db89b827c6c506a7d
routing_nominal_history,routing_nominal_history:seed96100002:epoch30,30,20,validation,96300003,u_0.10,0.1,1245716812.8511767,0.5551248923341947,1149.0,0.07813620071684588,800405b9f74aaa90d90ba641e3d644c477fd53160794163db89b827c6c506a7d
routing_nominal_history,routing_nominal_history:seed96100002:epoch30,30,20,validation,96300003,u_0.20,0.2,1241941445.2987773,0.5611541774332472,1138.0,0.07851534618129907,800405b9f74aaa90d90ba641e3d644c477fd53160794163db89b827c6c506a7d
routing_nominal_history,routing_nominal_history:seed96100002:epoch30,30,20,validation,96300003,u_0.30,0.3,1236821659.5117517,0.5663221360895779,1128.0,0.07904022582921666,800405b9f74aaa90d90ba641e3d644c477fd53160794163db89b827c6c506a7d
routing_nominal_history,routing_nominal_history:seed96100002:epoch30,30,20,validation,96300003,u_0.40,0.4,1241455396.5716095,0.5658914728682171,1133.0,0.07985865724381626,800405b9f74aaa90d90ba641e3d644c477fd53160794163db89b827c6c506a7d
routing_nominal_history,routing_nominal_history:seed96100002:epoch30,30,20,validation,96300003,u_0.50,0.5,1231504592.8449106,0.5710594315245479,1116.0,0.07767669699090272,800405b9f74aaa90d90ba641e3d644c477fd53160794163db89b827c6c506a7d
routing_nominal_history,routing_nominal_history:seed96100002:epoch30,30,20,validation,96300003,u_0.60,0.6,1220089205.3465831,0.578380706287683,1094.0,0.07291666666666667,800405b9f74aaa90d90ba641e3d644c477fd53160794163db89b827c6c506a7d
routing_nominal_history,routing_nominal_history:seed96100002:epoch30,30,20,validation,96300003,u_0.70,0.7,1225435961.4060335,0.5770887166236004,1096.0,0.07322175732217573,800405b9f74aaa90d90ba641e3d644c477fd53160794163db89b827c6c506a7d
routing_nominal_history,routing_nominal_history:seed96100002:epoch30,30,20,validation,96300003,u_0.80,0.8,1225297977.5379717,0.5805340223944875,1088.0,0.07479224376731301,800405b9f74aaa90d90ba641e3d644c477fd53160794163db89b827c6c506a7d
routing_nominal_history,routing_nominal_history:seed96100002:epoch30,30,20,validation,96300003,u_0.90,0.9,1223538009.1167667,0.5839793281653747,1081.0,0.07512060647829083,800405b9f74aaa90d90ba641e3d644c477fd53160794163db89b827c6c506a7d
routing_nominal_history,routing_nominal_history:seed96100002:epoch30,30,20,validation,96300003,u_1.00,1.0,1227197762.1143816,0.5839793281653747,1079.0,0.07708189951823813,800405b9f74aaa90d90ba641e3d644c477fd53160794163db89b827c6c506a7d
routing_nominal_history,routing_nominal_history:seed96100002:epoch30,30,20,validation,96300004,anchor,-1.0,1372833329.1239376,0.491015625,1254.0,0.09616775126536514,800405b9f74aaa90d90ba641e3d644c477fd53160794163db89b827c6c506a7d
routing_nominal_history,routing_nominal_history:seed96100002:epoch30,30,20,validation,96300004,u_0.00,0.0,1372833329.1239376,0.491015625,1254.0,0.09616775126536514,800405b9f74aaa90d90ba641e3d644c477fd53160794163db89b827c6c506a7d
routing_nominal_history,routing_nominal_history:seed96100002:epoch30,30,20,validation,96300004,u_0.10,0.1,1369906471.1703827,0.49453125,1251.0,0.09663564781675017,800405b9f74aaa90d90ba641e3d644c477fd53160794163db89b827c6c506a7d
routing_nominal_history,routing_nominal_history:seed96100002:epoch30,30,20,validation,96300004,u_0.20,0.2,1365003858.1552036,0.498828125,1240.0,0.09472934472934473,800405b9f74aaa90d90ba641e3d644c477fd53160794163db89b827c6c506a7d
routing_nominal_history,routing_nominal_history:seed96100002:epoch30,30,20,validation,96300004,u_0.30,0.3,1361600440.9558291,0.5015625,1232.0,0.09859154929577464,800405b9f74aaa90d90ba641e3d644c477fd53160794163db89b827c6c506a7d
routing_nominal_history,routing_nominal_history:seed96100002:epoch30,30,20,validation,96300004,u_0.40,0.4,1365918389.2421088,0.50078125,1234.0,0.1001410437235543,800405b9f74aaa90d90ba641e3d644c477fd53160794163db89b827c6c506a7d
routing_nominal_history,routing_nominal_history:seed96100002:epoch30,30,20,validation,96300004,u_0.50,0.5,1354664968.848128,0.5078125,1216.0,0.09503843466107617,800405b9f74aaa90d90ba641e3d644c477fd53160794163db89b827c6c506a7d
routing_nominal_history,routing_nominal_history:seed96100002:epoch30,30,20,validation,96300004,u_0.60,0.6,1347913996.5155637,0.512109375,1207.0,0.0936849410131853,800405b9f74aaa90d90ba641e3d644c477fd53160794163db89b827c6c506a7d
routing_nominal_history,routing_nominal_history:seed96100002:epoch30,30,20,validation,96300004,u_0.70,0.7,1354889824.236757,0.51015625,1211.0,0.09603340292275574,800405b9f74aaa90d90ba641e3d644c477fd53160794163db89b827c6c506a7d
routing_nominal_history,routing_nominal_history:seed96100002:epoch30,30,20,validation,96300004,u_0.80,0.8,1347747073.2479234,0.514453125,1199.0,0.0954356846473029,800405b9f74aaa90d90ba641e3d644c477fd53160794163db89b827c6c506a7d
routing_nominal_history,routing_nominal_history:seed96100002:epoch30,30,20,validation,96300004,u_0.90,0.9,1338693633.8559682,0.52109375,1186.0,0.0907840440165062,800405b9f74aaa90d90ba641e3d644c477fd53160794163db89b827c6c506a7d
routing_nominal_history,routing_nominal_history:seed96100002:epoch30,30,20,validation,96300004,u_1.00,1.0,1348192595.8499694,0.51875,1189.0,0.0923501033769814,800405b9f74aaa90d90ba641e3d644c477fd53160794163db89b827c6c506a7d
routing_nominal_history,routing_nominal_history:seed96100002:epoch55,55,17,discovery,96200000,anchor,-1.0,55141219.88836281,0.4380165289256198,44.0,0.05970149253731343,800405b9f74aaa90d90ba641e3d644c477fd53160794163db89b827c6c506a7d
routing_nominal_history,routing_nominal_history:seed96100002:epoch55,55,17,discovery,96200000,u_0.00,0.0,55141219.88836281,0.4380165289256198,44.0,0.05970149253731343,800405b9f74aaa90d90ba641e3d644c477fd53160794163db89b827c6c506a7d
routing_nominal_history,routing_nominal_history:seed96100002:epoch55,55,17,discovery,96200000,u_0.10,0.1,55312667.12026432,0.4380165289256198,44.0,0.05405405405405406,800405b9f74aaa90d90ba641e3d644c477fd53160794163db89b827c6c506a7d
routing_nominal_history,routing_nominal_history:seed96100002:epoch55,55,17,discovery,96200000,u_0.20,0.2,54458707.96205319,0.4380165289256198,42.0,0.04878048780487805,800405b9f74aaa90d90ba641e3d644c477fd53160794163db89b827c6c506a7d
routing_nominal_history,routing_nominal_history:seed96100002:epoch55,55,17,discovery,96200000,u_0.30,0.3,54168778.51793969,0.4380165289256198,41.0,0.043010752688172046,800405b9f74aaa90d90ba641e3d644c477fd53160794163db89b827c6c506a7d
routing_nominal_history,routing_nominal_history:seed96100002:epoch55,55,17,discovery,96200000,u_0.40,0.4,54764370.52867174,0.4380165289256198,41.0,0.038834951456310676,800405b9f74aaa90d90ba641e3d644c477fd53160794163db89b827c6c506a7d
routing_nominal_history,routing_nominal_history:seed96100002:epoch55,55,17,discovery,96200000,u_0.50,0.5,54495417.14790963,0.4380165289256198,39.0,0.03508771929824561,800405b9f74aaa90d90ba641e3d644c477fd53160794163db89b827c6c506a7d
routing_nominal_history,routing_nominal_history:seed96100002:epoch55,55,17,discovery,96200000,u_0.60,0.6,54762966.17565332,0.4380165289256198,37.0,0.03305785123966942,800405b9f74aaa90d90ba641e3d644c477fd53160794163db89b827c6c506a7d
routing_nominal_history,routing_nominal_history:seed96100002:epoch55,55,17,discovery,96200000,u_0.70,0.7,55315923.21190284,0.4380165289256198,35.0,0.03125,800405b9f74aaa90d90ba641e3d644c477fd53160794163db89b827c6c506a7d
routing_nominal_history,routing_nominal_history:seed96100002:epoch55,55,17,discovery,96200000,u_0.80,0.8,56053741.23790577,0.4380165289256198,33.0,0.029197080291970802,800405b9f74aaa90d90ba641e3d644c477fd53160794163db89b827c6c506a7d
routing_nominal_history,routing_nominal_history:seed96100002:epoch55,55,17,discovery,96200000,u_0.90,0.9,58377741.10991934,0.4380165289256198,33.0,0.028169014084507043,800405b9f74aaa90d90ba641e3d644c477fd53160794163db89b827c6c506a7d
routing_nominal_history,routing_nominal_history:seed96100002:epoch55,55,17,discovery,96200000,u_1.00,1.0,60160941.04790962,0.4380165289256198,32.0,0.02631578947368421,800405b9f74aaa90d90ba641e3d644c477fd53160794163db89b827c6c506a7d
routing_nominal_history,routing_nominal_history:seed96100002:epoch55,55,17,discovery,96200001,anchor,-1.0,55141219.88836281,0.4380165289256198,44.0,0.05970149253731343,800405b9f74aaa90d90ba641e3d644c477fd53160794163db89b827c6c506a7d
routing_nominal_history,routing_nominal_history:seed96100002:epoch55,55,17,discovery,96200001,u_0.00,0.0,55141219.88836281,0.4380165289256198,44.0,0.05970149253731343,800405b9f74aaa90d90ba641e3d644c477fd53160794163db89b827c6c506a7d
routing_nominal_history,routing_nominal_history:seed96100002:epoch55,55,17,discovery,96200001,u_0.10,0.1,55312667.12026432,0.4380165289256198,44.0,0.05405405405405406,800405b9f74aaa90d90ba641e3d644c477fd53160794163db89b827c6c506a7d
routing_nominal_history,routing_nominal_history:seed96100002:epoch55,55,17,discovery,96200001,u_0.20,0.2,54458707.96205319,0.4380165289256198,42.0,0.04878048780487805,800405b9f74aaa90d90ba641e3d644c477fd53160794163db89b827c6c506a7d
routing_nominal_history,routing_nominal_history:seed96100002:epoch55,55,17,discovery,96200001,u_0.30,0.3,54168778.51793969,0.4380165289256198,41.0,0.043010752688172046,800405b9f74aaa90d90ba641e3d644c477fd53160794163db89b827c6c506a7d
routing_nominal_history,routing_nominal_history:seed96100002:epoch55,55,17,discovery,96200001,u_0.40,0.4,54764370.52867174,0.4380165289256198,41.0,0.038834951456310676,800405b9f74aaa90d90ba641e3d644c477fd53160794163db89b827c6c506a7d
routing_nominal_history,routing_nominal_history:seed96100002:epoch55,55,17,discovery,96200001,u_0.50,0.5,54495417.14790963,0.4380165289256198,39.0,0.03508771929824561,800405b9f74aaa90d90ba641e3d644c477fd53160794163db89b827c6c506a7d
routing_nominal_history,routing_nominal_history:seed96100002:epoch55,55,17,discovery,96200001,u_0.60,0.6,54762966.17565332,0.4380165289256198,37.0,0.03305785123966942,800405b9f74aaa90d90ba641e3d644c477fd53160794163db89b827c6c506a7d
routing_nominal_history,routing_nominal_history:seed96100002:epoch55,55,17,discovery,96200001,u_0.70,0.7,55315923.21190284,0.4380165289256198,35.0,0.03125,800405b9f74aaa90d90ba641e3d644c477fd53160794163db89b827c6c506a7d
routing_nominal_history,routing_nominal_history:seed96100002:epoch55,55,17,discovery,96200001,u_0.80,0.8,56053741.23790577,0.4380165289256198,33.0,0.029197080291970802,800405b9f74aaa90d90ba641e3d644c477fd53160794163db89b827c6c506a7d
routing_nominal_history,routing_nominal_history:seed96100002:epoch55,55,17,discovery,96200001,u_0.90,0.9,58377741.10991934,0.4380165289256198,33.0,0.028169014084507043,800405b9f74aaa90d90ba641e3d644c477fd53160794163db89b827c6c506a7d
routing_nominal_history,routing_nominal_history:seed96100002:epoch55,55,17,discovery,96200001,u_1.00,1.0,60160941.04790962,0.4380165289256198,32.0,0.02631578947368421,800405b9f74aaa90d90ba641e3d644c477fd53160794163db89b827c6c506a7d
routing_nominal_history,routing_nominal_history:seed96100002:epoch55,55,17,discovery,96200002,anchor,-1.0,55141219.88836281,0.4380165289256198,44.0,0.05970149253731343,800405b9f74aaa90d90ba641e3d644c477fd53160794163db89b827c6c506a7d
routing_nominal_history,routing_nominal_history:seed96100002:epoch55,55,17,discovery,96200002,u_0.00,0.0,55141219.88836281,0.4380165289256198,44.0,0.05970149253731343,800405b9f74aaa90d90ba641e3d644c477fd53160794163db89b827c6c506a7d
routing_nominal_history,routing_nominal_history:seed96100002:epoch55,55,17,discovery,96200002,u_0.10,0.1,55312667.12026432,0.4380165289256198,44.0,0.05405405405405406,800405b9f74aaa90d90ba641e3d644c477fd53160794163db89b827c6c506a7d
routing_nominal_history,routing_nominal_history:seed96100002:epoch55,55,17,discovery,96200002,u_0.20,0.2,54458707.96205319,0.4380165289256198,42.0,0.04878048780487805,800405b9f74aaa90d90ba641e3d644c477fd53160794163db89b827c6c506a7d
routing_nominal_history,routing_nominal_history:seed96100002:epoch55,55,17,discovery,96200002,u_0.30,0.3,54168778.51793969,0.4380165289256198,41.0,0.043010752688172046,800405b9f74aaa90d90ba641e3d644c477fd53160794163db89b827c6c506a7d
routing_nominal_history,routing_nominal_history:seed96100002:epoch55,55,17,discovery,96200002,u_0.40,0.4,54764370.52867174,0.4380165289256198,41.0,0.038834951456310676,800405b9f74aaa90d90ba641e3d644c477fd53160794163db89b827c6c506a7d
routing_nominal_history,routing_nominal_history:seed96100002:epoch55,55,17,discovery,96200002,u_0.50,0.5,54495417.14790963,0.4380165289256198,39.0,0.03508771929824561,800405b9f74aaa90d90ba641e3d644c477fd53160794163db89b827c6c506a7d
routing_nominal_history,routing_nominal_history:seed96100002:epoch55,55,17,discovery,96200002,u_0.60,0.6,54762966.17565332,0.4380165289256198,37.0,0.03305785123966942,800405b9f74aaa90d90ba641e3d644c477fd53160794163db89b827c6c506a7d
routing_nominal_history,routing_nominal_history:seed96100002:epoch55,55,17,discovery,96200002,u_0.70,0.7,55315923.21190284,0.4380165289256198,35.0,0.03125,800405b9f74aaa90d90ba641e3d644c477fd53160794163db89b827c6c506a7d
routing_nominal_history,routing_nominal_history:seed96100002:epoch55,55,17,discovery,96200002,u_0.80,0.8,56053741.23790577,0.4380165289256198,33.0,0.029197080291970802,800405b9f74aaa90d90ba641e3d644c477fd53160794163db89b827c6c506a7d
routing_nominal_history,routing_nominal_history:seed96100002:epoch55,55,17,discovery,96200002,u_0.90,0.9,58377741.10991934,0.4380165289256198,33.0,0.028169014084507043,800405b9f74aaa90d90ba641e3d644c477fd53160794163db89b827c6c506a7d
routing_nominal_history,routing_nominal_history:seed96100002:epoch55,55,17,discovery,96200002,u_1.00,1.0,60160941.04790962,0.4380165289256198,32.0,0.02631578947368421,800405b9f74aaa90d90ba641e3d644c477fd53160794163db89b827c6c506a7d
routing_nominal_history,routing_nominal_history:seed96100002:epoch55,55,17,validation,96300000,anchor,-1.0,55141219.88836281,0.4380165289256198,44.0,0.05970149253731343,800405b9f74aaa90d90ba641e3d644c477fd53160794163db89b827c6c506a7d
routing_nominal_history,routing_nominal_history:seed96100002:epoch55,55,17,validation,96300000,u_0.00,0.0,55141219.88836281,0.4380165289256198,44.0,0.05970149253731343,800405b9f74aaa90d90ba641e3d644c477fd53160794163db89b827c6c506a7d
routing_nominal_history,routing_nominal_history:seed96100002:epoch55,55,17,validation,96300000,u_0.10,0.1,55312667.12026432,0.4380165289256198,44.0,0.05405405405405406,800405b9f74aaa90d90ba641e3d644c477fd53160794163db89b827c6c506a7d
routing_nominal_history,routing_nominal_history:seed96100002:epoch55,55,17,validation,96300000,u_0.20,0.2,54458707.96205319,0.4380165289256198,42.0,0.04878048780487805,800405b9f74aaa90d90ba641e3d644c477fd53160794163db89b827c6c506a7d
routing_nominal_history,routing_nominal_history:seed96100002:epoch55,55,17,validation,96300000,u_0.30,0.3,54168778.51793969,0.4380165289256198,41.0,0.043010752688172046,800405b9f74aaa90d90ba641e3d644c477fd53160794163db89b827c6c506a7d
routing_nominal_history,routing_nominal_history:seed96100002:epoch55,55,17,validation,96300000,u_0.40,0.4,54764370.52867174,0.4380165289256198,41.0,0.038834951456310676,800405b9f74aaa90d90ba641e3d644c477fd53160794163db89b827c6c506a7d
routing_nominal_history,routing_nominal_history:seed96100002:epoch55,55,17,validation,96300000,u_0.50,0.5,54495417.14790963,0.4380165289256198,39.0,0.03508771929824561,800405b9f74aaa90d90ba641e3d644c477fd53160794163db89b827c6c506a7d
routing_nominal_history,routing_nominal_history:seed96100002:epoch55,55,17,validation,96300000,u_0.60,0.6,54762966.17565332,0.4380165289256198,37.0,0.03305785123966942,800405b9f74aaa90d90ba641e3d644c477fd53160794163db89b827c6c506a7d
routing_nominal_history,routing_nominal_history:seed96100002:epoch55,55,17,validation,96300000,u_0.70,0.7,55315923.21190284,0.4380165289256198,35.0,0.03125,800405b9f74aaa90d90ba641e3d644c477fd53160794163db89b827c6c506a7d
routing_nominal_history,routing_nominal_history:seed96100002:epoch55,55,17,validation,96300000,u_0.80,0.8,56053741.23790577,0.4380165289256198,33.0,0.029197080291970802,800405b9f74aaa90d90ba641e3d644c477fd53160794163db89b827c6c506a7d
routing_nominal_history,routing_nominal_history:seed96100002:epoch55,55,17,validation,96300000,u_0.90,0.9,58377741.10991934,0.4380165289256198,33.0,0.028169014084507043,800405b9f74aaa90d90ba641e3d644c477fd53160794163db89b827c6c506a7d
routing_nominal_history,routing_nominal_history:seed96100002:epoch55,55,17,validation,96300000,u_1.00,1.0,60160941.04790962,0.4380165289256198,32.0,0.02631578947368421,800405b9f74aaa90d90ba641e3d644c477fd53160794163db89b827c6c506a7d
routing_nominal_history,routing_nominal_history:seed96100002:epoch55,55,17,validation,96300001,anchor,-1.0,55141219.88836281,0.4380165289256198,44.0,0.05970149253731343,800405b9f74aaa90d90ba641e3d644c477fd53160794163db89b827c6c506a7d
routing_nominal_history,routing_nominal_history:seed96100002:epoch55,55,17,validation,96300001,u_0.00,0.0,55141219.88836281,0.4380165289256198,44.0,0.05970149253731343,800405b9f74aaa90d90ba641e3d644c477fd53160794163db89b827c6c506a7d
routing_nominal_history,routing_nominal_history:seed96100002:epoch55,55,17,validation,96300001,u_0.10,0.1,55312667.12026432,0.4380165289256198,44.0,0.05405405405405406,800405b9f74aaa90d90ba641e3d644c477fd53160794163db89b827c6c506a7d
routing_nominal_history,routing_nominal_history:seed96100002:epoch55,55,17,validation,96300001,u_0.20,0.2,54458707.96205319,0.4380165289256198,42.0,0.04878048780487805,800405b9f74aaa90d90ba641e3d644c477fd53160794163db89b827c6c506a7d
routing_nominal_history,routing_nominal_history:seed96100002:epoch55,55,17,validation,96300001,u_0.30,0.3,54168778.51793969,0.4380165289256198,41.0,0.043010752688172046,800405b9f74aaa90d90ba641e3d644c477fd53160794163db89b827c6c506a7d
routing_nominal_history,routing_nominal_history:seed96100002:epoch55,55,17,validation,96300001,u_0.40,0.4,54764370.52867174,0.4380165289256198,41.0,0.038834951456310676,800405b9f74aaa90d90ba641e3d644c477fd53160794163db89b827c6c506a7d
routing_nominal_history,routing_nominal_history:seed96100002:epoch55,55,17,validation,96300001,u_0.50,0.5,54495417.14790963,0.4380165289256198,39.0,0.03508771929824561,800405b9f74aaa90d90ba641e3d644c477fd53160794163db89b827c6c506a7d
routing_nominal_history,routing_nominal_history:seed96100002:epoch55,55,17,validation,96300001,u_0.60,0.6,54762966.17565332,0.4380165289256198,37.0,0.03305785123966942,800405b9f74aaa90d90ba641e3d644c477fd53160794163db89b827c6c506a7d
routing_nominal_history,routing_nominal_history:seed96100002:epoch55,55,17,validation,96300001,u_0.70,0.7,55315923.21190284,0.4380165289256198,35.0,0.03125,800405b9f74aaa90d90ba641e3d644c477fd53160794163db89b827c6c506a7d
routing_nominal_history,routing_nominal_history:seed96100002:epoch55,55,17,validation,96300001,u_0.80,0.8,56053741.23790577,0.4380165289256198,33.0,0.029197080291970802,800405b9f74aaa90d90ba641e3d644c477fd53160794163db89b827c6c506a7d
routing_nominal_history,routing_nominal_history:seed96100002:epoch55,55,17,validation,96300001,u_0.90,0.9,58377741.10991934,0.4380165289256198,33.0,0.028169014084507043,800405b9f74aaa90d90ba641e3d644c477fd53160794163db89b827c6c506a7d
routing_nominal_history,routing_nominal_history:seed96100002:epoch55,55,17,validation,96300001,u_1.00,1.0,60160941.04790962,0.4380165289256198,32.0,0.02631578947368421,800405b9f74aaa90d90ba641e3d644c477fd53160794163db89b827c6c506a7d
routing_nominal_history,routing_nominal_history:seed96100002:epoch55,55,17,validation,96300002,anchor,-1.0,55141219.88836281,0.4380165289256198,44.0,0.05970149253731343,800405b9f74aaa90d90ba641e3d644c477fd53160794163db89b827c6c506a7d
routing_nominal_history,routing_nominal_history:seed96100002:epoch55,55,17,validation,96300002,u_0.00,0.0,55141219.88836281,0.4380165289256198,44.0,0.05970149253731343,800405b9f74aaa90d90ba641e3d644c477fd53160794163db89b827c6c506a7d
routing_nominal_history,routing_nominal_history:seed96100002:epoch55,55,17,validation,96300002,u_0.10,0.1,55312667.12026432,0.4380165289256198,44.0,0.05405405405405406,800405b9f74aaa90d90ba641e3d644c477fd53160794163db89b827c6c506a7d
routing_nominal_history,routing_nominal_history:seed96100002:epoch55,55,17,validation,96300002,u_0.20,0.2,54458707.96205319,0.4380165289256198,42.0,0.04878048780487805,800405b9f74aaa90d90ba641e3d644c477fd53160794163db89b827c6c506a7d
routing_nominal_history,routing_nominal_history:seed96100002:epoch55,55,17,validation,96300002,u_0.30,0.3,54168778.51793969,0.4380165289256198,41.0,0.043010752688172046,800405b9f74aaa90d90ba641e3d644c477fd53160794163db89b827c6c506a7d
routing_nominal_history,routing_nominal_history:seed96100002:epoch55,55,17,validation,96300002,u_0.40,0.4,54764370.52867174,0.4380165289256198,41.0,0.038834951456310676,800405b9f74aaa90d90ba641e3d644c477fd53160794163db89b827c6c506a7d
routing_nominal_history,routing_nominal_history:seed96100002:epoch55,55,17,validation,96300002,u_0.50,0.5,54495417.14790963,0.4380165289256198,39.0,0.03508771929824561,800405b9f74aaa90d90ba641e3d644c477fd53160794163db89b827c6c506a7d
routing_nominal_history,routing_nominal_history:seed96100002:epoch55,55,17,validation,96300002,u_0.60,0.6,54762966.17565332,0.4380165289256198,37.0,0.03305785123966942,800405b9f74aaa90d90ba641e3d644c477fd53160794163db89b827c6c506a7d
routing_nominal_history,routing_nominal_history:seed96100002:epoch55,55,17,validation,96300002,u_0.70,0.7,55315923.21190284,0.4380165289256198,35.0,0.03125,800405b9f74aaa90d90ba641e3d644c477fd53160794163db89b827c6c506a7d
routing_nominal_history,routing_nominal_history:seed96100002:epoch55,55,17,validation,96300002,u_0.80,0.8,56053741.23790577,0.4380165289256198,33.0,0.029197080291970802,800405b9f74aaa90d90ba641e3d644c477fd53160794163db89b827c6c506a7d
routing_nominal_history,routing_nominal_history:seed96100002:epoch55,55,17,validation,96300002,u_0.90,0.9,58377741.10991934,0.4380165289256198,33.0,0.028169014084507043,800405b9f74aaa90d90ba641e3d644c477fd53160794163db89b827c6c506a7d
routing_nominal_history,routing_nominal_history:seed96100002:epoch55,55,17,validation,96300002,u_1.00,1.0,60160941.04790962,0.4380165289256198,32.0,0.02631578947368421,800405b9f74aaa90d90ba641e3d644c477fd53160794163db89b827c6c506a7d
routing_nominal_history,routing_nominal_history:seed96100002:epoch55,55,17,validation,96300003,anchor,-1.0,55141219.88836281,0.4380165289256198,44.0,0.05970149253731343,800405b9f74aaa90d90ba641e3d644c477fd53160794163db89b827c6c506a7d
routing_nominal_history,routing_nominal_history:seed96100002:epoch55,55,17,validation,96300003,u_0.00,0.0,55141219.88836281,0.4380165289256198,44.0,0.05970149253731343,800405b9f74aaa90d90ba641e3d644c477fd53160794163db89b827c6c506a7d
routing_nominal_history,routing_nominal_history:seed96100002:epoch55,55,17,validation,96300003,u_0.10,0.1,55312667.12026432,0.4380165289256198,44.0,0.05405405405405406,800405b9f74aaa90d90ba641e3d644c477fd53160794163db89b827c6c506a7d
routing_nominal_history,routing_nominal_history:seed96100002:epoch55,55,17,validation,96300003,u_0.20,0.2,54458707.96205319,0.4380165289256198,42.0,0.04878048780487805,800405b9f74aaa90d90ba641e3d644c477fd53160794163db89b827c6c506a7d
routing_nominal_history,routing_nominal_history:seed96100002:epoch55,55,17,validation,96300003,u_0.30,0.3,54168778.51793969,0.4380165289256198,41.0,0.043010752688172046,800405b9f74aaa90d90ba641e3d644c477fd53160794163db89b827c6c506a7d
routing_nominal_history,routing_nominal_history:seed96100002:epoch55,55,17,validation,96300003,u_0.40,0.4,54764370.52867174,0.4380165289256198,41.0,0.038834951456310676,800405b9f74aaa90d90ba641e3d644c477fd53160794163db89b827c6c506a7d
routing_nominal_history,routing_nominal_history:seed96100002:epoch55,55,17,validation,96300003,u_0.50,0.5,54495417.14790963,0.4380165289256198,39.0,0.03508771929824561,800405b9f74aaa90d90ba641e3d644c477fd53160794163db89b827c6c506a7d
routing_nominal_history,routing_nominal_history:seed96100002:epoch55,55,17,validation,96300003,u_0.60,0.6,54762966.17565332,0.4380165289256198,37.0,0.03305785123966942,800405b9f74aaa90d90ba641e3d644c477fd53160794163db89b827c6c506a7d
routing_nominal_history,routing_nominal_history:seed96100002:epoch55,55,17,validation,96300003,u_0.70,0.7,55315923.21190284,0.4380165289256198,35.0,0.03125,800405b9f74aaa90d90ba641e3d644c477fd53160794163db89b827c6c506a7d
routing_nominal_history,routing_nominal_history:seed96100002:epoch55,55,17,validation,96300003,u_0.80,0.8,56053741.23790577,0.4380165289256198,33.0,0.029197080291970802,800405b9f74aaa90d90ba641e3d644c477fd53160794163db89b827c6c506a7d
routing_nominal_history,routing_nominal_history:seed96100002:epoch55,55,17,validation,96300003,u_0.90,0.9,58377741.10991934,0.4380165289256198,33.0,0.028169014084507043,800405b9f74aaa90d90ba641e3d644c477fd53160794163db89b827c6c506a7d
routing_nominal_history,routing_nominal_history:seed96100002:epoch55,55,17,validation,96300003,u_1.00,1.0,60160941.04790962,0.4380165289256198,32.0,0.02631578947368421,800405b9f74aaa90d90ba641e3d644c477fd53160794163db89b827c6c506a7d
routing_nominal_history,routing_nominal_history:seed96100002:epoch55,55,17,validation,96300004,anchor,-1.0,55141219.88836281,0.4380165289256198,44.0,0.05970149253731343,800405b9f74aaa90d90ba641e3d644c477fd53160794163db89b827c6c506a7d
routing_nominal_history,routing_nominal_history:seed96100002:epoch55,55,17,validation,96300004,u_0.00,0.0,55141219.88836281,0.4380165289256198,44.0,0.05970149253731343,800405b9f74aaa90d90ba641e3d644c477fd53160794163db89b827c6c506a7d
routing_nominal_history,routing_nominal_history:seed96100002:epoch55,55,17,validation,96300004,u_0.10,0.1,55312667.12026432,0.4380165289256198,44.0,0.05405405405405406,800405b9f74aaa90d90ba641e3d644c477fd53160794163db89b827c6c506a7d
routing_nominal_history,routing_nominal_history:seed96100002:epoch55,55,17,validation,96300004,u_0.20,0.2,54458707.96205319,0.4380165289256198,42.0,0.04878048780487805,800405b9f74aaa90d90ba641e3d644c477fd53160794163db89b827c6c506a7d
routing_nominal_history,routing_nominal_history:seed96100002:epoch55,55,17,validation,96300004,u_0.30,0.3,54168778.51793969,0.4380165289256198,41.0,0.043010752688172046,800405b9f74aaa90d90ba641e3d644c477fd53160794163db89b827c6c506a7d
routing_nominal_history,routing_nominal_history:seed96100002:epoch55,55,17,validation,96300004,u_0.40,0.4,54764370.52867174,0.4380165289256198,41.0,0.038834951456310676,800405b9f74aaa90d90ba641e3d644c477fd53160794163db89b827c6c506a7d
routing_nominal_history,routing_nominal_history:seed96100002:epoch55,55,17,validation,96300004,u_0.50,0.5,54495417.14790963,0.4380165289256198,39.0,0.03508771929824561,800405b9f74aaa90d90ba641e3d644c477fd53160794163db89b827c6c506a7d
routing_nominal_history,routing_nominal_history:seed96100002:epoch55,55,17,validation,96300004,u_0.60,0.6,54762966.17565332,0.4380165289256198,37.0,0.03305785123966942,800405b9f74aaa90d90ba641e3d644c477fd53160794163db89b827c6c506a7d
routing_nominal_history,routing_nominal_history:seed96100002:epoch55,55,17,validation,96300004,u_0.70,0.7,55315923.21190284,0.4380165289256198,35.0,0.03125,800405b9f74aaa90d90ba641e3d644c477fd53160794163db89b827c6c506a7d
routing_nominal_history,routing_nominal_history:seed96100002:epoch55,55,17,validation,96300004,u_0.80,0.8,56053741.23790577,0.4380165289256198,33.0,0.029197080291970802,800405b9f74aaa90d90ba641e3d644c477fd53160794163db89b827c6c506a7d
routing_nominal_history,routing_nominal_history:seed96100002:epoch55,55,17,validation,96300004,u_0.90,0.9,58377741.10991934,0.4380165289256198,33.0,0.028169014084507043,800405b9f74aaa90d90ba641e3d644c477fd53160794163db89b827c6c506a7d
routing_nominal_history,routing_nominal_history:seed96100002:epoch55,55,17,validation,96300004,u_1.00,1.0,60160941.04790962,0.4380165289256198,32.0,0.02631578947368421,800405b9f74aaa90d90ba641e3d644c477fd53160794163db89b827c6c506a7d
routing_nominal_history,routing_nominal_history:seed96100002:epoch80,80,20,discovery,96200000,anchor,-1.0,79203958.61969572,0.5,59.0,0.08196721311475409,800405b9f74aaa90d90ba641e3d644c477fd53160794163db89b827c6c506a7d
routing_nominal_history,routing_nominal_history:seed96100002:epoch80,80,20,discovery,96200000,u_0.00,0.0,79203958.61969572,0.5,59.0,0.08196721311475409,800405b9f74aaa90d90ba641e3d644c477fd53160794163db89b827c6c506a7d
routing_nominal_history,routing_nominal_history:seed96100002:epoch80,80,20,discovery,96200000,u_0.10,0.1,78418435.84801613,0.5,57.0,0.07042253521126761,800405b9f74aaa90d90ba641e3d644c477fd53160794163db89b827c6c506a7d
routing_nominal_history,routing_nominal_history:seed96100002:epoch80,80,20,discovery,96200000,u_0.20,0.2,78092775.77075917,0.5,56.0,0.06097560975609756,800405b9f74aaa90d90ba641e3d644c477fd53160794163db89b827c6c506a7d
routing_nominal_history,routing_nominal_history:seed96100002:epoch80,80,20,discovery,96200000,u_0.30,0.3,76799952.14409076,0.5,53.0,0.05154639175257732,800405b9f74aaa90d90ba641e3d644c477fd53160794163db89b827c6c506a7d
routing_nominal_history,routing_nominal_history:seed96100002:epoch80,80,20,discovery,96200000,u_0.40,0.4,76572579.95819381,0.5,51.0,0.04504504504504504,800405b9f74aaa90d90ba641e3d644c477fd53160794163db89b827c6c506a7d
routing_nominal_history,routing_nominal_history:seed96100002:epoch80,80,20,discovery,96200000,u_0.50,0.5,75598974.3835836,0.5,47.0,0.03968253968253968,800405b9f74aaa90d90ba641e3d644c477fd53160794163db89b827c6c506a7d
routing_nominal_history,routing_nominal_history:seed96100002:epoch80,80,20,discovery,96200000,u_0.60,0.6,76768084.92026013,0.5,46.0,0.0364963503649635,800405b9f74aaa90d90ba641e3d644c477fd53160794163db89b827c6c506a7d
routing_nominal_history,routing_nominal_history:seed96100002:epoch80,80,20,discovery,96200000,u_0.70,0.7,78391462.66822338,0.5,45.0,0.03424657534246575,800405b9f74aaa90d90ba641e3d644c477fd53160794163db89b827c6c506a7d
routing_nominal_history,routing_nominal_history:seed96100002:epoch80,80,20,discovery,96200000,u_0.80,0.8,80116919.0672897,0.5,44.0,0.031055900621118012,800405b9f74aaa90d90ba641e3d644c477fd53160794163db89b827c6c506a7d
routing_nominal_history,routing_nominal_history:seed96100002:epoch80,80,20,discovery,96200000,u_0.90,0.9,82422189.3980101,0.5,43.0,0.029069767441860465,800405b9f74aaa90d90ba641e3d644c477fd53160794163db89b827c6c506a7d
routing_nominal_history,routing_nominal_history:seed96100002:epoch80,80,20,discovery,96200000,u_1.00,1.0,82792617.28358361,0.5,38.0,0.026881720430107527,800405b9f74aaa90d90ba641e3d644c477fd53160794163db89b827c6c506a7d
routing_nominal_history,routing_nominal_history:seed96100002:epoch80,80,20,discovery,96200001,anchor,-1.0,79203958.61969572,0.5,59.0,0.08196721311475409,800405b9f74aaa90d90ba641e3d644c477fd53160794163db89b827c6c506a7d
routing_nominal_history,routing_nominal_history:seed96100002:epoch80,80,20,discovery,96200001,u_0.00,0.0,79203958.61969572,0.5,59.0,0.08196721311475409,800405b9f74aaa90d90ba641e3d644c477fd53160794163db89b827c6c506a7d
routing_nominal_history,routing_nominal_history:seed96100002:epoch80,80,20,discovery,96200001,u_0.10,0.1,78418435.84801613,0.5,57.0,0.07042253521126761,800405b9f74aaa90d90ba641e3d644c477fd53160794163db89b827c6c506a7d
routing_nominal_history,routing_nominal_history:seed96100002:epoch80,80,20,discovery,96200001,u_0.20,0.2,78092775.77075917,0.5,56.0,0.06097560975609756,800405b9f74aaa90d90ba641e3d644c477fd53160794163db89b827c6c506a7d
routing_nominal_history,routing_nominal_history:seed96100002:epoch80,80,20,discovery,96200001,u_0.30,0.3,76799952.14409076,0.5,53.0,0.05154639175257732,800405b9f74aaa90d90ba641e3d644c477fd53160794163db89b827c6c506a7d
routing_nominal_history,routing_nominal_history:seed96100002:epoch80,80,20,discovery,96200001,u_0.40,0.4,76572579.95819381,0.5,51.0,0.04504504504504504,800405b9f74aaa90d90ba641e3d644c477fd53160794163db89b827c6c506a7d
routing_nominal_history,routing_nominal_history:seed96100002:epoch80,80,20,discovery,96200001,u_0.50,0.5,75598974.3835836,0.5,47.0,0.03968253968253968,800405b9f74aaa90d90ba641e3d644c477fd53160794163db89b827c6c506a7d
routing_nominal_history,routing_nominal_history:seed96100002:epoch80,80,20,discovery,96200001,u_0.60,0.6,76768084.92026013,0.5,46.0,0.0364963503649635,800405b9f74aaa90d90ba641e3d644c477fd53160794163db89b827c6c506a7d
routing_nominal_history,routing_nominal_history:seed96100002:epoch80,80,20,discovery,96200001,u_0.70,0.7,78391462.66822338,0.5,45.0,0.03424657534246575,800405b9f74aaa90d90ba641e3d644c477fd53160794163db89b827c6c506a7d
routing_nominal_history,routing_nominal_history:seed96100002:epoch80,80,20,discovery,96200001,u_0.80,0.8,80116919.0672897,0.5,44.0,0.031055900621118012,800405b9f74aaa90d90ba641e3d644c477fd53160794163db89b827c6c506a7d
routing_nominal_history,routing_nominal_history:seed96100002:epoch80,80,20,discovery,96200001,u_0.90,0.9,82422189.3980101,0.5,43.0,0.029069767441860465,800405b9f74aaa90d90ba641e3d644c477fd53160794163db89b827c6c506a7d
routing_nominal_history,routing_nominal_history:seed96100002:epoch80,80,20,discovery,96200001,u_1.00,1.0,82792617.28358361,0.5,38.0,0.026881720430107527,800405b9f74aaa90d90ba641e3d644c477fd53160794163db89b827c6c506a7d
routing_nominal_history,routing_nominal_history:seed96100002:epoch80,80,20,discovery,96200002,anchor,-1.0,79203958.61969572,0.5,59.0,0.08196721311475409,800405b9f74aaa90d90ba641e3d644c477fd53160794163db89b827c6c506a7d
routing_nominal_history,routing_nominal_history:seed96100002:epoch80,80,20,discovery,96200002,u_0.00,0.0,79203958.61969572,0.5,59.0,0.08196721311475409,800405b9f74aaa90d90ba641e3d644c477fd53160794163db89b827c6c506a7d
routing_nominal_history,routing_nominal_history:seed96100002:epoch80,80,20,discovery,96200002,u_0.10,0.1,78418435.84801613,0.5,57.0,0.07042253521126761,800405b9f74aaa90d90ba641e3d644c477fd53160794163db89b827c6c506a7d
routing_nominal_history,routing_nominal_history:seed96100002:epoch80,80,20,discovery,96200002,u_0.20,0.2,78092775.77075917,0.5,56.0,0.06097560975609756,800405b9f74aaa90d90ba641e3d644c477fd53160794163db89b827c6c506a7d
routing_nominal_history,routing_nominal_history:seed96100002:epoch80,80,20,discovery,96200002,u_0.30,0.3,76799952.14409076,0.5,53.0,0.05154639175257732,800405b9f74aaa90d90ba641e3d644c477fd53160794163db89b827c6c506a7d
routing_nominal_history,routing_nominal_history:seed96100002:epoch80,80,20,discovery,96200002,u_0.40,0.4,76572579.95819381,0.5,51.0,0.04504504504504504,800405b9f74aaa90d90ba641e3d644c477fd53160794163db89b827c6c506a7d
routing_nominal_history,routing_nominal_history:seed96100002:epoch80,80,20,discovery,96200002,u_0.50,0.5,75598974.3835836,0.5,47.0,0.03968253968253968,800405b9f74aaa90d90ba641e3d644c477fd53160794163db89b827c6c506a7d
routing_nominal_history,routing_nominal_history:seed96100002:epoch80,80,20,discovery,96200002,u_0.60,0.6,76768084.92026013,0.5,46.0,0.0364963503649635,800405b9f74aaa90d90ba641e3d644c477fd53160794163db89b827c6c506a7d
routing_nominal_history,routing_nominal_history:seed96100002:epoch80,80,20,discovery,96200002,u_0.70,0.7,78391462.66822338,0.5,45.0,0.03424657534246575,800405b9f74aaa90d90ba641e3d644c477fd53160794163db89b827c6c506a7d
routing_nominal_history,routing_nominal_history:seed96100002:epoch80,80,20,discovery,96200002,u_0.80,0.8,80116919.0672897,0.5,44.0,0.031055900621118012,800405b9f74aaa90d90ba641e3d644c477fd53160794163db89b827c6c506a7d
routing_nominal_history,routing_nominal_history:seed96100002:epoch80,80,20,discovery,96200002,u_0.90,0.9,82422189.3980101,0.5,43.0,0.029069767441860465,800405b9f74aaa90d90ba641e3d644c477fd53160794163db89b827c6c506a7d
routing_nominal_history,routing_nominal_history:seed96100002:epoch80,80,20,discovery,96200002,u_1.00,1.0,82792617.28358361,0.5,38.0,0.026881720430107527,800405b9f74aaa90d90ba641e3d644c477fd53160794163db89b827c6c506a7d
routing_nominal_history,routing_nominal_history:seed96100002:epoch80,80,20,validation,96300000,anchor,-1.0,79203958.61969572,0.5,59.0,0.08196721311475409,800405b9f74aaa90d90ba641e3d644c477fd53160794163db89b827c6c506a7d
routing_nominal_history,routing_nominal_history:seed96100002:epoch80,80,20,validation,96300000,u_0.00,0.0,79203958.61969572,0.5,59.0,0.08196721311475409,800405b9f74aaa90d90ba641e3d644c477fd53160794163db89b827c6c506a7d
routing_nominal_history,routing_nominal_history:seed96100002:epoch80,80,20,validation,96300000,u_0.10,0.1,78418435.84801613,0.5,57.0,0.07042253521126761,800405b9f74aaa90d90ba641e3d644c477fd53160794163db89b827c6c506a7d
routing_nominal_history,routing_nominal_history:seed96100002:epoch80,80,20,validation,96300000,u_0.20,0.2,78092775.77075917,0.5,56.0,0.06097560975609756,800405b9f74aaa90d90ba641e3d644c477fd53160794163db89b827c6c506a7d
routing_nominal_history,routing_nominal_history:seed96100002:epoch80,80,20,validation,96300000,u_0.30,0.3,76799952.14409076,0.5,53.0,0.05154639175257732,800405b9f74aaa90d90ba641e3d644c477fd53160794163db89b827c6c506a7d
routing_nominal_history,routing_nominal_history:seed96100002:epoch80,80,20,validation,96300000,u_0.40,0.4,76572579.95819381,0.5,51.0,0.04504504504504504,800405b9f74aaa90d90ba641e3d644c477fd53160794163db89b827c6c506a7d
routing_nominal_history,routing_nominal_history:seed96100002:epoch80,80,20,validation,96300000,u_0.50,0.5,75598974.3835836,0.5,47.0,0.03968253968253968,800405b9f74aaa90d90ba641e3d644c477fd53160794163db89b827c6c506a7d
routing_nominal_history,routing_nominal_history:seed96100002:epoch80,80,20,validation,96300000,u_0.60,0.6,76768084.92026013,0.5,46.0,0.0364963503649635,800405b9f74aaa90d90ba641e3d644c477fd53160794163db89b827c6c506a7d
routing_nominal_history,routing_nominal_history:seed96100002:epoch80,80,20,validation,96300000,u_0.70,0.7,78391462.66822338,0.5,45.0,0.03424657534246575,800405b9f74aaa90d90ba641e3d644c477fd53160794163db89b827c6c506a7d
routing_nominal_history,routing_nominal_history:seed96100002:epoch80,80,20,validation,96300000,u_0.80,0.8,80116919.0672897,0.5,44.0,0.031055900621118012,800405b9f74aaa90d90ba641e3d644c477fd53160794163db89b827c6c506a7d
routing_nominal_history,routing_nominal_history:seed96100002:epoch80,80,20,validation,96300000,u_0.90,0.9,82422189.3980101,0.5,43.0,0.029069767441860465,800405b9f74aaa90d90ba641e3d644c477fd53160794163db89b827c6c506a7d
routing_nominal_history,routing_nominal_history:seed96100002:epoch80,80,20,validation,96300000,u_1.00,1.0,82792617.28358361,0.5,38.0,0.026881720430107527,800405b9f74aaa90d90ba641e3d644c477fd53160794163db89b827c6c506a7d
routing_nominal_history,routing_nominal_history:seed96100002:epoch80,80,20,validation,96300001,anchor,-1.0,79203958.61969572,0.5,59.0,0.08196721311475409,800405b9f74aaa90d90ba641e3d644c477fd53160794163db89b827c6c506a7d
routing_nominal_history,routing_nominal_history:seed96100002:epoch80,80,20,validation,96300001,u_0.00,0.0,79203958.61969572,0.5,59.0,0.08196721311475409,800405b9f74aaa90d90ba641e3d644c477fd53160794163db89b827c6c506a7d
routing_nominal_history,routing_nominal_history:seed96100002:epoch80,80,20,validation,96300001,u_0.10,0.1,78418435.84801613,0.5,57.0,0.07042253521126761,800405b9f74aaa90d90ba641e3d644c477fd53160794163db89b827c6c506a7d
routing_nominal_history,routing_nominal_history:seed96100002:epoch80,80,20,validation,96300001,u_0.20,0.2,78092775.77075917,0.5,56.0,0.06097560975609756,800405b9f74aaa90d90ba641e3d644c477fd53160794163db89b827c6c506a7d
routing_nominal_history,routing_nominal_history:seed96100002:epoch80,80,20,validation,96300001,u_0.30,0.3,76799952.14409076,0.5,53.0,0.05154639175257732,800405b9f74aaa90d90ba641e3d644c477fd53160794163db89b827c6c506a7d
routing_nominal_history,routing_nominal_history:seed96100002:epoch80,80,20,validation,96300001,u_0.40,0.4,76572579.95819381,0.5,51.0,0.04504504504504504,800405b9f74aaa90d90ba641e3d644c477fd53160794163db89b827c6c506a7d
routing_nominal_history,routing_nominal_history:seed96100002:epoch80,80,20,validation,96300001,u_0.50,0.5,75598974.3835836,0.5,47.0,0.03968253968253968,800405b9f74aaa90d90ba641e3d644c477fd53160794163db89b827c6c506a7d
routing_nominal_history,routing_nominal_history:seed96100002:epoch80,80,20,validation,96300001,u_0.60,0.6,76768084.92026013,0.5,46.0,0.0364963503649635,800405b9f74aaa90d90ba641e3d644c477fd53160794163db89b827c6c506a7d
routing_nominal_history,routing_nominal_history:seed96100002:epoch80,80,20,validation,96300001,u_0.70,0.7,78391462.66822338,0.5,45.0,0.03424657534246575,800405b9f74aaa90d90ba641e3d644c477fd53160794163db89b827c6c506a7d
routing_nominal_history,routing_nominal_history:seed96100002:epoch80,80,20,validation,96300001,u_0.80,0.8,80116919.0672897,0.5,44.0,0.031055900621118012,800405b9f74aaa90d90ba641e3d644c477fd53160794163db89b827c6c506a7d
routing_nominal_history,routing_nominal_history:seed96100002:epoch80,80,20,validation,96300001,u_0.90,0.9,82422189.3980101,0.5,43.0,0.029069767441860465,800405b9f74aaa90d90ba641e3d644c477fd53160794163db89b827c6c506a7d
routing_nominal_history,routing_nominal_history:seed96100002:epoch80,80,20,validation,96300001,u_1.00,1.0,82792617.28358361,0.5,38.0,0.026881720430107527,800405b9f74aaa90d90ba641e3d644c477fd53160794163db89b827c6c506a7d
routing_nominal_history,routing_nominal_history:seed96100002:epoch80,80,20,validation,96300002,anchor,-1.0,79203958.61969572,0.5,59.0,0.08196721311475409,800405b9f74aaa90d90ba641e3d644c477fd53160794163db89b827c6c506a7d
routing_nominal_history,routing_nominal_history:seed96100002:epoch80,80,20,validation,96300002,u_0.00,0.0,79203958.61969572,0.5,59.0,0.08196721311475409,800405b9f74aaa90d90ba641e3d644c477fd53160794163db89b827c6c506a7d
routing_nominal_history,routing_nominal_history:seed96100002:epoch80,80,20,validation,96300002,u_0.10,0.1,78418435.84801613,0.5,57.0,0.07042253521126761,800405b9f74aaa90d90ba641e3d644c477fd53160794163db89b827c6c506a7d
routing_nominal_history,routing_nominal_history:seed96100002:epoch80,80,20,validation,96300002,u_0.20,0.2,78092775.77075917,0.5,56.0,0.06097560975609756,800405b9f74aaa90d90ba641e3d644c477fd53160794163db89b827c6c506a7d
routing_nominal_history,routing_nominal_history:seed96100002:epoch80,80,20,validation,96300002,u_0.30,0.3,76799952.14409076,0.5,53.0,0.05154639175257732,800405b9f74aaa90d90ba641e3d644c477fd53160794163db89b827c6c506a7d
routing_nominal_history,routing_nominal_history:seed96100002:epoch80,80,20,validation,96300002,u_0.40,0.4,76572579.95819381,0.5,51.0,0.04504504504504504,800405b9f74aaa90d90ba641e3d644c477fd53160794163db89b827c6c506a7d
routing_nominal_history,routing_nominal_history:seed96100002:epoch80,80,20,validation,96300002,u_0.50,0.5,75598974.3835836,0.5,47.0,0.03968253968253968,800405b9f74aaa90d90ba641e3d644c477fd53160794163db89b827c6c506a7d
routing_nominal_history,routing_nominal_history:seed96100002:epoch80,80,20,validation,96300002,u_0.60,0.6,76768084.92026013,0.5,46.0,0.0364963503649635,800405b9f74aaa90d90ba641e3d644c477fd53160794163db89b827c6c506a7d
routing_nominal_history,routing_nominal_history:seed96100002:epoch80,80,20,validation,96300002,u_0.70,0.7,78391462.66822338,0.5,45.0,0.03424657534246575,800405b9f74aaa90d90ba641e3d644c477fd53160794163db89b827c6c506a7d
routing_nominal_history,routing_nominal_history:seed96100002:epoch80,80,20,validation,96300002,u_0.80,0.8,80116919.0672897,0.5,44.0,0.031055900621118012,800405b9f74aaa90d90ba641e3d644c477fd53160794163db89b827c6c506a7d
routing_nominal_history,routing_nominal_history:seed96100002:epoch80,80,20,validation,96300002,u_0.90,0.9,82422189.3980101,0.5,43.0,0.029069767441860465,800405b9f74aaa90d90ba641e3d644c477fd53160794163db89b827c6c506a7d
routing_nominal_history,routing_nominal_history:seed96100002:epoch80,80,20,validation,96300002,u_1.00,1.0,82792617.28358361,0.5,38.0,0.026881720430107527,800405b9f74aaa90d90ba641e3d644c477fd53160794163db89b827c6c506a7d
routing_nominal_history,routing_nominal_history:seed96100002:epoch80,80,20,validation,96300003,anchor,-1.0,79203958.61969572,0.5,59.0,0.08196721311475409,800405b9f74aaa90d90ba641e3d644c477fd53160794163db89b827c6c506a7d
routing_nominal_history,routing_nominal_history:seed96100002:epoch80,80,20,validation,96300003,u_0.00,0.0,79203958.61969572,0.5,59.0,0.08196721311475409,800405b9f74aaa90d90ba641e3d644c477fd53160794163db89b827c6c506a7d
routing_nominal_history,routing_nominal_history:seed96100002:epoch80,80,20,validation,96300003,u_0.10,0.1,78418435.84801613,0.5,57.0,0.07042253521126761,800405b9f74aaa90d90ba641e3d644c477fd53160794163db89b827c6c506a7d
routing_nominal_history,routing_nominal_history:seed96100002:epoch80,80,20,validation,96300003,u_0.20,0.2,78092775.77075917,0.5,56.0,0.06097560975609756,800405b9f74aaa90d90ba641e3d644c477fd53160794163db89b827c6c506a7d
routing_nominal_history,routing_nominal_history:seed96100002:epoch80,80,20,validation,96300003,u_0.30,0.3,76799952.14409076,0.5,53.0,0.05154639175257732,800405b9f74aaa90d90ba641e3d644c477fd53160794163db89b827c6c506a7d
routing_nominal_history,routing_nominal_history:seed96100002:epoch80,80,20,validation,96300003,u_0.40,0.4,76572579.95819381,0.5,51.0,0.04504504504504504,800405b9f74aaa90d90ba641e3d644c477fd53160794163db89b827c6c506a7d
routing_nominal_history,routing_nominal_history:seed96100002:epoch80,80,20,validation,96300003,u_0.50,0.5,75598974.3835836,0.5,47.0,0.03968253968253968,800405b9f74aaa90d90ba641e3d644c477fd53160794163db89b827c6c506a7d
routing_nominal_history,routing_nominal_history:seed96100002:epoch80,80,20,validation,96300003,u_0.60,0.6,76768084.92026013,0.5,46.0,0.0364963503649635,800405b9f74aaa90d90ba641e3d644c477fd53160794163db89b827c6c506a7d
routing_nominal_history,routing_nominal_history:seed96100002:epoch80,80,20,validation,96300003,u_0.70,0.7,78391462.66822338,0.5,45.0,0.03424657534246575,800405b9f74aaa90d90ba641e3d644c477fd53160794163db89b827c6c506a7d
routing_nominal_history,routing_nominal_history:seed96100002:epoch80,80,20,validation,96300003,u_0.80,0.8,80116919.0672897,0.5,44.0,0.031055900621118012,800405b9f74aaa90d90ba641e3d644c477fd53160794163db89b827c6c506a7d
routing_nominal_history,routing_nominal_history:seed96100002:epoch80,80,20,validation,96300003,u_0.90,0.9,82422189.3980101,0.5,43.0,0.029069767441860465,800405b9f74aaa90d90ba641e3d644c477fd53160794163db89b827c6c506a7d
routing_nominal_history,routing_nominal_history:seed96100002:epoch80,80,20,validation,96300003,u_1.00,1.0,82792617.28358361,0.5,38.0,0.026881720430107527,800405b9f74aaa90d90ba641e3d644c477fd53160794163db89b827c6c506a7d
routing_nominal_history,routing_nominal_history:seed96100002:epoch80,80,20,validation,96300004,anchor,-1.0,79203958.61969572,0.5,59.0,0.08196721311475409,800405b9f74aaa90d90ba641e3d644c477fd53160794163db89b827c6c506a7d
routing_nominal_history,routing_nominal_history:seed96100002:epoch80,80,20,validation,96300004,u_0.00,0.0,79203958.61969572,0.5,59.0,0.08196721311475409,800405b9f74aaa90d90ba641e3d644c477fd53160794163db89b827c6c506a7d
routing_nominal_history,routing_nominal_history:seed96100002:epoch80,80,20,validation,96300004,u_0.10,0.1,78418435.84801613,0.5,57.0,0.07042253521126761,800405b9f74aaa90d90ba641e3d644c477fd53160794163db89b827c6c506a7d
routing_nominal_history,routing_nominal_history:seed96100002:epoch80,80,20,validation,96300004,u_0.20,0.2,78092775.77075917,0.5,56.0,0.06097560975609756,800405b9f74aaa90d90ba641e3d644c477fd53160794163db89b827c6c506a7d
routing_nominal_history,routing_nominal_history:seed96100002:epoch80,80,20,validation,96300004,u_0.30,0.3,76799952.14409076,0.5,53.0,0.05154639175257732,800405b9f74aaa90d90ba641e3d644c477fd53160794163db89b827c6c506a7d
routing_nominal_history,routing_nominal_history:seed96100002:epoch80,80,20,validation,96300004,u_0.40,0.4,76572579.95819381,0.5,51.0,0.04504504504504504,800405b9f74aaa90d90ba641e3d644c477fd53160794163db89b827c6c506a7d
routing_nominal_history,routing_nominal_history:seed96100002:epoch80,80,20,validation,96300004,u_0.50,0.5,75598974.3835836,0.5,47.0,0.03968253968253968,800405b9f74aaa90d90ba641e3d644c477fd53160794163db89b827c6c506a7d
routing_nominal_history,routing_nominal_history:seed96100002:epoch80,80,20,validation,96300004,u_0.60,0.6,76768084.92026013,0.5,46.0,0.0364963503649635,800405b9f74aaa90d90ba641e3d644c477fd53160794163db89b827c6c506a7d
routing_nominal_history,routing_nominal_history:seed96100002:epoch80,80,20,validation,96300004,u_0.70,0.7,78391462.66822338,0.5,45.0,0.03424657534246575,800405b9f74aaa90d90ba641e3d644c477fd53160794163db89b827c6c506a7d
routing_nominal_history,routing_nominal_history:seed96100002:epoch80,80,20,validation,96300004,u_0.80,0.8,80116919.0672897,0.5,44.0,0.031055900621118012,800405b9f74aaa90d90ba641e3d644c477fd53160794163db89b827c6c506a7d
routing_nominal_history,routing_nominal_history:seed96100002:epoch80,80,20,validation,96300004,u_0.90,0.9,82422189.3980101,0.5,43.0,0.029069767441860465,800405b9f74aaa90d90ba641e3d644c477fd53160794163db89b827c6c506a7d
routing_nominal_history,routing_nominal_history:seed96100002:epoch80,80,20,validation,96300004,u_1.00,1.0,82792617.28358361,0.5,38.0,0.026881720430107527,800405b9f74aaa90d90ba641e3d644c477fd53160794163db89b827c6c506a7d
routing_abrupt_regime_shift,routing_abrupt_regime_shift:seed96100000:epoch30,30,20,discovery,96200000,anchor,-1.0,1020664612.8389894,0.5975499092558983,897.0,0.06395348837209303,442b4f02bba381e49ce141b1f3250753918977d962b947e0d7d0b36030caec62
routing_abrupt_regime_shift,routing_abrupt_regime_shift:seed96100000:epoch30,30,20,discovery,96200000,u_0.00,0.0,1020664612.8389894,0.5975499092558983,897.0,0.06395348837209303,442b4f02bba381e49ce141b1f3250753918977d962b947e0d7d0b36030caec62
routing_abrupt_regime_shift,routing_abrupt_regime_shift:seed96100000:epoch30,30,20,discovery,96200000,u_0.10,0.1,1012285651.7848468,0.604355716878403,885.0,0.0592057761732852,442b4f02bba381e49ce141b1f3250753918977d962b947e0d7d0b36030caec62
routing_abrupt_regime_shift,routing_abrupt_regime_shift:seed96100000:epoch30,30,20,discovery,96200000,u_0.20,0.2,1008967736.864677,0.6079854809437386,881.0,0.060215053763440864,442b4f02bba381e49ce141b1f3250753918977d962b947e0d7d0b36030caec62
routing_abrupt_regime_shift,routing_abrupt_regime_shift:seed96100000:epoch30,30,20,discovery,96200000,u_0.30,0.3,994759091.8516471,0.6161524500907442,861.0,0.0546875,442b4f02bba381e49ce141b1f3250753918977d962b947e0d7d0b36030caec62
routing_abrupt_regime_shift,routing_abrupt_regime_shift:seed96100000:epoch30,30,20,discovery,96200000,u_0.40,0.4,993181590.2242727,0.6193284936479129,854.0,0.05441696113074205,442b4f02bba381e49ce141b1f3250753918977d962b947e0d7d0b36030caec62
routing_abrupt_regime_shift,routing_abrupt_regime_shift:seed96100000:epoch30,30,20,discovery,96200000,u_0.50,0.5,986490851.0348479,0.6243194192377496,845.0,0.055322128851540614,442b4f02bba381e49ce141b1f3250753918977d962b947e0d7d0b36030caec62
routing_abrupt_regime_shift,routing_abrupt_regime_shift:seed96100000:epoch30,30,20,discovery,96200000,u_0.60,0.6,978216353.6533153,0.6297640653357531,833.0,0.05285118219749652,442b4f02bba381e49ce141b1f3250753918977d962b947e0d7d0b36030caec62
routing_abrupt_regime_shift,routing_abrupt_regime_shift:seed96100000:epoch30,30,20,discovery,96200000,u_0.70,0.7,977708608.5701513,0.631578947368421,826.0,0.0527411519777932,442b4f02bba381e49ce141b1f3250753918977d962b947e0d7d0b36030caec62
routing_abrupt_regime_shift,routing_abrupt_regime_shift:seed96100000:epoch30,30,20,discovery,96200000,u_0.80,0.8,966344531.7150993,0.6392921960072595,810.0,0.05017182130584193,442b4f02bba381e49ce141b1f3250753918977d962b947e0d7d0b36030caec62
routing_abrupt_regime_shift,routing_abrupt_regime_shift:seed96100000:epoch30,30,20,discovery,96200000,u_0.90,0.9,963687890.8237444,0.6424682395644283,804.0,0.04993160054719562,442b4f02bba381e49ce141b1f3250753918977d962b947e0d7d0b36030caec62
routing_abrupt_regime_shift,routing_abrupt_regime_shift:seed96100000:epoch30,30,20,discovery,96200000,u_1.00,1.0,964826895.1576711,0.6442831215970962,796.0,0.049829351535836175,442b4f02bba381e49ce141b1f3250753918977d962b947e0d7d0b36030caec62
routing_abrupt_regime_shift,routing_abrupt_regime_shift:seed96100000:epoch30,30,20,discovery,96200001,anchor,-1.0,987419770.7446315,0.6168491194669206,878.0,0.06656912948061448,442b4f02bba381e49ce141b1f3250753918977d962b947e0d7d0b36030caec62
routing_abrupt_regime_shift,routing_abrupt_regime_shift:seed96100000:epoch30,30,20,discovery,96200001,u_0.00,0.0,987419770.7446315,0.6168491194669206,878.0,0.06656912948061448,442b4f02bba381e49ce141b1f3250753918977d962b947e0d7d0b36030caec62
routing_abrupt_regime_shift,routing_abrupt_regime_shift:seed96100000:epoch30,30,20,discovery,96200001,u_0.10,0.1,978576369.9780201,0.6235126130414088,870.0,0.06322674418604651,442b4f02bba381e49ce141b1f3250753918977d962b947e0d7d0b36030caec62
routing_abrupt_regime_shift,routing_abrupt_regime_shift:seed96100000:epoch30,30,20,discovery,96200001,u_0.20,0.2,969761753.3563781,0.6330318895763922,861.0,0.06308243727598567,442b4f02bba381e49ce141b1f3250753918977d962b947e0d7d0b36030caec62
routing_abrupt_regime_shift,routing_abrupt_regime_shift:seed96100000:epoch30,30,20,discovery,96200001,u_0.30,0.3,958407148.2333746,0.6401713469776297,844.0,0.05828002842928216,442b4f02bba381e49ce141b1f3250753918977d962b947e0d7d0b36030caec62
routing_abrupt_regime_shift,routing_abrupt_regime_shift:seed96100000:epoch30,30,20,discovery,96200001,u_0.40,0.4,955997388.7106158,0.6425511661113755,839.0,0.05803255484784147,442b4f02bba381e49ce141b1f3250753918977d962b947e0d7d0b36030caec62
routing_abrupt_regime_shift,routing_abrupt_regime_shift:seed96100000:epoch30,30,20,discovery,96200001,u_0.50,0.5,947443950.3790314,0.6501665873393622,828.0,0.05746320953048353,442b4f02bba381e49ce141b1f3250753918977d962b947e0d7d0b36030caec62
routing_abrupt_regime_shift,routing_abrupt_regime_shift:seed96100000:epoch30,30,20,discovery,96200001,u_0.60,0.6,944319326.9632741,0.6539742979533556,822.0,0.05910987482614743,442b4f02bba381e49ce141b1f3250753918977d962b947e0d7d0b36030caec62
routing_abrupt_regime_shift,routing_abrupt_regime_shift:seed96100000:epoch30,30,20,discovery,96200001,u_0.70,0.7,942856052.4282198,0.6558781532603523,814.0,0.05825242718446602,442b4f02bba381e49ce141b1f3250753918977d962b947e0d7d0b36030caec62
routing_abrupt_regime_shift,routing_abrupt_regime_shift:seed96100000:epoch30,30,20,discovery,96200001,u_0.80,0.8,935445000.3612307,0.6615897191813422,801.0,0.05833905284831846,442b4f02bba381e49ce141b1f3250753918977d962b947e0d7d0b36030caec62
routing_abrupt_regime_shift,routing_abrupt_regime_shift:seed96100000:epoch30,30,20,discovery,96200001,u_0.90,0.9,933417620.044081,0.6649214659685864,795.0,0.05806010928961749,442b4f02bba381e49ce141b1f3250753918977d962b947e0d7d0b36030caec62
routing_abrupt_regime_shift,routing_abrupt_regime_shift:seed96100000:epoch30,30,20,discovery,96200001,u_1.00,1.0,932831265.1691092,0.6673012851023322,785.0,0.05725971370143149,442b4f02bba381e49ce141b1f3250753918977d962b947e0d7d0b36030caec62
routing_abrupt_regime_shift,routing_abrupt_regime_shift:seed96100000:epoch30,30,20,discovery,96200002,anchor,-1.0,1011957278.6682206,0.6037037037037037,906.0,0.07402031930333818,442b4f02bba381e49ce141b1f3250753918977d962b947e0d7d0b36030caec62
routing_abrupt_regime_shift,routing_abrupt_regime_shift:seed96100000:epoch30,30,20,discovery,96200002,u_0.00,0.0,1011957278.6682206,0.6037037037037037,906.0,0.07402031930333818,442b4f02bba381e49ce141b1f3250753918977d962b947e0d7d0b36030caec62
routing_abrupt_regime_shift,routing_abrupt_regime_shift:seed96100000:epoch30,30,20,discovery,96200002,u_0.10,0.1,1006524865.3882948,0.6087962962962963,898.0,0.07276657060518732,442b4f02bba381e49ce141b1f3250753918977d962b947e0d7d0b36030caec62
routing_abrupt_regime_shift,routing_abrupt_regime_shift:seed96100000:epoch30,30,20,discovery,96200002,u_0.20,0.2,1001736960.3499283,0.6129629629629629,890.0,0.07147962830593281,442b4f02bba381e49ce141b1f3250753918977d962b947e0d7d0b36030caec62
routing_abrupt_regime_shift,routing_abrupt_regime_shift:seed96100000:epoch30,30,20,discovery,96200002,u_0.30,0.3,990907089.6364315,0.6217592592592592,874.0,0.0679886685552408,442b4f02bba381e49ce141b1f3250753918977d962b947e0d7d0b36030caec62
routing_abrupt_regime_shift,routing_abrupt_regime_shift:seed96100000:epoch30,30,20,discovery,96200002,u_0.40,0.4,989792480.3579993,0.6236111111111111,872.0,0.06647807637906648,442b4f02bba381e49ce141b1f3250753918977d962b947e0d7d0b36030caec62
routing_abrupt_regime_shift,routing_abrupt_regime_shift:seed96100000:epoch30,30,20,discovery,96200002,u_0.50,0.5,981602471.3609488,0.6305555555555555,859.0,0.06517168885774352,442b4f02bba381e49ce141b1f3250753918977d962b947e0d7d0b36030caec62
routing_abrupt_regime_shift,routing_abrupt_regime_shift:seed96100000:epoch30,30,20,discovery,96200002,u_0.60,0.6,974396874.3265107,0.6351851851851852,851.0,0.06536856745479833,442b4f02bba381e49ce141b1f3250753918977d962b947e0d7d0b36030caec62
routing_abrupt_regime_shift,routing_abrupt_regime_shift:seed96100000:epoch30,30,20,discovery,96200002,u_0.70,0.7,973027652.8783131,0.6375,846.0,0.0651872399445215,442b4f02bba381e49ce141b1f3250753918977d962b947e0d7d0b36030caec62
routing_abrupt_regime_shift,routing_abrupt_regime_shift:seed96100000:epoch30,30,20,discovery,96200002,u_0.80,0.8,961445573.9132495,0.6458333333333334,827.0,0.061168384879725084,442b4f02bba381e49ce141b1f3250753918977d962b947e0d7d0b36030caec62
routing_abrupt_regime_shift,routing_abrupt_regime_shift:seed96100000:epoch30,30,20,discovery,96200002,u_0.90,0.9,959198200.9997472,0.649074074074074,820.0,0.06087551299589603,442b4f02bba381e49ce141b1f3250753918977d962b947e0d7d0b36030caec62
routing_abrupt_regime_shift,routing_abrupt_regime_shift:seed96100000:epoch30,30,20,discovery,96200002,u_1.00,1.0,960757134.5255871,0.6518518518518519,813.0,0.061224489795918366,442b4f02bba381e49ce141b1f3250753918977d962b947e0d7d0b36030caec62
routing_abrupt_regime_shift,routing_abrupt_regime_shift:seed96100000:epoch30,30,20,validation,96300000,anchor,-1.0,1065631141.664716,0.5936794582392777,934.0,0.06517016654598118,442b4f02bba381e49ce141b1f3250753918977d962b947e0d7d0b36030caec62
routing_abrupt_regime_shift,routing_abrupt_regime_shift:seed96100000:epoch30,30,20,validation,96300000,u_0.00,0.0,1065631141.664716,0.5936794582392777,934.0,0.06517016654598118,442b4f02bba381e49ce141b1f3250753918977d962b947e0d7d0b36030caec62
routing_abrupt_regime_shift,routing_abrupt_regime_shift:seed96100000:epoch30,30,20,validation,96300000,u_0.10,0.1,1063140679.4134644,0.5959367945823928,932.0,0.06623470122390208,442b4f02bba381e49ce141b1f3250753918977d962b947e0d7d0b36030caec62
routing_abrupt_regime_shift,routing_abrupt_regime_shift:seed96100000:epoch30,30,20,validation,96300000,u_0.20,0.2,1062261071.126605,0.5972911963882619,933.0,0.07086614173228346,442b4f02bba381e49ce141b1f3250753918977d962b947e0d7d0b36030caec62
routing_abrupt_regime_shift,routing_abrupt_regime_shift:seed96100000:epoch30,30,20,validation,96300000,u_0.30,0.3,1051379364.0829725,0.6054176072234763,916.0,0.06666666666666667,442b4f02bba381e49ce141b1f3250753918977d962b947e0d7d0b36030caec62
routing_abrupt_regime_shift,routing_abrupt_regime_shift:seed96100000:epoch30,30,20,validation,96300000,u_0.40,0.4,1047864909.940092,0.6076749435665915,909.0,0.06765327695560254,442b4f02bba381e49ce141b1f3250753918977d962b947e0d7d0b36030caec62
routing_abrupt_regime_shift,routing_abrupt_regime_shift:seed96100000:epoch30,30,20,validation,96300000,u_0.50,0.5,1039641340.5983516,0.6139954853273137,897.0,0.06629448709002093,442b4f02bba381e49ce141b1f3250753918977d962b947e0d7d0b36030caec62
routing_abrupt_regime_shift,routing_abrupt_regime_shift:seed96100000:epoch30,30,20,validation,96300000,u_0.60,0.6,1034847228.0205929,0.618058690744921,889.0,0.06652806652806653,442b4f02bba381e49ce141b1f3250753918977d962b947e0d7d0b36030caec62
routing_abrupt_regime_shift,routing_abrupt_regime_shift:seed96100000:epoch30,30,20,validation,96300000,u_0.70,0.7,1036156783.9281313,0.618961625282167,885.0,0.06643598615916955,442b4f02bba381e49ce141b1f3250753918977d962b947e0d7d0b36030caec62
routing_abrupt_regime_shift,routing_abrupt_regime_shift:seed96100000:epoch30,30,20,validation,96300000,u_0.80,0.8,1026612858.9060342,0.6270880361173815,871.0,0.06305688827964359,442b4f02bba381e49ce141b1f3250753918977d962b947e0d7d0b36030caec62
routing_abrupt_regime_shift,routing_abrupt_regime_shift:seed96100000:epoch30,30,20,validation,96300000,u_0.90,0.9,1023547093.2959472,0.6306997742663657,864.0,0.06207366984993179,442b4f02bba381e49ce141b1f3250753918977d962b947e0d7d0b36030caec62
routing_abrupt_regime_shift,routing_abrupt_regime_shift:seed96100000:epoch30,30,20,validation,96300000,u_1.00,1.0,1024157251.652295,0.6329571106094808,857.0,0.061224489795918366,442b4f02bba381e49ce141b1f3250753918977d962b947e0d7d0b36030caec62
routing_abrupt_regime_shift,routing_abrupt_regime_shift:seed96100000:epoch30,30,20,validation,96300001,anchor,-1.0,998321983.3017849,0.6193609022556391,882.0,0.062273714699493124,442b4f02bba381e49ce141b1f3250753918977d962b947e0d7d0b36030caec62
routing_abrupt_regime_shift,routing_abrupt_regime_shift:seed96100000:epoch30,30,20,validation,96300001,u_0.00,0.0,998321983.3017849,0.6193609022556391,882.0,0.062273714699493124,442b4f02bba381e49ce141b1f3250753918977d962b947e0d7d0b36030caec62
routing_abrupt_regime_shift,routing_abrupt_regime_shift:seed96100000:epoch30,30,20,validation,96300001,u_0.10,0.1,986327994.1171249,0.6273496240601504,870.0,0.05814788226848528,442b4f02bba381e49ce141b1f3250753918977d962b947e0d7d0b36030caec62
routing_abrupt_regime_shift,routing_abrupt_regime_shift:seed96100000:epoch30,30,20,validation,96300001,u_0.20,0.2,980957196.1062963,0.6320488721804511,862.0,0.05638829407566024,442b4f02bba381e49ce141b1f3250753918977d962b947e0d7d0b36030caec62
routing_abrupt_regime_shift,routing_abrupt_regime_shift:seed96100000:epoch30,30,20,validation,96300001,u_0.30,0.3,975109517.3449949,0.6381578947368421,854.0,0.05594900849858357,442b4f02bba381e49ce141b1f3250753918977d962b947e0d7d0b36030caec62
routing_abrupt_regime_shift,routing_abrupt_regime_shift:seed96100000:epoch30,30,20,validation,96300001,u_0.40,0.4,968777681.8047045,0.6428571428571429,842.0,0.05367231638418079,442b4f02bba381e49ce141b1f3250753918977d962b947e0d7d0b36030caec62
routing_abrupt_regime_shift,routing_abrupt_regime_shift:seed96100000:epoch30,30,20,validation,96300001,u_0.50,0.5,961277618.6923356,0.6484962406015038,832.0,0.05458362491252624,442b4f02bba381e49ce141b1f3250753918977d962b947e0d7d0b36030caec62
routing_abrupt_regime_shift,routing_abrupt_regime_shift:seed96100000:epoch30,30,20,validation,96300001,u_0.60,0.6,957106739.5006952,0.6527255639097744,826.0,0.05559416261292564,442b4f02bba381e49ce141b1f3250753918977d962b947e0d7d0b36030caec62
routing_abrupt_regime_shift,routing_abrupt_regime_shift:seed96100000:epoch30,30,20,validation,96300001,u_0.70,0.7,955465080.0368837,0.6546052631578947,818.0,0.05343511450381679,442b4f02bba381e49ce141b1f3250753918977d962b947e0d7d0b36030caec62
routing_abrupt_regime_shift,routing_abrupt_regime_shift:seed96100000:epoch30,30,20,validation,96300001,u_0.80,0.8,946312870.3265089,0.662124060150376,805.0,0.05154639175257732,442b4f02bba381e49ce141b1f3250753918977d962b947e0d7d0b36030caec62
routing_abrupt_regime_shift,routing_abrupt_regime_shift:seed96100000:epoch30,30,20,validation,96300001,u_0.90,0.9,942733203.0211277,0.6658834586466166,797.0,0.0506155950752394,442b4f02bba381e49ce141b1f3250753918977d962b947e0d7d0b36030caec62
routing_abrupt_regime_shift,routing_abrupt_regime_shift:seed96100000:epoch30,30,20,validation,96300001,u_1.00,1.0,946309451.4357488,0.6668233082706767,791.0,0.05252387448840382,442b4f02bba381e49ce141b1f3250753918977d962b947e0d7d0b36030caec62
routing_abrupt_regime_shift,routing_abrupt_regime_shift:seed96100000:epoch30,30,20,validation,96300002,anchor,-1.0,970641773.3273621,0.6156001868285848,837.0,0.06140350877192982,442b4f02bba381e49ce141b1f3250753918977d962b947e0d7d0b36030caec62
routing_abrupt_regime_shift,routing_abrupt_regime_shift:seed96100000:epoch30,30,20,validation,96300002,u_0.00,0.0,970641773.3273621,0.6156001868285848,837.0,0.06140350877192982,442b4f02bba381e49ce141b1f3250753918977d962b947e0d7d0b36030caec62
routing_abrupt_regime_shift,routing_abrupt_regime_shift:seed96100000:epoch30,30,20,validation,96300002,u_0.10,0.1,962604564.7415043,0.6226062587575899,826.0,0.057329462989840346,442b4f02bba381e49ce141b1f3250753918977d962b947e0d7d0b36030caec62
routing_abrupt_regime_shift,routing_abrupt_regime_shift:seed96100000:epoch30,30,20,validation,96300002,u_0.20,0.2,955694216.8731172,0.626809901914993,816.0,0.05759539236861051,442b4f02bba381e49ce141b1f3250753918977d962b947e0d7d0b36030caec62
routing_abrupt_regime_shift,routing_abrupt_regime_shift:seed96100000:epoch30,30,20,validation,96300002,u_0.30,0.3,948049908.3062582,0.6347501167678655,805.0,0.054960742326909354,442b4f02bba381e49ce141b1f3250753918977d962b947e0d7d0b36030caec62
routing_abrupt_regime_shift,routing_abrupt_regime_shift:seed96100000:epoch30,30,20,validation,96300002,u_0.40,0.4,947389501.469442,0.6361513311536665,805.0,0.05689900426742532,442b4f02bba381e49ce141b1f3250753918977d962b947e0d7d0b36030caec62
routing_abrupt_regime_shift,routing_abrupt_regime_shift:seed96100000:epoch30,30,20,validation,96300002,u_0.50,0.5,938816960.1740779,0.6417561886968706,796.0,0.057122708039492244,442b4f02bba381e49ce141b1f3250753918977d962b947e0d7d0b36030caec62
routing_abrupt_regime_shift,routing_abrupt_regime_shift:seed96100000:epoch30,30,20,validation,96300002,u_0.60,0.6,933960190.8835938,0.64549276039234,787.0,0.05742296918767507,442b4f02bba381e49ce141b1f3250753918977d962b947e0d7d0b36030caec62
routing_abrupt_regime_shift,routing_abrupt_regime_shift:seed96100000:epoch30,30,20,validation,96300002,u_0.70,0.7,933324914.1666055,0.646893974778141,782.0,0.057342657342657345,442b4f02bba381e49ce141b1f3250753918977d962b947e0d7d0b36030caec62
routing_abrupt_regime_shift,routing_abrupt_regime_shift:seed96100000:epoch30,30,20,validation,96300002,u_0.80,0.8,923862222.7422725,0.6553012610929472,766.0,0.05463347164591978,442b4f02bba381e49ce141b1f3250753918977d962b947e0d7d0b36030caec62
routing_abrupt_regime_shift,routing_abrupt_regime_shift:seed96100000:epoch30,30,20,validation,96300002,u_0.90,0.9,922359790.9584526,0.658570761326483,760.0,0.05437026841018582,442b4f02bba381e49ce141b1f3250753918977d962b947e0d7d0b36030caec62
routing_abrupt_regime_shift,routing_abrupt_regime_shift:seed96100000:epoch30,30,20,validation,96300002,u_1.00,1.0,921018149.6621554,0.662774404483886,750.0,0.05223367697594502,442b4f02bba381e49ce141b1f3250753918977d962b947e0d7d0b36030caec62
routing_abrupt_regime_shift,routing_abrupt_regime_shift:seed96100000:epoch30,30,20,validation,96300003,anchor,-1.0,1061227691.680595,0.5987996306555863,939.0,0.06646971935007386,442b4f02bba381e49ce141b1f3250753918977d962b947e0d7d0b36030caec62
routing_abrupt_regime_shift,routing_abrupt_regime_shift:seed96100000:epoch30,30,20,validation,96300003,u_0.00,0.0,1061227691.680595,0.5987996306555863,939.0,0.06646971935007386,442b4f02bba381e49ce141b1f3250753918977d962b947e0d7d0b36030caec62
routing_abrupt_regime_shift,routing_abrupt_regime_shift:seed96100000:epoch30,30,20,validation,96300003,u_0.10,0.1,1054800734.4618305,0.6048014773776547,931.0,0.06378299120234604,442b4f02bba381e49ce141b1f3250753918977d962b947e0d7d0b36030caec62
routing_abrupt_regime_shift,routing_abrupt_regime_shift:seed96100000:epoch30,30,20,validation,96300003,u_0.20,0.2,1048137300.2282348,0.6098799630655586,925.0,0.06254545454545454,442b4f02bba381e49ce141b1f3250753918977d962b947e0d7d0b36030caec62
routing_abrupt_regime_shift,routing_abrupt_regime_shift:seed96100000:epoch30,30,20,validation,96300003,u_0.30,0.3,1040674602.2243353,0.6177285318559557,914.0,0.06047516198704104,442b4f02bba381e49ce141b1f3250753918977d962b947e0d7d0b36030caec62
routing_abrupt_regime_shift,routing_abrupt_regime_shift:seed96100000:epoch30,30,20,validation,96300003,u_0.40,0.4,1031057731.5537472,0.6265004616805171,900.0,0.057610241820768134,442b4f02bba381e49ce141b1f3250753918977d962b947e0d7d0b36030caec62
routing_abrupt_regime_shift,routing_abrupt_regime_shift:seed96100000:epoch30,30,20,validation,96300003,u_0.50,0.5,1020697334.6528218,0.633887349953832,888.0,0.05500705218617771,442b4f02bba381e49ce141b1f3250753918977d962b947e0d7d0b36030caec62
routing_abrupt_regime_shift,routing_abrupt_regime_shift:seed96100000:epoch30,30,20,validation,96300003,u_0.60,0.6,1017081609.0906397,0.636657433056325,884.0,0.056802244039270686,442b4f02bba381e49ce141b1f3250753918977d962b947e0d7d0b36030caec62
routing_abrupt_regime_shift,routing_abrupt_regime_shift:seed96100000:epoch30,30,20,validation,96300003,u_0.70,0.7,1014073174.4060286,0.6398891966759003,875.0,0.055167597765363126,442b4f02bba381e49ce141b1f3250753918977d962b947e0d7d0b36030caec62
routing_abrupt_regime_shift,routing_abrupt_regime_shift:seed96100000:epoch30,30,20,validation,96300003,u_0.80,0.8,1002779468.2839943,0.646814404432133,858.0,0.05394190871369295,442b4f02bba381e49ce141b1f3250753918977d962b947e0d7d0b36030caec62
routing_abrupt_regime_shift,routing_abrupt_regime_shift:seed96100000:epoch30,30,20,validation,96300003,u_0.90,0.9,1000655849.8270565,0.6509695290858726,850.0,0.05505849965588438,442b4f02bba381e49ce141b1f3250753918977d962b947e0d7d0b36030caec62
routing_abrupt_regime_shift,routing_abrupt_regime_shift:seed96100000:epoch30,30,20,validation,96300003,u_1.00,1.0,1001284197.2482764,0.6532779316712835,840.0,0.053534660260809885,442b4f02bba381e49ce141b1f3250753918977d962b947e0d7d0b36030caec62
routing_abrupt_regime_shift,routing_abrupt_regime_shift:seed96100000:epoch30,30,20,validation,96300004,anchor,-1.0,1024786749.398673,0.6006389776357828,900.0,0.06318082788671024,442b4f02bba381e49ce141b1f3250753918977d962b947e0d7d0b36030caec62
routing_abrupt_regime_shift,routing_abrupt_regime_shift:seed96100000:epoch30,30,20,validation,96300004,u_0.00,0.0,1024786749.398673,0.6006389776357828,900.0,0.06318082788671024,442b4f02bba381e49ce141b1f3250753918977d962b947e0d7d0b36030caec62
routing_abrupt_regime_shift,routing_abrupt_regime_shift:seed96100000:epoch30,30,20,validation,96300004,u_0.10,0.1,1016525669.2128057,0.6070287539936102,890.0,0.06060606060606061,442b4f02bba381e49ce141b1f3250753918977d962b947e0d7d0b36030caec62
routing_abrupt_regime_shift,routing_abrupt_regime_shift:seed96100000:epoch30,30,20,validation,96300004,u_0.20,0.2,1008276600.5395033,0.6125057051574624,881.0,0.058613295210864905,442b4f02bba381e49ce141b1f3250753918977d962b947e0d7d0b36030caec62
routing_abrupt_regime_shift,routing_abrupt_regime_shift:seed96100000:epoch30,30,20,validation,96300004,u_0.30,0.3,1000139144.8026775,0.6184390689183021,870.0,0.05669737774627923,442b4f02bba381e49ce141b1f3250753918977d962b947e0d7d0b36030caec62
routing_abrupt_regime_shift,routing_abrupt_regime_shift:seed96100000:epoch30,30,20,validation,96300004,u_0.40,0.4,993870019.0775378,0.6225467822911912,860.0,0.05500705218617771,442b4f02bba381e49ce141b1f3250753918977d962b947e0d7d0b36030caec62
routing_abrupt_regime_shift,routing_abrupt_regime_shift:seed96100000:epoch30,30,20,validation,96300004,u_0.50,0.5,982050376.2222644,0.6303057964399817,844.0,0.05174825174825175,442b4f02bba381e49ce141b1f3250753918977d962b947e0d7d0b36030caec62
routing_abrupt_regime_shift,routing_abrupt_regime_shift:seed96100000:epoch30,30,20,validation,96300004,u_0.60,0.6,979684530.9440025,0.6339570972158831,839.0,0.05416666666666667,442b4f02bba381e49ce141b1f3250753918977d962b947e0d7d0b36030caec62
routing_abrupt_regime_shift,routing_abrupt_regime_shift:seed96100000:epoch30,30,20,validation,96300004,u_0.70,0.7,978754701.3044462,0.6353263350068462,832.0,0.05336105336105336,442b4f02bba381e49ce141b1f3250753918977d962b947e0d7d0b36030caec62
routing_abrupt_regime_shift,routing_abrupt_regime_shift:seed96100000:epoch30,30,20,validation,96300004,u_0.80,0.8,978671196.6995533,0.6380648105887723,827.0,0.0531767955801105,442b4f02bba381e49ce141b1f3250753918977d962b947e0d7d0b36030caec62
routing_abrupt_regime_shift,routing_abrupt_regime_shift:seed96100000:epoch30,30,20,validation,96300004,u_0.90,0.9,977537274.5259169,0.6408032861706983,822.0,0.05360824742268041,442b4f02bba381e49ce141b1f3250753918977d962b947e0d7d0b36030caec62
routing_abrupt_regime_shift,routing_abrupt_regime_shift:seed96100000:epoch30,30,20,validation,96300004,u_1.00,1.0,975435729.9654794,0.643998174349612,813.0,0.05223367697594502,442b4f02bba381e49ce141b1f3250753918977d962b947e0d7d0b36030caec62
routing_abrupt_regime_shift,routing_abrupt_regime_shift:seed96100000:epoch55,55,19,discovery,96200000,anchor,-1.0,42318849.38148922,0.6320754716981132,34.0,0.057971014492753624,442b4f02bba381e49ce141b1f3250753918977d962b947e0d7d0b36030caec62
routing_abrupt_regime_shift,routing_abrupt_regime_shift:seed96100000:epoch55,55,19,discovery,96200000,u_0.00,0.0,42318849.38148922,0.6320754716981132,34.0,0.057971014492753624,442b4f02bba381e49ce141b1f3250753918977d962b947e0d7d0b36030caec62
routing_abrupt_regime_shift,routing_abrupt_regime_shift:seed96100000:epoch55,55,19,discovery,96200000,u_0.10,0.1,41411880.63345432,0.6320754716981132,32.0,0.05063291139240506,442b4f02bba381e49ce141b1f3250753918977d962b947e0d7d0b36030caec62
routing_abrupt_regime_shift,routing_abrupt_regime_shift:seed96100000:epoch55,55,19,discovery,96200000,u_0.20,0.2,40494496.68180689,0.6320754716981132,30.0,0.044444444444444446,442b4f02bba381e49ce141b1f3250753918977d962b947e0d7d0b36030caec62
routing_abrupt_regime_shift,routing_abrupt_regime_shift:seed96100000:epoch55,55,19,discovery,96200000,u_0.30,0.3,39802846.553523794,0.6320754716981132,28.0,0.038461538461538464,442b4f02bba381e49ce141b1f3250753918977d962b947e0d7d0b36030caec62
routing_abrupt_regime_shift,routing_abrupt_regime_shift:seed96100000:epoch55,55,19,discovery,96200000,u_0.40,0.4,38333180.5684464,0.6320754716981132,24.0,0.03389830508474576,442b4f02bba381e49ce141b1f3250753918977d962b947e0d7d0b36030caec62
routing_abrupt_regime_shift,routing_abrupt_regime_shift:seed96100000:epoch55,55,19,discovery,96200000,u_0.50,0.5,38934698.293321736,0.6320754716981132,23.0,0.030303030303030304,442b4f02bba381e49ce141b1f3250753918977d962b947e0d7d0b36030caec62
routing_abrupt_regime_shift,routing_abrupt_regime_shift:seed96100000:epoch55,55,19,discovery,96200000,u_0.60,0.6,39508860.92927353,0.6320754716981132,21.0,0.027972027972027972,442b4f02bba381e49ce141b1f3250753918977d962b947e0d7d0b36030caec62
routing_abrupt_regime_shift,routing_abrupt_regime_shift:seed96100000:epoch55,55,19,discovery,96200000,u_0.70,0.7,40055668.476301774,0.6320754716981132,18.0,0.026490066225165563,442b4f02bba381e49ce141b1f3250753918977d962b947e0d7d0b36030caec62
routing_abrupt_regime_shift,routing_abrupt_regime_shift:seed96100000:epoch55,55,19,discovery,96200000,u_0.80,0.8,40672498.66954769,0.6320754716981132,15.0,0.024242424242424242,442b4f02bba381e49ce141b1f3250753918977d962b947e0d7d0b36030caec62
routing_abrupt_regime_shift,routing_abrupt_regime_shift:seed96100000:epoch55,55,19,discovery,96200000,u_0.90,0.9,42961781.00358761,0.6320754716981132,14.0,0.022727272727272728,442b4f02bba381e49ce141b1f3250753918977d962b947e0d7d0b36030caec62
routing_abrupt_regime_shift,routing_abrupt_regime_shift:seed96100000:epoch55,55,19,discovery,96200000,u_1.00,1.0,44947325.793321736,0.6320754716981132,12.0,0.02127659574468085,442b4f02bba381e49ce141b1f3250753918977d962b947e0d7d0b36030caec62
routing_abrupt_regime_shift,routing_abrupt_regime_shift:seed96100000:epoch55,55,19,discovery,96200001,anchor,-1.0,42318849.38148922,0.6320754716981132,34.0,0.057971014492753624,442b4f02bba381e49ce141b1f3250753918977d962b947e0d7d0b36030caec62
routing_abrupt_regime_shift,routing_abrupt_regime_shift:seed96100000:epoch55,55,19,discovery,96200001,u_0.00,0.0,42318849.38148922,0.6320754716981132,34.0,0.057971014492753624,442b4f02bba381e49ce141b1f3250753918977d962b947e0d7d0b36030caec62
routing_abrupt_regime_shift,routing_abrupt_regime_shift:seed96100000:epoch55,55,19,discovery,96200001,u_0.10,0.1,41411880.63345432,0.6320754716981132,32.0,0.05063291139240506,442b4f02bba381e49ce141b1f3250753918977d962b947e0d7d0b36030caec62
routing_abrupt_regime_shift,routing_abrupt_regime_shift:seed96100000:epoch55,55,19,discovery,96200001,u_0.20,0.2,40494496.68180689,0.6320754716981132,30.0,0.044444444444444446,442b4f02bba381e49ce141b1f3250753918977d962b947e0d7d0b36030caec62
routing_abrupt_regime_shift,routing_abrupt_regime_shift:seed96100000:epoch55,55,19,discovery,96200001,u_0.30,0.3,39802846.553523794,0.6320754716981132,28.0,0.038461538461538464,442b4f02bba381e49ce141b1f3250753918977d962b947e0d7d0b36030caec62
routing_abrupt_regime_shift,routing_abrupt_regime_shift:seed96100000:epoch55,55,19,discovery,96200001,u_0.40,0.4,38333180.5684464,0.6320754716981132,24.0,0.03389830508474576,442b4f02bba381e49ce141b1f3250753918977d962b947e0d7d0b36030caec62
routing_abrupt_regime_shift,routing_abrupt_regime_shift:seed96100000:epoch55,55,19,discovery,96200001,u_0.50,0.5,38934698.293321736,0.6320754716981132,23.0,0.030303030303030304,442b4f02bba381e49ce141b1f3250753918977d962b947e0d7d0b36030caec62
routing_abrupt_regime_shift,routing_abrupt_regime_shift:seed96100000:epoch55,55,19,discovery,96200001,u_0.60,0.6,39508860.92927353,0.6320754716981132,21.0,0.027972027972027972,442b4f02bba381e49ce141b1f3250753918977d962b947e0d7d0b36030caec62
routing_abrupt_regime_shift,routing_abrupt_regime_shift:seed96100000:epoch55,55,19,discovery,96200001,u_0.70,0.7,40055668.476301774,0.6320754716981132,18.0,0.026490066225165563,442b4f02bba381e49ce141b1f3250753918977d962b947e0d7d0b36030caec62
routing_abrupt_regime_shift,routing_abrupt_regime_shift:seed96100000:epoch55,55,19,discovery,96200001,u_0.80,0.8,40672498.66954769,0.6320754716981132,15.0,0.024242424242424242,442b4f02bba381e49ce141b1f3250753918977d962b947e0d7d0b36030caec62
routing_abrupt_regime_shift,routing_abrupt_regime_shift:seed96100000:epoch55,55,19,discovery,96200001,u_0.90,0.9,42961781.00358761,0.6320754716981132,14.0,0.022727272727272728,442b4f02bba381e49ce141b1f3250753918977d962b947e0d7d0b36030caec62
routing_abrupt_regime_shift,routing_abrupt_regime_shift:seed96100000:epoch55,55,19,discovery,96200001,u_1.00,1.0,44947325.793321736,0.6320754716981132,12.0,0.02127659574468085,442b4f02bba381e49ce141b1f3250753918977d962b947e0d7d0b36030caec62
routing_abrupt_regime_shift,routing_abrupt_regime_shift:seed96100000:epoch55,55,19,discovery,96200002,anchor,-1.0,42318849.38148922,0.6320754716981132,34.0,0.057971014492753624,442b4f02bba381e49ce141b1f3250753918977d962b947e0d7d0b36030caec62
routing_abrupt_regime_shift,routing_abrupt_regime_shift:seed96100000:epoch55,55,19,discovery,96200002,u_0.00,0.0,42318849.38148922,0.6320754716981132,34.0,0.057971014492753624,442b4f02bba381e49ce141b1f3250753918977d962b947e0d7d0b36030caec62
routing_abrupt_regime_shift,routing_abrupt_regime_shift:seed96100000:epoch55,55,19,discovery,96200002,u_0.10,0.1,41411880.63345432,0.6320754716981132,32.0,0.05063291139240506,442b4f02bba381e49ce141b1f3250753918977d962b947e0d7d0b36030caec62
routing_abrupt_regime_shift,routing_abrupt_regime_shift:seed96100000:epoch55,55,19,discovery,96200002,u_0.20,0.2,40494496.68180689,0.6320754716981132,30.0,0.044444444444444446,442b4f02bba381e49ce141b1f3250753918977d962b947e0d7d0b36030caec62
routing_abrupt_regime_shift,routing_abrupt_regime_shift:seed96100000:epoch55,55,19,discovery,96200002,u_0.30,0.3,39802846.553523794,0.6320754716981132,28.0,0.038461538461538464,442b4f02bba381e49ce141b1f3250753918977d962b947e0d7d0b36030caec62
routing_abrupt_regime_shift,routing_abrupt_regime_shift:seed96100000:epoch55,55,19,discovery,96200002,u_0.40,0.4,38333180.5684464,0.6320754716981132,24.0,0.03389830508474576,442b4f02bba381e49ce141b1f3250753918977d962b947e0d7d0b36030caec62
routing_abrupt_regime_shift,routing_abrupt_regime_shift:seed96100000:epoch55,55,19,discovery,96200002,u_0.50,0.5,38934698.293321736,0.6320754716981132,23.0,0.030303030303030304,442b4f02bba381e49ce141b1f3250753918977d962b947e0d7d0b36030caec62
routing_abrupt_regime_shift,routing_abrupt_regime_shift:seed96100000:epoch55,55,19,discovery,96200002,u_0.60,0.6,39508860.92927353,0.6320754716981132,21.0,0.027972027972027972,442b4f02bba381e49ce141b1f3250753918977d962b947e0d7d0b36030caec62
routing_abrupt_regime_shift,routing_abrupt_regime_shift:seed96100000:epoch55,55,19,discovery,96200002,u_0.70,0.7,40055668.476301774,0.6320754716981132,18.0,0.026490066225165563,442b4f02bba381e49ce141b1f3250753918977d962b947e0d7d0b36030caec62
routing_abrupt_regime_shift,routing_abrupt_regime_shift:seed96100000:epoch55,55,19,discovery,96200002,u_0.80,0.8,40672498.66954769,0.6320754716981132,15.0,0.024242424242424242,442b4f02bba381e49ce141b1f3250753918977d962b947e0d7d0b36030caec62
routing_abrupt_regime_shift,routing_abrupt_regime_shift:seed96100000:epoch55,55,19,discovery,96200002,u_0.90,0.9,42961781.00358761,0.6320754716981132,14.0,0.022727272727272728,442b4f02bba381e49ce141b1f3250753918977d962b947e0d7d0b36030caec62
routing_abrupt_regime_shift,routing_abrupt_regime_shift:seed96100000:epoch55,55,19,discovery,96200002,u_1.00,1.0,44947325.793321736,0.6320754716981132,12.0,0.02127659574468085,442b4f02bba381e49ce141b1f3250753918977d962b947e0d7d0b36030caec62
routing_abrupt_regime_shift,routing_abrupt_regime_shift:seed96100000:epoch55,55,19,validation,96300000,anchor,-1.0,42318849.38148922,0.6320754716981132,34.0,0.057971014492753624,442b4f02bba381e49ce141b1f3250753918977d962b947e0d7d0b36030caec62
routing_abrupt_regime_shift,routing_abrupt_regime_shift:seed96100000:epoch55,55,19,validation,96300000,u_0.00,0.0,42318849.38148922,0.6320754716981132,34.0,0.057971014492753624,442b4f02bba381e49ce141b1f3250753918977d962b947e0d7d0b36030caec62
routing_abrupt_regime_shift,routing_abrupt_regime_shift:seed96100000:epoch55,55,19,validation,96300000,u_0.10,0.1,41411880.63345432,0.6320754716981132,32.0,0.05063291139240506,442b4f02bba381e49ce141b1f3250753918977d962b947e0d7d0b36030caec62
routing_abrupt_regime_shift,routing_abrupt_regime_shift:seed96100000:epoch55,55,19,validation,96300000,u_0.20,0.2,40494496.68180689,0.6320754716981132,30.0,0.044444444444444446,442b4f02bba381e49ce141b1f3250753918977d962b947e0d7d0b36030caec62
routing_abrupt_regime_shift,routing_abrupt_regime_shift:seed96100000:epoch55,55,19,validation,96300000,u_0.30,0.3,39802846.553523794,0.6320754716981132,28.0,0.038461538461538464,442b4f02bba381e49ce141b1f3250753918977d962b947e0d7d0b36030caec62
routing_abrupt_regime_shift,routing_abrupt_regime_shift:seed96100000:epoch55,55,19,validation,96300000,u_0.40,0.4,38333180.5684464,0.6320754716981132,24.0,0.03389830508474576,442b4f02bba381e49ce141b1f3250753918977d962b947e0d7d0b36030caec62
routing_abrupt_regime_shift,routing_abrupt_regime_shift:seed96100000:epoch55,55,19,validation,96300000,u_0.50,0.5,38934698.293321736,0.6320754716981132,23.0,0.030303030303030304,442b4f02bba381e49ce141b1f3250753918977d962b947e0d7d0b36030caec62
routing_abrupt_regime_shift,routing_abrupt_regime_shift:seed96100000:epoch55,55,19,validation,96300000,u_0.60,0.6,39508860.92927353,0.6320754716981132,21.0,0.027972027972027972,442b4f02bba381e49ce141b1f3250753918977d962b947e0d7d0b36030caec62
routing_abrupt_regime_shift,routing_abrupt_regime_shift:seed96100000:epoch55,55,19,validation,96300000,u_0.70,0.7,40055668.476301774,0.6320754716981132,18.0,0.026490066225165563,442b4f02bba381e49ce141b1f3250753918977d962b947e0d7d0b36030caec62
routing_abrupt_regime_shift,routing_abrupt_regime_shift:seed96100000:epoch55,55,19,validation,96300000,u_0.80,0.8,40672498.66954769,0.6320754716981132,15.0,0.024242424242424242,442b4f02bba381e49ce141b1f3250753918977d962b947e0d7d0b36030caec62
routing_abrupt_regime_shift,routing_abrupt_regime_shift:seed96100000:epoch55,55,19,validation,96300000,u_0.90,0.9,42961781.00358761,0.6320754716981132,14.0,0.022727272727272728,442b4f02bba381e49ce141b1f3250753918977d962b947e0d7d0b36030caec62
routing_abrupt_regime_shift,routing_abrupt_regime_shift:seed96100000:epoch55,55,19,validation,96300000,u_1.00,1.0,44947325.793321736,0.6320754716981132,12.0,0.02127659574468085,442b4f02bba381e49ce141b1f3250753918977d962b947e0d7d0b36030caec62
routing_abrupt_regime_shift,routing_abrupt_regime_shift:seed96100000:epoch55,55,19,validation,96300001,anchor,-1.0,42318849.38148922,0.6320754716981132,34.0,0.057971014492753624,442b4f02bba381e49ce141b1f3250753918977d962b947e0d7d0b36030caec62
routing_abrupt_regime_shift,routing_abrupt_regime_shift:seed96100000:epoch55,55,19,validation,96300001,u_0.00,0.0,42318849.38148922,0.6320754716981132,34.0,0.057971014492753624,442b4f02bba381e49ce141b1f3250753918977d962b947e0d7d0b36030caec62
routing_abrupt_regime_shift,routing_abrupt_regime_shift:seed96100000:epoch55,55,19,validation,96300001,u_0.10,0.1,41411880.63345432,0.6320754716981132,32.0,0.05063291139240506,442b4f02bba381e49ce141b1f3250753918977d962b947e0d7d0b36030caec62
routing_abrupt_regime_shift,routing_abrupt_regime_shift:seed96100000:epoch55,55,19,validation,96300001,u_0.20,0.2,40494496.68180689,0.6320754716981132,30.0,0.044444444444444446,442b4f02bba381e49ce141b1f3250753918977d962b947e0d7d0b36030caec62
routing_abrupt_regime_shift,routing_abrupt_regime_shift:seed96100000:epoch55,55,19,validation,96300001,u_0.30,0.3,39802846.553523794,0.6320754716981132,28.0,0.038461538461538464,442b4f02bba381e49ce141b1f3250753918977d962b947e0d7d0b36030caec62
routing_abrupt_regime_shift,routing_abrupt_regime_shift:seed96100000:epoch55,55,19,validation,96300001,u_0.40,0.4,38333180.5684464,0.6320754716981132,24.0,0.03389830508474576,442b4f02bba381e49ce141b1f3250753918977d962b947e0d7d0b36030caec62
routing_abrupt_regime_shift,routing_abrupt_regime_shift:seed96100000:epoch55,55,19,validation,96300001,u_0.50,0.5,38934698.293321736,0.6320754716981132,23.0,0.030303030303030304,442b4f02bba381e49ce141b1f3250753918977d962b947e0d7d0b36030caec62
routing_abrupt_regime_shift,routing_abrupt_regime_shift:seed96100000:epoch55,55,19,validation,96300001,u_0.60,0.6,39508860.92927353,0.6320754716981132,21.0,0.027972027972027972,442b4f02bba381e49ce141b1f3250753918977d962b947e0d7d0b36030caec62
routing_abrupt_regime_shift,routing_abrupt_regime_shift:seed96100000:epoch55,55,19,validation,96300001,u_0.70,0.7,40055668.476301774,0.6320754716981132,18.0,0.026490066225165563,442b4f02bba381e49ce141b1f3250753918977d962b947e0d7d0b36030caec62
routing_abrupt_regime_shift,routing_abrupt_regime_shift:seed96100000:epoch55,55,19,validation,96300001,u_0.80,0.8,40672498.66954769,0.6320754716981132,15.0,0.024242424242424242,442b4f02bba381e49ce141b1f3250753918977d962b947e0d7d0b36030caec62
routing_abrupt_regime_shift,routing_abrupt_regime_shift:seed96100000:epoch55,55,19,validation,96300001,u_0.90,0.9,42961781.00358761,0.6320754716981132,14.0,0.022727272727272728,442b4f02bba381e49ce141b1f3250753918977d962b947e0d7d0b36030caec62
routing_abrupt_regime_shift,routing_abrupt_regime_shift:seed96100000:epoch55,55,19,validation,96300001,u_1.00,1.0,44947325.793321736,0.6320754716981132,12.0,0.02127659574468085,442b4f02bba381e49ce141b1f3250753918977d962b947e0d7d0b36030caec62
routing_abrupt_regime_shift,routing_abrupt_regime_shift:seed96100000:epoch55,55,19,validation,96300002,anchor,-1.0,42318849.38148922,0.6320754716981132,34.0,0.057971014492753624,442b4f02bba381e49ce141b1f3250753918977d962b947e0d7d0b36030caec62
routing_abrupt_regime_shift,routing_abrupt_regime_shift:seed96100000:epoch55,55,19,validation,96300002,u_0.00,0.0,42318849.38148922,0.6320754716981132,34.0,0.057971014492753624,442b4f02bba381e49ce141b1f3250753918977d962b947e0d7d0b36030caec62
routing_abrupt_regime_shift,routing_abrupt_regime_shift:seed96100000:epoch55,55,19,validation,96300002,u_0.10,0.1,41411880.63345432,0.6320754716981132,32.0,0.05063291139240506,442b4f02bba381e49ce141b1f3250753918977d962b947e0d7d0b36030caec62
routing_abrupt_regime_shift,routing_abrupt_regime_shift:seed96100000:epoch55,55,19,validation,96300002,u_0.20,0.2,40494496.68180689,0.6320754716981132,30.0,0.044444444444444446,442b4f02bba381e49ce141b1f3250753918977d962b947e0d7d0b36030caec62
routing_abrupt_regime_shift,routing_abrupt_regime_shift:seed96100000:epoch55,55,19,validation,96300002,u_0.30,0.3,39802846.553523794,0.6320754716981132,28.0,0.038461538461538464,442b4f02bba381e49ce141b1f3250753918977d962b947e0d7d0b36030caec62
routing_abrupt_regime_shift,routing_abrupt_regime_shift:seed96100000:epoch55,55,19,validation,96300002,u_0.40,0.4,38333180.5684464,0.6320754716981132,24.0,0.03389830508474576,442b4f02bba381e49ce141b1f3250753918977d962b947e0d7d0b36030caec62
routing_abrupt_regime_shift,routing_abrupt_regime_shift:seed96100000:epoch55,55,19,validation,96300002,u_0.50,0.5,38934698.293321736,0.6320754716981132,23.0,0.030303030303030304,442b4f02bba381e49ce141b1f3250753918977d962b947e0d7d0b36030caec62
routing_abrupt_regime_shift,routing_abrupt_regime_shift:seed96100000:epoch55,55,19,validation,96300002,u_0.60,0.6,39508860.92927353,0.6320754716981132,21.0,0.027972027972027972,442b4f02bba381e49ce141b1f3250753918977d962b947e0d7d0b36030caec62
routing_abrupt_regime_shift,routing_abrupt_regime_shift:seed96100000:epoch55,55,19,validation,96300002,u_0.70,0.7,40055668.476301774,0.6320754716981132,18.0,0.026490066225165563,442b4f02bba381e49ce141b1f3250753918977d962b947e0d7d0b36030caec62
routing_abrupt_regime_shift,routing_abrupt_regime_shift:seed96100000:epoch55,55,19,validation,96300002,u_0.80,0.8,40672498.66954769,0.6320754716981132,15.0,0.024242424242424242,442b4f02bba381e49ce141b1f3250753918977d962b947e0d7d0b36030caec62
routing_abrupt_regime_shift,routing_abrupt_regime_shift:seed96100000:epoch55,55,19,validation,96300002,u_0.90,0.9,42961781.00358761,0.6320754716981132,14.0,0.022727272727272728,442b4f02bba381e49ce141b1f3250753918977d962b947e0d7d0b36030caec62
routing_abrupt_regime_shift,routing_abrupt_regime_shift:seed96100000:epoch55,55,19,validation,96300002,u_1.00,1.0,44947325.793321736,0.6320754716981132,12.0,0.02127659574468085,442b4f02bba381e49ce141b1f3250753918977d962b947e0d7d0b36030caec62
routing_abrupt_regime_shift,routing_abrupt_regime_shift:seed96100000:epoch55,55,19,validation,96300003,anchor,-1.0,42318849.38148922,0.6320754716981132,34.0,0.057971014492753624,442b4f02bba381e49ce141b1f3250753918977d962b947e0d7d0b36030caec62
routing_abrupt_regime_shift,routing_abrupt_regime_shift:seed96100000:epoch55,55,19,validation,96300003,u_0.00,0.0,42318849.38148922,0.6320754716981132,34.0,0.057971014492753624,442b4f02bba381e49ce141b1f3250753918977d962b947e0d7d0b36030caec62
routing_abrupt_regime_shift,routing_abrupt_regime_shift:seed96100000:epoch55,55,19,validation,96300003,u_0.10,0.1,41411880.63345432,0.6320754716981132,32.0,0.05063291139240506,442b4f02bba381e49ce141b1f3250753918977d962b947e0d7d0b36030caec62
routing_abrupt_regime_shift,routing_abrupt_regime_shift:seed96100000:epoch55,55,19,validation,96300003,u_0.20,0.2,40494496.68180689,0.6320754716981132,30.0,0.044444444444444446,442b4f02bba381e49ce141b1f3250753918977d962b947e0d7d0b36030caec62
routing_abrupt_regime_shift,routing_abrupt_regime_shift:seed96100000:epoch55,55,19,validation,96300003,u_0.30,0.3,39802846.553523794,0.6320754716981132,28.0,0.038461538461538464,442b4f02bba381e49ce141b1f3250753918977d962b947e0d7d0b36030caec62
routing_abrupt_regime_shift,routing_abrupt_regime_shift:seed96100000:epoch55,55,19,validation,96300003,u_0.40,0.4,38333180.5684464,0.6320754716981132,24.0,0.03389830508474576,442b4f02bba381e49ce141b1f3250753918977d962b947e0d7d0b36030caec62
routing_abrupt_regime_shift,routing_abrupt_regime_shift:seed96100000:epoch55,55,19,validation,96300003,u_0.50,0.5,38934698.293321736,0.6320754716981132,23.0,0.030303030303030304,442b4f02bba381e49ce141b1f3250753918977d962b947e0d7d0b36030caec62
routing_abrupt_regime_shift,routing_abrupt_regime_shift:seed96100000:epoch55,55,19,validation,96300003,u_0.60,0.6,39508860.92927353,0.6320754716981132,21.0,0.027972027972027972,442b4f02bba381e49ce141b1f3250753918977d962b947e0d7d0b36030caec62
routing_abrupt_regime_shift,routing_abrupt_regime_shift:seed96100000:epoch55,55,19,validation,96300003,u_0.70,0.7,40055668.476301774,0.6320754716981132,18.0,0.026490066225165563,442b4f02bba381e49ce141b1f3250753918977d962b947e0d7d0b36030caec62
routing_abrupt_regime_shift,routing_abrupt_regime_shift:seed96100000:epoch55,55,19,validation,96300003,u_0.80,0.8,40672498.66954769,0.6320754716981132,15.0,0.024242424242424242,442b4f02bba381e49ce141b1f3250753918977d962b947e0d7d0b36030caec62
routing_abrupt_regime_shift,routing_abrupt_regime_shift:seed96100000:epoch55,55,19,validation,96300003,u_0.90,0.9,42961781.00358761,0.6320754716981132,14.0,0.022727272727272728,442b4f02bba381e49ce141b1f3250753918977d962b947e0d7d0b36030caec62
routing_abrupt_regime_shift,routing_abrupt_regime_shift:seed96100000:epoch55,55,19,validation,96300003,u_1.00,1.0,44947325.793321736,0.6320754716981132,12.0,0.02127659574468085,442b4f02bba381e49ce141b1f3250753918977d962b947e0d7d0b36030caec62
routing_abrupt_regime_shift,routing_abrupt_regime_shift:seed96100000:epoch55,55,19,validation,96300004,anchor,-1.0,42318849.38148922,0.6320754716981132,34.0,0.057971014492753624,442b4f02bba381e49ce141b1f3250753918977d962b947e0d7d0b36030caec62
routing_abrupt_regime_shift,routing_abrupt_regime_shift:seed96100000:epoch55,55,19,validation,96300004,u_0.00,0.0,42318849.38148922,0.6320754716981132,34.0,0.057971014492753624,442b4f02bba381e49ce141b1f3250753918977d962b947e0d7d0b36030caec62
routing_abrupt_regime_shift,routing_abrupt_regime_shift:seed96100000:epoch55,55,19,validation,96300004,u_0.10,0.1,41411880.63345432,0.6320754716981132,32.0,0.05063291139240506,442b4f02bba381e49ce141b1f3250753918977d962b947e0d7d0b36030caec62
routing_abrupt_regime_shift,routing_abrupt_regime_shift:seed96100000:epoch55,55,19,validation,96300004,u_0.20,0.2,40494496.68180689,0.6320754716981132,30.0,0.044444444444444446,442b4f02bba381e49ce141b1f3250753918977d962b947e0d7d0b36030caec62
routing_abrupt_regime_shift,routing_abrupt_regime_shift:seed96100000:epoch55,55,19,validation,96300004,u_0.30,0.3,39802846.553523794,0.6320754716981132,28.0,0.038461538461538464,442b4f02bba381e49ce141b1f3250753918977d962b947e0d7d0b36030caec62
routing_abrupt_regime_shift,routing_abrupt_regime_shift:seed96100000:epoch55,55,19,validation,96300004,u_0.40,0.4,38333180.5684464,0.6320754716981132,24.0,0.03389830508474576,442b4f02bba381e49ce141b1f3250753918977d962b947e0d7d0b36030caec62
routing_abrupt_regime_shift,routing_abrupt_regime_shift:seed96100000:epoch55,55,19,validation,96300004,u_0.50,0.5,38934698.293321736,0.6320754716981132,23.0,0.030303030303030304,442b4f02bba381e49ce141b1f3250753918977d962b947e0d7d0b36030caec62
routing_abrupt_regime_shift,routing_abrupt_regime_shift:seed96100000:epoch55,55,19,validation,96300004,u_0.60,0.6,39508860.92927353,0.6320754716981132,21.0,0.027972027972027972,442b4f02bba381e49ce141b1f3250753918977d962b947e0d7d0b36030caec62
routing_abrupt_regime_shift,routing_abrupt_regime_shift:seed96100000:epoch55,55,19,validation,96300004,u_0.70,0.7,40055668.476301774,0.6320754716981132,18.0,0.026490066225165563,442b4f02bba381e49ce141b1f3250753918977d962b947e0d7d0b36030caec62
routing_abrupt_regime_shift,routing_abrupt_regime_shift:seed96100000:epoch55,55,19,validation,96300004,u_0.80,0.8,40672498.66954769,0.6320754716981132,15.0,0.024242424242424242,442b4f02bba381e49ce141b1f3250753918977d962b947e0d7d0b36030caec62
routing_abrupt_regime_shift,routing_abrupt_regime_shift:seed96100000:epoch55,55,19,validation,96300004,u_0.90,0.9,42961781.00358761,0.6320754716981132,14.0,0.022727272727272728,442b4f02bba381e49ce141b1f3250753918977d962b947e0d7d0b36030caec62
routing_abrupt_regime_shift,routing_abrupt_regime_shift:seed96100000:epoch55,55,19,validation,96300004,u_1.00,1.0,44947325.793321736,0.6320754716981132,12.0,0.02127659574468085,442b4f02bba381e49ce141b1f3250753918977d962b947e0d7d0b36030caec62
routing_abrupt_regime_shift,routing_abrupt_regime_shift:seed96100000:epoch80,80,19,discovery,96200000,anchor,-1.0,45230525.24665585,0.5051546391752577,40.0,0.08823529411764706,442b4f02bba381e49ce141b1f3250753918977d962b947e0d7d0b36030caec62
routing_abrupt_regime_shift,routing_abrupt_regime_shift:seed96100000:epoch80,80,19,discovery,96200000,u_0.00,0.0,45230525.24665585,0.5051546391752577,40.0,0.08823529411764706,442b4f02bba381e49ce141b1f3250753918977d962b947e0d7d0b36030caec62
routing_abrupt_regime_shift,routing_abrupt_regime_shift:seed96100000:epoch80,80,19,discovery,96200000,u_0.10,0.1,45451764.29830767,0.5051546391752577,40.0,0.07692307692307693,442b4f02bba381e49ce141b1f3250753918977d962b947e0d7d0b36030caec62
routing_abrupt_regime_shift,routing_abrupt_regime_shift:seed96100000:epoch80,80,19,discovery,96200000,u_0.20,0.2,44046688.52023394,0.5051546391752577,37.0,0.06818181818181818,442b4f02bba381e49ce141b1f3250753918977d962b947e0d7d0b36030caec62
routing_abrupt_regime_shift,routing_abrupt_regime_shift:seed96100000:epoch80,80,19,discovery,96200000,u_0.30,0.3,41166133.19262675,0.5051546391752577,31.0,0.05825242718446602,442b4f02bba381e49ce141b1f3250753918977d962b947e0d7d0b36030caec62
routing_abrupt_regime_shift,routing_abrupt_regime_shift:seed96100000:epoch80,80,19,discovery,96200000,u_0.40,0.4,40310203.107679166,0.5051546391752577,28.0,0.05128205128205128,442b4f02bba381e49ce141b1f3250753918977d962b947e0d7d0b36030caec62
routing_abrupt_regime_shift,routing_abrupt_regime_shift:seed96100000:epoch80,80,19,discovery,96200000,u_0.50,0.5,38179887.732787326,0.5051546391752577,22.0,0.045454545454545456,442b4f02bba381e49ce141b1f3250753918977d962b947e0d7d0b36030caec62
routing_abrupt_regime_shift,routing_abrupt_regime_shift:seed96100000:epoch80,80,19,discovery,96200000,u_0.60,0.6,39924811.76907493,0.5051546391752577,22.0,0.04225352112676056,442b4f02bba381e49ce141b1f3250753918977d962b947e0d7d0b36030caec62
routing_abrupt_regime_shift,routing_abrupt_regime_shift:seed96100000:epoch80,80,19,discovery,96200000,u_0.70,0.7,40445609.71654199,0.5051546391752577,19.0,0.039735099337748346,442b4f02bba381e49ce141b1f3250753918977d962b947e0d7d0b36030caec62
routing_abrupt_regime_shift,routing_abrupt_regime_shift:seed96100000:epoch80,80,19,discovery,96200000,u_0.80,0.8,42789953.21252375,0.5051546391752577,19.0,0.036585365853658534,442b4f02bba381e49ce141b1f3250753918977d962b947e0d7d0b36030caec62
routing_abrupt_regime_shift,routing_abrupt_regime_shift:seed96100000:epoch80,80,19,discovery,96200000,u_0.90,0.9,45710510.645014435,0.5051546391752577,19.0,0.03468208092485549,442b4f02bba381e49ce141b1f3250753918977d962b947e0d7d0b36030caec62
routing_abrupt_regime_shift,routing_abrupt_regime_shift:seed96100000:epoch80,80,19,discovery,96200000,u_1.00,1.0,47155573.93278733,0.5051546391752577,16.0,0.03225806451612903,442b4f02bba381e49ce141b1f3250753918977d962b947e0d7d0b36030caec62
routing_abrupt_regime_shift,routing_abrupt_regime_shift:seed96100000:epoch80,80,19,discovery,96200001,anchor,-1.0,45230525.24665585,0.5051546391752577,40.0,0.08823529411764706,442b4f02bba381e49ce141b1f3250753918977d962b947e0d7d0b36030caec62
routing_abrupt_regime_shift,routing_abrupt_regime_shift:seed96100000:epoch80,80,19,discovery,96200001,u_0.00,0.0,45230525.24665585,0.5051546391752577,40.0,0.08823529411764706,442b4f02bba381e49ce141b1f3250753918977d962b947e0d7d0b36030caec62
routing_abrupt_regime_shift,routing_abrupt_regime_shift:seed96100000:epoch80,80,19,discovery,96200001,u_0.10,0.1,45451764.29830767,0.5051546391752577,40.0,0.07692307692307693,442b4f02bba381e49ce141b1f3250753918977d962b947e0d7d0b36030caec62
routing_abrupt_regime_shift,routing_abrupt_regime_shift:seed96100000:epoch80,80,19,discovery,96200001,u_0.20,0.2,44046688.52023394,0.5051546391752577,37.0,0.06818181818181818,442b4f02bba381e49ce141b1f3250753918977d962b947e0d7d0b36030caec62
routing_abrupt_regime_shift,routing_abrupt_regime_shift:seed96100000:epoch80,80,19,discovery,96200001,u_0.30,0.3,41166133.19262675,0.5051546391752577,31.0,0.05825242718446602,442b4f02bba381e49ce141b1f3250753918977d962b947e0d7d0b36030caec62
routing_abrupt_regime_shift,routing_abrupt_regime_shift:seed96100000:epoch80,80,19,discovery,96200001,u_0.40,0.4,40310203.107679166,0.5051546391752577,28.0,0.05128205128205128,442b4f02bba381e49ce141b1f3250753918977d962b947e0d7d0b36030caec62
routing_abrupt_regime_shift,routing_abrupt_regime_shift:seed96100000:epoch80,80,19,discovery,96200001,u_0.50,0.5,38179887.732787326,0.5051546391752577,22.0,0.045454545454545456,442b4f02bba381e49ce141b1f3250753918977d962b947e0d7d0b36030caec62
routing_abrupt_regime_shift,routing_abrupt_regime_shift:seed96100000:epoch80,80,19,discovery,96200001,u_0.60,0.6,39924811.76907493,0.5051546391752577,22.0,0.04225352112676056,442b4f02bba381e49ce141b1f3250753918977d962b947e0d7d0b36030caec62
routing_abrupt_regime_shift,routing_abrupt_regime_shift:seed96100000:epoch80,80,19,discovery,96200001,u_0.70,0.7,40445609.71654199,0.5051546391752577,19.0,0.039735099337748346,442b4f02bba381e49ce141b1f3250753918977d962b947e0d7d0b36030caec62
routing_abrupt_regime_shift,routing_abrupt_regime_shift:seed96100000:epoch80,80,19,discovery,96200001,u_0.80,0.8,42789953.21252375,0.5051546391752577,19.0,0.036585365853658534,442b4f02bba381e49ce141b1f3250753918977d962b947e0d7d0b36030caec62
routing_abrupt_regime_shift,routing_abrupt_regime_shift:seed96100000:epoch80,80,19,discovery,96200001,u_0.90,0.9,45710510.645014435,0.5051546391752577,19.0,0.03468208092485549,442b4f02bba381e49ce141b1f3250753918977d962b947e0d7d0b36030caec62
routing_abrupt_regime_shift,routing_abrupt_regime_shift:seed96100000:epoch80,80,19,discovery,96200001,u_1.00,1.0,47155573.93278733,0.5051546391752577,16.0,0.03225806451612903,442b4f02bba381e49ce141b1f3250753918977d962b947e0d7d0b36030caec62
routing_abrupt_regime_shift,routing_abrupt_regime_shift:seed96100000:epoch80,80,19,discovery,96200002,anchor,-1.0,45230525.24665585,0.5051546391752577,40.0,0.08823529411764706,442b4f02bba381e49ce141b1f3250753918977d962b947e0d7d0b36030caec62
routing_abrupt_regime_shift,routing_abrupt_regime_shift:seed96100000:epoch80,80,19,discovery,96200002,u_0.00,0.0,45230525.24665585,0.5051546391752577,40.0,0.08823529411764706,442b4f02bba381e49ce141b1f3250753918977d962b947e0d7d0b36030caec62
routing_abrupt_regime_shift,routing_abrupt_regime_shift:seed96100000:epoch80,80,19,discovery,96200002,u_0.10,0.1,45451764.29830767,0.5051546391752577,40.0,0.07692307692307693,442b4f02bba381e49ce141b1f3250753918977d962b947e0d7d0b36030caec62
routing_abrupt_regime_shift,routing_abrupt_regime_shift:seed96100000:epoch80,80,19,discovery,96200002,u_0.20,0.2,44046688.52023394,0.5051546391752577,37.0,0.06818181818181818,442b4f02bba381e49ce141b1f3250753918977d962b947e0d7d0b36030caec62
routing_abrupt_regime_shift,routing_abrupt_regime_shift:seed96100000:epoch80,80,19,discovery,96200002,u_0.30,0.3,41166133.19262675,0.5051546391752577,31.0,0.05825242718446602,442b4f02bba381e49ce141b1f3250753918977d962b947e0d7d0b36030caec62
routing_abrupt_regime_shift,routing_abrupt_regime_shift:seed96100000:epoch80,80,19,discovery,96200002,u_0.40,0.4,40310203.107679166,0.5051546391752577,28.0,0.05128205128205128,442b4f02bba381e49ce141b1f3250753918977d962b947e0d7d0b36030caec62
routing_abrupt_regime_shift,routing_abrupt_regime_shift:seed96100000:epoch80,80,19,discovery,96200002,u_0.50,0.5,38179887.732787326,0.5051546391752577,22.0,0.045454545454545456,442b4f02bba381e49ce141b1f3250753918977d962b947e0d7d0b36030caec62
routing_abrupt_regime_shift,routing_abrupt_regime_shift:seed96100000:epoch80,80,19,discovery,96200002,u_0.60,0.6,39924811.76907493,0.5051546391752577,22.0,0.04225352112676056,442b4f02bba381e49ce141b1f3250753918977d962b947e0d7d0b36030caec62
routing_abrupt_regime_shift,routing_abrupt_regime_shift:seed96100000:epoch80,80,19,discovery,96200002,u_0.70,0.7,40445609.71654199,0.5051546391752577,19.0,0.039735099337748346,442b4f02bba381e49ce141b1f3250753918977d962b947e0d7d0b36030caec62
routing_abrupt_regime_shift,routing_abrupt_regime_shift:seed96100000:epoch80,80,19,discovery,96200002,u_0.80,0.8,42789953.21252375,0.5051546391752577,19.0,0.036585365853658534,442b4f02bba381e49ce141b1f3250753918977d962b947e0d7d0b36030caec62
routing_abrupt_regime_shift,routing_abrupt_regime_shift:seed96100000:epoch80,80,19,discovery,96200002,u_0.90,0.9,45710510.645014435,0.5051546391752577,19.0,0.03468208092485549,442b4f02bba381e49ce141b1f3250753918977d962b947e0d7d0b36030caec62
routing_abrupt_regime_shift,routing_abrupt_regime_shift:seed96100000:epoch80,80,19,discovery,96200002,u_1.00,1.0,47155573.93278733,0.5051546391752577,16.0,0.03225806451612903,442b4f02bba381e49ce141b1f3250753918977d962b947e0d7d0b36030caec62
routing_abrupt_regime_shift,routing_abrupt_regime_shift:seed96100000:epoch80,80,19,validation,96300000,anchor,-1.0,45230525.24665585,0.5051546391752577,40.0,0.08823529411764706,442b4f02bba381e49ce141b1f3250753918977d962b947e0d7d0b36030caec62
routing_abrupt_regime_shift,routing_abrupt_regime_shift:seed96100000:epoch80,80,19,validation,96300000,u_0.00,0.0,45230525.24665585,0.5051546391752577,40.0,0.08823529411764706,442b4f02bba381e49ce141b1f3250753918977d962b947e0d7d0b36030caec62
routing_abrupt_regime_shift,routing_abrupt_regime_shift:seed96100000:epoch80,80,19,validation,96300000,u_0.10,0.1,45451764.29830767,0.5051546391752577,40.0,0.07692307692307693,442b4f02bba381e49ce141b1f3250753918977d962b947e0d7d0b36030caec62
routing_abrupt_regime_shift,routing_abrupt_regime_shift:seed96100000:epoch80,80,19,validation,96300000,u_0.20,0.2,44046688.52023394,0.5051546391752577,37.0,0.06818181818181818,442b4f02bba381e49ce141b1f3250753918977d962b947e0d7d0b36030caec62
routing_abrupt_regime_shift,routing_abrupt_regime_shift:seed96100000:epoch80,80,19,validation,96300000,u_0.30,0.3,41166133.19262675,0.5051546391752577,31.0,0.05825242718446602,442b4f02bba381e49ce141b1f3250753918977d962b947e0d7d0b36030caec62
routing_abrupt_regime_shift,routing_abrupt_regime_shift:seed96100000:epoch80,80,19,validation,96300000,u_0.40,0.4,40310203.107679166,0.5051546391752577,28.0,0.05128205128205128,442b4f02bba381e49ce141b1f3250753918977d962b947e0d7d0b36030caec62
routing_abrupt_regime_shift,routing_abrupt_regime_shift:seed96100000:epoch80,80,19,validation,96300000,u_0.50,0.5,38179887.732787326,0.5051546391752577,22.0,0.045454545454545456,442b4f02bba381e49ce141b1f3250753918977d962b947e0d7d0b36030caec62
routing_abrupt_regime_shift,routing_abrupt_regime_shift:seed96100000:epoch80,80,19,validation,96300000,u_0.60,0.6,39924811.76907493,0.5051546391752577,22.0,0.04225352112676056,442b4f02bba381e49ce141b1f3250753918977d962b947e0d7d0b36030caec62
routing_abrupt_regime_shift,routing_abrupt_regime_shift:seed96100000:epoch80,80,19,validation,96300000,u_0.70,0.7,40445609.71654199,0.5051546391752577,19.0,0.039735099337748346,442b4f02bba381e49ce141b1f3250753918977d962b947e0d7d0b36030caec62
routing_abrupt_regime_shift,routing_abrupt_regime_shift:seed96100000:epoch80,80,19,validation,96300000,u_0.80,0.8,42789953.21252375,0.5051546391752577,19.0,0.036585365853658534,442b4f02bba381e49ce141b1f3250753918977d962b947e0d7d0b36030caec62
routing_abrupt_regime_shift,routing_abrupt_regime_shift:seed96100000:epoch80,80,19,validation,96300000,u_0.90,0.9,45710510.645014435,0.5051546391752577,19.0,0.03468208092485549,442b4f02bba381e49ce141b1f3250753918977d962b947e0d7d0b36030caec62
routing_abrupt_regime_shift,routing_abrupt_regime_shift:seed96100000:epoch80,80,19,validation,96300000,u_1.00,1.0,47155573.93278733,0.5051546391752577,16.0,0.03225806451612903,442b4f02bba381e49ce141b1f3250753918977d962b947e0d7d0b36030caec62
routing_abrupt_regime_shift,routing_abrupt_regime_shift:seed96100000:epoch80,80,19,validation,96300001,anchor,-1.0,45230525.24665585,0.5051546391752577,40.0,0.08823529411764706,442b4f02bba381e49ce141b1f3250753918977d962b947e0d7d0b36030caec62
routing_abrupt_regime_shift,routing_abrupt_regime_shift:seed96100000:epoch80,80,19,validation,96300001,u_0.00,0.0,45230525.24665585,0.5051546391752577,40.0,0.08823529411764706,442b4f02bba381e49ce141b1f3250753918977d962b947e0d7d0b36030caec62
routing_abrupt_regime_shift,routing_abrupt_regime_shift:seed96100000:epoch80,80,19,validation,96300001,u_0.10,0.1,45451764.29830767,0.5051546391752577,40.0,0.07692307692307693,442b4f02bba381e49ce141b1f3250753918977d962b947e0d7d0b36030caec62
routing_abrupt_regime_shift,routing_abrupt_regime_shift:seed96100000:epoch80,80,19,validation,96300001,u_0.20,0.2,44046688.52023394,0.5051546391752577,37.0,0.06818181818181818,442b4f02bba381e49ce141b1f3250753918977d962b947e0d7d0b36030caec62
routing_abrupt_regime_shift,routing_abrupt_regime_shift:seed96100000:epoch80,80,19,validation,96300001,u_0.30,0.3,41166133.19262675,0.5051546391752577,31.0,0.05825242718446602,442b4f02bba381e49ce141b1f3250753918977d962b947e0d7d0b36030caec62
routing_abrupt_regime_shift,routing_abrupt_regime_shift:seed96100000:epoch80,80,19,validation,96300001,u_0.40,0.4,40310203.107679166,0.5051546391752577,28.0,0.05128205128205128,442b4f02bba381e49ce141b1f3250753918977d962b947e0d7d0b36030caec62
routing_abrupt_regime_shift,routing_abrupt_regime_shift:seed96100000:epoch80,80,19,validation,96300001,u_0.50,0.5,38179887.732787326,0.5051546391752577,22.0,0.045454545454545456,442b4f02bba381e49ce141b1f3250753918977d962b947e0d7d0b36030caec62
routing_abrupt_regime_shift,routing_abrupt_regime_shift:seed96100000:epoch80,80,19,validation,96300001,u_0.60,0.6,39924811.76907493,0.5051546391752577,22.0,0.04225352112676056,442b4f02bba381e49ce141b1f3250753918977d962b947e0d7d0b36030caec62
routing_abrupt_regime_shift,routing_abrupt_regime_shift:seed96100000:epoch80,80,19,validation,96300001,u_0.70,0.7,40445609.71654199,0.5051546391752577,19.0,0.039735099337748346,442b4f02bba381e49ce141b1f3250753918977d962b947e0d7d0b36030caec62
routing_abrupt_regime_shift,routing_abrupt_regime_shift:seed96100000:epoch80,80,19,validation,96300001,u_0.80,0.8,42789953.21252375,0.5051546391752577,19.0,0.036585365853658534,442b4f02bba381e49ce141b1f3250753918977d962b947e0d7d0b36030caec62
routing_abrupt_regime_shift,routing_abrupt_regime_shift:seed96100000:epoch80,80,19,validation,96300001,u_0.90,0.9,45710510.645014435,0.5051546391752577,19.0,0.03468208092485549,442b4f02bba381e49ce141b1f3250753918977d962b947e0d7d0b36030caec62
routing_abrupt_regime_shift,routing_abrupt_regime_shift:seed96100000:epoch80,80,19,validation,96300001,u_1.00,1.0,47155573.93278733,0.5051546391752577,16.0,0.03225806451612903,442b4f02bba381e49ce141b1f3250753918977d962b947e0d7d0b36030caec62
routing_abrupt_regime_shift,routing_abrupt_regime_shift:seed96100000:epoch80,80,19,validation,96300002,anchor,-1.0,45230525.24665585,0.5051546391752577,40.0,0.08823529411764706,442b4f02bba381e49ce141b1f3250753918977d962b947e0d7d0b36030caec62
routing_abrupt_regime_shift,routing_abrupt_regime_shift:seed96100000:epoch80,80,19,validation,96300002,u_0.00,0.0,45230525.24665585,0.5051546391752577,40.0,0.08823529411764706,442b4f02bba381e49ce141b1f3250753918977d962b947e0d7d0b36030caec62
routing_abrupt_regime_shift,routing_abrupt_regime_shift:seed96100000:epoch80,80,19,validation,96300002,u_0.10,0.1,45451764.29830767,0.5051546391752577,40.0,0.07692307692307693,442b4f02bba381e49ce141b1f3250753918977d962b947e0d7d0b36030caec62
routing_abrupt_regime_shift,routing_abrupt_regime_shift:seed96100000:epoch80,80,19,validation,96300002,u_0.20,0.2,44046688.52023394,0.5051546391752577,37.0,0.06818181818181818,442b4f02bba381e49ce141b1f3250753918977d962b947e0d7d0b36030caec62
routing_abrupt_regime_shift,routing_abrupt_regime_shift:seed96100000:epoch80,80,19,validation,96300002,u_0.30,0.3,41166133.19262675,0.5051546391752577,31.0,0.05825242718446602,442b4f02bba381e49ce141b1f3250753918977d962b947e0d7d0b36030caec62
routing_abrupt_regime_shift,routing_abrupt_regime_shift:seed96100000:epoch80,80,19,validation,96300002,u_0.40,0.4,40310203.107679166,0.5051546391752577,28.0,0.05128205128205128,442b4f02bba381e49ce141b1f3250753918977d962b947e0d7d0b36030caec62
routing_abrupt_regime_shift,routing_abrupt_regime_shift:seed96100000:epoch80,80,19,validation,96300002,u_0.50,0.5,38179887.732787326,0.5051546391752577,22.0,0.045454545454545456,442b4f02bba381e49ce141b1f3250753918977d962b947e0d7d0b36030caec62
routing_abrupt_regime_shift,routing_abrupt_regime_shift:seed96100000:epoch80,80,19,validation,96300002,u_0.60,0.6,39924811.76907493,0.5051546391752577,22.0,0.04225352112676056,442b4f02bba381e49ce141b1f3250753918977d962b947e0d7d0b36030caec62
routing_abrupt_regime_shift,routing_abrupt_regime_shift:seed96100000:epoch80,80,19,validation,96300002,u_0.70,0.7,40445609.71654199,0.5051546391752577,19.0,0.039735099337748346,442b4f02bba381e49ce141b1f3250753918977d962b947e0d7d0b36030caec62
routing_abrupt_regime_shift,routing_abrupt_regime_shift:seed96100000:epoch80,80,19,validation,96300002,u_0.80,0.8,42789953.21252375,0.5051546391752577,19.0,0.036585365853658534,442b4f02bba381e49ce141b1f3250753918977d962b947e0d7d0b36030caec62
routing_abrupt_regime_shift,routing_abrupt_regime_shift:seed96100000:epoch80,80,19,validation,96300002,u_0.90,0.9,45710510.645014435,0.5051546391752577,19.0,0.03468208092485549,442b4f02bba381e49ce141b1f3250753918977d962b947e0d7d0b36030caec62
routing_abrupt_regime_shift,routing_abrupt_regime_shift:seed96100000:epoch80,80,19,validation,96300002,u_1.00,1.0,47155573.93278733,0.5051546391752577,16.0,0.03225806451612903,442b4f02bba381e49ce141b1f3250753918977d962b947e0d7d0b36030caec62
routing_abrupt_regime_shift,routing_abrupt_regime_shift:seed96100000:epoch80,80,19,validation,96300003,anchor,-1.0,45230525.24665585,0.5051546391752577,40.0,0.08823529411764706,442b4f02bba381e49ce141b1f3250753918977d962b947e0d7d0b36030caec62
routing_abrupt_regime_shift,routing_abrupt_regime_shift:seed96100000:epoch80,80,19,validation,96300003,u_0.00,0.0,45230525.24665585,0.5051546391752577,40.0,0.08823529411764706,442b4f02bba381e49ce141b1f3250753918977d962b947e0d7d0b36030caec62
routing_abrupt_regime_shift,routing_abrupt_regime_shift:seed96100000:epoch80,80,19,validation,96300003,u_0.10,0.1,45451764.29830767,0.5051546391752577,40.0,0.07692307692307693,442b4f02bba381e49ce141b1f3250753918977d962b947e0d7d0b36030caec62
routing_abrupt_regime_shift,routing_abrupt_regime_shift:seed96100000:epoch80,80,19,validation,96300003,u_0.20,0.2,44046688.52023394,0.5051546391752577,37.0,0.06818181818181818,442b4f02bba381e49ce141b1f3250753918977d962b947e0d7d0b36030caec62
routing_abrupt_regime_shift,routing_abrupt_regime_shift:seed96100000:epoch80,80,19,validation,96300003,u_0.30,0.3,41166133.19262675,0.5051546391752577,31.0,0.05825242718446602,442b4f02bba381e49ce141b1f3250753918977d962b947e0d7d0b36030caec62
routing_abrupt_regime_shift,routing_abrupt_regime_shift:seed96100000:epoch80,80,19,validation,96300003,u_0.40,0.4,40310203.107679166,0.5051546391752577,28.0,0.05128205128205128,442b4f02bba381e49ce141b1f3250753918977d962b947e0d7d0b36030caec62
routing_abrupt_regime_shift,routing_abrupt_regime_shift:seed96100000:epoch80,80,19,validation,96300003,u_0.50,0.5,38179887.732787326,0.5051546391752577,22.0,0.045454545454545456,442b4f02bba381e49ce141b1f3250753918977d962b947e0d7d0b36030caec62
routing_abrupt_regime_shift,routing_abrupt_regime_shift:seed96100000:epoch80,80,19,validation,96300003,u_0.60,0.6,39924811.76907493,0.5051546391752577,22.0,0.04225352112676056,442b4f02bba381e49ce141b1f3250753918977d962b947e0d7d0b36030caec62
routing_abrupt_regime_shift,routing_abrupt_regime_shift:seed96100000:epoch80,80,19,validation,96300003,u_0.70,0.7,40445609.71654199,0.5051546391752577,19.0,0.039735099337748346,442b4f02bba381e49ce141b1f3250753918977d962b947e0d7d0b36030caec62
routing_abrupt_regime_shift,routing_abrupt_regime_shift:seed96100000:epoch80,80,19,validation,96300003,u_0.80,0.8,42789953.21252375,0.5051546391752577,19.0,0.036585365853658534,442b4f02bba381e49ce141b1f3250753918977d962b947e0d7d0b36030caec62
routing_abrupt_regime_shift,routing_abrupt_regime_shift:seed96100000:epoch80,80,19,validation,96300003,u_0.90,0.9,45710510.645014435,0.5051546391752577,19.0,0.03468208092485549,442b4f02bba381e49ce141b1f3250753918977d962b947e0d7d0b36030caec62
routing_abrupt_regime_shift,routing_abrupt_regime_shift:seed96100000:epoch80,80,19,validation,96300003,u_1.00,1.0,47155573.93278733,0.5051546391752577,16.0,0.03225806451612903,442b4f02bba381e49ce141b1f3250753918977d962b947e0d7d0b36030caec62
routing_abrupt_regime_shift,routing_abrupt_regime_shift:seed96100000:epoch80,80,19,validation,96300004,anchor,-1.0,45230525.24665585,0.5051546391752577,40.0,0.08823529411764706,442b4f02bba381e49ce141b1f3250753918977d962b947e0d7d0b36030caec62
routing_abrupt_regime_shift,routing_abrupt_regime_shift:seed96100000:epoch80,80,19,validation,96300004,u_0.00,0.0,45230525.24665585,0.5051546391752577,40.0,0.08823529411764706,442b4f02bba381e49ce141b1f3250753918977d962b947e0d7d0b36030caec62
routing_abrupt_regime_shift,routing_abrupt_regime_shift:seed96100000:epoch80,80,19,validation,96300004,u_0.10,0.1,45451764.29830767,0.5051546391752577,40.0,0.07692307692307693,442b4f02bba381e49ce141b1f3250753918977d962b947e0d7d0b36030caec62
routing_abrupt_regime_shift,routing_abrupt_regime_shift:seed96100000:epoch80,80,19,validation,96300004,u_0.20,0.2,44046688.52023394,0.5051546391752577,37.0,0.06818181818181818,442b4f02bba381e49ce141b1f3250753918977d962b947e0d7d0b36030caec62
routing_abrupt_regime_shift,routing_abrupt_regime_shift:seed96100000:epoch80,80,19,validation,96300004,u_0.30,0.3,41166133.19262675,0.5051546391752577,31.0,0.05825242718446602,442b4f02bba381e49ce141b1f3250753918977d962b947e0d7d0b36030caec62
routing_abrupt_regime_shift,routing_abrupt_regime_shift:seed96100000:epoch80,80,19,validation,96300004,u_0.40,0.4,40310203.107679166,0.5051546391752577,28.0,0.05128205128205128,442b4f02bba381e49ce141b1f3250753918977d962b947e0d7d0b36030caec62
routing_abrupt_regime_shift,routing_abrupt_regime_shift:seed96100000:epoch80,80,19,validation,96300004,u_0.50,0.5,38179887.732787326,0.5051546391752577,22.0,0.045454545454545456,442b4f02bba381e49ce141b1f3250753918977d962b947e0d7d0b36030caec62
routing_abrupt_regime_shift,routing_abrupt_regime_shift:seed96100000:epoch80,80,19,validation,96300004,u_0.60,0.6,39924811.76907493,0.5051546391752577,22.0,0.04225352112676056,442b4f02bba381e49ce141b1f3250753918977d962b947e0d7d0b36030caec62
routing_abrupt_regime_shift,routing_abrupt_regime_shift:seed96100000:epoch80,80,19,validation,96300004,u_0.70,0.7,40445609.71654199,0.5051546391752577,19.0,0.039735099337748346,442b4f02bba381e49ce141b1f3250753918977d962b947e0d7d0b36030caec62
routing_abrupt_regime_shift,routing_abrupt_regime_shift:seed96100000:epoch80,80,19,validation,96300004,u_0.80,0.8,42789953.21252375,0.5051546391752577,19.0,0.036585365853658534,442b4f02bba381e49ce141b1f3250753918977d962b947e0d7d0b36030caec62
routing_abrupt_regime_shift,routing_abrupt_regime_shift:seed96100000:epoch80,80,19,validation,96300004,u_0.90,0.9,45710510.645014435,0.5051546391752577,19.0,0.03468208092485549,442b4f02bba381e49ce141b1f3250753918977d962b947e0d7d0b36030caec62
routing_abrupt_regime_shift,routing_abrupt_regime_shift:seed96100000:epoch80,80,19,validation,96300004,u_1.00,1.0,47155573.93278733,0.5051546391752577,16.0,0.03225806451612903,442b4f02bba381e49ce141b1f3250753918977d962b947e0d7d0b36030caec62
routing_abrupt_regime_shift,routing_abrupt_regime_shift:seed96100001:epoch30,30,19,discovery,96200000,anchor,-1.0,993793520.4251012,0.5929123125851885,844.0,0.05116959064327485,442b4f02bba381e49ce141b1f3250753918977d962b947e0d7d0b36030caec62
routing_abrupt_regime_shift,routing_abrupt_regime_shift:seed96100001:epoch30,30,19,discovery,96200000,u_0.00,0.0,993793520.4251012,0.5929123125851885,844.0,0.05116959064327485,442b4f02bba381e49ce141b1f3250753918977d962b947e0d7d0b36030caec62
routing_abrupt_regime_shift,routing_abrupt_regime_shift:seed96100001:epoch30,30,19,discovery,96200000,u_0.10,0.1,990464388.2427992,0.5965470240799636,840.0,0.05228758169934641,442b4f02bba381e49ce141b1f3250753918977d962b947e0d7d0b36030caec62
routing_abrupt_regime_shift,routing_abrupt_regime_shift:seed96100001:epoch30,30,19,discovery,96200000,u_0.20,0.2,984574579.8744329,0.6010904134484325,834.0,0.051263537906137184,442b4f02bba381e49ce141b1f3250753918977d962b947e0d7d0b36030caec62
routing_abrupt_regime_shift,routing_abrupt_regime_shift:seed96100001:epoch30,30,19,discovery,96200000,u_0.30,0.3,979612837.35069,0.6060881417537483,825.0,0.05218012866333095,442b4f02bba381e49ce141b1f3250753918977d962b947e0d7d0b36030caec62
routing_abrupt_regime_shift,routing_abrupt_regime_shift:seed96100001:epoch30,30,19,discovery,96200000,u_0.40,0.4,975657403.119607,0.611085870059064,814.0,0.05056980056980057,442b4f02bba381e49ce141b1f3250753918977d962b947e0d7d0b36030caec62
routing_abrupt_regime_shift,routing_abrupt_regime_shift:seed96100001:epoch30,30,19,discovery,96200000,u_0.50,0.5,968647764.38201,0.6169922762380736,801.0,0.04943502824858757,442b4f02bba381e49ce141b1f3250753918977d962b947e0d7d0b36030caec62
routing_abrupt_regime_shift,routing_abrupt_regime_shift:seed96100001:epoch30,30,19,discovery,96200000,u_0.60,0.6,961833921.8791497,0.6215356656065425,791.0,0.04708362614195362,442b4f02bba381e49ce141b1f3250753918977d962b947e0d7d0b36030caec62
routing_abrupt_regime_shift,routing_abrupt_regime_shift:seed96100001:epoch30,30,19,discovery,96200000,u_0.70,0.7,960473577.747158,0.6238073602907769,783.0,0.0456140350877193,442b4f02bba381e49ce141b1f3250753918977d962b947e0d7d0b36030caec62
routing_abrupt_regime_shift,routing_abrupt_regime_shift:seed96100001:epoch30,30,19,discovery,96200000,u_0.80,0.8,953409656.7907933,0.6288050885960926,772.0,0.04526462395543175,442b4f02bba381e49ce141b1f3250753918977d962b947e0d7d0b36030caec62
routing_abrupt_regime_shift,routing_abrupt_regime_shift:seed96100001:epoch30,30,19,discovery,96200000,u_0.90,0.9,950750597.3682785,0.631531122217174,766.0,0.04507628294036061,442b4f02bba381e49ce141b1f3250753918977d962b947e0d7d0b36030caec62
routing_abrupt_regime_shift,routing_abrupt_regime_shift:seed96100001:epoch30,30,19,discovery,96200000,u_1.00,1.0,950635388.6356453,0.6342571558382554,758.0,0.04558011049723757,442b4f02bba381e49ce141b1f3250753918977d962b947e0d7d0b36030caec62
routing_abrupt_regime_shift,routing_abrupt_regime_shift:seed96100001:epoch30,30,19,discovery,96200001,anchor,-1.0,964626201.4074316,0.6068097014925373,817.0,0.05401459854014599,442b4f02bba381e49ce141b1f3250753918977d962b947e0d7d0b36030caec62
routing_abrupt_regime_shift,routing_abrupt_regime_shift:seed96100001:epoch30,30,19,discovery,96200001,u_0.00,0.0,964626201.4074316,0.6068097014925373,817.0,0.05401459854014599,442b4f02bba381e49ce141b1f3250753918977d962b947e0d7d0b36030caec62
routing_abrupt_regime_shift,routing_abrupt_regime_shift:seed96100001:epoch30,30,19,discovery,96200001,u_0.10,0.1,960087428.3473433,0.6114738805970149,812.0,0.05293691080493111,442b4f02bba381e49ce141b1f3250753918977d962b947e0d7d0b36030caec62
routing_abrupt_regime_shift,routing_abrupt_regime_shift:seed96100001:epoch30,30,19,discovery,96200001,u_0.20,0.2,954325845.7657409,0.6156716417910447,808.0,0.05391804457225018,442b4f02bba381e49ce141b1f3250753918977d962b947e0d7d0b36030caec62
routing_abrupt_regime_shift,routing_abrupt_regime_shift:seed96100001:epoch30,30,19,discovery,96200001,u_0.30,0.3,948825390.0310961,0.6208022388059702,798.0,0.05555555555555555,442b4f02bba381e49ce141b1f3250753918977d962b947e0d7d0b36030caec62
routing_abrupt_regime_shift,routing_abrupt_regime_shift:seed96100001:epoch30,30,19,discovery,96200001,u_0.40,0.4,950569369.1301315,0.6222014925373134,800.0,0.05815602836879433,442b4f02bba381e49ce141b1f3250753918977d962b947e0d7d0b36030caec62
routing_abrupt_regime_shift,routing_abrupt_regime_shift:seed96100001:epoch30,30,19,discovery,96200001,u_0.50,0.5,944528447.5655673,0.6277985074626866,789.0,0.057665260196905765,442b4f02bba381e49ce141b1f3250753918977d962b947e0d7d0b36030caec62
routing_abrupt_regime_shift,routing_abrupt_regime_shift:seed96100001:epoch30,30,19,discovery,96200001,u_0.60,0.6,939849973.5043943,0.6315298507462687,781.0,0.05668299510146956,442b4f02bba381e49ce141b1f3250753918977d962b947e0d7d0b36030caec62
routing_abrupt_regime_shift,routing_abrupt_regime_shift:seed96100001:epoch30,30,19,discovery,96200001,u_0.70,0.7,939764735.5710028,0.6333955223880597,775.0,0.055865921787709494,442b4f02bba381e49ce141b1f3250753918977d962b947e0d7d0b36030caec62
routing_abrupt_regime_shift,routing_abrupt_regime_shift:seed96100001:epoch30,30,19,discovery,96200001,u_0.80,0.8,935475013.5394833,0.6375932835820896,767.0,0.05682605682605683,442b4f02bba381e49ce141b1f3250753918977d962b947e0d7d0b36030caec62
routing_abrupt_regime_shift,routing_abrupt_regime_shift:seed96100001:epoch30,30,19,discovery,96200001,u_0.90,0.9,933578332.31894,0.6403917910447762,761.0,0.05659075224292615,442b4f02bba381e49ce141b1f3250753918977d962b947e0d7d0b36030caec62
routing_abrupt_regime_shift,routing_abrupt_regime_shift:seed96100001:epoch30,30,19,discovery,96200001,u_1.00,1.0,931854609.2701474,0.6441231343283582,750.0,0.05567010309278351,442b4f02bba381e49ce141b1f3250753918977d962b947e0d7d0b36030caec62
routing_abrupt_regime_shift,routing_abrupt_regime_shift:seed96100001:epoch30,30,19,discovery,96200002,anchor,-1.0,978497734.6011978,0.6002785515320335,836.0,0.05903790087463557,442b4f02bba381e49ce141b1f3250753918977d962b947e0d7d0b36030caec62
routing_abrupt_regime_shift,routing_abrupt_regime_shift:seed96100001:epoch30,30,19,discovery,96200002,u_0.00,0.0,978497734.6011978,0.6002785515320335,836.0,0.05903790087463557,442b4f02bba381e49ce141b1f3250753918977d962b947e0d7d0b36030caec62
routing_abrupt_regime_shift,routing_abrupt_regime_shift:seed96100001:epoch30,30,19,discovery,96200002,u_0.10,0.1,971099838.1731349,0.6049210770659239,827.0,0.05720492396813903,442b4f02bba381e49ce141b1f3250753918977d962b947e0d7d0b36030caec62
routing_abrupt_regime_shift,routing_abrupt_regime_shift:seed96100001:epoch30,30,19,discovery,96200002,u_0.20,0.2,966374520.660428,0.6086350974930362,820.0,0.05759539236861051,442b4f02bba381e49ce141b1f3250753918977d962b947e0d7d0b36030caec62
routing_abrupt_regime_shift,routing_abrupt_regime_shift:seed96100001:epoch30,30,19,discovery,96200002,u_0.30,0.3,957404352.4835082,0.6155988857938719,808.0,0.055674518201284794,442b4f02bba381e49ce141b1f3250753918977d962b947e0d7d0b36030caec62
routing_abrupt_regime_shift,routing_abrupt_regime_shift:seed96100001:epoch30,30,19,discovery,96200002,u_0.40,0.4,960054250.455452,0.6179201485608171,811.0,0.05907473309608541,442b4f02bba381e49ce141b1f3250753918977d962b947e0d7d0b36030caec62
routing_abrupt_regime_shift,routing_abrupt_regime_shift:seed96100001:epoch30,30,19,discovery,96200002,u_0.50,0.5,953006290.6206933,0.6234911792014856,800.0,0.05861581920903955,442b4f02bba381e49ce141b1f3250753918977d962b947e0d7d0b36030caec62
routing_abrupt_regime_shift,routing_abrupt_regime_shift:seed96100001:epoch30,30,19,discovery,96200002,u_0.60,0.6,950130057.1710979,0.6262766945218199,795.0,0.059030217849613494,442b4f02bba381e49ce141b1f3250753918977d962b947e0d7d0b36030caec62
routing_abrupt_regime_shift,routing_abrupt_regime_shift:seed96100001:epoch30,30,19,discovery,96200002,u_0.70,0.7,948031320.6937194,0.6285979572887651,787.0,0.056140350877192984,442b4f02bba381e49ce141b1f3250753918977d962b947e0d7d0b36030caec62
routing_abrupt_regime_shift,routing_abrupt_regime_shift:seed96100001:epoch30,30,19,discovery,96200002,u_0.80,0.8,940342465.702751,0.6350974930362117,774.0,0.05362116991643454,442b4f02bba381e49ce141b1f3250753918977d962b947e0d7d0b36030caec62
routing_abrupt_regime_shift,routing_abrupt_regime_shift:seed96100001:epoch30,30,19,discovery,96200002,u_0.90,0.9,938629942.8675951,0.637883008356546,768.0,0.05339805825242718,442b4f02bba381e49ce141b1f3250753918977d962b947e0d7d0b36030caec62
routing_abrupt_regime_shift,routing_abrupt_regime_shift:seed96100001:epoch30,30,19,discovery,96200002,u_1.00,1.0,940076801.7853489,0.6406685236768802,765.0,0.0531767955801105,442b4f02bba381e49ce141b1f3250753918977d962b947e0d7d0b36030caec62
routing_abrupt_regime_shift,routing_abrupt_regime_shift:seed96100001:epoch30,30,19,validation,96300000,anchor,-1.0,930341068.9093823,0.6147657359204922,794.0,0.0547845142439737,442b4f02bba381e49ce141b1f3250753918977d962b947e0d7d0b36030caec62
routing_abrupt_regime_shift,routing_abrupt_regime_shift:seed96100001:epoch30,30,19,validation,96300000,u_0.00,0.0,930341068.9093823,0.6147657359204922,794.0,0.0547845142439737,442b4f02bba381e49ce141b1f3250753918977d962b947e0d7d0b36030caec62
routing_abrupt_regime_shift,routing_abrupt_regime_shift:seed96100001:epoch30,30,19,validation,96300000,u_0.10,0.1,925245147.2416118,0.6185518220539518,788.0,0.054466230936819175,442b4f02bba381e49ce141b1f3250753918977d962b947e0d7d0b36030caec62
routing_abrupt_regime_shift,routing_abrupt_regime_shift:seed96100001:epoch30,30,19,validation,96300000,u_0.20,0.2,919751016.70125,0.6228111689540937,780.0,0.053429602888086646,442b4f02bba381e49ce141b1f3250753918977d962b947e0d7d0b36030caec62
routing_abrupt_regime_shift,routing_abrupt_regime_shift:seed96100001:epoch30,30,19,validation,96300000,u_0.30,0.3,913532667.7638783,0.6299100804543304,772.0,0.052292263610315186,442b4f02bba381e49ce141b1f3250753918977d962b947e0d7d0b36030caec62
routing_abrupt_regime_shift,routing_abrupt_regime_shift:seed96100001:epoch30,30,19,validation,96300000,u_0.40,0.4,908664169.1803677,0.6346426881211548,765.0,0.04918032786885246,442b4f02bba381e49ce141b1f3250753918977d962b947e0d7d0b36030caec62
routing_abrupt_regime_shift,routing_abrupt_regime_shift:seed96100001:epoch30,30,19,validation,96300000,u_0.50,0.5,899761794.8215326,0.6417415996213914,751.0,0.04667609618104668,442b4f02bba381e49ce141b1f3250753918977d962b947e0d7d0b36030caec62
routing_abrupt_regime_shift,routing_abrupt_regime_shift:seed96100001:epoch30,30,19,validation,96300000,u_0.60,0.6,896125985.5169585,0.6450544249881685,745.0,0.04644616467276566,442b4f02bba381e49ce141b1f3250753918977d962b947e0d7d0b36030caec62
routing_abrupt_regime_shift,routing_abrupt_regime_shift:seed96100001:epoch30,30,19,validation,96300000,u_0.70,0.7,899312926.1887769,0.6441079034548036,744.0,0.04915730337078652,442b4f02bba381e49ce141b1f3250753918977d962b947e0d7d0b36030caec62
routing_abrupt_regime_shift,routing_abrupt_regime_shift:seed96100001:epoch30,30,19,validation,96300000,u_0.80,0.8,894477646.0645272,0.6493137718883104,735.0,0.04881450488145049,442b4f02bba381e49ce141b1f3250753918977d962b947e0d7d0b36030caec62
routing_abrupt_regime_shift,routing_abrupt_regime_shift:seed96100001:epoch30,30,19,validation,96300000,u_0.90,0.9,892176387.1920927,0.6521533364884051,729.0,0.04861111111111111,442b4f02bba381e49ce141b1f3250753918977d962b947e0d7d0b36030caec62
routing_abrupt_regime_shift,routing_abrupt_regime_shift:seed96100001:epoch30,30,19,validation,96300000,u_1.00,1.0,892315891.7562425,0.6559394226218647,723.0,0.04837595024187975,442b4f02bba381e49ce141b1f3250753918977d962b947e0d7d0b36030caec62
routing_abrupt_regime_shift,routing_abrupt_regime_shift:seed96100001:epoch30,30,19,validation,96300001,anchor,-1.0,1009885208.5294616,0.5926605504587156,861.0,0.061313868613138686,442b4f02bba381e49ce141b1f3250753918977d962b947e0d7d0b36030caec62
routing_abrupt_regime_shift,routing_abrupt_regime_shift:seed96100001:epoch30,30,19,validation,96300001,u_0.00,0.0,1009885208.5294616,0.5926605504587156,861.0,0.061313868613138686,442b4f02bba381e49ce141b1f3250753918977d962b947e0d7d0b36030caec62
routing_abrupt_regime_shift,routing_abrupt_regime_shift:seed96100001:epoch30,30,19,validation,96300001,u_0.10,0.1,1006668914.688515,0.5963302752293578,857.0,0.06163886874546773,442b4f02bba381e49ce141b1f3250753918977d962b947e0d7d0b36030caec62
routing_abrupt_regime_shift,routing_abrupt_regime_shift:seed96100001:epoch30,30,19,validation,96300001,u_0.20,0.2,1001123677.9799129,0.6,852.0,0.061239193083573486,442b4f02bba381e49ce141b1f3250753918977d962b947e0d7d0b36030caec62
routing_abrupt_regime_shift,routing_abrupt_regime_shift:seed96100001:epoch30,30,19,validation,96300001,u_0.30,0.3,996633308.5997008,0.6055045871559633,846.0,0.062142857142857146,442b4f02bba381e49ce141b1f3250753918977d962b947e0d7d0b36030caec62
routing_abrupt_regime_shift,routing_abrupt_regime_shift:seed96100001:epoch30,30,19,validation,96300001,u_0.40,0.4,991244044.5563723,0.6100917431192661,838.0,0.06178977272727273,442b4f02bba381e49ce141b1f3250753918977d962b947e0d7d0b36030caec62
routing_abrupt_regime_shift,routing_abrupt_regime_shift:seed96100001:epoch30,30,19,validation,96300001,u_0.50,0.5,983857048.655362,0.615137614678899,826.0,0.06126760563380282,442b4f02bba381e49ce141b1f3250753918977d962b947e0d7d0b36030caec62
routing_abrupt_regime_shift,routing_abrupt_regime_shift:seed96100001:epoch30,30,19,validation,96300001,u_0.60,0.6,978874635.2238098,0.6188073394495412,819.0,0.060266292922214436,442b4f02bba381e49ce141b1f3250753918977d962b947e0d7d0b36030caec62
routing_abrupt_regime_shift,routing_abrupt_regime_shift:seed96100001:epoch30,30,19,validation,96300001,u_0.70,0.7,980686237.6790125,0.6201834862385321,818.0,0.06088173547935619,442b4f02bba381e49ce141b1f3250753918977d962b947e0d7d0b36030caec62
routing_abrupt_regime_shift,routing_abrupt_regime_shift:seed96100001:epoch30,30,19,validation,96300001,u_0.80,0.8,974809068.2765467,0.6256880733944954,807.0,0.059763724808895066,442b4f02bba381e49ce141b1f3250753918977d962b947e0d7d0b36030caec62
routing_abrupt_regime_shift,routing_abrupt_regime_shift:seed96100001:epoch30,30,19,validation,96300001,u_0.90,0.9,971278401.9410247,0.6302752293577981,797.0,0.059474412171507604,442b4f02bba381e49ce141b1f3250753918977d962b947e0d7d0b36030caec62
routing_abrupt_regime_shift,routing_abrupt_regime_shift:seed96100001:epoch30,30,19,validation,96300001,u_1.00,1.0,970269695.6256413,0.6344036697247707,787.0,0.057083906464924346,442b4f02bba381e49ce141b1f3250753918977d962b947e0d7d0b36030caec62
routing_abrupt_regime_shift,routing_abrupt_regime_shift:seed96100001:epoch30,30,19,validation,96300002,anchor,-1.0,912827428.7787101,0.6202290076335878,768.0,0.05025868440502587,442b4f02bba381e49ce141b1f3250753918977d962b947e0d7d0b36030caec62
routing_abrupt_regime_shift,routing_abrupt_regime_shift:seed96100001:epoch30,30,19,validation,96300002,u_0.00,0.0,912827428.7787101,0.6202290076335878,768.0,0.05025868440502587,442b4f02bba381e49ce141b1f3250753918977d962b947e0d7d0b36030caec62
routing_abrupt_regime_shift,routing_abrupt_regime_shift:seed96100001:epoch30,30,19,validation,96300002,u_0.10,0.1,909758798.5674384,0.6245229007633588,763.0,0.04852941176470588,442b4f02bba381e49ce141b1f3250753918977d962b947e0d7d0b36030caec62
routing_abrupt_regime_shift,routing_abrupt_regime_shift:seed96100001:epoch30,30,19,validation,96300002,u_0.20,0.2,903961945.0149611,0.629293893129771,754.0,0.04674945215485756,442b4f02bba381e49ce141b1f3250753918977d962b947e0d7d0b36030caec62
routing_abrupt_regime_shift,routing_abrupt_regime_shift:seed96100001:epoch30,30,19,validation,96300002,u_0.30,0.3,899070649.3841441,0.6345419847328244,746.0,0.04782608695652174,442b4f02bba381e49ce141b1f3250753918977d962b947e0d7d0b36030caec62
routing_abrupt_regime_shift,routing_abrupt_regime_shift:seed96100001:epoch30,30,19,validation,96300002,u_0.40,0.4,895145804.5080463,0.637881679389313,739.0,0.04899135446685879,442b4f02bba381e49ce141b1f3250753918977d962b947e0d7d0b36030caec62
routing_abrupt_regime_shift,routing_abrupt_regime_shift:seed96100001:epoch30,30,19,validation,96300002,u_0.50,0.5,888347901.2267368,0.6436068702290076,728.0,0.04857142857142857,442b4f02bba381e49ce141b1f3250753918977d962b947e0d7d0b36030caec62
routing_abrupt_regime_shift,routing_abrupt_regime_shift:seed96100001:epoch30,30,19,validation,96300002,u_0.60,0.6,884601236.5527706,0.6469465648854962,722.0,0.048329779673063254,442b4f02bba381e49ce141b1f3250753918977d962b947e0d7d0b36030caec62
routing_abrupt_regime_shift,routing_abrupt_regime_shift:seed96100001:epoch30,30,19,validation,96300002,u_0.70,0.7,884824863.9391594,0.6493320610687023,720.0,0.04748405386250886,442b4f02bba381e49ce141b1f3250753918977d962b947e0d7d0b36030caec62
routing_abrupt_regime_shift,routing_abrupt_regime_shift:seed96100001:epoch30,30,19,validation,96300002,u_0.80,0.8,876239222.5613122,0.6569656488549618,705.0,0.04571026722925457,442b4f02bba381e49ce141b1f3250753918977d962b947e0d7d0b36030caec62
routing_abrupt_regime_shift,routing_abrupt_regime_shift:seed96100001:epoch30,30,19,validation,96300002,u_0.90,0.9,874743341.7263958,0.6593511450381679,699.0,0.04618614415675298,442b4f02bba381e49ce141b1f3250753918977d962b947e0d7d0b36030caec62
routing_abrupt_regime_shift,routing_abrupt_regime_shift:seed96100001:epoch30,30,19,validation,96300002,u_1.00,1.0,873680149.4089669,0.6641221374045801,691.0,0.045706371191135735,442b4f02bba381e49ce141b1f3250753918977d962b947e0d7d0b36030caec62
routing_abrupt_regime_shift,routing_abrupt_regime_shift:seed96100001:epoch30,30,19,validation,96300003,anchor,-1.0,985237716.9436139,0.6113965436711817,842.0,0.04814004376367615,442b4f02bba381e49ce141b1f3250753918977d962b947e0d7d0b36030caec62
routing_abrupt_regime_shift,routing_abrupt_regime_shift:seed96100001:epoch30,30,19,validation,96300003,u_0.00,0.0,985237716.9436139,0.6113965436711817,842.0,0.04814004376367615,442b4f02bba381e49ce141b1f3250753918977d962b947e0d7d0b36030caec62
routing_abrupt_regime_shift,routing_abrupt_regime_shift:seed96100001:epoch30,30,19,validation,96300003,u_0.10,0.1,983996067.750898,0.6137319009808501,841.0,0.050761421319796954,442b4f02bba381e49ce141b1f3250753918977d962b947e0d7d0b36030caec62
routing_abrupt_regime_shift,routing_abrupt_regime_shift:seed96100001:epoch30,30,19,validation,96300003,u_0.20,0.2,978812232.7889667,0.6179355441382531,833.0,0.05043227665706052,442b4f02bba381e49ce141b1f3250753918977d962b947e0d7d0b36030caec62
routing_abrupt_regime_shift,routing_abrupt_regime_shift:seed96100001:epoch30,30,19,validation,96300003,u_0.30,0.3,968331702.5393028,0.626809901914993,820.0,0.046395431834404,442b4f02bba381e49ce141b1f3250753918977d962b947e0d7d0b36030caec62
routing_abrupt_regime_shift,routing_abrupt_regime_shift:seed96100001:epoch30,30,19,validation,96300003,u_0.40,0.4,967738176.8769948,0.6286781877627277,816.0,0.04904051172707889,442b4f02bba381e49ce141b1f3250753918977d962b947e0d7d0b36030caec62
routing_abrupt_regime_shift,routing_abrupt_regime_shift:seed96100001:epoch30,30,19,validation,96300003,u_0.50,0.5,962165754.4951689,0.6333489023820644,807.0,0.05003523608174771,442b4f02bba381e49ce141b1f3250753918977d962b947e0d7d0b36030caec62
routing_abrupt_regime_shift,routing_abrupt_regime_shift:seed96100001:epoch30,30,19,validation,96300003,u_0.60,0.6,957394377.3752573,0.6370854740775339,799.0,0.04908835904628331,442b4f02bba381e49ce141b1f3250753918977d962b947e0d7d0b36030caec62
routing_abrupt_regime_shift,routing_abrupt_regime_shift:seed96100001:epoch30,30,19,validation,96300003,u_0.70,0.7,956796989.6435288,0.6394208313872023,793.0,0.047619047619047616,442b4f02bba381e49ce141b1f3250753918977d962b947e0d7d0b36030caec62
routing_abrupt_regime_shift,routing_abrupt_regime_shift:seed96100001:epoch30,30,19,validation,96300003,u_0.80,0.8,951806499.2889264,0.6445586174684726,784.0,0.0472550382209868,442b4f02bba381e49ce141b1f3250753918977d962b947e0d7d0b36030caec62
routing_abrupt_regime_shift,routing_abrupt_regime_shift:seed96100001:epoch30,30,19,validation,96300003,u_0.90,0.9,950009638.9148176,0.6473610462400747,778.0,0.047058823529411764,442b4f02bba381e49ce141b1f3250753918977d962b947e0d7d0b36030caec62
routing_abrupt_regime_shift,routing_abrupt_regime_shift:seed96100001:epoch30,30,19,validation,96300003,u_1.00,1.0,948558092.4260029,0.6510976179355441,767.0,0.0461750516884907,442b4f02bba381e49ce141b1f3250753918977d962b947e0d7d0b36030caec62
routing_abrupt_regime_shift,routing_abrupt_regime_shift:seed96100001:epoch30,30,19,validation,96300004,anchor,-1.0,1011124593.245492,0.5849748053137883,858.0,0.0652971386647102,442b4f02bba381e49ce141b1f3250753918977d962b947e0d7d0b36030caec62
routing_abrupt_regime_shift,routing_abrupt_regime_shift:seed96100001:epoch30,30,19,validation,96300004,u_0.00,0.0,1011124593.245492,0.5849748053137883,858.0,0.0652971386647102,442b4f02bba381e49ce141b1f3250753918977d962b947e0d7d0b36030caec62
routing_abrupt_regime_shift,routing_abrupt_regime_shift:seed96100001:epoch30,30,19,validation,96300004,u_0.10,0.1,1006829550.3681176,0.5886394869445717,853.0,0.06564551422319474,442b4f02bba381e49ce141b1f3250753918977d962b947e0d7d0b36030caec62
routing_abrupt_regime_shift,routing_abrupt_regime_shift:seed96100001:epoch30,30,19,validation,96300004,u_0.20,0.2,1001260413.9947742,0.5923041685753551,845.0,0.06594202898550725,442b4f02bba381e49ce141b1f3250753918977d962b947e0d7d0b36030caec62
routing_abrupt_regime_shift,routing_abrupt_regime_shift:seed96100001:epoch30,30,19,validation,96300004,u_0.30,0.3,997406488.4834087,0.5973431058176821,842.0,0.0668103448275862,442b4f02bba381e49ce141b1f3250753918977d962b947e0d7d0b36030caec62
routing_abrupt_regime_shift,routing_abrupt_regime_shift:seed96100001:epoch30,30,19,validation,96300004,u_0.40,0.4,987871600.9937842,0.6046724690792488,829.0,0.06481481481481481,442b4f02bba381e49ce141b1f3250753918977d962b947e0d7d0b36030caec62
routing_abrupt_regime_shift,routing_abrupt_regime_shift:seed96100001:epoch30,30,19,validation,96300004,u_0.50,0.5,979786937.4024483,0.6106275767292716,817.0,0.0635593220338983,442b4f02bba381e49ce141b1f3250753918977d962b947e0d7d0b36030caec62
routing_abrupt_regime_shift,routing_abrupt_regime_shift:seed96100001:epoch30,30,19,validation,96300004,u_0.60,0.6,976186741.9221827,0.613834173156207,810.0,0.06324666198172874,442b4f02bba381e49ce141b1f3250753918977d962b947e0d7d0b36030caec62
routing_abrupt_regime_shift,routing_abrupt_regime_shift:seed96100001:epoch30,30,19,validation,96300004,u_0.70,0.7,974696412.6524513,0.6179569399908383,802.0,0.0622813156053184,442b4f02bba381e49ce141b1f3250753918977d962b947e0d7d0b36030caec62
routing_abrupt_regime_shift,routing_abrupt_regime_shift:seed96100001:epoch30,30,19,validation,96300004,u_0.80,0.8,970347298.2155027,0.6225377920293175,794.0,0.06254343293954134,442b4f02bba381e49ce141b1f3250753918977d962b947e0d7d0b36030caec62
routing_abrupt_regime_shift,routing_abrupt_regime_shift:seed96100001:epoch30,30,19,validation,96300004,u_0.90,0.9,967451827.7034028,0.6257443884562529,787.0,0.061591695501730104,442b4f02bba381e49ce141b1f3250753918977d962b947e0d7d0b36030caec62
routing_abrupt_regime_shift,routing_abrupt_regime_shift:seed96100001:epoch30,30,19,validation,96300004,u_1.00,1.0,964680996.9876151,0.6298671552908841,777.0,0.05991735537190083,442b4f02bba381e49ce141b1f3250753918977d962b947e0d7d0b36030caec62
routing_abrupt_regime_shift,routing_abrupt_regime_shift:seed96100001:epoch55,55,20,discovery,96200000,anchor,-1.0,48371944.106236726,0.638095238095238,43.0,0.06779661016949153,442b4f02bba381e49ce141b1f3250753918977d962b947e0d7d0b36030caec62
routing_abrupt_regime_shift,routing_abrupt_regime_shift:seed96100001:epoch55,55,20,discovery,96200000,u_0.00,0.0,48371944.106236726,0.638095238095238,43.0,0.06779661016949153,442b4f02bba381e49ce141b1f3250753918977d962b947e0d7d0b36030caec62
routing_abrupt_regime_shift,routing_abrupt_regime_shift:seed96100001:epoch55,55,20,discovery,96200000,u_0.10,0.1,46949963.430436894,0.638095238095238,40.0,0.057971014492753624,442b4f02bba381e49ce141b1f3250753918977d962b947e0d7d0b36030caec62
routing_abrupt_regime_shift,routing_abrupt_regime_shift:seed96100001:epoch55,55,20,discovery,96200000,u_0.20,0.2,45554787.65145121,0.638095238095238,37.0,0.05063291139240506,442b4f02bba381e49ce141b1f3250753918977d962b947e0d7d0b36030caec62
routing_abrupt_regime_shift,routing_abrupt_regime_shift:seed96100001:epoch55,55,20,discovery,96200000,u_0.30,0.3,43162284.224782795,0.638095238095238,32.0,0.0425531914893617,442b4f02bba381e49ce141b1f3250753918977d962b947e0d7d0b36030caec62
routing_abrupt_regime_shift,routing_abrupt_regime_shift:seed96100001:epoch55,55,20,discovery,96200000,u_0.40,0.4,42798020.49095073,0.638095238095238,30.0,0.03669724770642202,442b4f02bba381e49ce141b1f3250753918977d962b947e0d7d0b36030caec62
routing_abrupt_regime_shift,routing_abrupt_regime_shift:seed96100001:epoch55,55,20,discovery,96200000,u_0.50,0.5,41737796.91634053,0.638095238095238,26.0,0.03225806451612903,442b4f02bba381e49ce141b1f3250753918977d962b947e0d7d0b36030caec62
routing_abrupt_regime_shift,routing_abrupt_regime_shift:seed96100001:epoch55,55,20,discovery,96200000,u_0.60,0.6,42957181.05301705,0.638095238095238,25.0,0.029850746268656716,442b4f02bba381e49ce141b1f3250753918977d962b947e0d7d0b36030caec62
routing_abrupt_regime_shift,routing_abrupt_regime_shift:seed96100001:epoch55,55,20,discovery,96200000,u_0.70,0.7,44555285.20098032,0.638095238095238,24.0,0.027777777777777776,442b4f02bba381e49ce141b1f3250753918977d962b947e0d7d0b36030caec62
routing_abrupt_regime_shift,routing_abrupt_regime_shift:seed96100001:epoch55,55,20,discovery,96200000,u_0.80,0.8,45730901.70004663,0.638095238095238,22.0,0.025157232704402517,442b4f02bba381e49ce141b1f3250753918977d962b947e0d7d0b36030caec62
routing_abrupt_regime_shift,routing_abrupt_regime_shift:seed96100001:epoch55,55,20,discovery,96200000,u_0.90,0.9,48086445.63076705,0.638095238095238,21.0,0.023668639053254437,442b4f02bba381e49ce141b1f3250753918977d962b947e0d7d0b36030caec62
routing_abrupt_regime_shift,routing_abrupt_regime_shift:seed96100001:epoch55,55,20,discovery,96200000,u_1.00,1.0,48919821.81634053,0.638095238095238,17.0,0.021739130434782608,442b4f02bba381e49ce141b1f3250753918977d962b947e0d7d0b36030caec62
routing_abrupt_regime_shift,routing_abrupt_regime_shift:seed96100001:epoch55,55,20,discovery,96200001,anchor,-1.0,48371944.106236726,0.638095238095238,43.0,0.06779661016949153,442b4f02bba381e49ce141b1f3250753918977d962b947e0d7d0b36030caec62
routing_abrupt_regime_shift,routing_abrupt_regime_shift:seed96100001:epoch55,55,20,discovery,96200001,u_0.00,0.0,48371944.106236726,0.638095238095238,43.0,0.06779661016949153,442b4f02bba381e49ce141b1f3250753918977d962b947e0d7d0b36030caec62
routing_abrupt_regime_shift,routing_abrupt_regime_shift:seed96100001:epoch55,55,20,discovery,96200001,u_0.10,0.1,46949963.430436894,0.638095238095238,40.0,0.057971014492753624,442b4f02bba381e49ce141b1f3250753918977d962b947e0d7d0b36030caec62
routing_abrupt_regime_shift,routing_abrupt_regime_shift:seed96100001:epoch55,55,20,discovery,96200001,u_0.20,0.2,45554787.65145121,0.638095238095238,37.0,0.05063291139240506,442b4f02bba381e49ce141b1f3250753918977d962b947e0d7d0b36030caec62
routing_abrupt_regime_shift,routing_abrupt_regime_shift:seed96100001:epoch55,55,20,discovery,96200001,u_0.30,0.3,43162284.224782795,0.638095238095238,32.0,0.0425531914893617,442b4f02bba381e49ce141b1f3250753918977d962b947e0d7d0b36030caec62
routing_abrupt_regime_shift,routing_abrupt_regime_shift:seed96100001:epoch55,55,20,discovery,96200001,u_0.40,0.4,42798020.49095073,0.638095238095238,30.0,0.03669724770642202,442b4f02bba381e49ce141b1f3250753918977d962b947e0d7d0b36030caec62
routing_abrupt_regime_shift,routing_abrupt_regime_shift:seed96100001:epoch55,55,20,discovery,96200001,u_0.50,0.5,41737796.91634053,0.638095238095238,26.0,0.03225806451612903,442b4f02bba381e49ce141b1f3250753918977d962b947e0d7d0b36030caec62
routing_abrupt_regime_shift,routing_abrupt_regime_shift:seed96100001:epoch55,55,20,discovery,96200001,u_0.60,0.6,42957181.05301705,0.638095238095238,25.0,0.029850746268656716,442b4f02bba381e49ce141b1f3250753918977d962b947e0d7d0b36030caec62
routing_abrupt_regime_shift,routing_abrupt_regime_shift:seed96100001:epoch55,55,20,discovery,96200001,u_0.70,0.7,44555285.20098032,0.638095238095238,24.0,0.027777777777777776,442b4f02bba381e49ce141b1f3250753918977d962b947e0d7d0b36030caec62
routing_abrupt_regime_shift,routing_abrupt_regime_shift:seed96100001:epoch55,55,20,discovery,96200001,u_0.80,0.8,45730901.70004663,0.638095238095238,22.0,0.025157232704402517,442b4f02bba381e49ce141b1f3250753918977d962b947e0d7d0b36030caec62
routing_abrupt_regime_shift,routing_abrupt_regime_shift:seed96100001:epoch55,55,20,discovery,96200001,u_0.90,0.9,48086445.63076705,0.638095238095238,21.0,0.023668639053254437,442b4f02bba381e49ce141b1f3250753918977d962b947e0d7d0b36030caec62
routing_abrupt_regime_shift,routing_abrupt_regime_shift:seed96100001:epoch55,55,20,discovery,96200001,u_1.00,1.0,48919821.81634053,0.638095238095238,17.0,0.021739130434782608,442b4f02bba381e49ce141b1f3250753918977d962b947e0d7d0b36030caec62
routing_abrupt_regime_shift,routing_abrupt_regime_shift:seed96100001:epoch55,55,20,discovery,96200002,anchor,-1.0,48371944.106236726,0.638095238095238,43.0,0.06779661016949153,442b4f02bba381e49ce141b1f3250753918977d962b947e0d7d0b36030caec62
routing_abrupt_regime_shift,routing_abrupt_regime_shift:seed96100001:epoch55,55,20,discovery,96200002,u_0.00,0.0,48371944.106236726,0.638095238095238,43.0,0.06779661016949153,442b4f02bba381e49ce141b1f3250753918977d962b947e0d7d0b36030caec62
routing_abrupt_regime_shift,routing_abrupt_regime_shift:seed96100001:epoch55,55,20,discovery,96200002,u_0.10,0.1,46949963.430436894,0.638095238095238,40.0,0.057971014492753624,442b4f02bba381e49ce141b1f3250753918977d962b947e0d7d0b36030caec62
routing_abrupt_regime_shift,routing_abrupt_regime_shift:seed96100001:epoch55,55,20,discovery,96200002,u_0.20,0.2,45554787.65145121,0.638095238095238,37.0,0.05063291139240506,442b4f02bba381e49ce141b1f3250753918977d962b947e0d7d0b36030caec62
routing_abrupt_regime_shift,routing_abrupt_regime_shift:seed96100001:epoch55,55,20,discovery,96200002,u_0.30,0.3,43162284.224782795,0.638095238095238,32.0,0.0425531914893617,442b4f02bba381e49ce141b1f3250753918977d962b947e0d7d0b36030caec62
routing_abrupt_regime_shift,routing_abrupt_regime_shift:seed96100001:epoch55,55,20,discovery,96200002,u_0.40,0.4,42798020.49095073,0.638095238095238,30.0,0.03669724770642202,442b4f02bba381e49ce141b1f3250753918977d962b947e0d7d0b36030caec62
routing_abrupt_regime_shift,routing_abrupt_regime_shift:seed96100001:epoch55,55,20,discovery,96200002,u_0.50,0.5,41737796.91634053,0.638095238095238,26.0,0.03225806451612903,442b4f02bba381e49ce141b1f3250753918977d962b947e0d7d0b36030caec62
routing_abrupt_regime_shift,routing_abrupt_regime_shift:seed96100001:epoch55,55,20,discovery,96200002,u_0.60,0.6,42957181.05301705,0.638095238095238,25.0,0.029850746268656716,442b4f02bba381e49ce141b1f3250753918977d962b947e0d7d0b36030caec62
routing_abrupt_regime_shift,routing_abrupt_regime_shift:seed96100001:epoch55,55,20,discovery,96200002,u_0.70,0.7,44555285.20098032,0.638095238095238,24.0,0.027777777777777776,442b4f02bba381e49ce141b1f3250753918977d962b947e0d7d0b36030caec62
routing_abrupt_regime_shift,routing_abrupt_regime_shift:seed96100001:epoch55,55,20,discovery,96200002,u_0.80,0.8,45730901.70004663,0.638095238095238,22.0,0.025157232704402517,442b4f02bba381e49ce141b1f3250753918977d962b947e0d7d0b36030caec62
routing_abrupt_regime_shift,routing_abrupt_regime_shift:seed96100001:epoch55,55,20,discovery,96200002,u_0.90,0.9,48086445.63076705,0.638095238095238,21.0,0.023668639053254437,442b4f02bba381e49ce141b1f3250753918977d962b947e0d7d0b36030caec62
routing_abrupt_regime_shift,routing_abrupt_regime_shift:seed96100001:epoch55,55,20,discovery,96200002,u_1.00,1.0,48919821.81634053,0.638095238095238,17.0,0.021739130434782608,442b4f02bba381e49ce141b1f3250753918977d962b947e0d7d0b36030caec62
routing_abrupt_regime_shift,routing_abrupt_regime_shift:seed96100001:epoch55,55,20,validation,96300000,anchor,-1.0,48371944.106236726,0.638095238095238,43.0,0.06779661016949153,442b4f02bba381e49ce141b1f3250753918977d962b947e0d7d0b36030caec62
routing_abrupt_regime_shift,routing_abrupt_regime_shift:seed96100001:epoch55,55,20,validation,96300000,u_0.00,0.0,48371944.106236726,0.638095238095238,43.0,0.06779661016949153,442b4f02bba381e49ce141b1f3250753918977d962b947e0d7d0b36030caec62
routing_abrupt_regime_shift,routing_abrupt_regime_shift:seed96100001:epoch55,55,20,validation,96300000,u_0.10,0.1,46949963.430436894,0.638095238095238,40.0,0.057971014492753624,442b4f02bba381e49ce141b1f3250753918977d962b947e0d7d0b36030caec62
routing_abrupt_regime_shift,routing_abrupt_regime_shift:seed96100001:epoch55,55,20,validation,96300000,u_0.20,0.2,45554787.65145121,0.638095238095238,37.0,0.05063291139240506,442b4f02bba381e49ce141b1f3250753918977d962b947e0d7d0b36030caec62
routing_abrupt_regime_shift,routing_abrupt_regime_shift:seed96100001:epoch55,55,20,validation,96300000,u_0.30,0.3,43162284.224782795,0.638095238095238,32.0,0.0425531914893617,442b4f02bba381e49ce141b1f3250753918977d962b947e0d7d0b36030caec62
routing_abrupt_regime_shift,routing_abrupt_regime_shift:seed96100001:epoch55,55,20,validation,96300000,u_0.40,0.4,42798020.49095073,0.638095238095238,30.0,0.03669724770642202,442b4f02bba381e49ce141b1f3250753918977d962b947e0d7d0b36030caec62
routing_abrupt_regime_shift,routing_abrupt_regime_shift:seed96100001:epoch55,55,20,validation,96300000,u_0.50,0.5,41737796.91634053,0.638095238095238,26.0,0.03225806451612903,442b4f02bba381e49ce141b1f3250753918977d962b947e0d7d0b36030caec62
routing_abrupt_regime_shift,routing_abrupt_regime_shift:seed96100001:epoch55,55,20,validation,96300000,u_0.60,0.6,42957181.05301705,0.638095238095238,25.0,0.029850746268656716,442b4f02bba381e49ce141b1f3250753918977d962b947e0d7d0b36030caec62
routing_abrupt_regime_shift,routing_abrupt_regime_shift:seed96100001:epoch55,55,20,validation,96300000,u_0.70,0.7,44555285.20098032,0.638095238095238,24.0,0.027777777777777776,442b4f02bba381e49ce141b1f3250753918977d962b947e0d7d0b36030caec62
routing_abrupt_regime_shift,routing_abrupt_regime_shift:seed96100001:epoch55,55,20,validation,96300000,u_0.80,0.8,45730901.70004663,0.638095238095238,22.0,0.025157232704402517,442b4f02bba381e49ce141b1f3250753918977d962b947e0d7d0b36030caec62
routing_abrupt_regime_shift,routing_abrupt_regime_shift:seed96100001:epoch55,55,20,validation,96300000,u_0.90,0.9,48086445.63076705,0.638095238095238,21.0,0.023668639053254437,442b4f02bba381e49ce141b1f3250753918977d962b947e0d7d0b36030caec62
routing_abrupt_regime_shift,routing_abrupt_regime_shift:seed96100001:epoch55,55,20,validation,96300000,u_1.00,1.0,48919821.81634053,0.638095238095238,17.0,0.021739130434782608,442b4f02bba381e49ce141b1f3250753918977d962b947e0d7d0b36030caec62
routing_abrupt_regime_shift,routing_abrupt_regime_shift:seed96100001:epoch55,55,20,validation,96300001,anchor,-1.0,48371944.106236726,0.638095238095238,43.0,0.06779661016949153,442b4f02bba381e49ce141b1f3250753918977d962b947e0d7d0b36030caec62
routing_abrupt_regime_shift,routing_abrupt_regime_shift:seed96100001:epoch55,55,20,validation,96300001,u_0.00,0.0,48371944.106236726,0.638095238095238,43.0,0.06779661016949153,442b4f02bba381e49ce141b1f3250753918977d962b947e0d7d0b36030caec62
routing_abrupt_regime_shift,routing_abrupt_regime_shift:seed96100001:epoch55,55,20,validation,96300001,u_0.10,0.1,46949963.430436894,0.638095238095238,40.0,0.057971014492753624,442b4f02bba381e49ce141b1f3250753918977d962b947e0d7d0b36030caec62
routing_abrupt_regime_shift,routing_abrupt_regime_shift:seed96100001:epoch55,55,20,validation,96300001,u_0.20,0.2,45554787.65145121,0.638095238095238,37.0,0.05063291139240506,442b4f02bba381e49ce141b1f3250753918977d962b947e0d7d0b36030caec62
routing_abrupt_regime_shift,routing_abrupt_regime_shift:seed96100001:epoch55,55,20,validation,96300001,u_0.30,0.3,43162284.224782795,0.638095238095238,32.0,0.0425531914893617,442b4f02bba381e49ce141b1f3250753918977d962b947e0d7d0b36030caec62
routing_abrupt_regime_shift,routing_abrupt_regime_shift:seed96100001:epoch55,55,20,validation,96300001,u_0.40,0.4,42798020.49095073,0.638095238095238,30.0,0.03669724770642202,442b4f02bba381e49ce141b1f3250753918977d962b947e0d7d0b36030caec62
routing_abrupt_regime_shift,routing_abrupt_regime_shift:seed96100001:epoch55,55,20,validation,96300001,u_0.50,0.5,41737796.91634053,0.638095238095238,26.0,0.03225806451612903,442b4f02bba381e49ce141b1f3250753918977d962b947e0d7d0b36030caec62
routing_abrupt_regime_shift,routing_abrupt_regime_shift:seed96100001:epoch55,55,20,validation,96300001,u_0.60,0.6,42957181.05301705,0.638095238095238,25.0,0.029850746268656716,442b4f02bba381e49ce141b1f3250753918977d962b947e0d7d0b36030caec62
routing_abrupt_regime_shift,routing_abrupt_regime_shift:seed96100001:epoch55,55,20,validation,96300001,u_0.70,0.7,44555285.20098032,0.638095238095238,24.0,0.027777777777777776,442b4f02bba381e49ce141b1f3250753918977d962b947e0d7d0b36030caec62
routing_abrupt_regime_shift,routing_abrupt_regime_shift:seed96100001:epoch55,55,20,validation,96300001,u_0.80,0.8,45730901.70004663,0.638095238095238,22.0,0.025157232704402517,442b4f02bba381e49ce141b1f3250753918977d962b947e0d7d0b36030caec62
routing_abrupt_regime_shift,routing_abrupt_regime_shift:seed96100001:epoch55,55,20,validation,96300001,u_0.90,0.9,48086445.63076705,0.638095238095238,21.0,0.023668639053254437,442b4f02bba381e49ce141b1f3250753918977d962b947e0d7d0b36030caec62
routing_abrupt_regime_shift,routing_abrupt_regime_shift:seed96100001:epoch55,55,20,validation,96300001,u_1.00,1.0,48919821.81634053,0.638095238095238,17.0,0.021739130434782608,442b4f02bba381e49ce141b1f3250753918977d962b947e0d7d0b36030caec62
routing_abrupt_regime_shift,routing_abrupt_regime_shift:seed96100001:epoch55,55,20,validation,96300002,anchor,-1.0,48371944.106236726,0.638095238095238,43.0,0.06779661016949153,442b4f02bba381e49ce141b1f3250753918977d962b947e0d7d0b36030caec62
routing_abrupt_regime_shift,routing_abrupt_regime_shift:seed96100001:epoch55,55,20,validation,96300002,u_0.00,0.0,48371944.106236726,0.638095238095238,43.0,0.06779661016949153,442b4f02bba381e49ce141b1f3250753918977d962b947e0d7d0b36030caec62
routing_abrupt_regime_shift,routing_abrupt_regime_shift:seed96100001:epoch55,55,20,validation,96300002,u_0.10,0.1,46949963.430436894,0.638095238095238,40.0,0.057971014492753624,442b4f02bba381e49ce141b1f3250753918977d962b947e0d7d0b36030caec62
routing_abrupt_regime_shift,routing_abrupt_regime_shift:seed96100001:epoch55,55,20,validation,96300002,u_0.20,0.2,45554787.65145121,0.638095238095238,37.0,0.05063291139240506,442b4f02bba381e49ce141b1f3250753918977d962b947e0d7d0b36030caec62
routing_abrupt_regime_shift,routing_abrupt_regime_shift:seed96100001:epoch55,55,20,validation,96300002,u_0.30,0.3,43162284.224782795,0.638095238095238,32.0,0.0425531914893617,442b4f02bba381e49ce141b1f3250753918977d962b947e0d7d0b36030caec62
routing_abrupt_regime_shift,routing_abrupt_regime_shift:seed96100001:epoch55,55,20,validation,96300002,u_0.40,0.4,42798020.49095073,0.638095238095238,30.0,0.03669724770642202,442b4f02bba381e49ce141b1f3250753918977d962b947e0d7d0b36030caec62
routing_abrupt_regime_shift,routing_abrupt_regime_shift:seed96100001:epoch55,55,20,validation,96300002,u_0.50,0.5,41737796.91634053,0.638095238095238,26.0,0.03225806451612903,442b4f02bba381e49ce141b1f3250753918977d962b947e0d7d0b36030caec62
routing_abrupt_regime_shift,routing_abrupt_regime_shift:seed96100001:epoch55,55,20,validation,96300002,u_0.60,0.6,42957181.05301705,0.638095238095238,25.0,0.029850746268656716,442b4f02bba381e49ce141b1f3250753918977d962b947e0d7d0b36030caec62
routing_abrupt_regime_shift,routing_abrupt_regime_shift:seed96100001:epoch55,55,20,validation,96300002,u_0.70,0.7,44555285.20098032,0.638095238095238,24.0,0.027777777777777776,442b4f02bba381e49ce141b1f3250753918977d962b947e0d7d0b36030caec62
routing_abrupt_regime_shift,routing_abrupt_regime_shift:seed96100001:epoch55,55,20,validation,96300002,u_0.80,0.8,45730901.70004663,0.638095238095238,22.0,0.025157232704402517,442b4f02bba381e49ce141b1f3250753918977d962b947e0d7d0b36030caec62
routing_abrupt_regime_shift,routing_abrupt_regime_shift:seed96100001:epoch55,55,20,validation,96300002,u_0.90,0.9,48086445.63076705,0.638095238095238,21.0,0.023668639053254437,442b4f02bba381e49ce141b1f3250753918977d962b947e0d7d0b36030caec62
routing_abrupt_regime_shift,routing_abrupt_regime_shift:seed96100001:epoch55,55,20,validation,96300002,u_1.00,1.0,48919821.81634053,0.638095238095238,17.0,0.021739130434782608,442b4f02bba381e49ce141b1f3250753918977d962b947e0d7d0b36030caec62
routing_abrupt_regime_shift,routing_abrupt_regime_shift:seed96100001:epoch55,55,20,validation,96300003,anchor,-1.0,48371944.106236726,0.638095238095238,43.0,0.06779661016949153,442b4f02bba381e49ce141b1f3250753918977d962b947e0d7d0b36030caec62
routing_abrupt_regime_shift,routing_abrupt_regime_shift:seed96100001:epoch55,55,20,validation,96300003,u_0.00,0.0,48371944.106236726,0.638095238095238,43.0,0.06779661016949153,442b4f02bba381e49ce141b1f3250753918977d962b947e0d7d0b36030caec62
routing_abrupt_regime_shift,routing_abrupt_regime_shift:seed96100001:epoch55,55,20,validation,96300003,u_0.10,0.1,46949963.430436894,0.638095238095238,40.0,0.057971014492753624,442b4f02bba381e49ce141b1f3250753918977d962b947e0d7d0b36030caec62
routing_abrupt_regime_shift,routing_abrupt_regime_shift:seed96100001:epoch55,55,20,validation,96300003,u_0.20,0.2,45554787.65145121,0.638095238095238,37.0,0.05063291139240506,442b4f02bba381e49ce141b1f3250753918977d962b947e0d7d0b36030caec62
routing_abrupt_regime_shift,routing_abrupt_regime_shift:seed96100001:epoch55,55,20,validation,96300003,u_0.30,0.3,43162284.224782795,0.638095238095238,32.0,0.0425531914893617,442b4f02bba381e49ce141b1f3250753918977d962b947e0d7d0b36030caec62
routing_abrupt_regime_shift,routing_abrupt_regime_shift:seed96100001:epoch55,55,20,validation,96300003,u_0.40,0.4,42798020.49095073,0.638095238095238,30.0,0.03669724770642202,442b4f02bba381e49ce141b1f3250753918977d962b947e0d7d0b36030caec62
routing_abrupt_regime_shift,routing_abrupt_regime_shift:seed96100001:epoch55,55,20,validation,96300003,u_0.50,0.5,41737796.91634053,0.638095238095238,26.0,0.03225806451612903,442b4f02bba381e49ce141b1f3250753918977d962b947e0d7d0b36030caec62
routing_abrupt_regime_shift,routing_abrupt_regime_shift:seed96100001:epoch55,55,20,validation,96300003,u_0.60,0.6,42957181.05301705,0.638095238095238,25.0,0.029850746268656716,442b4f02bba381e49ce141b1f3250753918977d962b947e0d7d0b36030caec62
routing_abrupt_regime_shift,routing_abrupt_regime_shift:seed96100001:epoch55,55,20,validation,96300003,u_0.70,0.7,44555285.20098032,0.638095238095238,24.0,0.027777777777777776,442b4f02bba381e49ce141b1f3250753918977d962b947e0d7d0b36030caec62
routing_abrupt_regime_shift,routing_abrupt_regime_shift:seed96100001:epoch55,55,20,validation,96300003,u_0.80,0.8,45730901.70004663,0.638095238095238,22.0,0.025157232704402517,442b4f02bba381e49ce141b1f3250753918977d962b947e0d7d0b36030caec62
routing_abrupt_regime_shift,routing_abrupt_regime_shift:seed96100001:epoch55,55,20,validation,96300003,u_0.90,0.9,48086445.63076705,0.638095238095238,21.0,0.023668639053254437,442b4f02bba381e49ce141b1f3250753918977d962b947e0d7d0b36030caec62
routing_abrupt_regime_shift,routing_abrupt_regime_shift:seed96100001:epoch55,55,20,validation,96300003,u_1.00,1.0,48919821.81634053,0.638095238095238,17.0,0.021739130434782608,442b4f02bba381e49ce141b1f3250753918977d962b947e0d7d0b36030caec62
routing_abrupt_regime_shift,routing_abrupt_regime_shift:seed96100001:epoch55,55,20,validation,96300004,anchor,-1.0,48371944.106236726,0.638095238095238,43.0,0.06779661016949153,442b4f02bba381e49ce141b1f3250753918977d962b947e0d7d0b36030caec62
routing_abrupt_regime_shift,routing_abrupt_regime_shift:seed96100001:epoch55,55,20,validation,96300004,u_0.00,0.0,48371944.106236726,0.638095238095238,43.0,0.06779661016949153,442b4f02bba381e49ce141b1f3250753918977d962b947e0d7d0b36030caec62
routing_abrupt_regime_shift,routing_abrupt_regime_shift:seed96100001:epoch55,55,20,validation,96300004,u_0.10,0.1,46949963.430436894,0.638095238095238,40.0,0.057971014492753624,442b4f02bba381e49ce141b1f3250753918977d962b947e0d7d0b36030caec62
routing_abrupt_regime_shift,routing_abrupt_regime_shift:seed96100001:epoch55,55,20,validation,96300004,u_0.20,0.2,45554787.65145121,0.638095238095238,37.0,0.05063291139240506,442b4f02bba381e49ce141b1f3250753918977d962b947e0d7d0b36030caec62
routing_abrupt_regime_shift,routing_abrupt_regime_shift:seed96100001:epoch55,55,20,validation,96300004,u_0.30,0.3,43162284.224782795,0.638095238095238,32.0,0.0425531914893617,442b4f02bba381e49ce141b1f3250753918977d962b947e0d7d0b36030caec62
routing_abrupt_regime_shift,routing_abrupt_regime_shift:seed96100001:epoch55,55,20,validation,96300004,u_0.40,0.4,42798020.49095073,0.638095238095238,30.0,0.03669724770642202,442b4f02bba381e49ce141b1f3250753918977d962b947e0d7d0b36030caec62
routing_abrupt_regime_shift,routing_abrupt_regime_shift:seed96100001:epoch55,55,20,validation,96300004,u_0.50,0.5,41737796.91634053,0.638095238095238,26.0,0.03225806451612903,442b4f02bba381e49ce141b1f3250753918977d962b947e0d7d0b36030caec62
routing_abrupt_regime_shift,routing_abrupt_regime_shift:seed96100001:epoch55,55,20,validation,96300004,u_0.60,0.6,42957181.05301705,0.638095238095238,25.0,0.029850746268656716,442b4f02bba381e49ce141b1f3250753918977d962b947e0d7d0b36030caec62
routing_abrupt_regime_shift,routing_abrupt_regime_shift:seed96100001:epoch55,55,20,validation,96300004,u_0.70,0.7,44555285.20098032,0.638095238095238,24.0,0.027777777777777776,442b4f02bba381e49ce141b1f3250753918977d962b947e0d7d0b36030caec62
routing_abrupt_regime_shift,routing_abrupt_regime_shift:seed96100001:epoch55,55,20,validation,96300004,u_0.80,0.8,45730901.70004663,0.638095238095238,22.0,0.025157232704402517,442b4f02bba381e49ce141b1f3250753918977d962b947e0d7d0b36030caec62
routing_abrupt_regime_shift,routing_abrupt_regime_shift:seed96100001:epoch55,55,20,validation,96300004,u_0.90,0.9,48086445.63076705,0.638095238095238,21.0,0.023668639053254437,442b4f02bba381e49ce141b1f3250753918977d962b947e0d7d0b36030caec62
routing_abrupt_regime_shift,routing_abrupt_regime_shift:seed96100001:epoch55,55,20,validation,96300004,u_1.00,1.0,48919821.81634053,0.638095238095238,17.0,0.021739130434782608,442b4f02bba381e49ce141b1f3250753918977d962b947e0d7d0b36030caec62
routing_abrupt_regime_shift,routing_abrupt_regime_shift:seed96100001:epoch80,80,20,discovery,96200000,anchor,-1.0,49091327.40286403,0.5952380952380952,42.0,0.14925373134328357,442b4f02bba381e49ce141b1f3250753918977d962b947e0d7d0b36030caec62
routing_abrupt_regime_shift,routing_abrupt_regime_shift:seed96100001:epoch80,80,20,discovery,96200000,u_0.00,0.0,49091327.40286403,0.5952380952380952,42.0,0.14925373134328357,442b4f02bba381e49ce141b1f3250753918977d962b947e0d7d0b36030caec62
routing_abrupt_regime_shift,routing_abrupt_regime_shift:seed96100001:epoch80,80,20,discovery,96200000,u_0.10,0.1,46569666.927064195,0.5952380952380952,37.0,0.12987012987012986,442b4f02bba381e49ce141b1f3250753918977d962b947e0d7d0b36030caec62
routing_abrupt_regime_shift,routing_abrupt_regime_shift:seed96100001:epoch80,80,20,discovery,96200000,u_0.20,0.2,46274170.94807851,0.5952380952380952,36.0,0.11494252873563218,442b4f02bba381e49ce141b1f3250753918977d962b947e0d7d0b36030caec62
routing_abrupt_regime_shift,routing_abrupt_regime_shift:seed96100001:epoch80,80,20,discovery,96200000,u_0.30,0.3,44981347.321410105,0.5952380952380952,33.0,0.09803921568627451,442b4f02bba381e49ce141b1f3250753918977d962b947e0d7d0b36030caec62
routing_abrupt_regime_shift,routing_abrupt_regime_shift:seed96100001:epoch80,80,20,discovery,96200000,u_0.40,0.4,44067243.68757804,0.5952380952380952,30.0,0.08547008547008547,442b4f02bba381e49ce141b1f3250753918977d962b947e0d7d0b36030caec62
routing_abrupt_regime_shift,routing_abrupt_regime_shift:seed96100001:epoch80,80,20,discovery,96200000,u_0.50,0.5,44106699.91296783,0.5952380952380952,28.0,0.07575757575757576,442b4f02bba381e49ce141b1f3250753918977d962b947e0d7d0b36030caec62
routing_abrupt_regime_shift,routing_abrupt_regime_shift:seed96100001:epoch80,80,20,discovery,96200000,u_0.60,0.6,45875923.94964436,0.5952380952380952,28.0,0.07042253521126761,442b4f02bba381e49ce141b1f3250753918977d962b947e0d7d0b36030caec62
routing_abrupt_regime_shift,routing_abrupt_regime_shift:seed96100001:epoch80,80,20,discovery,96200000,u_0.70,0.7,46899188.19760762,0.5952380952380952,26.0,0.06578947368421052,442b4f02bba381e49ce141b1f3250753918977d962b947e0d7d0b36030caec62
routing_abrupt_regime_shift,routing_abrupt_regime_shift:seed96100001:epoch80,80,20,discovery,96200000,u_0.80,0.8,48599644.59667392,0.5952380952380952,25.0,0.059880239520958084,442b4f02bba381e49ce141b1f3250753918977d962b947e0d7d0b36030caec62
routing_abrupt_regime_shift,routing_abrupt_regime_shift:seed96100001:epoch80,80,20,discovery,96200000,u_0.90,0.9,51505028.427394345,0.5952380952380952,25.0,0.05649717514124294,442b4f02bba381e49ce141b1f3250753918977d962b947e0d7d0b36030caec62
routing_abrupt_regime_shift,routing_abrupt_regime_shift:seed96100001:epoch80,80,20,discovery,96200000,u_1.00,1.0,52400022.612967834,0.5952380952380952,21.0,0.052083333333333336,442b4f02bba381e49ce141b1f3250753918977d962b947e0d7d0b36030caec62
routing_abrupt_regime_shift,routing_abrupt_regime_shift:seed96100001:epoch80,80,20,discovery,96200001,anchor,-1.0,49091327.40286403,0.5952380952380952,42.0,0.14925373134328357,442b4f02bba381e49ce141b1f3250753918977d962b947e0d7d0b36030caec62
routing_abrupt_regime_shift,routing_abrupt_regime_shift:seed96100001:epoch80,80,20,discovery,96200001,u_0.00,0.0,49091327.40286403,0.5952380952380952,42.0,0.14925373134328357,442b4f02bba381e49ce141b1f3250753918977d962b947e0d7d0b36030caec62
routing_abrupt_regime_shift,routing_abrupt_regime_shift:seed96100001:epoch80,80,20,discovery,96200001,u_0.10,0.1,46569666.927064195,0.5952380952380952,37.0,0.12987012987012986,442b4f02bba381e49ce141b1f3250753918977d962b947e0d7d0b36030caec62
routing_abrupt_regime_shift,routing_abrupt_regime_shift:seed96100001:epoch80,80,20,discovery,96200001,u_0.20,0.2,46274170.94807851,0.5952380952380952,36.0,0.11494252873563218,442b4f02bba381e49ce141b1f3250753918977d962b947e0d7d0b36030caec62
routing_abrupt_regime_shift,routing_abrupt_regime_shift:seed96100001:epoch80,80,20,discovery,96200001,u_0.30,0.3,44981347.321410105,0.5952380952380952,33.0,0.09803921568627451,442b4f02bba381e49ce141b1f3250753918977d962b947e0d7d0b36030caec62
routing_abrupt_regime_shift,routing_abrupt_regime_shift:seed96100001:epoch80,80,20,discovery,96200001,u_0.40,0.4,44067243.68757804,0.5952380952380952,30.0,0.08547008547008547,442b4f02bba381e49ce141b1f3250753918977d962b947e0d7d0b36030caec62
routing_abrupt_regime_shift,routing_abrupt_regime_shift:seed96100001:epoch80,80,20,discovery,96200001,u_0.50,0.5,44106699.91296783,0.5952380952380952,28.0,0.07575757575757576,442b4f02bba381e49ce141b1f3250753918977d962b947e0d7d0b36030caec62
routing_abrupt_regime_shift,routing_abrupt_regime_shift:seed96100001:epoch80,80,20,discovery,96200001,u_0.60,0.6,45875923.94964436,0.5952380952380952,28.0,0.07042253521126761,442b4f02bba381e49ce141b1f3250753918977d962b947e0d7d0b36030caec62
routing_abrupt_regime_shift,routing_abrupt_regime_shift:seed96100001:epoch80,80,20,discovery,96200001,u_0.70,0.7,46899188.19760762,0.5952380952380952,26.0,0.06578947368421052,442b4f02bba381e49ce141b1f3250753918977d962b947e0d7d0b36030caec62
routing_abrupt_regime_shift,routing_abrupt_regime_shift:seed96100001:epoch80,80,20,discovery,96200001,u_0.80,0.8,48599644.59667392,0.5952380952380952,25.0,0.059880239520958084,442b4f02bba381e49ce141b1f3250753918977d962b947e0d7d0b36030caec62
routing_abrupt_regime_shift,routing_abrupt_regime_shift:seed96100001:epoch80,80,20,discovery,96200001,u_0.90,0.9,51505028.427394345,0.5952380952380952,25.0,0.05649717514124294,442b4f02bba381e49ce141b1f3250753918977d962b947e0d7d0b36030caec62
routing_abrupt_regime_shift,routing_abrupt_regime_shift:seed96100001:epoch80,80,20,discovery,96200001,u_1.00,1.0,52400022.612967834,0.5952380952380952,21.0,0.052083333333333336,442b4f02bba381e49ce141b1f3250753918977d962b947e0d7d0b36030caec62
routing_abrupt_regime_shift,routing_abrupt_regime_shift:seed96100001:epoch80,80,20,discovery,96200002,anchor,-1.0,49091327.40286403,0.5952380952380952,42.0,0.14925373134328357,442b4f02bba381e49ce141b1f3250753918977d962b947e0d7d0b36030caec62
routing_abrupt_regime_shift,routing_abrupt_regime_shift:seed96100001:epoch80,80,20,discovery,96200002,u_0.00,0.0,49091327.40286403,0.5952380952380952,42.0,0.14925373134328357,442b4f02bba381e49ce141b1f3250753918977d962b947e0d7d0b36030caec62
routing_abrupt_regime_shift,routing_abrupt_regime_shift:seed96100001:epoch80,80,20,discovery,96200002,u_0.10,0.1,46569666.927064195,0.5952380952380952,37.0,0.12987012987012986,442b4f02bba381e49ce141b1f3250753918977d962b947e0d7d0b36030caec62
routing_abrupt_regime_shift,routing_abrupt_regime_shift:seed96100001:epoch80,80,20,discovery,96200002,u_0.20,0.2,46274170.94807851,0.5952380952380952,36.0,0.11494252873563218,442b4f02bba381e49ce141b1f3250753918977d962b947e0d7d0b36030caec62
routing_abrupt_regime_shift,routing_abrupt_regime_shift:seed96100001:epoch80,80,20,discovery,96200002,u_0.30,0.3,44981347.321410105,0.5952380952380952,33.0,0.09803921568627451,442b4f02bba381e49ce141b1f3250753918977d962b947e0d7d0b36030caec62
routing_abrupt_regime_shift,routing_abrupt_regime_shift:seed96100001:epoch80,80,20,discovery,96200002,u_0.40,0.4,44067243.68757804,0.5952380952380952,30.0,0.08547008547008547,442b4f02bba381e49ce141b1f3250753918977d962b947e0d7d0b36030caec62
routing_abrupt_regime_shift,routing_abrupt_regime_shift:seed96100001:epoch80,80,20,discovery,96200002,u_0.50,0.5,44106699.91296783,0.5952380952380952,28.0,0.07575757575757576,442b4f02bba381e49ce141b1f3250753918977d962b947e0d7d0b36030caec62
routing_abrupt_regime_shift,routing_abrupt_regime_shift:seed96100001:epoch80,80,20,discovery,96200002,u_0.60,0.6,45875923.94964436,0.5952380952380952,28.0,0.07042253521126761,442b4f02bba381e49ce141b1f3250753918977d962b947e0d7d0b36030caec62
routing_abrupt_regime_shift,routing_abrupt_regime_shift:seed96100001:epoch80,80,20,discovery,96200002,u_0.70,0.7,46899188.19760762,0.5952380952380952,26.0,0.06578947368421052,442b4f02bba381e49ce141b1f3250753918977d962b947e0d7d0b36030caec62
routing_abrupt_regime_shift,routing_abrupt_regime_shift:seed96100001:epoch80,80,20,discovery,96200002,u_0.80,0.8,48599644.59667392,0.5952380952380952,25.0,0.059880239520958084,442b4f02bba381e49ce141b1f3250753918977d962b947e0d7d0b36030caec62
routing_abrupt_regime_shift,routing_abrupt_regime_shift:seed96100001:epoch80,80,20,discovery,96200002,u_0.90,0.9,51505028.427394345,0.5952380952380952,25.0,0.05649717514124294,442b4f02bba381e49ce141b1f3250753918977d962b947e0d7d0b36030caec62
routing_abrupt_regime_shift,routing_abrupt_regime_shift:seed96100001:epoch80,80,20,discovery,96200002,u_1.00,1.0,52400022.612967834,0.5952380952380952,21.0,0.052083333333333336,442b4f02bba381e49ce141b1f3250753918977d962b947e0d7d0b36030caec62
routing_abrupt_regime_shift,routing_abrupt_regime_shift:seed96100001:epoch80,80,20,validation,96300000,anchor,-1.0,49091327.40286403,0.5952380952380952,42.0,0.14925373134328357,442b4f02bba381e49ce141b1f3250753918977d962b947e0d7d0b36030caec62
routing_abrupt_regime_shift,routing_abrupt_regime_shift:seed96100001:epoch80,80,20,validation,96300000,u_0.00,0.0,49091327.40286403,0.5952380952380952,42.0,0.14925373134328357,442b4f02bba381e49ce141b1f3250753918977d962b947e0d7d0b36030caec62
routing_abrupt_regime_shift,routing_abrupt_regime_shift:seed96100001:epoch80,80,20,validation,96300000,u_0.10,0.1,46569666.927064195,0.5952380952380952,37.0,0.12987012987012986,442b4f02bba381e49ce141b1f3250753918977d962b947e0d7d0b36030caec62
routing_abrupt_regime_shift,routing_abrupt_regime_shift:seed96100001:epoch80,80,20,validation,96300000,u_0.20,0.2,46274170.94807851,0.5952380952380952,36.0,0.11494252873563218,442b4f02bba381e49ce141b1f3250753918977d962b947e0d7d0b36030caec62
routing_abrupt_regime_shift,routing_abrupt_regime_shift:seed96100001:epoch80,80,20,validation,96300000,u_0.30,0.3,44981347.321410105,0.5952380952380952,33.0,0.09803921568627451,442b4f02bba381e49ce141b1f3250753918977d962b947e0d7d0b36030caec62
routing_abrupt_regime_shift,routing_abrupt_regime_shift:seed96100001:epoch80,80,20,validation,96300000,u_0.40,0.4,44067243.68757804,0.5952380952380952,30.0,0.08547008547008547,442b4f02bba381e49ce141b1f3250753918977d962b947e0d7d0b36030caec62
routing_abrupt_regime_shift,routing_abrupt_regime_shift:seed96100001:epoch80,80,20,validation,96300000,u_0.50,0.5,44106699.91296783,0.5952380952380952,28.0,0.07575757575757576,442b4f02bba381e49ce141b1f3250753918977d962b947e0d7d0b36030caec62
routing_abrupt_regime_shift,routing_abrupt_regime_shift:seed96100001:epoch80,80,20,validation,96300000,u_0.60,0.6,45875923.94964436,0.5952380952380952,28.0,0.07042253521126761,442b4f02bba381e49ce141b1f3250753918977d962b947e0d7d0b36030caec62
routing_abrupt_regime_shift,routing_abrupt_regime_shift:seed96100001:epoch80,80,20,validation,96300000,u_0.70,0.7,46899188.19760762,0.5952380952380952,26.0,0.06578947368421052,442b4f02bba381e49ce141b1f3250753918977d962b947e0d7d0b36030caec62
routing_abrupt_regime_shift,routing_abrupt_regime_shift:seed96100001:epoch80,80,20,validation,96300000,u_0.80,0.8,48599644.59667392,0.5952380952380952,25.0,0.059880239520958084,442b4f02bba381e49ce141b1f3250753918977d962b947e0d7d0b36030caec62
routing_abrupt_regime_shift,routing_abrupt_regime_shift:seed96100001:epoch80,80,20,validation,96300000,u_0.90,0.9,51505028.427394345,0.5952380952380952,25.0,0.05649717514124294,442b4f02bba381e49ce141b1f3250753918977d962b947e0d7d0b36030caec62
routing_abrupt_regime_shift,routing_abrupt_regime_shift:seed96100001:epoch80,80,20,validation,96300000,u_1.00,1.0,52400022.612967834,0.5952380952380952,21.0,0.052083333333333336,442b4f02bba381e49ce141b1f3250753918977d962b947e0d7d0b36030caec62
routing_abrupt_regime_shift,routing_abrupt_regime_shift:seed96100001:epoch80,80,20,validation,96300001,anchor,-1.0,49091327.40286403,0.5952380952380952,42.0,0.14925373134328357,442b4f02bba381e49ce141b1f3250753918977d962b947e0d7d0b36030caec62
routing_abrupt_regime_shift,routing_abrupt_regime_shift:seed96100001:epoch80,80,20,validation,96300001,u_0.00,0.0,49091327.40286403,0.5952380952380952,42.0,0.14925373134328357,442b4f02bba381e49ce141b1f3250753918977d962b947e0d7d0b36030caec62
routing_abrupt_regime_shift,routing_abrupt_regime_shift:seed96100001:epoch80,80,20,validation,96300001,u_0.10,0.1,46569666.927064195,0.5952380952380952,37.0,0.12987012987012986,442b4f02bba381e49ce141b1f3250753918977d962b947e0d7d0b36030caec62
routing_abrupt_regime_shift,routing_abrupt_regime_shift:seed96100001:epoch80,80,20,validation,96300001,u_0.20,0.2,46274170.94807851,0.5952380952380952,36.0,0.11494252873563218,442b4f02bba381e49ce141b1f3250753918977d962b947e0d7d0b36030caec62
routing_abrupt_regime_shift,routing_abrupt_regime_shift:seed96100001:epoch80,80,20,validation,96300001,u_0.30,0.3,44981347.321410105,0.5952380952380952,33.0,0.09803921568627451,442b4f02bba381e49ce141b1f3250753918977d962b947e0d7d0b36030caec62
routing_abrupt_regime_shift,routing_abrupt_regime_shift:seed96100001:epoch80,80,20,validation,96300001,u_0.40,0.4,44067243.68757804,0.5952380952380952,30.0,0.08547008547008547,442b4f02bba381e49ce141b1f3250753918977d962b947e0d7d0b36030caec62
routing_abrupt_regime_shift,routing_abrupt_regime_shift:seed96100001:epoch80,80,20,validation,96300001,u_0.50,0.5,44106699.91296783,0.5952380952380952,28.0,0.07575757575757576,442b4f02bba381e49ce141b1f3250753918977d962b947e0d7d0b36030caec62
routing_abrupt_regime_shift,routing_abrupt_regime_shift:seed96100001:epoch80,80,20,validation,96300001,u_0.60,0.6,45875923.94964436,0.5952380952380952,28.0,0.07042253521126761,442b4f02bba381e49ce141b1f3250753918977d962b947e0d7d0b36030caec62
routing_abrupt_regime_shift,routing_abrupt_regime_shift:seed96100001:epoch80,80,20,validation,96300001,u_0.70,0.7,46899188.19760762,0.5952380952380952,26.0,0.06578947368421052,442b4f02bba381e49ce141b1f3250753918977d962b947e0d7d0b36030caec62
routing_abrupt_regime_shift,routing_abrupt_regime_shift:seed96100001:epoch80,80,20,validation,96300001,u_0.80,0.8,48599644.59667392,0.5952380952380952,25.0,0.059880239520958084,442b4f02bba381e49ce141b1f3250753918977d962b947e0d7d0b36030caec62
routing_abrupt_regime_shift,routing_abrupt_regime_shift:seed96100001:epoch80,80,20,validation,96300001,u_0.90,0.9,51505028.427394345,0.5952380952380952,25.0,0.05649717514124294,442b4f02bba381e49ce141b1f3250753918977d962b947e0d7d0b36030caec62
routing_abrupt_regime_shift,routing_abrupt_regime_shift:seed96100001:epoch80,80,20,validation,96300001,u_1.00,1.0,52400022.612967834,0.5952380952380952,21.0,0.052083333333333336,442b4f02bba381e49ce141b1f3250753918977d962b947e0d7d0b36030caec62
routing_abrupt_regime_shift,routing_abrupt_regime_shift:seed96100001:epoch80,80,20,validation,96300002,anchor,-1.0,49091327.40286403,0.5952380952380952,42.0,0.14925373134328357,442b4f02bba381e49ce141b1f3250753918977d962b947e0d7d0b36030caec62
routing_abrupt_regime_shift,routing_abrupt_regime_shift:seed96100001:epoch80,80,20,validation,96300002,u_0.00,0.0,49091327.40286403,0.5952380952380952,42.0,0.14925373134328357,442b4f02bba381e49ce141b1f3250753918977d962b947e0d7d0b36030caec62
routing_abrupt_regime_shift,routing_abrupt_regime_shift:seed96100001:epoch80,80,20,validation,96300002,u_0.10,0.1,46569666.927064195,0.5952380952380952,37.0,0.12987012987012986,442b4f02bba381e49ce141b1f3250753918977d962b947e0d7d0b36030caec62
routing_abrupt_regime_shift,routing_abrupt_regime_shift:seed96100001:epoch80,80,20,validation,96300002,u_0.20,0.2,46274170.94807851,0.5952380952380952,36.0,0.11494252873563218,442b4f02bba381e49ce141b1f3250753918977d962b947e0d7d0b36030caec62
routing_abrupt_regime_shift,routing_abrupt_regime_shift:seed96100001:epoch80,80,20,validation,96300002,u_0.30,0.3,44981347.321410105,0.5952380952380952,33.0,0.09803921568627451,442b4f02bba381e49ce141b1f3250753918977d962b947e0d7d0b36030caec62
routing_abrupt_regime_shift,routing_abrupt_regime_shift:seed96100001:epoch80,80,20,validation,96300002,u_0.40,0.4,44067243.68757804,0.5952380952380952,30.0,0.08547008547008547,442b4f02bba381e49ce141b1f3250753918977d962b947e0d7d0b36030caec62
routing_abrupt_regime_shift,routing_abrupt_regime_shift:seed96100001:epoch80,80,20,validation,96300002,u_0.50,0.5,44106699.91296783,0.5952380952380952,28.0,0.07575757575757576,442b4f02bba381e49ce141b1f3250753918977d962b947e0d7d0b36030caec62
routing_abrupt_regime_shift,routing_abrupt_regime_shift:seed96100001:epoch80,80,20,validation,96300002,u_0.60,0.6,45875923.94964436,0.5952380952380952,28.0,0.07042253521126761,442b4f02bba381e49ce141b1f3250753918977d962b947e0d7d0b36030caec62
routing_abrupt_regime_shift,routing_abrupt_regime_shift:seed96100001:epoch80,80,20,validation,96300002,u_0.70,0.7,46899188.19760762,0.5952380952380952,26.0,0.06578947368421052,442b4f02bba381e49ce141b1f3250753918977d962b947e0d7d0b36030caec62
routing_abrupt_regime_shift,routing_abrupt_regime_shift:seed96100001:epoch80,80,20,validation,96300002,u_0.80,0.8,48599644.59667392,0.5952380952380952,25.0,0.059880239520958084,442b4f02bba381e49ce141b1f3250753918977d962b947e0d7d0b36030caec62
routing_abrupt_regime_shift,routing_abrupt_regime_shift:seed96100001:epoch80,80,20,validation,96300002,u_0.90,0.9,51505028.427394345,0.5952380952380952,25.0,0.05649717514124294,442b4f02bba381e49ce141b1f3250753918977d962b947e0d7d0b36030caec62
routing_abrupt_regime_shift,routing_abrupt_regime_shift:seed96100001:epoch80,80,20,validation,96300002,u_1.00,1.0,52400022.612967834,0.5952380952380952,21.0,0.052083333333333336,442b4f02bba381e49ce141b1f3250753918977d962b947e0d7d0b36030caec62
routing_abrupt_regime_shift,routing_abrupt_regime_shift:seed96100001:epoch80,80,20,validation,96300003,anchor,-1.0,49091327.40286403,0.5952380952380952,42.0,0.14925373134328357,442b4f02bba381e49ce141b1f3250753918977d962b947e0d7d0b36030caec62
routing_abrupt_regime_shift,routing_abrupt_regime_shift:seed96100001:epoch80,80,20,validation,96300003,u_0.00,0.0,49091327.40286403,0.5952380952380952,42.0,0.14925373134328357,442b4f02bba381e49ce141b1f3250753918977d962b947e0d7d0b36030caec62
routing_abrupt_regime_shift,routing_abrupt_regime_shift:seed96100001:epoch80,80,20,validation,96300003,u_0.10,0.1,46569666.927064195,0.5952380952380952,37.0,0.12987012987012986,442b4f02bba381e49ce141b1f3250753918977d962b947e0d7d0b36030caec62
routing_abrupt_regime_shift,routing_abrupt_regime_shift:seed96100001:epoch80,80,20,validation,96300003,u_0.20,0.2,46274170.94807851,0.5952380952380952,36.0,0.11494252873563218,442b4f02bba381e49ce141b1f3250753918977d962b947e0d7d0b36030caec62
routing_abrupt_regime_shift,routing_abrupt_regime_shift:seed96100001:epoch80,80,20,validation,96300003,u_0.30,0.3,44981347.321410105,0.5952380952380952,33.0,0.09803921568627451,442b4f02bba381e49ce141b1f3250753918977d962b947e0d7d0b36030caec62
routing_abrupt_regime_shift,routing_abrupt_regime_shift:seed96100001:epoch80,80,20,validation,96300003,u_0.40,0.4,44067243.68757804,0.5952380952380952,30.0,0.08547008547008547,442b4f02bba381e49ce141b1f3250753918977d962b947e0d7d0b36030caec62
routing_abrupt_regime_shift,routing_abrupt_regime_shift:seed96100001:epoch80,80,20,validation,96300003,u_0.50,0.5,44106699.91296783,0.5952380952380952,28.0,0.07575757575757576,442b4f02bba381e49ce141b1f3250753918977d962b947e0d7d0b36030caec62
routing_abrupt_regime_shift,routing_abrupt_regime_shift:seed96100001:epoch80,80,20,validation,96300003,u_0.60,0.6,45875923.94964436,0.5952380952380952,28.0,0.07042253521126761,442b4f02bba381e49ce141b1f3250753918977d962b947e0d7d0b36030caec62
routing_abrupt_regime_shift,routing_abrupt_regime_shift:seed96100001:epoch80,80,20,validation,96300003,u_0.70,0.7,46899188.19760762,0.5952380952380952,26.0,0.06578947368421052,442b4f02bba381e49ce141b1f3250753918977d962b947e0d7d0b36030caec62
routing_abrupt_regime_shift,routing_abrupt_regime_shift:seed96100001:epoch80,80,20,validation,96300003,u_0.80,0.8,48599644.59667392,0.5952380952380952,25.0,0.059880239520958084,442b4f02bba381e49ce141b1f3250753918977d962b947e0d7d0b36030caec62
routing_abrupt_regime_shift,routing_abrupt_regime_shift:seed96100001:epoch80,80,20,validation,96300003,u_0.90,0.9,51505028.427394345,0.5952380952380952,25.0,0.05649717514124294,442b4f02bba381e49ce141b1f3250753918977d962b947e0d7d0b36030caec62
routing_abrupt_regime_shift,routing_abrupt_regime_shift:seed96100001:epoch80,80,20,validation,96300003,u_1.00,1.0,52400022.612967834,0.5952380952380952,21.0,0.052083333333333336,442b4f02bba381e49ce141b1f3250753918977d962b947e0d7d0b36030caec62
routing_abrupt_regime_shift,routing_abrupt_regime_shift:seed96100001:epoch80,80,20,validation,96300004,anchor,-1.0,49091327.40286403,0.5952380952380952,42.0,0.14925373134328357,442b4f02bba381e49ce141b1f3250753918977d962b947e0d7d0b36030caec62
routing_abrupt_regime_shift,routing_abrupt_regime_shift:seed96100001:epoch80,80,20,validation,96300004,u_0.00,0.0,49091327.40286403,0.5952380952380952,42.0,0.14925373134328357,442b4f02bba381e49ce141b1f3250753918977d962b947e0d7d0b36030caec62
routing_abrupt_regime_shift,routing_abrupt_regime_shift:seed96100001:epoch80,80,20,validation,96300004,u_0.10,0.1,46569666.927064195,0.5952380952380952,37.0,0.12987012987012986,442b4f02bba381e49ce141b1f3250753918977d962b947e0d7d0b36030caec62
routing_abrupt_regime_shift,routing_abrupt_regime_shift:seed96100001:epoch80,80,20,validation,96300004,u_0.20,0.2,46274170.94807851,0.5952380952380952,36.0,0.11494252873563218,442b4f02bba381e49ce141b1f3250753918977d962b947e0d7d0b36030caec62
routing_abrupt_regime_shift,routing_abrupt_regime_shift:seed96100001:epoch80,80,20,validation,96300004,u_0.30,0.3,44981347.321410105,0.5952380952380952,33.0,0.09803921568627451,442b4f02bba381e49ce141b1f3250753918977d962b947e0d7d0b36030caec62
routing_abrupt_regime_shift,routing_abrupt_regime_shift:seed96100001:epoch80,80,20,validation,96300004,u_0.40,0.4,44067243.68757804,0.5952380952380952,30.0,0.08547008547008547,442b4f02bba381e49ce141b1f3250753918977d962b947e0d7d0b36030caec62
routing_abrupt_regime_shift,routing_abrupt_regime_shift:seed96100001:epoch80,80,20,validation,96300004,u_0.50,0.5,44106699.91296783,0.5952380952380952,28.0,0.07575757575757576,442b4f02bba381e49ce141b1f3250753918977d962b947e0d7d0b36030caec62
routing_abrupt_regime_shift,routing_abrupt_regime_shift:seed96100001:epoch80,80,20,validation,96300004,u_0.60,0.6,45875923.94964436,0.5952380952380952,28.0,0.07042253521126761,442b4f02bba381e49ce141b1f3250753918977d962b947e0d7d0b36030caec62
routing_abrupt_regime_shift,routing_abrupt_regime_shift:seed96100001:epoch80,80,20,validation,96300004,u_0.70,0.7,46899188.19760762,0.5952380952380952,26.0,0.06578947368421052,442b4f02bba381e49ce141b1f3250753918977d962b947e0d7d0b36030caec62
routing_abrupt_regime_shift,routing_abrupt_regime_shift:seed96100001:epoch80,80,20,validation,96300004,u_0.80,0.8,48599644.59667392,0.5952380952380952,25.0,0.059880239520958084,442b4f02bba381e49ce141b1f3250753918977d962b947e0d7d0b36030caec62
routing_abrupt_regime_shift,routing_abrupt_regime_shift:seed96100001:epoch80,80,20,validation,96300004,u_0.90,0.9,51505028.427394345,0.5952380952380952,25.0,0.05649717514124294,442b4f02bba381e49ce141b1f3250753918977d962b947e0d7d0b36030caec62
routing_abrupt_regime_shift,routing_abrupt_regime_shift:seed96100001:epoch80,80,20,validation,96300004,u_1.00,1.0,52400022.612967834,0.5952380952380952,21.0,0.052083333333333336,442b4f02bba381e49ce141b1f3250753918977d962b947e0d7d0b36030caec62
routing_abrupt_regime_shift,routing_abrupt_regime_shift:seed96100002:epoch30,30,20,discovery,96200000,anchor,-1.0,870353573.4778819,0.659277108433735,726.0,0.0421644413211525,442b4f02bba381e49ce141b1f3250753918977d962b947e0d7d0b36030caec62
routing_abrupt_regime_shift,routing_abrupt_regime_shift:seed96100002:epoch30,30,20,discovery,96200000,u_0.00,0.0,871478382.194904,0.6587951807228916,727.0,0.04219409282700422,442b4f02bba381e49ce141b1f3250753918977d962b947e0d7d0b36030caec62
routing_abrupt_regime_shift,routing_abrupt_regime_shift:seed96100002:epoch30,30,20,discovery,96200000,u_0.10,0.1,866844749.4017266,0.6626506024096386,724.0,0.04262753319357093,442b4f02bba381e49ce141b1f3250753918977d962b947e0d7d0b36030caec62
routing_abrupt_regime_shift,routing_abrupt_regime_shift:seed96100002:epoch30,30,20,discovery,96200000,u_0.20,0.2,864275854.456115,0.6650602409638554,715.0,0.04242002781641168,442b4f02bba381e49ce141b1f3250753918977d962b947e0d7d0b36030caec62
routing_abrupt_regime_shift,routing_abrupt_regime_shift:seed96100002:epoch30,30,20,discovery,96200000,u_0.30,0.3,853655422.5082365,0.672289156626506,701.0,0.03997243280496209,442b4f02bba381e49ce141b1f3250753918977d962b947e0d7d0b36030caec62
routing_abrupt_regime_shift,routing_abrupt_regime_shift:seed96100002:epoch30,30,20,discovery,96200000,u_0.40,0.4,846134654.6304055,0.6814457831325301,694.0,0.04160982264665757,442b4f02bba381e49ce141b1f3250753918977d962b947e0d7d0b36030caec62
routing_abrupt_regime_shift,routing_abrupt_regime_shift:seed96100002:epoch30,30,20,discovery,96200000,u_0.50,0.5,837928356.9911784,0.6881927710843373,681.0,0.04056795131845842,442b4f02bba381e49ce141b1f3250753918977d962b947e0d7d0b36030caec62
routing_abrupt_regime_shift,routing_abrupt_regime_shift:seed96100002:epoch30,30,20,discovery,96200000,u_0.60,0.6,834243086.7785233,0.6925301204819277,676.0,0.04040404040404041,442b4f02bba381e49ce141b1f3250753918977d962b947e0d7d0b36030caec62
routing_abrupt_regime_shift,routing_abrupt_regime_shift:seed96100002:epoch30,30,20,discovery,96200000,u_0.70,0.7,831609478.21708,0.6973493975903614,668.0,0.03760913364674278,442b4f02bba381e49ce141b1f3250753918977d962b947e0d7d0b36030caec62
routing_abrupt_regime_shift,routing_abrupt_regime_shift:seed96100002:epoch30,30,20,discovery,96200000,u_0.80,0.8,826838935.1069224,0.7021686746987952,659.0,0.038,442b4f02bba381e49ce141b1f3250753918977d962b947e0d7d0b36030caec62
routing_abrupt_regime_shift,routing_abrupt_regime_shift:seed96100002:epoch30,30,20,discovery,96200000,u_0.90,0.9,826105403.7180531,0.704578313253012,653.0,0.037848605577689244,442b4f02bba381e49ce141b1f3250753918977d962b947e0d7d0b36030caec62
routing_abrupt_regime_shift,routing_abrupt_regime_shift:seed96100002:epoch30,30,20,discovery,96200000,u_1.00,1.0,832147627.0182383,0.7040963855421687,649.0,0.0371599203715992,442b4f02bba381e49ce141b1f3250753918977d962b947e0d7d0b36030caec62
routing_abrupt_regime_shift,routing_abrupt_regime_shift:seed96100002:epoch30,30,20,discovery,96200001,anchor,-1.0,886132777.2284465,0.6498823529411765,744.0,0.04421052631578947,442b4f02bba381e49ce141b1f3250753918977d962b947e0d7d0b36030caec62
routing_abrupt_regime_shift,routing_abrupt_regime_shift:seed96100002:epoch30,30,20,discovery,96200001,u_0.00,0.0,887106869.6424581,0.6494117647058824,745.0,0.04424157303370786,442b4f02bba381e49ce141b1f3250753918977d962b947e0d7d0b36030caec62
routing_abrupt_regime_shift,routing_abrupt_regime_shift:seed96100002:epoch30,30,20,discovery,96200001,u_0.10,0.1,880673568.9468105,0.6541176470588236,736.0,0.04326587578506629,442b4f02bba381e49ce141b1f3250753918977d962b947e0d7d0b36030caec62
routing_abrupt_regime_shift,routing_abrupt_regime_shift:seed96100002:epoch30,30,20,discovery,96200001,u_0.20,0.2,876961282.0432874,0.6583529411764706,729.0,0.04435204435204435,442b4f02bba381e49ce141b1f3250753918977d962b947e0d7d0b36030caec62
routing_abrupt_regime_shift,routing_abrupt_regime_shift:seed96100002:epoch30,30,20,discovery,96200001,u_0.30,0.3,868162725.2355646,0.664,717.0,0.04458161865569273,442b4f02bba381e49ce141b1f3250753918977d962b947e0d7d0b36030caec62
routing_abrupt_regime_shift,routing_abrupt_regime_shift:seed96100002:epoch30,30,20,discovery,96200001,u_0.40,0.4,865663071.3014868,0.6658823529411765,712.0,0.04564032697547684,442b4f02bba381e49ce141b1f3250753918977d962b947e0d7d0b36030caec62
routing_abrupt_regime_shift,routing_abrupt_regime_shift:seed96100002:epoch30,30,20,discovery,96200001,u_0.50,0.5,855667754.2656779,0.6729411764705883,698.0,0.04321404456448346,442b4f02bba381e49ce141b1f3250753918977d962b947e0d7d0b36030caec62
routing_abrupt_regime_shift,routing_abrupt_regime_shift:seed96100002:epoch30,30,20,discovery,96200001,u_0.60,0.6,851037396.2379775,0.6767058823529412,691.0,0.04365345869711216,442b4f02bba381e49ce141b1f3250753918977d962b947e0d7d0b36030caec62
routing_abrupt_regime_shift,routing_abrupt_regime_shift:seed96100002:epoch30,30,20,discovery,96200001,u_0.70,0.7,852533190.1919346,0.6785882352941176,690.0,0.041638683680322364,442b4f02bba381e49ce141b1f3250753918977d962b947e0d7d0b36030caec62
routing_abrupt_regime_shift,routing_abrupt_regime_shift:seed96100002:epoch30,30,20,discovery,96200001,u_0.80,0.8,845847512.5550892,0.6851764705882353,678.0,0.04,442b4f02bba381e49ce141b1f3250753918977d962b947e0d7d0b36030caec62
routing_abrupt_regime_shift,routing_abrupt_regime_shift:seed96100002:epoch30,30,20,discovery,96200001,u_0.90,0.9,842775531.9240385,0.6894117647058824,671.0,0.039814200398142006,442b4f02bba381e49ce141b1f3250753918977d962b947e0d7d0b36030caec62
routing_abrupt_regime_shift,routing_abrupt_regime_shift:seed96100002:epoch30,30,20,discovery,96200001,u_1.00,1.0,850760467.187545,0.6898823529411765,672.0,0.041501976284584984,442b4f02bba381e49ce141b1f3250753918977d962b947e0d7d0b36030caec62
routing_abrupt_regime_shift,routing_abrupt_regime_shift:seed96100002:epoch30,30,20,discovery,96200002,anchor,-1.0,943187458.5757358,0.6263786764705882,802.0,0.062456627342123525,442b4f02bba381e49ce141b1f3250753918977d962b947e0d7d0b36030caec62
routing_abrupt_regime_shift,routing_abrupt_regime_shift:seed96100002:epoch30,30,20,discovery,96200002,u_0.00,0.0,943503064.482054,0.6259191176470589,802.0,0.0625,442b4f02bba381e49ce141b1f3250753918977d962b947e0d7d0b36030caec62
routing_abrupt_regime_shift,routing_abrupt_regime_shift:seed96100002:epoch30,30,20,discovery,96200002,u_0.10,0.1,936991036.5366117,0.6318933823529411,794.0,0.05935127674258109,442b4f02bba381e49ce141b1f3250753918977d962b947e0d7d0b36030caec62
routing_abrupt_regime_shift,routing_abrupt_regime_shift:seed96100002:epoch30,30,20,discovery,96200002,u_0.20,0.2,931481809.8204073,0.6360294117647058,785.0,0.05894448252227553,442b4f02bba381e49ce141b1f3250753918977d962b947e0d7d0b36030caec62
routing_abrupt_regime_shift,routing_abrupt_regime_shift:seed96100002:epoch30,30,20,discovery,96200002,u_0.30,0.3,922581250.2191238,0.6420036764705882,773.0,0.05638586956521739,442b4f02bba381e49ce141b1f3250753918977d962b947e0d7d0b36030caec62
routing_abrupt_regime_shift,routing_abrupt_regime_shift:seed96100002:epoch30,30,20,discovery,96200002,u_0.40,0.4,919506064.0278797,0.6465992647058824,771.0,0.05779569892473118,442b4f02bba381e49ce141b1f3250753918977d962b947e0d7d0b36030caec62
routing_abrupt_regime_shift,routing_abrupt_regime_shift:seed96100002:epoch30,30,20,discovery,96200002,u_0.50,0.5,908212242.8666255,0.6534926470588235,755.0,0.05466666666666667,442b4f02bba381e49ce141b1f3250753918977d962b947e0d7d0b36030caec62
routing_abrupt_regime_shift,routing_abrupt_regime_shift:seed96100002:epoch30,30,20,discovery,96200002,u_0.60,0.6,904566788.1459392,0.6567095588235294,747.0,0.05514950166112957,442b4f02bba381e49ce141b1f3250753918977d962b947e0d7d0b36030caec62
routing_abrupt_regime_shift,routing_abrupt_regime_shift:seed96100002:epoch30,30,20,discovery,96200002,u_0.70,0.7,912268141.6957397,0.6544117647058824,751.0,0.05540720961281709,442b4f02bba381e49ce141b1f3250753918977d962b947e0d7d0b36030caec62
routing_abrupt_regime_shift,routing_abrupt_regime_shift:seed96100002:epoch30,30,20,discovery,96200002,u_0.80,0.8,906063109.4899193,0.6599264705882353,740.0,0.0536779324055666,442b4f02bba381e49ce141b1f3250753918977d962b947e0d7d0b36030caec62
routing_abrupt_regime_shift,routing_abrupt_regime_shift:seed96100002:epoch30,30,20,discovery,96200002,u_0.90,0.9,903174827.0371742,0.6631433823529411,733.0,0.05343007915567282,442b4f02bba381e49ce141b1f3250753918977d962b947e0d7d0b36030caec62
routing_abrupt_regime_shift,routing_abrupt_regime_shift:seed96100002:epoch30,30,20,discovery,96200002,u_1.00,1.0,906604750.4833647,0.6631433823529411,734.0,0.052805280528052806,442b4f02bba381e49ce141b1f3250753918977d962b947e0d7d0b36030caec62
routing_abrupt_regime_shift,routing_abrupt_regime_shift:seed96100002:epoch30,30,20,validation,96300000,anchor,-1.0,868628557.3382422,0.6432970156324017,720.0,0.04603399433427762,442b4f02bba381e49ce141b1f3250753918977d962b947e0d7d0b36030caec62
routing_abrupt_regime_shift,routing_abrupt_regime_shift:seed96100002:epoch30,30,20,validation,96300000,u_0.00,0.0,868708989.3514308,0.6432970156324017,720.0,0.04603399433427762,442b4f02bba381e49ce141b1f3250753918977d962b947e0d7d0b36030caec62
routing_abrupt_regime_shift,routing_abrupt_regime_shift:seed96100002:epoch30,30,20,validation,96300000,u_0.10,0.1,864347110.9971038,0.6475603979156798,713.0,0.04507042253521127,442b4f02bba381e49ce141b1f3250753918977d962b947e0d7d0b36030caec62
routing_abrupt_regime_shift,routing_abrupt_regime_shift:seed96100002:epoch30,30,20,validation,96300000,u_0.20,0.2,858093633.5676402,0.6532449076267172,705.0,0.044055944055944055,442b4f02bba381e49ce141b1f3250753918977d962b947e0d7d0b36030caec62
routing_abrupt_regime_shift,routing_abrupt_regime_shift:seed96100002:epoch30,30,20,validation,96300000,u_0.30,0.3,849635736.3224359,0.660350544765514,694.0,0.04227304227304227,442b4f02bba381e49ce141b1f3250753918977d962b947e0d7d0b36030caec62
routing_abrupt_regime_shift,routing_abrupt_regime_shift:seed96100002:epoch30,30,20,validation,96300000,u_0.40,0.4,853488800.7532384,0.6589294173377546,697.0,0.04441360166551006,442b4f02bba381e49ce141b1f3250753918977d962b947e0d7d0b36030caec62
routing_abrupt_regime_shift,routing_abrupt_regime_shift:seed96100002:epoch30,30,20,validation,96300000,u_0.50,0.5,847071714.5380726,0.6641402179062056,686.0,0.044735030970406056,442b4f02bba381e49ce141b1f3250753918977d962b947e0d7d0b36030caec62
routing_abrupt_regime_shift,routing_abrupt_regime_shift:seed96100002:epoch30,30,20,validation,96300000,u_0.60,0.6,846813663.8841364,0.6660350544765514,680.0,0.04532967032967033,442b4f02bba381e49ce141b1f3250753918977d962b947e0d7d0b36030caec62
routing_abrupt_regime_shift,routing_abrupt_regime_shift:seed96100002:epoch30,30,20,validation,96300000,u_0.70,0.7,844187426.7050962,0.6679298910468972,677.0,0.04582763337893297,442b4f02bba381e49ce141b1f3250753918977d962b947e0d7d0b36030caec62
routing_abrupt_regime_shift,routing_abrupt_regime_shift:seed96100002:epoch30,30,20,validation,96300000,u_0.80,0.8,839083733.8147209,0.6721932733301753,669.0,0.0461642905634759,442b4f02bba381e49ce141b1f3250753918977d962b947e0d7d0b36030caec62
routing_abrupt_regime_shift,routing_abrupt_regime_shift:seed96100002:epoch30,30,20,validation,96300000,u_0.90,0.9,836553490.6014159,0.6759829464708669,663.0,0.045300878972278566,442b4f02bba381e49ce141b1f3250753918977d962b947e0d7d0b36030caec62
routing_abrupt_regime_shift,routing_abrupt_regime_shift:seed96100002:epoch30,30,20,validation,96300000,u_1.00,1.0,836427993.27757,0.6802463287541449,653.0,0.042981867024848894,442b4f02bba381e49ce141b1f3250753918977d962b947e0d7d0b36030caec62
routing_abrupt_regime_shift,routing_abrupt_regime_shift:seed96100002:epoch30,30,20,validation,96300001,anchor,-1.0,950389391.9738882,0.6181066176470589,815.0,0.06071179344033496,442b4f02bba381e49ce141b1f3250753918977d962b947e0d7d0b36030caec62
routing_abrupt_regime_shift,routing_abrupt_regime_shift:seed96100002:epoch30,30,20,validation,96300001,u_0.00,0.0,950755271.3183863,0.6176470588235294,815.0,0.06075418994413408,442b4f02bba381e49ce141b1f3250753918977d962b947e0d7d0b36030caec62
routing_abrupt_regime_shift,routing_abrupt_regime_shift:seed96100002:epoch30,30,20,validation,96300001,u_0.10,0.1,946393154.474264,0.6222426470588235,808.0,0.05968077723802915,442b4f02bba381e49ce141b1f3250753918977d962b947e0d7d0b36030caec62
routing_abrupt_regime_shift,routing_abrupt_regime_shift:seed96100002:epoch30,30,20,validation,96300001,u_0.20,0.2,940693201.600147,0.6254595588235294,792.0,0.058782849239280774,442b4f02bba381e49ce141b1f3250753918977d962b947e0d7d0b36030caec62
routing_abrupt_regime_shift,routing_abrupt_regime_shift:seed96100002:epoch30,30,20,validation,96300001,u_0.30,0.3,931375640.1524059,0.6318933823529411,782.0,0.05631868131868132,442b4f02bba381e49ce141b1f3250753918977d962b947e0d7d0b36030caec62
routing_abrupt_regime_shift,routing_abrupt_regime_shift:seed96100002:epoch30,30,20,validation,96300001,u_0.40,0.4,928833778.8117918,0.6355698529411765,779.0,0.05794137695978187,442b4f02bba381e49ce141b1f3250753918977d962b947e0d7d0b36030caec62
routing_abrupt_regime_shift,routing_abrupt_regime_shift:seed96100002:epoch30,30,20,validation,96300001,u_0.50,0.5,922888332.6529586,0.6401654411764706,772.0,0.05945945945945946,442b4f02bba381e49ce141b1f3250753918977d962b947e0d7d0b36030caec62
routing_abrupt_regime_shift,routing_abrupt_regime_shift:seed96100002:epoch30,30,20,validation,96300001,u_0.60,0.6,916577722.0688381,0.6443014705882353,764.0,0.05846774193548387,442b4f02bba381e49ce141b1f3250753918977d962b947e0d7d0b36030caec62
routing_abrupt_regime_shift,routing_abrupt_regime_shift:seed96100002:epoch30,30,20,validation,96300001,u_0.70,0.7,913379087.8724884,0.6507352941176471,758.0,0.05740987983978638,442b4f02bba381e49ce141b1f3250753918977d962b947e0d7d0b36030caec62
routing_abrupt_regime_shift,routing_abrupt_regime_shift:seed96100002:epoch30,30,20,validation,96300001,u_0.80,0.8,906332289.2819679,0.6576286764705882,746.0,0.056291390728476824,442b4f02bba381e49ce141b1f3250753918977d962b947e0d7d0b36030caec62
routing_abrupt_regime_shift,routing_abrupt_regime_shift:seed96100002:epoch30,30,20,validation,96300001,u_0.90,0.9,905673903.9465885,0.6594669117647058,741.0,0.05603164139749506,442b4f02bba381e49ce141b1f3250753918977d962b947e0d7d0b36030caec62
routing_abrupt_regime_shift,routing_abrupt_regime_shift:seed96100002:epoch30,30,20,validation,96300001,u_1.00,1.0,914306899.4205282,0.6576286764705882,746.0,0.05548216644649934,442b4f02bba381e49ce141b1f3250753918977d962b947e0d7d0b36030caec62
routing_abrupt_regime_shift,routing_abrupt_regime_shift:seed96100002:epoch30,30,20,validation,96300002,anchor,-1.0,829762528.590124,0.6603498542274052,691.0,0.04953998584571833,442b4f02bba381e49ce141b1f3250753918977d962b947e0d7d0b36030caec62
routing_abrupt_regime_shift,routing_abrupt_regime_shift:seed96100002:epoch30,30,20,validation,96300002,u_0.00,0.0,832509874.7514198,0.6584062196307094,692.0,0.04964539007092199,442b4f02bba381e49ce141b1f3250753918977d962b947e0d7d0b36030caec62
routing_abrupt_regime_shift,routing_abrupt_regime_shift:seed96100002:epoch30,30,20,validation,96300002,u_0.10,0.1,826646496.9121648,0.6637512147716229,687.0,0.04996481351161154,442b4f02bba381e49ce141b1f3250753918977d962b947e0d7d0b36030caec62
routing_abrupt_regime_shift,routing_abrupt_regime_shift:seed96100002:epoch30,30,20,validation,96300002,u_0.20,0.2,821001823.0919256,0.6686103012633625,679.0,0.0496156533892383,442b4f02bba381e49ce141b1f3250753918977d962b947e0d7d0b36030caec62
routing_abrupt_regime_shift,routing_abrupt_regime_shift:seed96100002:epoch30,30,20,validation,96300002,u_0.30,0.3,812994332.0476873,0.67444120505345,669.0,0.04982698961937716,442b4f02bba381e49ce141b1f3250753918977d962b947e0d7d0b36030caec62
routing_abrupt_regime_shift,routing_abrupt_regime_shift:seed96100002:epoch30,30,20,validation,96300002,u_0.40,0.4,810119404.3822207,0.6778425655976676,660.0,0.05027548209366391,442b4f02bba381e49ce141b1f3250753918977d962b947e0d7d0b36030caec62
routing_abrupt_regime_shift,routing_abrupt_regime_shift:seed96100002:epoch30,30,20,validation,96300002,u_0.50,0.5,802627808.1387504,0.6841593780369291,649.0,0.049829351535836175,442b4f02bba381e49ce141b1f3250753918977d962b947e0d7d0b36030caec62
routing_abrupt_regime_shift,routing_abrupt_regime_shift:seed96100002:epoch30,30,20,validation,96300002,u_0.60,0.6,798806878.9423709,0.6865889212827988,644.0,0.05152542372881356,442b4f02bba381e49ce141b1f3250753918977d962b947e0d7d0b36030caec62
routing_abrupt_regime_shift,routing_abrupt_regime_shift:seed96100002:epoch30,30,20,validation,96300002,u_0.70,0.7,797020130.854422,0.6904761904761905,642.0,0.050505050505050504,442b4f02bba381e49ce141b1f3250753918977d962b947e0d7d0b36030caec62
routing_abrupt_regime_shift,routing_abrupt_regime_shift:seed96100002:epoch30,30,20,validation,96300002,u_0.80,0.8,791807979.3241152,0.6958211856171039,634.0,0.05013368983957219,442b4f02bba381e49ce141b1f3250753918977d962b947e0d7d0b36030caec62
routing_abrupt_regime_shift,routing_abrupt_regime_shift:seed96100002:epoch30,30,20,validation,96300002,u_0.90,0.9,789139626.119318,0.6992225461613216,627.0,0.0499001996007984,442b4f02bba381e49ce141b1f3250753918977d962b947e0d7d0b36030caec62
routing_abrupt_regime_shift,routing_abrupt_regime_shift:seed96100002:epoch30,30,20,validation,96300002,u_1.00,1.0,792875984.8531919,0.6982507288629738,623.0,0.04850498338870432,442b4f02bba381e49ce141b1f3250753918977d962b947e0d7d0b36030caec62
routing_abrupt_regime_shift,routing_abrupt_regime_shift:seed96100002:epoch30,30,20,validation,96300003,anchor,-1.0,934786327.5511515,0.628451099672438,787.0,0.05161290322580645,442b4f02bba381e49ce141b1f3250753918977d962b947e0d7d0b36030caec62
routing_abrupt_regime_shift,routing_abrupt_regime_shift:seed96100002:epoch30,30,20,validation,96300003,u_0.00,0.0,935475907.3687487,0.6275152082358446,787.0,0.05168700646087581,442b4f02bba381e49ce141b1f3250753918977d962b947e0d7d0b36030caec62
routing_abrupt_regime_shift,routing_abrupt_regime_shift:seed96100002:epoch30,30,20,validation,96300003,u_0.10,0.1,930847363.2596471,0.6326626111371081,781.0,0.05064194008559201,442b4f02bba381e49ce141b1f3250753918977d962b947e0d7d0b36030caec62
routing_abrupt_regime_shift,routing_abrupt_regime_shift:seed96100002:epoch30,30,20,validation,96300003,u_0.20,0.2,924869875.93937,0.6373420683200749,772.0,0.05028328611898017,442b4f02bba381e49ce141b1f3250753918977d962b947e0d7d0b36030caec62
routing_abrupt_regime_shift,routing_abrupt_regime_shift:seed96100002:epoch30,30,20,validation,96300003,u_0.30,0.3,913989345.9226027,0.6452971455311184,757.0,0.046984572230014024,442b4f02bba381e49ce141b1f3250753918977d962b947e0d7d0b36030caec62
routing_abrupt_regime_shift,routing_abrupt_regime_shift:seed96100002:epoch30,30,20,validation,96300003,u_0.40,0.4,911698484.0515586,0.6467009826860084,757.0,0.04815073272854152,442b4f02bba381e49ce141b1f3250753918977d962b947e0d7d0b36030caec62
routing_abrupt_regime_shift,routing_abrupt_regime_shift:seed96100002:epoch30,30,20,validation,96300003,u_0.50,0.5,906057563.8743424,0.6518483855872719,749.0,0.04910096818810512,442b4f02bba381e49ce141b1f3250753918977d962b947e0d7d0b36030caec62
routing_abrupt_regime_shift,routing_abrupt_regime_shift:seed96100002:epoch30,30,20,validation,96300003,u_0.60,0.6,900870248.718414,0.656059897051942,741.0,0.048143053645116916,442b4f02bba381e49ce141b1f3250753918977d962b947e0d7d0b36030caec62
routing_abrupt_regime_shift,routing_abrupt_regime_shift:seed96100002:epoch30,30,20,validation,96300003,u_0.70,0.7,898316628.0891119,0.658867571361722,734.0,0.04542326221610461,442b4f02bba381e49ce141b1f3250753918977d962b947e0d7d0b36030caec62
routing_abrupt_regime_shift,routing_abrupt_regime_shift:seed96100002:epoch30,30,20,validation,96300003,u_0.80,0.8,893048542.248608,0.6640149742629855,723.0,0.04439890710382514,442b4f02bba381e49ce141b1f3250753918977d962b947e0d7d0b36030caec62
routing_abrupt_regime_shift,routing_abrupt_regime_shift:seed96100002:epoch30,30,20,validation,96300003,u_0.90,0.9,890410342.5042734,0.667758540009359,716.0,0.043507817811012914,442b4f02bba381e49ce141b1f3250753918977d962b947e0d7d0b36030caec62
routing_abrupt_regime_shift,routing_abrupt_regime_shift:seed96100002:epoch30,30,20,validation,96300003,u_1.00,1.0,893980721.347211,0.6710341600374357,712.0,0.04200542005420054,442b4f02bba381e49ce141b1f3250753918977d962b947e0d7d0b36030caec62
routing_abrupt_regime_shift,routing_abrupt_regime_shift:seed96100002:epoch30,30,20,validation,96300004,anchor,-1.0,831499848.3545773,0.666020358700921,698.0,0.05379310344827586,442b4f02bba381e49ce141b1f3250753918977d962b947e0d7d0b36030caec62
routing_abrupt_regime_shift,routing_abrupt_regime_shift:seed96100002:epoch30,30,20,validation,96300004,u_0.00,0.0,832323119.9685762,0.6655356277266117,699.0,0.053830227743271224,442b4f02bba381e49ce141b1f3250753918977d962b947e0d7d0b36030caec62
routing_abrupt_regime_shift,routing_abrupt_regime_shift:seed96100002:epoch30,30,20,validation,96300004,u_0.10,0.1,826586645.3926971,0.6703829374697043,692.0,0.05281207133058985,442b4f02bba381e49ce141b1f3250753918977d962b947e0d7d0b36030caec62
routing_abrupt_regime_shift,routing_abrupt_regime_shift:seed96100002:epoch30,30,20,validation,96300004,u_0.20,0.2,821771531.8368523,0.6752302472127969,684.0,0.052452316076294275,442b4f02bba381e49ce141b1f3250753918977d962b947e0d7d0b36030caec62
routing_abrupt_regime_shift,routing_abrupt_regime_shift:seed96100002:epoch30,30,20,validation,96300004,u_0.30,0.3,810406716.6070609,0.6839554047503635,669.0,0.04993252361673414,442b4f02bba381e49ce141b1f3250753918977d962b947e0d7d0b36030caec62
routing_abrupt_regime_shift,routing_abrupt_regime_shift:seed96100002:epoch30,30,20,validation,96300004,u_0.40,0.4,811433768.1376115,0.6854095976732913,669.0,0.05245460659045057,442b4f02bba381e49ce141b1f3250753918977d962b947e0d7d0b36030caec62
routing_abrupt_regime_shift,routing_abrupt_regime_shift:seed96100002:epoch30,30,20,validation,96300004,u_0.50,0.5,798278558.3199713,0.6946194861851672,651.0,0.0492676431424767,442b4f02bba381e49ce141b1f3250753918977d962b947e0d7d0b36030caec62
routing_abrupt_regime_shift,routing_abrupt_regime_shift:seed96100002:epoch30,30,20,validation,96300004,u_0.60,0.6,794294369.680306,0.6980126030053321,645.0,0.04784053156146179,442b4f02bba381e49ce141b1f3250753918977d962b947e0d7d0b36030caec62
routing_abrupt_regime_shift,routing_abrupt_regime_shift:seed96100002:epoch30,30,20,validation,96300004,u_0.70,0.7,797012581.753295,0.6970431410567135,643.0,0.044,442b4f02bba381e49ce141b1f3250753918977d962b947e0d7d0b36030caec62
routing_abrupt_regime_shift,routing_abrupt_regime_shift:seed96100002:epoch30,30,20,validation,96300004,u_0.80,0.8,788883721.6730994,0.7047988366456617,628.0,0.042932628797886396,442b4f02bba381e49ce141b1f3250753918977d962b947e0d7d0b36030caec62
routing_abrupt_regime_shift,routing_abrupt_regime_shift:seed96100002:epoch30,30,20,validation,96300004,u_0.90,0.9,793101204.1794258,0.7043141056713524,627.0,0.043478260869565216,442b4f02bba381e49ce141b1f3250753918977d962b947e0d7d0b36030caec62
routing_abrupt_regime_shift,routing_abrupt_regime_shift:seed96100002:epoch30,30,20,validation,96300004,u_1.00,1.0,803036176.8362678,0.7023751817741154,628.0,0.043621943159286185,442b4f02bba381e49ce141b1f3250753918977d962b947e0d7d0b36030caec62
routing_abrupt_regime_shift,routing_abrupt_regime_shift:seed96100002:epoch55,55,20,discovery,96200000,anchor,-1.0,46499240.939435884,0.6363636363636364,39.0,0.058823529411764705,442b4f02bba381e49ce141b1f3250753918977d962b947e0d7d0b36030caec62
routing_abrupt_regime_shift,routing_abrupt_regime_shift:seed96100002:epoch55,55,20,discovery,96200000,u_0.00,0.0,46499240.939435884,0.6363636363636364,39.0,0.058823529411764705,442b4f02bba381e49ce141b1f3250753918977d962b947e0d7d0b36030caec62
routing_abrupt_regime_shift,routing_abrupt_regime_shift:seed96100002:epoch55,55,20,discovery,96200000,u_0.10,0.1,46176940.066632584,0.6363636363636364,38.0,0.05194805194805195,442b4f02bba381e49ce141b1f3250753918977d962b947e0d7d0b36030caec62
routing_abrupt_regime_shift,routing_abrupt_regime_shift:seed96100002:epoch55,55,20,discovery,96200000,u_0.20,0.2,45301440.15155383,0.6363636363636364,36.0,0.045454545454545456,442b4f02bba381e49ce141b1f3250753918977d962b947e0d7d0b36030caec62
routing_abrupt_regime_shift,routing_abrupt_regime_shift:seed96100002:epoch55,55,20,discovery,96200000,u_0.30,0.3,44558456.42488542,0.6363636363636364,34.0,0.038834951456310676,442b4f02bba381e49ce141b1f3250753918977d962b947e0d7d0b36030caec62
routing_abrupt_regime_shift,routing_abrupt_regime_shift:seed96100002:epoch55,55,20,discovery,96200000,u_0.40,0.4,43694626.34011218,0.6363636363636364,31.0,0.03418803418803419,442b4f02bba381e49ce141b1f3250753918977d962b947e0d7d0b36030caec62
routing_abrupt_regime_shift,routing_abrupt_regime_shift:seed96100002:epoch55,55,20,discovery,96200000,u_0.50,0.5,44283922.46550197,0.6363636363636364,30.0,0.030303030303030304,442b4f02bba381e49ce141b1f3250753918977d962b947e0d7d0b36030caec62
routing_abrupt_regime_shift,routing_abrupt_regime_shift:seed96100002:epoch55,55,20,discovery,96200000,u_0.60,0.6,44353353.20217849,0.6363636363636364,27.0,0.027972027972027972,442b4f02bba381e49ce141b1f3250753918977d962b947e0d7d0b36030caec62
routing_abrupt_regime_shift,routing_abrupt_regime_shift:seed96100002:epoch55,55,20,discovery,96200000,u_0.70,0.7,44352211.250141755,0.6363636363636364,23.0,0.02631578947368421,442b4f02bba381e49ce141b1f3250753918977d962b947e0d7d0b36030caec62
routing_abrupt_regime_shift,routing_abrupt_regime_shift:seed96100002:epoch55,55,20,discovery,96200000,u_0.80,0.8,46077667.64920807,0.6363636363636364,22.0,0.023952095808383235,442b4f02bba381e49ce141b1f3250753918977d962b947e0d7d0b36030caec62
routing_abrupt_regime_shift,routing_abrupt_regime_shift:seed96100002:epoch55,55,20,discovery,96200000,u_0.90,0.9,48382937.97992849,0.6363636363636364,21.0,0.02247191011235955,442b4f02bba381e49ce141b1f3250753918977d962b947e0d7d0b36030caec62
routing_abrupt_regime_shift,routing_abrupt_regime_shift:seed96100002:epoch55,55,20,discovery,96200000,u_1.00,1.0,50366267.56550197,0.6363636363636364,19.0,0.020833333333333332,442b4f02bba381e49ce141b1f3250753918977d962b947e0d7d0b36030caec62
routing_abrupt_regime_shift,routing_abrupt_regime_shift:seed96100002:epoch55,55,20,discovery,96200001,anchor,-1.0,46499240.939435884,0.6363636363636364,39.0,0.058823529411764705,442b4f02bba381e49ce141b1f3250753918977d962b947e0d7d0b36030caec62
routing_abrupt_regime_shift,routing_abrupt_regime_shift:seed96100002:epoch55,55,20,discovery,96200001,u_0.00,0.0,46499240.939435884,0.6363636363636364,39.0,0.058823529411764705,442b4f02bba381e49ce141b1f3250753918977d962b947e0d7d0b36030caec62
routing_abrupt_regime_shift,routing_abrupt_regime_shift:seed96100002:epoch55,55,20,discovery,96200001,u_0.10,0.1,46176940.066632584,0.6363636363636364,38.0,0.05194805194805195,442b4f02bba381e49ce141b1f3250753918977d962b947e0d7d0b36030caec62
routing_abrupt_regime_shift,routing_abrupt_regime_shift:seed96100002:epoch55,55,20,discovery,96200001,u_0.20,0.2,45301440.15155383,0.6363636363636364,36.0,0.045454545454545456,442b4f02bba381e49ce141b1f3250753918977d962b947e0d7d0b36030caec62
routing_abrupt_regime_shift,routing_abrupt_regime_shift:seed96100002:epoch55,55,20,discovery,96200001,u_0.30,0.3,44558456.42488542,0.6363636363636364,34.0,0.038834951456310676,442b4f02bba381e49ce141b1f3250753918977d962b947e0d7d0b36030caec62
routing_abrupt_regime_shift,routing_abrupt_regime_shift:seed96100002:epoch55,55,20,discovery,96200001,u_0.40,0.4,43694626.34011218,0.6363636363636364,31.0,0.03418803418803419,442b4f02bba381e49ce141b1f3250753918977d962b947e0d7d0b36030caec62
routing_abrupt_regime_shift,routing_abrupt_regime_shift:seed96100002:epoch55,55,20,discovery,96200001,u_0.50,0.5,44283922.46550197,0.6363636363636364,30.0,0.030303030303030304,442b4f02bba381e49ce141b1f3250753918977d962b947e0d7d0b36030caec62
routing_abrupt_regime_shift,routing_abrupt_regime_shift:seed96100002:epoch55,55,20,discovery,96200001,u_0.60,0.6,44353353.20217849,0.6363636363636364,27.0,0.027972027972027972,442b4f02bba381e49ce141b1f3250753918977d962b947e0d7d0b36030caec62
routing_abrupt_regime_shift,routing_abrupt_regime_shift:seed96100002:epoch55,55,20,discovery,96200001,u_0.70,0.7,44352211.250141755,0.6363636363636364,23.0,0.02631578947368421,442b4f02bba381e49ce141b1f3250753918977d962b947e0d7d0b36030caec62
routing_abrupt_regime_shift,routing_abrupt_regime_shift:seed96100002:epoch55,55,20,discovery,96200001,u_0.80,0.8,46077667.64920807,0.6363636363636364,22.0,0.023952095808383235,442b4f02bba381e49ce141b1f3250753918977d962b947e0d7d0b36030caec62
routing_abrupt_regime_shift,routing_abrupt_regime_shift:seed96100002:epoch55,55,20,discovery,96200001,u_0.90,0.9,48382937.97992849,0.6363636363636364,21.0,0.02247191011235955,442b4f02bba381e49ce141b1f3250753918977d962b947e0d7d0b36030caec62
routing_abrupt_regime_shift,routing_abrupt_regime_shift:seed96100002:epoch55,55,20,discovery,96200001,u_1.00,1.0,50366267.56550197,0.6363636363636364,19.0,0.020833333333333332,442b4f02bba381e49ce141b1f3250753918977d962b947e0d7d0b36030caec62
routing_abrupt_regime_shift,routing_abrupt_regime_shift:seed96100002:epoch55,55,20,discovery,96200002,anchor,-1.0,46499240.939435884,0.6363636363636364,39.0,0.058823529411764705,442b4f02bba381e49ce141b1f3250753918977d962b947e0d7d0b36030caec62
routing_abrupt_regime_shift,routing_abrupt_regime_shift:seed96100002:epoch55,55,20,discovery,96200002,u_0.00,0.0,46499240.939435884,0.6363636363636364,39.0,0.058823529411764705,442b4f02bba381e49ce141b1f3250753918977d962b947e0d7d0b36030caec62
routing_abrupt_regime_shift,routing_abrupt_regime_shift:seed96100002:epoch55,55,20,discovery,96200002,u_0.10,0.1,46176940.066632584,0.6363636363636364,38.0,0.05194805194805195,442b4f02bba381e49ce141b1f3250753918977d962b947e0d7d0b36030caec62
routing_abrupt_regime_shift,routing_abrupt_regime_shift:seed96100002:epoch55,55,20,discovery,96200002,u_0.20,0.2,45301440.15155383,0.6363636363636364,36.0,0.045454545454545456,442b4f02bba381e49ce141b1f3250753918977d962b947e0d7d0b36030caec62
routing_abrupt_regime_shift,routing_abrupt_regime_shift:seed96100002:epoch55,55,20,discovery,96200002,u_0.30,0.3,44558456.42488542,0.6363636363636364,34.0,0.038834951456310676,442b4f02bba381e49ce141b1f3250753918977d962b947e0d7d0b36030caec62
routing_abrupt_regime_shift,routing_abrupt_regime_shift:seed96100002:epoch55,55,20,discovery,96200002,u_0.40,0.4,43694626.34011218,0.6363636363636364,31.0,0.03418803418803419,442b4f02bba381e49ce141b1f3250753918977d962b947e0d7d0b36030caec62
routing_abrupt_regime_shift,routing_abrupt_regime_shift:seed96100002:epoch55,55,20,discovery,96200002,u_0.50,0.5,44283922.46550197,0.6363636363636364,30.0,0.030303030303030304,442b4f02bba381e49ce141b1f3250753918977d962b947e0d7d0b36030caec62
routing_abrupt_regime_shift,routing_abrupt_regime_shift:seed96100002:epoch55,55,20,discovery,96200002,u_0.60,0.6,44353353.20217849,0.6363636363636364,27.0,0.027972027972027972,442b4f02bba381e49ce141b1f3250753918977d962b947e0d7d0b36030caec62
routing_abrupt_regime_shift,routing_abrupt_regime_shift:seed96100002:epoch55,55,20,discovery,96200002,u_0.70,0.7,44352211.250141755,0.6363636363636364,23.0,0.02631578947368421,442b4f02bba381e49ce141b1f3250753918977d962b947e0d7d0b36030caec62
routing_abrupt_regime_shift,routing_abrupt_regime_shift:seed96100002:epoch55,55,20,discovery,96200002,u_0.80,0.8,46077667.64920807,0.6363636363636364,22.0,0.023952095808383235,442b4f02bba381e49ce141b1f3250753918977d962b947e0d7d0b36030caec62
routing_abrupt_regime_shift,routing_abrupt_regime_shift:seed96100002:epoch55,55,20,discovery,96200002,u_0.90,0.9,48382937.97992849,0.6363636363636364,21.0,0.02247191011235955,442b4f02bba381e49ce141b1f3250753918977d962b947e0d7d0b36030caec62
routing_abrupt_regime_shift,routing_abrupt_regime_shift:seed96100002:epoch55,55,20,discovery,96200002,u_1.00,1.0,50366267.56550197,0.6363636363636364,19.0,0.020833333333333332,442b4f02bba381e49ce141b1f3250753918977d962b947e0d7d0b36030caec62
routing_abrupt_regime_shift,routing_abrupt_regime_shift:seed96100002:epoch55,55,20,validation,96300000,anchor,-1.0,46499240.939435884,0.6363636363636364,39.0,0.058823529411764705,442b4f02bba381e49ce141b1f3250753918977d962b947e0d7d0b36030caec62
routing_abrupt_regime_shift,routing_abrupt_regime_shift:seed96100002:epoch55,55,20,validation,96300000,u_0.00,0.0,46499240.939435884,0.6363636363636364,39.0,0.058823529411764705,442b4f02bba381e49ce141b1f3250753918977d962b947e0d7d0b36030caec62
routing_abrupt_regime_shift,routing_abrupt_regime_shift:seed96100002:epoch55,55,20,validation,96300000,u_0.10,0.1,46176940.066632584,0.6363636363636364,38.0,0.05194805194805195,442b4f02bba381e49ce141b1f3250753918977d962b947e0d7d0b36030caec62
routing_abrupt_regime_shift,routing_abrupt_regime_shift:seed96100002:epoch55,55,20,validation,96300000,u_0.20,0.2,45301440.15155383,0.6363636363636364,36.0,0.045454545454545456,442b4f02bba381e49ce141b1f3250753918977d962b947e0d7d0b36030caec62
routing_abrupt_regime_shift,routing_abrupt_regime_shift:seed96100002:epoch55,55,20,validation,96300000,u_0.30,0.3,44558456.42488542,0.6363636363636364,34.0,0.038834951456310676,442b4f02bba381e49ce141b1f3250753918977d962b947e0d7d0b36030caec62
routing_abrupt_regime_shift,routing_abrupt_regime_shift:seed96100002:epoch55,55,20,validation,96300000,u_0.40,0.4,43694626.34011218,0.6363636363636364,31.0,0.03418803418803419,442b4f02bba381e49ce141b1f3250753918977d962b947e0d7d0b36030caec62
routing_abrupt_regime_shift,routing_abrupt_regime_shift:seed96100002:epoch55,55,20,validation,96300000,u_0.50,0.5,44283922.46550197,0.6363636363636364,30.0,0.030303030303030304,442b4f02bba381e49ce141b1f3250753918977d962b947e0d7d0b36030caec62
routing_abrupt_regime_shift,routing_abrupt_regime_shift:seed96100002:epoch55,55,20,validation,96300000,u_0.60,0.6,44353353.20217849,0.6363636363636364,27.0,0.027972027972027972,442b4f02bba381e49ce141b1f3250753918977d962b947e0d7d0b36030caec62
routing_abrupt_regime_shift,routing_abrupt_regime_shift:seed96100002:epoch55,55,20,validation,96300000,u_0.70,0.7,44352211.250141755,0.6363636363636364,23.0,0.02631578947368421,442b4f02bba381e49ce141b1f3250753918977d962b947e0d7d0b36030caec62
routing_abrupt_regime_shift,routing_abrupt_regime_shift:seed96100002:epoch55,55,20,validation,96300000,u_0.80,0.8,46077667.64920807,0.6363636363636364,22.0,0.023952095808383235,442b4f02bba381e49ce141b1f3250753918977d962b947e0d7d0b36030caec62
routing_abrupt_regime_shift,routing_abrupt_regime_shift:seed96100002:epoch55,55,20,validation,96300000,u_0.90,0.9,48382937.97992849,0.6363636363636364,21.0,0.02247191011235955,442b4f02bba381e49ce141b1f3250753918977d962b947e0d7d0b36030caec62
routing_abrupt_regime_shift,routing_abrupt_regime_shift:seed96100002:epoch55,55,20,validation,96300000,u_1.00,1.0,50366267.56550197,0.6363636363636364,19.0,0.020833333333333332,442b4f02bba381e49ce141b1f3250753918977d962b947e0d7d0b36030caec62
routing_abrupt_regime_shift,routing_abrupt_regime_shift:seed96100002:epoch55,55,20,validation,96300001,anchor,-1.0,46499240.939435884,0.6363636363636364,39.0,0.058823529411764705,442b4f02bba381e49ce141b1f3250753918977d962b947e0d7d0b36030caec62
routing_abrupt_regime_shift,routing_abrupt_regime_shift:seed96100002:epoch55,55,20,validation,96300001,u_0.00,0.0,46499240.939435884,0.6363636363636364,39.0,0.058823529411764705,442b4f02bba381e49ce141b1f3250753918977d962b947e0d7d0b36030caec62
routing_abrupt_regime_shift,routing_abrupt_regime_shift:seed96100002:epoch55,55,20,validation,96300001,u_0.10,0.1,46176940.066632584,0.6363636363636364,38.0,0.05194805194805195,442b4f02bba381e49ce141b1f3250753918977d962b947e0d7d0b36030caec62
routing_abrupt_regime_shift,routing_abrupt_regime_shift:seed96100002:epoch55,55,20,validation,96300001,u_0.20,0.2,45301440.15155383,0.6363636363636364,36.0,0.045454545454545456,442b4f02bba381e49ce141b1f3250753918977d962b947e0d7d0b36030caec62
routing_abrupt_regime_shift,routing_abrupt_regime_shift:seed96100002:epoch55,55,20,validation,96300001,u_0.30,0.3,44558456.42488542,0.6363636363636364,34.0,0.038834951456310676,442b4f02bba381e49ce141b1f3250753918977d962b947e0d7d0b36030caec62
routing_abrupt_regime_shift,routing_abrupt_regime_shift:seed96100002:epoch55,55,20,validation,96300001,u_0.40,0.4,43694626.34011218,0.6363636363636364,31.0,0.03418803418803419,442b4f02bba381e49ce141b1f3250753918977d962b947e0d7d0b36030caec62
routing_abrupt_regime_shift,routing_abrupt_regime_shift:seed96100002:epoch55,55,20,validation,96300001,u_0.50,0.5,44283922.46550197,0.6363636363636364,30.0,0.030303030303030304,442b4f02bba381e49ce141b1f3250753918977d962b947e0d7d0b36030caec62
routing_abrupt_regime_shift,routing_abrupt_regime_shift:seed96100002:epoch55,55,20,validation,96300001,u_0.60,0.6,44353353.20217849,0.6363636363636364,27.0,0.027972027972027972,442b4f02bba381e49ce141b1f3250753918977d962b947e0d7d0b36030caec62
routing_abrupt_regime_shift,routing_abrupt_regime_shift:seed96100002:epoch55,55,20,validation,96300001,u_0.70,0.7,44352211.250141755,0.6363636363636364,23.0,0.02631578947368421,442b4f02bba381e49ce141b1f3250753918977d962b947e0d7d0b36030caec62
routing_abrupt_regime_shift,routing_abrupt_regime_shift:seed96100002:epoch55,55,20,validation,96300001,u_0.80,0.8,46077667.64920807,0.6363636363636364,22.0,0.023952095808383235,442b4f02bba381e49ce141b1f3250753918977d962b947e0d7d0b36030caec62
routing_abrupt_regime_shift,routing_abrupt_regime_shift:seed96100002:epoch55,55,20,validation,96300001,u_0.90,0.9,48382937.97992849,0.6363636363636364,21.0,0.02247191011235955,442b4f02bba381e49ce141b1f3250753918977d962b947e0d7d0b36030caec62
routing_abrupt_regime_shift,routing_abrupt_regime_shift:seed96100002:epoch55,55,20,validation,96300001,u_1.00,1.0,50366267.56550197,0.6363636363636364,19.0,0.020833333333333332,442b4f02bba381e49ce141b1f3250753918977d962b947e0d7d0b36030caec62
routing_abrupt_regime_shift,routing_abrupt_regime_shift:seed96100002:epoch55,55,20,validation,96300002,anchor,-1.0,46499240.939435884,0.6363636363636364,39.0,0.058823529411764705,442b4f02bba381e49ce141b1f3250753918977d962b947e0d7d0b36030caec62
routing_abrupt_regime_shift,routing_abrupt_regime_shift:seed96100002:epoch55,55,20,validation,96300002,u_0.00,0.0,46499240.939435884,0.6363636363636364,39.0,0.058823529411764705,442b4f02bba381e49ce141b1f3250753918977d962b947e0d7d0b36030caec62
routing_abrupt_regime_shift,routing_abrupt_regime_shift:seed96100002:epoch55,55,20,validation,96300002,u_0.10,0.1,46176940.066632584,0.6363636363636364,38.0,0.05194805194805195,442b4f02bba381e49ce141b1f3250753918977d962b947e0d7d0b36030caec62
routing_abrupt_regime_shift,routing_abrupt_regime_shift:seed96100002:epoch55,55,20,validation,96300002,u_0.20,0.2,45301440.15155383,0.6363636363636364,36.0,0.045454545454545456,442b4f02bba381e49ce141b1f3250753918977d962b947e0d7d0b36030caec62
routing_abrupt_regime_shift,routing_abrupt_regime_shift:seed96100002:epoch55,55,20,validation,96300002,u_0.30,0.3,44558456.42488542,0.6363636363636364,34.0,0.038834951456310676,442b4f02bba381e49ce141b1f3250753918977d962b947e0d7d0b36030caec62
routing_abrupt_regime_shift,routing_abrupt_regime_shift:seed96100002:epoch55,55,20,validation,96300002,u_0.40,0.4,43694626.34011218,0.6363636363636364,31.0,0.03418803418803419,442b4f02bba381e49ce141b1f3250753918977d962b947e0d7d0b36030caec62
routing_abrupt_regime_shift,routing_abrupt_regime_shift:seed96100002:epoch55,55,20,validation,96300002,u_0.50,0.5,44283922.46550197,0.6363636363636364,30.0,0.030303030303030304,442b4f02bba381e49ce141b1f3250753918977d962b947e0d7d0b36030caec62
routing_abrupt_regime_shift,routing_abrupt_regime_shift:seed96100002:epoch55,55,20,validation,96300002,u_0.60,0.6,44353353.20217849,0.6363636363636364,27.0,0.027972027972027972,442b4f02bba381e49ce141b1f3250753918977d962b947e0d7d0b36030caec62
routing_abrupt_regime_shift,routing_abrupt_regime_shift:seed96100002:epoch55,55,20,validation,96300002,u_0.70,0.7,44352211.250141755,0.6363636363636364,23.0,0.02631578947368421,442b4f02bba381e49ce141b1f3250753918977d962b947e0d7d0b36030caec62
routing_abrupt_regime_shift,routing_abrupt_regime_shift:seed96100002:epoch55,55,20,validation,96300002,u_0.80,0.8,46077667.64920807,0.6363636363636364,22.0,0.023952095808383235,442b4f02bba381e49ce141b1f3250753918977d962b947e0d7d0b36030caec62
routing_abrupt_regime_shift,routing_abrupt_regime_shift:seed96100002:epoch55,55,20,validation,96300002,u_0.90,0.9,48382937.97992849,0.6363636363636364,21.0,0.02247191011235955,442b4f02bba381e49ce141b1f3250753918977d962b947e0d7d0b36030caec62
routing_abrupt_regime_shift,routing_abrupt_regime_shift:seed96100002:epoch55,55,20,validation,96300002,u_1.00,1.0,50366267.56550197,0.6363636363636364,19.0,0.020833333333333332,442b4f02bba381e49ce141b1f3250753918977d962b947e0d7d0b36030caec62
routing_abrupt_regime_shift,routing_abrupt_regime_shift:seed96100002:epoch55,55,20,validation,96300003,anchor,-1.0,46499240.939435884,0.6363636363636364,39.0,0.058823529411764705,442b4f02bba381e49ce141b1f3250753918977d962b947e0d7d0b36030caec62
routing_abrupt_regime_shift,routing_abrupt_regime_shift:seed96100002:epoch55,55,20,validation,96300003,u_0.00,0.0,46499240.939435884,0.6363636363636364,39.0,0.058823529411764705,442b4f02bba381e49ce141b1f3250753918977d962b947e0d7d0b36030caec62
routing_abrupt_regime_shift,routing_abrupt_regime_shift:seed96100002:epoch55,55,20,validation,96300003,u_0.10,0.1,46176940.066632584,0.6363636363636364,38.0,0.05194805194805195,442b4f02bba381e49ce141b1f3250753918977d962b947e0d7d0b36030caec62
routing_abrupt_regime_shift,routing_abrupt_regime_shift:seed96100002:epoch55,55,20,validation,96300003,u_0.20,0.2,45301440.15155383,0.6363636363636364,36.0,0.045454545454545456,442b4f02bba381e49ce141b1f3250753918977d962b947e0d7d0b36030caec62
routing_abrupt_regime_shift,routing_abrupt_regime_shift:seed96100002:epoch55,55,20,validation,96300003,u_0.30,0.3,44558456.42488542,0.6363636363636364,34.0,0.038834951456310676,442b4f02bba381e49ce141b1f3250753918977d962b947e0d7d0b36030caec62
routing_abrupt_regime_shift,routing_abrupt_regime_shift:seed96100002:epoch55,55,20,validation,96300003,u_0.40,0.4,43694626.34011218,0.6363636363636364,31.0,0.03418803418803419,442b4f02bba381e49ce141b1f3250753918977d962b947e0d7d0b36030caec62
routing_abrupt_regime_shift,routing_abrupt_regime_shift:seed96100002:epoch55,55,20,validation,96300003,u_0.50,0.5,44283922.46550197,0.6363636363636364,30.0,0.030303030303030304,442b4f02bba381e49ce141b1f3250753918977d962b947e0d7d0b36030caec62
routing_abrupt_regime_shift,routing_abrupt_regime_shift:seed96100002:epoch55,55,20,validation,96300003,u_0.60,0.6,44353353.20217849,0.6363636363636364,27.0,0.027972027972027972,442b4f02bba381e49ce141b1f3250753918977d962b947e0d7d0b36030caec62
routing_abrupt_regime_shift,routing_abrupt_regime_shift:seed96100002:epoch55,55,20,validation,96300003,u_0.70,0.7,44352211.250141755,0.6363636363636364,23.0,0.02631578947368421,442b4f02bba381e49ce141b1f3250753918977d962b947e0d7d0b36030caec62
routing_abrupt_regime_shift,routing_abrupt_regime_shift:seed96100002:epoch55,55,20,validation,96300003,u_0.80,0.8,46077667.64920807,0.6363636363636364,22.0,0.023952095808383235,442b4f02bba381e49ce141b1f3250753918977d962b947e0d7d0b36030caec62
routing_abrupt_regime_shift,routing_abrupt_regime_shift:seed96100002:epoch55,55,20,validation,96300003,u_0.90,0.9,48382937.97992849,0.6363636363636364,21.0,0.02247191011235955,442b4f02bba381e49ce141b1f3250753918977d962b947e0d7d0b36030caec62
routing_abrupt_regime_shift,routing_abrupt_regime_shift:seed96100002:epoch55,55,20,validation,96300003,u_1.00,1.0,50366267.56550197,0.6363636363636364,19.0,0.020833333333333332,442b4f02bba381e49ce141b1f3250753918977d962b947e0d7d0b36030caec62
routing_abrupt_regime_shift,routing_abrupt_regime_shift:seed96100002:epoch55,55,20,validation,96300004,anchor,-1.0,46499240.939435884,0.6363636363636364,39.0,0.058823529411764705,442b4f02bba381e49ce141b1f3250753918977d962b947e0d7d0b36030caec62
routing_abrupt_regime_shift,routing_abrupt_regime_shift:seed96100002:epoch55,55,20,validation,96300004,u_0.00,0.0,46499240.939435884,0.6363636363636364,39.0,0.058823529411764705,442b4f02bba381e49ce141b1f3250753918977d962b947e0d7d0b36030caec62
routing_abrupt_regime_shift,routing_abrupt_regime_shift:seed96100002:epoch55,55,20,validation,96300004,u_0.10,0.1,46176940.066632584,0.6363636363636364,38.0,0.05194805194805195,442b4f02bba381e49ce141b1f3250753918977d962b947e0d7d0b36030caec62
routing_abrupt_regime_shift,routing_abrupt_regime_shift:seed96100002:epoch55,55,20,validation,96300004,u_0.20,0.2,45301440.15155383,0.6363636363636364,36.0,0.045454545454545456,442b4f02bba381e49ce141b1f3250753918977d962b947e0d7d0b36030caec62
routing_abrupt_regime_shift,routing_abrupt_regime_shift:seed96100002:epoch55,55,20,validation,96300004,u_0.30,0.3,44558456.42488542,0.6363636363636364,34.0,0.038834951456310676,442b4f02bba381e49ce141b1f3250753918977d962b947e0d7d0b36030caec62
routing_abrupt_regime_shift,routing_abrupt_regime_shift:seed96100002:epoch55,55,20,validation,96300004,u_0.40,0.4,43694626.34011218,0.6363636363636364,31.0,0.03418803418803419,442b4f02bba381e49ce141b1f3250753918977d962b947e0d7d0b36030caec62
routing_abrupt_regime_shift,routing_abrupt_regime_shift:seed96100002:epoch55,55,20,validation,96300004,u_0.50,0.5,44283922.46550197,0.6363636363636364,30.0,0.030303030303030304,442b4f02bba381e49ce141b1f3250753918977d962b947e0d7d0b36030caec62
routing_abrupt_regime_shift,routing_abrupt_regime_shift:seed96100002:epoch55,55,20,validation,96300004,u_0.60,0.6,44353353.20217849,0.6363636363636364,27.0,0.027972027972027972,442b4f02bba381e49ce141b1f3250753918977d962b947e0d7d0b36030caec62
routing_abrupt_regime_shift,routing_abrupt_regime_shift:seed96100002:epoch55,55,20,validation,96300004,u_0.70,0.7,44352211.250141755,0.6363636363636364,23.0,0.02631578947368421,442b4f02bba381e49ce141b1f3250753918977d962b947e0d7d0b36030caec62
routing_abrupt_regime_shift,routing_abrupt_regime_shift:seed96100002:epoch55,55,20,validation,96300004,u_0.80,0.8,46077667.64920807,0.6363636363636364,22.0,0.023952095808383235,442b4f02bba381e49ce141b1f3250753918977d962b947e0d7d0b36030caec62
routing_abrupt_regime_shift,routing_abrupt_regime_shift:seed96100002:epoch55,55,20,validation,96300004,u_0.90,0.9,48382937.97992849,0.6363636363636364,21.0,0.02247191011235955,442b4f02bba381e49ce141b1f3250753918977d962b947e0d7d0b36030caec62
routing_abrupt_regime_shift,routing_abrupt_regime_shift:seed96100002:epoch55,55,20,validation,96300004,u_1.00,1.0,50366267.56550197,0.6363636363636364,19.0,0.020833333333333332,442b4f02bba381e49ce141b1f3250753918977d962b947e0d7d0b36030caec62
routing_abrupt_regime_shift,routing_abrupt_regime_shift:seed96100002:epoch80,80,20,discovery,96200000,anchor,-1.0,49609216.84421343,0.5670103092783505,39.0,0.05970149253731343,442b4f02bba381e49ce141b1f3250753918977d962b947e0d7d0b36030caec62
routing_abrupt_regime_shift,routing_abrupt_regime_shift:seed96100002:epoch80,80,20,discovery,96200000,u_0.00,0.0,49609216.84421343,0.5670103092783505,39.0,0.05970149253731343,442b4f02bba381e49ce141b1f3250753918977d962b947e0d7d0b36030caec62
routing_abrupt_regime_shift,routing_abrupt_regime_shift:seed96100002:epoch80,80,20,discovery,96200000,u_0.10,0.1,49786755.87141014,0.5670103092783505,39.0,0.05263157894736842,442b4f02bba381e49ce141b1f3250753918977d962b947e0d7d0b36030caec62
routing_abrupt_regime_shift,routing_abrupt_regime_shift:seed96100002:epoch80,80,20,discovery,96200000,u_0.20,0.2,48911255.95633139,0.5670103092783505,37.0,0.04597701149425287,442b4f02bba381e49ce141b1f3250753918977d962b947e0d7d0b36030caec62
routing_abrupt_regime_shift,routing_abrupt_regime_shift:seed96100002:epoch80,80,20,discovery,96200000,u_0.30,0.3,47618432.32966298,0.5670103092783505,34.0,0.0392156862745098,442b4f02bba381e49ce141b1f3250753918977d962b947e0d7d0b36030caec62
routing_abrupt_regime_shift,routing_abrupt_regime_shift:seed96100002:epoch80,80,20,discovery,96200000,u_0.40,0.4,47879282.04488973,0.5670103092783505,33.0,0.034482758620689655,442b4f02bba381e49ce141b1f3250753918977d962b947e0d7d0b36030caec62
routing_abrupt_regime_shift,routing_abrupt_regime_shift:seed96100002:epoch80,80,20,discovery,96200000,u_0.50,0.5,48418578.17027952,0.5670103092783505,32.0,0.030534351145038167,442b4f02bba381e49ce141b1f3250753918977d962b947e0d7d0b36030caec62
routing_abrupt_regime_shift,routing_abrupt_regime_shift:seed96100002:epoch80,80,20,discovery,96200000,u_0.60,0.6,49037848.80695605,0.5670103092783505,30.0,0.028169014084507043,442b4f02bba381e49ce141b1f3250753918977d962b947e0d7d0b36030caec62
routing_abrupt_regime_shift,routing_abrupt_regime_shift:seed96100002:epoch80,80,20,discovery,96200000,u_0.70,0.7,50136386.65491931,0.5670103092783505,28.0,0.026490066225165563,442b4f02bba381e49ce141b1f3250753918977d962b947e0d7d0b36030caec62
routing_abrupt_regime_shift,routing_abrupt_regime_shift:seed96100002:epoch80,80,20,discovery,96200000,u_0.80,0.8,51861843.05398562,0.5670103092783505,27.0,0.024096385542168676,442b4f02bba381e49ce141b1f3250753918977d962b947e0d7d0b36030caec62
routing_abrupt_regime_shift,routing_abrupt_regime_shift:seed96100002:epoch80,80,20,discovery,96200000,u_0.90,0.9,54716953.28470604,0.5670103092783505,27.0,0.022598870056497175,442b4f02bba381e49ce141b1f3250753918977d962b947e0d7d0b36030caec62
routing_abrupt_regime_shift,routing_abrupt_regime_shift:seed96100002:epoch80,80,20,discovery,96200000,u_1.00,1.0,55662221.070279524,0.5670103092783505,23.0,0.020942408376963352,442b4f02bba381e49ce141b1f3250753918977d962b947e0d7d0b36030caec62
routing_abrupt_regime_shift,routing_abrupt_regime_shift:seed96100002:epoch80,80,20,discovery,96200001,anchor,-1.0,49609216.84421343,0.5670103092783505,39.0,0.05970149253731343,442b4f02bba381e49ce141b1f3250753918977d962b947e0d7d0b36030caec62
routing_abrupt_regime_shift,routing_abrupt_regime_shift:seed96100002:epoch80,80,20,discovery,96200001,u_0.00,0.0,49609216.84421343,0.5670103092783505,39.0,0.05970149253731343,442b4f02bba381e49ce141b1f3250753918977d962b947e0d7d0b36030caec62
routing_abrupt_regime_shift,routing_abrupt_regime_shift:seed96100002:epoch80,80,20,discovery,96200001,u_0.10,0.1,49786755.87141014,0.5670103092783505,39.0,0.05263157894736842,442b4f02bba381e49ce141b1f3250753918977d962b947e0d7d0b36030caec62
routing_abrupt_regime_shift,routing_abrupt_regime_shift:seed96100002:epoch80,80,20,discovery,96200001,u_0.20,0.2,48911255.95633139,0.5670103092783505,37.0,0.04597701149425287,442b4f02bba381e49ce141b1f3250753918977d962b947e0d7d0b36030caec62
routing_abrupt_regime_shift,routing_abrupt_regime_shift:seed96100002:epoch80,80,20,discovery,96200001,u_0.30,0.3,47618432.32966298,0.5670103092783505,34.0,0.0392156862745098,442b4f02bba381e49ce141b1f3250753918977d962b947e0d7d0b36030caec62
routing_abrupt_regime_shift,routing_abrupt_regime_shift:seed96100002:epoch80,80,20,discovery,96200001,u_0.40,0.4,47879282.04488973,0.5670103092783505,33.0,0.034482758620689655,442b4f02bba381e49ce141b1f3250753918977d962b947e0d7d0b36030caec62
routing_abrupt_regime_shift,routing_abrupt_regime_shift:seed96100002:epoch80,80,20,discovery,96200001,u_0.50,0.5,48418578.17027952,0.5670103092783505,32.0,0.030534351145038167,442b4f02bba381e49ce141b1f3250753918977d962b947e0d7d0b36030caec62
routing_abrupt_regime_shift,routing_abrupt_regime_shift:seed96100002:epoch80,80,20,discovery,96200001,u_0.60,0.6,49037848.80695605,0.5670103092783505,30.0,0.028169014084507043,442b4f02bba381e49ce141b1f3250753918977d962b947e0d7d0b36030caec62
routing_abrupt_regime_shift,routing_abrupt_regime_shift:seed96100002:epoch80,80,20,discovery,96200001,u_0.70,0.7,50136386.65491931,0.5670103092783505,28.0,0.026490066225165563,442b4f02bba381e49ce141b1f3250753918977d962b947e0d7d0b36030caec62
routing_abrupt_regime_shift,routing_abrupt_regime_shift:seed96100002:epoch80,80,20,discovery,96200001,u_0.80,0.8,51861843.05398562,0.5670103092783505,27.0,0.024096385542168676,442b4f02bba381e49ce141b1f3250753918977d962b947e0d7d0b36030caec62
routing_abrupt_regime_shift,routing_abrupt_regime_shift:seed96100002:epoch80,80,20,discovery,96200001,u_0.90,0.9,54716953.28470604,0.5670103092783505,27.0,0.022598870056497175,442b4f02bba381e49ce141b1f3250753918977d962b947e0d7d0b36030caec62
routing_abrupt_regime_shift,routing_abrupt_regime_shift:seed96100002:epoch80,80,20,discovery,96200001,u_1.00,1.0,55662221.070279524,0.5670103092783505,23.0,0.020942408376963352,442b4f02bba381e49ce141b1f3250753918977d962b947e0d7d0b36030caec62
routing_abrupt_regime_shift,routing_abrupt_regime_shift:seed96100002:epoch80,80,20,discovery,96200002,anchor,-1.0,49609216.84421343,0.5670103092783505,39.0,0.05970149253731343,442b4f02bba381e49ce141b1f3250753918977d962b947e0d7d0b36030caec62
routing_abrupt_regime_shift,routing_abrupt_regime_shift:seed96100002:epoch80,80,20,discovery,96200002,u_0.00,0.0,49609216.84421343,0.5670103092783505,39.0,0.05970149253731343,442b4f02bba381e49ce141b1f3250753918977d962b947e0d7d0b36030caec62
routing_abrupt_regime_shift,routing_abrupt_regime_shift:seed96100002:epoch80,80,20,discovery,96200002,u_0.10,0.1,49786755.87141014,0.5670103092783505,39.0,0.05263157894736842,442b4f02bba381e49ce141b1f3250753918977d962b947e0d7d0b36030caec62
routing_abrupt_regime_shift,routing_abrupt_regime_shift:seed96100002:epoch80,80,20,discovery,96200002,u_0.20,0.2,48911255.95633139,0.5670103092783505,37.0,0.04597701149425287,442b4f02bba381e49ce141b1f3250753918977d962b947e0d7d0b36030caec62
routing_abrupt_regime_shift,routing_abrupt_regime_shift:seed96100002:epoch80,80,20,discovery,96200002,u_0.30,0.3,47618432.32966298,0.5670103092783505,34.0,0.0392156862745098,442b4f02bba381e49ce141b1f3250753918977d962b947e0d7d0b36030caec62
routing_abrupt_regime_shift,routing_abrupt_regime_shift:seed96100002:epoch80,80,20,discovery,96200002,u_0.40,0.4,47879282.04488973,0.5670103092783505,33.0,0.034482758620689655,442b4f02bba381e49ce141b1f3250753918977d962b947e0d7d0b36030caec62
routing_abrupt_regime_shift,routing_abrupt_regime_shift:seed96100002:epoch80,80,20,discovery,96200002,u_0.50,0.5,48418578.17027952,0.5670103092783505,32.0,0.030534351145038167,442b4f02bba381e49ce141b1f3250753918977d962b947e0d7d0b36030caec62
routing_abrupt_regime_shift,routing_abrupt_regime_shift:seed96100002:epoch80,80,20,discovery,96200002,u_0.60,0.6,49037848.80695605,0.5670103092783505,30.0,0.028169014084507043,442b4f02bba381e49ce141b1f3250753918977d962b947e0d7d0b36030caec62
routing_abrupt_regime_shift,routing_abrupt_regime_shift:seed96100002:epoch80,80,20,discovery,96200002,u_0.70,0.7,50136386.65491931,0.5670103092783505,28.0,0.026490066225165563,442b4f02bba381e49ce141b1f3250753918977d962b947e0d7d0b36030caec62
routing_abrupt_regime_shift,routing_abrupt_regime_shift:seed96100002:epoch80,80,20,discovery,96200002,u_0.80,0.8,51861843.05398562,0.5670103092783505,27.0,0.024096385542168676,442b4f02bba381e49ce141b1f3250753918977d962b947e0d7d0b36030caec62
routing_abrupt_regime_shift,routing_abrupt_regime_shift:seed96100002:epoch80,80,20,discovery,96200002,u_0.90,0.9,54716953.28470604,0.5670103092783505,27.0,0.022598870056497175,442b4f02bba381e49ce141b1f3250753918977d962b947e0d7d0b36030caec62
routing_abrupt_regime_shift,routing_abrupt_regime_shift:seed96100002:epoch80,80,20,discovery,96200002,u_1.00,1.0,55662221.070279524,0.5670103092783505,23.0,0.020942408376963352,442b4f02bba381e49ce141b1f3250753918977d962b947e0d7d0b36030caec62
routing_abrupt_regime_shift,routing_abrupt_regime_shift:seed96100002:epoch80,80,20,validation,96300000,anchor,-1.0,49609216.84421343,0.5670103092783505,39.0,0.05970149253731343,442b4f02bba381e49ce141b1f3250753918977d962b947e0d7d0b36030caec62
routing_abrupt_regime_shift,routing_abrupt_regime_shift:seed96100002:epoch80,80,20,validation,96300000,u_0.00,0.0,49609216.84421343,0.5670103092783505,39.0,0.05970149253731343,442b4f02bba381e49ce141b1f3250753918977d962b947e0d7d0b36030caec62
routing_abrupt_regime_shift,routing_abrupt_regime_shift:seed96100002:epoch80,80,20,validation,96300000,u_0.10,0.1,49786755.87141014,0.5670103092783505,39.0,0.05263157894736842,442b4f02bba381e49ce141b1f3250753918977d962b947e0d7d0b36030caec62
routing_abrupt_regime_shift,routing_abrupt_regime_shift:seed96100002:epoch80,80,20,validation,96300000,u_0.20,0.2,48911255.95633139,0.5670103092783505,37.0,0.04597701149425287,442b4f02bba381e49ce141b1f3250753918977d962b947e0d7d0b36030caec62
routing_abrupt_regime_shift,routing_abrupt_regime_shift:seed96100002:epoch80,80,20,validation,96300000,u_0.30,0.3,47618432.32966298,0.5670103092783505,34.0,0.0392156862745098,442b4f02bba381e49ce141b1f3250753918977d962b947e0d7d0b36030caec62
routing_abrupt_regime_shift,routing_abrupt_regime_shift:seed96100002:epoch80,80,20,validation,96300000,u_0.40,0.4,47879282.04488973,0.5670103092783505,33.0,0.034482758620689655,442b4f02bba381e49ce141b1f3250753918977d962b947e0d7d0b36030caec62
routing_abrupt_regime_shift,routing_abrupt_regime_shift:seed96100002:epoch80,80,20,validation,96300000,u_0.50,0.5,48418578.17027952,0.5670103092783505,32.0,0.030534351145038167,442b4f02bba381e49ce141b1f3250753918977d962b947e0d7d0b36030caec62
routing_abrupt_regime_shift,routing_abrupt_regime_shift:seed96100002:epoch80,80,20,validation,96300000,u_0.60,0.6,49037848.80695605,0.5670103092783505,30.0,0.028169014084507043,442b4f02bba381e49ce141b1f3250753918977d962b947e0d7d0b36030caec62
routing_abrupt_regime_shift,routing_abrupt_regime_shift:seed96100002:epoch80,80,20,validation,96300000,u_0.70,0.7,50136386.65491931,0.5670103092783505,28.0,0.026490066225165563,442b4f02bba381e49ce141b1f3250753918977d962b947e0d7d0b36030caec62
routing_abrupt_regime_shift,routing_abrupt_regime_shift:seed96100002:epoch80,80,20,validation,96300000,u_0.80,0.8,51861843.05398562,0.5670103092783505,27.0,0.024096385542168676,442b4f02bba381e49ce141b1f3250753918977d962b947e0d7d0b36030caec62
routing_abrupt_regime_shift,routing_abrupt_regime_shift:seed96100002:epoch80,80,20,validation,96300000,u_0.90,0.9,54716953.28470604,0.5670103092783505,27.0,0.022598870056497175,442b4f02bba381e49ce141b1f3250753918977d962b947e0d7d0b36030caec62
routing_abrupt_regime_shift,routing_abrupt_regime_shift:seed96100002:epoch80,80,20,validation,96300000,u_1.00,1.0,55662221.070279524,0.5670103092783505,23.0,0.020942408376963352,442b4f02bba381e49ce141b1f3250753918977d962b947e0d7d0b36030caec62
routing_abrupt_regime_shift,routing_abrupt_regime_shift:seed96100002:epoch80,80,20,validation,96300001,anchor,-1.0,49609216.84421343,0.5670103092783505,39.0,0.05970149253731343,442b4f02bba381e49ce141b1f3250753918977d962b947e0d7d0b36030caec62
routing_abrupt_regime_shift,routing_abrupt_regime_shift:seed96100002:epoch80,80,20,validation,96300001,u_0.00,0.0,49609216.84421343,0.5670103092783505,39.0,0.05970149253731343,442b4f02bba381e49ce141b1f3250753918977d962b947e0d7d0b36030caec62
routing_abrupt_regime_shift,routing_abrupt_regime_shift:seed96100002:epoch80,80,20,validation,96300001,u_0.10,0.1,49786755.87141014,0.5670103092783505,39.0,0.05263157894736842,442b4f02bba381e49ce141b1f3250753918977d962b947e0d7d0b36030caec62
routing_abrupt_regime_shift,routing_abrupt_regime_shift:seed96100002:epoch80,80,20,validation,96300001,u_0.20,0.2,48911255.95633139,0.5670103092783505,37.0,0.04597701149425287,442b4f02bba381e49ce141b1f3250753918977d962b947e0d7d0b36030caec62
routing_abrupt_regime_shift,routing_abrupt_regime_shift:seed96100002:epoch80,80,20,validation,96300001,u_0.30,0.3,47618432.32966298,0.5670103092783505,34.0,0.0392156862745098,442b4f02bba381e49ce141b1f3250753918977d962b947e0d7d0b36030caec62
routing_abrupt_regime_shift,routing_abrupt_regime_shift:seed96100002:epoch80,80,20,validation,96300001,u_0.40,0.4,47879282.04488973,0.5670103092783505,33.0,0.034482758620689655,442b4f02bba381e49ce141b1f3250753918977d962b947e0d7d0b36030caec62
routing_abrupt_regime_shift,routing_abrupt_regime_shift:seed96100002:epoch80,80,20,validation,96300001,u_0.50,0.5,48418578.17027952,0.5670103092783505,32.0,0.030534351145038167,442b4f02bba381e49ce141b1f3250753918977d962b947e0d7d0b36030caec62
routing_abrupt_regime_shift,routing_abrupt_regime_shift:seed96100002:epoch80,80,20,validation,96300001,u_0.60,0.6,49037848.80695605,0.5670103092783505,30.0,0.028169014084507043,442b4f02bba381e49ce141b1f3250753918977d962b947e0d7d0b36030caec62
routing_abrupt_regime_shift,routing_abrupt_regime_shift:seed96100002:epoch80,80,20,validation,96300001,u_0.70,0.7,50136386.65491931,0.5670103092783505,28.0,0.026490066225165563,442b4f02bba381e49ce141b1f3250753918977d962b947e0d7d0b36030caec62
routing_abrupt_regime_shift,routing_abrupt_regime_shift:seed96100002:epoch80,80,20,validation,96300001,u_0.80,0.8,51861843.05398562,0.5670103092783505,27.0,0.024096385542168676,442b4f02bba381e49ce141b1f3250753918977d962b947e0d7d0b36030caec62
routing_abrupt_regime_shift,routing_abrupt_regime_shift:seed96100002:epoch80,80,20,validation,96300001,u_0.90,0.9,54716953.28470604,0.5670103092783505,27.0,0.022598870056497175,442b4f02bba381e49ce141b1f3250753918977d962b947e0d7d0b36030caec62
routing_abrupt_regime_shift,routing_abrupt_regime_shift:seed96100002:epoch80,80,20,validation,96300001,u_1.00,1.0,55662221.070279524,0.5670103092783505,23.0,0.020942408376963352,442b4f02bba381e49ce141b1f3250753918977d962b947e0d7d0b36030caec62
routing_abrupt_regime_shift,routing_abrupt_regime_shift:seed96100002:epoch80,80,20,validation,96300002,anchor,-1.0,49609216.84421343,0.5670103092783505,39.0,0.05970149253731343,442b4f02bba381e49ce141b1f3250753918977d962b947e0d7d0b36030caec62
routing_abrupt_regime_shift,routing_abrupt_regime_shift:seed96100002:epoch80,80,20,validation,96300002,u_0.00,0.0,49609216.84421343,0.5670103092783505,39.0,0.05970149253731343,442b4f02bba381e49ce141b1f3250753918977d962b947e0d7d0b36030caec62
routing_abrupt_regime_shift,routing_abrupt_regime_shift:seed96100002:epoch80,80,20,validation,96300002,u_0.10,0.1,49786755.87141014,0.5670103092783505,39.0,0.05263157894736842,442b4f02bba381e49ce141b1f3250753918977d962b947e0d7d0b36030caec62
routing_abrupt_regime_shift,routing_abrupt_regime_shift:seed96100002:epoch80,80,20,validation,96300002,u_0.20,0.2,48911255.95633139,0.5670103092783505,37.0,0.04597701149425287,442b4f02bba381e49ce141b1f3250753918977d962b947e0d7d0b36030caec62
routing_abrupt_regime_shift,routing_abrupt_regime_shift:seed96100002:epoch80,80,20,validation,96300002,u_0.30,0.3,47618432.32966298,0.5670103092783505,34.0,0.0392156862745098,442b4f02bba381e49ce141b1f3250753918977d962b947e0d7d0b36030caec62
routing_abrupt_regime_shift,routing_abrupt_regime_shift:seed96100002:epoch80,80,20,validation,96300002,u_0.40,0.4,47879282.04488973,0.5670103092783505,33.0,0.034482758620689655,442b4f02bba381e49ce141b1f3250753918977d962b947e0d7d0b36030caec62
routing_abrupt_regime_shift,routing_abrupt_regime_shift:seed96100002:epoch80,80,20,validation,96300002,u_0.50,0.5,48418578.17027952,0.5670103092783505,32.0,0.030534351145038167,442b4f02bba381e49ce141b1f3250753918977d962b947e0d7d0b36030caec62
routing_abrupt_regime_shift,routing_abrupt_regime_shift:seed96100002:epoch80,80,20,validation,96300002,u_0.60,0.6,49037848.80695605,0.5670103092783505,30.0,0.028169014084507043,442b4f02bba381e49ce141b1f3250753918977d962b947e0d7d0b36030caec62
routing_abrupt_regime_shift,routing_abrupt_regime_shift:seed96100002:epoch80,80,20,validation,96300002,u_0.70,0.7,50136386.65491931,0.5670103092783505,28.0,0.026490066225165563,442b4f02bba381e49ce141b1f3250753918977d962b947e0d7d0b36030caec62
routing_abrupt_regime_shift,routing_abrupt_regime_shift:seed96100002:epoch80,80,20,validation,96300002,u_0.80,0.8,51861843.05398562,0.5670103092783505,27.0,0.024096385542168676,442b4f02bba381e49ce141b1f3250753918977d962b947e0d7d0b36030caec62
routing_abrupt_regime_shift,routing_abrupt_regime_shift:seed96100002:epoch80,80,20,validation,96300002,u_0.90,0.9,54716953.28470604,0.5670103092783505,27.0,0.022598870056497175,442b4f02bba381e49ce141b1f3250753918977d962b947e0d7d0b36030caec62
routing_abrupt_regime_shift,routing_abrupt_regime_shift:seed96100002:epoch80,80,20,validation,96300002,u_1.00,1.0,55662221.070279524,0.5670103092783505,23.0,0.020942408376963352,442b4f02bba381e49ce141b1f3250753918977d962b947e0d7d0b36030caec62
routing_abrupt_regime_shift,routing_abrupt_regime_shift:seed96100002:epoch80,80,20,validation,96300003,anchor,-1.0,49609216.84421343,0.5670103092783505,39.0,0.05970149253731343,442b4f02bba381e49ce141b1f3250753918977d962b947e0d7d0b36030caec62
routing_abrupt_regime_shift,routing_abrupt_regime_shift:seed96100002:epoch80,80,20,validation,96300003,u_0.00,0.0,49609216.84421343,0.5670103092783505,39.0,0.05970149253731343,442b4f02bba381e49ce141b1f3250753918977d962b947e0d7d0b36030caec62
routing_abrupt_regime_shift,routing_abrupt_regime_shift:seed96100002:epoch80,80,20,validation,96300003,u_0.10,0.1,49786755.87141014,0.5670103092783505,39.0,0.05263157894736842,442b4f02bba381e49ce141b1f3250753918977d962b947e0d7d0b36030caec62
routing_abrupt_regime_shift,routing_abrupt_regime_shift:seed96100002:epoch80,80,20,validation,96300003,u_0.20,0.2,48911255.95633139,0.5670103092783505,37.0,0.04597701149425287,442b4f02bba381e49ce141b1f3250753918977d962b947e0d7d0b36030caec62
routing_abrupt_regime_shift,routing_abrupt_regime_shift:seed96100002:epoch80,80,20,validation,96300003,u_0.30,0.3,47618432.32966298,0.5670103092783505,34.0,0.0392156862745098,442b4f02bba381e49ce141b1f3250753918977d962b947e0d7d0b36030caec62
routing_abrupt_regime_shift,routing_abrupt_regime_shift:seed96100002:epoch80,80,20,validation,96300003,u_0.40,0.4,47879282.04488973,0.5670103092783505,33.0,0.034482758620689655,442b4f02bba381e49ce141b1f3250753918977d962b947e0d7d0b36030caec62
routing_abrupt_regime_shift,routing_abrupt_regime_shift:seed96100002:epoch80,80,20,validation,96300003,u_0.50,0.5,48418578.17027952,0.5670103092783505,32.0,0.030534351145038167,442b4f02bba381e49ce141b1f3250753918977d962b947e0d7d0b36030caec62
routing_abrupt_regime_shift,routing_abrupt_regime_shift:seed96100002:epoch80,80,20,validation,96300003,u_0.60,0.6,49037848.80695605,0.5670103092783505,30.0,0.028169014084507043,442b4f02bba381e49ce141b1f3250753918977d962b947e0d7d0b36030caec62
routing_abrupt_regime_shift,routing_abrupt_regime_shift:seed96100002:epoch80,80,20,validation,96300003,u_0.70,0.7,50136386.65491931,0.5670103092783505,28.0,0.026490066225165563,442b4f02bba381e49ce141b1f3250753918977d962b947e0d7d0b36030caec62
routing_abrupt_regime_shift,routing_abrupt_regime_shift:seed96100002:epoch80,80,20,validation,96300003,u_0.80,0.8,51861843.05398562,0.5670103092783505,27.0,0.024096385542168676,442b4f02bba381e49ce141b1f3250753918977d962b947e0d7d0b36030caec62
routing_abrupt_regime_shift,routing_abrupt_regime_shift:seed96100002:epoch80,80,20,validation,96300003,u_0.90,0.9,54716953.28470604,0.5670103092783505,27.0,0.022598870056497175,442b4f02bba381e49ce141b1f3250753918977d962b947e0d7d0b36030caec62
routing_abrupt_regime_shift,routing_abrupt_regime_shift:seed96100002:epoch80,80,20,validation,96300003,u_1.00,1.0,55662221.070279524,0.5670103092783505,23.0,0.020942408376963352,442b4f02bba381e49ce141b1f3250753918977d962b947e0d7d0b36030caec62
routing_abrupt_regime_shift,routing_abrupt_regime_shift:seed96100002:epoch80,80,20,validation,96300004,anchor,-1.0,49609216.84421343,0.5670103092783505,39.0,0.05970149253731343,442b4f02bba381e49ce141b1f3250753918977d962b947e0d7d0b36030caec62
routing_abrupt_regime_shift,routing_abrupt_regime_shift:seed96100002:epoch80,80,20,validation,96300004,u_0.00,0.0,49609216.84421343,0.5670103092783505,39.0,0.05970149253731343,442b4f02bba381e49ce141b1f3250753918977d962b947e0d7d0b36030caec62
routing_abrupt_regime_shift,routing_abrupt_regime_shift:seed96100002:epoch80,80,20,validation,96300004,u_0.10,0.1,49786755.87141014,0.5670103092783505,39.0,0.05263157894736842,442b4f02bba381e49ce141b1f3250753918977d962b947e0d7d0b36030caec62
routing_abrupt_regime_shift,routing_abrupt_regime_shift:seed96100002:epoch80,80,20,validation,96300004,u_0.20,0.2,48911255.95633139,0.5670103092783505,37.0,0.04597701149425287,442b4f02bba381e49ce141b1f3250753918977d962b947e0d7d0b36030caec62
routing_abrupt_regime_shift,routing_abrupt_regime_shift:seed96100002:epoch80,80,20,validation,96300004,u_0.30,0.3,47618432.32966298,0.5670103092783505,34.0,0.0392156862745098,442b4f02bba381e49ce141b1f3250753918977d962b947e0d7d0b36030caec62
routing_abrupt_regime_shift,routing_abrupt_regime_shift:seed96100002:epoch80,80,20,validation,96300004,u_0.40,0.4,47879282.04488973,0.5670103092783505,33.0,0.034482758620689655,442b4f02bba381e49ce141b1f3250753918977d962b947e0d7d0b36030caec62
routing_abrupt_regime_shift,routing_abrupt_regime_shift:seed96100002:epoch80,80,20,validation,96300004,u_0.50,0.5,48418578.17027952,0.5670103092783505,32.0,0.030534351145038167,442b4f02bba381e49ce141b1f3250753918977d962b947e0d7d0b36030caec62
routing_abrupt_regime_shift,routing_abrupt_regime_shift:seed96100002:epoch80,80,20,validation,96300004,u_0.60,0.6,49037848.80695605,0.5670103092783505,30.0,0.028169014084507043,442b4f02bba381e49ce141b1f3250753918977d962b947e0d7d0b36030caec62
routing_abrupt_regime_shift,routing_abrupt_regime_shift:seed96100002:epoch80,80,20,validation,96300004,u_0.70,0.7,50136386.65491931,0.5670103092783505,28.0,0.026490066225165563,442b4f02bba381e49ce141b1f3250753918977d962b947e0d7d0b36030caec62
routing_abrupt_regime_shift,routing_abrupt_regime_shift:seed96100002:epoch80,80,20,validation,96300004,u_0.80,0.8,51861843.05398562,0.5670103092783505,27.0,0.024096385542168676,442b4f02bba381e49ce141b1f3250753918977d962b947e0d7d0b36030caec62
routing_abrupt_regime_shift,routing_abrupt_regime_shift:seed96100002:epoch80,80,20,validation,96300004,u_0.90,0.9,54716953.28470604,0.5670103092783505,27.0,0.022598870056497175,442b4f02bba381e49ce141b1f3250753918977d962b947e0d7d0b36030caec62
routing_abrupt_regime_shift,routing_abrupt_regime_shift:seed96100002:epoch80,80,20,validation,96300004,u_1.00,1.0,55662221.070279524,0.5670103092783505,23.0,0.020942408376963352,442b4f02bba381e49ce141b1f3250753918977d962b947e0d7d0b36030caec62
routing_compound_regional_stress,routing_compound_regional_stress:seed96100000:epoch30,30,18,discovery,96200000,anchor,-1.0,2146788035.3212578,0.3479929161747344,2102.0,0.1572787125091441,76e93fce97e67d1fdab3ec1bb06097dc544e906f7ab895f33802c2e42f31ff54
routing_compound_regional_stress,routing_compound_regional_stress:seed96100000:epoch30,30,18,discovery,96200000,u_0.00,0.0,2146788035.3212578,0.3479929161747344,2102.0,0.1572787125091441,76e93fce97e67d1fdab3ec1bb06097dc544e906f7ab895f33802c2e42f31ff54
routing_compound_regional_stress,routing_compound_regional_stress:seed96100000:epoch30,30,18,discovery,96200000,u_0.10,0.1,2145777721.714521,0.3500590318772137,2101.0,0.15631848064280496,76e93fce97e67d1fdab3ec1bb06097dc544e906f7ab895f33802c2e42f31ff54
routing_compound_regional_stress,routing_compound_regional_stress:seed96100000:epoch30,30,18,discovery,96200000,u_0.20,0.2,2138618109.5255053,0.35330578512396693,2092.0,0.15434782608695652,76e93fce97e67d1fdab3ec1bb06097dc544e906f7ab895f33802c2e42f31ff54
routing_compound_regional_stress,routing_compound_regional_stress:seed96100000:epoch30,30,18,discovery,96200000,u_0.30,0.3,2135723562.9106812,0.3530106257378985,2088.0,0.1552346570397112,76e93fce97e67d1fdab3ec1bb06097dc544e906f7ab895f33802c2e42f31ff54
routing_compound_regional_stress,routing_compound_regional_stress:seed96100000:epoch30,30,18,discovery,96200000,u_0.40,0.4,2141121742.5667462,0.35330578512396693,2087.0,0.16031631919482386,76e93fce97e67d1fdab3ec1bb06097dc544e906f7ab895f33802c2e42f31ff54
routing_compound_regional_stress,routing_compound_regional_stress:seed96100000:epoch30,30,18,discovery,96200000,u_0.50,0.5,2134641535.6883903,0.35832349468713104,2075.0,0.15642857142857142,76e93fce97e67d1fdab3ec1bb06097dc544e906f7ab895f33802c2e42f31ff54
routing_compound_regional_stress,routing_compound_regional_stress:seed96100000:epoch30,30,18,discovery,96200000,u_0.60,0.6,2134246108.5124779,0.35861865407319954,2073.0,0.15707178393745558,76e93fce97e67d1fdab3ec1bb06097dc544e906f7ab895f33802c2e42f31ff54
routing_compound_regional_stress,routing_compound_regional_stress:seed96100000:epoch30,30,18,discovery,96200000,u_0.70,0.7,2138886230.4055016,0.3577331759149941,2076.0,0.15920398009950248,76e93fce97e67d1fdab3ec1bb06097dc544e906f7ab895f33802c2e42f31ff54
routing_compound_regional_stress,routing_compound_regional_stress:seed96100000:epoch30,30,18,discovery,96200000,u_0.80,0.8,2132502857.3349164,0.36216056670602126,2065.0,0.15726375176304655,76e93fce97e67d1fdab3ec1bb06097dc544e906f7ab895f33802c2e42f31ff54
routing_compound_regional_stress,routing_compound_regional_stress:seed96100000:epoch30,30,18,discovery,96200000,u_0.90,0.9,2130416462.6873722,0.36216056670602126,2065.0,0.15737473535638674,76e93fce97e67d1fdab3ec1bb06097dc544e906f7ab895f33802c2e42f31ff54
routing_compound_regional_stress,routing_compound_regional_stress:seed96100000:epoch30,30,18,discovery,96200000,u_1.00,1.0,2127920505.8331056,0.3645218417945691,2058.0,0.15530569219957835,76e93fce97e67d1fdab3ec1bb06097dc544e906f7ab895f33802c2e42f31ff54
routing_compound_regional_stress,routing_compound_regional_stress:seed96100000:epoch30,30,18,discovery,96200001,anchor,-1.0,2121162693.4668787,0.33622494765180977,2081.0,0.18215339233038347,76e93fce97e67d1fdab3ec1bb06097dc544e906f7ab895f33802c2e42f31ff54
routing_compound_regional_stress,routing_compound_regional_stress:seed96100000:epoch30,30,18,discovery,96200001,u_0.00,0.0,2121162693.4668787,0.33622494765180977,2081.0,0.18215339233038347,76e93fce97e67d1fdab3ec1bb06097dc544e906f7ab895f33802c2e42f31ff54
routing_compound_regional_stress,routing_compound_regional_stress:seed96100000:epoch30,30,18,discovery,96200001,u_0.10,0.1,2118851068.268147,0.33772061023033206,2078.0,0.18188512518409425,76e93fce97e67d1fdab3ec1bb06097dc544e906f7ab895f33802c2e42f31ff54
routing_compound_regional_stress,routing_compound_regional_stress:seed96100000:epoch30,30,18,discovery,96200001,u_0.20,0.2,2116574892.1876366,0.3386180077774454,2075.0,0.18255131964809385,76e93fce97e67d1fdab3ec1bb06097dc544e906f7ab895f33802c2e42f31ff54
routing_compound_regional_stress,routing_compound_regional_stress:seed96100000:epoch30,30,18,discovery,96200001,u_0.30,0.3,2107555490.5634775,0.34310499551301227,2062.0,0.1804949053857351,76e93fce97e67d1fdab3ec1bb06097dc544e906f7ab895f33802c2e42f31ff54
routing_compound_regional_stress,routing_compound_regional_stress:seed96100000:epoch30,30,18,discovery,96200001,u_0.40,0.4,2105243148.4778042,0.34460065809153456,2058.0,0.17758369723435224,76e93fce97e67d1fdab3ec1bb06097dc544e906f7ab895f33802c2e42f31ff54
routing_compound_regional_stress,routing_compound_regional_stress:seed96100000:epoch30,30,18,discovery,96200001,u_0.50,0.5,2098328409.0660262,0.34789111576428355,2045.0,0.1726878612716763,76e93fce97e67d1fdab3ec1bb06097dc544e906f7ab895f33802c2e42f31ff54
routing_compound_regional_stress,routing_compound_regional_stress:seed96100000:epoch30,30,18,discovery,96200001,u_0.60,0.6,2096130324.0801914,0.3496859108585103,2040.0,0.17253774263120059,76e93fce97e67d1fdab3ec1bb06097dc544e906f7ab895f33802c2e42f31ff54
routing_compound_regional_stress,routing_compound_regional_stress:seed96100000:epoch30,30,18,discovery,96200001,u_0.70,0.7,2099431351.7970665,0.3490876458271014,2043.0,0.17087238644556596,76e93fce97e67d1fdab3ec1bb06097dc544e906f7ab895f33802c2e42f31ff54
routing_compound_regional_stress,routing_compound_regional_stress:seed96100000:epoch30,30,18,discovery,96200001,u_0.80,0.8,2090256962.242335,0.3535746335626683,2026.0,0.1670235546038544,76e93fce97e67d1fdab3ec1bb06097dc544e906f7ab895f33802c2e42f31ff54
routing_compound_regional_stress,routing_compound_regional_stress:seed96100000:epoch30,30,18,discovery,96200001,u_0.90,0.9,2081685530.627611,0.35686509123541726,2012.0,0.16108339272986458,76e93fce97e67d1fdab3ec1bb06097dc544e906f7ab895f33802c2e42f31ff54
routing_compound_regional_stress,routing_compound_regional_stress:seed96100000:epoch30,30,18,discovery,96200001,u_1.00,1.0,2091097796.6508474,0.3556685611725995,2018.0,0.1678520625889047,76e93fce97e67d1fdab3ec1bb06097dc544e906f7ab895f33802c2e42f31ff54
routing_compound_regional_stress,routing_compound_regional_stress:seed96100000:epoch30,30,18,discovery,96200002,anchor,-1.0,2241660688.6862135,0.34190077704722055,2257.0,0.18526622902990517,76e93fce97e67d1fdab3ec1bb06097dc544e906f7ab895f33802c2e42f31ff54
routing_compound_regional_stress,routing_compound_regional_stress:seed96100000:epoch30,30,18,discovery,96200002,u_0.00,0.0,2241660688.6862135,0.34190077704722055,2257.0,0.18526622902990517,76e93fce97e67d1fdab3ec1bb06097dc544e906f7ab895f33802c2e42f31ff54
routing_compound_regional_stress,routing_compound_regional_stress:seed96100000:epoch30,30,18,discovery,96200002,u_0.10,0.1,2238815349.6907473,0.34309623430962344,2255.0,0.18709209572153734,76e93fce97e67d1fdab3ec1bb06097dc544e906f7ab895f33802c2e42f31ff54
routing_compound_regional_stress,routing_compound_regional_stress:seed96100000:epoch30,30,18,discovery,96200002,u_0.20,0.2,2237386086.5026903,0.3442916915720263,2254.0,0.18491660623640319,76e93fce97e67d1fdab3ec1bb06097dc544e906f7ab895f33802c2e42f31ff54
routing_compound_regional_stress,routing_compound_regional_stress:seed96100000:epoch30,30,18,discovery,96200002,u_0.30,0.3,2225617509.210801,0.3496712492528392,2237.0,0.17926565874730022,76e93fce97e67d1fdab3ec1bb06097dc544e906f7ab895f33802c2e42f31ff54
routing_compound_regional_stress,routing_compound_regional_stress:seed96100000:epoch30,30,18,discovery,96200002,u_0.40,0.4,2228685537.006089,0.34907352062163777,2230.0,0.1797432239657632,76e93fce97e67d1fdab3ec1bb06097dc544e906f7ab895f33802c2e42f31ff54
routing_compound_regional_stress,routing_compound_regional_stress:seed96100000:epoch30,30,18,discovery,96200002,u_0.50,0.5,2219716591.713128,0.3544530783024507,2213.0,0.17292700212615167,76e93fce97e67d1fdab3ec1bb06097dc544e906f7ab895f33802c2e42f31ff54
routing_compound_regional_stress,routing_compound_regional_stress:seed96100000:epoch30,30,18,discovery,96200002,u_0.60,0.6,2217678823.2444773,0.35564853556485354,2210.0,0.1717314487632509,76e93fce97e67d1fdab3ec1bb06097dc544e906f7ab895f33802c2e42f31ff54
routing_compound_regional_stress,routing_compound_regional_stress:seed96100000:epoch30,30,18,discovery,96200002,u_0.70,0.7,2219602862.9498615,0.35594739988045426,2209.0,0.17055909412597312,76e93fce97e67d1fdab3ec1bb06097dc544e906f7ab895f33802c2e42f31ff54
routing_compound_regional_stress,routing_compound_regional_stress:seed96100000:epoch30,30,18,discovery,96200002,u_0.80,0.8,2214996212.257363,0.35953377166766287,2202.0,0.17066290550070523,76e93fce97e67d1fdab3ec1bb06097dc544e906f7ab895f33802c2e42f31ff54
routing_compound_regional_stress,routing_compound_regional_stress:seed96100000:epoch30,30,18,discovery,96200002,u_0.90,0.9,2213444883.3353453,0.35923490735206215,2198.0,0.17100633356790992,76e93fce97e67d1fdab3ec1bb06097dc544e906f7ab895f33802c2e42f31ff54
routing_compound_regional_stress,routing_compound_regional_stress:seed96100000:epoch30,30,18,discovery,96200002,u_1.00,1.0,2209996181.730374,0.36282127913927076,2189.0,0.16830294530154277,76e93fce97e67d1fdab3ec1bb06097dc544e906f7ab895f33802c2e42f31ff54
routing_compound_regional_stress,routing_compound_regional_stress:seed96100000:epoch30,30,18,validation,96300000,anchor,-1.0,2588900357.1597776,0.2914285714285714,2431.0,0.19692532942898974,76e93fce97e67d1fdab3ec1bb06097dc544e906f7ab895f33802c2e42f31ff54
routing_compound_regional_stress,routing_compound_regional_stress:seed96100000:epoch30,30,18,validation,96300000,u_0.00,0.0,2588900357.1597776,0.2914285714285714,2431.0,0.19692532942898974,76e93fce97e67d1fdab3ec1bb06097dc544e906f7ab895f33802c2e42f31ff54
routing_compound_regional_stress,routing_compound_regional_stress:seed96100000:epoch30,30,18,validation,96300000,u_0.10,0.1,2586340368.112603,0.29194805194805196,2429.0,0.19854014598540146,76e93fce97e67d1fdab3ec1bb06097dc544e906f7ab895f33802c2e42f31ff54
routing_compound_regional_stress,routing_compound_regional_stress:seed96100000:epoch30,30,18,validation,96300000,u_0.20,0.2,2581319225.158938,0.29428571428571426,2422.0,0.19767441860465115,76e93fce97e67d1fdab3ec1bb06097dc544e906f7ab895f33802c2e42f31ff54
routing_compound_regional_stress,routing_compound_regional_stress:seed96100000:epoch30,30,18,validation,96300000,u_0.30,0.3,2574641173.10644,0.2963636363636364,2409.0,0.19755747126436782,76e93fce97e67d1fdab3ec1bb06097dc544e906f7ab895f33802c2e42f31ff54
routing_compound_regional_stress,routing_compound_regional_stress:seed96100000:epoch30,30,18,validation,96300000,u_0.40,0.4,2578720020.8889728,0.294025974025974,2416.0,0.2024407753050969,76e93fce97e67d1fdab3ec1bb06097dc544e906f7ab895f33802c2e42f31ff54
routing_compound_regional_stress,routing_compound_regional_stress:seed96100000:epoch30,30,18,validation,96300000,u_0.50,0.5,2571658971.297308,0.29844155844155845,2403.0,0.19672131147540983,76e93fce97e67d1fdab3ec1bb06097dc544e906f7ab895f33802c2e42f31ff54
routing_compound_regional_stress,routing_compound_regional_stress:seed96100000:epoch30,30,18,validation,96300000,u_0.60,0.6,2572264575.227722,0.298961038961039,2402.0,0.19572953736654805,76e93fce97e67d1fdab3ec1bb06097dc544e906f7ab895f33802c2e42f31ff54
routing_compound_regional_stress,routing_compound_regional_stress:seed96100000:epoch30,30,18,validation,96300000,u_0.70,0.7,2573701361.938071,0.2992207792207792,2401.0,0.19600855310049894,76e93fce97e67d1fdab3ec1bb06097dc544e906f7ab895f33802c2e42f31ff54
routing_compound_regional_stress,routing_compound_regional_stress:seed96100000:epoch30,30,18,validation,96300000,u_0.80,0.8,2564876517.6241455,0.30233766233766235,2386.0,0.19306930693069307,76e93fce97e67d1fdab3ec1bb06097dc544e906f7ab895f33802c2e42f31ff54
routing_compound_regional_stress,routing_compound_regional_stress:seed96100000:epoch30,30,18,validation,96300000,u_0.90,0.9,2561493312.2131877,0.3038961038961039,2381.0,0.19124911785462245,76e93fce97e67d1fdab3ec1bb06097dc544e906f7ab895f33802c2e42f31ff54
routing_compound_regional_stress,routing_compound_regional_stress:seed96100000:epoch30,30,18,validation,96300000,u_1.00,1.0,2558592561.476104,0.30623376623376625,2372.0,0.19187675070028012,76e93fce97e67d1fdab3ec1bb06097dc544e906f7ab895f33802c2e42f31ff54
routing_compound_regional_stress,routing_compound_regional_stress:seed96100000:epoch30,30,18,validation,96300001,anchor,-1.0,1898107553.3914065,0.37829158638407195,1884.0,0.1595047341587764,76e93fce97e67d1fdab3ec1bb06097dc544e906f7ab895f33802c2e42f31ff54
routing_compound_regional_stress,routing_compound_regional_stress:seed96100000:epoch30,30,18,validation,96300001,u_0.00,0.0,1898107553.3914065,0.37829158638407195,1884.0,0.1595047341587764,76e93fce97e67d1fdab3ec1bb06097dc544e906f7ab895f33802c2e42f31ff54
routing_compound_regional_stress,routing_compound_regional_stress:seed96100000:epoch30,30,18,validation,96300001,u_0.10,0.1,1899742587.4592721,0.3789338471419396,1888.0,0.16389891696750902,76e93fce97e67d1fdab3ec1bb06097dc544e906f7ab895f33802c2e42f31ff54
routing_compound_regional_stress,routing_compound_regional_stress:seed96100000:epoch30,30,18,validation,96300001,u_0.20,0.2,1887147059.4978352,0.38439306358381503,1869.0,0.15865039483129936,76e93fce97e67d1fdab3ec1bb06097dc544e906f7ab895f33802c2e42f31ff54
routing_compound_regional_stress,routing_compound_regional_stress:seed96100000:epoch30,30,18,validation,96300001,u_0.30,0.3,1880365983.6724198,0.3876043673731535,1860.0,0.15669515669515668,76e93fce97e67d1fdab3ec1bb06097dc544e906f7ab895f33802c2e42f31ff54
routing_compound_regional_stress,routing_compound_regional_stress:seed96100000:epoch30,30,18,validation,96300001,u_0.40,0.4,1876018236.4688895,0.3888888888888889,1856.0,0.15313390313390313,76e93fce97e67d1fdab3ec1bb06097dc544e906f7ab895f33802c2e42f31ff54
routing_compound_regional_stress,routing_compound_regional_stress:seed96100000:epoch30,30,18,validation,96300001,u_0.50,0.5,1876027614.2494926,0.390815671162492,1854.0,0.15439093484419264,76e93fce97e67d1fdab3ec1bb06097dc544e906f7ab895f33802c2e42f31ff54
routing_compound_regional_stress,routing_compound_regional_stress:seed96100000:epoch30,30,18,validation,96300001,u_0.60,0.6,1874193604.4877105,0.39274245343609504,1847.0,0.15417256011315417,76e93fce97e67d1fdab3ec1bb06097dc544e906f7ab895f33802c2e42f31ff54
routing_compound_regional_stress,routing_compound_regional_stress:seed96100000:epoch30,30,18,validation,96300001,u_0.70,0.7,1876273658.131203,0.3930635838150289,1846.0,0.15254237288135594,76e93fce97e67d1fdab3ec1bb06097dc544e906f7ab895f33802c2e42f31ff54
routing_compound_regional_stress,routing_compound_regional_stress:seed96100000:epoch30,30,18,validation,96300001,u_0.80,0.8,1875567760.456297,0.3940269749518304,1842.0,0.15368421052631578,76e93fce97e67d1fdab3ec1bb06097dc544e906f7ab895f33802c2e42f31ff54
routing_compound_regional_stress,routing_compound_regional_stress:seed96100000:epoch30,30,18,validation,96300001,u_0.90,0.9,1872823206.0070033,0.39627488760436735,1837.0,0.15266106442577032,76e93fce97e67d1fdab3ec1bb06097dc544e906f7ab895f33802c2e42f31ff54
routing_compound_regional_stress,routing_compound_regional_stress:seed96100000:epoch30,30,18,validation,96300001,u_1.00,1.0,1873548519.3041291,0.3972382787411689,1834.0,0.1504548635409377,76e93fce97e67d1fdab3ec1bb06097dc544e906f7ab895f33802c2e42f31ff54
routing_compound_regional_stress,routing_compound_regional_stress:seed96100000:epoch30,30,18,validation,96300002,anchor,-1.0,1672076461.7561436,0.41774891774891776,1682.0,0.14285714285714285,76e93fce97e67d1fdab3ec1bb06097dc544e906f7ab895f33802c2e42f31ff54
routing_compound_regional_stress,routing_compound_regional_stress:seed96100000:epoch30,30,18,validation,96300002,u_0.00,0.0,1672076461.7561436,0.41774891774891776,1682.0,0.14285714285714285,76e93fce97e67d1fdab3ec1bb06097dc544e906f7ab895f33802c2e42f31ff54
routing_compound_regional_stress,routing_compound_regional_stress:seed96100000:epoch30,30,18,validation,96300002,u_0.10,0.1,1668326876.021337,0.4202741702741703,1676.0,0.14157973174366617,76e93fce97e67d1fdab3ec1bb06097dc544e906f7ab895f33802c2e42f31ff54
routing_compound_regional_stress,routing_compound_regional_stress:seed96100000:epoch30,30,18,validation,96300002,u_0.20,0.2,1664939048.361977,0.42207792207792205,1673.0,0.13913690476190477,76e93fce97e67d1fdab3ec1bb06097dc544e906f7ab895f33802c2e42f31ff54
routing_compound_regional_stress,routing_compound_regional_stress:seed96100000:epoch30,30,18,validation,96300002,u_0.30,0.3,1658172160.8270104,0.424963924963925,1663.0,0.14054451802796172,76e93fce97e67d1fdab3ec1bb06097dc544e906f7ab895f33802c2e42f31ff54
routing_compound_regional_stress,routing_compound_regional_stress:seed96100000:epoch30,30,18,validation,96300002,u_0.40,0.4,1655312271.0691636,0.42857142857142855,1658.0,0.1390922401171303,76e93fce97e67d1fdab3ec1bb06097dc544e906f7ab895f33802c2e42f31ff54
routing_compound_regional_stress,routing_compound_regional_stress:seed96100000:epoch30,30,18,validation,96300002,u_0.50,0.5,1650145027.231362,0.43217893217893216,1650.0,0.14026162790697674,76e93fce97e67d1fdab3ec1bb06097dc544e906f7ab895f33802c2e42f31ff54
routing_compound_regional_stress,routing_compound_regional_stress:seed96100000:epoch30,30,18,validation,96300002,u_0.60,0.6,1644812639.2941618,0.43506493506493504,1639.0,0.14121037463976946,76e93fce97e67d1fdab3ec1bb06097dc544e906f7ab895f33802c2e42f31ff54
routing_compound_regional_stress,routing_compound_regional_stress:seed96100000:epoch30,30,18,validation,96300002,u_0.70,0.7,1651312757.2342415,0.43362193362193363,1643.0,0.14327062228654125,76e93fce97e67d1fdab3ec1bb06097dc544e906f7ab895f33802c2e42f31ff54
routing_compound_regional_stress,routing_compound_regional_stress:seed96100000:epoch30,30,18,validation,96300002,u_0.80,0.8,1645570954.6594896,0.4383116883116883,1631.0,0.13803019410496045,76e93fce97e67d1fdab3ec1bb06097dc544e906f7ab895f33802c2e42f31ff54
routing_compound_regional_stress,routing_compound_regional_stress:seed96100000:epoch30,30,18,validation,96300002,u_0.90,0.9,1645858351.141391,0.4375901875901876,1631.0,0.13904899135446686,76e93fce97e67d1fdab3ec1bb06097dc544e906f7ab895f33802c2e42f31ff54
routing_compound_regional_stress,routing_compound_regional_stress:seed96100000:epoch30,30,18,validation,96300002,u_1.00,1.0,1642177507.762012,0.44264069264069267,1619.0,0.1332378223495702,76e93fce97e67d1fdab3ec1bb06097dc544e906f7ab895f33802c2e42f31ff54
routing_compound_regional_stress,routing_compound_regional_stress:seed96100000:epoch30,30,18,validation,96300003,anchor,-1.0,1958039306.7026117,0.37597911227154046,1980.0,0.15915915915915915,76e93fce97e67d1fdab3ec1bb06097dc544e906f7ab895f33802c2e42f31ff54
routing_compound_regional_stress,routing_compound_regional_stress:seed96100000:epoch30,30,18,validation,96300003,u_0.00,0.0,1958039306.7026117,0.37597911227154046,1980.0,0.15915915915915915,76e93fce97e67d1fdab3ec1bb06097dc544e906f7ab895f33802c2e42f31ff54
routing_compound_regional_stress,routing_compound_regional_stress:seed96100000:epoch30,30,18,validation,96300003,u_0.10,0.1,1951380990.2269406,0.3779373368146214,1972.0,0.15746268656716417,76e93fce97e67d1fdab3ec1bb06097dc544e906f7ab895f33802c2e42f31ff54
routing_compound_regional_stress,routing_compound_regional_stress:seed96100000:epoch30,30,18,validation,96300003,u_0.20,0.2,1947347502.1359444,0.3808746736292428,1966.0,0.15436241610738255,76e93fce97e67d1fdab3ec1bb06097dc544e906f7ab895f33802c2e42f31ff54
routing_compound_regional_stress,routing_compound_regional_stress:seed96100000:epoch30,30,18,validation,96300003,u_0.30,0.3,1935913701.627214,0.38609660574412535,1950.0,0.15202952029520295,76e93fce97e67d1fdab3ec1bb06097dc544e906f7ab895f33802c2e42f31ff54
routing_compound_regional_stress,routing_compound_regional_stress:seed96100000:epoch30,30,18,validation,96300003,u_0.40,0.4,1934657021.918622,0.3877284595300261,1945.0,0.15469208211143695,76e93fce97e67d1fdab3ec1bb06097dc544e906f7ab895f33802c2e42f31ff54
routing_compound_regional_stress,routing_compound_regional_stress:seed96100000:epoch30,30,18,validation,96300003,u_0.50,0.5,1931676589.9614253,0.389686684073107,1937.0,0.15283842794759825,76e93fce97e67d1fdab3ec1bb06097dc544e906f7ab895f33802c2e42f31ff54
routing_compound_regional_stress,routing_compound_regional_stress:seed96100000:epoch30,30,18,validation,96300003,u_0.60,0.6,1927805715.2693882,0.3922976501305483,1930.0,0.15206372194062273,76e93fce97e67d1fdab3ec1bb06097dc544e906f7ab895f33802c2e42f31ff54
routing_compound_regional_stress,routing_compound_regional_stress:seed96100000:epoch30,30,18,validation,96300003,u_0.70,0.7,1929577349.844529,0.39295039164490864,1929.0,0.15133960897900073,76e93fce97e67d1fdab3ec1bb06097dc544e906f7ab895f33802c2e42f31ff54
routing_compound_regional_stress,routing_compound_regional_stress:seed96100000:epoch30,30,18,validation,96300003,u_0.80,0.8,1929091850.6901155,0.3962140992167102,1925.0,0.14852198990627252,76e93fce97e67d1fdab3ec1bb06097dc544e906f7ab895f33802c2e42f31ff54
routing_compound_regional_stress,routing_compound_regional_stress:seed96100000:epoch30,30,18,validation,96300003,u_0.90,0.9,1927491083.272339,0.39784595300261094,1919.0,0.1472924187725632,76e93fce97e67d1fdab3ec1bb06097dc544e906f7ab895f33802c2e42f31ff54
routing_compound_regional_stress,routing_compound_regional_stress:seed96100000:epoch30,30,18,validation,96300003,u_1.00,1.0,1928608384.4197645,0.39784595300261094,1918.0,0.14964028776978416,76e93fce97e67d1fdab3ec1bb06097dc544e906f7ab895f33802c2e42f31ff54
routing_compound_regional_stress,routing_compound_regional_stress:seed96100000:epoch30,30,18,validation,96300004,anchor,-1.0,1829047105.4044936,0.3866146848602989,1803.0,0.1429618768328446,76e93fce97e67d1fdab3ec1bb06097dc544e906f7ab895f33802c2e42f31ff54
routing_compound_regional_stress,routing_compound_regional_stress:seed96100000:epoch30,30,18,validation,96300004,u_0.00,0.0,1829047105.4044936,0.3866146848602989,1803.0,0.1429618768328446,76e93fce97e67d1fdab3ec1bb06097dc544e906f7ab895f33802c2e42f31ff54
routing_compound_regional_stress,routing_compound_regional_stress:seed96100000:epoch30,30,18,validation,96300004,u_0.10,0.1,1826453890.99969,0.3888888888888889,1799.0,0.14170927684441198,76e93fce97e67d1fdab3ec1bb06097dc544e906f7ab895f33802c2e42f31ff54
routing_compound_regional_stress,routing_compound_regional_stress:seed96100000:epoch30,30,18,validation,96300004,u_0.20,0.2,1822872702.7247267,0.391812865497076,1793.0,0.14078374455732948,76e93fce97e67d1fdab3ec1bb06097dc544e906f7ab895f33802c2e42f31ff54
routing_compound_regional_stress,routing_compound_regional_stress:seed96100000:epoch30,30,18,validation,96300004,u_0.30,0.3,1818965737.5954783,0.3937621832358674,1789.0,0.14254859611231102,76e93fce97e67d1fdab3ec1bb06097dc544e906f7ab895f33802c2e42f31ff54
routing_compound_regional_stress,routing_compound_regional_stress:seed96100000:epoch30,30,18,validation,96300004,u_0.40,0.4,1820528874.0020528,0.3937621832358674,1795.0,0.14521926671459381,76e93fce97e67d1fdab3ec1bb06097dc544e906f7ab895f33802c2e42f31ff54
routing_compound_regional_stress,routing_compound_regional_stress:seed96100000:epoch30,30,18,validation,96300004,u_0.50,0.5,1814432956.6263912,0.39766081871345027,1783.0,0.1433666191155492,76e93fce97e67d1fdab3ec1bb06097dc544e906f7ab895f33802c2e42f31ff54
routing_compound_regional_stress,routing_compound_regional_stress:seed96100000:epoch30,30,18,validation,96300004,u_0.60,0.6,1814400620.5843174,0.39896036387264455,1781.0,0.14366998577524892,76e93fce97e67d1fdab3ec1bb06097dc544e906f7ab895f33802c2e42f31ff54
routing_compound_regional_stress,routing_compound_regional_stress:seed96100000:epoch30,30,18,validation,96300004,u_0.70,0.7,1816760516.0224311,0.39928525016244315,1780.0,0.14316239316239315,76e93fce97e67d1fdab3ec1bb06097dc544e906f7ab895f33802c2e42f31ff54
routing_compound_regional_stress,routing_compound_regional_stress:seed96100000:epoch30,30,18,validation,96300004,u_0.80,0.8,1810960815.829412,0.403183885640026,1770.0,0.1395184135977337,76e93fce97e67d1fdab3ec1bb06097dc544e906f7ab895f33802c2e42f31ff54
routing_compound_regional_stress,routing_compound_regional_stress:seed96100000:epoch30,30,18,validation,96300004,u_0.90,0.9,1809435423.115631,0.4051332033788174,1763.0,0.13771186440677965,76e93fce97e67d1fdab3ec1bb06097dc544e906f7ab895f33802c2e42f31ff54
routing_compound_regional_stress,routing_compound_regional_stress:seed96100000:epoch30,30,18,validation,96300004,u_1.00,1.0,1817685157.3211715,0.40350877192982454,1767.0,0.1432604093154552,76e93fce97e67d1fdab3ec1bb06097dc544e906f7ab895f33802c2e42f31ff54
routing_compound_regional_stress,routing_compound_regional_stress:seed96100000:epoch55,55,14,discovery,96200000,anchor,-1.0,113293529.53461844,0.33043478260869563,119.0,0.17333333333333334,76e93fce97e67d1fdab3ec1bb06097dc544e906f7ab895f33802c2e42f31ff54
routing_compound_regional_stress,routing_compound_regional_stress:seed96100000:epoch55,55,14,discovery,96200000,u_0.00,0.0,113277329.53461844,0.33043478260869563,119.0,0.17333333333333334,76e93fce97e67d1fdab3ec1bb06097dc544e906f7ab895f33802c2e42f31ff54
routing_compound_regional_stress,routing_compound_regional_stress:seed96100000:epoch55,55,14,discovery,96200000,u_0.10,0.1,112371257.6609343,0.33043478260869563,117.0,0.16455696202531644,76e93fce97e67d1fdab3ec1bb06097dc544e906f7ab895f33802c2e42f31ff54
routing_compound_regional_stress,routing_compound_regional_stress:seed96100000:epoch55,55,14,discovery,96200000,u_0.20,0.2,112639134.42334476,0.33043478260869563,117.0,0.16049382716049382,76e93fce97e67d1fdab3ec1bb06097dc544e906f7ab895f33802c2e42f31ff54
routing_compound_regional_stress,routing_compound_regional_stress:seed96100000:epoch55,55,14,discovery,96200000,u_0.30,0.3,112305892.95926395,0.33043478260869563,116.0,0.14942528735632185,76e93fce97e67d1fdab3ec1bb06097dc544e906f7ab895f33802c2e42f31ff54
routing_compound_regional_stress,routing_compound_regional_stress:seed96100000:epoch55,55,14,discovery,96200000,u_0.40,0.4,111436123.06605639,0.33043478260869563,114.0,0.13978494623655913,76e93fce97e67d1fdab3ec1bb06097dc544e906f7ab895f33802c2e42f31ff54
routing_compound_regional_stress,routing_compound_regional_stress:seed96100000:epoch55,55,14,discovery,96200000,u_0.50,0.5,111427513.57805873,0.33043478260869563,113.0,0.13131313131313133,76e93fce97e67d1fdab3ec1bb06097dc544e906f7ab895f33802c2e42f31ff54
routing_compound_regional_stress,routing_compound_regional_stress:seed96100000:epoch55,55,14,discovery,96200000,u_0.60,0.6,112444927.995271,0.33043478260869563,113.0,0.13,76e93fce97e67d1fdab3ec1bb06097dc544e906f7ab895f33802c2e42f31ff54
routing_compound_regional_stress,routing_compound_regional_stress:seed96100000:epoch55,55,14,discovery,96200000,u_0.70,0.7,112286497.71769321,0.33043478260869563,111.0,0.12380952380952381,76e93fce97e67d1fdab3ec1bb06097dc544e906f7ab895f33802c2e42f31ff54
routing_compound_regional_stress,routing_compound_regional_stress:seed96100000:epoch55,55,14,discovery,96200000,u_0.80,0.8,113402176.25743629,0.33043478260869563,111.0,0.11711711711711711,76e93fce97e67d1fdab3ec1bb06097dc544e906f7ab895f33802c2e42f31ff54
routing_compound_regional_stress,routing_compound_regional_stress:seed96100000:epoch55,55,14,discovery,96200000,u_0.90,0.9,114944038.57816735,0.33043478260869563,111.0,0.11607142857142858,76e93fce97e67d1fdab3ec1bb06097dc544e906f7ab895f33802c2e42f31ff54
routing_compound_regional_stress,routing_compound_regional_stress:seed96100000:epoch55,55,14,discovery,96200000,u_1.00,1.0,114447518.27805874,0.33043478260869563,108.0,0.10655737704918032,76e93fce97e67d1fdab3ec1bb06097dc544e906f7ab895f33802c2e42f31ff54
routing_compound_regional_stress,routing_compound_regional_stress:seed96100000:epoch55,55,14,discovery,96200001,anchor,-1.0,113293529.53461844,0.33043478260869563,119.0,0.17333333333333334,76e93fce97e67d1fdab3ec1bb06097dc544e906f7ab895f33802c2e42f31ff54
routing_compound_regional_stress,routing_compound_regional_stress:seed96100000:epoch55,55,14,discovery,96200001,u_0.00,0.0,113277329.53461844,0.33043478260869563,119.0,0.17333333333333334,76e93fce97e67d1fdab3ec1bb06097dc544e906f7ab895f33802c2e42f31ff54
routing_compound_regional_stress,routing_compound_regional_stress:seed96100000:epoch55,55,14,discovery,96200001,u_0.10,0.1,112371257.6609343,0.33043478260869563,117.0,0.16455696202531644,76e93fce97e67d1fdab3ec1bb06097dc544e906f7ab895f33802c2e42f31ff54
routing_compound_regional_stress,routing_compound_regional_stress:seed96100000:epoch55,55,14,discovery,96200001,u_0.20,0.2,112639134.42334476,0.33043478260869563,117.0,0.16049382716049382,76e93fce97e67d1fdab3ec1bb06097dc544e906f7ab895f33802c2e42f31ff54
routing_compound_regional_stress,routing_compound_regional_stress:seed96100000:epoch55,55,14,discovery,96200001,u_0.30,0.3,112305892.95926395,0.33043478260869563,116.0,0.14942528735632185,76e93fce97e67d1fdab3ec1bb06097dc544e906f7ab895f33802c2e42f31ff54
routing_compound_regional_stress,routing_compound_regional_stress:seed96100000:epoch55,55,14,discovery,96200001,u_0.40,0.4,111436123.06605639,0.33043478260869563,114.0,0.13978494623655913,76e93fce97e67d1fdab3ec1bb06097dc544e906f7ab895f33802c2e42f31ff54
routing_compound_regional_stress,routing_compound_regional_stress:seed96100000:epoch55,55,14,discovery,96200001,u_0.50,0.5,111427513.57805873,0.33043478260869563,113.0,0.13131313131313133,76e93fce97e67d1fdab3ec1bb06097dc544e906f7ab895f33802c2e42f31ff54
routing_compound_regional_stress,routing_compound_regional_stress:seed96100000:epoch55,55,14,discovery,96200001,u_0.60,0.6,112444927.995271,0.33043478260869563,113.0,0.13,76e93fce97e67d1fdab3ec1bb06097dc544e906f7ab895f33802c2e42f31ff54
routing_compound_regional_stress,routing_compound_regional_stress:seed96100000:epoch55,55,14,discovery,96200001,u_0.70,0.7,112286497.71769321,0.33043478260869563,111.0,0.12380952380952381,76e93fce97e67d1fdab3ec1bb06097dc544e906f7ab895f33802c2e42f31ff54
routing_compound_regional_stress,routing_compound_regional_stress:seed96100000:epoch55,55,14,discovery,96200001,u_0.80,0.8,113402176.25743629,0.33043478260869563,111.0,0.11711711711711711,76e93fce97e67d1fdab3ec1bb06097dc544e906f7ab895f33802c2e42f31ff54
routing_compound_regional_stress,routing_compound_regional_stress:seed96100000:epoch55,55,14,discovery,96200001,u_0.90,0.9,114944038.57816735,0.33043478260869563,111.0,0.11607142857142858,76e93fce97e67d1fdab3ec1bb06097dc544e906f7ab895f33802c2e42f31ff54
routing_compound_regional_stress,routing_compound_regional_stress:seed96100000:epoch55,55,14,discovery,96200001,u_1.00,1.0,114447518.27805874,0.33043478260869563,108.0,0.10655737704918032,76e93fce97e67d1fdab3ec1bb06097dc544e906f7ab895f33802c2e42f31ff54
routing_compound_regional_stress,routing_compound_regional_stress:seed96100000:epoch55,55,14,discovery,96200002,anchor,-1.0,113293529.53461844,0.33043478260869563,119.0,0.17333333333333334,76e93fce97e67d1fdab3ec1bb06097dc544e906f7ab895f33802c2e42f31ff54
routing_compound_regional_stress,routing_compound_regional_stress:seed96100000:epoch55,55,14,discovery,96200002,u_0.00,0.0,113277329.53461844,0.33043478260869563,119.0,0.17333333333333334,76e93fce97e67d1fdab3ec1bb06097dc544e906f7ab895f33802c2e42f31ff54
routing_compound_regional_stress,routing_compound_regional_stress:seed96100000:epoch55,55,14,discovery,96200002,u_0.10,0.1,112371257.6609343,0.33043478260869563,117.0,0.16455696202531644,76e93fce97e67d1fdab3ec1bb06097dc544e906f7ab895f33802c2e42f31ff54
routing_compound_regional_stress,routing_compound_regional_stress:seed96100000:epoch55,55,14,discovery,96200002,u_0.20,0.2,112639134.42334476,0.33043478260869563,117.0,0.16049382716049382,76e93fce97e67d1fdab3ec1bb06097dc544e906f7ab895f33802c2e42f31ff54
routing_compound_regional_stress,routing_compound_regional_stress:seed96100000:epoch55,55,14,discovery,96200002,u_0.30,0.3,112305892.95926395,0.33043478260869563,116.0,0.14942528735632185,76e93fce97e67d1fdab3ec1bb06097dc544e906f7ab895f33802c2e42f31ff54
routing_compound_regional_stress,routing_compound_regional_stress:seed96100000:epoch55,55,14,discovery,96200002,u_0.40,0.4,111436123.06605639,0.33043478260869563,114.0,0.13978494623655913,76e93fce97e67d1fdab3ec1bb06097dc544e906f7ab895f33802c2e42f31ff54
routing_compound_regional_stress,routing_compound_regional_stress:seed96100000:epoch55,55,14,discovery,96200002,u_0.50,0.5,111427513.57805873,0.33043478260869563,113.0,0.13131313131313133,76e93fce97e67d1fdab3ec1bb06097dc544e906f7ab895f33802c2e42f31ff54
routing_compound_regional_stress,routing_compound_regional_stress:seed96100000:epoch55,55,14,discovery,96200002,u_0.60,0.6,112444927.995271,0.33043478260869563,113.0,0.13,76e93fce97e67d1fdab3ec1bb06097dc544e906f7ab895f33802c2e42f31ff54
routing_compound_regional_stress,routing_compound_regional_stress:seed96100000:epoch55,55,14,discovery,96200002,u_0.70,0.7,112286497.71769321,0.33043478260869563,111.0,0.12380952380952381,76e93fce97e67d1fdab3ec1bb06097dc544e906f7ab895f33802c2e42f31ff54
routing_compound_regional_stress,routing_compound_regional_stress:seed96100000:epoch55,55,14,discovery,96200002,u_0.80,0.8,113402176.25743629,0.33043478260869563,111.0,0.11711711711711711,76e93fce97e67d1fdab3ec1bb06097dc544e906f7ab895f33802c2e42f31ff54
routing_compound_regional_stress,routing_compound_regional_stress:seed96100000:epoch55,55,14,discovery,96200002,u_0.90,0.9,114944038.57816735,0.33043478260869563,111.0,0.11607142857142858,76e93fce97e67d1fdab3ec1bb06097dc544e906f7ab895f33802c2e42f31ff54
routing_compound_regional_stress,routing_compound_regional_stress:seed96100000:epoch55,55,14,discovery,96200002,u_1.00,1.0,114447518.27805874,0.33043478260869563,108.0,0.10655737704918032,76e93fce97e67d1fdab3ec1bb06097dc544e906f7ab895f33802c2e42f31ff54
routing_compound_regional_stress,routing_compound_regional_stress:seed96100000:epoch55,55,14,validation,96300000,anchor,-1.0,113293529.53461844,0.33043478260869563,119.0,0.17333333333333334,76e93fce97e67d1fdab3ec1bb06097dc544e906f7ab895f33802c2e42f31ff54
routing_compound_regional_stress,routing_compound_regional_stress:seed96100000:epoch55,55,14,validation,96300000,u_0.00,0.0,113277329.53461844,0.33043478260869563,119.0,0.17333333333333334,76e93fce97e67d1fdab3ec1bb06097dc544e906f7ab895f33802c2e42f31ff54
routing_compound_regional_stress,routing_compound_regional_stress:seed96100000:epoch55,55,14,validation,96300000,u_0.10,0.1,112371257.6609343,0.33043478260869563,117.0,0.16455696202531644,76e93fce97e67d1fdab3ec1bb06097dc544e906f7ab895f33802c2e42f31ff54
routing_compound_regional_stress,routing_compound_regional_stress:seed96100000:epoch55,55,14,validation,96300000,u_0.20,0.2,112639134.42334476,0.33043478260869563,117.0,0.16049382716049382,76e93fce97e67d1fdab3ec1bb06097dc544e906f7ab895f33802c2e42f31ff54
routing_compound_regional_stress,routing_compound_regional_stress:seed96100000:epoch55,55,14,validation,96300000,u_0.30,0.3,112305892.95926395,0.33043478260869563,116.0,0.14942528735632185,76e93fce97e67d1fdab3ec1bb06097dc544e906f7ab895f33802c2e42f31ff54
routing_compound_regional_stress,routing_compound_regional_stress:seed96100000:epoch55,55,14,validation,96300000,u_0.40,0.4,111436123.06605639,0.33043478260869563,114.0,0.13978494623655913,76e93fce97e67d1fdab3ec1bb06097dc544e906f7ab895f33802c2e42f31ff54
routing_compound_regional_stress,routing_compound_regional_stress:seed96100000:epoch55,55,14,validation,96300000,u_0.50,0.5,111427513.57805873,0.33043478260869563,113.0,0.13131313131313133,76e93fce97e67d1fdab3ec1bb06097dc544e906f7ab895f33802c2e42f31ff54
routing_compound_regional_stress,routing_compound_regional_stress:seed96100000:epoch55,55,14,validation,96300000,u_0.60,0.6,112444927.995271,0.33043478260869563,113.0,0.13,76e93fce97e67d1fdab3ec1bb06097dc544e906f7ab895f33802c2e42f31ff54
routing_compound_regional_stress,routing_compound_regional_stress:seed96100000:epoch55,55,14,validation,96300000,u_0.70,0.7,112286497.71769321,0.33043478260869563,111.0,0.12380952380952381,76e93fce97e67d1fdab3ec1bb06097dc544e906f7ab895f33802c2e42f31ff54
routing_compound_regional_stress,routing_compound_regional_stress:seed96100000:epoch55,55,14,validation,96300000,u_0.80,0.8,113402176.25743629,0.33043478260869563,111.0,0.11711711711711711,76e93fce97e67d1fdab3ec1bb06097dc544e906f7ab895f33802c2e42f31ff54
routing_compound_regional_stress,routing_compound_regional_stress:seed96100000:epoch55,55,14,validation,96300000,u_0.90,0.9,114944038.57816735,0.33043478260869563,111.0,0.11607142857142858,76e93fce97e67d1fdab3ec1bb06097dc544e906f7ab895f33802c2e42f31ff54
routing_compound_regional_stress,routing_compound_regional_stress:seed96100000:epoch55,55,14,validation,96300000,u_1.00,1.0,114447518.27805874,0.33043478260869563,108.0,0.10655737704918032,76e93fce97e67d1fdab3ec1bb06097dc544e906f7ab895f33802c2e42f31ff54
routing_compound_regional_stress,routing_compound_regional_stress:seed96100000:epoch55,55,14,validation,96300001,anchor,-1.0,113293529.53461844,0.33043478260869563,119.0,0.17333333333333334,76e93fce97e67d1fdab3ec1bb06097dc544e906f7ab895f33802c2e42f31ff54
routing_compound_regional_stress,routing_compound_regional_stress:seed96100000:epoch55,55,14,validation,96300001,u_0.00,0.0,113277329.53461844,0.33043478260869563,119.0,0.17333333333333334,76e93fce97e67d1fdab3ec1bb06097dc544e906f7ab895f33802c2e42f31ff54
routing_compound_regional_stress,routing_compound_regional_stress:seed96100000:epoch55,55,14,validation,96300001,u_0.10,0.1,112371257.6609343,0.33043478260869563,117.0,0.16455696202531644,76e93fce97e67d1fdab3ec1bb06097dc544e906f7ab895f33802c2e42f31ff54
routing_compound_regional_stress,routing_compound_regional_stress:seed96100000:epoch55,55,14,validation,96300001,u_0.20,0.2,112639134.42334476,0.33043478260869563,117.0,0.16049382716049382,76e93fce97e67d1fdab3ec1bb06097dc544e906f7ab895f33802c2e42f31ff54
routing_compound_regional_stress,routing_compound_regional_stress:seed96100000:epoch55,55,14,validation,96300001,u_0.30,0.3,112305892.95926395,0.33043478260869563,116.0,0.14942528735632185,76e93fce97e67d1fdab3ec1bb06097dc544e906f7ab895f33802c2e42f31ff54
routing_compound_regional_stress,routing_compound_regional_stress:seed96100000:epoch55,55,14,validation,96300001,u_0.40,0.4,111436123.06605639,0.33043478260869563,114.0,0.13978494623655913,76e93fce97e67d1fdab3ec1bb06097dc544e906f7ab895f33802c2e42f31ff54
routing_compound_regional_stress,routing_compound_regional_stress:seed96100000:epoch55,55,14,validation,96300001,u_0.50,0.5,111427513.57805873,0.33043478260869563,113.0,0.13131313131313133,76e93fce97e67d1fdab3ec1bb06097dc544e906f7ab895f33802c2e42f31ff54
routing_compound_regional_stress,routing_compound_regional_stress:seed96100000:epoch55,55,14,validation,96300001,u_0.60,0.6,112444927.995271,0.33043478260869563,113.0,0.13,76e93fce97e67d1fdab3ec1bb06097dc544e906f7ab895f33802c2e42f31ff54
routing_compound_regional_stress,routing_compound_regional_stress:seed96100000:epoch55,55,14,validation,96300001,u_0.70,0.7,112286497.71769321,0.33043478260869563,111.0,0.12380952380952381,76e93fce97e67d1fdab3ec1bb06097dc544e906f7ab895f33802c2e42f31ff54
routing_compound_regional_stress,routing_compound_regional_stress:seed96100000:epoch55,55,14,validation,96300001,u_0.80,0.8,113402176.25743629,0.33043478260869563,111.0,0.11711711711711711,76e93fce97e67d1fdab3ec1bb06097dc544e906f7ab895f33802c2e42f31ff54
routing_compound_regional_stress,routing_compound_regional_stress:seed96100000:epoch55,55,14,validation,96300001,u_0.90,0.9,114944038.57816735,0.33043478260869563,111.0,0.11607142857142858,76e93fce97e67d1fdab3ec1bb06097dc544e906f7ab895f33802c2e42f31ff54
routing_compound_regional_stress,routing_compound_regional_stress:seed96100000:epoch55,55,14,validation,96300001,u_1.00,1.0,114447518.27805874,0.33043478260869563,108.0,0.10655737704918032,76e93fce97e67d1fdab3ec1bb06097dc544e906f7ab895f33802c2e42f31ff54
routing_compound_regional_stress,routing_compound_regional_stress:seed96100000:epoch55,55,14,validation,96300002,anchor,-1.0,113293529.53461844,0.33043478260869563,119.0,0.17333333333333334,76e93fce97e67d1fdab3ec1bb06097dc544e906f7ab895f33802c2e42f31ff54
routing_compound_regional_stress,routing_compound_regional_stress:seed96100000:epoch55,55,14,validation,96300002,u_0.00,0.0,113277329.53461844,0.33043478260869563,119.0,0.17333333333333334,76e93fce97e67d1fdab3ec1bb06097dc544e906f7ab895f33802c2e42f31ff54
routing_compound_regional_stress,routing_compound_regional_stress:seed96100000:epoch55,55,14,validation,96300002,u_0.10,0.1,112371257.6609343,0.33043478260869563,117.0,0.16455696202531644,76e93fce97e67d1fdab3ec1bb06097dc544e906f7ab895f33802c2e42f31ff54
routing_compound_regional_stress,routing_compound_regional_stress:seed96100000:epoch55,55,14,validation,96300002,u_0.20,0.2,112639134.42334476,0.33043478260869563,117.0,0.16049382716049382,76e93fce97e67d1fdab3ec1bb06097dc544e906f7ab895f33802c2e42f31ff54
routing_compound_regional_stress,routing_compound_regional_stress:seed96100000:epoch55,55,14,validation,96300002,u_0.30,0.3,112305892.95926395,0.33043478260869563,116.0,0.14942528735632185,76e93fce97e67d1fdab3ec1bb06097dc544e906f7ab895f33802c2e42f31ff54
routing_compound_regional_stress,routing_compound_regional_stress:seed96100000:epoch55,55,14,validation,96300002,u_0.40,0.4,111436123.06605639,0.33043478260869563,114.0,0.13978494623655913,76e93fce97e67d1fdab3ec1bb06097dc544e906f7ab895f33802c2e42f31ff54
routing_compound_regional_stress,routing_compound_regional_stress:seed96100000:epoch55,55,14,validation,96300002,u_0.50,0.5,111427513.57805873,0.33043478260869563,113.0,0.13131313131313133,76e93fce97e67d1fdab3ec1bb06097dc544e906f7ab895f33802c2e42f31ff54
routing_compound_regional_stress,routing_compound_regional_stress:seed96100000:epoch55,55,14,validation,96300002,u_0.60,0.6,112444927.995271,0.33043478260869563,113.0,0.13,76e93fce97e67d1fdab3ec1bb06097dc544e906f7ab895f33802c2e42f31ff54
routing_compound_regional_stress,routing_compound_regional_stress:seed96100000:epoch55,55,14,validation,96300002,u_0.70,0.7,112286497.71769321,0.33043478260869563,111.0,0.12380952380952381,76e93fce97e67d1fdab3ec1bb06097dc544e906f7ab895f33802c2e42f31ff54
routing_compound_regional_stress,routing_compound_regional_stress:seed96100000:epoch55,55,14,validation,96300002,u_0.80,0.8,113402176.25743629,0.33043478260869563,111.0,0.11711711711711711,76e93fce97e67d1fdab3ec1bb06097dc544e906f7ab895f33802c2e42f31ff54
routing_compound_regional_stress,routing_compound_regional_stress:seed96100000:epoch55,55,14,validation,96300002,u_0.90,0.9,114944038.57816735,0.33043478260869563,111.0,0.11607142857142858,76e93fce97e67d1fdab3ec1bb06097dc544e906f7ab895f33802c2e42f31ff54
routing_compound_regional_stress,routing_compound_regional_stress:seed96100000:epoch55,55,14,validation,96300002,u_1.00,1.0,114447518.27805874,0.33043478260869563,108.0,0.10655737704918032,76e93fce97e67d1fdab3ec1bb06097dc544e906f7ab895f33802c2e42f31ff54
routing_compound_regional_stress,routing_compound_regional_stress:seed96100000:epoch55,55,14,validation,96300003,anchor,-1.0,113293529.53461844,0.33043478260869563,119.0,0.17333333333333334,76e93fce97e67d1fdab3ec1bb06097dc544e906f7ab895f33802c2e42f31ff54
routing_compound_regional_stress,routing_compound_regional_stress:seed96100000:epoch55,55,14,validation,96300003,u_0.00,0.0,113277329.53461844,0.33043478260869563,119.0,0.17333333333333334,76e93fce97e67d1fdab3ec1bb06097dc544e906f7ab895f33802c2e42f31ff54
routing_compound_regional_stress,routing_compound_regional_stress:seed96100000:epoch55,55,14,validation,96300003,u_0.10,0.1,112371257.6609343,0.33043478260869563,117.0,0.16455696202531644,76e93fce97e67d1fdab3ec1bb06097dc544e906f7ab895f33802c2e42f31ff54
routing_compound_regional_stress,routing_compound_regional_stress:seed96100000:epoch55,55,14,validation,96300003,u_0.20,0.2,112639134.42334476,0.33043478260869563,117.0,0.16049382716049382,76e93fce97e67d1fdab3ec1bb06097dc544e906f7ab895f33802c2e42f31ff54
routing_compound_regional_stress,routing_compound_regional_stress:seed96100000:epoch55,55,14,validation,96300003,u_0.30,0.3,112305892.95926395,0.33043478260869563,116.0,0.14942528735632185,76e93fce97e67d1fdab3ec1bb06097dc544e906f7ab895f33802c2e42f31ff54
routing_compound_regional_stress,routing_compound_regional_stress:seed96100000:epoch55,55,14,validation,96300003,u_0.40,0.4,111436123.06605639,0.33043478260869563,114.0,0.13978494623655913,76e93fce97e67d1fdab3ec1bb06097dc544e906f7ab895f33802c2e42f31ff54
routing_compound_regional_stress,routing_compound_regional_stress:seed96100000:epoch55,55,14,validation,96300003,u_0.50,0.5,111427513.57805873,0.33043478260869563,113.0,0.13131313131313133,76e93fce97e67d1fdab3ec1bb06097dc544e906f7ab895f33802c2e42f31ff54
routing_compound_regional_stress,routing_compound_regional_stress:seed96100000:epoch55,55,14,validation,96300003,u_0.60,0.6,112444927.995271,0.33043478260869563,113.0,0.13,76e93fce97e67d1fdab3ec1bb06097dc544e906f7ab895f33802c2e42f31ff54
routing_compound_regional_stress,routing_compound_regional_stress:seed96100000:epoch55,55,14,validation,96300003,u_0.70,0.7,112286497.71769321,0.33043478260869563,111.0,0.12380952380952381,76e93fce97e67d1fdab3ec1bb06097dc544e906f7ab895f33802c2e42f31ff54
routing_compound_regional_stress,routing_compound_regional_stress:seed96100000:epoch55,55,14,validation,96300003,u_0.80,0.8,113402176.25743629,0.33043478260869563,111.0,0.11711711711711711,76e93fce97e67d1fdab3ec1bb06097dc544e906f7ab895f33802c2e42f31ff54
routing_compound_regional_stress,routing_compound_regional_stress:seed96100000:epoch55,55,14,validation,96300003,u_0.90,0.9,114944038.57816735,0.33043478260869563,111.0,0.11607142857142858,76e93fce97e67d1fdab3ec1bb06097dc544e906f7ab895f33802c2e42f31ff54
routing_compound_regional_stress,routing_compound_regional_stress:seed96100000:epoch55,55,14,validation,96300003,u_1.00,1.0,114447518.27805874,0.33043478260869563,108.0,0.10655737704918032,76e93fce97e67d1fdab3ec1bb06097dc544e906f7ab895f33802c2e42f31ff54
routing_compound_regional_stress,routing_compound_regional_stress:seed96100000:epoch55,55,14,validation,96300004,anchor,-1.0,113293529.53461844,0.33043478260869563,119.0,0.17333333333333334,76e93fce97e67d1fdab3ec1bb06097dc544e906f7ab895f33802c2e42f31ff54
routing_compound_regional_stress,routing_compound_regional_stress:seed96100000:epoch55,55,14,validation,96300004,u_0.00,0.0,113277329.53461844,0.33043478260869563,119.0,0.17333333333333334,76e93fce97e67d1fdab3ec1bb06097dc544e906f7ab895f33802c2e42f31ff54
routing_compound_regional_stress,routing_compound_regional_stress:seed96100000:epoch55,55,14,validation,96300004,u_0.10,0.1,112371257.6609343,0.33043478260869563,117.0,0.16455696202531644,76e93fce97e67d1fdab3ec1bb06097dc544e906f7ab895f33802c2e42f31ff54
routing_compound_regional_stress,routing_compound_regional_stress:seed96100000:epoch55,55,14,validation,96300004,u_0.20,0.2,112639134.42334476,0.33043478260869563,117.0,0.16049382716049382,76e93fce97e67d1fdab3ec1bb06097dc544e906f7ab895f33802c2e42f31ff54
routing_compound_regional_stress,routing_compound_regional_stress:seed96100000:epoch55,55,14,validation,96300004,u_0.30,0.3,112305892.95926395,0.33043478260869563,116.0,0.14942528735632185,76e93fce97e67d1fdab3ec1bb06097dc544e906f7ab895f33802c2e42f31ff54
routing_compound_regional_stress,routing_compound_regional_stress:seed96100000:epoch55,55,14,validation,96300004,u_0.40,0.4,111436123.06605639,0.33043478260869563,114.0,0.13978494623655913,76e93fce97e67d1fdab3ec1bb06097dc544e906f7ab895f33802c2e42f31ff54
routing_compound_regional_stress,routing_compound_regional_stress:seed96100000:epoch55,55,14,validation,96300004,u_0.50,0.5,111427513.57805873,0.33043478260869563,113.0,0.13131313131313133,76e93fce97e67d1fdab3ec1bb06097dc544e906f7ab895f33802c2e42f31ff54
routing_compound_regional_stress,routing_compound_regional_stress:seed96100000:epoch55,55,14,validation,96300004,u_0.60,0.6,112444927.995271,0.33043478260869563,113.0,0.13,76e93fce97e67d1fdab3ec1bb06097dc544e906f7ab895f33802c2e42f31ff54
routing_compound_regional_stress,routing_compound_regional_stress:seed96100000:epoch55,55,14,validation,96300004,u_0.70,0.7,112286497.71769321,0.33043478260869563,111.0,0.12380952380952381,76e93fce97e67d1fdab3ec1bb06097dc544e906f7ab895f33802c2e42f31ff54
routing_compound_regional_stress,routing_compound_regional_stress:seed96100000:epoch55,55,14,validation,96300004,u_0.80,0.8,113402176.25743629,0.33043478260869563,111.0,0.11711711711711711,76e93fce97e67d1fdab3ec1bb06097dc544e906f7ab895f33802c2e42f31ff54
routing_compound_regional_stress,routing_compound_regional_stress:seed96100000:epoch55,55,14,validation,96300004,u_0.90,0.9,114944038.57816735,0.33043478260869563,111.0,0.11607142857142858,76e93fce97e67d1fdab3ec1bb06097dc544e906f7ab895f33802c2e42f31ff54
routing_compound_regional_stress,routing_compound_regional_stress:seed96100000:epoch55,55,14,validation,96300004,u_1.00,1.0,114447518.27805874,0.33043478260869563,108.0,0.10655737704918032,76e93fce97e67d1fdab3ec1bb06097dc544e906f7ab895f33802c2e42f31ff54
routing_compound_regional_stress,routing_compound_regional_stress:seed96100000:epoch80,80,16,discovery,96200000,anchor,-1.0,116891664.83664253,0.31690140845070425,132.0,0.2711864406779661,76e93fce97e67d1fdab3ec1bb06097dc544e906f7ab895f33802c2e42f31ff54
routing_compound_regional_stress,routing_compound_regional_stress:seed96100000:epoch80,80,16,discovery,96200000,u_0.00,0.0,116875464.84780052,0.31690140845070425,132.0,0.2711864406779661,76e93fce97e67d1fdab3ec1bb06097dc544e906f7ab895f33802c2e42f31ff54
routing_compound_regional_stress,routing_compound_regional_stress:seed96100000:epoch80,80,16,discovery,96200000,u_0.10,0.1,115972543.37711743,0.31690140845070425,130.0,0.23880597014925373,76e93fce97e67d1fdab3ec1bb06097dc544e906f7ab895f33802c2e42f31ff54
routing_compound_regional_stress,routing_compound_regional_stress:seed96100000:epoch80,80,16,discovery,96200000,u_0.20,0.2,116249759.32793215,0.31690140845070425,130.0,0.2222222222222222,76e93fce97e67d1fdab3ec1bb06097dc544e906f7ab895f33802c2e42f31ff54
routing_compound_regional_stress,routing_compound_regional_stress:seed96100000:epoch80,80,16,discovery,96200000,u_0.30,0.3,115508012.37489039,0.31690140845070425,128.0,0.20253164556962025,76e93fce97e67d1fdab3ec1bb06097dc544e906f7ab895f33802c2e42f31ff54
routing_compound_regional_stress,routing_compound_regional_stress:seed96100000:epoch80,80,16,discovery,96200000,u_0.40,0.4,114347142.28374061,0.31690140845070425,125.0,0.18181818181818182,76e93fce97e67d1fdab3ec1bb06097dc544e906f7ab895f33802c2e42f31ff54
routing_compound_regional_stress,routing_compound_regional_stress:seed96100000:epoch80,80,16,discovery,96200000,u_0.50,0.5,114067923.29948302,0.31690140845070425,123.0,0.16842105263157894,76e93fce97e67d1fdab3ec1bb06097dc544e906f7ab895f33802c2e42f31ff54
routing_compound_regional_stress,routing_compound_regional_stress:seed96100000:epoch80,80,16,discovery,96200000,u_0.60,0.6,115295454.52211764,0.31690140845070425,123.0,0.16326530612244897,76e93fce97e67d1fdab3ec1bb06097dc544e906f7ab895f33802c2e42f31ff54
routing_compound_regional_stress,routing_compound_regional_stress:seed96100000:epoch80,80,16,discovery,96200000,u_0.70,0.7,115004182.85164447,0.31690140845070425,120.0,0.1553398058252427,76e93fce97e67d1fdab3ec1bb06097dc544e906f7ab895f33802c2e42f31ff54
routing_compound_regional_stress,routing_compound_regional_stress:seed96100000:epoch80,80,16,discovery,96200000,u_0.80,0.8,115443741.63569766,0.31690140845070425,118.0,0.14678899082568808,76e93fce97e67d1fdab3ec1bb06097dc544e906f7ab895f33802c2e42f31ff54
routing_compound_regional_stress,routing_compound_regional_stress:seed96100000:epoch80,80,16,discovery,96200000,u_0.90,0.9,117365064.73137474,0.31690140845070425,118.0,0.14285714285714285,76e93fce97e67d1fdab3ec1bb06097dc544e906f7ab895f33802c2e42f31ff54
routing_compound_regional_stress,routing_compound_regional_stress:seed96100000:epoch80,80,16,discovery,96200000,u_1.00,1.0,118041056.79948303,0.31690140845070425,116.0,0.13114754098360656,76e93fce97e67d1fdab3ec1bb06097dc544e906f7ab895f33802c2e42f31ff54
routing_compound_regional_stress,routing_compound_regional_stress:seed96100000:epoch80,80,16,discovery,96200001,anchor,-1.0,116891664.83664253,0.31690140845070425,132.0,0.2711864406779661,76e93fce97e67d1fdab3ec1bb06097dc544e906f7ab895f33802c2e42f31ff54
routing_compound_regional_stress,routing_compound_regional_stress:seed96100000:epoch80,80,16,discovery,96200001,u_0.00,0.0,116875464.84780052,0.31690140845070425,132.0,0.2711864406779661,76e93fce97e67d1fdab3ec1bb06097dc544e906f7ab895f33802c2e42f31ff54
routing_compound_regional_stress,routing_compound_regional_stress:seed96100000:epoch80,80,16,discovery,96200001,u_0.10,0.1,115972543.37711743,0.31690140845070425,130.0,0.23880597014925373,76e93fce97e67d1fdab3ec1bb06097dc544e906f7ab895f33802c2e42f31ff54
routing_compound_regional_stress,routing_compound_regional_stress:seed96100000:epoch80,80,16,discovery,96200001,u_0.20,0.2,116249759.32793215,0.31690140845070425,130.0,0.2222222222222222,76e93fce97e67d1fdab3ec1bb06097dc544e906f7ab895f33802c2e42f31ff54
routing_compound_regional_stress,routing_compound_regional_stress:seed96100000:epoch80,80,16,discovery,96200001,u_0.30,0.3,115508012.37489039,0.31690140845070425,128.0,0.20253164556962025,76e93fce97e67d1fdab3ec1bb06097dc544e906f7ab895f33802c2e42f31ff54
routing_compound_regional_stress,routing_compound_regional_stress:seed96100000:epoch80,80,16,discovery,96200001,u_0.40,0.4,114347142.28374061,0.31690140845070425,125.0,0.18181818181818182,76e93fce97e67d1fdab3ec1bb06097dc544e906f7ab895f33802c2e42f31ff54
routing_compound_regional_stress,routing_compound_regional_stress:seed96100000:epoch80,80,16,discovery,96200001,u_0.50,0.5,114067923.29948302,0.31690140845070425,123.0,0.16842105263157894,76e93fce97e67d1fdab3ec1bb06097dc544e906f7ab895f33802c2e42f31ff54
routing_compound_regional_stress,routing_compound_regional_stress:seed96100000:epoch80,80,16,discovery,96200001,u_0.60,0.6,115295454.52211764,0.31690140845070425,123.0,0.16326530612244897,76e93fce97e67d1fdab3ec1bb06097dc544e906f7ab895f33802c2e42f31ff54
routing_compound_regional_stress,routing_compound_regional_stress:seed96100000:epoch80,80,16,discovery,96200001,u_0.70,0.7,115004182.85164447,0.31690140845070425,120.0,0.1553398058252427,76e93fce97e67d1fdab3ec1bb06097dc544e906f7ab895f33802c2e42f31ff54
routing_compound_regional_stress,routing_compound_regional_stress:seed96100000:epoch80,80,16,discovery,96200001,u_0.80,0.8,115443741.63569766,0.31690140845070425,118.0,0.14678899082568808,76e93fce97e67d1fdab3ec1bb06097dc544e906f7ab895f33802c2e42f31ff54
routing_compound_regional_stress,routing_compound_regional_stress:seed96100000:epoch80,80,16,discovery,96200001,u_0.90,0.9,117365064.73137474,0.31690140845070425,118.0,0.14285714285714285,76e93fce97e67d1fdab3ec1bb06097dc544e906f7ab895f33802c2e42f31ff54
routing_compound_regional_stress,routing_compound_regional_stress:seed96100000:epoch80,80,16,discovery,96200001,u_1.00,1.0,118041056.79948303,0.31690140845070425,116.0,0.13114754098360656,76e93fce97e67d1fdab3ec1bb06097dc544e906f7ab895f33802c2e42f31ff54
routing_compound_regional_stress,routing_compound_regional_stress:seed96100000:epoch80,80,16,discovery,96200002,anchor,-1.0,116891664.83664253,0.31690140845070425,132.0,0.2711864406779661,76e93fce97e67d1fdab3ec1bb06097dc544e906f7ab895f33802c2e42f31ff54
routing_compound_regional_stress,routing_compound_regional_stress:seed96100000:epoch80,80,16,discovery,96200002,u_0.00,0.0,116875464.84780052,0.31690140845070425,132.0,0.2711864406779661,76e93fce97e67d1fdab3ec1bb06097dc544e906f7ab895f33802c2e42f31ff54
routing_compound_regional_stress,routing_compound_regional_stress:seed96100000:epoch80,80,16,discovery,96200002,u_0.10,0.1,115972543.37711743,0.31690140845070425,130.0,0.23880597014925373,76e93fce97e67d1fdab3ec1bb06097dc544e906f7ab895f33802c2e42f31ff54
routing_compound_regional_stress,routing_compound_regional_stress:seed96100000:epoch80,80,16,discovery,96200002,u_0.20,0.2,116249759.32793215,0.31690140845070425,130.0,0.2222222222222222,76e93fce97e67d1fdab3ec1bb06097dc544e906f7ab895f33802c2e42f31ff54
routing_compound_regional_stress,routing_compound_regional_stress:seed96100000:epoch80,80,16,discovery,96200002,u_0.30,0.3,115508012.37489039,0.31690140845070425,128.0,0.20253164556962025,76e93fce97e67d1fdab3ec1bb06097dc544e906f7ab895f33802c2e42f31ff54
routing_compound_regional_stress,routing_compound_regional_stress:seed96100000:epoch80,80,16,discovery,96200002,u_0.40,0.4,114347142.28374061,0.31690140845070425,125.0,0.18181818181818182,76e93fce97e67d1fdab3ec1bb06097dc544e906f7ab895f33802c2e42f31ff54
routing_compound_regional_stress,routing_compound_regional_stress:seed96100000:epoch80,80,16,discovery,96200002,u_0.50,0.5,114067923.29948302,0.31690140845070425,123.0,0.16842105263157894,76e93fce97e67d1fdab3ec1bb06097dc544e906f7ab895f33802c2e42f31ff54
routing_compound_regional_stress,routing_compound_regional_stress:seed96100000:epoch80,80,16,discovery,96200002,u_0.60,0.6,115295454.52211764,0.31690140845070425,123.0,0.16326530612244897,76e93fce97e67d1fdab3ec1bb06097dc544e906f7ab895f33802c2e42f31ff54
routing_compound_regional_stress,routing_compound_regional_stress:seed96100000:epoch80,80,16,discovery,96200002,u_0.70,0.7,115004182.85164447,0.31690140845070425,120.0,0.1553398058252427,76e93fce97e67d1fdab3ec1bb06097dc544e906f7ab895f33802c2e42f31ff54
routing_compound_regional_stress,routing_compound_regional_stress:seed96100000:epoch80,80,16,discovery,96200002,u_0.80,0.8,115443741.63569766,0.31690140845070425,118.0,0.14678899082568808,76e93fce97e67d1fdab3ec1bb06097dc544e906f7ab895f33802c2e42f31ff54
routing_compound_regional_stress,routing_compound_regional_stress:seed96100000:epoch80,80,16,discovery,96200002,u_0.90,0.9,117365064.73137474,0.31690140845070425,118.0,0.14285714285714285,76e93fce97e67d1fdab3ec1bb06097dc544e906f7ab895f33802c2e42f31ff54
routing_compound_regional_stress,routing_compound_regional_stress:seed96100000:epoch80,80,16,discovery,96200002,u_1.00,1.0,118041056.79948303,0.31690140845070425,116.0,0.13114754098360656,76e93fce97e67d1fdab3ec1bb06097dc544e906f7ab895f33802c2e42f31ff54
routing_compound_regional_stress,routing_compound_regional_stress:seed96100000:epoch80,80,16,validation,96300000,anchor,-1.0,116891664.83664253,0.31690140845070425,132.0,0.2711864406779661,76e93fce97e67d1fdab3ec1bb06097dc544e906f7ab895f33802c2e42f31ff54
routing_compound_regional_stress,routing_compound_regional_stress:seed96100000:epoch80,80,16,validation,96300000,u_0.00,0.0,116875464.84780052,0.31690140845070425,132.0,0.2711864406779661,76e93fce97e67d1fdab3ec1bb06097dc544e906f7ab895f33802c2e42f31ff54
routing_compound_regional_stress,routing_compound_regional_stress:seed96100000:epoch80,80,16,validation,96300000,u_0.10,0.1,115972543.37711743,0.31690140845070425,130.0,0.23880597014925373,76e93fce97e67d1fdab3ec1bb06097dc544e906f7ab895f33802c2e42f31ff54
routing_compound_regional_stress,routing_compound_regional_stress:seed96100000:epoch80,80,16,validation,96300000,u_0.20,0.2,116249759.32793215,0.31690140845070425,130.0,0.2222222222222222,76e93fce97e67d1fdab3ec1bb06097dc544e906f7ab895f33802c2e42f31ff54
routing_compound_regional_stress,routing_compound_regional_stress:seed96100000:epoch80,80,16,validation,96300000,u_0.30,0.3,115508012.37489039,0.31690140845070425,128.0,0.20253164556962025,76e93fce97e67d1fdab3ec1bb06097dc544e906f7ab895f33802c2e42f31ff54
routing_compound_regional_stress,routing_compound_regional_stress:seed96100000:epoch80,80,16,validation,96300000,u_0.40,0.4,114347142.28374061,0.31690140845070425,125.0,0.18181818181818182,76e93fce97e67d1fdab3ec1bb06097dc544e906f7ab895f33802c2e42f31ff54
routing_compound_regional_stress,routing_compound_regional_stress:seed96100000:epoch80,80,16,validation,96300000,u_0.50,0.5,114067923.29948302,0.31690140845070425,123.0,0.16842105263157894,76e93fce97e67d1fdab3ec1bb06097dc544e906f7ab895f33802c2e42f31ff54
routing_compound_regional_stress,routing_compound_regional_stress:seed96100000:epoch80,80,16,validation,96300000,u_0.60,0.6,115295454.52211764,0.31690140845070425,123.0,0.16326530612244897,76e93fce97e67d1fdab3ec1bb06097dc544e906f7ab895f33802c2e42f31ff54
routing_compound_regional_stress,routing_compound_regional_stress:seed96100000:epoch80,80,16,validation,96300000,u_0.70,0.7,115004182.85164447,0.31690140845070425,120.0,0.1553398058252427,76e93fce97e67d1fdab3ec1bb06097dc544e906f7ab895f33802c2e42f31ff54
routing_compound_regional_stress,routing_compound_regional_stress:seed96100000:epoch80,80,16,validation,96300000,u_0.80,0.8,115443741.63569766,0.31690140845070425,118.0,0.14678899082568808,76e93fce97e67d1fdab3ec1bb06097dc544e906f7ab895f33802c2e42f31ff54
routing_compound_regional_stress,routing_compound_regional_stress:seed96100000:epoch80,80,16,validation,96300000,u_0.90,0.9,117365064.73137474,0.31690140845070425,118.0,0.14285714285714285,76e93fce97e67d1fdab3ec1bb06097dc544e906f7ab895f33802c2e42f31ff54
routing_compound_regional_stress,routing_compound_regional_stress:seed96100000:epoch80,80,16,validation,96300000,u_1.00,1.0,118041056.79948303,0.31690140845070425,116.0,0.13114754098360656,76e93fce97e67d1fdab3ec1bb06097dc544e906f7ab895f33802c2e42f31ff54
routing_compound_regional_stress,routing_compound_regional_stress:seed96100000:epoch80,80,16,validation,96300001,anchor,-1.0,116891664.83664253,0.31690140845070425,132.0,0.2711864406779661,76e93fce97e67d1fdab3ec1bb06097dc544e906f7ab895f33802c2e42f31ff54
routing_compound_regional_stress,routing_compound_regional_stress:seed96100000:epoch80,80,16,validation,96300001,u_0.00,0.0,116875464.84780052,0.31690140845070425,132.0,0.2711864406779661,76e93fce97e67d1fdab3ec1bb06097dc544e906f7ab895f33802c2e42f31ff54
routing_compound_regional_stress,routing_compound_regional_stress:seed96100000:epoch80,80,16,validation,96300001,u_0.10,0.1,115972543.37711743,0.31690140845070425,130.0,0.23880597014925373,76e93fce97e67d1fdab3ec1bb06097dc544e906f7ab895f33802c2e42f31ff54
routing_compound_regional_stress,routing_compound_regional_stress:seed96100000:epoch80,80,16,validation,96300001,u_0.20,0.2,116249759.32793215,0.31690140845070425,130.0,0.2222222222222222,76e93fce97e67d1fdab3ec1bb06097dc544e906f7ab895f33802c2e42f31ff54
routing_compound_regional_stress,routing_compound_regional_stress:seed96100000:epoch80,80,16,validation,96300001,u_0.30,0.3,115508012.37489039,0.31690140845070425,128.0,0.20253164556962025,76e93fce97e67d1fdab3ec1bb06097dc544e906f7ab895f33802c2e42f31ff54
routing_compound_regional_stress,routing_compound_regional_stress:seed96100000:epoch80,80,16,validation,96300001,u_0.40,0.4,114347142.28374061,0.31690140845070425,125.0,0.18181818181818182,76e93fce97e67d1fdab3ec1bb06097dc544e906f7ab895f33802c2e42f31ff54
routing_compound_regional_stress,routing_compound_regional_stress:seed96100000:epoch80,80,16,validation,96300001,u_0.50,0.5,114067923.29948302,0.31690140845070425,123.0,0.16842105263157894,76e93fce97e67d1fdab3ec1bb06097dc544e906f7ab895f33802c2e42f31ff54
routing_compound_regional_stress,routing_compound_regional_stress:seed96100000:epoch80,80,16,validation,96300001,u_0.60,0.6,115295454.52211764,0.31690140845070425,123.0,0.16326530612244897,76e93fce97e67d1fdab3ec1bb06097dc544e906f7ab895f33802c2e42f31ff54
routing_compound_regional_stress,routing_compound_regional_stress:seed96100000:epoch80,80,16,validation,96300001,u_0.70,0.7,115004182.85164447,0.31690140845070425,120.0,0.1553398058252427,76e93fce97e67d1fdab3ec1bb06097dc544e906f7ab895f33802c2e42f31ff54
routing_compound_regional_stress,routing_compound_regional_stress:seed96100000:epoch80,80,16,validation,96300001,u_0.80,0.8,115443741.63569766,0.31690140845070425,118.0,0.14678899082568808,76e93fce97e67d1fdab3ec1bb06097dc544e906f7ab895f33802c2e42f31ff54
routing_compound_regional_stress,routing_compound_regional_stress:seed96100000:epoch80,80,16,validation,96300001,u_0.90,0.9,117365064.73137474,0.31690140845070425,118.0,0.14285714285714285,76e93fce97e67d1fdab3ec1bb06097dc544e906f7ab895f33802c2e42f31ff54
routing_compound_regional_stress,routing_compound_regional_stress:seed96100000:epoch80,80,16,validation,96300001,u_1.00,1.0,118041056.79948303,0.31690140845070425,116.0,0.13114754098360656,76e93fce97e67d1fdab3ec1bb06097dc544e906f7ab895f33802c2e42f31ff54
routing_compound_regional_stress,routing_compound_regional_stress:seed96100000:epoch80,80,16,validation,96300002,anchor,-1.0,116891664.83664253,0.31690140845070425,132.0,0.2711864406779661,76e93fce97e67d1fdab3ec1bb06097dc544e906f7ab895f33802c2e42f31ff54
routing_compound_regional_stress,routing_compound_regional_stress:seed96100000:epoch80,80,16,validation,96300002,u_0.00,0.0,116875464.84780052,0.31690140845070425,132.0,0.2711864406779661,76e93fce97e67d1fdab3ec1bb06097dc544e906f7ab895f33802c2e42f31ff54
routing_compound_regional_stress,routing_compound_regional_stress:seed96100000:epoch80,80,16,validation,96300002,u_0.10,0.1,115972543.37711743,0.31690140845070425,130.0,0.23880597014925373,76e93fce97e67d1fdab3ec1bb06097dc544e906f7ab895f33802c2e42f31ff54
routing_compound_regional_stress,routing_compound_regional_stress:seed96100000:epoch80,80,16,validation,96300002,u_0.20,0.2,116249759.32793215,0.31690140845070425,130.0,0.2222222222222222,76e93fce97e67d1fdab3ec1bb06097dc544e906f7ab895f33802c2e42f31ff54
routing_compound_regional_stress,routing_compound_regional_stress:seed96100000:epoch80,80,16,validation,96300002,u_0.30,0.3,115508012.37489039,0.31690140845070425,128.0,0.20253164556962025,76e93fce97e67d1fdab3ec1bb06097dc544e906f7ab895f33802c2e42f31ff54
routing_compound_regional_stress,routing_compound_regional_stress:seed96100000:epoch80,80,16,validation,96300002,u_0.40,0.4,114347142.28374061,0.31690140845070425,125.0,0.18181818181818182,76e93fce97e67d1fdab3ec1bb06097dc544e906f7ab895f33802c2e42f31ff54
routing_compound_regional_stress,routing_compound_regional_stress:seed96100000:epoch80,80,16,validation,96300002,u_0.50,0.5,114067923.29948302,0.31690140845070425,123.0,0.16842105263157894,76e93fce97e67d1fdab3ec1bb06097dc544e906f7ab895f33802c2e42f31ff54
routing_compound_regional_stress,routing_compound_regional_stress:seed96100000:epoch80,80,16,validation,96300002,u_0.60,0.6,115295454.52211764,0.31690140845070425,123.0,0.16326530612244897,76e93fce97e67d1fdab3ec1bb06097dc544e906f7ab895f33802c2e42f31ff54
routing_compound_regional_stress,routing_compound_regional_stress:seed96100000:epoch80,80,16,validation,96300002,u_0.70,0.7,115004182.85164447,0.31690140845070425,120.0,0.1553398058252427,76e93fce97e67d1fdab3ec1bb06097dc544e906f7ab895f33802c2e42f31ff54
routing_compound_regional_stress,routing_compound_regional_stress:seed96100000:epoch80,80,16,validation,96300002,u_0.80,0.8,115443741.63569766,0.31690140845070425,118.0,0.14678899082568808,76e93fce97e67d1fdab3ec1bb06097dc544e906f7ab895f33802c2e42f31ff54
routing_compound_regional_stress,routing_compound_regional_stress:seed96100000:epoch80,80,16,validation,96300002,u_0.90,0.9,117365064.73137474,0.31690140845070425,118.0,0.14285714285714285,76e93fce97e67d1fdab3ec1bb06097dc544e906f7ab895f33802c2e42f31ff54
routing_compound_regional_stress,routing_compound_regional_stress:seed96100000:epoch80,80,16,validation,96300002,u_1.00,1.0,118041056.79948303,0.31690140845070425,116.0,0.13114754098360656,76e93fce97e67d1fdab3ec1bb06097dc544e906f7ab895f33802c2e42f31ff54
routing_compound_regional_stress,routing_compound_regional_stress:seed96100000:epoch80,80,16,validation,96300003,anchor,-1.0,116891664.83664253,0.31690140845070425,132.0,0.2711864406779661,76e93fce97e67d1fdab3ec1bb06097dc544e906f7ab895f33802c2e42f31ff54
routing_compound_regional_stress,routing_compound_regional_stress:seed96100000:epoch80,80,16,validation,96300003,u_0.00,0.0,116875464.84780052,0.31690140845070425,132.0,0.2711864406779661,76e93fce97e67d1fdab3ec1bb06097dc544e906f7ab895f33802c2e42f31ff54
routing_compound_regional_stress,routing_compound_regional_stress:seed96100000:epoch80,80,16,validation,96300003,u_0.10,0.1,115972543.37711743,0.31690140845070425,130.0,0.23880597014925373,76e93fce97e67d1fdab3ec1bb06097dc544e906f7ab895f33802c2e42f31ff54
routing_compound_regional_stress,routing_compound_regional_stress:seed96100000:epoch80,80,16,validation,96300003,u_0.20,0.2,116249759.32793215,0.31690140845070425,130.0,0.2222222222222222,76e93fce97e67d1fdab3ec1bb06097dc544e906f7ab895f33802c2e42f31ff54
routing_compound_regional_stress,routing_compound_regional_stress:seed96100000:epoch80,80,16,validation,96300003,u_0.30,0.3,115508012.37489039,0.31690140845070425,128.0,0.20253164556962025,76e93fce97e67d1fdab3ec1bb06097dc544e906f7ab895f33802c2e42f31ff54
routing_compound_regional_stress,routing_compound_regional_stress:seed96100000:epoch80,80,16,validation,96300003,u_0.40,0.4,114347142.28374061,0.31690140845070425,125.0,0.18181818181818182,76e93fce97e67d1fdab3ec1bb06097dc544e906f7ab895f33802c2e42f31ff54
routing_compound_regional_stress,routing_compound_regional_stress:seed96100000:epoch80,80,16,validation,96300003,u_0.50,0.5,114067923.29948302,0.31690140845070425,123.0,0.16842105263157894,76e93fce97e67d1fdab3ec1bb06097dc544e906f7ab895f33802c2e42f31ff54
routing_compound_regional_stress,routing_compound_regional_stress:seed96100000:epoch80,80,16,validation,96300003,u_0.60,0.6,115295454.52211764,0.31690140845070425,123.0,0.16326530612244897,76e93fce97e67d1fdab3ec1bb06097dc544e906f7ab895f33802c2e42f31ff54
routing_compound_regional_stress,routing_compound_regional_stress:seed96100000:epoch80,80,16,validation,96300003,u_0.70,0.7,115004182.85164447,0.31690140845070425,120.0,0.1553398058252427,76e93fce97e67d1fdab3ec1bb06097dc544e906f7ab895f33802c2e42f31ff54
routing_compound_regional_stress,routing_compound_regional_stress:seed96100000:epoch80,80,16,validation,96300003,u_0.80,0.8,115443741.63569766,0.31690140845070425,118.0,0.14678899082568808,76e93fce97e67d1fdab3ec1bb06097dc544e906f7ab895f33802c2e42f31ff54
routing_compound_regional_stress,routing_compound_regional_stress:seed96100000:epoch80,80,16,validation,96300003,u_0.90,0.9,117365064.73137474,0.31690140845070425,118.0,0.14285714285714285,76e93fce97e67d1fdab3ec1bb06097dc544e906f7ab895f33802c2e42f31ff54
routing_compound_regional_stress,routing_compound_regional_stress:seed96100000:epoch80,80,16,validation,96300003,u_1.00,1.0,118041056.79948303,0.31690140845070425,116.0,0.13114754098360656,76e93fce97e67d1fdab3ec1bb06097dc544e906f7ab895f33802c2e42f31ff54
routing_compound_regional_stress,routing_compound_regional_stress:seed96100000:epoch80,80,16,validation,96300004,anchor,-1.0,116891664.83664253,0.31690140845070425,132.0,0.2711864406779661,76e93fce97e67d1fdab3ec1bb06097dc544e906f7ab895f33802c2e42f31ff54
routing_compound_regional_stress,routing_compound_regional_stress:seed96100000:epoch80,80,16,validation,96300004,u_0.00,0.0,116875464.84780052,0.31690140845070425,132.0,0.2711864406779661,76e93fce97e67d1fdab3ec1bb06097dc544e906f7ab895f33802c2e42f31ff54
routing_compound_regional_stress,routing_compound_regional_stress:seed96100000:epoch80,80,16,validation,96300004,u_0.10,0.1,115972543.37711743,0.31690140845070425,130.0,0.23880597014925373,76e93fce97e67d1fdab3ec1bb06097dc544e906f7ab895f33802c2e42f31ff54
routing_compound_regional_stress,routing_compound_regional_stress:seed96100000:epoch80,80,16,validation,96300004,u_0.20,0.2,116249759.32793215,0.31690140845070425,130.0,0.2222222222222222,76e93fce97e67d1fdab3ec1bb06097dc544e906f7ab895f33802c2e42f31ff54
routing_compound_regional_stress,routing_compound_regional_stress:seed96100000:epoch80,80,16,validation,96300004,u_0.30,0.3,115508012.37489039,0.31690140845070425,128.0,0.20253164556962025,76e93fce97e67d1fdab3ec1bb06097dc544e906f7ab895f33802c2e42f31ff54
routing_compound_regional_stress,routing_compound_regional_stress:seed96100000:epoch80,80,16,validation,96300004,u_0.40,0.4,114347142.28374061,0.31690140845070425,125.0,0.18181818181818182,76e93fce97e67d1fdab3ec1bb06097dc544e906f7ab895f33802c2e42f31ff54
routing_compound_regional_stress,routing_compound_regional_stress:seed96100000:epoch80,80,16,validation,96300004,u_0.50,0.5,114067923.29948302,0.31690140845070425,123.0,0.16842105263157894,76e93fce97e67d1fdab3ec1bb06097dc544e906f7ab895f33802c2e42f31ff54
routing_compound_regional_stress,routing_compound_regional_stress:seed96100000:epoch80,80,16,validation,96300004,u_0.60,0.6,115295454.52211764,0.31690140845070425,123.0,0.16326530612244897,76e93fce97e67d1fdab3ec1bb06097dc544e906f7ab895f33802c2e42f31ff54
routing_compound_regional_stress,routing_compound_regional_stress:seed96100000:epoch80,80,16,validation,96300004,u_0.70,0.7,115004182.85164447,0.31690140845070425,120.0,0.1553398058252427,76e93fce97e67d1fdab3ec1bb06097dc544e906f7ab895f33802c2e42f31ff54
routing_compound_regional_stress,routing_compound_regional_stress:seed96100000:epoch80,80,16,validation,96300004,u_0.80,0.8,115443741.63569766,0.31690140845070425,118.0,0.14678899082568808,76e93fce97e67d1fdab3ec1bb06097dc544e906f7ab895f33802c2e42f31ff54
routing_compound_regional_stress,routing_compound_regional_stress:seed96100000:epoch80,80,16,validation,96300004,u_0.90,0.9,117365064.73137474,0.31690140845070425,118.0,0.14285714285714285,76e93fce97e67d1fdab3ec1bb06097dc544e906f7ab895f33802c2e42f31ff54
routing_compound_regional_stress,routing_compound_regional_stress:seed96100000:epoch80,80,16,validation,96300004,u_1.00,1.0,118041056.79948303,0.31690140845070425,116.0,0.13114754098360656,76e93fce97e67d1fdab3ec1bb06097dc544e906f7ab895f33802c2e42f31ff54
routing_compound_regional_stress,routing_compound_regional_stress:seed96100001:epoch30,30,15,discovery,96200000,anchor,-1.0,2315605006.328344,0.3398369248689575,2264.0,0.15565345080763582,76e93fce97e67d1fdab3ec1bb06097dc544e906f7ab895f33802c2e42f31ff54
routing_compound_regional_stress,routing_compound_regional_stress:seed96100001:epoch30,30,15,discovery,96200000,u_0.00,0.0,2315605006.328344,0.3398369248689575,2264.0,0.15565345080763582,76e93fce97e67d1fdab3ec1bb06097dc544e906f7ab895f33802c2e42f31ff54
routing_compound_regional_stress,routing_compound_regional_stress:seed96100001:epoch30,30,15,discovery,96200000,u_0.10,0.1,2307014581.4435463,0.3421665695981363,2253.0,0.1528895391367959,76e93fce97e67d1fdab3ec1bb06097dc544e906f7ab895f33802c2e42f31ff54
routing_compound_regional_stress,routing_compound_regional_stress:seed96100001:epoch30,30,15,discovery,96200000,u_0.20,0.2,2312421726.8271565,0.34071054164239956,2261.0,0.1583941605839416,76e93fce97e67d1fdab3ec1bb06097dc544e906f7ab895f33802c2e42f31ff54
routing_compound_regional_stress,routing_compound_regional_stress:seed96100001:epoch30,30,15,discovery,96200000,u_0.30,0.3,2309701654.1282225,0.3415841584158416,2256.0,0.15843023255813954,76e93fce97e67d1fdab3ec1bb06097dc544e906f7ab895f33802c2e42f31ff54
routing_compound_regional_stress,routing_compound_regional_stress:seed96100001:epoch30,30,15,discovery,96200000,u_0.40,0.4,2315143157.4466114,0.3404193360512522,2255.0,0.16122004357298475,76e93fce97e67d1fdab3ec1bb06097dc544e906f7ab895f33802c2e42f31ff54
routing_compound_regional_stress,routing_compound_regional_stress:seed96100001:epoch30,30,15,discovery,96200000,u_0.50,0.5,2316256525.748359,0.3418753640069889,2252.0,0.16014492753623188,76e93fce97e67d1fdab3ec1bb06097dc544e906f7ab895f33802c2e42f31ff54
routing_compound_regional_stress,routing_compound_regional_stress:seed96100001:epoch30,30,15,discovery,96200000,u_0.60,0.6,2316589316.542694,0.3424577751892836,2250.0,0.15930485155684287,76e93fce97e67d1fdab3ec1bb06097dc544e906f7ab895f33802c2e42f31ff54
routing_compound_regional_stress,routing_compound_regional_stress:seed96100001:epoch30,30,15,discovery,96200000,u_0.70,0.7,2323927197.0801764,0.34071054164239956,2258.0,0.1632801161103048,76e93fce97e67d1fdab3ec1bb06097dc544e906f7ab895f33802c2e42f31ff54
routing_compound_regional_stress,routing_compound_regional_stress:seed96100001:epoch30,30,15,discovery,96200000,u_0.80,0.8,2322596593.531189,0.3424577751892836,2252.0,0.16196673897324657,76e93fce97e67d1fdab3ec1bb06097dc544e906f7ab895f33802c2e42f31ff54
routing_compound_regional_stress,routing_compound_regional_stress:seed96100001:epoch30,30,15,discovery,96200000,u_0.90,0.9,2324007027.669159,0.342748980780431,2251.0,0.16184971098265896,76e93fce97e67d1fdab3ec1bb06097dc544e906f7ab895f33802c2e42f31ff54
routing_compound_regional_stress,routing_compound_regional_stress:seed96100001:epoch30,30,15,discovery,96200000,u_1.00,1.0,2325058158.5024953,0.3439138031450204,2250.0,0.16028880866425993,76e93fce97e67d1fdab3ec1bb06097dc544e906f7ab895f33802c2e42f31ff54
routing_compound_regional_stress,routing_compound_regional_stress:seed96100001:epoch30,30,15,discovery,96200001,anchor,-1.0,2230176083.9730463,0.33285714285714285,2150.0,0.15808823529411764,76e93fce97e67d1fdab3ec1bb06097dc544e906f7ab895f33802c2e42f31ff54
routing_compound_regional_stress,routing_compound_regional_stress:seed96100001:epoch30,30,15,discovery,96200001,u_0.00,0.0,2230176083.9730463,0.33285714285714285,2150.0,0.15808823529411764,76e93fce97e67d1fdab3ec1bb06097dc544e906f7ab895f33802c2e42f31ff54
routing_compound_regional_stress,routing_compound_regional_stress:seed96100001:epoch30,30,15,discovery,96200001,u_0.10,0.1,2222171269.193906,0.33685714285714285,2139.0,0.15164835164835164,76e93fce97e67d1fdab3ec1bb06097dc544e906f7ab895f33802c2e42f31ff54
routing_compound_regional_stress,routing_compound_regional_stress:seed96100001:epoch30,30,15,discovery,96200001,u_0.20,0.2,2222595100.5208063,0.3362857142857143,2142.0,0.15574963609898107,76e93fce97e67d1fdab3ec1bb06097dc544e906f7ab895f33802c2e42f31ff54
routing_compound_regional_stress,routing_compound_regional_stress:seed96100001:epoch30,30,15,discovery,96200001,u_0.30,0.3,2226224099.4753623,0.33485714285714285,2145.0,0.15988372093023256,76e93fce97e67d1fdab3ec1bb06097dc544e906f7ab895f33802c2e42f31ff54
routing_compound_regional_stress,routing_compound_regional_stress:seed96100001:epoch30,30,15,discovery,96200001,u_0.40,0.4,2230454152.6042094,0.3322857142857143,2149.0,0.16131386861313868,76e93fce97e67d1fdab3ec1bb06097dc544e906f7ab895f33802c2e42f31ff54
routing_compound_regional_stress,routing_compound_regional_stress:seed96100001:epoch30,30,15,discovery,96200001,u_0.50,0.5,2231287233.2310047,0.33285714285714285,2141.0,0.1620639534883721,76e93fce97e67d1fdab3ec1bb06097dc544e906f7ab895f33802c2e42f31ff54
routing_compound_regional_stress,routing_compound_regional_stress:seed96100001:epoch30,30,15,discovery,96200001,u_0.60,0.6,2232313867.54853,0.33314285714285713,2140.0,0.16194625998547568,76e93fce97e67d1fdab3ec1bb06097dc544e906f7ab895f33802c2e42f31ff54
routing_compound_regional_stress,routing_compound_regional_stress:seed96100001:epoch30,30,15,discovery,96200001,u_0.70,0.7,2239829745.674151,0.3314285714285714,2148.0,0.16593886462882096,76e93fce97e67d1fdab3ec1bb06097dc544e906f7ab895f33802c2e42f31ff54
routing_compound_regional_stress,routing_compound_regional_stress:seed96100001:epoch30,30,15,discovery,96200001,u_0.80,0.8,2235895506.697645,0.3334285714285714,2139.0,0.1632801161103048,76e93fce97e67d1fdab3ec1bb06097dc544e906f7ab895f33802c2e42f31ff54
routing_compound_regional_stress,routing_compound_regional_stress:seed96100001:epoch30,30,15,discovery,96200001,u_0.90,0.9,2237307380.0832295,0.33371428571428574,2138.0,0.16316171138506164,76e93fce97e67d1fdab3ec1bb06097dc544e906f7ab895f33802c2e42f31ff54
routing_compound_regional_stress,routing_compound_regional_stress:seed96100001:epoch30,30,15,discovery,96200001,u_1.00,1.0,2239761700.6480827,0.3334285714285714,2142.0,0.16630513376717282,76e93fce97e67d1fdab3ec1bb06097dc544e906f7ab895f33802c2e42f31ff54
routing_compound_regional_stress,routing_compound_regional_stress:seed96100001:epoch30,30,15,discovery,96200002,anchor,-1.0,2065473876.266062,0.38604499510922724,2099.0,0.14809384164222875,76e93fce97e67d1fdab3ec1bb06097dc544e906f7ab895f33802c2e42f31ff54
routing_compound_regional_stress,routing_compound_regional_stress:seed96100001:epoch30,30,15,discovery,96200002,u_0.00,0.0,2065473876.266062,0.38604499510922724,2099.0,0.14809384164222875,76e93fce97e67d1fdab3ec1bb06097dc544e906f7ab895f33802c2e42f31ff54
routing_compound_regional_stress,routing_compound_regional_stress:seed96100001:epoch30,30,15,discovery,96200002,u_0.10,0.1,2065098156.8139694,0.3857189435930877,2099.0,0.15142648134601316,76e93fce97e67d1fdab3ec1bb06097dc544e906f7ab895f33802c2e42f31ff54
routing_compound_regional_stress,routing_compound_regional_stress:seed96100001:epoch30,30,15,discovery,96200002,u_0.20,0.2,2062073155.2091513,0.3863710466253668,2094.0,0.1529497450837582,76e93fce97e67d1fdab3ec1bb06097dc544e906f7ab895f33802c2e42f31ff54
routing_compound_regional_stress,routing_compound_regional_stress:seed96100001:epoch30,30,15,discovery,96200002,u_0.30,0.3,2051269360.3968234,0.3915878708835996,2081.0,0.14586357039187228,76e93fce97e67d1fdab3ec1bb06097dc544e906f7ab895f33802c2e42f31ff54
routing_compound_regional_stress,routing_compound_regional_stress:seed96100001:epoch30,30,15,discovery,96200002,u_0.40,0.4,2055170918.7002125,0.3915878708835996,2083.0,0.15007215007215008,76e93fce97e67d1fdab3ec1bb06097dc544e906f7ab895f33802c2e42f31ff54
routing_compound_regional_stress,routing_compound_regional_stress:seed96100001:epoch30,30,15,discovery,96200002,u_0.50,0.5,2055015214.410854,0.3912618193674601,2079.0,0.14830813534917206,76e93fce97e67d1fdab3ec1bb06097dc544e906f7ab895f33802c2e42f31ff54
routing_compound_regional_stress,routing_compound_regional_stress:seed96100001:epoch30,30,15,discovery,96200002,u_0.60,0.6,2055545452.6205397,0.3912618193674601,2078.0,0.14820143884892087,76e93fce97e67d1fdab3ec1bb06097dc544e906f7ab895f33802c2e42f31ff54
routing_compound_regional_stress,routing_compound_regional_stress:seed96100001:epoch30,30,15,discovery,96200002,u_0.70,0.7,2060038637.3228278,0.39060971633518093,2081.0,0.14924297043979812,76e93fce97e67d1fdab3ec1bb06097dc544e906f7ab895f33802c2e42f31ff54
routing_compound_regional_stress,routing_compound_regional_stress:seed96100001:epoch30,30,15,discovery,96200002,u_0.80,0.8,2057703200.6368306,0.39256602543201824,2074.0,0.14960629921259844,76e93fce97e67d1fdab3ec1bb06097dc544e906f7ab895f33802c2e42f31ff54
routing_compound_regional_stress,routing_compound_regional_stress:seed96100001:epoch30,30,15,discovery,96200002,u_0.90,0.9,2059115073.7366843,0.3928920769481578,2073.0,0.14949928469241774,76e93fce97e67d1fdab3ec1bb06097dc544e906f7ab895f33802c2e42f31ff54
routing_compound_regional_stress,routing_compound_regional_stress:seed96100001:epoch30,30,15,discovery,96200002,u_1.00,1.0,2063493353.1074748,0.3922399739158787,2075.0,0.15103793843951324,76e93fce97e67d1fdab3ec1bb06097dc544e906f7ab895f33802c2e42f31ff54
routing_compound_regional_stress,routing_compound_regional_stress:seed96100001:epoch30,30,15,validation,96300000,anchor,-1.0,1776241446.7138915,0.3834759710335747,1756.0,0.1447562776957164,76e93fce97e67d1fdab3ec1bb06097dc544e906f7ab895f33802c2e42f31ff54
routing_compound_regional_stress,routing_compound_regional_stress:seed96100001:epoch30,30,15,validation,96300000,u_0.00,0.0,1776241446.7138915,0.3834759710335747,1756.0,0.1447562776957164,76e93fce97e67d1fdab3ec1bb06097dc544e906f7ab895f33802c2e42f31ff54
routing_compound_regional_stress,routing_compound_regional_stress:seed96100001:epoch30,30,15,validation,96300000,u_0.10,0.1,1773654117.915121,0.3838051349572087,1753.0,0.14432989690721648,76e93fce97e67d1fdab3ec1bb06097dc544e906f7ab895f33802c2e42f31ff54
routing_compound_regional_stress,routing_compound_regional_stress:seed96100001:epoch30,30,15,validation,96300000,u_0.20,0.2,1770390290.9485288,0.3880842659644503,1751.0,0.14222873900293256,76e93fce97e67d1fdab3ec1bb06097dc544e906f7ab895f33802c2e42f31ff54
routing_compound_regional_stress,routing_compound_regional_stress:seed96100001:epoch30,30,15,validation,96300000,u_0.30,0.3,1759976769.435022,0.3926925608953259,1738.0,0.13343108504398826,76e93fce97e67d1fdab3ec1bb06097dc544e906f7ab895f33802c2e42f31ff54
routing_compound_regional_stress,routing_compound_regional_stress:seed96100001:epoch30,30,15,validation,96300000,u_0.40,0.4,1772542087.5837233,0.38742593811718234,1750.0,0.14411764705882352,76e93fce97e67d1fdab3ec1bb06097dc544e906f7ab895f33802c2e42f31ff54
routing_compound_regional_stress,routing_compound_regional_stress:seed96100001:epoch30,30,15,validation,96300000,u_0.50,0.5,1761008446.4109895,0.39335088874259383,1730.0,0.13596491228070176,76e93fce97e67d1fdab3ec1bb06097dc544e906f7ab895f33802c2e42f31ff54
routing_compound_regional_stress,routing_compound_regional_stress:seed96100001:epoch30,30,15,validation,96300000,u_0.60,0.6,1761992949.2856514,0.39335088874259383,1730.0,0.13533284564740308,76e93fce97e67d1fdab3ec1bb06097dc544e906f7ab895f33802c2e42f31ff54
routing_compound_regional_stress,routing_compound_regional_stress:seed96100001:epoch30,30,15,validation,96300000,u_0.70,0.7,1765917215.6547189,0.3923633969716919,1734.0,0.13636363636363635,76e93fce97e67d1fdab3ec1bb06097dc544e906f7ab895f33802c2e42f31ff54
routing_compound_regional_stress,routing_compound_regional_stress:seed96100001:epoch30,30,15,validation,96300000,u_0.80,0.8,1765503587.2378218,0.39433838051349573,1729.0,0.13702623906705538,76e93fce97e67d1fdab3ec1bb06097dc544e906f7ab895f33802c2e42f31ff54
routing_compound_regional_stress,routing_compound_regional_stress:seed96100001:epoch30,30,15,validation,96300000,u_0.90,0.9,1766915460.1906962,0.3946675444371297,1728.0,0.1369264384559359,76e93fce97e67d1fdab3ec1bb06097dc544e906f7ab895f33802c2e42f31ff54
routing_compound_regional_stress,routing_compound_regional_stress:seed96100001:epoch30,30,15,validation,96300000,u_1.00,1.0,1771911865.27613,0.3936800526662278,1732.0,0.14181818181818182,76e93fce97e67d1fdab3ec1bb06097dc544e906f7ab895f33802c2e42f31ff54
routing_compound_regional_stress,routing_compound_regional_stress:seed96100001:epoch30,30,15,validation,96300001,anchor,-1.0,2240403549.7312784,0.3350634371395617,2218.0,0.16473149492017417,76e93fce97e67d1fdab3ec1bb06097dc544e906f7ab895f33802c2e42f31ff54
routing_compound_regional_stress,routing_compound_regional_stress:seed96100001:epoch30,30,15,validation,96300001,u_0.00,0.0,2240403549.7312784,0.3350634371395617,2218.0,0.16473149492017417,76e93fce97e67d1fdab3ec1bb06097dc544e906f7ab895f33802c2e42f31ff54
routing_compound_regional_stress,routing_compound_regional_stress:seed96100001:epoch30,30,15,validation,96300001,u_0.10,0.1,2238207427.492966,0.3365051903114187,2217.0,0.1644927536231884,76e93fce97e67d1fdab3ec1bb06097dc544e906f7ab895f33802c2e42f31ff54
routing_compound_regional_stress,routing_compound_regional_stress:seed96100001:epoch30,30,15,validation,96300001,u_0.20,0.2,2236424081.1303926,0.33794694348327564,2212.0,0.16257225433526012,76e93fce97e67d1fdab3ec1bb06097dc544e906f7ab895f33802c2e42f31ff54
routing_compound_regional_stress,routing_compound_regional_stress:seed96100001:epoch30,30,15,validation,96300001,u_0.30,0.3,2229713170.800922,0.3408304498269896,2202.0,0.16020114942528735,76e93fce97e67d1fdab3ec1bb06097dc544e906f7ab895f33802c2e42f31ff54
routing_compound_regional_stress,routing_compound_regional_stress:seed96100001:epoch30,30,15,validation,96300001,u_0.40,0.4,2240250706.320905,0.33765859284890426,2214.0,0.16606498194945848,76e93fce97e67d1fdab3ec1bb06097dc544e906f7ab895f33802c2e42f31ff54
routing_compound_regional_stress,routing_compound_regional_stress:seed96100001:epoch30,30,15,validation,96300001,u_0.50,0.5,2238466141.0745664,0.33852364475201846,2210.0,0.16750539180445723,76e93fce97e67d1fdab3ec1bb06097dc544e906f7ab895f33802c2e42f31ff54
routing_compound_regional_stress,routing_compound_regional_stress:seed96100001:epoch30,30,15,validation,96300001,u_0.60,0.6,2239040200.000371,0.33881199538638984,2209.0,0.16738505747126436,76e93fce97e67d1fdab3ec1bb06097dc544e906f7ab895f33802c2e42f31ff54
routing_compound_regional_stress,routing_compound_regional_stress:seed96100001:epoch30,30,15,validation,96300001,u_0.70,0.7,2243238146.4550476,0.33794694348327564,2213.0,0.1689432063263839,76e93fce97e67d1fdab3ec1bb06097dc544e906f7ab895f33802c2e42f31ff54
routing_compound_regional_stress,routing_compound_regional_stress:seed96100001:epoch30,30,15,validation,96300001,u_0.80,0.8,2235741778.4204245,0.3416955017301038,2201.0,0.16415770609318997,76e93fce97e67d1fdab3ec1bb06097dc544e906f7ab895f33802c2e42f31ff54
routing_compound_regional_stress,routing_compound_regional_stress:seed96100001:epoch30,30,15,validation,96300001,u_0.90,0.9,2237211542.8765388,0.3419838523644752,2200.0,0.16344086021505377,76e93fce97e67d1fdab3ec1bb06097dc544e906f7ab895f33802c2e42f31ff54
routing_compound_regional_stress,routing_compound_regional_stress:seed96100001:epoch30,30,15,validation,96300001,u_1.00,1.0,2236825516.752463,0.3431372549019608,2195.0,0.1624910522548318,76e93fce97e67d1fdab3ec1bb06097dc544e906f7ab895f33802c2e42f31ff54
routing_compound_regional_stress,routing_compound_regional_stress:seed96100001:epoch30,30,15,validation,96300002,anchor,-1.0,1807148426.3004997,0.40224032586558045,1790.0,0.13712618526622902,76e93fce97e67d1fdab3ec1bb06097dc544e906f7ab895f33802c2e42f31ff54
routing_compound_regional_stress,routing_compound_regional_stress:seed96100001:epoch30,30,15,validation,96300002,u_0.00,0.0,1807148426.3004997,0.40224032586558045,1790.0,0.13712618526622902,76e93fce97e67d1fdab3ec1bb06097dc544e906f7ab895f33802c2e42f31ff54
routing_compound_regional_stress,routing_compound_regional_stress:seed96100001:epoch30,30,15,validation,96300002,u_0.10,0.1,1808466590.4210863,0.4025797691785472,1793.0,0.13963636363636364,76e93fce97e67d1fdab3ec1bb06097dc544e906f7ab895f33802c2e42f31ff54
routing_compound_regional_stress,routing_compound_regional_stress:seed96100001:epoch30,30,15,validation,96300002,u_0.20,0.2,1806601102.7859118,0.4035980991174474,1791.0,0.14005805515239478,76e93fce97e67d1fdab3ec1bb06097dc544e906f7ab895f33802c2e42f31ff54
routing_compound_regional_stress,routing_compound_regional_stress:seed96100001:epoch30,30,15,validation,96300002,u_0.30,0.3,1804399148.899292,0.40495587236931435,1787.0,0.14213564213564214,76e93fce97e67d1fdab3ec1bb06097dc544e906f7ab895f33802c2e42f31ff54
routing_compound_regional_stress,routing_compound_regional_stress:seed96100001:epoch30,30,15,validation,96300002,u_0.40,0.4,1808941580.2340605,0.40325865580448067,1793.0,0.14657039711191336,76e93fce97e67d1fdab3ec1bb06097dc544e906f7ab895f33802c2e42f31ff54
routing_compound_regional_stress,routing_compound_regional_stress:seed96100001:epoch30,30,15,validation,96300002,u_0.50,0.5,1800855081.204331,0.4076714188730482,1780.0,0.14028776978417265,76e93fce97e67d1fdab3ec1bb06097dc544e906f7ab895f33802c2e42f31ff54
routing_compound_regional_stress,routing_compound_regional_stress:seed96100001:epoch30,30,15,validation,96300002,u_0.60,0.6,1802164704.9739134,0.4076714188730482,1780.0,0.1409058231488138,76e93fce97e67d1fdab3ec1bb06097dc544e906f7ab895f33802c2e42f31ff54
routing_compound_regional_stress,routing_compound_regional_stress:seed96100001:epoch30,30,15,validation,96300002,u_0.70,0.7,1807536806.7602115,0.4073319755600815,1784.0,0.14131218457101657,76e93fce97e67d1fdab3ec1bb06097dc544e906f7ab895f33802c2e42f31ff54
routing_compound_regional_stress,routing_compound_regional_stress:seed96100001:epoch30,30,15,validation,96300002,u_0.80,0.8,1806635431.8774304,0.4090291921249151,1779.0,0.14131994261119082,76e93fce97e67d1fdab3ec1bb06097dc544e906f7ab895f33802c2e42f31ff54
routing_compound_regional_stress,routing_compound_regional_stress:seed96100001:epoch30,30,15,validation,96300002,u_0.90,0.9,1808226134.8886225,0.4086897488119484,1779.0,0.14203730272596843,76e93fce97e67d1fdab3ec1bb06097dc544e906f7ab895f33802c2e42f31ff54
routing_compound_regional_stress,routing_compound_regional_stress:seed96100001:epoch30,30,15,validation,96300002,u_1.00,1.0,1810326869.4852865,0.4093686354378819,1779.0,0.1414213926776741,76e93fce97e67d1fdab3ec1bb06097dc544e906f7ab895f33802c2e42f31ff54
routing_compound_regional_stress,routing_compound_regional_stress:seed96100001:epoch30,30,15,validation,96300003,anchor,-1.0,1798756847.1386273,0.41905773999291535,1820.0,0.1376757957068838,76e93fce97e67d1fdab3ec1bb06097dc544e906f7ab895f33802c2e42f31ff54
routing_compound_regional_stress,routing_compound_regional_stress:seed96100001:epoch30,30,15,validation,96300003,u_0.00,0.0,1798756847.1386273,0.41905773999291535,1820.0,0.1376757957068838,76e93fce97e67d1fdab3ec1bb06097dc544e906f7ab895f33802c2e42f31ff54
routing_compound_regional_stress,routing_compound_regional_stress:seed96100001:epoch30,30,15,validation,96300003,u_0.10,0.1,1793510695.49219,0.4218916046758767,1812.0,0.13431734317343175,76e93fce97e67d1fdab3ec1bb06097dc544e906f7ab895f33802c2e42f31ff54
routing_compound_regional_stress,routing_compound_regional_stress:seed96100001:epoch30,30,15,validation,96300003,u_0.20,0.2,1791634905.3122995,0.42295430393198724,1808.0,0.13431734317343175,76e93fce97e67d1fdab3ec1bb06097dc544e906f7ab895f33802c2e42f31ff54
routing_compound_regional_stress,routing_compound_regional_stress:seed96100001:epoch30,30,15,validation,96300003,u_0.30,0.3,1791319965.6858015,0.42366277010272757,1809.0,0.13333333333333333,76e93fce97e67d1fdab3ec1bb06097dc544e906f7ab895f33802c2e42f31ff54
routing_compound_regional_stress,routing_compound_regional_stress:seed96100001:epoch30,30,15,validation,96300003,u_0.40,0.4,1796550445.7041078,0.42047467233439606,1812.0,0.13793103448275862,76e93fce97e67d1fdab3ec1bb06097dc544e906f7ab895f33802c2e42f31ff54
routing_compound_regional_stress,routing_compound_regional_stress:seed96100001:epoch30,30,15,validation,96300003,u_0.50,0.5,1788978408.3015757,0.4261424017003188,1804.0,0.1304029304029304,76e93fce97e67d1fdab3ec1bb06097dc544e906f7ab895f33802c2e42f31ff54
routing_compound_regional_stress,routing_compound_regional_stress:seed96100001:epoch30,30,15,validation,96300003,u_0.60,0.6,1790433323.4413989,0.426496634785689,1804.0,0.1304029304029304,76e93fce97e67d1fdab3ec1bb06097dc544e906f7ab895f33802c2e42f31ff54
routing_compound_regional_stress,routing_compound_regional_stress:seed96100001:epoch30,30,15,validation,96300003,u_0.70,0.7,1794251446.7030158,0.4250797024442083,1808.0,0.13279530447542187,76e93fce97e67d1fdab3ec1bb06097dc544e906f7ab895f33802c2e42f31ff54
routing_compound_regional_stress,routing_compound_regional_stress:seed96100001:epoch30,30,15,validation,96300003,u_0.80,0.8,1790574945.885336,0.42862203329791004,1796.0,0.13075237399561723,76e93fce97e67d1fdab3ec1bb06097dc544e906f7ab895f33802c2e42f31ff54
routing_compound_regional_stress,routing_compound_regional_stress:seed96100001:epoch30,30,15,validation,96300003,u_0.90,0.9,1792576020.935752,0.4289762663832802,1797.0,0.13211678832116788,76e93fce97e67d1fdab3ec1bb06097dc544e906f7ab895f33802c2e42f31ff54
routing_compound_regional_stress,routing_compound_regional_stress:seed96100001:epoch30,30,15,validation,96300003,u_1.00,1.0,1792463376.2450273,0.42968473255402057,1794.0,0.13129102844638948,76e93fce97e67d1fdab3ec1bb06097dc544e906f7ab895f33802c2e42f31ff54
routing_compound_regional_stress,routing_compound_regional_stress:seed96100001:epoch30,30,15,validation,96300004,anchor,-1.0,1924120686.0138183,0.4039690548267743,1920.0,0.13132795304475423,76e93fce97e67d1fdab3ec1bb06097dc544e906f7ab895f33802c2e42f31ff54
routing_compound_regional_stress,routing_compound_regional_stress:seed96100001:epoch30,30,15,validation,96300004,u_0.00,0.0,1924120686.0138183,0.4039690548267743,1920.0,0.13132795304475423,76e93fce97e67d1fdab3ec1bb06097dc544e906f7ab895f33802c2e42f31ff54
routing_compound_regional_stress,routing_compound_regional_stress:seed96100001:epoch30,30,15,validation,96300004,u_0.10,0.1,1922995484.6917388,0.4049781365623949,1918.0,0.13084795321637427,76e93fce97e67d1fdab3ec1bb06097dc544e906f7ab895f33802c2e42f31ff54
routing_compound_regional_stress,routing_compound_regional_stress:seed96100001:epoch30,30,15,validation,96300004,u_0.20,0.2,1917340400.1095324,0.40699630003363607,1909.0,0.12745812090313183,76e93fce97e67d1fdab3ec1bb06097dc544e906f7ab895f33802c2e42f31ff54
routing_compound_regional_stress,routing_compound_regional_stress:seed96100001:epoch30,30,15,validation,96300004,u_0.30,0.3,1912022466.043976,0.41035990581903803,1900.0,0.12644508670520233,76e93fce97e67d1fdab3ec1bb06097dc544e906f7ab895f33802c2e42f31ff54
routing_compound_regional_stress,routing_compound_regional_stress:seed96100001:epoch30,30,15,validation,96300004,u_0.40,0.4,1921141235.542677,0.40733266061217627,1911.0,0.1339608979000724,76e93fce97e67d1fdab3ec1bb06097dc544e906f7ab895f33802c2e42f31ff54
routing_compound_regional_stress,routing_compound_regional_stress:seed96100001:epoch30,30,15,validation,96300004,u_0.50,0.5,1920192604.8389745,0.40834174234779685,1908.0,0.13338139870223503,76e93fce97e67d1fdab3ec1bb06097dc544e906f7ab895f33802c2e42f31ff54
routing_compound_regional_stress,routing_compound_regional_stress:seed96100001:epoch30,30,15,validation,96300004,u_0.60,0.6,1921553820.1831224,0.40867810292633705,1907.0,0.13328530259365995,76e93fce97e67d1fdab3ec1bb06097dc544e906f7ab895f33802c2e42f31ff54
routing_compound_regional_stress,routing_compound_regional_stress:seed96100001:epoch30,30,15,validation,96300004,u_0.70,0.7,1927658398.889703,0.4066599394550959,1914.0,0.1371841155234657,76e93fce97e67d1fdab3ec1bb06097dc544e906f7ab895f33802c2e42f31ff54
routing_compound_regional_stress,routing_compound_regional_stress:seed96100001:epoch30,30,15,validation,96300004,u_0.80,0.8,1927350501.4589913,0.40766902119071646,1912.0,0.1387491013659238,76e93fce97e67d1fdab3ec1bb06097dc544e906f7ab895f33802c2e42f31ff54
routing_compound_regional_stress,routing_compound_regional_stress:seed96100001:epoch30,30,15,validation,96300004,u_0.90,0.9,1928779286.172122,0.40800538176925666,1911.0,0.13864942528735633,76e93fce97e67d1fdab3ec1bb06097dc544e906f7ab895f33802c2e42f31ff54
routing_compound_regional_stress,routing_compound_regional_stress:seed96100001:epoch30,30,15,validation,96300004,u_1.00,1.0,1928231006.347804,0.40935082408341744,1907.0,0.13711414213926776,76e93fce97e67d1fdab3ec1bb06097dc544e906f7ab895f33802c2e42f31ff54
routing_compound_regional_stress,routing_compound_regional_stress:seed96100001:epoch55,55,16,discovery,96200000,anchor,-1.0,80847270.87533423,0.3010204081632653,64.0,0.14814814814814814,76e93fce97e67d1fdab3ec1bb06097dc544e906f7ab895f33802c2e42f31ff54
routing_compound_regional_stress,routing_compound_regional_stress:seed96100001:epoch55,55,16,discovery,96200000,u_0.00,0.0,80828835.01204848,0.3010204081632653,64.0,0.1509433962264151,76e93fce97e67d1fdab3ec1bb06097dc544e906f7ab895f33802c2e42f31ff54
routing_compound_regional_stress,routing_compound_regional_stress:seed96100001:epoch55,55,16,discovery,96200000,u_0.10,0.1,81009871.72743069,0.3010204081632653,64.0,0.13559322033898305,76e93fce97e67d1fdab3ec1bb06097dc544e906f7ab895f33802c2e42f31ff54
routing_compound_regional_stress,routing_compound_regional_stress:seed96100001:epoch55,55,16,discovery,96200000,u_0.20,0.2,80821575.77163646,0.3010204081632653,63.0,0.125,76e93fce97e67d1fdab3ec1bb06097dc544e906f7ab895f33802c2e42f31ff54
routing_compound_regional_stress,routing_compound_regional_stress:seed96100001:epoch55,55,16,discovery,96200000,u_0.30,0.3,79573300.92363912,0.3010204081632653,60.0,0.11267605633802817,76e93fce97e67d1fdab3ec1bb06097dc544e906f7ab895f33802c2e42f31ff54
routing_compound_regional_stress,routing_compound_regional_stress:seed96100001:epoch55,55,16,discovery,96200000,u_0.40,0.4,78752741.72951588,0.3010204081632653,57.0,0.1038961038961039,76e93fce97e67d1fdab3ec1bb06097dc544e906f7ab895f33802c2e42f31ff54
routing_compound_regional_stress,routing_compound_regional_stress:seed96100001:epoch55,55,16,discovery,96200000,u_0.50,0.5,79236068.24742553,0.3010204081632653,56.0,0.0963855421686747,76e93fce97e67d1fdab3ec1bb06097dc544e906f7ab895f33802c2e42f31ff54
routing_compound_regional_stress,routing_compound_regional_stress:seed96100001:epoch55,55,16,discovery,96200000,u_0.60,0.6,80786426.67325734,0.3010204081632653,56.0,0.09523809523809523,76e93fce97e67d1fdab3ec1bb06097dc544e906f7ab895f33802c2e42f31ff54
routing_compound_regional_stress,routing_compound_regional_stress:seed96100001:epoch55,55,16,discovery,96200000,u_0.70,0.7,80813613.00701132,0.3010204081632653,53.0,0.0898876404494382,76e93fce97e67d1fdab3ec1bb06097dc544e906f7ab895f33802c2e42f31ff54
routing_compound_regional_stress,routing_compound_regional_stress:seed96100001:epoch55,55,16,discovery,96200000,u_0.80,0.8,82119699.71745744,0.3010204081632653,52.0,0.08421052631578947,76e93fce97e67d1fdab3ec1bb06097dc544e906f7ab895f33802c2e42f31ff54
routing_compound_regional_stress,routing_compound_regional_stress:seed96100001:epoch55,55,16,discovery,96200000,u_0.90,0.9,83917690.09828582,0.3010204081632653,51.0,0.08333333333333333,76e93fce97e67d1fdab3ec1bb06097dc544e906f7ab895f33802c2e42f31ff54
routing_compound_regional_stress,routing_compound_regional_stress:seed96100001:epoch55,55,16,discovery,96200000,u_1.00,1.0,84904216.54742552,0.3010204081632653,49.0,0.07476635514018691,76e93fce97e67d1fdab3ec1bb06097dc544e906f7ab895f33802c2e42f31ff54
routing_compound_regional_stress,routing_compound_regional_stress:seed96100001:epoch55,55,16,discovery,96200001,anchor,-1.0,80847270.87533423,0.3010204081632653,64.0,0.14814814814814814,76e93fce97e67d1fdab3ec1bb06097dc544e906f7ab895f33802c2e42f31ff54
routing_compound_regional_stress,routing_compound_regional_stress:seed96100001:epoch55,55,16,discovery,96200001,u_0.00,0.0,80828835.01204848,0.3010204081632653,64.0,0.1509433962264151,76e93fce97e67d1fdab3ec1bb06097dc544e906f7ab895f33802c2e42f31ff54
routing_compound_regional_stress,routing_compound_regional_stress:seed96100001:epoch55,55,16,discovery,96200001,u_0.10,0.1,81009871.72743069,0.3010204081632653,64.0,0.13559322033898305,76e93fce97e67d1fdab3ec1bb06097dc544e906f7ab895f33802c2e42f31ff54
routing_compound_regional_stress,routing_compound_regional_stress:seed96100001:epoch55,55,16,discovery,96200001,u_0.20,0.2,80821575.77163646,0.3010204081632653,63.0,0.125,76e93fce97e67d1fdab3ec1bb06097dc544e906f7ab895f33802c2e42f31ff54
routing_compound_regional_stress,routing_compound_regional_stress:seed96100001:epoch55,55,16,discovery,96200001,u_0.30,0.3,79573300.92363912,0.3010204081632653,60.0,0.11267605633802817,76e93fce97e67d1fdab3ec1bb06097dc544e906f7ab895f33802c2e42f31ff54
routing_compound_regional_stress,routing_compound_regional_stress:seed96100001:epoch55,55,16,discovery,96200001,u_0.40,0.4,78752741.72951588,0.3010204081632653,57.0,0.1038961038961039,76e93fce97e67d1fdab3ec1bb06097dc544e906f7ab895f33802c2e42f31ff54
routing_compound_regional_stress,routing_compound_regional_stress:seed96100001:epoch55,55,16,discovery,96200001,u_0.50,0.5,79236068.24742553,0.3010204081632653,56.0,0.0963855421686747,76e93fce97e67d1fdab3ec1bb06097dc544e906f7ab895f33802c2e42f31ff54
routing_compound_regional_stress,routing_compound_regional_stress:seed96100001:epoch55,55,16,discovery,96200001,u_0.60,0.6,80786426.67325734,0.3010204081632653,56.0,0.09523809523809523,76e93fce97e67d1fdab3ec1bb06097dc544e906f7ab895f33802c2e42f31ff54
routing_compound_regional_stress,routing_compound_regional_stress:seed96100001:epoch55,55,16,discovery,96200001,u_0.70,0.7,80813613.00701132,0.3010204081632653,53.0,0.0898876404494382,76e93fce97e67d1fdab3ec1bb06097dc544e906f7ab895f33802c2e42f31ff54
routing_compound_regional_stress,routing_compound_regional_stress:seed96100001:epoch55,55,16,discovery,96200001,u_0.80,0.8,82119699.71745744,0.3010204081632653,52.0,0.08421052631578947,76e93fce97e67d1fdab3ec1bb06097dc544e906f7ab895f33802c2e42f31ff54
routing_compound_regional_stress,routing_compound_regional_stress:seed96100001:epoch55,55,16,discovery,96200001,u_0.90,0.9,83917690.09828582,0.3010204081632653,51.0,0.08333333333333333,76e93fce97e67d1fdab3ec1bb06097dc544e906f7ab895f33802c2e42f31ff54
routing_compound_regional_stress,routing_compound_regional_stress:seed96100001:epoch55,55,16,discovery,96200001,u_1.00,1.0,84904216.54742552,0.3010204081632653,49.0,0.07476635514018691,76e93fce97e67d1fdab3ec1bb06097dc544e906f7ab895f33802c2e42f31ff54
routing_compound_regional_stress,routing_compound_regional_stress:seed96100001:epoch55,55,16,discovery,96200002,anchor,-1.0,80847270.87533423,0.3010204081632653,64.0,0.14814814814814814,76e93fce97e67d1fdab3ec1bb06097dc544e906f7ab895f33802c2e42f31ff54
routing_compound_regional_stress,routing_compound_regional_stress:seed96100001:epoch55,55,16,discovery,96200002,u_0.00,0.0,80828835.01204848,0.3010204081632653,64.0,0.1509433962264151,76e93fce97e67d1fdab3ec1bb06097dc544e906f7ab895f33802c2e42f31ff54
routing_compound_regional_stress,routing_compound_regional_stress:seed96100001:epoch55,55,16,discovery,96200002,u_0.10,0.1,81009871.72743069,0.3010204081632653,64.0,0.13559322033898305,76e93fce97e67d1fdab3ec1bb06097dc544e906f7ab895f33802c2e42f31ff54
routing_compound_regional_stress,routing_compound_regional_stress:seed96100001:epoch55,55,16,discovery,96200002,u_0.20,0.2,80821575.77163646,0.3010204081632653,63.0,0.125,76e93fce97e67d1fdab3ec1bb06097dc544e906f7ab895f33802c2e42f31ff54
routing_compound_regional_stress,routing_compound_regional_stress:seed96100001:epoch55,55,16,discovery,96200002,u_0.30,0.3,79573300.92363912,0.3010204081632653,60.0,0.11267605633802817,76e93fce97e67d1fdab3ec1bb06097dc544e906f7ab895f33802c2e42f31ff54
routing_compound_regional_stress,routing_compound_regional_stress:seed96100001:epoch55,55,16,discovery,96200002,u_0.40,0.4,78752741.72951588,0.3010204081632653,57.0,0.1038961038961039,76e93fce97e67d1fdab3ec1bb06097dc544e906f7ab895f33802c2e42f31ff54
routing_compound_regional_stress,routing_compound_regional_stress:seed96100001:epoch55,55,16,discovery,96200002,u_0.50,0.5,79236068.24742553,0.3010204081632653,56.0,0.0963855421686747,76e93fce97e67d1fdab3ec1bb06097dc544e906f7ab895f33802c2e42f31ff54
routing_compound_regional_stress,routing_compound_regional_stress:seed96100001:epoch55,55,16,discovery,96200002,u_0.60,0.6,80786426.67325734,0.3010204081632653,56.0,0.09523809523809523,76e93fce97e67d1fdab3ec1bb06097dc544e906f7ab895f33802c2e42f31ff54
routing_compound_regional_stress,routing_compound_regional_stress:seed96100001:epoch55,55,16,discovery,96200002,u_0.70,0.7,80813613.00701132,0.3010204081632653,53.0,0.0898876404494382,76e93fce97e67d1fdab3ec1bb06097dc544e906f7ab895f33802c2e42f31ff54
routing_compound_regional_stress,routing_compound_regional_stress:seed96100001:epoch55,55,16,discovery,96200002,u_0.80,0.8,82119699.71745744,0.3010204081632653,52.0,0.08421052631578947,76e93fce97e67d1fdab3ec1bb06097dc544e906f7ab895f33802c2e42f31ff54
routing_compound_regional_stress,routing_compound_regional_stress:seed96100001:epoch55,55,16,discovery,96200002,u_0.90,0.9,83917690.09828582,0.3010204081632653,51.0,0.08333333333333333,76e93fce97e67d1fdab3ec1bb06097dc544e906f7ab895f33802c2e42f31ff54
routing_compound_regional_stress,routing_compound_regional_stress:seed96100001:epoch55,55,16,discovery,96200002,u_1.00,1.0,84904216.54742552,0.3010204081632653,49.0,0.07476635514018691,76e93fce97e67d1fdab3ec1bb06097dc544e906f7ab895f33802c2e42f31ff54
routing_compound_regional_stress,routing_compound_regional_stress:seed96100001:epoch55,55,16,validation,96300000,anchor,-1.0,80847270.87533423,0.3010204081632653,64.0,0.14814814814814814,76e93fce97e67d1fdab3ec1bb06097dc544e906f7ab895f33802c2e42f31ff54
routing_compound_regional_stress,routing_compound_regional_stress:seed96100001:epoch55,55,16,validation,96300000,u_0.00,0.0,80828835.01204848,0.3010204081632653,64.0,0.1509433962264151,76e93fce97e67d1fdab3ec1bb06097dc544e906f7ab895f33802c2e42f31ff54
routing_compound_regional_stress,routing_compound_regional_stress:seed96100001:epoch55,55,16,validation,96300000,u_0.10,0.1,81009871.72743069,0.3010204081632653,64.0,0.13559322033898305,76e93fce97e67d1fdab3ec1bb06097dc544e906f7ab895f33802c2e42f31ff54
routing_compound_regional_stress,routing_compound_regional_stress:seed96100001:epoch55,55,16,validation,96300000,u_0.20,0.2,80821575.77163646,0.3010204081632653,63.0,0.125,76e93fce97e67d1fdab3ec1bb06097dc544e906f7ab895f33802c2e42f31ff54
routing_compound_regional_stress,routing_compound_regional_stress:seed96100001:epoch55,55,16,validation,96300000,u_0.30,0.3,79573300.92363912,0.3010204081632653,60.0,0.11267605633802817,76e93fce97e67d1fdab3ec1bb06097dc544e906f7ab895f33802c2e42f31ff54
routing_compound_regional_stress,routing_compound_regional_stress:seed96100001:epoch55,55,16,validation,96300000,u_0.40,0.4,78752741.72951588,0.3010204081632653,57.0,0.1038961038961039,76e93fce97e67d1fdab3ec1bb06097dc544e906f7ab895f33802c2e42f31ff54
routing_compound_regional_stress,routing_compound_regional_stress:seed96100001:epoch55,55,16,validation,96300000,u_0.50,0.5,79236068.24742553,0.3010204081632653,56.0,0.0963855421686747,76e93fce97e67d1fdab3ec1bb06097dc544e906f7ab895f33802c2e42f31ff54
routing_compound_regional_stress,routing_compound_regional_stress:seed96100001:epoch55,55,16,validation,96300000,u_0.60,0.6,80786426.67325734,0.3010204081632653,56.0,0.09523809523809523,76e93fce97e67d1fdab3ec1bb06097dc544e906f7ab895f33802c2e42f31ff54
routing_compound_regional_stress,routing_compound_regional_stress:seed96100001:epoch55,55,16,validation,96300000,u_0.70,0.7,80813613.00701132,0.3010204081632653,53.0,0.0898876404494382,76e93fce97e67d1fdab3ec1bb06097dc544e906f7ab895f33802c2e42f31ff54
routing_compound_regional_stress,routing_compound_regional_stress:seed96100001:epoch55,55,16,validation,96300000,u_0.80,0.8,82119699.71745744,0.3010204081632653,52.0,0.08421052631578947,76e93fce97e67d1fdab3ec1bb06097dc544e906f7ab895f33802c2e42f31ff54
routing_compound_regional_stress,routing_compound_regional_stress:seed96100001:epoch55,55,16,validation,96300000,u_0.90,0.9,83917690.09828582,0.3010204081632653,51.0,0.08333333333333333,76e93fce97e67d1fdab3ec1bb06097dc544e906f7ab895f33802c2e42f31ff54
routing_compound_regional_stress,routing_compound_regional_stress:seed96100001:epoch55,55,16,validation,96300000,u_1.00,1.0,84904216.54742552,0.3010204081632653,49.0,0.07476635514018691,76e93fce97e67d1fdab3ec1bb06097dc544e906f7ab895f33802c2e42f31ff54
routing_compound_regional_stress,routing_compound_regional_stress:seed96100001:epoch55,55,16,validation,96300001,anchor,-1.0,80847270.87533423,0.3010204081632653,64.0,0.14814814814814814,76e93fce97e67d1fdab3ec1bb06097dc544e906f7ab895f33802c2e42f31ff54
routing_compound_regional_stress,routing_compound_regional_stress:seed96100001:epoch55,55,16,validation,96300001,u_0.00,0.0,80828835.01204848,0.3010204081632653,64.0,0.1509433962264151,76e93fce97e67d1fdab3ec1bb06097dc544e906f7ab895f33802c2e42f31ff54
routing_compound_regional_stress,routing_compound_regional_stress:seed96100001:epoch55,55,16,validation,96300001,u_0.10,0.1,81009871.72743069,0.3010204081632653,64.0,0.13559322033898305,76e93fce97e67d1fdab3ec1bb06097dc544e906f7ab895f33802c2e42f31ff54
routing_compound_regional_stress,routing_compound_regional_stress:seed96100001:epoch55,55,16,validation,96300001,u_0.20,0.2,80821575.77163646,0.3010204081632653,63.0,0.125,76e93fce97e67d1fdab3ec1bb06097dc544e906f7ab895f33802c2e42f31ff54
routing_compound_regional_stress,routing_compound_regional_stress:seed96100001:epoch55,55,16,validation,96300001,u_0.30,0.3,79573300.92363912,0.3010204081632653,60.0,0.11267605633802817,76e93fce97e67d1fdab3ec1bb06097dc544e906f7ab895f33802c2e42f31ff54
routing_compound_regional_stress,routing_compound_regional_stress:seed96100001:epoch55,55,16,validation,96300001,u_0.40,0.4,78752741.72951588,0.3010204081632653,57.0,0.1038961038961039,76e93fce97e67d1fdab3ec1bb06097dc544e906f7ab895f33802c2e42f31ff54
routing_compound_regional_stress,routing_compound_regional_stress:seed96100001:epoch55,55,16,validation,96300001,u_0.50,0.5,79236068.24742553,0.3010204081632653,56.0,0.0963855421686747,76e93fce97e67d1fdab3ec1bb06097dc544e906f7ab895f33802c2e42f31ff54
routing_compound_regional_stress,routing_compound_regional_stress:seed96100001:epoch55,55,16,validation,96300001,u_0.60,0.6,80786426.67325734,0.3010204081632653,56.0,0.09523809523809523,76e93fce97e67d1fdab3ec1bb06097dc544e906f7ab895f33802c2e42f31ff54
routing_compound_regional_stress,routing_compound_regional_stress:seed96100001:epoch55,55,16,validation,96300001,u_0.70,0.7,80813613.00701132,0.3010204081632653,53.0,0.0898876404494382,76e93fce97e67d1fdab3ec1bb06097dc544e906f7ab895f33802c2e42f31ff54
routing_compound_regional_stress,routing_compound_regional_stress:seed96100001:epoch55,55,16,validation,96300001,u_0.80,0.8,82119699.71745744,0.3010204081632653,52.0,0.08421052631578947,76e93fce97e67d1fdab3ec1bb06097dc544e906f7ab895f33802c2e42f31ff54
routing_compound_regional_stress,routing_compound_regional_stress:seed96100001:epoch55,55,16,validation,96300001,u_0.90,0.9,83917690.09828582,0.3010204081632653,51.0,0.08333333333333333,76e93fce97e67d1fdab3ec1bb06097dc544e906f7ab895f33802c2e42f31ff54
routing_compound_regional_stress,routing_compound_regional_stress:seed96100001:epoch55,55,16,validation,96300001,u_1.00,1.0,84904216.54742552,0.3010204081632653,49.0,0.07476635514018691,76e93fce97e67d1fdab3ec1bb06097dc544e906f7ab895f33802c2e42f31ff54
routing_compound_regional_stress,routing_compound_regional_stress:seed96100001:epoch55,55,16,validation,96300002,anchor,-1.0,80847270.87533423,0.3010204081632653,64.0,0.14814814814814814,76e93fce97e67d1fdab3ec1bb06097dc544e906f7ab895f33802c2e42f31ff54
routing_compound_regional_stress,routing_compound_regional_stress:seed96100001:epoch55,55,16,validation,96300002,u_0.00,0.0,80828835.01204848,0.3010204081632653,64.0,0.1509433962264151,76e93fce97e67d1fdab3ec1bb06097dc544e906f7ab895f33802c2e42f31ff54
routing_compound_regional_stress,routing_compound_regional_stress:seed96100001:epoch55,55,16,validation,96300002,u_0.10,0.1,81009871.72743069,0.3010204081632653,64.0,0.13559322033898305,76e93fce97e67d1fdab3ec1bb06097dc544e906f7ab895f33802c2e42f31ff54
routing_compound_regional_stress,routing_compound_regional_stress:seed96100001:epoch55,55,16,validation,96300002,u_0.20,0.2,80821575.77163646,0.3010204081632653,63.0,0.125,76e93fce97e67d1fdab3ec1bb06097dc544e906f7ab895f33802c2e42f31ff54
routing_compound_regional_stress,routing_compound_regional_stress:seed96100001:epoch55,55,16,validation,96300002,u_0.30,0.3,79573300.92363912,0.3010204081632653,60.0,0.11267605633802817,76e93fce97e67d1fdab3ec1bb06097dc544e906f7ab895f33802c2e42f31ff54
routing_compound_regional_stress,routing_compound_regional_stress:seed96100001:epoch55,55,16,validation,96300002,u_0.40,0.4,78752741.72951588,0.3010204081632653,57.0,0.1038961038961039,76e93fce97e67d1fdab3ec1bb06097dc544e906f7ab895f33802c2e42f31ff54
routing_compound_regional_stress,routing_compound_regional_stress:seed96100001:epoch55,55,16,validation,96300002,u_0.50,0.5,79236068.24742553,0.3010204081632653,56.0,0.0963855421686747,76e93fce97e67d1fdab3ec1bb06097dc544e906f7ab895f33802c2e42f31ff54
routing_compound_regional_stress,routing_compound_regional_stress:seed96100001:epoch55,55,16,validation,96300002,u_0.60,0.6,80786426.67325734,0.3010204081632653,56.0,0.09523809523809523,76e93fce97e67d1fdab3ec1bb06097dc544e906f7ab895f33802c2e42f31ff54
routing_compound_regional_stress,routing_compound_regional_stress:seed96100001:epoch55,55,16,validation,96300002,u_0.70,0.7,80813613.00701132,0.3010204081632653,53.0,0.0898876404494382,76e93fce97e67d1fdab3ec1bb06097dc544e906f7ab895f33802c2e42f31ff54
routing_compound_regional_stress,routing_compound_regional_stress:seed96100001:epoch55,55,16,validation,96300002,u_0.80,0.8,82119699.71745744,0.3010204081632653,52.0,0.08421052631578947,76e93fce97e67d1fdab3ec1bb06097dc544e906f7ab895f33802c2e42f31ff54
routing_compound_regional_stress,routing_compound_regional_stress:seed96100001:epoch55,55,16,validation,96300002,u_0.90,0.9,83917690.09828582,0.3010204081632653,51.0,0.08333333333333333,76e93fce97e67d1fdab3ec1bb06097dc544e906f7ab895f33802c2e42f31ff54
routing_compound_regional_stress,routing_compound_regional_stress:seed96100001:epoch55,55,16,validation,96300002,u_1.00,1.0,84904216.54742552,0.3010204081632653,49.0,0.07476635514018691,76e93fce97e67d1fdab3ec1bb06097dc544e906f7ab895f33802c2e42f31ff54
routing_compound_regional_stress,routing_compound_regional_stress:seed96100001:epoch55,55,16,validation,96300003,anchor,-1.0,80847270.87533423,0.3010204081632653,64.0,0.14814814814814814,76e93fce97e67d1fdab3ec1bb06097dc544e906f7ab895f33802c2e42f31ff54
routing_compound_regional_stress,routing_compound_regional_stress:seed96100001:epoch55,55,16,validation,96300003,u_0.00,0.0,80828835.01204848,0.3010204081632653,64.0,0.1509433962264151,76e93fce97e67d1fdab3ec1bb06097dc544e906f7ab895f33802c2e42f31ff54
routing_compound_regional_stress,routing_compound_regional_stress:seed96100001:epoch55,55,16,validation,96300003,u_0.10,0.1,81009871.72743069,0.3010204081632653,64.0,0.13559322033898305,76e93fce97e67d1fdab3ec1bb06097dc544e906f7ab895f33802c2e42f31ff54
routing_compound_regional_stress,routing_compound_regional_stress:seed96100001:epoch55,55,16,validation,96300003,u_0.20,0.2,80821575.77163646,0.3010204081632653,63.0,0.125,76e93fce97e67d1fdab3ec1bb06097dc544e906f7ab895f33802c2e42f31ff54
routing_compound_regional_stress,routing_compound_regional_stress:seed96100001:epoch55,55,16,validation,96300003,u_0.30,0.3,79573300.92363912,0.3010204081632653,60.0,0.11267605633802817,76e93fce97e67d1fdab3ec1bb06097dc544e906f7ab895f33802c2e42f31ff54
routing_compound_regional_stress,routing_compound_regional_stress:seed96100001:epoch55,55,16,validation,96300003,u_0.40,0.4,78752741.72951588,0.3010204081632653,57.0,0.1038961038961039,76e93fce97e67d1fdab3ec1bb06097dc544e906f7ab895f33802c2e42f31ff54
routing_compound_regional_stress,routing_compound_regional_stress:seed96100001:epoch55,55,16,validation,96300003,u_0.50,0.5,79236068.24742553,0.3010204081632653,56.0,0.0963855421686747,76e93fce97e67d1fdab3ec1bb06097dc544e906f7ab895f33802c2e42f31ff54
routing_compound_regional_stress,routing_compound_regional_stress:seed96100001:epoch55,55,16,validation,96300003,u_0.60,0.6,80786426.67325734,0.3010204081632653,56.0,0.09523809523809523,76e93fce97e67d1fdab3ec1bb06097dc544e906f7ab895f33802c2e42f31ff54
routing_compound_regional_stress,routing_compound_regional_stress:seed96100001:epoch55,55,16,validation,96300003,u_0.70,0.7,80813613.00701132,0.3010204081632653,53.0,0.0898876404494382,76e93fce97e67d1fdab3ec1bb06097dc544e906f7ab895f33802c2e42f31ff54
routing_compound_regional_stress,routing_compound_regional_stress:seed96100001:epoch55,55,16,validation,96300003,u_0.80,0.8,82119699.71745744,0.3010204081632653,52.0,0.08421052631578947,76e93fce97e67d1fdab3ec1bb06097dc544e906f7ab895f33802c2e42f31ff54
routing_compound_regional_stress,routing_compound_regional_stress:seed96100001:epoch55,55,16,validation,96300003,u_0.90,0.9,83917690.09828582,0.3010204081632653,51.0,0.08333333333333333,76e93fce97e67d1fdab3ec1bb06097dc544e906f7ab895f33802c2e42f31ff54
routing_compound_regional_stress,routing_compound_regional_stress:seed96100001:epoch55,55,16,validation,96300003,u_1.00,1.0,84904216.54742552,0.3010204081632653,49.0,0.07476635514018691,76e93fce97e67d1fdab3ec1bb06097dc544e906f7ab895f33802c2e42f31ff54
routing_compound_regional_stress,routing_compound_regional_stress:seed96100001:epoch55,55,16,validation,96300004,anchor,-1.0,80847270.87533423,0.3010204081632653,64.0,0.14814814814814814,76e93fce97e67d1fdab3ec1bb06097dc544e906f7ab895f33802c2e42f31ff54
routing_compound_regional_stress,routing_compound_regional_stress:seed96100001:epoch55,55,16,validation,96300004,u_0.00,0.0,80828835.01204848,0.3010204081632653,64.0,0.1509433962264151,76e93fce97e67d1fdab3ec1bb06097dc544e906f7ab895f33802c2e42f31ff54
routing_compound_regional_stress,routing_compound_regional_stress:seed96100001:epoch55,55,16,validation,96300004,u_0.10,0.1,81009871.72743069,0.3010204081632653,64.0,0.13559322033898305,76e93fce97e67d1fdab3ec1bb06097dc544e906f7ab895f33802c2e42f31ff54
routing_compound_regional_stress,routing_compound_regional_stress:seed96100001:epoch55,55,16,validation,96300004,u_0.20,0.2,80821575.77163646,0.3010204081632653,63.0,0.125,76e93fce97e67d1fdab3ec1bb06097dc544e906f7ab895f33802c2e42f31ff54
routing_compound_regional_stress,routing_compound_regional_stress:seed96100001:epoch55,55,16,validation,96300004,u_0.30,0.3,79573300.92363912,0.3010204081632653,60.0,0.11267605633802817,76e93fce97e67d1fdab3ec1bb06097dc544e906f7ab895f33802c2e42f31ff54
routing_compound_regional_stress,routing_compound_regional_stress:seed96100001:epoch55,55,16,validation,96300004,u_0.40,0.4,78752741.72951588,0.3010204081632653,57.0,0.1038961038961039,76e93fce97e67d1fdab3ec1bb06097dc544e906f7ab895f33802c2e42f31ff54
routing_compound_regional_stress,routing_compound_regional_stress:seed96100001:epoch55,55,16,validation,96300004,u_0.50,0.5,79236068.24742553,0.3010204081632653,56.0,0.0963855421686747,76e93fce97e67d1fdab3ec1bb06097dc544e906f7ab895f33802c2e42f31ff54
routing_compound_regional_stress,routing_compound_regional_stress:seed96100001:epoch55,55,16,validation,96300004,u_0.60,0.6,80786426.67325734,0.3010204081632653,56.0,0.09523809523809523,76e93fce97e67d1fdab3ec1bb06097dc544e906f7ab895f33802c2e42f31ff54
routing_compound_regional_stress,routing_compound_regional_stress:seed96100001:epoch55,55,16,validation,96300004,u_0.70,0.7,80813613.00701132,0.3010204081632653,53.0,0.0898876404494382,76e93fce97e67d1fdab3ec1bb06097dc544e906f7ab895f33802c2e42f31ff54
routing_compound_regional_stress,routing_compound_regional_stress:seed96100001:epoch55,55,16,validation,96300004,u_0.80,0.8,82119699.71745744,0.3010204081632653,52.0,0.08421052631578947,76e93fce97e67d1fdab3ec1bb06097dc544e906f7ab895f33802c2e42f31ff54
routing_compound_regional_stress,routing_compound_regional_stress:seed96100001:epoch55,55,16,validation,96300004,u_0.90,0.9,83917690.09828582,0.3010204081632653,51.0,0.08333333333333333,76e93fce97e67d1fdab3ec1bb06097dc544e906f7ab895f33802c2e42f31ff54
routing_compound_regional_stress,routing_compound_regional_stress:seed96100001:epoch55,55,16,validation,96300004,u_1.00,1.0,84904216.54742552,0.3010204081632653,49.0,0.07476635514018691,76e93fce97e67d1fdab3ec1bb06097dc544e906f7ab895f33802c2e42f31ff54
routing_compound_regional_stress,routing_compound_regional_stress:seed96100001:epoch80,80,14,discovery,96200000,anchor,-1.0,131570602.29267251,0.3177570093457944,151.0,0.21818181818181817,76e93fce97e67d1fdab3ec1bb06097dc544e906f7ab895f33802c2e42f31ff54
routing_compound_regional_stress,routing_compound_regional_stress:seed96100001:epoch80,80,14,discovery,96200000,u_0.00,0.0,131570602.29267251,0.3177570093457944,151.0,0.21818181818181817,76e93fce97e67d1fdab3ec1bb06097dc544e906f7ab895f33802c2e42f31ff54
routing_compound_regional_stress,routing_compound_regional_stress:seed96100001:epoch80,80,14,discovery,96200000,u_0.10,0.1,131710001.87199658,0.3177570093457944,151.0,0.2033898305084746,76e93fce97e67d1fdab3ec1bb06097dc544e906f7ab895f33802c2e42f31ff54
routing_compound_regional_stress,routing_compound_regional_stress:seed96100001:epoch80,80,14,discovery,96200000,u_0.20,0.2,131392525.13275479,0.3177570093457944,150.0,0.1935483870967742,76e93fce97e67d1fdab3ec1bb06097dc544e906f7ab895f33802c2e42f31ff54
routing_compound_regional_stress,routing_compound_regional_stress:seed96100001:epoch80,80,14,discovery,96200000,u_0.30,0.3,131032410.0697478,0.3177570093457944,149.0,0.17391304347826086,76e93fce97e67d1fdab3ec1bb06097dc544e906f7ab895f33802c2e42f31ff54
routing_compound_regional_stress,routing_compound_regional_stress:seed96100001:epoch80,80,14,discovery,96200000,u_0.40,0.4,130781091.64388166,0.3177570093457944,148.0,0.15789473684210525,76e93fce97e67d1fdab3ec1bb06097dc544e906f7ab895f33802c2e42f31ff54
routing_compound_regional_stress,routing_compound_regional_stress:seed96100001:epoch80,80,14,discovery,96200000,u_0.50,0.5,130313322.25642583,0.3177570093457944,146.0,0.14634146341463414,76e93fce97e67d1fdab3ec1bb06097dc544e906f7ab895f33802c2e42f31ff54
routing_compound_regional_stress,routing_compound_regional_stress:seed96100001:epoch80,80,14,discovery,96200000,u_0.60,0.6,131430330.2744374,0.3177570093457944,146.0,0.14634146341463414,76e93fce97e67d1fdab3ec1bb06097dc544e906f7ab895f33802c2e42f31ff54
routing_compound_regional_stress,routing_compound_regional_stress:seed96100001:epoch80,80,14,discovery,96200000,u_0.70,0.7,130255407.19791637,0.3177570093457944,142.0,0.13793103448275862,76e93fce97e67d1fdab3ec1bb06097dc544e906f7ab895f33802c2e42f31ff54
routing_compound_regional_stress,routing_compound_regional_stress:seed96100001:epoch80,80,14,discovery,96200000,u_0.80,0.8,130938119.4442577,0.3177570093457944,141.0,0.13043478260869565,76e93fce97e67d1fdab3ec1bb06097dc544e906f7ab895f33802c2e42f31ff54
routing_compound_regional_stress,routing_compound_regional_stress:seed96100001:epoch80,80,14,discovery,96200000,u_0.90,0.9,132605495.3612766,0.3177570093457944,141.0,0.13043478260869565,76e93fce97e67d1fdab3ec1bb06097dc544e906f7ab895f33802c2e42f31ff54
routing_compound_regional_stress,routing_compound_regional_stress:seed96100001:epoch80,80,14,discovery,96200000,u_1.00,1.0,132167794.05642581,0.3177570093457944,138.0,0.11764705882352941,76e93fce97e67d1fdab3ec1bb06097dc544e906f7ab895f33802c2e42f31ff54
routing_compound_regional_stress,routing_compound_regional_stress:seed96100001:epoch80,80,14,discovery,96200001,anchor,-1.0,131570602.29267251,0.3177570093457944,151.0,0.21818181818181817,76e93fce97e67d1fdab3ec1bb06097dc544e906f7ab895f33802c2e42f31ff54
routing_compound_regional_stress,routing_compound_regional_stress:seed96100001:epoch80,80,14,discovery,96200001,u_0.00,0.0,131570602.29267251,0.3177570093457944,151.0,0.21818181818181817,76e93fce97e67d1fdab3ec1bb06097dc544e906f7ab895f33802c2e42f31ff54
routing_compound_regional_stress,routing_compound_regional_stress:seed96100001:epoch80,80,14,discovery,96200001,u_0.10,0.1,131710001.87199658,0.3177570093457944,151.0,0.2033898305084746,76e93fce97e67d1fdab3ec1bb06097dc544e906f7ab895f33802c2e42f31ff54
routing_compound_regional_stress,routing_compound_regional_stress:seed96100001:epoch80,80,14,discovery,96200001,u_0.20,0.2,131392525.13275479,0.3177570093457944,150.0,0.1935483870967742,76e93fce97e67d1fdab3ec1bb06097dc544e906f7ab895f33802c2e42f31ff54
routing_compound_regional_stress,routing_compound_regional_stress:seed96100001:epoch80,80,14,discovery,96200001,u_0.30,0.3,131032410.0697478,0.3177570093457944,149.0,0.17391304347826086,76e93fce97e67d1fdab3ec1bb06097dc544e906f7ab895f33802c2e42f31ff54
routing_compound_regional_stress,routing_compound_regional_stress:seed96100001:epoch80,80,14,discovery,96200001,u_0.40,0.4,130781091.64388166,0.3177570093457944,148.0,0.15789473684210525,76e93fce97e67d1fdab3ec1bb06097dc544e906f7ab895f33802c2e42f31ff54
routing_compound_regional_stress,routing_compound_regional_stress:seed96100001:epoch80,80,14,discovery,96200001,u_0.50,0.5,130313322.25642583,0.3177570093457944,146.0,0.14634146341463414,76e93fce97e67d1fdab3ec1bb06097dc544e906f7ab895f33802c2e42f31ff54
routing_compound_regional_stress,routing_compound_regional_stress:seed96100001:epoch80,80,14,discovery,96200001,u_0.60,0.6,131430330.2744374,0.3177570093457944,146.0,0.14634146341463414,76e93fce97e67d1fdab3ec1bb06097dc544e906f7ab895f33802c2e42f31ff54
routing_compound_regional_stress,routing_compound_regional_stress:seed96100001:epoch80,80,14,discovery,96200001,u_0.70,0.7,130255407.19791637,0.3177570093457944,142.0,0.13793103448275862,76e93fce97e67d1fdab3ec1bb06097dc544e906f7ab895f33802c2e42f31ff54
routing_compound_regional_stress,routing_compound_regional_stress:seed96100001:epoch80,80,14,discovery,96200001,u_0.80,0.8,130938119.4442577,0.3177570093457944,141.0,0.13043478260869565,76e93fce97e67d1fdab3ec1bb06097dc544e906f7ab895f33802c2e42f31ff54
routing_compound_regional_stress,routing_compound_regional_stress:seed96100001:epoch80,80,14,discovery,96200001,u_0.90,0.9,132605495.3612766,0.3177570093457944,141.0,0.13043478260869565,76e93fce97e67d1fdab3ec1bb06097dc544e906f7ab895f33802c2e42f31ff54
routing_compound_regional_stress,routing_compound_regional_stress:seed96100001:epoch80,80,14,discovery,96200001,u_1.00,1.0,132167794.05642581,0.3177570093457944,138.0,0.11764705882352941,76e93fce97e67d1fdab3ec1bb06097dc544e906f7ab895f33802c2e42f31ff54
routing_compound_regional_stress,routing_compound_regional_stress:seed96100001:epoch80,80,14,discovery,96200002,anchor,-1.0,131570602.29267251,0.3177570093457944,151.0,0.21818181818181817,76e93fce97e67d1fdab3ec1bb06097dc544e906f7ab895f33802c2e42f31ff54
routing_compound_regional_stress,routing_compound_regional_stress:seed96100001:epoch80,80,14,discovery,96200002,u_0.00,0.0,131570602.29267251,0.3177570093457944,151.0,0.21818181818181817,76e93fce97e67d1fdab3ec1bb06097dc544e906f7ab895f33802c2e42f31ff54
routing_compound_regional_stress,routing_compound_regional_stress:seed96100001:epoch80,80,14,discovery,96200002,u_0.10,0.1,131710001.87199658,0.3177570093457944,151.0,0.2033898305084746,76e93fce97e67d1fdab3ec1bb06097dc544e906f7ab895f33802c2e42f31ff54
routing_compound_regional_stress,routing_compound_regional_stress:seed96100001:epoch80,80,14,discovery,96200002,u_0.20,0.2,131392525.13275479,0.3177570093457944,150.0,0.1935483870967742,76e93fce97e67d1fdab3ec1bb06097dc544e906f7ab895f33802c2e42f31ff54
routing_compound_regional_stress,routing_compound_regional_stress:seed96100001:epoch80,80,14,discovery,96200002,u_0.30,0.3,131032410.0697478,0.3177570093457944,149.0,0.17391304347826086,76e93fce97e67d1fdab3ec1bb06097dc544e906f7ab895f33802c2e42f31ff54
routing_compound_regional_stress,routing_compound_regional_stress:seed96100001:epoch80,80,14,discovery,96200002,u_0.40,0.4,130781091.64388166,0.3177570093457944,148.0,0.15789473684210525,76e93fce97e67d1fdab3ec1bb06097dc544e906f7ab895f33802c2e42f31ff54
routing_compound_regional_stress,routing_compound_regional_stress:seed96100001:epoch80,80,14,discovery,96200002,u_0.50,0.5,130313322.25642583,0.3177570093457944,146.0,0.14634146341463414,76e93fce97e67d1fdab3ec1bb06097dc544e906f7ab895f33802c2e42f31ff54
routing_compound_regional_stress,routing_compound_regional_stress:seed96100001:epoch80,80,14,discovery,96200002,u_0.60,0.6,131430330.2744374,0.3177570093457944,146.0,0.14634146341463414,76e93fce97e67d1fdab3ec1bb06097dc544e906f7ab895f33802c2e42f31ff54
routing_compound_regional_stress,routing_compound_regional_stress:seed96100001:epoch80,80,14,discovery,96200002,u_0.70,0.7,130255407.19791637,0.3177570093457944,142.0,0.13793103448275862,76e93fce97e67d1fdab3ec1bb06097dc544e906f7ab895f33802c2e42f31ff54
routing_compound_regional_stress,routing_compound_regional_stress:seed96100001:epoch80,80,14,discovery,96200002,u_0.80,0.8,130938119.4442577,0.3177570093457944,141.0,0.13043478260869565,76e93fce97e67d1fdab3ec1bb06097dc544e906f7ab895f33802c2e42f31ff54
routing_compound_regional_stress,routing_compound_regional_stress:seed96100001:epoch80,80,14,discovery,96200002,u_0.90,0.9,132605495.3612766,0.3177570093457944,141.0,0.13043478260869565,76e93fce97e67d1fdab3ec1bb06097dc544e906f7ab895f33802c2e42f31ff54
routing_compound_regional_stress,routing_compound_regional_stress:seed96100001:epoch80,80,14,discovery,96200002,u_1.00,1.0,132167794.05642581,0.3177570093457944,138.0,0.11764705882352941,76e93fce97e67d1fdab3ec1bb06097dc544e906f7ab895f33802c2e42f31ff54
routing_compound_regional_stress,routing_compound_regional_stress:seed96100001:epoch80,80,14,validation,96300000,anchor,-1.0,131570602.29267251,0.3177570093457944,151.0,0.21818181818181817,76e93fce97e67d1fdab3ec1bb06097dc544e906f7ab895f33802c2e42f31ff54
routing_compound_regional_stress,routing_compound_regional_stress:seed96100001:epoch80,80,14,validation,96300000,u_0.00,0.0,131570602.29267251,0.3177570093457944,151.0,0.21818181818181817,76e93fce97e67d1fdab3ec1bb06097dc544e906f7ab895f33802c2e42f31ff54
routing_compound_regional_stress,routing_compound_regional_stress:seed96100001:epoch80,80,14,validation,96300000,u_0.10,0.1,131710001.87199658,0.3177570093457944,151.0,0.2033898305084746,76e93fce97e67d1fdab3ec1bb06097dc544e906f7ab895f33802c2e42f31ff54
routing_compound_regional_stress,routing_compound_regional_stress:seed96100001:epoch80,80,14,validation,96300000,u_0.20,0.2,131392525.13275479,0.3177570093457944,150.0,0.1935483870967742,76e93fce97e67d1fdab3ec1bb06097dc544e906f7ab895f33802c2e42f31ff54
routing_compound_regional_stress,routing_compound_regional_stress:seed96100001:epoch80,80,14,validation,96300000,u_0.30,0.3,131032410.0697478,0.3177570093457944,149.0,0.17391304347826086,76e93fce97e67d1fdab3ec1bb06097dc544e906f7ab895f33802c2e42f31ff54
routing_compound_regional_stress,routing_compound_regional_stress:seed96100001:epoch80,80,14,validation,96300000,u_0.40,0.4,130781091.64388166,0.3177570093457944,148.0,0.15789473684210525,76e93fce97e67d1fdab3ec1bb06097dc544e906f7ab895f33802c2e42f31ff54
routing_compound_regional_stress,routing_compound_regional_stress:seed96100001:epoch80,80,14,validation,96300000,u_0.50,0.5,130313322.25642583,0.3177570093457944,146.0,0.14634146341463414,76e93fce97e67d1fdab3ec1bb06097dc544e906f7ab895f33802c2e42f31ff54
routing_compound_regional_stress,routing_compound_regional_stress:seed96100001:epoch80,80,14,validation,96300000,u_0.60,0.6,131430330.2744374,0.3177570093457944,146.0,0.14634146341463414,76e93fce97e67d1fdab3ec1bb06097dc544e906f7ab895f33802c2e42f31ff54
routing_compound_regional_stress,routing_compound_regional_stress:seed96100001:epoch80,80,14,validation,96300000,u_0.70,0.7,130255407.19791637,0.3177570093457944,142.0,0.13793103448275862,76e93fce97e67d1fdab3ec1bb06097dc544e906f7ab895f33802c2e42f31ff54
routing_compound_regional_stress,routing_compound_regional_stress:seed96100001:epoch80,80,14,validation,96300000,u_0.80,0.8,130938119.4442577,0.3177570093457944,141.0,0.13043478260869565,76e93fce97e67d1fdab3ec1bb06097dc544e906f7ab895f33802c2e42f31ff54
routing_compound_regional_stress,routing_compound_regional_stress:seed96100001:epoch80,80,14,validation,96300000,u_0.90,0.9,132605495.3612766,0.3177570093457944,141.0,0.13043478260869565,76e93fce97e67d1fdab3ec1bb06097dc544e906f7ab895f33802c2e42f31ff54
routing_compound_regional_stress,routing_compound_regional_stress:seed96100001:epoch80,80,14,validation,96300000,u_1.00,1.0,132167794.05642581,0.3177570093457944,138.0,0.11764705882352941,76e93fce97e67d1fdab3ec1bb06097dc544e906f7ab895f33802c2e42f31ff54
routing_compound_regional_stress,routing_compound_regional_stress:seed96100001:epoch80,80,14,validation,96300001,anchor,-1.0,131570602.29267251,0.3177570093457944,151.0,0.21818181818181817,76e93fce97e67d1fdab3ec1bb06097dc544e906f7ab895f33802c2e42f31ff54
routing_compound_regional_stress,routing_compound_regional_stress:seed96100001:epoch80,80,14,validation,96300001,u_0.00,0.0,131570602.29267251,0.3177570093457944,151.0,0.21818181818181817,76e93fce97e67d1fdab3ec1bb06097dc544e906f7ab895f33802c2e42f31ff54
routing_compound_regional_stress,routing_compound_regional_stress:seed96100001:epoch80,80,14,validation,96300001,u_0.10,0.1,131710001.87199658,0.3177570093457944,151.0,0.2033898305084746,76e93fce97e67d1fdab3ec1bb06097dc544e906f7ab895f33802c2e42f31ff54
routing_compound_regional_stress,routing_compound_regional_stress:seed96100001:epoch80,80,14,validation,96300001,u_0.20,0.2,131392525.13275479,0.3177570093457944,150.0,0.1935483870967742,76e93fce97e67d1fdab3ec1bb06097dc544e906f7ab895f33802c2e42f31ff54
routing_compound_regional_stress,routing_compound_regional_stress:seed96100001:epoch80,80,14,validation,96300001,u_0.30,0.3,131032410.0697478,0.3177570093457944,149.0,0.17391304347826086,76e93fce97e67d1fdab3ec1bb06097dc544e906f7ab895f33802c2e42f31ff54
routing_compound_regional_stress,routing_compound_regional_stress:seed96100001:epoch80,80,14,validation,96300001,u_0.40,0.4,130781091.64388166,0.3177570093457944,148.0,0.15789473684210525,76e93fce97e67d1fdab3ec1bb06097dc544e906f7ab895f33802c2e42f31ff54
routing_compound_regional_stress,routing_compound_regional_stress:seed96100001:epoch80,80,14,validation,96300001,u_0.50,0.5,130313322.25642583,0.3177570093457944,146.0,0.14634146341463414,76e93fce97e67d1fdab3ec1bb06097dc544e906f7ab895f33802c2e42f31ff54
routing_compound_regional_stress,routing_compound_regional_stress:seed96100001:epoch80,80,14,validation,96300001,u_0.60,0.6,131430330.2744374,0.3177570093457944,146.0,0.14634146341463414,76e93fce97e67d1fdab3ec1bb06097dc544e906f7ab895f33802c2e42f31ff54
routing_compound_regional_stress,routing_compound_regional_stress:seed96100001:epoch80,80,14,validation,96300001,u_0.70,0.7,130255407.19791637,0.3177570093457944,142.0,0.13793103448275862,76e93fce97e67d1fdab3ec1bb06097dc544e906f7ab895f33802c2e42f31ff54
routing_compound_regional_stress,routing_compound_regional_stress:seed96100001:epoch80,80,14,validation,96300001,u_0.80,0.8,130938119.4442577,0.3177570093457944,141.0,0.13043478260869565,76e93fce97e67d1fdab3ec1bb06097dc544e906f7ab895f33802c2e42f31ff54
routing_compound_regional_stress,routing_compound_regional_stress:seed96100001:epoch80,80,14,validation,96300001,u_0.90,0.9,132605495.3612766,0.3177570093457944,141.0,0.13043478260869565,76e93fce97e67d1fdab3ec1bb06097dc544e906f7ab895f33802c2e42f31ff54
routing_compound_regional_stress,routing_compound_regional_stress:seed96100001:epoch80,80,14,validation,96300001,u_1.00,1.0,132167794.05642581,0.3177570093457944,138.0,0.11764705882352941,76e93fce97e67d1fdab3ec1bb06097dc544e906f7ab895f33802c2e42f31ff54
routing_compound_regional_stress,routing_compound_regional_stress:seed96100001:epoch80,80,14,validation,96300002,anchor,-1.0,131570602.29267251,0.3177570093457944,151.0,0.21818181818181817,76e93fce97e67d1fdab3ec1bb06097dc544e906f7ab895f33802c2e42f31ff54
routing_compound_regional_stress,routing_compound_regional_stress:seed96100001:epoch80,80,14,validation,96300002,u_0.00,0.0,131570602.29267251,0.3177570093457944,151.0,0.21818181818181817,76e93fce97e67d1fdab3ec1bb06097dc544e906f7ab895f33802c2e42f31ff54
routing_compound_regional_stress,routing_compound_regional_stress:seed96100001:epoch80,80,14,validation,96300002,u_0.10,0.1,131710001.87199658,0.3177570093457944,151.0,0.2033898305084746,76e93fce97e67d1fdab3ec1bb06097dc544e906f7ab895f33802c2e42f31ff54
routing_compound_regional_stress,routing_compound_regional_stress:seed96100001:epoch80,80,14,validation,96300002,u_0.20,0.2,131392525.13275479,0.3177570093457944,150.0,0.1935483870967742,76e93fce97e67d1fdab3ec1bb06097dc544e906f7ab895f33802c2e42f31ff54
routing_compound_regional_stress,routing_compound_regional_stress:seed96100001:epoch80,80,14,validation,96300002,u_0.30,0.3,131032410.0697478,0.3177570093457944,149.0,0.17391304347826086,76e93fce97e67d1fdab3ec1bb06097dc544e906f7ab895f33802c2e42f31ff54
routing_compound_regional_stress,routing_compound_regional_stress:seed96100001:epoch80,80,14,validation,96300002,u_0.40,0.4,130781091.64388166,0.3177570093457944,148.0,0.15789473684210525,76e93fce97e67d1fdab3ec1bb06097dc544e906f7ab895f33802c2e42f31ff54
routing_compound_regional_stress,routing_compound_regional_stress:seed96100001:epoch80,80,14,validation,96300002,u_0.50,0.5,130313322.25642583,0.3177570093457944,146.0,0.14634146341463414,76e93fce97e67d1fdab3ec1bb06097dc544e906f7ab895f33802c2e42f31ff54
routing_compound_regional_stress,routing_compound_regional_stress:seed96100001:epoch80,80,14,validation,96300002,u_0.60,0.6,131430330.2744374,0.3177570093457944,146.0,0.14634146341463414,76e93fce97e67d1fdab3ec1bb06097dc544e906f7ab895f33802c2e42f31ff54
routing_compound_regional_stress,routing_compound_regional_stress:seed96100001:epoch80,80,14,validation,96300002,u_0.70,0.7,130255407.19791637,0.3177570093457944,142.0,0.13793103448275862,76e93fce97e67d1fdab3ec1bb06097dc544e906f7ab895f33802c2e42f31ff54
routing_compound_regional_stress,routing_compound_regional_stress:seed96100001:epoch80,80,14,validation,96300002,u_0.80,0.8,130938119.4442577,0.3177570093457944,141.0,0.13043478260869565,76e93fce97e67d1fdab3ec1bb06097dc544e906f7ab895f33802c2e42f31ff54
routing_compound_regional_stress,routing_compound_regional_stress:seed96100001:epoch80,80,14,validation,96300002,u_0.90,0.9,132605495.3612766,0.3177570093457944,141.0,0.13043478260869565,76e93fce97e67d1fdab3ec1bb06097dc544e906f7ab895f33802c2e42f31ff54
routing_compound_regional_stress,routing_compound_regional_stress:seed96100001:epoch80,80,14,validation,96300002,u_1.00,1.0,132167794.05642581,0.3177570093457944,138.0,0.11764705882352941,76e93fce97e67d1fdab3ec1bb06097dc544e906f7ab895f33802c2e42f31ff54
routing_compound_regional_stress,routing_compound_regional_stress:seed96100001:epoch80,80,14,validation,96300003,anchor,-1.0,131570602.29267251,0.3177570093457944,151.0,0.21818181818181817,76e93fce97e67d1fdab3ec1bb06097dc544e906f7ab895f33802c2e42f31ff54
routing_compound_regional_stress,routing_compound_regional_stress:seed96100001:epoch80,80,14,validation,96300003,u_0.00,0.0,131570602.29267251,0.3177570093457944,151.0,0.21818181818181817,76e93fce97e67d1fdab3ec1bb06097dc544e906f7ab895f33802c2e42f31ff54
routing_compound_regional_stress,routing_compound_regional_stress:seed96100001:epoch80,80,14,validation,96300003,u_0.10,0.1,131710001.87199658,0.3177570093457944,151.0,0.2033898305084746,76e93fce97e67d1fdab3ec1bb06097dc544e906f7ab895f33802c2e42f31ff54
routing_compound_regional_stress,routing_compound_regional_stress:seed96100001:epoch80,80,14,validation,96300003,u_0.20,0.2,131392525.13275479,0.3177570093457944,150.0,0.1935483870967742,76e93fce97e67d1fdab3ec1bb06097dc544e906f7ab895f33802c2e42f31ff54
routing_compound_regional_stress,routing_compound_regional_stress:seed96100001:epoch80,80,14,validation,96300003,u_0.30,0.3,131032410.0697478,0.3177570093457944,149.0,0.17391304347826086,76e93fce97e67d1fdab3ec1bb06097dc544e906f7ab895f33802c2e42f31ff54
routing_compound_regional_stress,routing_compound_regional_stress:seed96100001:epoch80,80,14,validation,96300003,u_0.40,0.4,130781091.64388166,0.3177570093457944,148.0,0.15789473684210525,76e93fce97e67d1fdab3ec1bb06097dc544e906f7ab895f33802c2e42f31ff54
routing_compound_regional_stress,routing_compound_regional_stress:seed96100001:epoch80,80,14,validation,96300003,u_0.50,0.5,130313322.25642583,0.3177570093457944,146.0,0.14634146341463414,76e93fce97e67d1fdab3ec1bb06097dc544e906f7ab895f33802c2e42f31ff54
routing_compound_regional_stress,routing_compound_regional_stress:seed96100001:epoch80,80,14,validation,96300003,u_0.60,0.6,131430330.2744374,0.3177570093457944,146.0,0.14634146341463414,76e93fce97e67d1fdab3ec1bb06097dc544e906f7ab895f33802c2e42f31ff54
routing_compound_regional_stress,routing_compound_regional_stress:seed96100001:epoch80,80,14,validation,96300003,u_0.70,0.7,130255407.19791637,0.3177570093457944,142.0,0.13793103448275862,76e93fce97e67d1fdab3ec1bb06097dc544e906f7ab895f33802c2e42f31ff54
routing_compound_regional_stress,routing_compound_regional_stress:seed96100001:epoch80,80,14,validation,96300003,u_0.80,0.8,130938119.4442577,0.3177570093457944,141.0,0.13043478260869565,76e93fce97e67d1fdab3ec1bb06097dc544e906f7ab895f33802c2e42f31ff54
routing_compound_regional_stress,routing_compound_regional_stress:seed96100001:epoch80,80,14,validation,96300003,u_0.90,0.9,132605495.3612766,0.3177570093457944,141.0,0.13043478260869565,76e93fce97e67d1fdab3ec1bb06097dc544e906f7ab895f33802c2e42f31ff54
routing_compound_regional_stress,routing_compound_regional_stress:seed96100001:epoch80,80,14,validation,96300003,u_1.00,1.0,132167794.05642581,0.3177570093457944,138.0,0.11764705882352941,76e93fce97e67d1fdab3ec1bb06097dc544e906f7ab895f33802c2e42f31ff54
routing_compound_regional_stress,routing_compound_regional_stress:seed96100001:epoch80,80,14,validation,96300004,anchor,-1.0,131570602.29267251,0.3177570093457944,151.0,0.21818181818181817,76e93fce97e67d1fdab3ec1bb06097dc544e906f7ab895f33802c2e42f31ff54
routing_compound_regional_stress,routing_compound_regional_stress:seed96100001:epoch80,80,14,validation,96300004,u_0.00,0.0,131570602.29267251,0.3177570093457944,151.0,0.21818181818181817,76e93fce97e67d1fdab3ec1bb06097dc544e906f7ab895f33802c2e42f31ff54
routing_compound_regional_stress,routing_compound_regional_stress:seed96100001:epoch80,80,14,validation,96300004,u_0.10,0.1,131710001.87199658,0.3177570093457944,151.0,0.2033898305084746,76e93fce97e67d1fdab3ec1bb06097dc544e906f7ab895f33802c2e42f31ff54
routing_compound_regional_stress,routing_compound_regional_stress:seed96100001:epoch80,80,14,validation,96300004,u_0.20,0.2,131392525.13275479,0.3177570093457944,150.0,0.1935483870967742,76e93fce97e67d1fdab3ec1bb06097dc544e906f7ab895f33802c2e42f31ff54
routing_compound_regional_stress,routing_compound_regional_stress:seed96100001:epoch80,80,14,validation,96300004,u_0.30,0.3,131032410.0697478,0.3177570093457944,149.0,0.17391304347826086,76e93fce97e67d1fdab3ec1bb06097dc544e906f7ab895f33802c2e42f31ff54
routing_compound_regional_stress,routing_compound_regional_stress:seed96100001:epoch80,80,14,validation,96300004,u_0.40,0.4,130781091.64388166,0.3177570093457944,148.0,0.15789473684210525,76e93fce97e67d1fdab3ec1bb06097dc544e906f7ab895f33802c2e42f31ff54
routing_compound_regional_stress,routing_compound_regional_stress:seed96100001:epoch80,80,14,validation,96300004,u_0.50,0.5,130313322.25642583,0.3177570093457944,146.0,0.14634146341463414,76e93fce97e67d1fdab3ec1bb06097dc544e906f7ab895f33802c2e42f31ff54
routing_compound_regional_stress,routing_compound_regional_stress:seed96100001:epoch80,80,14,validation,96300004,u_0.60,0.6,131430330.2744374,0.3177570093457944,146.0,0.14634146341463414,76e93fce97e67d1fdab3ec1bb06097dc544e906f7ab895f33802c2e42f31ff54
routing_compound_regional_stress,routing_compound_regional_stress:seed96100001:epoch80,80,14,validation,96300004,u_0.70,0.7,130255407.19791637,0.3177570093457944,142.0,0.13793103448275862,76e93fce97e67d1fdab3ec1bb06097dc544e906f7ab895f33802c2e42f31ff54
routing_compound_regional_stress,routing_compound_regional_stress:seed96100001:epoch80,80,14,validation,96300004,u_0.80,0.8,130938119.4442577,0.3177570093457944,141.0,0.13043478260869565,76e93fce97e67d1fdab3ec1bb06097dc544e906f7ab895f33802c2e42f31ff54
routing_compound_regional_stress,routing_compound_regional_stress:seed96100001:epoch80,80,14,validation,96300004,u_0.90,0.9,132605495.3612766,0.3177570093457944,141.0,0.13043478260869565,76e93fce97e67d1fdab3ec1bb06097dc544e906f7ab895f33802c2e42f31ff54
routing_compound_regional_stress,routing_compound_regional_stress:seed96100001:epoch80,80,14,validation,96300004,u_1.00,1.0,132167794.05642581,0.3177570093457944,138.0,0.11764705882352941,76e93fce97e67d1fdab3ec1bb06097dc544e906f7ab895f33802c2e42f31ff54
routing_compound_regional_stress,routing_compound_regional_stress:seed96100002:epoch30,30,19,discovery,96200000,anchor,-1.0,1812158809.126892,0.42294159042927515,1849.0,0.13527272727272727,76e93fce97e67d1fdab3ec1bb06097dc544e906f7ab895f33802c2e42f31ff54
routing_compound_regional_stress,routing_compound_regional_stress:seed96100002:epoch30,30,19,discovery,96200000,u_0.00,0.0,1809982364.0873096,0.42399718508092893,1848.0,0.13347921225382933,76e93fce97e67d1fdab3ec1bb06097dc544e906f7ab895f33802c2e42f31ff54
routing_compound_regional_stress,routing_compound_regional_stress:seed96100002:epoch30,30,19,discovery,96200000,u_0.10,0.1,1809491160.12345,0.42540464461646726,1847.0,0.1325564457392571,76e93fce97e67d1fdab3ec1bb06097dc544e906f7ab895f33802c2e42f31ff54
routing_compound_regional_stress,routing_compound_regional_stress:seed96100002:epoch30,30,19,discovery,96200000,u_0.20,0.2,1805258259.2038016,0.42681210415200566,1841.0,0.1319796954314721,76e93fce97e67d1fdab3ec1bb06097dc544e906f7ab895f33802c2e42f31ff54
routing_compound_regional_stress,routing_compound_regional_stress:seed96100002:epoch30,30,19,discovery,96200000,u_0.30,0.3,1802881406.1680255,0.42892329345531316,1840.0,0.13371675053918045,76e93fce97e67d1fdab3ec1bb06097dc544e906f7ab895f33802c2e42f31ff54
routing_compound_regional_stress,routing_compound_regional_stress:seed96100002:epoch30,30,19,discovery,96200000,u_0.40,0.4,1804871113.157238,0.42857142857142855,1839.0,0.13577586206896552,76e93fce97e67d1fdab3ec1bb06097dc544e906f7ab895f33802c2e42f31ff54
routing_compound_regional_stress,routing_compound_regional_stress:seed96100002:epoch30,30,19,discovery,96200000,u_0.50,0.5,1796680442.686797,0.4327938071780436,1826.0,0.13687943262411348,76e93fce97e67d1fdab3ec1bb06097dc544e906f7ab895f33802c2e42f31ff54
routing_compound_regional_stress,routing_compound_regional_stress:seed96100002:epoch30,30,19,discovery,96200000,u_0.60,0.6,1797003534.2377238,0.4338494018296974,1825.0,0.13617021276595745,76e93fce97e67d1fdab3ec1bb06097dc544e906f7ab895f33802c2e42f31ff54
routing_compound_regional_stress,routing_compound_regional_stress:seed96100002:epoch30,30,19,discovery,96200000,u_0.70,0.7,1806573088.65192,0.43103448275862066,1836.0,0.13733905579399142,76e93fce97e67d1fdab3ec1bb06097dc544e906f7ab895f33802c2e42f31ff54
routing_compound_regional_stress,routing_compound_regional_stress:seed96100002:epoch30,30,19,discovery,96200000,u_0.80,0.8,1803986028.9951932,0.4327938071780436,1828.0,0.1361368496079829,76e93fce97e67d1fdab3ec1bb06097dc544e906f7ab895f33802c2e42f31ff54
routing_compound_regional_stress,routing_compound_regional_stress:seed96100002:epoch30,30,19,discovery,96200000,u_0.90,0.9,1808256707.3822422,0.43244194229415905,1831.0,0.13807829181494663,76e93fce97e67d1fdab3ec1bb06097dc544e906f7ab895f33802c2e42f31ff54
routing_compound_regional_stress,routing_compound_regional_stress:seed96100002:epoch30,30,19,discovery,96200000,u_1.00,1.0,1811678114.156103,0.4327938071780436,1829.0,0.13736654804270462,76e93fce97e67d1fdab3ec1bb06097dc544e906f7ab895f33802c2e42f31ff54
routing_compound_regional_stress,routing_compound_regional_stress:seed96100002:epoch30,30,19,discovery,96200001,anchor,-1.0,1902267840.7738383,0.38674934725848564,1828.0,0.14752906976744187,76e93fce97e67d1fdab3ec1bb06097dc544e906f7ab895f33802c2e42f31ff54
routing_compound_regional_stress,routing_compound_regional_stress:seed96100002:epoch30,30,19,discovery,96200001,u_0.00,0.0,1897502004.0357428,0.38903394255874674,1821.0,0.14056809905316825,76e93fce97e67d1fdab3ec1bb06097dc544e906f7ab895f33802c2e42f31ff54
routing_compound_regional_stress,routing_compound_regional_stress:seed96100002:epoch30,30,19,discovery,96200001,u_0.10,0.1,1893425852.8158112,0.39131853785900783,1816.0,0.14233841684822077,76e93fce97e67d1fdab3ec1bb06097dc544e906f7ab895f33802c2e42f31ff54
routing_compound_regional_stress,routing_compound_regional_stress:seed96100002:epoch30,30,19,discovery,96200001,u_0.20,0.2,1881233796.066787,0.39556135770234985,1801.0,0.1387491013659238,76e93fce97e67d1fdab3ec1bb06097dc544e906f7ab895f33802c2e42f31ff54
routing_compound_regional_stress,routing_compound_regional_stress:seed96100002:epoch30,30,19,discovery,96200001,u_0.30,0.3,1883618437.6064787,0.3962140992167102,1801.0,0.14131994261119082,76e93fce97e67d1fdab3ec1bb06097dc544e906f7ab895f33802c2e42f31ff54
routing_compound_regional_stress,routing_compound_regional_stress:seed96100002:epoch30,30,19,discovery,96200001,u_0.40,0.4,1883198248.8935127,0.3975195822454308,1799.0,0.14132762312633834,76e93fce97e67d1fdab3ec1bb06097dc544e906f7ab895f33802c2e42f31ff54
routing_compound_regional_stress,routing_compound_regional_stress:seed96100002:epoch30,30,19,discovery,96200001,u_0.50,0.5,1881662870.2810135,0.4004569190600522,1795.0,0.13847251962883655,76e93fce97e67d1fdab3ec1bb06097dc544e906f7ab895f33802c2e42f31ff54
routing_compound_regional_stress,routing_compound_regional_stress:seed96100002:epoch30,30,19,discovery,96200001,u_0.60,0.6,1887604822.9469733,0.39654046997389036,1802.0,0.14121863799283155,76e93fce97e67d1fdab3ec1bb06097dc544e906f7ab895f33802c2e42f31ff54
routing_compound_regional_stress,routing_compound_regional_stress:seed96100002:epoch30,30,19,discovery,96200001,u_0.70,0.7,1898772909.407629,0.39327676240208875,1814.0,0.14532374100719425,76e93fce97e67d1fdab3ec1bb06097dc544e906f7ab895f33802c2e42f31ff54
routing_compound_regional_stress,routing_compound_regional_stress:seed96100002:epoch30,30,19,discovery,96200001,u_0.80,0.8,1885199670.9203594,0.40143603133159267,1791.0,0.13652609006433167,76e93fce97e67d1fdab3ec1bb06097dc544e906f7ab895f33802c2e42f31ff54
routing_compound_regional_stress,routing_compound_regional_stress:seed96100002:epoch30,30,19,discovery,96200001,u_0.90,0.9,1884513598.3822684,0.4027415143603133,1780.0,0.13717128642501777,76e93fce97e67d1fdab3ec1bb06097dc544e906f7ab895f33802c2e42f31ff54
routing_compound_regional_stress,routing_compound_regional_stress:seed96100002:epoch30,30,19,discovery,96200001,u_1.00,1.0,1887941157.3268266,0.402088772845953,1776.0,0.1375886524822695,76e93fce97e67d1fdab3ec1bb06097dc544e906f7ab895f33802c2e42f31ff54
routing_compound_regional_stress,routing_compound_regional_stress:seed96100002:epoch30,30,19,discovery,96200002,anchor,-1.0,1805534973.1840253,0.41540626099190997,1811.0,0.1395864106351551,76e93fce97e67d1fdab3ec1bb06097dc544e906f7ab895f33802c2e42f31ff54
routing_compound_regional_stress,routing_compound_regional_stress:seed96100002:epoch30,30,19,discovery,96200002,u_0.00,0.0,1809580418.1667607,0.41364755539922615,1815.0,0.14042867701404288,76e93fce97e67d1fdab3ec1bb06097dc544e906f7ab895f33802c2e42f31ff54
routing_compound_regional_stress,routing_compound_regional_stress:seed96100002:epoch30,30,19,discovery,96200002,u_0.10,0.1,1805446140.208291,0.4161097432289835,1810.0,0.13716814159292035,76e93fce97e67d1fdab3ec1bb06097dc544e906f7ab895f33802c2e42f31ff54
routing_compound_regional_stress,routing_compound_regional_stress:seed96100002:epoch30,30,19,discovery,96200002,u_0.20,0.2,1798221194.612691,0.41962715441435106,1802.0,0.13573000733675716,76e93fce97e67d1fdab3ec1bb06097dc544e906f7ab895f33802c2e42f31ff54
routing_compound_regional_stress,routing_compound_regional_stress:seed96100002:epoch30,30,19,discovery,96200002,u_0.30,0.3,1792415875.1746786,0.4241997889553289,1793.0,0.136,76e93fce97e67d1fdab3ec1bb06097dc544e906f7ab895f33802c2e42f31ff54
routing_compound_regional_stress,routing_compound_regional_stress:seed96100002:epoch30,30,19,discovery,96200002,u_0.40,0.4,1791012494.1351492,0.4263102356665494,1786.0,0.14089595375722544,76e93fce97e67d1fdab3ec1bb06097dc544e906f7ab895f33802c2e42f31ff54
routing_compound_regional_stress,routing_compound_regional_stress:seed96100002:epoch30,30,19,discovery,96200002,u_0.50,0.5,1789504808.1816075,0.42666197678508616,1785.0,0.14110871130309574,76e93fce97e67d1fdab3ec1bb06097dc544e906f7ab895f33802c2e42f31ff54
routing_compound_regional_stress,routing_compound_regional_stress:seed96100002:epoch30,30,19,discovery,96200002,u_0.60,0.6,1788091602.2106967,0.42877242349630673,1779.0,0.14050179211469535,76e93fce97e67d1fdab3ec1bb06097dc544e906f7ab895f33802c2e42f31ff54
routing_compound_regional_stress,routing_compound_regional_stress:seed96100002:epoch30,30,19,discovery,96200002,u_0.70,0.7,1796140920.893175,0.4263102356665494,1788.0,0.14017341040462428,76e93fce97e67d1fdab3ec1bb06097dc544e906f7ab895f33802c2e42f31ff54
routing_compound_regional_stress,routing_compound_regional_stress:seed96100002:epoch30,30,19,discovery,96200002,u_0.80,0.8,1788527829.8316777,0.431234611326064,1772.0,0.13672154617036505,76e93fce97e67d1fdab3ec1bb06097dc544e906f7ab895f33802c2e42f31ff54
routing_compound_regional_stress,routing_compound_regional_stress:seed96100002:epoch30,30,19,discovery,96200002,u_0.90,0.9,1786050102.340243,0.43510376362996833,1764.0,0.13532763532763534,76e93fce97e67d1fdab3ec1bb06097dc544e906f7ab895f33802c2e42f31ff54
routing_compound_regional_stress,routing_compound_regional_stress:seed96100002:epoch30,30,19,discovery,96200002,u_1.00,1.0,1790610829.8598602,0.4354555047485051,1763.0,0.1326676176890157,76e93fce97e67d1fdab3ec1bb06097dc544e906f7ab895f33802c2e42f31ff54
routing_compound_regional_stress,routing_compound_regional_stress:seed96100002:epoch30,30,19,validation,96300000,anchor,-1.0,1983882762.7299278,0.39160380452607413,1996.0,0.15417867435158503,76e93fce97e67d1fdab3ec1bb06097dc544e906f7ab895f33802c2e42f31ff54
routing_compound_regional_stress,routing_compound_regional_stress:seed96100002:epoch30,30,19,validation,96300000,u_0.00,0.0,1986670622.7087364,0.3906198753689734,1999.0,0.15451263537906137,76e93fce97e67d1fdab3ec1bb06097dc544e906f7ab895f33802c2e42f31ff54
routing_compound_regional_stress,routing_compound_regional_stress:seed96100002:epoch30,30,19,validation,96300000,u_0.10,0.1,1985861473.3263638,0.39193178091177433,2001.0,0.15561959654178675,76e93fce97e67d1fdab3ec1bb06097dc544e906f7ab895f33802c2e42f31ff54
routing_compound_regional_stress,routing_compound_regional_stress:seed96100002:epoch30,30,19,validation,96300000,u_0.20,0.2,1974974464.905488,0.39619547392587734,1989.0,0.15318539727988548,76e93fce97e67d1fdab3ec1bb06097dc544e906f7ab895f33802c2e42f31ff54
routing_compound_regional_stress,routing_compound_regional_stress:seed96100002:epoch30,30,19,validation,96300000,u_0.30,0.3,1970829913.330212,0.40045916693998035,1979.0,0.14907275320970043,76e93fce97e67d1fdab3ec1bb06097dc544e906f7ab895f33802c2e42f31ff54
routing_compound_regional_stress,routing_compound_regional_stress:seed96100002:epoch30,30,19,validation,96300000,u_0.40,0.4,1967063398.0997171,0.40209904886848147,1975.0,0.15024805102763997,76e93fce97e67d1fdab3ec1bb06097dc544e906f7ab895f33802c2e42f31ff54
routing_compound_regional_stress,routing_compound_regional_stress:seed96100002:epoch30,30,19,validation,96300000,u_0.50,0.5,1957325531.2238343,0.40734667103968514,1960.0,0.14647887323943662,76e93fce97e67d1fdab3ec1bb06097dc544e906f7ab895f33802c2e42f31ff54
routing_compound_regional_stress,routing_compound_regional_stress:seed96100002:epoch30,30,19,validation,96300000,u_0.60,0.6,1955140425.5515487,0.4066907182682847,1961.0,0.1484593837535014,76e93fce97e67d1fdab3ec1bb06097dc544e906f7ab895f33802c2e42f31ff54
routing_compound_regional_stress,routing_compound_regional_stress:seed96100002:epoch30,30,19,validation,96300000,u_0.70,0.7,1961624151.7604575,0.40406690718268284,1968.0,0.15070422535211267,76e93fce97e67d1fdab3ec1bb06097dc544e906f7ab895f33802c2e42f31ff54
routing_compound_regional_stress,routing_compound_regional_stress:seed96100002:epoch30,30,19,validation,96300000,u_0.80,0.8,1968033144.5838559,0.40505083633978356,1966.0,0.15031757233592097,76e93fce97e67d1fdab3ec1bb06097dc544e906f7ab895f33802c2e42f31ff54
routing_compound_regional_stress,routing_compound_regional_stress:seed96100002:epoch30,30,19,validation,96300000,u_0.90,0.9,1958111586.2381558,0.409970482125287,1952.0,0.14615384615384616,76e93fce97e67d1fdab3ec1bb06097dc544e906f7ab895f33802c2e42f31ff54
routing_compound_regional_stress,routing_compound_regional_stress:seed96100002:epoch30,30,19,validation,96300000,u_1.00,1.0,1963767708.6067777,0.40833060019678585,1956.0,0.14705882352941177,76e93fce97e67d1fdab3ec1bb06097dc544e906f7ab895f33802c2e42f31ff54
routing_compound_regional_stress,routing_compound_regional_stress:seed96100002:epoch30,30,19,validation,96300001,anchor,-1.0,1982198584.4111376,0.39980026631158455,2001.0,0.15328994938539406,76e93fce97e67d1fdab3ec1bb06097dc544e906f7ab895f33802c2e42f31ff54
routing_compound_regional_stress,routing_compound_regional_stress:seed96100002:epoch30,30,19,validation,96300001,u_0.00,0.0,1980491370.05999,0.4014647137150466,1998.0,0.15050651230101303,76e93fce97e67d1fdab3ec1bb06097dc544e906f7ab895f33802c2e42f31ff54
routing_compound_regional_stress,routing_compound_regional_stress:seed96100002:epoch30,30,19,validation,96300001,u_0.10,0.1,1977940154.7753072,0.40312916111850866,1992.0,0.14884393063583815,76e93fce97e67d1fdab3ec1bb06097dc544e906f7ab895f33802c2e42f31ff54
routing_compound_regional_stress,routing_compound_regional_stress:seed96100002:epoch30,30,19,validation,96300001,u_0.20,0.2,1974495995.8400724,0.40312916111850866,1986.0,0.15136298421807748,76e93fce97e67d1fdab3ec1bb06097dc544e906f7ab895f33802c2e42f31ff54
routing_compound_regional_stress,routing_compound_regional_stress:seed96100002:epoch30,30,19,validation,96300001,u_0.30,0.3,1970640460.6987102,0.40745672436750996,1986.0,0.14910394265232976,76e93fce97e67d1fdab3ec1bb06097dc544e906f7ab895f33802c2e42f31ff54
routing_compound_regional_stress,routing_compound_regional_stress:seed96100002:epoch30,30,19,validation,96300001,u_0.40,0.4,1965727706.2257528,0.40945406125166445,1978.0,0.14722617354196302,76e93fce97e67d1fdab3ec1bb06097dc544e906f7ab895f33802c2e42f31ff54
routing_compound_regional_stress,routing_compound_regional_stress:seed96100002:epoch30,30,19,validation,96300001,u_0.50,0.5,1966113752.5322087,0.4084553928095872,1975.0,0.14682822523164646,76e93fce97e67d1fdab3ec1bb06097dc544e906f7ab895f33802c2e42f31ff54
routing_compound_regional_stress,routing_compound_regional_stress:seed96100002:epoch30,30,19,validation,96300001,u_0.60,0.6,1963193400.3959005,0.41011984021304926,1969.0,0.14680851063829786,76e93fce97e67d1fdab3ec1bb06097dc544e906f7ab895f33802c2e42f31ff54
routing_compound_regional_stress,routing_compound_regional_stress:seed96100002:epoch30,30,19,validation,96300001,u_0.70,0.7,1976392324.7356062,0.40612516644474034,1985.0,0.15092989985693847,76e93fce97e67d1fdab3ec1bb06097dc544e906f7ab895f33802c2e42f31ff54
routing_compound_regional_stress,routing_compound_regional_stress:seed96100002:epoch30,30,19,validation,96300001,u_0.80,0.8,1973646299.3559275,0.4081225033288948,1980.0,0.14886039886039887,76e93fce97e67d1fdab3ec1bb06097dc544e906f7ab895f33802c2e42f31ff54
routing_compound_regional_stress,routing_compound_regional_stress:seed96100002:epoch30,30,19,validation,96300001,u_0.90,0.9,1973078236.3031363,0.41011984021304926,1975.0,0.14691270404542228,76e93fce97e67d1fdab3ec1bb06097dc544e906f7ab895f33802c2e42f31ff54
routing_compound_regional_stress,routing_compound_regional_stress:seed96100002:epoch30,30,19,validation,96300001,u_1.00,1.0,1968137545.1504233,0.41544607190412786,1955.0,0.1408351026185421,76e93fce97e67d1fdab3ec1bb06097dc544e906f7ab895f33802c2e42f31ff54
routing_compound_regional_stress,routing_compound_regional_stress:seed96100002:epoch30,30,19,validation,96300002,anchor,-1.0,1685225454.4907014,0.4470284237726098,1698.0,0.12907904278462654,76e93fce97e67d1fdab3ec1bb06097dc544e906f7ab895f33802c2e42f31ff54
routing_compound_regional_stress,routing_compound_regional_stress:seed96100002:epoch30,30,19,validation,96300002,u_0.00,0.0,1685585763.6940103,0.44518272425249167,1698.0,0.1282798833819242,76e93fce97e67d1fdab3ec1bb06097dc544e906f7ab895f33802c2e42f31ff54
routing_compound_regional_stress,routing_compound_regional_stress:seed96100002:epoch30,30,19,validation,96300002,u_0.10,0.1,1680816529.2116802,0.44776670358065707,1692.0,0.1262699564586357,76e93fce97e67d1fdab3ec1bb06097dc544e906f7ab895f33802c2e42f31ff54
routing_compound_regional_stress,routing_compound_regional_stress:seed96100002:epoch30,30,19,validation,96300002,u_0.20,0.2,1671806241.4936001,0.4529346622369878,1678.0,0.12138728323699421,76e93fce97e67d1fdab3ec1bb06097dc544e906f7ab895f33802c2e42f31ff54
routing_compound_regional_stress,routing_compound_regional_stress:seed96100002:epoch30,30,19,validation,96300002,u_0.30,0.3,1667078116.15958,0.45625692137320045,1671.0,0.12266857962697274,76e93fce97e67d1fdab3ec1bb06097dc544e906f7ab895f33802c2e42f31ff54
routing_compound_regional_stress,routing_compound_regional_stress:seed96100002:epoch30,30,19,validation,96300002,u_0.40,0.4,1666022014.214786,0.45662606127722405,1669.0,0.12106017191977077,76e93fce97e67d1fdab3ec1bb06097dc544e906f7ab895f33802c2e42f31ff54
routing_compound_regional_stress,routing_compound_regional_stress:seed96100002:epoch30,30,19,validation,96300002,u_0.50,0.5,1661982762.005785,0.4584717607973422,1660.0,0.12321937321937322,76e93fce97e67d1fdab3ec1bb06097dc544e906f7ab895f33802c2e42f31ff54
routing_compound_regional_stress,routing_compound_regional_stress:seed96100002:epoch30,30,19,validation,96300002,u_0.60,0.6,1658981543.409661,0.4599483204134367,1655.0,0.12224591329068941,76e93fce97e67d1fdab3ec1bb06097dc544e906f7ab895f33802c2e42f31ff54
routing_compound_regional_stress,routing_compound_regional_stress:seed96100002:epoch30,30,19,validation,96300002,u_0.70,0.7,1669187261.5302217,0.4558877814691768,1667.0,0.12526843235504653,76e93fce97e67d1fdab3ec1bb06097dc544e906f7ab895f33802c2e42f31ff54
routing_compound_regional_stress,routing_compound_regional_stress:seed96100002:epoch30,30,19,validation,96300002,u_0.80,0.8,1666364905.4337687,0.45957918050941304,1662.0,0.12071428571428572,76e93fce97e67d1fdab3ec1bb06097dc544e906f7ab895f33802c2e42f31ff54
routing_compound_regional_stress,routing_compound_regional_stress:seed96100002:epoch30,30,19,validation,96300002,u_0.90,0.9,1662423841.8245747,0.46363971945367294,1649.0,0.11968838526912182,76e93fce97e67d1fdab3ec1bb06097dc544e906f7ab895f33802c2e42f31ff54
routing_compound_regional_stress,routing_compound_regional_stress:seed96100002:epoch30,30,19,validation,96300002,u_1.00,1.0,1668738206.5363674,0.46105574012550754,1656.0,0.12314225053078556,76e93fce97e67d1fdab3ec1bb06097dc544e906f7ab895f33802c2e42f31ff54
routing_compound_regional_stress,routing_compound_regional_stress:seed96100002:epoch30,30,19,validation,96300003,anchor,-1.0,1864425630.9537177,0.41008403361344536,1866.0,0.13743736578382248,76e93fce97e67d1fdab3ec1bb06097dc544e906f7ab895f33802c2e42f31ff54
routing_compound_regional_stress,routing_compound_regional_stress:seed96100002:epoch30,30,19,validation,96300003,u_0.00,0.0,1869130096.711167,0.4080672268907563,1875.0,0.13554434030281182,76e93fce97e67d1fdab3ec1bb06097dc544e906f7ab895f33802c2e42f31ff54
routing_compound_regional_stress,routing_compound_regional_stress:seed96100002:epoch30,30,19,validation,96300003,u_0.10,0.1,1871300381.0543115,0.4084033613445378,1875.0,0.13864942528735633,76e93fce97e67d1fdab3ec1bb06097dc544e906f7ab895f33802c2e42f31ff54
routing_compound_regional_stress,routing_compound_regional_stress:seed96100002:epoch30,30,19,validation,96300003,u_0.20,0.2,1861843096.402703,0.4127731092436975,1863.0,0.13662374821173104,76e93fce97e67d1fdab3ec1bb06097dc544e906f7ab895f33802c2e42f31ff54
routing_compound_regional_stress,routing_compound_regional_stress:seed96100002:epoch30,30,19,validation,96300003,u_0.30,0.3,1855269417.039354,0.4164705882352941,1853.0,0.13413768630234207,76e93fce97e67d1fdab3ec1bb06097dc544e906f7ab895f33802c2e42f31ff54
routing_compound_regional_stress,routing_compound_regional_stress:seed96100002:epoch30,30,19,validation,96300003,u_0.40,0.4,1860559052.433111,0.41378151260504203,1858.0,0.1379800853485064,76e93fce97e67d1fdab3ec1bb06097dc544e906f7ab895f33802c2e42f31ff54
routing_compound_regional_stress,routing_compound_regional_stress:seed96100002:epoch30,30,19,validation,96300003,u_0.50,0.5,1862071767.4761136,0.4151260504201681,1861.0,0.13991477272727273,76e93fce97e67d1fdab3ec1bb06097dc544e906f7ab895f33802c2e42f31ff54
routing_compound_regional_stress,routing_compound_regional_stress:seed96100002:epoch30,30,19,validation,96300003,u_0.60,0.6,1857259219.576373,0.4181512605042017,1850.0,0.13771186440677965,76e93fce97e67d1fdab3ec1bb06097dc544e906f7ab895f33802c2e42f31ff54
routing_compound_regional_stress,routing_compound_regional_stress:seed96100002:epoch30,30,19,validation,96300003,u_0.70,0.7,1864933791.6068428,0.4157983193277311,1859.0,0.13849431818181818,76e93fce97e67d1fdab3ec1bb06097dc544e906f7ab895f33802c2e42f31ff54
routing_compound_regional_stress,routing_compound_regional_stress:seed96100002:epoch30,30,19,validation,96300003,u_0.80,0.8,1860101928.7968886,0.41781512605042015,1849.0,0.13610719322990128,76e93fce97e67d1fdab3ec1bb06097dc544e906f7ab895f33802c2e42f31ff54
routing_compound_regional_stress,routing_compound_regional_stress:seed96100002:epoch30,30,19,validation,96300003,u_0.90,0.9,1857162612.0626695,0.42016806722689076,1841.0,0.13623595505617977,76e93fce97e67d1fdab3ec1bb06097dc544e906f7ab895f33802c2e42f31ff54
routing_compound_regional_stress,routing_compound_regional_stress:seed96100002:epoch30,30,19,validation,96300003,u_1.00,1.0,1848765410.7641897,0.42554621848739493,1822.0,0.12736179146256124,76e93fce97e67d1fdab3ec1bb06097dc544e906f7ab895f33802c2e42f31ff54
routing_compound_regional_stress,routing_compound_regional_stress:seed96100002:epoch30,30,19,validation,96300004,anchor,-1.0,1838012435.3963158,0.4050590219224283,1818.0,0.13997113997113997,76e93fce97e67d1fdab3ec1bb06097dc544e906f7ab895f33802c2e42f31ff54
routing_compound_regional_stress,routing_compound_regional_stress:seed96100002:epoch30,30,19,validation,96300004,u_0.00,0.0,1839698556.5332685,0.4043844856661046,1823.0,0.1407942238267148,76e93fce97e67d1fdab3ec1bb06097dc544e906f7ab895f33802c2e42f31ff54
routing_compound_regional_stress,routing_compound_regional_stress:seed96100002:epoch30,30,19,validation,96300004,u_0.10,0.1,1838583524.5318563,0.40539629005059025,1822.0,0.14255014326647564,76e93fce97e67d1fdab3ec1bb06097dc544e906f7ab895f33802c2e42f31ff54
routing_compound_regional_stress,routing_compound_regional_stress:seed96100002:epoch30,30,19,validation,96300004,u_0.20,0.2,1841547346.2529054,0.403035413153457,1829.0,0.14368231046931407,76e93fce97e67d1fdab3ec1bb06097dc544e906f7ab895f33802c2e42f31ff54
routing_compound_regional_stress,routing_compound_regional_stress:seed96100002:epoch30,30,19,validation,96300004,u_0.30,0.3,1830087706.1082268,0.41112984822934234,1812.0,0.13675213675213677,76e93fce97e67d1fdab3ec1bb06097dc544e906f7ab895f33802c2e42f31ff54
routing_compound_regional_stress,routing_compound_regional_stress:seed96100002:epoch30,30,19,validation,96300004,u_0.40,0.4,1834546028.4140422,0.4107925801011804,1814.0,0.14397719173200285,76e93fce97e67d1fdab3ec1bb06097dc544e906f7ab895f33802c2e42f31ff54
routing_compound_regional_stress,routing_compound_regional_stress:seed96100002:epoch30,30,19,validation,96300004,u_0.50,0.5,1831661882.596611,0.4145025295109612,1806.0,0.14346289752650176,76e93fce97e67d1fdab3ec1bb06097dc544e906f7ab895f33802c2e42f31ff54
routing_compound_regional_stress,routing_compound_regional_stress:seed96100002:epoch30,30,19,validation,96300004,u_0.60,0.6,1828338232.7094512,0.4155143338954469,1802.0,0.14295774647887324,76e93fce97e67d1fdab3ec1bb06097dc544e906f7ab895f33802c2e42f31ff54
routing_compound_regional_stress,routing_compound_regional_stress:seed96100002:epoch30,30,19,validation,96300004,u_0.70,0.7,1836684836.0547278,0.4124789207419899,1811.0,0.14468085106382977,76e93fce97e67d1fdab3ec1bb06097dc544e906f7ab895f33802c2e42f31ff54
routing_compound_regional_stress,routing_compound_regional_stress:seed96100002:epoch30,30,19,validation,96300004,u_0.80,0.8,1831252378.2085142,0.41517706576728497,1801.0,0.14325842696629212,76e93fce97e67d1fdab3ec1bb06097dc544e906f7ab895f33802c2e42f31ff54
routing_compound_regional_stress,routing_compound_regional_stress:seed96100002:epoch30,30,19,validation,96300004,u_0.90,0.9,1827804079.662298,0.42158516020236086,1790.0,0.13935574229691877,76e93fce97e67d1fdab3ec1bb06097dc544e906f7ab895f33802c2e42f31ff54
routing_compound_regional_stress,routing_compound_regional_stress:seed96100002:epoch30,30,19,validation,96300004,u_1.00,1.0,1829089336.9482942,0.42158516020236086,1785.0,0.13797909407665504,76e93fce97e67d1fdab3ec1bb06097dc544e906f7ab895f33802c2e42f31ff54
routing_compound_regional_stress,routing_compound_regional_stress:seed96100002:epoch55,55,17,discovery,96200000,anchor,-1.0,96705040.21777962,0.3184713375796178,99.0,0.19718309859154928,76e93fce97e67d1fdab3ec1bb06097dc544e906f7ab895f33802c2e42f31ff54
routing_compound_regional_stress,routing_compound_regional_stress:seed96100002:epoch55,55,17,discovery,96200000,u_0.00,0.0,96597825.15846851,0.3184713375796178,99.0,0.21212121212121213,76e93fce97e67d1fdab3ec1bb06097dc544e906f7ab895f33802c2e42f31ff54
routing_compound_regional_stress,routing_compound_regional_stress:seed96100002:epoch55,55,17,discovery,96200000,u_0.10,0.1,96224605.29905894,0.3184713375796178,98.0,0.1917808219178082,76e93fce97e67d1fdab3ec1bb06097dc544e906f7ab895f33802c2e42f31ff54
routing_compound_regional_stress,routing_compound_regional_stress:seed96100002:epoch55,55,17,discovery,96200000,u_0.20,0.2,95557825.7408403,0.3184713375796178,96.0,0.175,76e93fce97e67d1fdab3ec1bb06097dc544e906f7ab895f33802c2e42f31ff54
routing_compound_regional_stress,routing_compound_regional_stress:seed96100002:epoch55,55,17,discovery,96200000,u_0.30,0.3,95368457.8967268,0.3184713375796178,95.0,0.15555555555555556,76e93fce97e67d1fdab3ec1bb06097dc544e906f7ab895f33802c2e42f31ff54
routing_compound_regional_stress,routing_compound_regional_stress:seed96100002:epoch55,55,17,discovery,96200000,u_0.40,0.4,95539757.20745885,0.3184713375796178,94.0,0.14285714285714285,76e93fce97e67d1fdab3ec1bb06097dc544e906f7ab895f33802c2e42f31ff54
routing_compound_regional_stress,routing_compound_regional_stress:seed96100002:epoch55,55,17,discovery,96200000,u_0.50,0.5,94458562.82669672,0.3184713375796178,90.0,0.1320754716981132,76e93fce97e67d1fdab3ec1bb06097dc544e906f7ab895f33802c2e42f31ff54
routing_compound_regional_stress,routing_compound_regional_stress:seed96100002:epoch55,55,17,discovery,96200000,u_0.60,0.6,95976612.45444043,0.3184713375796178,90.0,0.12727272727272726,76e93fce97e67d1fdab3ec1bb06097dc544e906f7ab895f33802c2e42f31ff54
routing_compound_regional_stress,routing_compound_regional_stress:seed96100002:epoch55,55,17,discovery,96200000,u_0.70,0.7,96030003.19068995,0.3184713375796178,87.0,0.1206896551724138,76e93fce97e67d1fdab3ec1bb06097dc544e906f7ab895f33802c2e42f31ff54
routing_compound_regional_stress,routing_compound_regional_stress:seed96100002:epoch55,55,17,discovery,96200000,u_0.80,0.8,97943350.61669287,0.3184713375796178,87.0,0.11290322580645161,76e93fce97e67d1fdab3ec1bb06097dc544e906f7ab895f33802c2e42f31ff54
routing_compound_regional_stress,routing_compound_regional_stress:seed96100002:epoch55,55,17,discovery,96200000,u_0.90,0.9,99954949.38870645,0.3184713375796178,86.0,0.1111111111111111,76e93fce97e67d1fdab3ec1bb06097dc544e906f7ab895f33802c2e42f31ff54
routing_compound_regional_stress,routing_compound_regional_stress:seed96100002:epoch55,55,17,discovery,96200000,u_1.00,1.0,100113903.22669673,0.3184713375796178,82.0,0.1037037037037037,76e93fce97e67d1fdab3ec1bb06097dc544e906f7ab895f33802c2e42f31ff54
routing_compound_regional_stress,routing_compound_regional_stress:seed96100002:epoch55,55,17,discovery,96200001,anchor,-1.0,96705040.21777962,0.3184713375796178,99.0,0.19718309859154928,76e93fce97e67d1fdab3ec1bb06097dc544e906f7ab895f33802c2e42f31ff54
routing_compound_regional_stress,routing_compound_regional_stress:seed96100002:epoch55,55,17,discovery,96200001,u_0.00,0.0,96597825.15846851,0.3184713375796178,99.0,0.21212121212121213,76e93fce97e67d1fdab3ec1bb06097dc544e906f7ab895f33802c2e42f31ff54
routing_compound_regional_stress,routing_compound_regional_stress:seed96100002:epoch55,55,17,discovery,96200001,u_0.10,0.1,96224605.29905894,0.3184713375796178,98.0,0.1917808219178082,76e93fce97e67d1fdab3ec1bb06097dc544e906f7ab895f33802c2e42f31ff54
routing_compound_regional_stress,routing_compound_regional_stress:seed96100002:epoch55,55,17,discovery,96200001,u_0.20,0.2,95557825.7408403,0.3184713375796178,96.0,0.175,76e93fce97e67d1fdab3ec1bb06097dc544e906f7ab895f33802c2e42f31ff54
routing_compound_regional_stress,routing_compound_regional_stress:seed96100002:epoch55,55,17,discovery,96200001,u_0.30,0.3,95368457.8967268,0.3184713375796178,95.0,0.15555555555555556,76e93fce97e67d1fdab3ec1bb06097dc544e906f7ab895f33802c2e42f31ff54
routing_compound_regional_stress,routing_compound_regional_stress:seed96100002:epoch55,55,17,discovery,96200001,u_0.40,0.4,95539757.20745885,0.3184713375796178,94.0,0.14285714285714285,76e93fce97e67d1fdab3ec1bb06097dc544e906f7ab895f33802c2e42f31ff54
routing_compound_regional_stress,routing_compound_regional_stress:seed96100002:epoch55,55,17,discovery,96200001,u_0.50,0.5,94458562.82669672,0.3184713375796178,90.0,0.1320754716981132,76e93fce97e67d1fdab3ec1bb06097dc544e906f7ab895f33802c2e42f31ff54
routing_compound_regional_stress,routing_compound_regional_stress:seed96100002:epoch55,55,17,discovery,96200001,u_0.60,0.6,95976612.45444043,0.3184713375796178,90.0,0.12727272727272726,76e93fce97e67d1fdab3ec1bb06097dc544e906f7ab895f33802c2e42f31ff54
routing_compound_regional_stress,routing_compound_regional_stress:seed96100002:epoch55,55,17,discovery,96200001,u_0.70,0.7,96030003.19068995,0.3184713375796178,87.0,0.1206896551724138,76e93fce97e67d1fdab3ec1bb06097dc544e906f7ab895f33802c2e42f31ff54
routing_compound_regional_stress,routing_compound_regional_stress:seed96100002:epoch55,55,17,discovery,96200001,u_0.80,0.8,97943350.61669287,0.3184713375796178,87.0,0.11290322580645161,76e93fce97e67d1fdab3ec1bb06097dc544e906f7ab895f33802c2e42f31ff54
routing_compound_regional_stress,routing_compound_regional_stress:seed96100002:epoch55,55,17,discovery,96200001,u_0.90,0.9,99954949.38870645,0.3184713375796178,86.0,0.1111111111111111,76e93fce97e67d1fdab3ec1bb06097dc544e906f7ab895f33802c2e42f31ff54
routing_compound_regional_stress,routing_compound_regional_stress:seed96100002:epoch55,55,17,discovery,96200001,u_1.00,1.0,100113903.22669673,0.3184713375796178,82.0,0.1037037037037037,76e93fce97e67d1fdab3ec1bb06097dc544e906f7ab895f33802c2e42f31ff54
routing_compound_regional_stress,routing_compound_regional_stress:seed96100002:epoch55,55,17,discovery,96200002,anchor,-1.0,96705040.21777962,0.3184713375796178,99.0,0.19718309859154928,76e93fce97e67d1fdab3ec1bb06097dc544e906f7ab895f33802c2e42f31ff54
routing_compound_regional_stress,routing_compound_regional_stress:seed96100002:epoch55,55,17,discovery,96200002,u_0.00,0.0,96597825.15846851,0.3184713375796178,99.0,0.21212121212121213,76e93fce97e67d1fdab3ec1bb06097dc544e906f7ab895f33802c2e42f31ff54
routing_compound_regional_stress,routing_compound_regional_stress:seed96100002:epoch55,55,17,discovery,96200002,u_0.10,0.1,96224605.29905894,0.3184713375796178,98.0,0.1917808219178082,76e93fce97e67d1fdab3ec1bb06097dc544e906f7ab895f33802c2e42f31ff54
routing_compound_regional_stress,routing_compound_regional_stress:seed96100002:epoch55,55,17,discovery,96200002,u_0.20,0.2,95557825.7408403,0.3184713375796178,96.0,0.175,76e93fce97e67d1fdab3ec1bb06097dc544e906f7ab895f33802c2e42f31ff54
routing_compound_regional_stress,routing_compound_regional_stress:seed96100002:epoch55,55,17,discovery,96200002,u_0.30,0.3,95368457.8967268,0.3184713375796178,95.0,0.15555555555555556,76e93fce97e67d1fdab3ec1bb06097dc544e906f7ab895f33802c2e42f31ff54
routing_compound_regional_stress,routing_compound_regional_stress:seed96100002:epoch55,55,17,discovery,96200002,u_0.40,0.4,95539757.20745885,0.3184713375796178,94.0,0.14285714285714285,76e93fce97e67d1fdab3ec1bb06097dc544e906f7ab895f33802c2e42f31ff54
routing_compound_regional_stress,routing_compound_regional_stress:seed96100002:epoch55,55,17,discovery,96200002,u_0.50,0.5,94458562.82669672,0.3184713375796178,90.0,0.1320754716981132,76e93fce97e67d1fdab3ec1bb06097dc544e906f7ab895f33802c2e42f31ff54
routing_compound_regional_stress,routing_compound_regional_stress:seed96100002:epoch55,55,17,discovery,96200002,u_0.60,0.6,95976612.45444043,0.3184713375796178,90.0,0.12727272727272726,76e93fce97e67d1fdab3ec1bb06097dc544e906f7ab895f33802c2e42f31ff54
routing_compound_regional_stress,routing_compound_regional_stress:seed96100002:epoch55,55,17,discovery,96200002,u_0.70,0.7,96030003.19068995,0.3184713375796178,87.0,0.1206896551724138,76e93fce97e67d1fdab3ec1bb06097dc544e906f7ab895f33802c2e42f31ff54
routing_compound_regional_stress,routing_compound_regional_stress:seed96100002:epoch55,55,17,discovery,96200002,u_0.80,0.8,97943350.61669287,0.3184713375796178,87.0,0.11290322580645161,76e93fce97e67d1fdab3ec1bb06097dc544e906f7ab895f33802c2e42f31ff54
routing_compound_regional_stress,routing_compound_regional_stress:seed96100002:epoch55,55,17,discovery,96200002,u_0.90,0.9,99954949.38870645,0.3184713375796178,86.0,0.1111111111111111,76e93fce97e67d1fdab3ec1bb06097dc544e906f7ab895f33802c2e42f31ff54
routing_compound_regional_stress,routing_compound_regional_stress:seed96100002:epoch55,55,17,discovery,96200002,u_1.00,1.0,100113903.22669673,0.3184713375796178,82.0,0.1037037037037037,76e93fce97e67d1fdab3ec1bb06097dc544e906f7ab895f33802c2e42f31ff54
routing_compound_regional_stress,routing_compound_regional_stress:seed96100002:epoch55,55,17,validation,96300000,anchor,-1.0,96705040.21777962,0.3184713375796178,99.0,0.19718309859154928,76e93fce97e67d1fdab3ec1bb06097dc544e906f7ab895f33802c2e42f31ff54
routing_compound_regional_stress,routing_compound_regional_stress:seed96100002:epoch55,55,17,validation,96300000,u_0.00,0.0,96597825.15846851,0.3184713375796178,99.0,0.21212121212121213,76e93fce97e67d1fdab3ec1bb06097dc544e906f7ab895f33802c2e42f31ff54
routing_compound_regional_stress,routing_compound_regional_stress:seed96100002:epoch55,55,17,validation,96300000,u_0.10,0.1,96224605.29905894,0.3184713375796178,98.0,0.1917808219178082,76e93fce97e67d1fdab3ec1bb06097dc544e906f7ab895f33802c2e42f31ff54
routing_compound_regional_stress,routing_compound_regional_stress:seed96100002:epoch55,55,17,validation,96300000,u_0.20,0.2,95557825.7408403,0.3184713375796178,96.0,0.175,76e93fce97e67d1fdab3ec1bb06097dc544e906f7ab895f33802c2e42f31ff54
routing_compound_regional_stress,routing_compound_regional_stress:seed96100002:epoch55,55,17,validation,96300000,u_0.30,0.3,95368457.8967268,0.3184713375796178,95.0,0.15555555555555556,76e93fce97e67d1fdab3ec1bb06097dc544e906f7ab895f33802c2e42f31ff54
routing_compound_regional_stress,routing_compound_regional_stress:seed96100002:epoch55,55,17,validation,96300000,u_0.40,0.4,95539757.20745885,0.3184713375796178,94.0,0.14285714285714285,76e93fce97e67d1fdab3ec1bb06097dc544e906f7ab895f33802c2e42f31ff54
routing_compound_regional_stress,routing_compound_regional_stress:seed96100002:epoch55,55,17,validation,96300000,u_0.50,0.5,94458562.82669672,0.3184713375796178,90.0,0.1320754716981132,76e93fce97e67d1fdab3ec1bb06097dc544e906f7ab895f33802c2e42f31ff54
routing_compound_regional_stress,routing_compound_regional_stress:seed96100002:epoch55,55,17,validation,96300000,u_0.60,0.6,95976612.45444043,0.3184713375796178,90.0,0.12727272727272726,76e93fce97e67d1fdab3ec1bb06097dc544e906f7ab895f33802c2e42f31ff54
routing_compound_regional_stress,routing_compound_regional_stress:seed96100002:epoch55,55,17,validation,96300000,u_0.70,0.7,96030003.19068995,0.3184713375796178,87.0,0.1206896551724138,76e93fce97e67d1fdab3ec1bb06097dc544e906f7ab895f33802c2e42f31ff54
routing_compound_regional_stress,routing_compound_regional_stress:seed96100002:epoch55,55,17,validation,96300000,u_0.80,0.8,97943350.61669287,0.3184713375796178,87.0,0.11290322580645161,76e93fce97e67d1fdab3ec1bb06097dc544e906f7ab895f33802c2e42f31ff54
routing_compound_regional_stress,routing_compound_regional_stress:seed96100002:epoch55,55,17,validation,96300000,u_0.90,0.9,99954949.38870645,0.3184713375796178,86.0,0.1111111111111111,76e93fce97e67d1fdab3ec1bb06097dc544e906f7ab895f33802c2e42f31ff54
routing_compound_regional_stress,routing_compound_regional_stress:seed96100002:epoch55,55,17,validation,96300000,u_1.00,1.0,100113903.22669673,0.3184713375796178,82.0,0.1037037037037037,76e93fce97e67d1fdab3ec1bb06097dc544e906f7ab895f33802c2e42f31ff54
routing_compound_regional_stress,routing_compound_regional_stress:seed96100002:epoch55,55,17,validation,96300001,anchor,-1.0,96705040.21777962,0.3184713375796178,99.0,0.19718309859154928,76e93fce97e67d1fdab3ec1bb06097dc544e906f7ab895f33802c2e42f31ff54
routing_compound_regional_stress,routing_compound_regional_stress:seed96100002:epoch55,55,17,validation,96300001,u_0.00,0.0,96597825.15846851,0.3184713375796178,99.0,0.21212121212121213,76e93fce97e67d1fdab3ec1bb06097dc544e906f7ab895f33802c2e42f31ff54
routing_compound_regional_stress,routing_compound_regional_stress:seed96100002:epoch55,55,17,validation,96300001,u_0.10,0.1,96224605.29905894,0.3184713375796178,98.0,0.1917808219178082,76e93fce97e67d1fdab3ec1bb06097dc544e906f7ab895f33802c2e42f31ff54
routing_compound_regional_stress,routing_compound_regional_stress:seed96100002:epoch55,55,17,validation,96300001,u_0.20,0.2,95557825.7408403,0.3184713375796178,96.0,0.175,76e93fce97e67d1fdab3ec1bb06097dc544e906f7ab895f33802c2e42f31ff54
routing_compound_regional_stress,routing_compound_regional_stress:seed96100002:epoch55,55,17,validation,96300001,u_0.30,0.3,95368457.8967268,0.3184713375796178,95.0,0.15555555555555556,76e93fce97e67d1fdab3ec1bb06097dc544e906f7ab895f33802c2e42f31ff54
routing_compound_regional_stress,routing_compound_regional_stress:seed96100002:epoch55,55,17,validation,96300001,u_0.40,0.4,95539757.20745885,0.3184713375796178,94.0,0.14285714285714285,76e93fce97e67d1fdab3ec1bb06097dc544e906f7ab895f33802c2e42f31ff54
routing_compound_regional_stress,routing_compound_regional_stress:seed96100002:epoch55,55,17,validation,96300001,u_0.50,0.5,94458562.82669672,0.3184713375796178,90.0,0.1320754716981132,76e93fce97e67d1fdab3ec1bb06097dc544e906f7ab895f33802c2e42f31ff54
routing_compound_regional_stress,routing_compound_regional_stress:seed96100002:epoch55,55,17,validation,96300001,u_0.60,0.6,95976612.45444043,0.3184713375796178,90.0,0.12727272727272726,76e93fce97e67d1fdab3ec1bb06097dc544e906f7ab895f33802c2e42f31ff54
routing_compound_regional_stress,routing_compound_regional_stress:seed96100002:epoch55,55,17,validation,96300001,u_0.70,0.7,96030003.19068995,0.3184713375796178,87.0,0.1206896551724138,76e93fce97e67d1fdab3ec1bb06097dc544e906f7ab895f33802c2e42f31ff54
routing_compound_regional_stress,routing_compound_regional_stress:seed96100002:epoch55,55,17,validation,96300001,u_0.80,0.8,97943350.61669287,0.3184713375796178,87.0,0.11290322580645161,76e93fce97e67d1fdab3ec1bb06097dc544e906f7ab895f33802c2e42f31ff54
routing_compound_regional_stress,routing_compound_regional_stress:seed96100002:epoch55,55,17,validation,96300001,u_0.90,0.9,99954949.38870645,0.3184713375796178,86.0,0.1111111111111111,76e93fce97e67d1fdab3ec1bb06097dc544e906f7ab895f33802c2e42f31ff54
routing_compound_regional_stress,routing_compound_regional_stress:seed96100002:epoch55,55,17,validation,96300001,u_1.00,1.0,100113903.22669673,0.3184713375796178,82.0,0.1037037037037037,76e93fce97e67d1fdab3ec1bb06097dc544e906f7ab895f33802c2e42f31ff54
routing_compound_regional_stress,routing_compound_regional_stress:seed96100002:epoch55,55,17,validation,96300002,anchor,-1.0,96705040.21777962,0.3184713375796178,99.0,0.19718309859154928,76e93fce97e67d1fdab3ec1bb06097dc544e906f7ab895f33802c2e42f31ff54
routing_compound_regional_stress,routing_compound_regional_stress:seed96100002:epoch55,55,17,validation,96300002,u_0.00,0.0,96597825.15846851,0.3184713375796178,99.0,0.21212121212121213,76e93fce97e67d1fdab3ec1bb06097dc544e906f7ab895f33802c2e42f31ff54
routing_compound_regional_stress,routing_compound_regional_stress:seed96100002:epoch55,55,17,validation,96300002,u_0.10,0.1,96224605.29905894,0.3184713375796178,98.0,0.1917808219178082,76e93fce97e67d1fdab3ec1bb06097dc544e906f7ab895f33802c2e42f31ff54
routing_compound_regional_stress,routing_compound_regional_stress:seed96100002:epoch55,55,17,validation,96300002,u_0.20,0.2,95557825.7408403,0.3184713375796178,96.0,0.175,76e93fce97e67d1fdab3ec1bb06097dc544e906f7ab895f33802c2e42f31ff54
routing_compound_regional_stress,routing_compound_regional_stress:seed96100002:epoch55,55,17,validation,96300002,u_0.30,0.3,95368457.8967268,0.3184713375796178,95.0,0.15555555555555556,76e93fce97e67d1fdab3ec1bb06097dc544e906f7ab895f33802c2e42f31ff54
routing_compound_regional_stress,routing_compound_regional_stress:seed96100002:epoch55,55,17,validation,96300002,u_0.40,0.4,95539757.20745885,0.3184713375796178,94.0,0.14285714285714285,76e93fce97e67d1fdab3ec1bb06097dc544e906f7ab895f33802c2e42f31ff54
routing_compound_regional_stress,routing_compound_regional_stress:seed96100002:epoch55,55,17,validation,96300002,u_0.50,0.5,94458562.82669672,0.3184713375796178,90.0,0.1320754716981132,76e93fce97e67d1fdab3ec1bb06097dc544e906f7ab895f33802c2e42f31ff54
routing_compound_regional_stress,routing_compound_regional_stress:seed96100002:epoch55,55,17,validation,96300002,u_0.60,0.6,95976612.45444043,0.3184713375796178,90.0,0.12727272727272726,76e93fce97e67d1fdab3ec1bb06097dc544e906f7ab895f33802c2e42f31ff54
routing_compound_regional_stress,routing_compound_regional_stress:seed96100002:epoch55,55,17,validation,96300002,u_0.70,0.7,96030003.19068995,0.3184713375796178,87.0,0.1206896551724138,76e93fce97e67d1fdab3ec1bb06097dc544e906f7ab895f33802c2e42f31ff54
routing_compound_regional_stress,routing_compound_regional_stress:seed96100002:epoch55,55,17,validation,96300002,u_0.80,0.8,97943350.61669287,0.3184713375796178,87.0,0.11290322580645161,76e93fce97e67d1fdab3ec1bb06097dc544e906f7ab895f33802c2e42f31ff54
routing_compound_regional_stress,routing_compound_regional_stress:seed96100002:epoch55,55,17,validation,96300002,u_0.90,0.9,99954949.38870645,0.3184713375796178,86.0,0.1111111111111111,76e93fce97e67d1fdab3ec1bb06097dc544e906f7ab895f33802c2e42f31ff54
routing_compound_regional_stress,routing_compound_regional_stress:seed96100002:epoch55,55,17,validation,96300002,u_1.00,1.0,100113903.22669673,0.3184713375796178,82.0,0.1037037037037037,76e93fce97e67d1fdab3ec1bb06097dc544e906f7ab895f33802c2e42f31ff54
routing_compound_regional_stress,routing_compound_regional_stress:seed96100002:epoch55,55,17,validation,96300003,anchor,-1.0,96705040.21777962,0.3184713375796178,99.0,0.19718309859154928,76e93fce97e67d1fdab3ec1bb06097dc544e906f7ab895f33802c2e42f31ff54
routing_compound_regional_stress,routing_compound_regional_stress:seed96100002:epoch55,55,17,validation,96300003,u_0.00,0.0,96597825.15846851,0.3184713375796178,99.0,0.21212121212121213,76e93fce97e67d1fdab3ec1bb06097dc544e906f7ab895f33802c2e42f31ff54
routing_compound_regional_stress,routing_compound_regional_stress:seed96100002:epoch55,55,17,validation,96300003,u_0.10,0.1,96224605.29905894,0.3184713375796178,98.0,0.1917808219178082,76e93fce97e67d1fdab3ec1bb06097dc544e906f7ab895f33802c2e42f31ff54
routing_compound_regional_stress,routing_compound_regional_stress:seed96100002:epoch55,55,17,validation,96300003,u_0.20,0.2,95557825.7408403,0.3184713375796178,96.0,0.175,76e93fce97e67d1fdab3ec1bb06097dc544e906f7ab895f33802c2e42f31ff54
routing_compound_regional_stress,routing_compound_regional_stress:seed96100002:epoch55,55,17,validation,96300003,u_0.30,0.3,95368457.8967268,0.3184713375796178,95.0,0.15555555555555556,76e93fce97e67d1fdab3ec1bb06097dc544e906f7ab895f33802c2e42f31ff54
routing_compound_regional_stress,routing_compound_regional_stress:seed96100002:epoch55,55,17,validation,96300003,u_0.40,0.4,95539757.20745885,0.3184713375796178,94.0,0.14285714285714285,76e93fce97e67d1fdab3ec1bb06097dc544e906f7ab895f33802c2e42f31ff54
routing_compound_regional_stress,routing_compound_regional_stress:seed96100002:epoch55,55,17,validation,96300003,u_0.50,0.5,94458562.82669672,0.3184713375796178,90.0,0.1320754716981132,76e93fce97e67d1fdab3ec1bb06097dc544e906f7ab895f33802c2e42f31ff54
routing_compound_regional_stress,routing_compound_regional_stress:seed96100002:epoch55,55,17,validation,96300003,u_0.60,0.6,95976612.45444043,0.3184713375796178,90.0,0.12727272727272726,76e93fce97e67d1fdab3ec1bb06097dc544e906f7ab895f33802c2e42f31ff54
routing_compound_regional_stress,routing_compound_regional_stress:seed96100002:epoch55,55,17,validation,96300003,u_0.70,0.7,96030003.19068995,0.3184713375796178,87.0,0.1206896551724138,76e93fce97e67d1fdab3ec1bb06097dc544e906f7ab895f33802c2e42f31ff54
routing_compound_regional_stress,routing_compound_regional_stress:seed96100002:epoch55,55,17,validation,96300003,u_0.80,0.8,97943350.61669287,0.3184713375796178,87.0,0.11290322580645161,76e93fce97e67d1fdab3ec1bb06097dc544e906f7ab895f33802c2e42f31ff54
routing_compound_regional_stress,routing_compound_regional_stress:seed96100002:epoch55,55,17,validation,96300003,u_0.90,0.9,99954949.38870645,0.3184713375796178,86.0,0.1111111111111111,76e93fce97e67d1fdab3ec1bb06097dc544e906f7ab895f33802c2e42f31ff54
routing_compound_regional_stress,routing_compound_regional_stress:seed96100002:epoch55,55,17,validation,96300003,u_1.00,1.0,100113903.22669673,0.3184713375796178,82.0,0.1037037037037037,76e93fce97e67d1fdab3ec1bb06097dc544e906f7ab895f33802c2e42f31ff54
routing_compound_regional_stress,routing_compound_regional_stress:seed96100002:epoch55,55,17,validation,96300004,anchor,-1.0,96705040.21777962,0.3184713375796178,99.0,0.19718309859154928,76e93fce97e67d1fdab3ec1bb06097dc544e906f7ab895f33802c2e42f31ff54
routing_compound_regional_stress,routing_compound_regional_stress:seed96100002:epoch55,55,17,validation,96300004,u_0.00,0.0,96597825.15846851,0.3184713375796178,99.0,0.21212121212121213,76e93fce97e67d1fdab3ec1bb06097dc544e906f7ab895f33802c2e42f31ff54
routing_compound_regional_stress,routing_compound_regional_stress:seed96100002:epoch55,55,17,validation,96300004,u_0.10,0.1,96224605.29905894,0.3184713375796178,98.0,0.1917808219178082,76e93fce97e67d1fdab3ec1bb06097dc544e906f7ab895f33802c2e42f31ff54
routing_compound_regional_stress,routing_compound_regional_stress:seed96100002:epoch55,55,17,validation,96300004,u_0.20,0.2,95557825.7408403,0.3184713375796178,96.0,0.175,76e93fce97e67d1fdab3ec1bb06097dc544e906f7ab895f33802c2e42f31ff54
routing_compound_regional_stress,routing_compound_regional_stress:seed96100002:epoch55,55,17,validation,96300004,u_0.30,0.3,95368457.8967268,0.3184713375796178,95.0,0.15555555555555556,76e93fce97e67d1fdab3ec1bb06097dc544e906f7ab895f33802c2e42f31ff54
routing_compound_regional_stress,routing_compound_regional_stress:seed96100002:epoch55,55,17,validation,96300004,u_0.40,0.4,95539757.20745885,0.3184713375796178,94.0,0.14285714285714285,76e93fce97e67d1fdab3ec1bb06097dc544e906f7ab895f33802c2e42f31ff54
routing_compound_regional_stress,routing_compound_regional_stress:seed96100002:epoch55,55,17,validation,96300004,u_0.50,0.5,94458562.82669672,0.3184713375796178,90.0,0.1320754716981132,76e93fce97e67d1fdab3ec1bb06097dc544e906f7ab895f33802c2e42f31ff54
routing_compound_regional_stress,routing_compound_regional_stress:seed96100002:epoch55,55,17,validation,96300004,u_0.60,0.6,95976612.45444043,0.3184713375796178,90.0,0.12727272727272726,76e93fce97e67d1fdab3ec1bb06097dc544e906f7ab895f33802c2e42f31ff54
routing_compound_regional_stress,routing_compound_regional_stress:seed96100002:epoch55,55,17,validation,96300004,u_0.70,0.7,96030003.19068995,0.3184713375796178,87.0,0.1206896551724138,76e93fce97e67d1fdab3ec1bb06097dc544e906f7ab895f33802c2e42f31ff54
routing_compound_regional_stress,routing_compound_regional_stress:seed96100002:epoch55,55,17,validation,96300004,u_0.80,0.8,97943350.61669287,0.3184713375796178,87.0,0.11290322580645161,76e93fce97e67d1fdab3ec1bb06097dc544e906f7ab895f33802c2e42f31ff54
routing_compound_regional_stress,routing_compound_regional_stress:seed96100002:epoch55,55,17,validation,96300004,u_0.90,0.9,99954949.38870645,0.3184713375796178,86.0,0.1111111111111111,76e93fce97e67d1fdab3ec1bb06097dc544e906f7ab895f33802c2e42f31ff54
routing_compound_regional_stress,routing_compound_regional_stress:seed96100002:epoch55,55,17,validation,96300004,u_1.00,1.0,100113903.22669673,0.3184713375796178,82.0,0.1037037037037037,76e93fce97e67d1fdab3ec1bb06097dc544e906f7ab895f33802c2e42f31ff54
routing_compound_regional_stress,routing_compound_regional_stress:seed96100002:epoch80,80,13,discovery,96200000,anchor,-1.0,141407337.74182028,0.38016528925619836,153.0,0.27586206896551724,76e93fce97e67d1fdab3ec1bb06097dc544e906f7ab895f33802c2e42f31ff54
routing_compound_regional_stress,routing_compound_regional_stress:seed96100002:epoch80,80,13,discovery,96200000,u_0.00,0.0,141407337.74182028,0.38016528925619836,153.0,0.27586206896551724,76e93fce97e67d1fdab3ec1bb06097dc544e906f7ab895f33802c2e42f31ff54
routing_compound_regional_stress,routing_compound_regional_stress:seed96100002:epoch80,80,13,discovery,96200000,u_0.10,0.1,140945185.46403092,0.38016528925619836,152.0,0.25806451612903225,76e93fce97e67d1fdab3ec1bb06097dc544e906f7ab895f33802c2e42f31ff54
routing_compound_regional_stress,routing_compound_regional_stress:seed96100002:epoch80,80,13,discovery,96200000,u_0.20,0.2,139992882.23231572,0.38016528925619836,150.0,0.24242424242424243,76e93fce97e67d1fdab3ec1bb06097dc544e906f7ab895f33802c2e42f31ff54
routing_compound_regional_stress,routing_compound_regional_stress:seed96100002:epoch80,80,13,discovery,96200000,u_0.30,0.3,138974493.66922048,0.38016528925619836,148.0,0.21621621621621623,76e93fce97e67d1fdab3ec1bb06097dc544e906f7ab895f33802c2e42f31ff54
routing_compound_regional_stress,routing_compound_regional_stress:seed96100002:epoch80,80,13,discovery,96200000,u_0.40,0.4,138086837.67526832,0.38016528925619836,146.0,0.19753086419753085,76e93fce97e67d1fdab3ec1bb06097dc544e906f7ab895f33802c2e42f31ff54
routing_compound_regional_stress,routing_compound_regional_stress:seed96100002:epoch80,80,13,discovery,96200000,u_0.50,0.5,137429201.08594245,0.38016528925619836,144.0,0.1797752808988764,76e93fce97e67d1fdab3ec1bb06097dc544e906f7ab895f33802c2e42f31ff54
routing_compound_regional_stress,routing_compound_regional_stress:seed96100002:epoch80,80,13,discovery,96200000,u_0.60,0.6,137677844.30124283,0.38016528925619836,143.0,0.17204301075268819,76e93fce97e67d1fdab3ec1bb06097dc544e906f7ab895f33802c2e42f31ff54
routing_compound_regional_stress,routing_compound_regional_stress:seed96100002:epoch80,80,13,discovery,96200000,u_0.70,0.7,137381431.52116948,0.38016528925619836,141.0,0.16326530612244897,76e93fce97e67d1fdab3ec1bb06097dc544e906f7ab895f33802c2e42f31ff54
routing_compound_regional_stress,routing_compound_regional_stress:seed96100002:epoch80,80,13,discovery,96200000,u_0.80,0.8,137239750.24535578,0.38016528925619836,139.0,0.15384615384615385,76e93fce97e67d1fdab3ec1bb06097dc544e906f7ab895f33802c2e42f31ff54
routing_compound_regional_stress,routing_compound_regional_stress:seed96100002:epoch80,80,13,discovery,96200000,u_0.90,0.9,138529188.47490165,0.38016528925619836,139.0,0.1509433962264151,76e93fce97e67d1fdab3ec1bb06097dc544e906f7ab895f33802c2e42f31ff54
routing_compound_regional_stress,routing_compound_regional_stress:seed96100002:epoch80,80,13,discovery,96200000,u_1.00,1.0,137972537.28594244,0.38016528925619836,136.0,0.1391304347826087,76e93fce97e67d1fdab3ec1bb06097dc544e906f7ab895f33802c2e42f31ff54
routing_compound_regional_stress,routing_compound_regional_stress:seed96100002:epoch80,80,13,discovery,96200001,anchor,-1.0,141407337.74182028,0.38016528925619836,153.0,0.27586206896551724,76e93fce97e67d1fdab3ec1bb06097dc544e906f7ab895f33802c2e42f31ff54
routing_compound_regional_stress,routing_compound_regional_stress:seed96100002:epoch80,80,13,discovery,96200001,u_0.00,0.0,141407337.74182028,0.38016528925619836,153.0,0.27586206896551724,76e93fce97e67d1fdab3ec1bb06097dc544e906f7ab895f33802c2e42f31ff54
routing_compound_regional_stress,routing_compound_regional_stress:seed96100002:epoch80,80,13,discovery,96200001,u_0.10,0.1,140945185.46403092,0.38016528925619836,152.0,0.25806451612903225,76e93fce97e67d1fdab3ec1bb06097dc544e906f7ab895f33802c2e42f31ff54
routing_compound_regional_stress,routing_compound_regional_stress:seed96100002:epoch80,80,13,discovery,96200001,u_0.20,0.2,139992882.23231572,0.38016528925619836,150.0,0.24242424242424243,76e93fce97e67d1fdab3ec1bb06097dc544e906f7ab895f33802c2e42f31ff54
routing_compound_regional_stress,routing_compound_regional_stress:seed96100002:epoch80,80,13,discovery,96200001,u_0.30,0.3,138974493.66922048,0.38016528925619836,148.0,0.21621621621621623,76e93fce97e67d1fdab3ec1bb06097dc544e906f7ab895f33802c2e42f31ff54
routing_compound_regional_stress,routing_compound_regional_stress:seed96100002:epoch80,80,13,discovery,96200001,u_0.40,0.4,138086837.67526832,0.38016528925619836,146.0,0.19753086419753085,76e93fce97e67d1fdab3ec1bb06097dc544e906f7ab895f33802c2e42f31ff54
routing_compound_regional_stress,routing_compound_regional_stress:seed96100002:epoch80,80,13,discovery,96200001,u_0.50,0.5,137429201.08594245,0.38016528925619836,144.0,0.1797752808988764,76e93fce97e67d1fdab3ec1bb06097dc544e906f7ab895f33802c2e42f31ff54
routing_compound_regional_stress,routing_compound_regional_stress:seed96100002:epoch80,80,13,discovery,96200001,u_0.60,0.6,137677844.30124283,0.38016528925619836,143.0,0.17204301075268819,76e93fce97e67d1fdab3ec1bb06097dc544e906f7ab895f33802c2e42f31ff54
routing_compound_regional_stress,routing_compound_regional_stress:seed96100002:epoch80,80,13,discovery,96200001,u_0.70,0.7,137381431.52116948,0.38016528925619836,141.0,0.16326530612244897,76e93fce97e67d1fdab3ec1bb06097dc544e906f7ab895f33802c2e42f31ff54
routing_compound_regional_stress,routing_compound_regional_stress:seed96100002:epoch80,80,13,discovery,96200001,u_0.80,0.8,137239750.24535578,0.38016528925619836,139.0,0.15384615384615385,76e93fce97e67d1fdab3ec1bb06097dc544e906f7ab895f33802c2e42f31ff54
routing_compound_regional_stress,routing_compound_regional_stress:seed96100002:epoch80,80,13,discovery,96200001,u_0.90,0.9,138529188.47490165,0.38016528925619836,139.0,0.1509433962264151,76e93fce97e67d1fdab3ec1bb06097dc544e906f7ab895f33802c2e42f31ff54
routing_compound_regional_stress,routing_compound_regional_stress:seed96100002:epoch80,80,13,discovery,96200001,u_1.00,1.0,137972537.28594244,0.38016528925619836,136.0,0.1391304347826087,76e93fce97e67d1fdab3ec1bb06097dc544e906f7ab895f33802c2e42f31ff54
routing_compound_regional_stress,routing_compound_regional_stress:seed96100002:epoch80,80,13,discovery,96200002,anchor,-1.0,141407337.74182028,0.38016528925619836,153.0,0.27586206896551724,76e93fce97e67d1fdab3ec1bb06097dc544e906f7ab895f33802c2e42f31ff54
routing_compound_regional_stress,routing_compound_regional_stress:seed96100002:epoch80,80,13,discovery,96200002,u_0.00,0.0,141407337.74182028,0.38016528925619836,153.0,0.27586206896551724,76e93fce97e67d1fdab3ec1bb06097dc544e906f7ab895f33802c2e42f31ff54
routing_compound_regional_stress,routing_compound_regional_stress:seed96100002:epoch80,80,13,discovery,96200002,u_0.10,0.1,140945185.46403092,0.38016528925619836,152.0,0.25806451612903225,76e93fce97e67d1fdab3ec1bb06097dc544e906f7ab895f33802c2e42f31ff54
routing_compound_regional_stress,routing_compound_regional_stress:seed96100002:epoch80,80,13,discovery,96200002,u_0.20,0.2,139992882.23231572,0.38016528925619836,150.0,0.24242424242424243,76e93fce97e67d1fdab3ec1bb06097dc544e906f7ab895f33802c2e42f31ff54
routing_compound_regional_stress,routing_compound_regional_stress:seed96100002:epoch80,80,13,discovery,96200002,u_0.30,0.3,138974493.66922048,0.38016528925619836,148.0,0.21621621621621623,76e93fce97e67d1fdab3ec1bb06097dc544e906f7ab895f33802c2e42f31ff54
routing_compound_regional_stress,routing_compound_regional_stress:seed96100002:epoch80,80,13,discovery,96200002,u_0.40,0.4,138086837.67526832,0.38016528925619836,146.0,0.19753086419753085,76e93fce97e67d1fdab3ec1bb06097dc544e906f7ab895f33802c2e42f31ff54
routing_compound_regional_stress,routing_compound_regional_stress:seed96100002:epoch80,80,13,discovery,96200002,u_0.50,0.5,137429201.08594245,0.38016528925619836,144.0,0.1797752808988764,76e93fce97e67d1fdab3ec1bb06097dc544e906f7ab895f33802c2e42f31ff54
routing_compound_regional_stress,routing_compound_regional_stress:seed96100002:epoch80,80,13,discovery,96200002,u_0.60,0.6,137677844.30124283,0.38016528925619836,143.0,0.17204301075268819,76e93fce97e67d1fdab3ec1bb06097dc544e906f7ab895f33802c2e42f31ff54
routing_compound_regional_stress,routing_compound_regional_stress:seed96100002:epoch80,80,13,discovery,96200002,u_0.70,0.7,137381431.52116948,0.38016528925619836,141.0,0.16326530612244897,76e93fce97e67d1fdab3ec1bb06097dc544e906f7ab895f33802c2e42f31ff54
routing_compound_regional_stress,routing_compound_regional_stress:seed96100002:epoch80,80,13,discovery,96200002,u_0.80,0.8,137239750.24535578,0.38016528925619836,139.0,0.15384615384615385,76e93fce97e67d1fdab3ec1bb06097dc544e906f7ab895f33802c2e42f31ff54
routing_compound_regional_stress,routing_compound_regional_stress:seed96100002:epoch80,80,13,discovery,96200002,u_0.90,0.9,138529188.47490165,0.38016528925619836,139.0,0.1509433962264151,76e93fce97e67d1fdab3ec1bb06097dc544e906f7ab895f33802c2e42f31ff54
routing_compound_regional_stress,routing_compound_regional_stress:seed96100002:epoch80,80,13,discovery,96200002,u_1.00,1.0,137972537.28594244,0.38016528925619836,136.0,0.1391304347826087,76e93fce97e67d1fdab3ec1bb06097dc544e906f7ab895f33802c2e42f31ff54
routing_compound_regional_stress,routing_compound_regional_stress:seed96100002:epoch80,80,13,validation,96300000,anchor,-1.0,141407337.74182028,0.38016528925619836,153.0,0.27586206896551724,76e93fce97e67d1fdab3ec1bb06097dc544e906f7ab895f33802c2e42f31ff54
routing_compound_regional_stress,routing_compound_regional_stress:seed96100002:epoch80,80,13,validation,96300000,u_0.00,0.0,141407337.74182028,0.38016528925619836,153.0,0.27586206896551724,76e93fce97e67d1fdab3ec1bb06097dc544e906f7ab895f33802c2e42f31ff54
routing_compound_regional_stress,routing_compound_regional_stress:seed96100002:epoch80,80,13,validation,96300000,u_0.10,0.1,140945185.46403092,0.38016528925619836,152.0,0.25806451612903225,76e93fce97e67d1fdab3ec1bb06097dc544e906f7ab895f33802c2e42f31ff54
routing_compound_regional_stress,routing_compound_regional_stress:seed96100002:epoch80,80,13,validation,96300000,u_0.20,0.2,139992882.23231572,0.38016528925619836,150.0,0.24242424242424243,76e93fce97e67d1fdab3ec1bb06097dc544e906f7ab895f33802c2e42f31ff54
routing_compound_regional_stress,routing_compound_regional_stress:seed96100002:epoch80,80,13,validation,96300000,u_0.30,0.3,138974493.66922048,0.38016528925619836,148.0,0.21621621621621623,76e93fce97e67d1fdab3ec1bb06097dc544e906f7ab895f33802c2e42f31ff54
routing_compound_regional_stress,routing_compound_regional_stress:seed96100002:epoch80,80,13,validation,96300000,u_0.40,0.4,138086837.67526832,0.38016528925619836,146.0,0.19753086419753085,76e93fce97e67d1fdab3ec1bb06097dc544e906f7ab895f33802c2e42f31ff54
routing_compound_regional_stress,routing_compound_regional_stress:seed96100002:epoch80,80,13,validation,96300000,u_0.50,0.5,137429201.08594245,0.38016528925619836,144.0,0.1797752808988764,76e93fce97e67d1fdab3ec1bb06097dc544e906f7ab895f33802c2e42f31ff54
routing_compound_regional_stress,routing_compound_regional_stress:seed96100002:epoch80,80,13,validation,96300000,u_0.60,0.6,137677844.30124283,0.38016528925619836,143.0,0.17204301075268819,76e93fce97e67d1fdab3ec1bb06097dc544e906f7ab895f33802c2e42f31ff54
routing_compound_regional_stress,routing_compound_regional_stress:seed96100002:epoch80,80,13,validation,96300000,u_0.70,0.7,137381431.52116948,0.38016528925619836,141.0,0.16326530612244897,76e93fce97e67d1fdab3ec1bb06097dc544e906f7ab895f33802c2e42f31ff54
routing_compound_regional_stress,routing_compound_regional_stress:seed96100002:epoch80,80,13,validation,96300000,u_0.80,0.8,137239750.24535578,0.38016528925619836,139.0,0.15384615384615385,76e93fce97e67d1fdab3ec1bb06097dc544e906f7ab895f33802c2e42f31ff54
routing_compound_regional_stress,routing_compound_regional_stress:seed96100002:epoch80,80,13,validation,96300000,u_0.90,0.9,138529188.47490165,0.38016528925619836,139.0,0.1509433962264151,76e93fce97e67d1fdab3ec1bb06097dc544e906f7ab895f33802c2e42f31ff54
routing_compound_regional_stress,routing_compound_regional_stress:seed96100002:epoch80,80,13,validation,96300000,u_1.00,1.0,137972537.28594244,0.38016528925619836,136.0,0.1391304347826087,76e93fce97e67d1fdab3ec1bb06097dc544e906f7ab895f33802c2e42f31ff54
routing_compound_regional_stress,routing_compound_regional_stress:seed96100002:epoch80,80,13,validation,96300001,anchor,-1.0,141407337.74182028,0.38016528925619836,153.0,0.27586206896551724,76e93fce97e67d1fdab3ec1bb06097dc544e906f7ab895f33802c2e42f31ff54
routing_compound_regional_stress,routing_compound_regional_stress:seed96100002:epoch80,80,13,validation,96300001,u_0.00,0.0,141407337.74182028,0.38016528925619836,153.0,0.27586206896551724,76e93fce97e67d1fdab3ec1bb06097dc544e906f7ab895f33802c2e42f31ff54
routing_compound_regional_stress,routing_compound_regional_stress:seed96100002:epoch80,80,13,validation,96300001,u_0.10,0.1,140945185.46403092,0.38016528925619836,152.0,0.25806451612903225,76e93fce97e67d1fdab3ec1bb06097dc544e906f7ab895f33802c2e42f31ff54
routing_compound_regional_stress,routing_compound_regional_stress:seed96100002:epoch80,80,13,validation,96300001,u_0.20,0.2,139992882.23231572,0.38016528925619836,150.0,0.24242424242424243,76e93fce97e67d1fdab3ec1bb06097dc544e906f7ab895f33802c2e42f31ff54
routing_compound_regional_stress,routing_compound_regional_stress:seed96100002:epoch80,80,13,validation,96300001,u_0.30,0.3,138974493.66922048,0.38016528925619836,148.0,0.21621621621621623,76e93fce97e67d1fdab3ec1bb06097dc544e906f7ab895f33802c2e42f31ff54
routing_compound_regional_stress,routing_compound_regional_stress:seed96100002:epoch80,80,13,validation,96300001,u_0.40,0.4,138086837.67526832,0.38016528925619836,146.0,0.19753086419753085,76e93fce97e67d1fdab3ec1bb06097dc544e906f7ab895f33802c2e42f31ff54
routing_compound_regional_stress,routing_compound_regional_stress:seed96100002:epoch80,80,13,validation,96300001,u_0.50,0.5,137429201.08594245,0.38016528925619836,144.0,0.1797752808988764,76e93fce97e67d1fdab3ec1bb06097dc544e906f7ab895f33802c2e42f31ff54
routing_compound_regional_stress,routing_compound_regional_stress:seed96100002:epoch80,80,13,validation,96300001,u_0.60,0.6,137677844.30124283,0.38016528925619836,143.0,0.17204301075268819,76e93fce97e67d1fdab3ec1bb06097dc544e906f7ab895f33802c2e42f31ff54
routing_compound_regional_stress,routing_compound_regional_stress:seed96100002:epoch80,80,13,validation,96300001,u_0.70,0.7,137381431.52116948,0.38016528925619836,141.0,0.16326530612244897,76e93fce97e67d1fdab3ec1bb06097dc544e906f7ab895f33802c2e42f31ff54
routing_compound_regional_stress,routing_compound_regional_stress:seed96100002:epoch80,80,13,validation,96300001,u_0.80,0.8,137239750.24535578,0.38016528925619836,139.0,0.15384615384615385,76e93fce97e67d1fdab3ec1bb06097dc544e906f7ab895f33802c2e42f31ff54
routing_compound_regional_stress,routing_compound_regional_stress:seed96100002:epoch80,80,13,validation,96300001,u_0.90,0.9,138529188.47490165,0.38016528925619836,139.0,0.1509433962264151,76e93fce97e67d1fdab3ec1bb06097dc544e906f7ab895f33802c2e42f31ff54
routing_compound_regional_stress,routing_compound_regional_stress:seed96100002:epoch80,80,13,validation,96300001,u_1.00,1.0,137972537.28594244,0.38016528925619836,136.0,0.1391304347826087,76e93fce97e67d1fdab3ec1bb06097dc544e906f7ab895f33802c2e42f31ff54
routing_compound_regional_stress,routing_compound_regional_stress:seed96100002:epoch80,80,13,validation,96300002,anchor,-1.0,141407337.74182028,0.38016528925619836,153.0,0.27586206896551724,76e93fce97e67d1fdab3ec1bb06097dc544e906f7ab895f33802c2e42f31ff54
routing_compound_regional_stress,routing_compound_regional_stress:seed96100002:epoch80,80,13,validation,96300002,u_0.00,0.0,141407337.74182028,0.38016528925619836,153.0,0.27586206896551724,76e93fce97e67d1fdab3ec1bb06097dc544e906f7ab895f33802c2e42f31ff54
routing_compound_regional_stress,routing_compound_regional_stress:seed96100002:epoch80,80,13,validation,96300002,u_0.10,0.1,140945185.46403092,0.38016528925619836,152.0,0.25806451612903225,76e93fce97e67d1fdab3ec1bb06097dc544e906f7ab895f33802c2e42f31ff54
routing_compound_regional_stress,routing_compound_regional_stress:seed96100002:epoch80,80,13,validation,96300002,u_0.20,0.2,139992882.23231572,0.38016528925619836,150.0,0.24242424242424243,76e93fce97e67d1fdab3ec1bb06097dc544e906f7ab895f33802c2e42f31ff54
routing_compound_regional_stress,routing_compound_regional_stress:seed96100002:epoch80,80,13,validation,96300002,u_0.30,0.3,138974493.66922048,0.38016528925619836,148.0,0.21621621621621623,76e93fce97e67d1fdab3ec1bb06097dc544e906f7ab895f33802c2e42f31ff54
routing_compound_regional_stress,routing_compound_regional_stress:seed96100002:epoch80,80,13,validation,96300002,u_0.40,0.4,138086837.67526832,0.38016528925619836,146.0,0.19753086419753085,76e93fce97e67d1fdab3ec1bb06097dc544e906f7ab895f33802c2e42f31ff54
routing_compound_regional_stress,routing_compound_regional_stress:seed96100002:epoch80,80,13,validation,96300002,u_0.50,0.5,137429201.08594245,0.38016528925619836,144.0,0.1797752808988764,76e93fce97e67d1fdab3ec1bb06097dc544e906f7ab895f33802c2e42f31ff54
routing_compound_regional_stress,routing_compound_regional_stress:seed96100002:epoch80,80,13,validation,96300002,u_0.60,0.6,137677844.30124283,0.38016528925619836,143.0,0.17204301075268819,76e93fce97e67d1fdab3ec1bb06097dc544e906f7ab895f33802c2e42f31ff54
routing_compound_regional_stress,routing_compound_regional_stress:seed96100002:epoch80,80,13,validation,96300002,u_0.70,0.7,137381431.52116948,0.38016528925619836,141.0,0.16326530612244897,76e93fce97e67d1fdab3ec1bb06097dc544e906f7ab895f33802c2e42f31ff54
routing_compound_regional_stress,routing_compound_regional_stress:seed96100002:epoch80,80,13,validation,96300002,u_0.80,0.8,137239750.24535578,0.38016528925619836,139.0,0.15384615384615385,76e93fce97e67d1fdab3ec1bb06097dc544e906f7ab895f33802c2e42f31ff54
routing_compound_regional_stress,routing_compound_regional_stress:seed96100002:epoch80,80,13,validation,96300002,u_0.90,0.9,138529188.47490165,0.38016528925619836,139.0,0.1509433962264151,76e93fce97e67d1fdab3ec1bb06097dc544e906f7ab895f33802c2e42f31ff54
routing_compound_regional_stress,routing_compound_regional_stress:seed96100002:epoch80,80,13,validation,96300002,u_1.00,1.0,137972537.28594244,0.38016528925619836,136.0,0.1391304347826087,76e93fce97e67d1fdab3ec1bb06097dc544e906f7ab895f33802c2e42f31ff54
routing_compound_regional_stress,routing_compound_regional_stress:seed96100002:epoch80,80,13,validation,96300003,anchor,-1.0,141407337.74182028,0.38016528925619836,153.0,0.27586206896551724,76e93fce97e67d1fdab3ec1bb06097dc544e906f7ab895f33802c2e42f31ff54
routing_compound_regional_stress,routing_compound_regional_stress:seed96100002:epoch80,80,13,validation,96300003,u_0.00,0.0,141407337.74182028,0.38016528925619836,153.0,0.27586206896551724,76e93fce97e67d1fdab3ec1bb06097dc544e906f7ab895f33802c2e42f31ff54
routing_compound_regional_stress,routing_compound_regional_stress:seed96100002:epoch80,80,13,validation,96300003,u_0.10,0.1,140945185.46403092,0.38016528925619836,152.0,0.25806451612903225,76e93fce97e67d1fdab3ec1bb06097dc544e906f7ab895f33802c2e42f31ff54
routing_compound_regional_stress,routing_compound_regional_stress:seed96100002:epoch80,80,13,validation,96300003,u_0.20,0.2,139992882.23231572,0.38016528925619836,150.0,0.24242424242424243,76e93fce97e67d1fdab3ec1bb06097dc544e906f7ab895f33802c2e42f31ff54
routing_compound_regional_stress,routing_compound_regional_stress:seed96100002:epoch80,80,13,validation,96300003,u_0.30,0.3,138974493.66922048,0.38016528925619836,148.0,0.21621621621621623,76e93fce97e67d1fdab3ec1bb06097dc544e906f7ab895f33802c2e42f31ff54
routing_compound_regional_stress,routing_compound_regional_stress:seed96100002:epoch80,80,13,validation,96300003,u_0.40,0.4,138086837.67526832,0.38016528925619836,146.0,0.19753086419753085,76e93fce97e67d1fdab3ec1bb06097dc544e906f7ab895f33802c2e42f31ff54
routing_compound_regional_stress,routing_compound_regional_stress:seed96100002:epoch80,80,13,validation,96300003,u_0.50,0.5,137429201.08594245,0.38016528925619836,144.0,0.1797752808988764,76e93fce97e67d1fdab3ec1bb06097dc544e906f7ab895f33802c2e42f31ff54
routing_compound_regional_stress,routing_compound_regional_stress:seed96100002:epoch80,80,13,validation,96300003,u_0.60,0.6,137677844.30124283,0.38016528925619836,143.0,0.17204301075268819,76e93fce97e67d1fdab3ec1bb06097dc544e906f7ab895f33802c2e42f31ff54
routing_compound_regional_stress,routing_compound_regional_stress:seed96100002:epoch80,80,13,validation,96300003,u_0.70,0.7,137381431.52116948,0.38016528925619836,141.0,0.16326530612244897,76e93fce97e67d1fdab3ec1bb06097dc544e906f7ab895f33802c2e42f31ff54
routing_compound_regional_stress,routing_compound_regional_stress:seed96100002:epoch80,80,13,validation,96300003,u_0.80,0.8,137239750.24535578,0.38016528925619836,139.0,0.15384615384615385,76e93fce97e67d1fdab3ec1bb06097dc544e906f7ab895f33802c2e42f31ff54
routing_compound_regional_stress,routing_compound_regional_stress:seed96100002:epoch80,80,13,validation,96300003,u_0.90,0.9,138529188.47490165,0.38016528925619836,139.0,0.1509433962264151,76e93fce97e67d1fdab3ec1bb06097dc544e906f7ab895f33802c2e42f31ff54
routing_compound_regional_stress,routing_compound_regional_stress:seed96100002:epoch80,80,13,validation,96300003,u_1.00,1.0,137972537.28594244,0.38016528925619836,136.0,0.1391304347826087,76e93fce97e67d1fdab3ec1bb06097dc544e906f7ab895f33802c2e42f31ff54
routing_compound_regional_stress,routing_compound_regional_stress:seed96100002:epoch80,80,13,validation,96300004,anchor,-1.0,141407337.74182028,0.38016528925619836,153.0,0.27586206896551724,76e93fce97e67d1fdab3ec1bb06097dc544e906f7ab895f33802c2e42f31ff54
routing_compound_regional_stress,routing_compound_regional_stress:seed96100002:epoch80,80,13,validation,96300004,u_0.00,0.0,141407337.74182028,0.38016528925619836,153.0,0.27586206896551724,76e93fce97e67d1fdab3ec1bb06097dc544e906f7ab895f33802c2e42f31ff54
routing_compound_regional_stress,routing_compound_regional_stress:seed96100002:epoch80,80,13,validation,96300004,u_0.10,0.1,140945185.46403092,0.38016528925619836,152.0,0.25806451612903225,76e93fce97e67d1fdab3ec1bb06097dc544e906f7ab895f33802c2e42f31ff54
routing_compound_regional_stress,routing_compound_regional_stress:seed96100002:epoch80,80,13,validation,96300004,u_0.20,0.2,139992882.23231572,0.38016528925619836,150.0,0.24242424242424243,76e93fce97e67d1fdab3ec1bb06097dc544e906f7ab895f33802c2e42f31ff54
routing_compound_regional_stress,routing_compound_regional_stress:seed96100002:epoch80,80,13,validation,96300004,u_0.30,0.3,138974493.66922048,0.38016528925619836,148.0,0.21621621621621623,76e93fce97e67d1fdab3ec1bb06097dc544e906f7ab895f33802c2e42f31ff54
routing_compound_regional_stress,routing_compound_regional_stress:seed96100002:epoch80,80,13,validation,96300004,u_0.40,0.4,138086837.67526832,0.38016528925619836,146.0,0.19753086419753085,76e93fce97e67d1fdab3ec1bb06097dc544e906f7ab895f33802c2e42f31ff54
routing_compound_regional_stress,routing_compound_regional_stress:seed96100002:epoch80,80,13,validation,96300004,u_0.50,0.5,137429201.08594245,0.38016528925619836,144.0,0.1797752808988764,76e93fce97e67d1fdab3ec1bb06097dc544e906f7ab895f33802c2e42f31ff54
routing_compound_regional_stress,routing_compound_regional_stress:seed96100002:epoch80,80,13,validation,96300004,u_0.60,0.6,137677844.30124283,0.38016528925619836,143.0,0.17204301075268819,76e93fce97e67d1fdab3ec1bb06097dc544e906f7ab895f33802c2e42f31ff54
routing_compound_regional_stress,routing_compound_regional_stress:seed96100002:epoch80,80,13,validation,96300004,u_0.70,0.7,137381431.52116948,0.38016528925619836,141.0,0.16326530612244897,76e93fce97e67d1fdab3ec1bb06097dc544e906f7ab895f33802c2e42f31ff54
routing_compound_regional_stress,routing_compound_regional_stress:seed96100002:epoch80,80,13,validation,96300004,u_0.80,0.8,137239750.24535578,0.38016528925619836,139.0,0.15384615384615385,76e93fce97e67d1fdab3ec1bb06097dc544e906f7ab895f33802c2e42f31ff54
routing_compound_regional_stress,routing_compound_regional_stress:seed96100002:epoch80,80,13,validation,96300004,u_0.90,0.9,138529188.47490165,0.38016528925619836,139.0,0.1509433962264151,76e93fce97e67d1fdab3ec1bb06097dc544e906f7ab895f33802c2e42f31ff54
routing_compound_regional_stress,routing_compound_regional_stress:seed96100002:epoch80,80,13,validation,96300004,u_1.00,1.0,137972537.28594244,0.38016528925619836,136.0,0.1391304347826087,76e93fce97e67d1fdab3ec1bb06097dc544e906f7ab895f33802c2e42f31ff54
