scenario,state_id,decision_epoch,bound_count,stream,crn_seed,arm,overtime_rung,remaining_cost,completion_service_level,patients_lost,manufacturing_ineligibility,scenario_declaration_sha256
routing_nominal_history,routing_nominal_history:seed96100000:epoch30,30,20,discovery,96200000,anchor,-1.0,1311115629.6432688,0.6014437689969605,1061.0,0.0464975845410628,5ebbc98dbd907dd8005e5a079d53d37321acce7a607ef1d5b680ecd4655c416b
routing_nominal_history,routing_nominal_history:seed96100000:epoch30,30,20,discovery,96200000,u_0.00,0.0,1315486978.7477465,0.5991641337386018,1067.0,0.045262522631261314,5ebbc98dbd907dd8005e5a079d53d37321acce7a607ef1d5b680ecd4655c416b
routing_nominal_history,routing_nominal_history:seed96100000:epoch30,30,20,discovery,96200000,u_0.10,0.1,1309522939.1049376,0.6037234042553191,1059.0,0.04439112177564487,5ebbc98dbd907dd8005e5a079d53d37321acce7a607ef1d5b680ecd4655c416b
routing_nominal_history,routing_nominal_history:seed96100000:epoch30,30,20,discovery,96200000,u_0.20,0.2,1307760348.6816761,0.6037234042553191,1056.0,0.04561824729891957,5ebbc98dbd907dd8005e5a079d53d37321acce7a607ef1d5b680ecd4655c416b
routing_nominal_history,routing_nominal_history:seed96100000:epoch30,30,20,discovery,96200000,u_0.30,0.3,1309495073.7311945,0.601823708206687,1057.0,0.04632972322503008,5ebbc98dbd907dd8005e5a079d53d37321acce7a607ef1d5b680ecd4655c416b
routing_nominal_history,routing_nominal_history:seed96100000:epoch30,30,20,discovery,96200000,u_0.40,0.4,1306009840.84941,0.6048632218844985,1053.0,0.04397590361445783,5ebbc98dbd907dd8005e5a079d53d37321acce7a607ef1d5b680ecd4655c416b
routing_nominal_history,routing_nominal_history:seed96100000:epoch30,30,20,discovery,96200000,u_0.50,0.5,1299092923.2639349,0.6090425531914894,1045.0,0.04431137724550898,5ebbc98dbd907dd8005e5a079d53d37321acce7a607ef1d5b680ecd4655c416b
routing_nominal_history,routing_nominal_history:seed96100000:epoch30,30,20,discovery,96200000,u_0.60,0.6,1299077804.3608453,0.6094224924012158,1044.0,0.04428485936564931,5ebbc98dbd907dd8005e5a079d53d37321acce7a607ef1d5b680ecd4655c416b
routing_nominal_history,routing_nominal_history:seed96100000:epoch30,30,20,discovery,96200000,u_0.70,0.7,1297980430.9767566,0.6098024316109423,1042.0,0.04537313432835821,5ebbc98dbd907dd8005e5a079d53d37321acce7a607ef1d5b680ecd4655c416b
routing_nominal_history,routing_nominal_history:seed96100000:epoch30,30,20,discovery,96200000,u_0.80,0.8,1293764990.2720337,0.6124620060790273,1036.0,0.046263345195729534,5ebbc98dbd907dd8005e5a079d53d37321acce7a607ef1d5b680ecd4655c416b
routing_nominal_history,routing_nominal_history:seed96100000:epoch30,30,20,discovery,96200000,u_0.90,0.9,1294060685.256525,0.6124620060790273,1036.0,0.046263345195729534,5ebbc98dbd907dd8005e5a079d53d37321acce7a607ef1d5b680ecd4655c416b
routing_nominal_history,routing_nominal_history:seed96100000:epoch30,30,20,discovery,96200000,u_1.00,1.0,1280003697.459458,0.6196808510638298,1019.0,0.04524089306698002,5ebbc98dbd907dd8005e5a079d53d37321acce7a607ef1d5b680ecd4655c416b
routing_nominal_history,routing_nominal_history:seed96100000:epoch30,30,20,discovery,96200001,anchor,-1.0,1073918374.7838569,0.6389558232931727,836.0,0.04447115384615385,5ebbc98dbd907dd8005e5a079d53d37321acce7a607ef1d5b680ecd4655c416b
routing_nominal_history,routing_nominal_history:seed96100000:epoch30,30,20,discovery,96200001,u_0.00,0.0,1081466882.7951999,0.6325301204819277,849.0,0.04603270745003028,5ebbc98dbd907dd8005e5a079d53d37321acce7a607ef1d5b680ecd4655c416b
routing_nominal_history,routing_nominal_history:seed96100000:epoch30,30,20,discovery,96200001,u_0.10,0.1,1073377577.0925257,0.6381526104417671,836.0,0.043817527010804325,5ebbc98dbd907dd8005e5a079d53d37321acce7a607ef1d5b680ecd4655c416b
routing_nominal_history,routing_nominal_history:seed96100000:epoch30,30,20,discovery,96200001,u_0.20,0.2,1066174121.4278547,0.6429718875502008,826.0,0.04293381037567084,5ebbc98dbd907dd8005e5a079d53d37321acce7a607ef1d5b680ecd4655c416b
routing_nominal_history,routing_nominal_history:seed96100000:epoch30,30,20,discovery,96200001,u_0.30,0.3,1062513835.5507295,0.6453815261044177,822.0,0.0421865715983363,5ebbc98dbd907dd8005e5a079d53d37321acce7a607ef1d5b680ecd4655c416b
routing_nominal_history,routing_nominal_history:seed96100000:epoch30,30,20,discovery,96200001,u_0.40,0.4,1053522757.8157837,0.6493975903614457,814.0,0.04018912529550828,5ebbc98dbd907dd8005e5a079d53d37321acce7a607ef1d5b680ecd4655c416b
routing_nominal_history,routing_nominal_history:seed96100000:epoch30,30,20,discovery,96200001,u_0.50,0.5,1050482894.8925728,0.6518072289156627,811.0,0.04122497055359246,5ebbc98dbd907dd8005e5a079d53d37321acce7a607ef1d5b680ecd4655c416b
routing_nominal_history,routing_nominal_history:seed96100000:epoch30,30,20,discovery,96200001,u_0.60,0.6,1047071393.5710275,0.659437751004016,805.0,0.03864168618266979,5ebbc98dbd907dd8005e5a079d53d37321acce7a607ef1d5b680ecd4655c416b
routing_nominal_history,routing_nominal_history:seed96100000:epoch30,30,20,discovery,96200001,u_0.70,0.7,1045701622.3033456,0.6610441767068274,803.0,0.038551401869158876,5ebbc98dbd907dd8005e5a079d53d37321acce7a607ef1d5b680ecd4655c416b
routing_nominal_history,routing_nominal_history:seed96100000:epoch30,30,20,discovery,96200001,u_0.80,0.8,1044998266.7013705,0.6582329317269077,803.0,0.0396964389959136,5ebbc98dbd907dd8005e5a079d53d37321acce7a607ef1d5b680ecd4655c416b
routing_nominal_history,routing_nominal_history:seed96100000:epoch30,30,20,discovery,96200001,u_0.90,0.9,1045293961.6858621,0.6582329317269077,803.0,0.0396964389959136,5ebbc98dbd907dd8005e5a079d53d37321acce7a607ef1d5b680ecd4655c416b
routing_nominal_history,routing_nominal_history:seed96100000:epoch30,30,20,discovery,96200001,u_1.00,1.0,1033045492.4425442,0.6674698795180722,785.0,0.039058012636415854,5ebbc98dbd907dd8005e5a079d53d37321acce7a607ef1d5b680ecd4655c416b
routing_nominal_history,routing_nominal_history:seed96100000:epoch30,30,20,discovery,96200002,anchor,-1.0,1158621223.3205438,0.6233463035019455,927.0,0.04332129963898917,5ebbc98dbd907dd8005e5a079d53d37321acce7a607ef1d5b680ecd4655c416b
routing_nominal_history,routing_nominal_history:seed96100000:epoch30,30,20,discovery,96200002,u_0.00,0.0,1166857236.2808115,0.6167315175097277,937.0,0.04418886198547216,5ebbc98dbd907dd8005e5a079d53d37321acce7a607ef1d5b680ecd4655c416b
routing_nominal_history,routing_nominal_history:seed96100000:epoch30,30,20,discovery,96200002,u_0.10,0.1,1164653954.1878254,0.6178988326848249,938.0,0.043817527010804325,5ebbc98dbd907dd8005e5a079d53d37321acce7a607ef1d5b680ecd4655c416b
routing_nominal_history,routing_nominal_history:seed96100000:epoch30,30,20,discovery,96200002,u_0.20,0.2,1159900595.593858,0.6217898832684825,935.0,0.04373876572798083,5ebbc98dbd907dd8005e5a079d53d37321acce7a607ef1d5b680ecd4655c416b
routing_nominal_history,routing_nominal_history:seed96100000:epoch30,30,20,discovery,96200002,u_0.30,0.3,1158012677.292153,0.6237354085603113,931.0,0.04326923076923077,5ebbc98dbd907dd8005e5a079d53d37321acce7a607ef1d5b680ecd4655c416b
routing_nominal_history,routing_nominal_history:seed96100000:epoch30,30,20,discovery,96200002,u_0.40,0.4,1151128011.4705398,0.6272373540856031,922.0,0.04201680672268908,5ebbc98dbd907dd8005e5a079d53d37321acce7a607ef1d5b680ecd4655c416b
routing_nominal_history,routing_nominal_history:seed96100000:epoch30,30,20,discovery,96200002,u_0.50,0.5,1145968996.9122772,0.6295719844357976,916.0,0.04126794258373206,5ebbc98dbd907dd8005e5a079d53d37321acce7a607ef1d5b680ecd4655c416b
routing_nominal_history,routing_nominal_history:seed96100000:epoch30,30,20,discovery,96200002,u_0.60,0.6,1145921534.2226171,0.6291828793774319,916.0,0.04181600955794504,5ebbc98dbd907dd8005e5a079d53d37321acce7a607ef1d5b680ecd4655c416b
routing_nominal_history,routing_nominal_history:seed96100000:epoch30,30,20,discovery,96200002,u_0.70,0.7,1145691644.0875037,0.6295719844357976,915.0,0.04293381037567084,5ebbc98dbd907dd8005e5a079d53d37321acce7a607ef1d5b680ecd4655c416b
routing_nominal_history,routing_nominal_history:seed96100000:epoch30,30,20,discovery,96200002,u_0.80,0.8,1122809542.6802506,0.6408560311284047,885.0,0.03882352941176471,5ebbc98dbd907dd8005e5a079d53d37321acce7a607ef1d5b680ecd4655c416b
routing_nominal_history,routing_nominal_history:seed96100000:epoch30,30,20,discovery,96200002,u_0.90,0.9,1123105237.664742,0.6408560311284047,885.0,0.03882352941176471,5ebbc98dbd907dd8005e5a079d53d37321acce7a607ef1d5b680ecd4655c416b
routing_nominal_history,routing_nominal_history:seed96100000:epoch30,30,20,discovery,96200002,u_1.00,1.0,1115540147.9176188,0.6474708171206226,874.0,0.04079254079254079,5ebbc98dbd907dd8005e5a079d53d37321acce7a607ef1d5b680ecd4655c416b
routing_nominal_history,routing_nominal_history:seed96100000:epoch30,30,20,validation,96300000,anchor,-1.0,956940529.0991601,0.7068889863975428,724.0,0.035329341317365266,5ebbc98dbd907dd8005e5a079d53d37321acce7a607ef1d5b680ecd4655c416b
routing_nominal_history,routing_nominal_history:seed96100000:epoch30,30,20,validation,96300000,u_0.00,0.0,967278170.525285,0.6972356296621325,737.0,0.03746223564954683,5ebbc98dbd907dd8005e5a079d53d37321acce7a607ef1d5b680ecd4655c416b
routing_nominal_history,routing_nominal_history:seed96100000:epoch30,30,20,validation,96300000,u_0.10,0.1,965157105.031949,0.700307152259763,735.0,0.036813518406759206,5ebbc98dbd907dd8005e5a079d53d37321acce7a607ef1d5b680ecd4655c416b
routing_nominal_history,routing_nominal_history:seed96100000:epoch30,30,20,validation,96300000,u_0.20,0.2,963903222.5336677,0.7007459412022817,736.0,0.036275695284159616,5ebbc98dbd907dd8005e5a079d53d37321acce7a607ef1d5b680ecd4655c416b
routing_nominal_history,routing_nominal_history:seed96100000:epoch30,30,20,validation,96300000,u_0.30,0.3,949880408.7847186,0.711715664765248,722.0,0.0345855694692904,5ebbc98dbd907dd8005e5a079d53d37321acce7a607ef1d5b680ecd4655c416b
routing_nominal_history,routing_nominal_history:seed96100000:epoch30,30,20,validation,96300000,u_0.40,0.4,941829871.7116169,0.7165423431329531,710.0,0.03433984606275903,5ebbc98dbd907dd8005e5a079d53d37321acce7a607ef1d5b680ecd4655c416b
routing_nominal_history,routing_nominal_history:seed96100000:epoch30,30,20,validation,96300000,u_0.50,0.5,946085843.0414759,0.7143483984203598,715.0,0.035545023696682464,5ebbc98dbd907dd8005e5a079d53d37321acce7a607ef1d5b680ecd4655c416b
routing_nominal_history,routing_nominal_history:seed96100000:epoch30,30,20,validation,96300000,u_0.60,0.6,945856128.0397415,0.7152259763053971,715.0,0.03433984606275903,5ebbc98dbd907dd8005e5a079d53d37321acce7a607ef1d5b680ecd4655c416b
routing_nominal_history,routing_nominal_history:seed96100000:epoch30,30,20,validation,96300000,u_0.70,0.7,943700861.632586,0.7174199210179903,711.0,0.03368794326241135,5ebbc98dbd907dd8005e5a079d53d37321acce7a607ef1d5b680ecd4655c416b
routing_nominal_history,routing_nominal_history:seed96100000:epoch30,30,20,validation,96300000,u_0.80,0.8,926263334.9538779,0.7301448003510311,692.0,0.03259604190919674,5ebbc98dbd907dd8005e5a079d53d37321acce7a607ef1d5b680ecd4655c416b
routing_nominal_history,routing_nominal_history:seed96100000:epoch30,30,20,validation,96300000,u_0.90,0.9,926559029.9383694,0.7301448003510311,692.0,0.03259604190919674,5ebbc98dbd907dd8005e5a079d53d37321acce7a607ef1d5b680ecd4655c416b
routing_nominal_history,routing_nominal_history:seed96100000:epoch30,30,20,validation,96300000,u_1.00,1.0,914367980.1747015,0.7336551118911804,675.0,0.03134068485200232,5ebbc98dbd907dd8005e5a079d53d37321acce7a607ef1d5b680ecd4655c416b
routing_nominal_history,routing_nominal_history:seed96100000:epoch30,30,20,validation,96300001,anchor,-1.0,1050281123.1709942,0.6807151979565773,826.0,0.04059701492537313,5ebbc98dbd907dd8005e5a079d53d37321acce7a607ef1d5b680ecd4655c416b
routing_nominal_history,routing_nominal_history:seed96100000:epoch30,30,20,validation,96300001,u_0.00,0.0,1059258710.4202186,0.6751809280544913,840.0,0.04146634615384615,5ebbc98dbd907dd8005e5a079d53d37321acce7a607ef1d5b680ecd4655c416b
routing_nominal_history,routing_nominal_history:seed96100000:epoch30,30,20,validation,96300001,u_0.10,0.1,1051578935.8641729,0.6785866326096212,830.0,0.04002389486260454,5ebbc98dbd907dd8005e5a079d53d37321acce7a607ef1d5b680ecd4655c416b
routing_nominal_history,routing_nominal_history:seed96100000:epoch30,30,20,validation,96300001,u_0.20,0.2,1050570756.3783768,0.6777352064708386,831.0,0.04119402985074627,5ebbc98dbd907dd8005e5a079d53d37321acce7a607ef1d5b680ecd4655c416b
routing_nominal_history,routing_nominal_history:seed96100000:epoch30,30,20,validation,96300001,u_0.30,0.3,1046612500.4347403,0.6798637718177948,826.0,0.04104699583581202,5ebbc98dbd907dd8005e5a079d53d37321acce7a607ef1d5b680ecd4655c416b
routing_nominal_history,routing_nominal_history:seed96100000:epoch30,30,20,validation,96300001,u_0.40,0.4,1025062284.5800973,0.6917837377607493,803.0,0.03773584905660377,5ebbc98dbd907dd8005e5a079d53d37321acce7a607ef1d5b680ecd4655c416b
routing_nominal_history,routing_nominal_history:seed96100000:epoch30,30,20,validation,96300001,u_0.50,0.5,1017007327.8960353,0.6981694338016177,797.0,0.0351288056206089,5ebbc98dbd907dd8005e5a079d53d37321acce7a607ef1d5b680ecd4655c416b
routing_nominal_history,routing_nominal_history:seed96100000:epoch30,30,20,validation,96300001,u_0.60,0.6,1029528599.018608,0.6934865900383141,810.0,0.0376249265138154,5ebbc98dbd907dd8005e5a079d53d37321acce7a607ef1d5b680ecd4655c416b
routing_nominal_history,routing_nominal_history:seed96100000:epoch30,30,20,validation,96300001,u_0.70,0.7,1027929444.9686882,0.6947637292464879,807.0,0.03812316715542522,5ebbc98dbd907dd8005e5a079d53d37321acce7a607ef1d5b680ecd4655c416b
routing_nominal_history,routing_nominal_history:seed96100000:epoch30,30,20,validation,96300001,u_0.80,0.8,1021422196.9259752,0.7002979991485738,801.0,0.03798947983635301,5ebbc98dbd907dd8005e5a079d53d37321acce7a607ef1d5b680ecd4655c416b
routing_nominal_history,routing_nominal_history:seed96100000:epoch30,30,20,validation,96300001,u_0.90,0.9,1021717891.9104666,0.7002979991485738,801.0,0.03798947983635301,5ebbc98dbd907dd8005e5a079d53d37321acce7a607ef1d5b680ecd4655c416b
routing_nominal_history,routing_nominal_history:seed96100000:epoch30,30,20,validation,96300001,u_1.00,1.0,1010481380.3943536,0.7049808429118773,792.0,0.03765932792584009,5ebbc98dbd907dd8005e5a079d53d37321acce7a607ef1d5b680ecd4655c416b
routing_nominal_history,routing_nominal_history:seed96100000:epoch30,30,20,validation,96300002,anchor,-1.0,1331575092.9616563,0.5930493273542601,1085.0,0.05539011316259678,5ebbc98dbd907dd8005e5a079d53d37321acce7a607ef1d5b680ecd4655c416b
routing_nominal_history,routing_nominal_history:seed96100000:epoch30,30,20,validation,96300002,u_0.00,0.0,1336104018.9647958,0.5881913303437967,1090.0,0.05635491606714628,5ebbc98dbd907dd8005e5a079d53d37321acce7a607ef1d5b680ecd4655c416b
routing_nominal_history,routing_nominal_history:seed96100000:epoch30,30,20,validation,96300002,u_0.10,0.1,1332247202.9886138,0.5904334828101644,1085.0,0.05685218432076601,5ebbc98dbd907dd8005e5a079d53d37321acce7a607ef1d5b680ecd4655c416b
routing_nominal_history,routing_nominal_history:seed96100000:epoch30,30,20,validation,96300002,u_0.20,0.2,1334863331.2900882,0.5874439461883408,1089.0,0.05878824235152969,5ebbc98dbd907dd8005e5a079d53d37321acce7a607ef1d5b680ecd4655c416b
routing_nominal_history,routing_nominal_history:seed96100000:epoch30,30,20,validation,96300002,u_0.30,0.3,1333665673.946165,0.5881913303437967,1086.0,0.058682634730538925,5ebbc98dbd907dd8005e5a079d53d37321acce7a607ef1d5b680ecd4655c416b
routing_nominal_history,routing_nominal_history:seed96100000:epoch30,30,20,validation,96300002,u_0.40,0.4,1331084909.402772,0.5896860986547086,1083.0,0.05945945945945946,5ebbc98dbd907dd8005e5a079d53d37321acce7a607ef1d5b680ecd4655c416b
routing_nominal_history,routing_nominal_history:seed96100000:epoch30,30,20,validation,96300002,u_0.50,0.5,1319149625.9910243,0.5964125560538116,1074.0,0.05850746268656717,5ebbc98dbd907dd8005e5a079d53d37321acce7a607ef1d5b680ecd4655c416b
routing_nominal_history,routing_nominal_history:seed96100000:epoch30,30,20,validation,96300002,u_0.60,0.6,1318450893.3827643,0.5967862481315396,1073.0,0.058402860548271755,5ebbc98dbd907dd8005e5a079d53d37321acce7a607ef1d5b680ecd4655c416b
routing_nominal_history,routing_nominal_history:seed96100000:epoch30,30,20,validation,96300002,u_0.70,0.7,1318031413.5010378,0.5979073243647235,1072.0,0.058858501783590964,5ebbc98dbd907dd8005e5a079d53d37321acce7a607ef1d5b680ecd4655c416b
routing_nominal_history,routing_nominal_history:seed96100000:epoch30,30,20,validation,96300002,u_0.80,0.8,1300627744.6864498,0.6061285500747384,1051.0,0.056824838898652606,5ebbc98dbd907dd8005e5a079d53d37321acce7a607ef1d5b680ecd4655c416b
routing_nominal_history,routing_nominal_history:seed96100000:epoch30,30,20,validation,96300002,u_0.90,0.9,1300923439.670941,0.6061285500747384,1051.0,0.056824838898652606,5ebbc98dbd907dd8005e5a079d53d37321acce7a607ef1d5b680ecd4655c416b
routing_nominal_history,routing_nominal_history:seed96100000:epoch30,30,20,validation,96300002,u_1.00,1.0,1291219762.031214,0.6098654708520179,1041.0,0.054556006964596636,5ebbc98dbd907dd8005e5a079d53d37321acce7a607ef1d5b680ecd4655c416b
routing_nominal_history,routing_nominal_history:seed96100000:epoch30,30,20,validation,96300003,anchor,-1.0,1014222751.4360383,0.6523848019401779,750.0,0.03072289156626506,5ebbc98dbd907dd8005e5a079d53d37321acce7a607ef1d5b680ecd4655c416b
routing_nominal_history,routing_nominal_history:seed96100000:epoch30,30,20,validation,96300003,u_0.00,0.0,1022151683.9743372,0.6447049312853679,765.0,0.03331314354936402,5ebbc98dbd907dd8005e5a079d53d37321acce7a607ef1d5b680ecd4655c416b
routing_nominal_history,routing_nominal_history:seed96100000:epoch30,30,20,validation,96300003,u_0.10,0.1,1019890551.125608,0.6475343573160873,764.0,0.032569360675512665,5ebbc98dbd907dd8005e5a079d53d37321acce7a607ef1d5b680ecd4655c416b
routing_nominal_history,routing_nominal_history:seed96100000:epoch30,30,20,validation,96300003,u_0.20,0.2,1018848579.8570614,0.64874696847211,763.0,0.03143893591293833,5ebbc98dbd907dd8005e5a079d53d37321acce7a607ef1d5b680ecd4655c416b
routing_nominal_history,routing_nominal_history:seed96100000:epoch30,30,20,validation,96300003,u_0.30,0.3,1015759205.0745678,0.6515763945028294,757.0,0.03134418324291742,5ebbc98dbd907dd8005e5a079d53d37321acce7a607ef1d5b680ecd4655c416b
routing_nominal_history,routing_nominal_history:seed96100000:epoch30,30,20,validation,96300003,u_0.40,0.4,1008252916.9377396,0.6560226354082458,749.0,0.03126879134095009,5ebbc98dbd907dd8005e5a079d53d37321acce7a607ef1d5b680ecd4655c416b
routing_nominal_history,routing_nominal_history:seed96100000:epoch30,30,20,validation,96300003,u_0.50,0.5,1001231291.9245783,0.6596604688763137,741.0,0.031026252983293555,5ebbc98dbd907dd8005e5a079d53d37321acce7a607ef1d5b680ecd4655c416b
routing_nominal_history,routing_nominal_history:seed96100000:epoch30,30,20,validation,96300003,u_0.60,0.6,1000510460.135512,0.6600646725949879,739.0,0.030970815961882073,5ebbc98dbd907dd8005e5a079d53d37321acce7a607ef1d5b680ecd4655c416b
routing_nominal_history,routing_nominal_history:seed96100000:epoch30,30,20,validation,96300003,u_0.70,0.7,999473750.8451793,0.6612772837510105,736.0,0.030915576694411414,5ebbc98dbd907dd8005e5a079d53d37321acce7a607ef1d5b680ecd4655c416b
routing_nominal_history,routing_nominal_history:seed96100000:epoch30,30,20,validation,96300003,u_0.80,0.8,994728035.9073718,0.6645109135004043,730.0,0.0318960425280567,5ebbc98dbd907dd8005e5a079d53d37321acce7a607ef1d5b680ecd4655c416b
routing_nominal_history,routing_nominal_history:seed96100000:epoch30,30,20,validation,96300003,u_0.90,0.9,995023730.8918632,0.6645109135004043,730.0,0.0318960425280567,5ebbc98dbd907dd8005e5a079d53d37321acce7a607ef1d5b680ecd4655c416b
routing_nominal_history,routing_nominal_history:seed96100000:epoch30,30,20,validation,96300003,u_1.00,1.0,986779228.7413424,0.6673403395311237,720.0,0.030534351145038167,5ebbc98dbd907dd8005e5a079d53d37321acce7a607ef1d5b680ecd4655c416b
routing_nominal_history,routing_nominal_history:seed96100000:epoch30,30,20,validation,96300004,anchor,-1.0,995096850.4556537,0.6698544698544698,740.0,0.032806804374240585,5ebbc98dbd907dd8005e5a079d53d37321acce7a607ef1d5b680ecd4655c416b
routing_nominal_history,routing_nominal_history:seed96100000:epoch30,30,20,validation,96300004,u_0.00,0.0,1001762604.1133089,0.6627858627858628,746.0,0.03302752293577982,5ebbc98dbd907dd8005e5a079d53d37321acce7a607ef1d5b680ecd4655c416b
routing_nominal_history,routing_nominal_history:seed96100000:epoch30,30,20,validation,96300004,u_0.10,0.1,995761774.7277796,0.669022869022869,744.0,0.03335354760460885,5ebbc98dbd907dd8005e5a079d53d37321acce7a607ef1d5b680ecd4655c416b
routing_nominal_history,routing_nominal_history:seed96100000:epoch30,30,20,validation,96300004,u_0.20,0.2,992062627.0819733,0.6702702702702703,742.0,0.033172496984318456,5ebbc98dbd907dd8005e5a079d53d37321acce7a607ef1d5b680ecd4655c416b
routing_nominal_history,routing_nominal_history:seed96100000:epoch30,30,20,validation,96300004,u_0.30,0.3,982332407.9037671,0.676923076923077,735.0,0.03343283582089552,5ebbc98dbd907dd8005e5a079d53d37321acce7a607ef1d5b680ecd4655c416b
routing_nominal_history,routing_nominal_history:seed96100000:epoch30,30,20,validation,96300004,u_0.40,0.4,975824222.3235078,0.6802494802494803,729.0,0.03275759380583681,5ebbc98dbd907dd8005e5a079d53d37321acce7a607ef1d5b680ecd4655c416b
routing_nominal_history,routing_nominal_history:seed96100000:epoch30,30,20,validation,96300004,u_0.50,0.5,970429752.8673909,0.6831600831600831,723.0,0.033214709371293,5ebbc98dbd907dd8005e5a079d53d37321acce7a607ef1d5b680ecd4655c416b
routing_nominal_history,routing_nominal_history:seed96100000:epoch30,30,20,validation,96300004,u_0.60,0.6,970258171.4917952,0.6856548856548856,721.0,0.03429923122412774,5ebbc98dbd907dd8005e5a079d53d37321acce7a607ef1d5b680ecd4655c416b
routing_nominal_history,routing_nominal_history:seed96100000:epoch30,30,20,validation,96300004,u_0.70,0.7,969058057.7236711,0.6873180873180873,718.0,0.03421828908554572,5ebbc98dbd907dd8005e5a079d53d37321acce7a607ef1d5b680ecd4655c416b
routing_nominal_history,routing_nominal_history:seed96100000:epoch30,30,20,validation,96300004,u_0.80,0.8,965104644.8575246,0.6931392931392931,713.0,0.033549146556798116,5ebbc98dbd907dd8005e5a079d53d37321acce7a607ef1d5b680ecd4655c416b
routing_nominal_history,routing_nominal_history:seed96100000:epoch30,30,20,validation,96300004,u_0.90,0.9,965400339.8420162,0.6931392931392931,713.0,0.033549146556798116,5ebbc98dbd907dd8005e5a079d53d37321acce7a607ef1d5b680ecd4655c416b
routing_nominal_history,routing_nominal_history:seed96100000:epoch30,30,20,validation,96300004,u_1.00,1.0,953953419.5086437,0.6952182952182953,707.0,0.03544450900639163,5ebbc98dbd907dd8005e5a079d53d37321acce7a607ef1d5b680ecd4655c416b
routing_nominal_history,routing_nominal_history:seed96100000:epoch55,55,19,discovery,96200000,anchor,-1.0,40603228.12954281,0.7171717171717171,33.0,0.07042253521126761,5ebbc98dbd907dd8005e5a079d53d37321acce7a607ef1d5b680ecd4655c416b
routing_nominal_history,routing_nominal_history:seed96100000:epoch55,55,19,discovery,96200000,u_0.00,0.0,41462779.888799176,0.7171717171717171,34.0,0.09433962264150944,5ebbc98dbd907dd8005e5a079d53d37321acce7a607ef1d5b680ecd4655c416b
routing_nominal_history,routing_nominal_history:seed96100000:epoch55,55,19,discovery,96200000,u_0.10,0.1,41561932.87062475,0.7171717171717171,34.0,0.08771929824561403,5ebbc98dbd907dd8005e5a079d53d37321acce7a607ef1d5b680ecd4655c416b
routing_nominal_history,routing_nominal_history:seed96100000:epoch55,55,19,discovery,96200000,u_0.20,0.2,41012503.92669357,0.7171717171717171,33.0,0.08064516129032258,5ebbc98dbd907dd8005e5a079d53d37321acce7a607ef1d5b680ecd4655c416b
routing_nominal_history,routing_nominal_history:seed96100000:epoch55,55,19,discovery,96200000,u_0.30,0.3,40954374.537843525,0.7171717171717171,33.0,0.07575757575757576,5ebbc98dbd907dd8005e5a079d53d37321acce7a607ef1d5b680ecd4655c416b
routing_nominal_history,routing_nominal_history:seed96100000:epoch55,55,19,discovery,96200000,u_0.40,0.4,40918165.53981065,0.7171717171717171,33.0,0.07042253521126761,5ebbc98dbd907dd8005e5a079d53d37321acce7a607ef1d5b680ecd4655c416b
routing_nominal_history,routing_nominal_history:seed96100000:epoch55,55,19,discovery,96200000,u_0.50,0.5,40627480.14243063,0.7171717171717171,33.0,0.0625,5ebbc98dbd907dd8005e5a079d53d37321acce7a607ef1d5b680ecd4655c416b
routing_nominal_history,routing_nominal_history:seed96100000:epoch55,55,19,discovery,96200000,u_0.60,0.6,40045024.3381353,0.7171717171717171,32.0,0.05813953488372093,5ebbc98dbd907dd8005e5a079d53d37321acce7a607ef1d5b680ecd4655c416b
routing_nominal_history,routing_nominal_history:seed96100000:epoch55,55,19,discovery,96200000,u_0.70,0.7,40024518.94206098,0.7171717171717171,32.0,0.05555555555555555,5ebbc98dbd907dd8005e5a079d53d37321acce7a607ef1d5b680ecd4655c416b
routing_nominal_history,routing_nominal_history:seed96100000:epoch55,55,19,discovery,96200000,u_0.80,0.8,39324985.26626791,0.7171717171717171,31.0,0.05102040816326531,5ebbc98dbd907dd8005e5a079d53d37321acce7a607ef1d5b680ecd4655c416b
routing_nominal_history,routing_nominal_history:seed96100000:epoch55,55,19,discovery,96200000,u_0.90,0.9,39599386.251870885,0.7171717171717171,31.0,0.05102040816326531,5ebbc98dbd907dd8005e5a079d53d37321acce7a607ef1d5b680ecd4655c416b
routing_nominal_history,routing_nominal_history:seed96100000:epoch55,55,19,discovery,96200000,u_1.00,1.0,39242136.434862465,0.7171717171717171,31.0,0.04504504504504504,5ebbc98dbd907dd8005e5a079d53d37321acce7a607ef1d5b680ecd4655c416b
routing_nominal_history,routing_nominal_history:seed96100000:epoch55,55,19,discovery,96200001,anchor,-1.0,40603228.12954281,0.7171717171717171,33.0,0.07042253521126761,5ebbc98dbd907dd8005e5a079d53d37321acce7a607ef1d5b680ecd4655c416b
routing_nominal_history,routing_nominal_history:seed96100000:epoch55,55,19,discovery,96200001,u_0.00,0.0,41462779.888799176,0.7171717171717171,34.0,0.09433962264150944,5ebbc98dbd907dd8005e5a079d53d37321acce7a607ef1d5b680ecd4655c416b
routing_nominal_history,routing_nominal_history:seed96100000:epoch55,55,19,discovery,96200001,u_0.10,0.1,41561932.87062475,0.7171717171717171,34.0,0.08771929824561403,5ebbc98dbd907dd8005e5a079d53d37321acce7a607ef1d5b680ecd4655c416b
routing_nominal_history,routing_nominal_history:seed96100000:epoch55,55,19,discovery,96200001,u_0.20,0.2,41012503.92669357,0.7171717171717171,33.0,0.08064516129032258,5ebbc98dbd907dd8005e5a079d53d37321acce7a607ef1d5b680ecd4655c416b
routing_nominal_history,routing_nominal_history:seed96100000:epoch55,55,19,discovery,96200001,u_0.30,0.3,40954374.537843525,0.7171717171717171,33.0,0.07575757575757576,5ebbc98dbd907dd8005e5a079d53d37321acce7a607ef1d5b680ecd4655c416b
routing_nominal_history,routing_nominal_history:seed96100000:epoch55,55,19,discovery,96200001,u_0.40,0.4,40918165.53981065,0.7171717171717171,33.0,0.07042253521126761,5ebbc98dbd907dd8005e5a079d53d37321acce7a607ef1d5b680ecd4655c416b
routing_nominal_history,routing_nominal_history:seed96100000:epoch55,55,19,discovery,96200001,u_0.50,0.5,40627480.14243063,0.7171717171717171,33.0,0.0625,5ebbc98dbd907dd8005e5a079d53d37321acce7a607ef1d5b680ecd4655c416b
routing_nominal_history,routing_nominal_history:seed96100000:epoch55,55,19,discovery,96200001,u_0.60,0.6,40045024.3381353,0.7171717171717171,32.0,0.05813953488372093,5ebbc98dbd907dd8005e5a079d53d37321acce7a607ef1d5b680ecd4655c416b
routing_nominal_history,routing_nominal_history:seed96100000:epoch55,55,19,discovery,96200001,u_0.70,0.7,40024518.94206098,0.7171717171717171,32.0,0.05555555555555555,5ebbc98dbd907dd8005e5a079d53d37321acce7a607ef1d5b680ecd4655c416b
routing_nominal_history,routing_nominal_history:seed96100000:epoch55,55,19,discovery,96200001,u_0.80,0.8,39324985.26626791,0.7171717171717171,31.0,0.05102040816326531,5ebbc98dbd907dd8005e5a079d53d37321acce7a607ef1d5b680ecd4655c416b
routing_nominal_history,routing_nominal_history:seed96100000:epoch55,55,19,discovery,96200001,u_0.90,0.9,39599386.251870885,0.7171717171717171,31.0,0.05102040816326531,5ebbc98dbd907dd8005e5a079d53d37321acce7a607ef1d5b680ecd4655c416b
routing_nominal_history,routing_nominal_history:seed96100000:epoch55,55,19,discovery,96200001,u_1.00,1.0,39242136.434862465,0.7171717171717171,31.0,0.04504504504504504,5ebbc98dbd907dd8005e5a079d53d37321acce7a607ef1d5b680ecd4655c416b
routing_nominal_history,routing_nominal_history:seed96100000:epoch55,55,19,discovery,96200002,anchor,-1.0,40603228.12954281,0.7171717171717171,33.0,0.07042253521126761,5ebbc98dbd907dd8005e5a079d53d37321acce7a607ef1d5b680ecd4655c416b
routing_nominal_history,routing_nominal_history:seed96100000:epoch55,55,19,discovery,96200002,u_0.00,0.0,41462779.888799176,0.7171717171717171,34.0,0.09433962264150944,5ebbc98dbd907dd8005e5a079d53d37321acce7a607ef1d5b680ecd4655c416b
routing_nominal_history,routing_nominal_history:seed96100000:epoch55,55,19,discovery,96200002,u_0.10,0.1,41561932.87062475,0.7171717171717171,34.0,0.08771929824561403,5ebbc98dbd907dd8005e5a079d53d37321acce7a607ef1d5b680ecd4655c416b
routing_nominal_history,routing_nominal_history:seed96100000:epoch55,55,19,discovery,96200002,u_0.20,0.2,41012503.92669357,0.7171717171717171,33.0,0.08064516129032258,5ebbc98dbd907dd8005e5a079d53d37321acce7a607ef1d5b680ecd4655c416b
routing_nominal_history,routing_nominal_history:seed96100000:epoch55,55,19,discovery,96200002,u_0.30,0.3,40954374.537843525,0.7171717171717171,33.0,0.07575757575757576,5ebbc98dbd907dd8005e5a079d53d37321acce7a607ef1d5b680ecd4655c416b
routing_nominal_history,routing_nominal_history:seed96100000:epoch55,55,19,discovery,96200002,u_0.40,0.4,40918165.53981065,0.7171717171717171,33.0,0.07042253521126761,5ebbc98dbd907dd8005e5a079d53d37321acce7a607ef1d5b680ecd4655c416b
routing_nominal_history,routing_nominal_history:seed96100000:epoch55,55,19,discovery,96200002,u_0.50,0.5,40627480.14243063,0.7171717171717171,33.0,0.0625,5ebbc98dbd907dd8005e5a079d53d37321acce7a607ef1d5b680ecd4655c416b
routing_nominal_history,routing_nominal_history:seed96100000:epoch55,55,19,discovery,96200002,u_0.60,0.6,40045024.3381353,0.7171717171717171,32.0,0.05813953488372093,5ebbc98dbd907dd8005e5a079d53d37321acce7a607ef1d5b680ecd4655c416b
routing_nominal_history,routing_nominal_history:seed96100000:epoch55,55,19,discovery,96200002,u_0.70,0.7,40024518.94206098,0.7171717171717171,32.0,0.05555555555555555,5ebbc98dbd907dd8005e5a079d53d37321acce7a607ef1d5b680ecd4655c416b
routing_nominal_history,routing_nominal_history:seed96100000:epoch55,55,19,discovery,96200002,u_0.80,0.8,39324985.26626791,0.7171717171717171,31.0,0.05102040816326531,5ebbc98dbd907dd8005e5a079d53d37321acce7a607ef1d5b680ecd4655c416b
routing_nominal_history,routing_nominal_history:seed96100000:epoch55,55,19,discovery,96200002,u_0.90,0.9,39599386.251870885,0.7171717171717171,31.0,0.05102040816326531,5ebbc98dbd907dd8005e5a079d53d37321acce7a607ef1d5b680ecd4655c416b
routing_nominal_history,routing_nominal_history:seed96100000:epoch55,55,19,discovery,96200002,u_1.00,1.0,39242136.434862465,0.7171717171717171,31.0,0.04504504504504504,5ebbc98dbd907dd8005e5a079d53d37321acce7a607ef1d5b680ecd4655c416b
routing_nominal_history,routing_nominal_history:seed96100000:epoch55,55,19,validation,96300000,anchor,-1.0,40603228.12954281,0.7171717171717171,33.0,0.07042253521126761,5ebbc98dbd907dd8005e5a079d53d37321acce7a607ef1d5b680ecd4655c416b
routing_nominal_history,routing_nominal_history:seed96100000:epoch55,55,19,validation,96300000,u_0.00,0.0,41462779.888799176,0.7171717171717171,34.0,0.09433962264150944,5ebbc98dbd907dd8005e5a079d53d37321acce7a607ef1d5b680ecd4655c416b
routing_nominal_history,routing_nominal_history:seed96100000:epoch55,55,19,validation,96300000,u_0.10,0.1,41561932.87062475,0.7171717171717171,34.0,0.08771929824561403,5ebbc98dbd907dd8005e5a079d53d37321acce7a607ef1d5b680ecd4655c416b
routing_nominal_history,routing_nominal_history:seed96100000:epoch55,55,19,validation,96300000,u_0.20,0.2,41012503.92669357,0.7171717171717171,33.0,0.08064516129032258,5ebbc98dbd907dd8005e5a079d53d37321acce7a607ef1d5b680ecd4655c416b
routing_nominal_history,routing_nominal_history:seed96100000:epoch55,55,19,validation,96300000,u_0.30,0.3,40954374.537843525,0.7171717171717171,33.0,0.07575757575757576,5ebbc98dbd907dd8005e5a079d53d37321acce7a607ef1d5b680ecd4655c416b
routing_nominal_history,routing_nominal_history:seed96100000:epoch55,55,19,validation,96300000,u_0.40,0.4,40918165.53981065,0.7171717171717171,33.0,0.07042253521126761,5ebbc98dbd907dd8005e5a079d53d37321acce7a607ef1d5b680ecd4655c416b
routing_nominal_history,routing_nominal_history:seed96100000:epoch55,55,19,validation,96300000,u_0.50,0.5,40627480.14243063,0.7171717171717171,33.0,0.0625,5ebbc98dbd907dd8005e5a079d53d37321acce7a607ef1d5b680ecd4655c416b
routing_nominal_history,routing_nominal_history:seed96100000:epoch55,55,19,validation,96300000,u_0.60,0.6,40045024.3381353,0.7171717171717171,32.0,0.05813953488372093,5ebbc98dbd907dd8005e5a079d53d37321acce7a607ef1d5b680ecd4655c416b
routing_nominal_history,routing_nominal_history:seed96100000:epoch55,55,19,validation,96300000,u_0.70,0.7,40024518.94206098,0.7171717171717171,32.0,0.05555555555555555,5ebbc98dbd907dd8005e5a079d53d37321acce7a607ef1d5b680ecd4655c416b
routing_nominal_history,routing_nominal_history:seed96100000:epoch55,55,19,validation,96300000,u_0.80,0.8,39324985.26626791,0.7171717171717171,31.0,0.05102040816326531,5ebbc98dbd907dd8005e5a079d53d37321acce7a607ef1d5b680ecd4655c416b
routing_nominal_history,routing_nominal_history:seed96100000:epoch55,55,19,validation,96300000,u_0.90,0.9,39599386.251870885,0.7171717171717171,31.0,0.05102040816326531,5ebbc98dbd907dd8005e5a079d53d37321acce7a607ef1d5b680ecd4655c416b
routing_nominal_history,routing_nominal_history:seed96100000:epoch55,55,19,validation,96300000,u_1.00,1.0,39242136.434862465,0.7171717171717171,31.0,0.04504504504504504,5ebbc98dbd907dd8005e5a079d53d37321acce7a607ef1d5b680ecd4655c416b
routing_nominal_history,routing_nominal_history:seed96100000:epoch55,55,19,validation,96300001,anchor,-1.0,40603228.12954281,0.7171717171717171,33.0,0.07042253521126761,5ebbc98dbd907dd8005e5a079d53d37321acce7a607ef1d5b680ecd4655c416b
routing_nominal_history,routing_nominal_history:seed96100000:epoch55,55,19,validation,96300001,u_0.00,0.0,41462779.888799176,0.7171717171717171,34.0,0.09433962264150944,5ebbc98dbd907dd8005e5a079d53d37321acce7a607ef1d5b680ecd4655c416b
routing_nominal_history,routing_nominal_history:seed96100000:epoch55,55,19,validation,96300001,u_0.10,0.1,41561932.87062475,0.7171717171717171,34.0,0.08771929824561403,5ebbc98dbd907dd8005e5a079d53d37321acce7a607ef1d5b680ecd4655c416b
routing_nominal_history,routing_nominal_history:seed96100000:epoch55,55,19,validation,96300001,u_0.20,0.2,41012503.92669357,0.7171717171717171,33.0,0.08064516129032258,5ebbc98dbd907dd8005e5a079d53d37321acce7a607ef1d5b680ecd4655c416b
routing_nominal_history,routing_nominal_history:seed96100000:epoch55,55,19,validation,96300001,u_0.30,0.3,40954374.537843525,0.7171717171717171,33.0,0.07575757575757576,5ebbc98dbd907dd8005e5a079d53d37321acce7a607ef1d5b680ecd4655c416b
routing_nominal_history,routing_nominal_history:seed96100000:epoch55,55,19,validation,96300001,u_0.40,0.4,40918165.53981065,0.7171717171717171,33.0,0.07042253521126761,5ebbc98dbd907dd8005e5a079d53d37321acce7a607ef1d5b680ecd4655c416b
routing_nominal_history,routing_nominal_history:seed96100000:epoch55,55,19,validation,96300001,u_0.50,0.5,40627480.14243063,0.7171717171717171,33.0,0.0625,5ebbc98dbd907dd8005e5a079d53d37321acce7a607ef1d5b680ecd4655c416b
routing_nominal_history,routing_nominal_history:seed96100000:epoch55,55,19,validation,96300001,u_0.60,0.6,40045024.3381353,0.7171717171717171,32.0,0.05813953488372093,5ebbc98dbd907dd8005e5a079d53d37321acce7a607ef1d5b680ecd4655c416b
routing_nominal_history,routing_nominal_history:seed96100000:epoch55,55,19,validation,96300001,u_0.70,0.7,40024518.94206098,0.7171717171717171,32.0,0.05555555555555555,5ebbc98dbd907dd8005e5a079d53d37321acce7a607ef1d5b680ecd4655c416b
routing_nominal_history,routing_nominal_history:seed96100000:epoch55,55,19,validation,96300001,u_0.80,0.8,39324985.26626791,0.7171717171717171,31.0,0.05102040816326531,5ebbc98dbd907dd8005e5a079d53d37321acce7a607ef1d5b680ecd4655c416b
routing_nominal_history,routing_nominal_history:seed96100000:epoch55,55,19,validation,96300001,u_0.90,0.9,39599386.251870885,0.7171717171717171,31.0,0.05102040816326531,5ebbc98dbd907dd8005e5a079d53d37321acce7a607ef1d5b680ecd4655c416b
routing_nominal_history,routing_nominal_history:seed96100000:epoch55,55,19,validation,96300001,u_1.00,1.0,39242136.434862465,0.7171717171717171,31.0,0.04504504504504504,5ebbc98dbd907dd8005e5a079d53d37321acce7a607ef1d5b680ecd4655c416b
routing_nominal_history,routing_nominal_history:seed96100000:epoch55,55,19,validation,96300002,anchor,-1.0,40603228.12954281,0.7171717171717171,33.0,0.07042253521126761,5ebbc98dbd907dd8005e5a079d53d37321acce7a607ef1d5b680ecd4655c416b
routing_nominal_history,routing_nominal_history:seed96100000:epoch55,55,19,validation,96300002,u_0.00,0.0,41462779.888799176,0.7171717171717171,34.0,0.09433962264150944,5ebbc98dbd907dd8005e5a079d53d37321acce7a607ef1d5b680ecd4655c416b
routing_nominal_history,routing_nominal_history:seed96100000:epoch55,55,19,validation,96300002,u_0.10,0.1,41561932.87062475,0.7171717171717171,34.0,0.08771929824561403,5ebbc98dbd907dd8005e5a079d53d37321acce7a607ef1d5b680ecd4655c416b
routing_nominal_history,routing_nominal_history:seed96100000:epoch55,55,19,validation,96300002,u_0.20,0.2,41012503.92669357,0.7171717171717171,33.0,0.08064516129032258,5ebbc98dbd907dd8005e5a079d53d37321acce7a607ef1d5b680ecd4655c416b
routing_nominal_history,routing_nominal_history:seed96100000:epoch55,55,19,validation,96300002,u_0.30,0.3,40954374.537843525,0.7171717171717171,33.0,0.07575757575757576,5ebbc98dbd907dd8005e5a079d53d37321acce7a607ef1d5b680ecd4655c416b
routing_nominal_history,routing_nominal_history:seed96100000:epoch55,55,19,validation,96300002,u_0.40,0.4,40918165.53981065,0.7171717171717171,33.0,0.07042253521126761,5ebbc98dbd907dd8005e5a079d53d37321acce7a607ef1d5b680ecd4655c416b
routing_nominal_history,routing_nominal_history:seed96100000:epoch55,55,19,validation,96300002,u_0.50,0.5,40627480.14243063,0.7171717171717171,33.0,0.0625,5ebbc98dbd907dd8005e5a079d53d37321acce7a607ef1d5b680ecd4655c416b
routing_nominal_history,routing_nominal_history:seed96100000:epoch55,55,19,validation,96300002,u_0.60,0.6,40045024.3381353,0.7171717171717171,32.0,0.05813953488372093,5ebbc98dbd907dd8005e5a079d53d37321acce7a607ef1d5b680ecd4655c416b
routing_nominal_history,routing_nominal_history:seed96100000:epoch55,55,19,validation,96300002,u_0.70,0.7,40024518.94206098,0.7171717171717171,32.0,0.05555555555555555,5ebbc98dbd907dd8005e5a079d53d37321acce7a607ef1d5b680ecd4655c416b
routing_nominal_history,routing_nominal_history:seed96100000:epoch55,55,19,validation,96300002,u_0.80,0.8,39324985.26626791,0.7171717171717171,31.0,0.05102040816326531,5ebbc98dbd907dd8005e5a079d53d37321acce7a607ef1d5b680ecd4655c416b
routing_nominal_history,routing_nominal_history:seed96100000:epoch55,55,19,validation,96300002,u_0.90,0.9,39599386.251870885,0.7171717171717171,31.0,0.05102040816326531,5ebbc98dbd907dd8005e5a079d53d37321acce7a607ef1d5b680ecd4655c416b
routing_nominal_history,routing_nominal_history:seed96100000:epoch55,55,19,validation,96300002,u_1.00,1.0,39242136.434862465,0.7171717171717171,31.0,0.04504504504504504,5ebbc98dbd907dd8005e5a079d53d37321acce7a607ef1d5b680ecd4655c416b
routing_nominal_history,routing_nominal_history:seed96100000:epoch55,55,19,validation,96300003,anchor,-1.0,40603228.12954281,0.7171717171717171,33.0,0.07042253521126761,5ebbc98dbd907dd8005e5a079d53d37321acce7a607ef1d5b680ecd4655c416b
routing_nominal_history,routing_nominal_history:seed96100000:epoch55,55,19,validation,96300003,u_0.00,0.0,41462779.888799176,0.7171717171717171,34.0,0.09433962264150944,5ebbc98dbd907dd8005e5a079d53d37321acce7a607ef1d5b680ecd4655c416b
routing_nominal_history,routing_nominal_history:seed96100000:epoch55,55,19,validation,96300003,u_0.10,0.1,41561932.87062475,0.7171717171717171,34.0,0.08771929824561403,5ebbc98dbd907dd8005e5a079d53d37321acce7a607ef1d5b680ecd4655c416b
routing_nominal_history,routing_nominal_history:seed96100000:epoch55,55,19,validation,96300003,u_0.20,0.2,41012503.92669357,0.7171717171717171,33.0,0.08064516129032258,5ebbc98dbd907dd8005e5a079d53d37321acce7a607ef1d5b680ecd4655c416b
routing_nominal_history,routing_nominal_history:seed96100000:epoch55,55,19,validation,96300003,u_0.30,0.3,40954374.537843525,0.7171717171717171,33.0,0.07575757575757576,5ebbc98dbd907dd8005e5a079d53d37321acce7a607ef1d5b680ecd4655c416b
routing_nominal_history,routing_nominal_history:seed96100000:epoch55,55,19,validation,96300003,u_0.40,0.4,40918165.53981065,0.7171717171717171,33.0,0.07042253521126761,5ebbc98dbd907dd8005e5a079d53d37321acce7a607ef1d5b680ecd4655c416b
routing_nominal_history,routing_nominal_history:seed96100000:epoch55,55,19,validation,96300003,u_0.50,0.5,40627480.14243063,0.7171717171717171,33.0,0.0625,5ebbc98dbd907dd8005e5a079d53d37321acce7a607ef1d5b680ecd4655c416b
routing_nominal_history,routing_nominal_history:seed96100000:epoch55,55,19,validation,96300003,u_0.60,0.6,40045024.3381353,0.7171717171717171,32.0,0.05813953488372093,5ebbc98dbd907dd8005e5a079d53d37321acce7a607ef1d5b680ecd4655c416b
routing_nominal_history,routing_nominal_history:seed96100000:epoch55,55,19,validation,96300003,u_0.70,0.7,40024518.94206098,0.7171717171717171,32.0,0.05555555555555555,5ebbc98dbd907dd8005e5a079d53d37321acce7a607ef1d5b680ecd4655c416b
routing_nominal_history,routing_nominal_history:seed96100000:epoch55,55,19,validation,96300003,u_0.80,0.8,39324985.26626791,0.7171717171717171,31.0,0.05102040816326531,5ebbc98dbd907dd8005e5a079d53d37321acce7a607ef1d5b680ecd4655c416b
routing_nominal_history,routing_nominal_history:seed96100000:epoch55,55,19,validation,96300003,u_0.90,0.9,39599386.251870885,0.7171717171717171,31.0,0.05102040816326531,5ebbc98dbd907dd8005e5a079d53d37321acce7a607ef1d5b680ecd4655c416b
routing_nominal_history,routing_nominal_history:seed96100000:epoch55,55,19,validation,96300003,u_1.00,1.0,39242136.434862465,0.7171717171717171,31.0,0.04504504504504504,5ebbc98dbd907dd8005e5a079d53d37321acce7a607ef1d5b680ecd4655c416b
routing_nominal_history,routing_nominal_history:seed96100000:epoch55,55,19,validation,96300004,anchor,-1.0,40603228.12954281,0.7171717171717171,33.0,0.07042253521126761,5ebbc98dbd907dd8005e5a079d53d37321acce7a607ef1d5b680ecd4655c416b
routing_nominal_history,routing_nominal_history:seed96100000:epoch55,55,19,validation,96300004,u_0.00,0.0,41462779.888799176,0.7171717171717171,34.0,0.09433962264150944,5ebbc98dbd907dd8005e5a079d53d37321acce7a607ef1d5b680ecd4655c416b
routing_nominal_history,routing_nominal_history:seed96100000:epoch55,55,19,validation,96300004,u_0.10,0.1,41561932.87062475,0.7171717171717171,34.0,0.08771929824561403,5ebbc98dbd907dd8005e5a079d53d37321acce7a607ef1d5b680ecd4655c416b
routing_nominal_history,routing_nominal_history:seed96100000:epoch55,55,19,validation,96300004,u_0.20,0.2,41012503.92669357,0.7171717171717171,33.0,0.08064516129032258,5ebbc98dbd907dd8005e5a079d53d37321acce7a607ef1d5b680ecd4655c416b
routing_nominal_history,routing_nominal_history:seed96100000:epoch55,55,19,validation,96300004,u_0.30,0.3,40954374.537843525,0.7171717171717171,33.0,0.07575757575757576,5ebbc98dbd907dd8005e5a079d53d37321acce7a607ef1d5b680ecd4655c416b
routing_nominal_history,routing_nominal_history:seed96100000:epoch55,55,19,validation,96300004,u_0.40,0.4,40918165.53981065,0.7171717171717171,33.0,0.07042253521126761,5ebbc98dbd907dd8005e5a079d53d37321acce7a607ef1d5b680ecd4655c416b
routing_nominal_history,routing_nominal_history:seed96100000:epoch55,55,19,validation,96300004,u_0.50,0.5,40627480.14243063,0.7171717171717171,33.0,0.0625,5ebbc98dbd907dd8005e5a079d53d37321acce7a607ef1d5b680ecd4655c416b
routing_nominal_history,routing_nominal_history:seed96100000:epoch55,55,19,validation,96300004,u_0.60,0.6,40045024.3381353,0.7171717171717171,32.0,0.05813953488372093,5ebbc98dbd907dd8005e5a079d53d37321acce7a607ef1d5b680ecd4655c416b
routing_nominal_history,routing_nominal_history:seed96100000:epoch55,55,19,validation,96300004,u_0.70,0.7,40024518.94206098,0.7171717171717171,32.0,0.05555555555555555,5ebbc98dbd907dd8005e5a079d53d37321acce7a607ef1d5b680ecd4655c416b
routing_nominal_history,routing_nominal_history:seed96100000:epoch55,55,19,validation,96300004,u_0.80,0.8,39324985.26626791,0.7171717171717171,31.0,0.05102040816326531,5ebbc98dbd907dd8005e5a079d53d37321acce7a607ef1d5b680ecd4655c416b
routing_nominal_history,routing_nominal_history:seed96100000:epoch55,55,19,validation,96300004,u_0.90,0.9,39599386.251870885,0.7171717171717171,31.0,0.05102040816326531,5ebbc98dbd907dd8005e5a079d53d37321acce7a607ef1d5b680ecd4655c416b
routing_nominal_history,routing_nominal_history:seed96100000:epoch55,55,19,validation,96300004,u_1.00,1.0,39242136.434862465,0.7171717171717171,31.0,0.04504504504504504,5ebbc98dbd907dd8005e5a079d53d37321acce7a607ef1d5b680ecd4655c416b
routing_nominal_history,routing_nominal_history:seed96100000:epoch80,80,20,discovery,96200000,anchor,-1.0,59339434.946307264,0.5040650406504065,39.0,0.04054054054054054,5ebbc98dbd907dd8005e5a079d53d37321acce7a607ef1d5b680ecd4655c416b
routing_nominal_history,routing_nominal_history:seed96100000:epoch80,80,20,discovery,96200000,u_0.00,0.0,60306878.84630726,0.5040650406504065,40.0,0.05084745762711865,5ebbc98dbd907dd8005e5a079d53d37321acce7a607ef1d5b680ecd4655c416b
routing_nominal_history,routing_nominal_history:seed96100000:epoch80,80,20,discovery,96200000,u_0.10,0.1,60413213.832146995,0.5040650406504065,40.0,0.04838709677419355,5ebbc98dbd907dd8005e5a079d53d37321acce7a607ef1d5b680ecd4655c416b
routing_nominal_history,routing_nominal_history:seed96100000:epoch80,80,20,discovery,96200000,u_0.20,0.2,60392397.97733373,0.5040650406504065,40.0,0.04477611940298507,5ebbc98dbd907dd8005e5a079d53d37321acce7a607ef1d5b680ecd4655c416b
routing_nominal_history,routing_nominal_history:seed96100000:epoch80,80,20,discovery,96200000,u_0.30,0.3,59744865.0893098,0.5040650406504065,39.0,0.041666666666666664,5ebbc98dbd907dd8005e5a079d53d37321acce7a607ef1d5b680ecd4655c416b
routing_nominal_history,routing_nominal_history:seed96100000:epoch80,80,20,discovery,96200000,u_0.40,0.4,59670842.09142338,0.5040650406504065,39.0,0.03896103896103896,5ebbc98dbd907dd8005e5a079d53d37321acce7a607ef1d5b680ecd4655c416b
routing_nominal_history,routing_nominal_history:seed96100000:epoch80,80,20,discovery,96200000,u_0.50,0.5,59344121.09424238,0.5040650406504065,39.0,0.034482758620689655,5ebbc98dbd907dd8005e5a079d53d37321acce7a607ef1d5b680ecd4655c416b
routing_nominal_history,routing_nominal_history:seed96100000:epoch80,80,20,discovery,96200000,u_0.60,0.6,59317438.0977668,0.5040650406504065,39.0,0.03260869565217391,5ebbc98dbd907dd8005e5a079d53d37321acce7a607ef1d5b680ecd4655c416b
routing_nominal_history,routing_nominal_history:seed96100000:epoch80,80,20,discovery,96200000,u_0.70,0.7,59264425.101996645,0.5040650406504065,39.0,0.030927835051546393,5ebbc98dbd907dd8005e5a079d53d37321acce7a607ef1d5b680ecd4655c416b
routing_nominal_history,routing_nominal_history:seed96100000:epoch80,80,20,discovery,96200000,u_0.80,0.8,59033714.12808113,0.5040650406504065,39.0,0.028037383177570093,5ebbc98dbd907dd8005e5a079d53d37321acce7a607ef1d5b680ecd4655c416b
routing_nominal_history,routing_nominal_history:seed96100000:epoch80,80,20,discovery,96200000,u_0.90,0.9,59329409.112572595,0.5040650406504065,39.0,0.028037383177570093,5ebbc98dbd907dd8005e5a079d53d37321acce7a607ef1d5b680ecd4655c416b
routing_nominal_history,routing_nominal_history:seed96100000:epoch80,80,20,discovery,96200000,u_1.00,1.0,57870551.89274368,0.5040650406504065,37.0,0.024793388429752067,5ebbc98dbd907dd8005e5a079d53d37321acce7a607ef1d5b680ecd4655c416b
routing_nominal_history,routing_nominal_history:seed96100000:epoch80,80,20,discovery,96200001,anchor,-1.0,59339434.946307264,0.5040650406504065,39.0,0.04054054054054054,5ebbc98dbd907dd8005e5a079d53d37321acce7a607ef1d5b680ecd4655c416b
routing_nominal_history,routing_nominal_history:seed96100000:epoch80,80,20,discovery,96200001,u_0.00,0.0,60306878.84630726,0.5040650406504065,40.0,0.05084745762711865,5ebbc98dbd907dd8005e5a079d53d37321acce7a607ef1d5b680ecd4655c416b
routing_nominal_history,routing_nominal_history:seed96100000:epoch80,80,20,discovery,96200001,u_0.10,0.1,60413213.832146995,0.5040650406504065,40.0,0.04838709677419355,5ebbc98dbd907dd8005e5a079d53d37321acce7a607ef1d5b680ecd4655c416b
routing_nominal_history,routing_nominal_history:seed96100000:epoch80,80,20,discovery,96200001,u_0.20,0.2,60392397.97733373,0.5040650406504065,40.0,0.04477611940298507,5ebbc98dbd907dd8005e5a079d53d37321acce7a607ef1d5b680ecd4655c416b
routing_nominal_history,routing_nominal_history:seed96100000:epoch80,80,20,discovery,96200001,u_0.30,0.3,59744865.0893098,0.5040650406504065,39.0,0.041666666666666664,5ebbc98dbd907dd8005e5a079d53d37321acce7a607ef1d5b680ecd4655c416b
routing_nominal_history,routing_nominal_history:seed96100000:epoch80,80,20,discovery,96200001,u_0.40,0.4,59670842.09142338,0.5040650406504065,39.0,0.03896103896103896,5ebbc98dbd907dd8005e5a079d53d37321acce7a607ef1d5b680ecd4655c416b
routing_nominal_history,routing_nominal_history:seed96100000:epoch80,80,20,discovery,96200001,u_0.50,0.5,59344121.09424238,0.5040650406504065,39.0,0.034482758620689655,5ebbc98dbd907dd8005e5a079d53d37321acce7a607ef1d5b680ecd4655c416b
routing_nominal_history,routing_nominal_history:seed96100000:epoch80,80,20,discovery,96200001,u_0.60,0.6,59317438.0977668,0.5040650406504065,39.0,0.03260869565217391,5ebbc98dbd907dd8005e5a079d53d37321acce7a607ef1d5b680ecd4655c416b
routing_nominal_history,routing_nominal_history:seed96100000:epoch80,80,20,discovery,96200001,u_0.70,0.7,59264425.101996645,0.5040650406504065,39.0,0.030927835051546393,5ebbc98dbd907dd8005e5a079d53d37321acce7a607ef1d5b680ecd4655c416b
routing_nominal_history,routing_nominal_history:seed96100000:epoch80,80,20,discovery,96200001,u_0.80,0.8,59033714.12808113,0.5040650406504065,39.0,0.028037383177570093,5ebbc98dbd907dd8005e5a079d53d37321acce7a607ef1d5b680ecd4655c416b
routing_nominal_history,routing_nominal_history:seed96100000:epoch80,80,20,discovery,96200001,u_0.90,0.9,59329409.112572595,0.5040650406504065,39.0,0.028037383177570093,5ebbc98dbd907dd8005e5a079d53d37321acce7a607ef1d5b680ecd4655c416b
routing_nominal_history,routing_nominal_history:seed96100000:epoch80,80,20,discovery,96200001,u_1.00,1.0,57870551.89274368,0.5040650406504065,37.0,0.024793388429752067,5ebbc98dbd907dd8005e5a079d53d37321acce7a607ef1d5b680ecd4655c416b
routing_nominal_history,routing_nominal_history:seed96100000:epoch80,80,20,discovery,96200002,anchor,-1.0,59339434.946307264,0.5040650406504065,39.0,0.04054054054054054,5ebbc98dbd907dd8005e5a079d53d37321acce7a607ef1d5b680ecd4655c416b
routing_nominal_history,routing_nominal_history:seed96100000:epoch80,80,20,discovery,96200002,u_0.00,0.0,60306878.84630726,0.5040650406504065,40.0,0.05084745762711865,5ebbc98dbd907dd8005e5a079d53d37321acce7a607ef1d5b680ecd4655c416b
routing_nominal_history,routing_nominal_history:seed96100000:epoch80,80,20,discovery,96200002,u_0.10,0.1,60413213.832146995,0.5040650406504065,40.0,0.04838709677419355,5ebbc98dbd907dd8005e5a079d53d37321acce7a607ef1d5b680ecd4655c416b
routing_nominal_history,routing_nominal_history:seed96100000:epoch80,80,20,discovery,96200002,u_0.20,0.2,60392397.97733373,0.5040650406504065,40.0,0.04477611940298507,5ebbc98dbd907dd8005e5a079d53d37321acce7a607ef1d5b680ecd4655c416b
routing_nominal_history,routing_nominal_history:seed96100000:epoch80,80,20,discovery,96200002,u_0.30,0.3,59744865.0893098,0.5040650406504065,39.0,0.041666666666666664,5ebbc98dbd907dd8005e5a079d53d37321acce7a607ef1d5b680ecd4655c416b
routing_nominal_history,routing_nominal_history:seed96100000:epoch80,80,20,discovery,96200002,u_0.40,0.4,59670842.09142338,0.5040650406504065,39.0,0.03896103896103896,5ebbc98dbd907dd8005e5a079d53d37321acce7a607ef1d5b680ecd4655c416b
routing_nominal_history,routing_nominal_history:seed96100000:epoch80,80,20,discovery,96200002,u_0.50,0.5,59344121.09424238,0.5040650406504065,39.0,0.034482758620689655,5ebbc98dbd907dd8005e5a079d53d37321acce7a607ef1d5b680ecd4655c416b
routing_nominal_history,routing_nominal_history:seed96100000:epoch80,80,20,discovery,96200002,u_0.60,0.6,59317438.0977668,0.5040650406504065,39.0,0.03260869565217391,5ebbc98dbd907dd8005e5a079d53d37321acce7a607ef1d5b680ecd4655c416b
routing_nominal_history,routing_nominal_history:seed96100000:epoch80,80,20,discovery,96200002,u_0.70,0.7,59264425.101996645,0.5040650406504065,39.0,0.030927835051546393,5ebbc98dbd907dd8005e5a079d53d37321acce7a607ef1d5b680ecd4655c416b
routing_nominal_history,routing_nominal_history:seed96100000:epoch80,80,20,discovery,96200002,u_0.80,0.8,59033714.12808113,0.5040650406504065,39.0,0.028037383177570093,5ebbc98dbd907dd8005e5a079d53d37321acce7a607ef1d5b680ecd4655c416b
routing_nominal_history,routing_nominal_history:seed96100000:epoch80,80,20,discovery,96200002,u_0.90,0.9,59329409.112572595,0.5040650406504065,39.0,0.028037383177570093,5ebbc98dbd907dd8005e5a079d53d37321acce7a607ef1d5b680ecd4655c416b
routing_nominal_history,routing_nominal_history:seed96100000:epoch80,80,20,discovery,96200002,u_1.00,1.0,57870551.89274368,0.5040650406504065,37.0,0.024793388429752067,5ebbc98dbd907dd8005e5a079d53d37321acce7a607ef1d5b680ecd4655c416b
routing_nominal_history,routing_nominal_history:seed96100000:epoch80,80,20,validation,96300000,anchor,-1.0,59339434.946307264,0.5040650406504065,39.0,0.04054054054054054,5ebbc98dbd907dd8005e5a079d53d37321acce7a607ef1d5b680ecd4655c416b
routing_nominal_history,routing_nominal_history:seed96100000:epoch80,80,20,validation,96300000,u_0.00,0.0,60306878.84630726,0.5040650406504065,40.0,0.05084745762711865,5ebbc98dbd907dd8005e5a079d53d37321acce7a607ef1d5b680ecd4655c416b
routing_nominal_history,routing_nominal_history:seed96100000:epoch80,80,20,validation,96300000,u_0.10,0.1,60413213.832146995,0.5040650406504065,40.0,0.04838709677419355,5ebbc98dbd907dd8005e5a079d53d37321acce7a607ef1d5b680ecd4655c416b
routing_nominal_history,routing_nominal_history:seed96100000:epoch80,80,20,validation,96300000,u_0.20,0.2,60392397.97733373,0.5040650406504065,40.0,0.04477611940298507,5ebbc98dbd907dd8005e5a079d53d37321acce7a607ef1d5b680ecd4655c416b
routing_nominal_history,routing_nominal_history:seed96100000:epoch80,80,20,validation,96300000,u_0.30,0.3,59744865.0893098,0.5040650406504065,39.0,0.041666666666666664,5ebbc98dbd907dd8005e5a079d53d37321acce7a607ef1d5b680ecd4655c416b
routing_nominal_history,routing_nominal_history:seed96100000:epoch80,80,20,validation,96300000,u_0.40,0.4,59670842.09142338,0.5040650406504065,39.0,0.03896103896103896,5ebbc98dbd907dd8005e5a079d53d37321acce7a607ef1d5b680ecd4655c416b
routing_nominal_history,routing_nominal_history:seed96100000:epoch80,80,20,validation,96300000,u_0.50,0.5,59344121.09424238,0.5040650406504065,39.0,0.034482758620689655,5ebbc98dbd907dd8005e5a079d53d37321acce7a607ef1d5b680ecd4655c416b
routing_nominal_history,routing_nominal_history:seed96100000:epoch80,80,20,validation,96300000,u_0.60,0.6,59317438.0977668,0.5040650406504065,39.0,0.03260869565217391,5ebbc98dbd907dd8005e5a079d53d37321acce7a607ef1d5b680ecd4655c416b
routing_nominal_history,routing_nominal_history:seed96100000:epoch80,80,20,validation,96300000,u_0.70,0.7,59264425.101996645,0.5040650406504065,39.0,0.030927835051546393,5ebbc98dbd907dd8005e5a079d53d37321acce7a607ef1d5b680ecd4655c416b
routing_nominal_history,routing_nominal_history:seed96100000:epoch80,80,20,validation,96300000,u_0.80,0.8,59033714.12808113,0.5040650406504065,39.0,0.028037383177570093,5ebbc98dbd907dd8005e5a079d53d37321acce7a607ef1d5b680ecd4655c416b
routing_nominal_history,routing_nominal_history:seed96100000:epoch80,80,20,validation,96300000,u_0.90,0.9,59329409.112572595,0.5040650406504065,39.0,0.028037383177570093,5ebbc98dbd907dd8005e5a079d53d37321acce7a607ef1d5b680ecd4655c416b
routing_nominal_history,routing_nominal_history:seed96100000:epoch80,80,20,validation,96300000,u_1.00,1.0,57870551.89274368,0.5040650406504065,37.0,0.024793388429752067,5ebbc98dbd907dd8005e5a079d53d37321acce7a607ef1d5b680ecd4655c416b
routing_nominal_history,routing_nominal_history:seed96100000:epoch80,80,20,validation,96300001,anchor,-1.0,59339434.946307264,0.5040650406504065,39.0,0.04054054054054054,5ebbc98dbd907dd8005e5a079d53d37321acce7a607ef1d5b680ecd4655c416b
routing_nominal_history,routing_nominal_history:seed96100000:epoch80,80,20,validation,96300001,u_0.00,0.0,60306878.84630726,0.5040650406504065,40.0,0.05084745762711865,5ebbc98dbd907dd8005e5a079d53d37321acce7a607ef1d5b680ecd4655c416b
routing_nominal_history,routing_nominal_history:seed96100000:epoch80,80,20,validation,96300001,u_0.10,0.1,60413213.832146995,0.5040650406504065,40.0,0.04838709677419355,5ebbc98dbd907dd8005e5a079d53d37321acce7a607ef1d5b680ecd4655c416b
routing_nominal_history,routing_nominal_history:seed96100000:epoch80,80,20,validation,96300001,u_0.20,0.2,60392397.97733373,0.5040650406504065,40.0,0.04477611940298507,5ebbc98dbd907dd8005e5a079d53d37321acce7a607ef1d5b680ecd4655c416b
routing_nominal_history,routing_nominal_history:seed96100000:epoch80,80,20,validation,96300001,u_0.30,0.3,59744865.0893098,0.5040650406504065,39.0,0.041666666666666664,5ebbc98dbd907dd8005e5a079d53d37321acce7a607ef1d5b680ecd4655c416b
routing_nominal_history,routing_nominal_history:seed96100000:epoch80,80,20,validation,96300001,u_0.40,0.4,59670842.09142338,0.5040650406504065,39.0,0.03896103896103896,5ebbc98dbd907dd8005e5a079d53d37321acce7a607ef1d5b680ecd4655c416b
routing_nominal_history,routing_nominal_history:seed96100000:epoch80,80,20,validation,96300001,u_0.50,0.5,59344121.09424238,0.5040650406504065,39.0,0.034482758620689655,5ebbc98dbd907dd8005e5a079d53d37321acce7a607ef1d5b680ecd4655c416b
routing_nominal_history,routing_nominal_history:seed96100000:epoch80,80,20,validation,96300001,u_0.60,0.6,59317438.0977668,0.5040650406504065,39.0,0.03260869565217391,5ebbc98dbd907dd8005e5a079d53d37321acce7a607ef1d5b680ecd4655c416b
routing_nominal_history,routing_nominal_history:seed96100000:epoch80,80,20,validation,96300001,u_0.70,0.7,59264425.101996645,0.5040650406504065,39.0,0.030927835051546393,5ebbc98dbd907dd8005e5a079d53d37321acce7a607ef1d5b680ecd4655c416b
routing_nominal_history,routing_nominal_history:seed96100000:epoch80,80,20,validation,96300001,u_0.80,0.8,59033714.12808113,0.5040650406504065,39.0,0.028037383177570093,5ebbc98dbd907dd8005e5a079d53d37321acce7a607ef1d5b680ecd4655c416b
routing_nominal_history,routing_nominal_history:seed96100000:epoch80,80,20,validation,96300001,u_0.90,0.9,59329409.112572595,0.5040650406504065,39.0,0.028037383177570093,5ebbc98dbd907dd8005e5a079d53d37321acce7a607ef1d5b680ecd4655c416b
routing_nominal_history,routing_nominal_history:seed96100000:epoch80,80,20,validation,96300001,u_1.00,1.0,57870551.89274368,0.5040650406504065,37.0,0.024793388429752067,5ebbc98dbd907dd8005e5a079d53d37321acce7a607ef1d5b680ecd4655c416b
routing_nominal_history,routing_nominal_history:seed96100000:epoch80,80,20,validation,96300002,anchor,-1.0,59339434.946307264,0.5040650406504065,39.0,0.04054054054054054,5ebbc98dbd907dd8005e5a079d53d37321acce7a607ef1d5b680ecd4655c416b
routing_nominal_history,routing_nominal_history:seed96100000:epoch80,80,20,validation,96300002,u_0.00,0.0,60306878.84630726,0.5040650406504065,40.0,0.05084745762711865,5ebbc98dbd907dd8005e5a079d53d37321acce7a607ef1d5b680ecd4655c416b
routing_nominal_history,routing_nominal_history:seed96100000:epoch80,80,20,validation,96300002,u_0.10,0.1,60413213.832146995,0.5040650406504065,40.0,0.04838709677419355,5ebbc98dbd907dd8005e5a079d53d37321acce7a607ef1d5b680ecd4655c416b
routing_nominal_history,routing_nominal_history:seed96100000:epoch80,80,20,validation,96300002,u_0.20,0.2,60392397.97733373,0.5040650406504065,40.0,0.04477611940298507,5ebbc98dbd907dd8005e5a079d53d37321acce7a607ef1d5b680ecd4655c416b
routing_nominal_history,routing_nominal_history:seed96100000:epoch80,80,20,validation,96300002,u_0.30,0.3,59744865.0893098,0.5040650406504065,39.0,0.041666666666666664,5ebbc98dbd907dd8005e5a079d53d37321acce7a607ef1d5b680ecd4655c416b
routing_nominal_history,routing_nominal_history:seed96100000:epoch80,80,20,validation,96300002,u_0.40,0.4,59670842.09142338,0.5040650406504065,39.0,0.03896103896103896,5ebbc98dbd907dd8005e5a079d53d37321acce7a607ef1d5b680ecd4655c416b
routing_nominal_history,routing_nominal_history:seed96100000:epoch80,80,20,validation,96300002,u_0.50,0.5,59344121.09424238,0.5040650406504065,39.0,0.034482758620689655,5ebbc98dbd907dd8005e5a079d53d37321acce7a607ef1d5b680ecd4655c416b
routing_nominal_history,routing_nominal_history:seed96100000:epoch80,80,20,validation,96300002,u_0.60,0.6,59317438.0977668,0.5040650406504065,39.0,0.03260869565217391,5ebbc98dbd907dd8005e5a079d53d37321acce7a607ef1d5b680ecd4655c416b
routing_nominal_history,routing_nominal_history:seed96100000:epoch80,80,20,validation,96300002,u_0.70,0.7,59264425.101996645,0.5040650406504065,39.0,0.030927835051546393,5ebbc98dbd907dd8005e5a079d53d37321acce7a607ef1d5b680ecd4655c416b
routing_nominal_history,routing_nominal_history:seed96100000:epoch80,80,20,validation,96300002,u_0.80,0.8,59033714.12808113,0.5040650406504065,39.0,0.028037383177570093,5ebbc98dbd907dd8005e5a079d53d37321acce7a607ef1d5b680ecd4655c416b
routing_nominal_history,routing_nominal_history:seed96100000:epoch80,80,20,validation,96300002,u_0.90,0.9,59329409.112572595,0.5040650406504065,39.0,0.028037383177570093,5ebbc98dbd907dd8005e5a079d53d37321acce7a607ef1d5b680ecd4655c416b
routing_nominal_history,routing_nominal_history:seed96100000:epoch80,80,20,validation,96300002,u_1.00,1.0,57870551.89274368,0.5040650406504065,37.0,0.024793388429752067,5ebbc98dbd907dd8005e5a079d53d37321acce7a607ef1d5b680ecd4655c416b
routing_nominal_history,routing_nominal_history:seed96100000:epoch80,80,20,validation,96300003,anchor,-1.0,59339434.946307264,0.5040650406504065,39.0,0.04054054054054054,5ebbc98dbd907dd8005e5a079d53d37321acce7a607ef1d5b680ecd4655c416b
routing_nominal_history,routing_nominal_history:seed96100000:epoch80,80,20,validation,96300003,u_0.00,0.0,60306878.84630726,0.5040650406504065,40.0,0.05084745762711865,5ebbc98dbd907dd8005e5a079d53d37321acce7a607ef1d5b680ecd4655c416b
routing_nominal_history,routing_nominal_history:seed96100000:epoch80,80,20,validation,96300003,u_0.10,0.1,60413213.832146995,0.5040650406504065,40.0,0.04838709677419355,5ebbc98dbd907dd8005e5a079d53d37321acce7a607ef1d5b680ecd4655c416b
routing_nominal_history,routing_nominal_history:seed96100000:epoch80,80,20,validation,96300003,u_0.20,0.2,60392397.97733373,0.5040650406504065,40.0,0.04477611940298507,5ebbc98dbd907dd8005e5a079d53d37321acce7a607ef1d5b680ecd4655c416b
routing_nominal_history,routing_nominal_history:seed96100000:epoch80,80,20,validation,96300003,u_0.30,0.3,59744865.0893098,0.5040650406504065,39.0,0.041666666666666664,5ebbc98dbd907dd8005e5a079d53d37321acce7a607ef1d5b680ecd4655c416b
routing_nominal_history,routing_nominal_history:seed96100000:epoch80,80,20,validation,96300003,u_0.40,0.4,59670842.09142338,0.5040650406504065,39.0,0.03896103896103896,5ebbc98dbd907dd8005e5a079d53d37321acce7a607ef1d5b680ecd4655c416b
routing_nominal_history,routing_nominal_history:seed96100000:epoch80,80,20,validation,96300003,u_0.50,0.5,59344121.09424238,0.5040650406504065,39.0,0.034482758620689655,5ebbc98dbd907dd8005e5a079d53d37321acce7a607ef1d5b680ecd4655c416b
routing_nominal_history,routing_nominal_history:seed96100000:epoch80,80,20,validation,96300003,u_0.60,0.6,59317438.0977668,0.5040650406504065,39.0,0.03260869565217391,5ebbc98dbd907dd8005e5a079d53d37321acce7a607ef1d5b680ecd4655c416b
routing_nominal_history,routing_nominal_history:seed96100000:epoch80,80,20,validation,96300003,u_0.70,0.7,59264425.101996645,0.5040650406504065,39.0,0.030927835051546393,5ebbc98dbd907dd8005e5a079d53d37321acce7a607ef1d5b680ecd4655c416b
routing_nominal_history,routing_nominal_history:seed96100000:epoch80,80,20,validation,96300003,u_0.80,0.8,59033714.12808113,0.5040650406504065,39.0,0.028037383177570093,5ebbc98dbd907dd8005e5a079d53d37321acce7a607ef1d5b680ecd4655c416b
routing_nominal_history,routing_nominal_history:seed96100000:epoch80,80,20,validation,96300003,u_0.90,0.9,59329409.112572595,0.5040650406504065,39.0,0.028037383177570093,5ebbc98dbd907dd8005e5a079d53d37321acce7a607ef1d5b680ecd4655c416b
routing_nominal_history,routing_nominal_history:seed96100000:epoch80,80,20,validation,96300003,u_1.00,1.0,57870551.89274368,0.5040650406504065,37.0,0.024793388429752067,5ebbc98dbd907dd8005e5a079d53d37321acce7a607ef1d5b680ecd4655c416b
routing_nominal_history,routing_nominal_history:seed96100000:epoch80,80,20,validation,96300004,anchor,-1.0,59339434.946307264,0.5040650406504065,39.0,0.04054054054054054,5ebbc98dbd907dd8005e5a079d53d37321acce7a607ef1d5b680ecd4655c416b
routing_nominal_history,routing_nominal_history:seed96100000:epoch80,80,20,validation,96300004,u_0.00,0.0,60306878.84630726,0.5040650406504065,40.0,0.05084745762711865,5ebbc98dbd907dd8005e5a079d53d37321acce7a607ef1d5b680ecd4655c416b
routing_nominal_history,routing_nominal_history:seed96100000:epoch80,80,20,validation,96300004,u_0.10,0.1,60413213.832146995,0.5040650406504065,40.0,0.04838709677419355,5ebbc98dbd907dd8005e5a079d53d37321acce7a607ef1d5b680ecd4655c416b
routing_nominal_history,routing_nominal_history:seed96100000:epoch80,80,20,validation,96300004,u_0.20,0.2,60392397.97733373,0.5040650406504065,40.0,0.04477611940298507,5ebbc98dbd907dd8005e5a079d53d37321acce7a607ef1d5b680ecd4655c416b
routing_nominal_history,routing_nominal_history:seed96100000:epoch80,80,20,validation,96300004,u_0.30,0.3,59744865.0893098,0.5040650406504065,39.0,0.041666666666666664,5ebbc98dbd907dd8005e5a079d53d37321acce7a607ef1d5b680ecd4655c416b
routing_nominal_history,routing_nominal_history:seed96100000:epoch80,80,20,validation,96300004,u_0.40,0.4,59670842.09142338,0.5040650406504065,39.0,0.03896103896103896,5ebbc98dbd907dd8005e5a079d53d37321acce7a607ef1d5b680ecd4655c416b
routing_nominal_history,routing_nominal_history:seed96100000:epoch80,80,20,validation,96300004,u_0.50,0.5,59344121.09424238,0.5040650406504065,39.0,0.034482758620689655,5ebbc98dbd907dd8005e5a079d53d37321acce7a607ef1d5b680ecd4655c416b
routing_nominal_history,routing_nominal_history:seed96100000:epoch80,80,20,validation,96300004,u_0.60,0.6,59317438.0977668,0.5040650406504065,39.0,0.03260869565217391,5ebbc98dbd907dd8005e5a079d53d37321acce7a607ef1d5b680ecd4655c416b
routing_nominal_history,routing_nominal_history:seed96100000:epoch80,80,20,validation,96300004,u_0.70,0.7,59264425.101996645,0.5040650406504065,39.0,0.030927835051546393,5ebbc98dbd907dd8005e5a079d53d37321acce7a607ef1d5b680ecd4655c416b
routing_nominal_history,routing_nominal_history:seed96100000:epoch80,80,20,validation,96300004,u_0.80,0.8,59033714.12808113,0.5040650406504065,39.0,0.028037383177570093,5ebbc98dbd907dd8005e5a079d53d37321acce7a607ef1d5b680ecd4655c416b
routing_nominal_history,routing_nominal_history:seed96100000:epoch80,80,20,validation,96300004,u_0.90,0.9,59329409.112572595,0.5040650406504065,39.0,0.028037383177570093,5ebbc98dbd907dd8005e5a079d53d37321acce7a607ef1d5b680ecd4655c416b
routing_nominal_history,routing_nominal_history:seed96100000:epoch80,80,20,validation,96300004,u_1.00,1.0,57870551.89274368,0.5040650406504065,37.0,0.024793388429752067,5ebbc98dbd907dd8005e5a079d53d37321acce7a607ef1d5b680ecd4655c416b
routing_nominal_history,routing_nominal_history:seed96100001:epoch30,30,19,discovery,96200000,anchor,-1.0,1029509471.2242548,0.6432225063938619,792.0,0.04643765903307888,5ebbc98dbd907dd8005e5a079d53d37321acce7a607ef1d5b680ecd4655c416b
routing_nominal_history,routing_nominal_history:seed96100001:epoch30,30,19,discovery,96200000,u_0.00,0.0,1034821749.5544915,0.6368286445012787,802.0,0.047223994894703254,5ebbc98dbd907dd8005e5a079d53d37321acce7a607ef1d5b680ecd4655c416b
routing_nominal_history,routing_nominal_history:seed96100001:epoch30,30,19,discovery,96200000,u_0.10,0.1,1033356585.3747501,0.6381074168797954,801.0,0.04737516005121639,5ebbc98dbd907dd8005e5a079d53d37321acce7a607ef1d5b680ecd4655c416b
routing_nominal_history,routing_nominal_history:seed96100001:epoch30,30,19,discovery,96200000,u_0.20,0.2,1033417958.0374376,0.6389599317988065,801.0,0.046094750320102434,5ebbc98dbd907dd8005e5a079d53d37321acce7a607ef1d5b680ecd4655c416b
routing_nominal_history,routing_nominal_history:seed96100001:epoch30,30,19,discovery,96200000,u_0.30,0.3,1026027581.2186233,0.6432225063938619,793.0,0.04701397712833545,5ebbc98dbd907dd8005e5a079d53d37321acce7a607ef1d5b680ecd4655c416b
routing_nominal_history,routing_nominal_history:seed96100001:epoch30,30,19,discovery,96200000,u_0.40,0.4,1021561378.6746504,0.6466325660699063,788.0,0.046894803548795945,5ebbc98dbd907dd8005e5a079d53d37321acce7a607ef1d5b680ecd4655c416b
routing_nominal_history,routing_nominal_history:seed96100001:epoch30,30,19,discovery,96200000,u_0.50,0.5,1017610265.0348436,0.6513213981244672,784.0,0.04719949653870359,5ebbc98dbd907dd8005e5a079d53d37321acce7a607ef1d5b680ecd4655c416b
routing_nominal_history,routing_nominal_history:seed96100001:epoch30,30,19,discovery,96200000,u_0.60,0.6,1013296801.2565655,0.6551577152600171,779.0,0.046278924327704814,5ebbc98dbd907dd8005e5a079d53d37321acce7a607ef1d5b680ecd4655c416b
routing_nominal_history,routing_nominal_history:seed96100001:epoch30,30,19,discovery,96200000,u_0.70,0.7,1010811275.6998489,0.6568627450980392,776.0,0.046192259675405745,5ebbc98dbd907dd8005e5a079d53d37321acce7a607ef1d5b680ecd4655c416b
routing_nominal_history,routing_nominal_history:seed96100001:epoch30,30,19,discovery,96200000,u_0.80,0.8,1002589223.7546883,0.6636828644501279,767.0,0.04652605459057072,5ebbc98dbd907dd8005e5a079d53d37321acce7a607ef1d5b680ecd4655c416b
routing_nominal_history,routing_nominal_history:seed96100001:epoch30,30,19,discovery,96200000,u_0.90,0.9,1002863624.7402911,0.6636828644501279,767.0,0.04652605459057072,5ebbc98dbd907dd8005e5a079d53d37321acce7a607ef1d5b680ecd4655c416b
routing_nominal_history,routing_nominal_history:seed96100001:epoch30,30,19,discovery,96200000,u_1.00,1.0,1002431381.6691295,0.6641091219096334,765.0,0.04542626011200996,5ebbc98dbd907dd8005e5a079d53d37321acce7a607ef1d5b680ecd4655c416b
routing_nominal_history,routing_nominal_history:seed96100001:epoch30,30,19,discovery,96200001,anchor,-1.0,977065386.7379245,0.6671006944444444,751.0,0.04095778197857593,5ebbc98dbd907dd8005e5a079d53d37321acce7a607ef1d5b680ecd4655c416b
routing_nominal_history,routing_nominal_history:seed96100001:epoch30,30,19,discovery,96200001,u_0.00,0.0,981809686.0349884,0.6597222222222222,761.0,0.04243191893603546,5ebbc98dbd907dd8005e5a079d53d37321acce7a607ef1d5b680ecd4655c416b
routing_nominal_history,routing_nominal_history:seed96100001:epoch30,30,19,discovery,96200001,u_0.10,0.1,976620138.5296437,0.6653645833333334,755.0,0.043206011271133375,5ebbc98dbd907dd8005e5a079d53d37321acce7a607ef1d5b680ecd4655c416b
routing_nominal_history,routing_nominal_history:seed96100001:epoch30,30,19,discovery,96200001,u_0.20,0.2,982105990.0144758,0.6644965277777778,762.0,0.04211187932118165,5ebbc98dbd907dd8005e5a079d53d37321acce7a607ef1d5b680ecd4655c416b
routing_nominal_history,routing_nominal_history:seed96100001:epoch30,30,19,discovery,96200001,u_0.30,0.3,977509130.855336,0.6644965277777778,748.0,0.0403530895334174,5ebbc98dbd907dd8005e5a079d53d37321acce7a607ef1d5b680ecd4655c416b
routing_nominal_history,routing_nominal_history:seed96100001:epoch30,30,19,discovery,96200001,u_0.40,0.4,971179639.9808352,0.6644965277777778,741.0,0.04030226700251889,5ebbc98dbd907dd8005e5a079d53d37321acce7a607ef1d5b680ecd4655c416b
routing_nominal_history,routing_nominal_history:seed96100001:epoch30,30,19,discovery,96200001,u_0.50,0.5,968526431.9895914,0.6675347222222222,737.0,0.039647577092511016,5ebbc98dbd907dd8005e5a079d53d37321acce7a607ef1d5b680ecd4655c416b
routing_nominal_history,routing_nominal_history:seed96100001:epoch30,30,19,discovery,96200001,u_0.60,0.6,961578647.6156969,0.6723090277777778,727.0,0.03927680798004988,5ebbc98dbd907dd8005e5a079d53d37321acce7a607ef1d5b680ecd4655c416b
routing_nominal_history,routing_nominal_history:seed96100001:epoch30,30,19,discovery,96200001,u_0.70,0.7,959396550.589057,0.6744791666666666,723.0,0.038581207218419414,5ebbc98dbd907dd8005e5a079d53d37321acce7a607ef1d5b680ecd4655c416b
routing_nominal_history,routing_nominal_history:seed96100001:epoch30,30,19,discovery,96200001,u_0.80,0.8,945695136.8043032,0.6827256944444444,711.0,0.039433148490449786,5ebbc98dbd907dd8005e5a079d53d37321acce7a607ef1d5b680ecd4655c416b
routing_nominal_history,routing_nominal_history:seed96100001:epoch30,30,19,discovery,96200001,u_0.90,0.9,945969537.7899061,0.6827256944444444,711.0,0.039433148490449786,5ebbc98dbd907dd8005e5a079d53d37321acce7a607ef1d5b680ecd4655c416b
routing_nominal_history,routing_nominal_history:seed96100001:epoch30,30,19,discovery,96200001,u_1.00,1.0,942107475.4505435,0.6883680555555556,710.0,0.04041641151255358,5ebbc98dbd907dd8005e5a079d53d37321acce7a607ef1d5b680ecd4655c416b
routing_nominal_history,routing_nominal_history:seed96100001:epoch30,30,19,discovery,96200002,anchor,-1.0,1168150570.816169,0.5987558320373251,928.0,0.048507462686567165,5ebbc98dbd907dd8005e5a079d53d37321acce7a607ef1d5b680ecd4655c416b
routing_nominal_history,routing_nominal_history:seed96100001:epoch30,30,19,discovery,96200002,u_0.00,0.0,1170379813.526543,0.5940902021772939,934.0,0.04962779156327544,5ebbc98dbd907dd8005e5a079d53d37321acce7a607ef1d5b680ecd4655c416b
routing_nominal_history,routing_nominal_history:seed96100001:epoch30,30,19,discovery,96200002,u_0.10,0.1,1173264976.9220114,0.5902021772939346,936.0,0.049720323182100686,5ebbc98dbd907dd8005e5a079d53d37321acce7a607ef1d5b680ecd4655c416b
routing_nominal_history,routing_nominal_history:seed96100001:epoch30,30,19,discovery,96200002,u_0.20,0.2,1178104295.2786877,0.5870917573872473,945.0,0.04642409033877039,5ebbc98dbd907dd8005e5a079d53d37321acce7a607ef1d5b680ecd4655c416b
routing_nominal_history,routing_nominal_history:seed96100001:epoch30,30,19,discovery,96200002,u_0.30,0.3,1184623811.625057,0.5855365474339036,949.0,0.04788909892879647,5ebbc98dbd907dd8005e5a079d53d37321acce7a607ef1d5b680ecd4655c416b
routing_nominal_history,routing_nominal_history:seed96100001:epoch30,30,19,discovery,96200002,u_0.40,0.4,1178115427.0500937,0.5894245723172629,940.0,0.049375,5ebbc98dbd907dd8005e5a079d53d37321acce7a607ef1d5b680ecd4655c416b
routing_nominal_history,routing_nominal_history:seed96100001:epoch30,30,19,discovery,96200002,u_0.50,0.5,1167838470.8940492,0.5964230171073095,923.0,0.048417132216014895,5ebbc98dbd907dd8005e5a079d53d37321acce7a607ef1d5b680ecd4655c416b
routing_nominal_history,routing_nominal_history:seed96100001:epoch30,30,19,discovery,96200002,u_0.60,0.6,1168584532.9806585,0.5983670295489891,931.0,0.04823747680890538,5ebbc98dbd907dd8005e5a079d53d37321acce7a607ef1d5b680ecd4655c416b
routing_nominal_history,routing_nominal_history:seed96100001:epoch30,30,19,discovery,96200002,u_0.70,0.7,1166874283.6959586,0.5999222395023328,929.0,0.04817788758492897,5ebbc98dbd907dd8005e5a079d53d37321acce7a607ef1d5b680ecd4655c416b
routing_nominal_history,routing_nominal_history:seed96100001:epoch30,30,19,discovery,96200002,u_0.80,0.8,1154815297.7084248,0.6076982892690513,917.0,0.04892966360856269,5ebbc98dbd907dd8005e5a079d53d37321acce7a607ef1d5b680ecd4655c416b
routing_nominal_history,routing_nominal_history:seed96100001:epoch30,30,19,discovery,96200002,u_0.90,0.9,1155089698.694028,0.6076982892690513,917.0,0.04892966360856269,5ebbc98dbd907dd8005e5a079d53d37321acce7a607ef1d5b680ecd4655c416b
routing_nominal_history,routing_nominal_history:seed96100001:epoch30,30,19,discovery,96200002,u_1.00,1.0,1142262631.0341704,0.6131415241057543,903.0,0.048170731707317074,5ebbc98dbd907dd8005e5a079d53d37321acce7a607ef1d5b680ecd4655c416b
routing_nominal_history,routing_nominal_history:seed96100001:epoch30,30,19,validation,96300000,anchor,-1.0,1223072917.1073995,0.5908206923376118,988.0,0.052830188679245285,5ebbc98dbd907dd8005e5a079d53d37321acce7a607ef1d5b680ecd4655c416b
routing_nominal_history,routing_nominal_history:seed96100001:epoch30,30,19,validation,96300000,u_0.00,0.0,1227317025.7823524,0.5849863866199922,991.0,0.05246523388116309,5ebbc98dbd907dd8005e5a079d53d37321acce7a607ef1d5b680ecd4655c416b
routing_nominal_history,routing_nominal_history:seed96100001:epoch30,30,19,validation,96300000,u_0.10,0.1,1228429187.889352,0.5845974329054843,994.0,0.05206349206349206,5ebbc98dbd907dd8005e5a079d53d37321acce7a607ef1d5b680ecd4655c416b
routing_nominal_history,routing_nominal_history:seed96100001:epoch30,30,19,validation,96300000,u_0.20,0.2,1223727120.1610591,0.5888759237650719,990.0,0.050505050505050504,5ebbc98dbd907dd8005e5a079d53d37321acce7a607ef1d5b680ecd4655c416b
routing_nominal_history,routing_nominal_history:seed96100001:epoch30,30,19,validation,96300000,u_0.30,0.3,1213420071.3262498,0.5970439517697395,976.0,0.050530255770430445,5ebbc98dbd907dd8005e5a079d53d37321acce7a607ef1d5b680ecd4655c416b
routing_nominal_history,routing_nominal_history:seed96100001:epoch30,30,19,validation,96300000,u_0.40,0.4,1208694674.106686,0.6009334889148191,968.0,0.051329622758194186,5ebbc98dbd907dd8005e5a079d53d37321acce7a607ef1d5b680ecd4655c416b
routing_nominal_history,routing_nominal_history:seed96100001:epoch30,30,19,validation,96300000,u_0.50,0.5,1197520174.1013124,0.6079346557759626,952.0,0.05015290519877676,5ebbc98dbd907dd8005e5a079d53d37321acce7a607ef1d5b680ecd4655c416b
routing_nominal_history,routing_nominal_history:seed96100001:epoch30,30,19,validation,96300000,u_0.60,0.6,1205907253.627856,0.602489303772851,963.0,0.050216986980781156,5ebbc98dbd907dd8005e5a079d53d37321acce7a607ef1d5b680ecd4655c416b
routing_nominal_history,routing_nominal_history:seed96100001:epoch30,30,19,validation,96300000,u_0.70,0.7,1207383032.7436864,0.6021003500583431,965.0,0.0525990099009901,5ebbc98dbd907dd8005e5a079d53d37321acce7a607ef1d5b680ecd4655c416b
routing_nominal_history,routing_nominal_history:seed96100001:epoch30,30,19,validation,96300000,u_0.80,0.8,1194315634.4868462,0.6091015169194866,948.0,0.051829268292682924,5ebbc98dbd907dd8005e5a079d53d37321acce7a607ef1d5b680ecd4655c416b
routing_nominal_history,routing_nominal_history:seed96100001:epoch30,30,19,validation,96300000,u_0.90,0.9,1194590035.472449,0.6091015169194866,948.0,0.051829268292682924,5ebbc98dbd907dd8005e5a079d53d37321acce7a607ef1d5b680ecd4655c416b
routing_nominal_history,routing_nominal_history:seed96100001:epoch30,30,19,validation,96300000,u_1.00,1.0,1186482863.1935456,0.6180474523531699,943.0,0.049576783555018135,5ebbc98dbd907dd8005e5a079d53d37321acce7a607ef1d5b680ecd4655c416b
routing_nominal_history,routing_nominal_history:seed96100001:epoch30,30,19,validation,96300001,anchor,-1.0,1201683570.735699,0.6172741679873217,985.0,0.0521792510742787,5ebbc98dbd907dd8005e5a079d53d37321acce7a607ef1d5b680ecd4655c416b
routing_nominal_history,routing_nominal_history:seed96100001:epoch30,30,19,validation,96300001,u_0.00,0.0,1204516908.4208443,0.6121236133122029,988.0,0.05350553505535055,5ebbc98dbd907dd8005e5a079d53d37321acce7a607ef1d5b680ecd4655c416b
routing_nominal_history,routing_nominal_history:seed96100001:epoch30,30,19,validation,96300001,u_0.10,0.1,1202010852.1699522,0.6137083993660856,985.0,0.05463474524248005,5ebbc98dbd907dd8005e5a079d53d37321acce7a607ef1d5b680ecd4655c416b
routing_nominal_history,routing_nominal_history:seed96100001:epoch30,30,19,validation,96300001,u_0.20,0.2,1213192091.7916486,0.6061806656101426,1003.0,0.0525990099009901,5ebbc98dbd907dd8005e5a079d53d37321acce7a607ef1d5b680ecd4655c416b
routing_nominal_history,routing_nominal_history:seed96100001:epoch30,30,19,validation,96300001,u_0.30,0.3,1211145594.287963,0.6073692551505546,1001.0,0.05308641975308642,5ebbc98dbd907dd8005e5a079d53d37321acce7a607ef1d5b680ecd4655c416b
routing_nominal_history,routing_nominal_history:seed96100001:epoch30,30,19,validation,96300001,u_0.40,0.4,1215216858.6726007,0.6061806656101426,1011.0,0.0575139146567718,5ebbc98dbd907dd8005e5a079d53d37321acce7a607ef1d5b680ecd4655c416b
routing_nominal_history,routing_nominal_history:seed96100001:epoch30,30,19,validation,96300001,u_0.50,0.5,1215045011.3713906,0.6065768621236133,1011.0,0.058240396530359353,5ebbc98dbd907dd8005e5a079d53d37321acce7a607ef1d5b680ecd4655c416b
routing_nominal_history,routing_nominal_history:seed96100001:epoch30,30,19,validation,96300001,u_0.60,0.6,1207868976.694666,0.6097464342313788,1003.0,0.05397022332506204,5ebbc98dbd907dd8005e5a079d53d37321acce7a607ef1d5b680ecd4655c416b
routing_nominal_history,routing_nominal_history:seed96100001:epoch30,30,19,validation,96300001,u_0.70,0.7,1205156968.0577357,0.6121236133122029,999.0,0.052664188351920695,5ebbc98dbd907dd8005e5a079d53d37321acce7a607ef1d5b680ecd4655c416b
routing_nominal_history,routing_nominal_history:seed96100001:epoch30,30,19,validation,96300001,u_0.80,0.8,1184283310.0163302,0.6251980982567353,973.0,0.054136253041362534,5ebbc98dbd907dd8005e5a079d53d37321acce7a607ef1d5b680ecd4655c416b
routing_nominal_history,routing_nominal_history:seed96100001:epoch30,30,19,validation,96300001,u_0.90,0.9,1184557711.001933,0.6251980982567353,973.0,0.054136253041362534,5ebbc98dbd907dd8005e5a079d53d37321acce7a607ef1d5b680ecd4655c416b
routing_nominal_history,routing_nominal_history:seed96100001:epoch30,30,19,validation,96300001,u_1.00,1.0,1182985208.0250902,0.6311410459587956,968.0,0.054119061936259774,5ebbc98dbd907dd8005e5a079d53d37321acce7a607ef1d5b680ecd4655c416b
routing_nominal_history,routing_nominal_history:seed96100001:epoch30,30,19,validation,96300002,anchor,-1.0,1226768899.032821,0.5944700460829493,974.0,0.05385556915544676,5ebbc98dbd907dd8005e5a079d53d37321acce7a607ef1d5b680ecd4655c416b
routing_nominal_history,routing_nominal_history:seed96100001:epoch30,30,19,validation,96300002,u_0.00,0.0,1230152337.0934687,0.5902457757296466,978.0,0.05221130221130221,5ebbc98dbd907dd8005e5a079d53d37321acce7a607ef1d5b680ecd4655c416b
routing_nominal_history,routing_nominal_history:seed96100001:epoch30,30,19,validation,96300002,u_0.10,0.1,1230730826.3968039,0.5902457757296466,979.0,0.053406998158379376,5ebbc98dbd907dd8005e5a079d53d37321acce7a607ef1d5b680ecd4655c416b
routing_nominal_history,routing_nominal_history:seed96100001:epoch30,30,19,validation,96300002,u_0.20,0.2,1233087270.8292418,0.5925499231950845,982.0,0.05018587360594796,5ebbc98dbd907dd8005e5a079d53d37321acce7a607ef1d5b680ecd4655c416b
routing_nominal_history,routing_nominal_history:seed96100001:epoch30,30,19,validation,96300002,u_0.30,0.3,1227813945.4978044,0.5933179723502304,975.0,0.04691358024691358,5ebbc98dbd907dd8005e5a079d53d37321acce7a607ef1d5b680ecd4655c416b
routing_nominal_history,routing_nominal_history:seed96100001:epoch30,30,19,validation,96300002,u_0.40,0.4,1221000633.6795948,0.5975422427035331,965.0,0.04671173939766441,5ebbc98dbd907dd8005e5a079d53d37321acce7a607ef1d5b680ecd4655c416b
routing_nominal_history,routing_nominal_history:seed96100001:epoch30,30,19,validation,96300002,u_0.50,0.5,1217936398.5638747,0.6006144393241167,960.0,0.04715248009797918,5ebbc98dbd907dd8005e5a079d53d37321acce7a607ef1d5b680ecd4655c416b
routing_nominal_history,routing_nominal_history:seed96100001:epoch30,30,19,validation,96300002,u_0.60,0.6,1218775105.9170415,0.5990783410138248,963.0,0.048318042813455656,5ebbc98dbd907dd8005e5a079d53d37321acce7a607ef1d5b680ecd4655c416b
routing_nominal_history,routing_nominal_history:seed96100001:epoch30,30,19,validation,96300002,u_0.70,0.7,1216100289.8142004,0.6006144393241167,960.0,0.04822954822954823,5ebbc98dbd907dd8005e5a079d53d37321acce7a607ef1d5b680ecd4655c416b
routing_nominal_history,routing_nominal_history:seed96100001:epoch30,30,19,validation,96300002,u_0.80,0.8,1207470019.3916292,0.6056067588325653,950.0,0.04909090909090909,5ebbc98dbd907dd8005e5a079d53d37321acce7a607ef1d5b680ecd4655c416b
routing_nominal_history,routing_nominal_history:seed96100001:epoch30,30,19,validation,96300002,u_0.90,0.9,1207744420.3772323,0.6056067588325653,950.0,0.04909090909090909,5ebbc98dbd907dd8005e5a079d53d37321acce7a607ef1d5b680ecd4655c416b
routing_nominal_history,routing_nominal_history:seed96100001:epoch30,30,19,validation,96300002,u_1.00,1.0,1204978499.6476674,0.609062980030722,945.0,0.04954682779456193,5ebbc98dbd907dd8005e5a079d53d37321acce7a607ef1d5b680ecd4655c416b
routing_nominal_history,routing_nominal_history:seed96100001:epoch30,30,19,validation,96300003,anchor,-1.0,1545546252.6274834,0.5128032345013477,1295.0,0.06141439205955335,5ebbc98dbd907dd8005e5a079d53d37321acce7a607ef1d5b680ecd4655c416b
routing_nominal_history,routing_nominal_history:seed96100001:epoch30,30,19,validation,96300003,u_0.00,0.0,1550823000.0712128,0.5077493261455526,1302.0,0.06222775357809583,5ebbc98dbd907dd8005e5a079d53d37321acce7a607ef1d5b680ecd4655c416b
routing_nominal_history,routing_nominal_history:seed96100001:epoch30,30,19,validation,96300003,u_0.10,0.1,1550127530.3219569,0.5080862533692723,1300.0,0.06277190801740211,5ebbc98dbd907dd8005e5a079d53d37321acce7a607ef1d5b680ecd4655c416b
routing_nominal_history,routing_nominal_history:seed96100001:epoch30,30,19,validation,96300003,u_0.20,0.2,1548586258.007056,0.5111185983827493,1297.0,0.06002475247524752,5ebbc98dbd907dd8005e5a079d53d37321acce7a607ef1d5b680ecd4655c416b
routing_nominal_history,routing_nominal_history:seed96100001:epoch30,30,19,validation,96300003,u_0.30,0.3,1547664296.1788826,0.5117924528301887,1295.0,0.06056860321384425,5ebbc98dbd907dd8005e5a079d53d37321acce7a607ef1d5b680ecd4655c416b
routing_nominal_history,routing_nominal_history:seed96100001:epoch30,30,19,validation,96300003,u_0.40,0.4,1548227507.295597,0.5094339622641509,1297.0,0.06105919003115265,5ebbc98dbd907dd8005e5a079d53d37321acce7a607ef1d5b680ecd4655c416b
routing_nominal_history,routing_nominal_history:seed96100001:epoch30,30,19,validation,96300003,u_0.50,0.5,1543127910.0862849,0.512466307277628,1290.0,0.06083178150217256,5ebbc98dbd907dd8005e5a079d53d37321acce7a607ef1d5b680ecd4655c416b
routing_nominal_history,routing_nominal_history:seed96100001:epoch30,30,19,validation,96300003,u_0.60,0.6,1540231520.0887878,0.5138140161725068,1285.0,0.06002475247524752,5ebbc98dbd907dd8005e5a079d53d37321acce7a607ef1d5b680ecd4655c416b
routing_nominal_history,routing_nominal_history:seed96100001:epoch30,30,19,validation,96300003,u_0.70,0.7,1538146881.8742864,0.5154986522911051,1283.0,0.0592958616429895,5ebbc98dbd907dd8005e5a079d53d37321acce7a607ef1d5b680ecd4655c416b
routing_nominal_history,routing_nominal_history:seed96100001:epoch30,30,19,validation,96300003,u_0.80,0.8,1524582253.0904226,0.523921832884097,1266.0,0.06136087484811665,5ebbc98dbd907dd8005e5a079d53d37321acce7a607ef1d5b680ecd4655c416b
routing_nominal_history,routing_nominal_history:seed96100001:epoch30,30,19,validation,96300003,u_0.90,0.9,1524856654.0760255,0.523921832884097,1266.0,0.06136087484811665,5ebbc98dbd907dd8005e5a079d53d37321acce7a607ef1d5b680ecd4655c416b
routing_nominal_history,routing_nominal_history:seed96100001:epoch30,30,19,validation,96300003,u_1.00,1.0,1524377191.4143546,0.5249326145552561,1269.0,0.06090133982947625,5ebbc98dbd907dd8005e5a079d53d37321acce7a607ef1d5b680ecd4655c416b
routing_nominal_history,routing_nominal_history:seed96100001:epoch30,30,19,validation,96300004,anchor,-1.0,1177109622.823843,0.6132596685082873,955.0,0.056138186304750155,5ebbc98dbd907dd8005e5a079d53d37321acce7a607ef1d5b680ecd4655c416b
routing_nominal_history,routing_nominal_history:seed96100001:epoch30,30,19,validation,96300004,u_0.00,0.0,1187359549.701454,0.6049723756906077,970.0,0.060099132589838906,5ebbc98dbd907dd8005e5a079d53d37321acce7a607ef1d5b680ecd4655c416b
routing_nominal_history,routing_nominal_history:seed96100001:epoch30,30,19,validation,96300004,u_0.10,0.1,1192608216.91184,0.5974743488555643,972.0,0.06073888541014402,5ebbc98dbd907dd8005e5a079d53d37321acce7a607ef1d5b680ecd4655c416b
routing_nominal_history,routing_nominal_history:seed96100001:epoch30,30,19,validation,96300004,u_0.20,0.2,1196756732.25533,0.5947119179163378,979.0,0.05911949685534591,5ebbc98dbd907dd8005e5a079d53d37321acce7a607ef1d5b680ecd4655c416b
routing_nominal_history,routing_nominal_history:seed96100001:epoch30,30,19,validation,96300004,u_0.30,0.3,1188815109.4740772,0.6002367797947908,970.0,0.05871330418488445,5ebbc98dbd907dd8005e5a079d53d37321acce7a607ef1d5b680ecd4655c416b
routing_nominal_history,routing_nominal_history:seed96100001:epoch30,30,19,validation,96300004,u_0.40,0.4,1188892271.428609,0.5994475138121547,969.0,0.059006211180124224,5ebbc98dbd907dd8005e5a079d53d37321acce7a607ef1d5b680ecd4655c416b
routing_nominal_history,routing_nominal_history:seed96100001:epoch30,30,19,validation,96300004,u_0.50,0.5,1185279067.1599782,0.6029992107340174,965.0,0.05998763141620284,5ebbc98dbd907dd8005e5a079d53d37321acce7a607ef1d5b680ecd4655c416b
routing_nominal_history,routing_nominal_history:seed96100001:epoch30,30,19,validation,96300004,u_0.60,0.6,1182132770.1679404,0.6057616416732439,963.0,0.05925925925925926,5ebbc98dbd907dd8005e5a079d53d37321acce7a607ef1d5b680ecd4655c416b
routing_nominal_history,routing_nominal_history:seed96100001:epoch30,30,19,validation,96300004,u_0.70,0.7,1177445776.3823683,0.6093133385951065,958.0,0.05672009864364982,5ebbc98dbd907dd8005e5a079d53d37321acce7a607ef1d5b680ecd4655c416b
routing_nominal_history,routing_nominal_history:seed96100001:epoch30,30,19,validation,96300004,u_0.80,0.8,1152172039.2281187,0.6250986582478295,935.0,0.056397816858702245,5ebbc98dbd907dd8005e5a079d53d37321acce7a607ef1d5b680ecd4655c416b
routing_nominal_history,routing_nominal_history:seed96100001:epoch30,30,19,validation,96300004,u_0.90,0.9,1152446440.213722,0.6250986582478295,935.0,0.056397816858702245,5ebbc98dbd907dd8005e5a079d53d37321acce7a607ef1d5b680ecd4655c416b
routing_nominal_history,routing_nominal_history:seed96100001:epoch30,30,19,validation,96300004,u_1.00,1.0,1142361743.8730888,0.6298342541436464,924.0,0.056422569027611044,5ebbc98dbd907dd8005e5a079d53d37321acce7a607ef1d5b680ecd4655c416b
routing_nominal_history,routing_nominal_history:seed96100001:epoch55,55,17,discovery,96200000,anchor,-1.0,62333619.32290144,0.6571428571428571,65.0,0.02666666666666667,5ebbc98dbd907dd8005e5a079d53d37321acce7a607ef1d5b680ecd4655c416b
routing_nominal_history,routing_nominal_history:seed96100001:epoch55,55,17,discovery,96200000,u_0.00,0.0,63383974.5847808,0.6571428571428571,66.0,0.03508771929824561,5ebbc98dbd907dd8005e5a079d53d37321acce7a607ef1d5b680ecd4655c416b
routing_nominal_history,routing_nominal_history:seed96100001:epoch55,55,17,discovery,96200000,u_0.10,0.1,62917753.656791046,0.6571428571428571,65.0,0.03333333333333333,5ebbc98dbd907dd8005e5a079d53d37321acce7a607ef1d5b680ecd4655c416b
routing_nominal_history,routing_nominal_history:seed96100001:epoch55,55,17,discovery,96200000,u_0.20,0.2,62898553.90546861,0.6571428571428571,65.0,0.03125,5ebbc98dbd907dd8005e5a079d53d37321acce7a607ef1d5b680ecd4655c416b
routing_nominal_history,routing_nominal_history:seed96100001:epoch55,55,17,discovery,96200000,u_0.30,0.3,61767348.31480539,0.6571428571428571,63.0,0.029850746268656716,5ebbc98dbd907dd8005e5a079d53d37321acce7a607ef1d5b680ecd4655c416b
routing_nominal_history,routing_nominal_history:seed96100001:epoch55,55,17,discovery,96200000,u_0.40,0.4,61703386.91645011,0.6571428571428571,63.0,0.028169014084507043,5ebbc98dbd907dd8005e5a079d53d37321acce7a607ef1d5b680ecd4655c416b
routing_nominal_history,routing_nominal_history:seed96100001:epoch55,55,17,discovery,96200000,u_0.50,0.5,60306489.31862646,0.6571428571428571,61.0,0.02531645569620253,5ebbc98dbd907dd8005e5a079d53d37321acce7a607ef1d5b680ecd4655c416b
routing_nominal_history,routing_nominal_history:seed96100001:epoch55,55,17,discovery,96200000,u_0.60,0.6,60278203.921334416,0.6571428571428571,61.0,0.024096385542168676,5ebbc98dbd907dd8005e5a079d53d37321acce7a607ef1d5b680ecd4655c416b
routing_nominal_history,routing_nominal_history:seed96100001:epoch55,55,17,discovery,96200000,u_0.70,0.7,60167482.92457399,0.6571428571428571,61.0,0.022727272727272728,5ebbc98dbd907dd8005e5a079d53d37321acce7a607ef1d5b680ecd4655c416b
routing_nominal_history,routing_nominal_history:seed96100001:epoch55,55,17,discovery,96200000,u_0.80,0.8,60074326.34454304,0.6571428571428571,61.0,0.02127659574468085,5ebbc98dbd907dd8005e5a079d53d37321acce7a607ef1d5b680ecd4655c416b
routing_nominal_history,routing_nominal_history:seed96100001:epoch55,55,17,discovery,96200000,u_0.90,0.9,60300649.33264798,0.6571428571428571,61.0,0.02127659574468085,5ebbc98dbd907dd8005e5a079d53d37321acce7a607ef1d5b680ecd4655c416b
routing_nominal_history,routing_nominal_history:seed96100001:epoch55,55,17,discovery,96200000,u_1.00,1.0,59966800.718626454,0.6571428571428571,61.0,0.01904761904761905,5ebbc98dbd907dd8005e5a079d53d37321acce7a607ef1d5b680ecd4655c416b
routing_nominal_history,routing_nominal_history:seed96100001:epoch55,55,17,discovery,96200001,anchor,-1.0,62333619.32290144,0.6571428571428571,65.0,0.02666666666666667,5ebbc98dbd907dd8005e5a079d53d37321acce7a607ef1d5b680ecd4655c416b
routing_nominal_history,routing_nominal_history:seed96100001:epoch55,55,17,discovery,96200001,u_0.00,0.0,63383974.5847808,0.6571428571428571,66.0,0.03508771929824561,5ebbc98dbd907dd8005e5a079d53d37321acce7a607ef1d5b680ecd4655c416b
routing_nominal_history,routing_nominal_history:seed96100001:epoch55,55,17,discovery,96200001,u_0.10,0.1,62917753.656791046,0.6571428571428571,65.0,0.03333333333333333,5ebbc98dbd907dd8005e5a079d53d37321acce7a607ef1d5b680ecd4655c416b
routing_nominal_history,routing_nominal_history:seed96100001:epoch55,55,17,discovery,96200001,u_0.20,0.2,62898553.90546861,0.6571428571428571,65.0,0.03125,5ebbc98dbd907dd8005e5a079d53d37321acce7a607ef1d5b680ecd4655c416b
routing_nominal_history,routing_nominal_history:seed96100001:epoch55,55,17,discovery,96200001,u_0.30,0.3,61767348.31480539,0.6571428571428571,63.0,0.029850746268656716,5ebbc98dbd907dd8005e5a079d53d37321acce7a607ef1d5b680ecd4655c416b
routing_nominal_history,routing_nominal_history:seed96100001:epoch55,55,17,discovery,96200001,u_0.40,0.4,61703386.91645011,0.6571428571428571,63.0,0.028169014084507043,5ebbc98dbd907dd8005e5a079d53d37321acce7a607ef1d5b680ecd4655c416b
routing_nominal_history,routing_nominal_history:seed96100001:epoch55,55,17,discovery,96200001,u_0.50,0.5,60306489.31862646,0.6571428571428571,61.0,0.02531645569620253,5ebbc98dbd907dd8005e5a079d53d37321acce7a607ef1d5b680ecd4655c416b
routing_nominal_history,routing_nominal_history:seed96100001:epoch55,55,17,discovery,96200001,u_0.60,0.6,60278203.921334416,0.6571428571428571,61.0,0.024096385542168676,5ebbc98dbd907dd8005e5a079d53d37321acce7a607ef1d5b680ecd4655c416b
routing_nominal_history,routing_nominal_history:seed96100001:epoch55,55,17,discovery,96200001,u_0.70,0.7,60167482.92457399,0.6571428571428571,61.0,0.022727272727272728,5ebbc98dbd907dd8005e5a079d53d37321acce7a607ef1d5b680ecd4655c416b
routing_nominal_history,routing_nominal_history:seed96100001:epoch55,55,17,discovery,96200001,u_0.80,0.8,60074326.34454304,0.6571428571428571,61.0,0.02127659574468085,5ebbc98dbd907dd8005e5a079d53d37321acce7a607ef1d5b680ecd4655c416b
routing_nominal_history,routing_nominal_history:seed96100001:epoch55,55,17,discovery,96200001,u_0.90,0.9,60300649.33264798,0.6571428571428571,61.0,0.02127659574468085,5ebbc98dbd907dd8005e5a079d53d37321acce7a607ef1d5b680ecd4655c416b
routing_nominal_history,routing_nominal_history:seed96100001:epoch55,55,17,discovery,96200001,u_1.00,1.0,59966800.718626454,0.6571428571428571,61.0,0.01904761904761905,5ebbc98dbd907dd8005e5a079d53d37321acce7a607ef1d5b680ecd4655c416b
routing_nominal_history,routing_nominal_history:seed96100001:epoch55,55,17,discovery,96200002,anchor,-1.0,62333619.32290144,0.6571428571428571,65.0,0.02666666666666667,5ebbc98dbd907dd8005e5a079d53d37321acce7a607ef1d5b680ecd4655c416b
routing_nominal_history,routing_nominal_history:seed96100001:epoch55,55,17,discovery,96200002,u_0.00,0.0,63383974.5847808,0.6571428571428571,66.0,0.03508771929824561,5ebbc98dbd907dd8005e5a079d53d37321acce7a607ef1d5b680ecd4655c416b
routing_nominal_history,routing_nominal_history:seed96100001:epoch55,55,17,discovery,96200002,u_0.10,0.1,62917753.656791046,0.6571428571428571,65.0,0.03333333333333333,5ebbc98dbd907dd8005e5a079d53d37321acce7a607ef1d5b680ecd4655c416b
routing_nominal_history,routing_nominal_history:seed96100001:epoch55,55,17,discovery,96200002,u_0.20,0.2,62898553.90546861,0.6571428571428571,65.0,0.03125,5ebbc98dbd907dd8005e5a079d53d37321acce7a607ef1d5b680ecd4655c416b
routing_nominal_history,routing_nominal_history:seed96100001:epoch55,55,17,discovery,96200002,u_0.30,0.3,61767348.31480539,0.6571428571428571,63.0,0.029850746268656716,5ebbc98dbd907dd8005e5a079d53d37321acce7a607ef1d5b680ecd4655c416b
routing_nominal_history,routing_nominal_history:seed96100001:epoch55,55,17,discovery,96200002,u_0.40,0.4,61703386.91645011,0.6571428571428571,63.0,0.028169014084507043,5ebbc98dbd907dd8005e5a079d53d37321acce7a607ef1d5b680ecd4655c416b
routing_nominal_history,routing_nominal_history:seed96100001:epoch55,55,17,discovery,96200002,u_0.50,0.5,60306489.31862646,0.6571428571428571,61.0,0.02531645569620253,5ebbc98dbd907dd8005e5a079d53d37321acce7a607ef1d5b680ecd4655c416b
routing_nominal_history,routing_nominal_history:seed96100001:epoch55,55,17,discovery,96200002,u_0.60,0.6,60278203.921334416,0.6571428571428571,61.0,0.024096385542168676,5ebbc98dbd907dd8005e5a079d53d37321acce7a607ef1d5b680ecd4655c416b
routing_nominal_history,routing_nominal_history:seed96100001:epoch55,55,17,discovery,96200002,u_0.70,0.7,60167482.92457399,0.6571428571428571,61.0,0.022727272727272728,5ebbc98dbd907dd8005e5a079d53d37321acce7a607ef1d5b680ecd4655c416b
routing_nominal_history,routing_nominal_history:seed96100001:epoch55,55,17,discovery,96200002,u_0.80,0.8,60074326.34454304,0.6571428571428571,61.0,0.02127659574468085,5ebbc98dbd907dd8005e5a079d53d37321acce7a607ef1d5b680ecd4655c416b
routing_nominal_history,routing_nominal_history:seed96100001:epoch55,55,17,discovery,96200002,u_0.90,0.9,60300649.33264798,0.6571428571428571,61.0,0.02127659574468085,5ebbc98dbd907dd8005e5a079d53d37321acce7a607ef1d5b680ecd4655c416b
routing_nominal_history,routing_nominal_history:seed96100001:epoch55,55,17,discovery,96200002,u_1.00,1.0,59966800.718626454,0.6571428571428571,61.0,0.01904761904761905,5ebbc98dbd907dd8005e5a079d53d37321acce7a607ef1d5b680ecd4655c416b
routing_nominal_history,routing_nominal_history:seed96100001:epoch55,55,17,validation,96300000,anchor,-1.0,62333619.32290144,0.6571428571428571,65.0,0.02666666666666667,5ebbc98dbd907dd8005e5a079d53d37321acce7a607ef1d5b680ecd4655c416b
routing_nominal_history,routing_nominal_history:seed96100001:epoch55,55,17,validation,96300000,u_0.00,0.0,63383974.5847808,0.6571428571428571,66.0,0.03508771929824561,5ebbc98dbd907dd8005e5a079d53d37321acce7a607ef1d5b680ecd4655c416b
routing_nominal_history,routing_nominal_history:seed96100001:epoch55,55,17,validation,96300000,u_0.10,0.1,62917753.656791046,0.6571428571428571,65.0,0.03333333333333333,5ebbc98dbd907dd8005e5a079d53d37321acce7a607ef1d5b680ecd4655c416b
routing_nominal_history,routing_nominal_history:seed96100001:epoch55,55,17,validation,96300000,u_0.20,0.2,62898553.90546861,0.6571428571428571,65.0,0.03125,5ebbc98dbd907dd8005e5a079d53d37321acce7a607ef1d5b680ecd4655c416b
routing_nominal_history,routing_nominal_history:seed96100001:epoch55,55,17,validation,96300000,u_0.30,0.3,61767348.31480539,0.6571428571428571,63.0,0.029850746268656716,5ebbc98dbd907dd8005e5a079d53d37321acce7a607ef1d5b680ecd4655c416b
routing_nominal_history,routing_nominal_history:seed96100001:epoch55,55,17,validation,96300000,u_0.40,0.4,61703386.91645011,0.6571428571428571,63.0,0.028169014084507043,5ebbc98dbd907dd8005e5a079d53d37321acce7a607ef1d5b680ecd4655c416b
routing_nominal_history,routing_nominal_history:seed96100001:epoch55,55,17,validation,96300000,u_0.50,0.5,60306489.31862646,0.6571428571428571,61.0,0.02531645569620253,5ebbc98dbd907dd8005e5a079d53d37321acce7a607ef1d5b680ecd4655c416b
routing_nominal_history,routing_nominal_history:seed96100001:epoch55,55,17,validation,96300000,u_0.60,0.6,60278203.921334416,0.6571428571428571,61.0,0.024096385542168676,5ebbc98dbd907dd8005e5a079d53d37321acce7a607ef1d5b680ecd4655c416b
routing_nominal_history,routing_nominal_history:seed96100001:epoch55,55,17,validation,96300000,u_0.70,0.7,60167482.92457399,0.6571428571428571,61.0,0.022727272727272728,5ebbc98dbd907dd8005e5a079d53d37321acce7a607ef1d5b680ecd4655c416b
routing_nominal_history,routing_nominal_history:seed96100001:epoch55,55,17,validation,96300000,u_0.80,0.8,60074326.34454304,0.6571428571428571,61.0,0.02127659574468085,5ebbc98dbd907dd8005e5a079d53d37321acce7a607ef1d5b680ecd4655c416b
routing_nominal_history,routing_nominal_history:seed96100001:epoch55,55,17,validation,96300000,u_0.90,0.9,60300649.33264798,0.6571428571428571,61.0,0.02127659574468085,5ebbc98dbd907dd8005e5a079d53d37321acce7a607ef1d5b680ecd4655c416b
routing_nominal_history,routing_nominal_history:seed96100001:epoch55,55,17,validation,96300000,u_1.00,1.0,59966800.718626454,0.6571428571428571,61.0,0.01904761904761905,5ebbc98dbd907dd8005e5a079d53d37321acce7a607ef1d5b680ecd4655c416b
routing_nominal_history,routing_nominal_history:seed96100001:epoch55,55,17,validation,96300001,anchor,-1.0,62333619.32290144,0.6571428571428571,65.0,0.02666666666666667,5ebbc98dbd907dd8005e5a079d53d37321acce7a607ef1d5b680ecd4655c416b
routing_nominal_history,routing_nominal_history:seed96100001:epoch55,55,17,validation,96300001,u_0.00,0.0,63383974.5847808,0.6571428571428571,66.0,0.03508771929824561,5ebbc98dbd907dd8005e5a079d53d37321acce7a607ef1d5b680ecd4655c416b
routing_nominal_history,routing_nominal_history:seed96100001:epoch55,55,17,validation,96300001,u_0.10,0.1,62917753.656791046,0.6571428571428571,65.0,0.03333333333333333,5ebbc98dbd907dd8005e5a079d53d37321acce7a607ef1d5b680ecd4655c416b
routing_nominal_history,routing_nominal_history:seed96100001:epoch55,55,17,validation,96300001,u_0.20,0.2,62898553.90546861,0.6571428571428571,65.0,0.03125,5ebbc98dbd907dd8005e5a079d53d37321acce7a607ef1d5b680ecd4655c416b
routing_nominal_history,routing_nominal_history:seed96100001:epoch55,55,17,validation,96300001,u_0.30,0.3,61767348.31480539,0.6571428571428571,63.0,0.029850746268656716,5ebbc98dbd907dd8005e5a079d53d37321acce7a607ef1d5b680ecd4655c416b
routing_nominal_history,routing_nominal_history:seed96100001:epoch55,55,17,validation,96300001,u_0.40,0.4,61703386.91645011,0.6571428571428571,63.0,0.028169014084507043,5ebbc98dbd907dd8005e5a079d53d37321acce7a607ef1d5b680ecd4655c416b
routing_nominal_history,routing_nominal_history:seed96100001:epoch55,55,17,validation,96300001,u_0.50,0.5,60306489.31862646,0.6571428571428571,61.0,0.02531645569620253,5ebbc98dbd907dd8005e5a079d53d37321acce7a607ef1d5b680ecd4655c416b
routing_nominal_history,routing_nominal_history:seed96100001:epoch55,55,17,validation,96300001,u_0.60,0.6,60278203.921334416,0.6571428571428571,61.0,0.024096385542168676,5ebbc98dbd907dd8005e5a079d53d37321acce7a607ef1d5b680ecd4655c416b
routing_nominal_history,routing_nominal_history:seed96100001:epoch55,55,17,validation,96300001,u_0.70,0.7,60167482.92457399,0.6571428571428571,61.0,0.022727272727272728,5ebbc98dbd907dd8005e5a079d53d37321acce7a607ef1d5b680ecd4655c416b
routing_nominal_history,routing_nominal_history:seed96100001:epoch55,55,17,validation,96300001,u_0.80,0.8,60074326.34454304,0.6571428571428571,61.0,0.02127659574468085,5ebbc98dbd907dd8005e5a079d53d37321acce7a607ef1d5b680ecd4655c416b
routing_nominal_history,routing_nominal_history:seed96100001:epoch55,55,17,validation,96300001,u_0.90,0.9,60300649.33264798,0.6571428571428571,61.0,0.02127659574468085,5ebbc98dbd907dd8005e5a079d53d37321acce7a607ef1d5b680ecd4655c416b
routing_nominal_history,routing_nominal_history:seed96100001:epoch55,55,17,validation,96300001,u_1.00,1.0,59966800.718626454,0.6571428571428571,61.0,0.01904761904761905,5ebbc98dbd907dd8005e5a079d53d37321acce7a607ef1d5b680ecd4655c416b
routing_nominal_history,routing_nominal_history:seed96100001:epoch55,55,17,validation,96300002,anchor,-1.0,62333619.32290144,0.6571428571428571,65.0,0.02666666666666667,5ebbc98dbd907dd8005e5a079d53d37321acce7a607ef1d5b680ecd4655c416b
routing_nominal_history,routing_nominal_history:seed96100001:epoch55,55,17,validation,96300002,u_0.00,0.0,63383974.5847808,0.6571428571428571,66.0,0.03508771929824561,5ebbc98dbd907dd8005e5a079d53d37321acce7a607ef1d5b680ecd4655c416b
routing_nominal_history,routing_nominal_history:seed96100001:epoch55,55,17,validation,96300002,u_0.10,0.1,62917753.656791046,0.6571428571428571,65.0,0.03333333333333333,5ebbc98dbd907dd8005e5a079d53d37321acce7a607ef1d5b680ecd4655c416b
routing_nominal_history,routing_nominal_history:seed96100001:epoch55,55,17,validation,96300002,u_0.20,0.2,62898553.90546861,0.6571428571428571,65.0,0.03125,5ebbc98dbd907dd8005e5a079d53d37321acce7a607ef1d5b680ecd4655c416b
routing_nominal_history,routing_nominal_history:seed96100001:epoch55,55,17,validation,96300002,u_0.30,0.3,61767348.31480539,0.6571428571428571,63.0,0.029850746268656716,5ebbc98dbd907dd8005e5a079d53d37321acce7a607ef1d5b680ecd4655c416b
routing_nominal_history,routing_nominal_history:seed96100001:epoch55,55,17,validation,96300002,u_0.40,0.4,61703386.91645011,0.6571428571428571,63.0,0.028169014084507043,5ebbc98dbd907dd8005e5a079d53d37321acce7a607ef1d5b680ecd4655c416b
routing_nominal_history,routing_nominal_history:seed96100001:epoch55,55,17,validation,96300002,u_0.50,0.5,60306489.31862646,0.6571428571428571,61.0,0.02531645569620253,5ebbc98dbd907dd8005e5a079d53d37321acce7a607ef1d5b680ecd4655c416b
routing_nominal_history,routing_nominal_history:seed96100001:epoch55,55,17,validation,96300002,u_0.60,0.6,60278203.921334416,0.6571428571428571,61.0,0.024096385542168676,5ebbc98dbd907dd8005e5a079d53d37321acce7a607ef1d5b680ecd4655c416b
routing_nominal_history,routing_nominal_history:seed96100001:epoch55,55,17,validation,96300002,u_0.70,0.7,60167482.92457399,0.6571428571428571,61.0,0.022727272727272728,5ebbc98dbd907dd8005e5a079d53d37321acce7a607ef1d5b680ecd4655c416b
routing_nominal_history,routing_nominal_history:seed96100001:epoch55,55,17,validation,96300002,u_0.80,0.8,60074326.34454304,0.6571428571428571,61.0,0.02127659574468085,5ebbc98dbd907dd8005e5a079d53d37321acce7a607ef1d5b680ecd4655c416b
routing_nominal_history,routing_nominal_history:seed96100001:epoch55,55,17,validation,96300002,u_0.90,0.9,60300649.33264798,0.6571428571428571,61.0,0.02127659574468085,5ebbc98dbd907dd8005e5a079d53d37321acce7a607ef1d5b680ecd4655c416b
routing_nominal_history,routing_nominal_history:seed96100001:epoch55,55,17,validation,96300002,u_1.00,1.0,59966800.718626454,0.6571428571428571,61.0,0.01904761904761905,5ebbc98dbd907dd8005e5a079d53d37321acce7a607ef1d5b680ecd4655c416b
routing_nominal_history,routing_nominal_history:seed96100001:epoch55,55,17,validation,96300003,anchor,-1.0,62333619.32290144,0.6571428571428571,65.0,0.02666666666666667,5ebbc98dbd907dd8005e5a079d53d37321acce7a607ef1d5b680ecd4655c416b
routing_nominal_history,routing_nominal_history:seed96100001:epoch55,55,17,validation,96300003,u_0.00,0.0,63383974.5847808,0.6571428571428571,66.0,0.03508771929824561,5ebbc98dbd907dd8005e5a079d53d37321acce7a607ef1d5b680ecd4655c416b
routing_nominal_history,routing_nominal_history:seed96100001:epoch55,55,17,validation,96300003,u_0.10,0.1,62917753.656791046,0.6571428571428571,65.0,0.03333333333333333,5ebbc98dbd907dd8005e5a079d53d37321acce7a607ef1d5b680ecd4655c416b
routing_nominal_history,routing_nominal_history:seed96100001:epoch55,55,17,validation,96300003,u_0.20,0.2,62898553.90546861,0.6571428571428571,65.0,0.03125,5ebbc98dbd907dd8005e5a079d53d37321acce7a607ef1d5b680ecd4655c416b
routing_nominal_history,routing_nominal_history:seed96100001:epoch55,55,17,validation,96300003,u_0.30,0.3,61767348.31480539,0.6571428571428571,63.0,0.029850746268656716,5ebbc98dbd907dd8005e5a079d53d37321acce7a607ef1d5b680ecd4655c416b
routing_nominal_history,routing_nominal_history:seed96100001:epoch55,55,17,validation,96300003,u_0.40,0.4,61703386.91645011,0.6571428571428571,63.0,0.028169014084507043,5ebbc98dbd907dd8005e5a079d53d37321acce7a607ef1d5b680ecd4655c416b
routing_nominal_history,routing_nominal_history:seed96100001:epoch55,55,17,validation,96300003,u_0.50,0.5,60306489.31862646,0.6571428571428571,61.0,0.02531645569620253,5ebbc98dbd907dd8005e5a079d53d37321acce7a607ef1d5b680ecd4655c416b
routing_nominal_history,routing_nominal_history:seed96100001:epoch55,55,17,validation,96300003,u_0.60,0.6,60278203.921334416,0.6571428571428571,61.0,0.024096385542168676,5ebbc98dbd907dd8005e5a079d53d37321acce7a607ef1d5b680ecd4655c416b
routing_nominal_history,routing_nominal_history:seed96100001:epoch55,55,17,validation,96300003,u_0.70,0.7,60167482.92457399,0.6571428571428571,61.0,0.022727272727272728,5ebbc98dbd907dd8005e5a079d53d37321acce7a607ef1d5b680ecd4655c416b
routing_nominal_history,routing_nominal_history:seed96100001:epoch55,55,17,validation,96300003,u_0.80,0.8,60074326.34454304,0.6571428571428571,61.0,0.02127659574468085,5ebbc98dbd907dd8005e5a079d53d37321acce7a607ef1d5b680ecd4655c416b
routing_nominal_history,routing_nominal_history:seed96100001:epoch55,55,17,validation,96300003,u_0.90,0.9,60300649.33264798,0.6571428571428571,61.0,0.02127659574468085,5ebbc98dbd907dd8005e5a079d53d37321acce7a607ef1d5b680ecd4655c416b
routing_nominal_history,routing_nominal_history:seed96100001:epoch55,55,17,validation,96300003,u_1.00,1.0,59966800.718626454,0.6571428571428571,61.0,0.01904761904761905,5ebbc98dbd907dd8005e5a079d53d37321acce7a607ef1d5b680ecd4655c416b
routing_nominal_history,routing_nominal_history:seed96100001:epoch55,55,17,validation,96300004,anchor,-1.0,62333619.32290144,0.6571428571428571,65.0,0.02666666666666667,5ebbc98dbd907dd8005e5a079d53d37321acce7a607ef1d5b680ecd4655c416b
routing_nominal_history,routing_nominal_history:seed96100001:epoch55,55,17,validation,96300004,u_0.00,0.0,63383974.5847808,0.6571428571428571,66.0,0.03508771929824561,5ebbc98dbd907dd8005e5a079d53d37321acce7a607ef1d5b680ecd4655c416b
routing_nominal_history,routing_nominal_history:seed96100001:epoch55,55,17,validation,96300004,u_0.10,0.1,62917753.656791046,0.6571428571428571,65.0,0.03333333333333333,5ebbc98dbd907dd8005e5a079d53d37321acce7a607ef1d5b680ecd4655c416b
routing_nominal_history,routing_nominal_history:seed96100001:epoch55,55,17,validation,96300004,u_0.20,0.2,62898553.90546861,0.6571428571428571,65.0,0.03125,5ebbc98dbd907dd8005e5a079d53d37321acce7a607ef1d5b680ecd4655c416b
routing_nominal_history,routing_nominal_history:seed96100001:epoch55,55,17,validation,96300004,u_0.30,0.3,61767348.31480539,0.6571428571428571,63.0,0.029850746268656716,5ebbc98dbd907dd8005e5a079d53d37321acce7a607ef1d5b680ecd4655c416b
routing_nominal_history,routing_nominal_history:seed96100001:epoch55,55,17,validation,96300004,u_0.40,0.4,61703386.91645011,0.6571428571428571,63.0,0.028169014084507043,5ebbc98dbd907dd8005e5a079d53d37321acce7a607ef1d5b680ecd4655c416b
routing_nominal_history,routing_nominal_history:seed96100001:epoch55,55,17,validation,96300004,u_0.50,0.5,60306489.31862646,0.6571428571428571,61.0,0.02531645569620253,5ebbc98dbd907dd8005e5a079d53d37321acce7a607ef1d5b680ecd4655c416b
routing_nominal_history,routing_nominal_history:seed96100001:epoch55,55,17,validation,96300004,u_0.60,0.6,60278203.921334416,0.6571428571428571,61.0,0.024096385542168676,5ebbc98dbd907dd8005e5a079d53d37321acce7a607ef1d5b680ecd4655c416b
routing_nominal_history,routing_nominal_history:seed96100001:epoch55,55,17,validation,96300004,u_0.70,0.7,60167482.92457399,0.6571428571428571,61.0,0.022727272727272728,5ebbc98dbd907dd8005e5a079d53d37321acce7a607ef1d5b680ecd4655c416b
routing_nominal_history,routing_nominal_history:seed96100001:epoch55,55,17,validation,96300004,u_0.80,0.8,60074326.34454304,0.6571428571428571,61.0,0.02127659574468085,5ebbc98dbd907dd8005e5a079d53d37321acce7a607ef1d5b680ecd4655c416b
routing_nominal_history,routing_nominal_history:seed96100001:epoch55,55,17,validation,96300004,u_0.90,0.9,60300649.33264798,0.6571428571428571,61.0,0.02127659574468085,5ebbc98dbd907dd8005e5a079d53d37321acce7a607ef1d5b680ecd4655c416b
routing_nominal_history,routing_nominal_history:seed96100001:epoch55,55,17,validation,96300004,u_1.00,1.0,59966800.718626454,0.6571428571428571,61.0,0.01904761904761905,5ebbc98dbd907dd8005e5a079d53d37321acce7a607ef1d5b680ecd4655c416b
routing_nominal_history,routing_nominal_history:seed96100001:epoch80,80,19,discovery,96200000,anchor,-1.0,80744314.32779002,0.58,73.0,0.09195402298850575,5ebbc98dbd907dd8005e5a079d53d37321acce7a607ef1d5b680ecd4655c416b
routing_nominal_history,routing_nominal_history:seed96100001:epoch80,80,19,discovery,96200000,u_0.00,0.0,83709076.7302304,0.58,78.0,0.12903225806451613,5ebbc98dbd907dd8005e5a079d53d37321acce7a607ef1d5b680ecd4655c416b
routing_nominal_history,routing_nominal_history:seed96100001:epoch80,80,19,discovery,96200000,u_0.10,0.1,83783229.71018314,0.58,78.0,0.125,5ebbc98dbd907dd8005e5a079d53d37321acce7a607ef1d5b680ecd4655c416b
routing_nominal_history,routing_nominal_history:seed96100001:epoch80,80,19,discovery,96200000,u_0.20,0.2,83783631.98130095,0.58,78.0,0.11764705882352941,5ebbc98dbd907dd8005e5a079d53d37321acce7a607ef1d5b680ecd4655c416b
routing_nominal_history,routing_nominal_history:seed96100001:epoch80,80,19,discovery,96200000,u_0.30,0.3,83775790.59245089,0.58,78.0,0.1111111111111111,5ebbc98dbd907dd8005e5a079d53d37321acce7a607ef1d5b680ecd4655c416b
routing_nominal_history,routing_nominal_history:seed96100001:epoch80,80,19,discovery,96200000,u_0.40,0.4,82639887.39441803,0.58,76.0,0.10526315789473684,5ebbc98dbd907dd8005e5a079d53d37321acce7a607ef1d5b680ecd4655c416b
routing_nominal_history,routing_nominal_history:seed96100001:epoch80,80,19,discovery,96200000,u_0.50,0.5,82399489.997038,0.58,76.0,0.09411764705882353,5ebbc98dbd907dd8005e5a079d53d37321acce7a607ef1d5b680ecd4655c416b
routing_nominal_history,routing_nominal_history:seed96100001:epoch80,80,19,discovery,96200000,u_0.60,0.6,82457366.60031083,0.58,76.0,0.0898876404494382,5ebbc98dbd907dd8005e5a079d53d37321acce7a607ef1d5b680ecd4655c416b
routing_nominal_history,routing_nominal_history:seed96100001:epoch80,80,19,discovery,96200000,u_0.70,0.7,80798412.4001258,0.58,73.0,0.08421052631578947,5ebbc98dbd907dd8005e5a079d53d37321acce7a607ef1d5b680ecd4655c416b
routing_nominal_history,routing_nominal_history:seed96100001:epoch80,80,19,discovery,96200000,u_0.80,0.8,80300001.91534054,0.58,72.0,0.07920792079207921,5ebbc98dbd907dd8005e5a079d53d37321acce7a607ef1d5b680ecd4655c416b
routing_nominal_history,routing_nominal_history:seed96100001:epoch80,80,19,discovery,96200000,u_0.90,0.9,79974289.40094352,0.58,71.0,0.0784313725490196,5ebbc98dbd907dd8005e5a079d53d37321acce7a607ef1d5b680ecd4655c416b
routing_nominal_history,routing_nominal_history:seed96100001:epoch80,80,19,discovery,96200000,u_1.00,1.0,79268308.48393509,0.58,70.0,0.07142857142857142,5ebbc98dbd907dd8005e5a079d53d37321acce7a607ef1d5b680ecd4655c416b
routing_nominal_history,routing_nominal_history:seed96100001:epoch80,80,19,discovery,96200001,anchor,-1.0,80744314.32779002,0.58,73.0,0.09195402298850575,5ebbc98dbd907dd8005e5a079d53d37321acce7a607ef1d5b680ecd4655c416b
routing_nominal_history,routing_nominal_history:seed96100001:epoch80,80,19,discovery,96200001,u_0.00,0.0,83709076.7302304,0.58,78.0,0.12903225806451613,5ebbc98dbd907dd8005e5a079d53d37321acce7a607ef1d5b680ecd4655c416b
routing_nominal_history,routing_nominal_history:seed96100001:epoch80,80,19,discovery,96200001,u_0.10,0.1,83783229.71018314,0.58,78.0,0.125,5ebbc98dbd907dd8005e5a079d53d37321acce7a607ef1d5b680ecd4655c416b
routing_nominal_history,routing_nominal_history:seed96100001:epoch80,80,19,discovery,96200001,u_0.20,0.2,83783631.98130095,0.58,78.0,0.11764705882352941,5ebbc98dbd907dd8005e5a079d53d37321acce7a607ef1d5b680ecd4655c416b
routing_nominal_history,routing_nominal_history:seed96100001:epoch80,80,19,discovery,96200001,u_0.30,0.3,83775790.59245089,0.58,78.0,0.1111111111111111,5ebbc98dbd907dd8005e5a079d53d37321acce7a607ef1d5b680ecd4655c416b
routing_nominal_history,routing_nominal_history:seed96100001:epoch80,80,19,discovery,96200001,u_0.40,0.4,82639887.39441803,0.58,76.0,0.10526315789473684,5ebbc98dbd907dd8005e5a079d53d37321acce7a607ef1d5b680ecd4655c416b
routing_nominal_history,routing_nominal_history:seed96100001:epoch80,80,19,discovery,96200001,u_0.50,0.5,82399489.997038,0.58,76.0,0.09411764705882353,5ebbc98dbd907dd8005e5a079d53d37321acce7a607ef1d5b680ecd4655c416b
routing_nominal_history,routing_nominal_history:seed96100001:epoch80,80,19,discovery,96200001,u_0.60,0.6,82457366.60031083,0.58,76.0,0.0898876404494382,5ebbc98dbd907dd8005e5a079d53d37321acce7a607ef1d5b680ecd4655c416b
routing_nominal_history,routing_nominal_history:seed96100001:epoch80,80,19,discovery,96200001,u_0.70,0.7,80798412.4001258,0.58,73.0,0.08421052631578947,5ebbc98dbd907dd8005e5a079d53d37321acce7a607ef1d5b680ecd4655c416b
routing_nominal_history,routing_nominal_history:seed96100001:epoch80,80,19,discovery,96200001,u_0.80,0.8,80300001.91534054,0.58,72.0,0.07920792079207921,5ebbc98dbd907dd8005e5a079d53d37321acce7a607ef1d5b680ecd4655c416b
routing_nominal_history,routing_nominal_history:seed96100001:epoch80,80,19,discovery,96200001,u_0.90,0.9,79974289.40094352,0.58,71.0,0.0784313725490196,5ebbc98dbd907dd8005e5a079d53d37321acce7a607ef1d5b680ecd4655c416b
routing_nominal_history,routing_nominal_history:seed96100001:epoch80,80,19,discovery,96200001,u_1.00,1.0,79268308.48393509,0.58,70.0,0.07142857142857142,5ebbc98dbd907dd8005e5a079d53d37321acce7a607ef1d5b680ecd4655c416b
routing_nominal_history,routing_nominal_history:seed96100001:epoch80,80,19,discovery,96200002,anchor,-1.0,80744314.32779002,0.58,73.0,0.09195402298850575,5ebbc98dbd907dd8005e5a079d53d37321acce7a607ef1d5b680ecd4655c416b
routing_nominal_history,routing_nominal_history:seed96100001:epoch80,80,19,discovery,96200002,u_0.00,0.0,83709076.7302304,0.58,78.0,0.12903225806451613,5ebbc98dbd907dd8005e5a079d53d37321acce7a607ef1d5b680ecd4655c416b
routing_nominal_history,routing_nominal_history:seed96100001:epoch80,80,19,discovery,96200002,u_0.10,0.1,83783229.71018314,0.58,78.0,0.125,5ebbc98dbd907dd8005e5a079d53d37321acce7a607ef1d5b680ecd4655c416b
routing_nominal_history,routing_nominal_history:seed96100001:epoch80,80,19,discovery,96200002,u_0.20,0.2,83783631.98130095,0.58,78.0,0.11764705882352941,5ebbc98dbd907dd8005e5a079d53d37321acce7a607ef1d5b680ecd4655c416b
routing_nominal_history,routing_nominal_history:seed96100001:epoch80,80,19,discovery,96200002,u_0.30,0.3,83775790.59245089,0.58,78.0,0.1111111111111111,5ebbc98dbd907dd8005e5a079d53d37321acce7a607ef1d5b680ecd4655c416b
routing_nominal_history,routing_nominal_history:seed96100001:epoch80,80,19,discovery,96200002,u_0.40,0.4,82639887.39441803,0.58,76.0,0.10526315789473684,5ebbc98dbd907dd8005e5a079d53d37321acce7a607ef1d5b680ecd4655c416b
routing_nominal_history,routing_nominal_history:seed96100001:epoch80,80,19,discovery,96200002,u_0.50,0.5,82399489.997038,0.58,76.0,0.09411764705882353,5ebbc98dbd907dd8005e5a079d53d37321acce7a607ef1d5b680ecd4655c416b
routing_nominal_history,routing_nominal_history:seed96100001:epoch80,80,19,discovery,96200002,u_0.60,0.6,82457366.60031083,0.58,76.0,0.0898876404494382,5ebbc98dbd907dd8005e5a079d53d37321acce7a607ef1d5b680ecd4655c416b
routing_nominal_history,routing_nominal_history:seed96100001:epoch80,80,19,discovery,96200002,u_0.70,0.7,80798412.4001258,0.58,73.0,0.08421052631578947,5ebbc98dbd907dd8005e5a079d53d37321acce7a607ef1d5b680ecd4655c416b
routing_nominal_history,routing_nominal_history:seed96100001:epoch80,80,19,discovery,96200002,u_0.80,0.8,80300001.91534054,0.58,72.0,0.07920792079207921,5ebbc98dbd907dd8005e5a079d53d37321acce7a607ef1d5b680ecd4655c416b
routing_nominal_history,routing_nominal_history:seed96100001:epoch80,80,19,discovery,96200002,u_0.90,0.9,79974289.40094352,0.58,71.0,0.0784313725490196,5ebbc98dbd907dd8005e5a079d53d37321acce7a607ef1d5b680ecd4655c416b
routing_nominal_history,routing_nominal_history:seed96100001:epoch80,80,19,discovery,96200002,u_1.00,1.0,79268308.48393509,0.58,70.0,0.07142857142857142,5ebbc98dbd907dd8005e5a079d53d37321acce7a607ef1d5b680ecd4655c416b
routing_nominal_history,routing_nominal_history:seed96100001:epoch80,80,19,validation,96300000,anchor,-1.0,80744314.32779002,0.58,73.0,0.09195402298850575,5ebbc98dbd907dd8005e5a079d53d37321acce7a607ef1d5b680ecd4655c416b
routing_nominal_history,routing_nominal_history:seed96100001:epoch80,80,19,validation,96300000,u_0.00,0.0,83709076.7302304,0.58,78.0,0.12903225806451613,5ebbc98dbd907dd8005e5a079d53d37321acce7a607ef1d5b680ecd4655c416b
routing_nominal_history,routing_nominal_history:seed96100001:epoch80,80,19,validation,96300000,u_0.10,0.1,83783229.71018314,0.58,78.0,0.125,5ebbc98dbd907dd8005e5a079d53d37321acce7a607ef1d5b680ecd4655c416b
routing_nominal_history,routing_nominal_history:seed96100001:epoch80,80,19,validation,96300000,u_0.20,0.2,83783631.98130095,0.58,78.0,0.11764705882352941,5ebbc98dbd907dd8005e5a079d53d37321acce7a607ef1d5b680ecd4655c416b
routing_nominal_history,routing_nominal_history:seed96100001:epoch80,80,19,validation,96300000,u_0.30,0.3,83775790.59245089,0.58,78.0,0.1111111111111111,5ebbc98dbd907dd8005e5a079d53d37321acce7a607ef1d5b680ecd4655c416b
routing_nominal_history,routing_nominal_history:seed96100001:epoch80,80,19,validation,96300000,u_0.40,0.4,82639887.39441803,0.58,76.0,0.10526315789473684,5ebbc98dbd907dd8005e5a079d53d37321acce7a607ef1d5b680ecd4655c416b
routing_nominal_history,routing_nominal_history:seed96100001:epoch80,80,19,validation,96300000,u_0.50,0.5,82399489.997038,0.58,76.0,0.09411764705882353,5ebbc98dbd907dd8005e5a079d53d37321acce7a607ef1d5b680ecd4655c416b
routing_nominal_history,routing_nominal_history:seed96100001:epoch80,80,19,validation,96300000,u_0.60,0.6,82457366.60031083,0.58,76.0,0.0898876404494382,5ebbc98dbd907dd8005e5a079d53d37321acce7a607ef1d5b680ecd4655c416b
routing_nominal_history,routing_nominal_history:seed96100001:epoch80,80,19,validation,96300000,u_0.70,0.7,80798412.4001258,0.58,73.0,0.08421052631578947,5ebbc98dbd907dd8005e5a079d53d37321acce7a607ef1d5b680ecd4655c416b
routing_nominal_history,routing_nominal_history:seed96100001:epoch80,80,19,validation,96300000,u_0.80,0.8,80300001.91534054,0.58,72.0,0.07920792079207921,5ebbc98dbd907dd8005e5a079d53d37321acce7a607ef1d5b680ecd4655c416b
routing_nominal_history,routing_nominal_history:seed96100001:epoch80,80,19,validation,96300000,u_0.90,0.9,79974289.40094352,0.58,71.0,0.0784313725490196,5ebbc98dbd907dd8005e5a079d53d37321acce7a607ef1d5b680ecd4655c416b
routing_nominal_history,routing_nominal_history:seed96100001:epoch80,80,19,validation,96300000,u_1.00,1.0,79268308.48393509,0.58,70.0,0.07142857142857142,5ebbc98dbd907dd8005e5a079d53d37321acce7a607ef1d5b680ecd4655c416b
routing_nominal_history,routing_nominal_history:seed96100001:epoch80,80,19,validation,96300001,anchor,-1.0,80744314.32779002,0.58,73.0,0.09195402298850575,5ebbc98dbd907dd8005e5a079d53d37321acce7a607ef1d5b680ecd4655c416b
routing_nominal_history,routing_nominal_history:seed96100001:epoch80,80,19,validation,96300001,u_0.00,0.0,83709076.7302304,0.58,78.0,0.12903225806451613,5ebbc98dbd907dd8005e5a079d53d37321acce7a607ef1d5b680ecd4655c416b
routing_nominal_history,routing_nominal_history:seed96100001:epoch80,80,19,validation,96300001,u_0.10,0.1,83783229.71018314,0.58,78.0,0.125,5ebbc98dbd907dd8005e5a079d53d37321acce7a607ef1d5b680ecd4655c416b
routing_nominal_history,routing_nominal_history:seed96100001:epoch80,80,19,validation,96300001,u_0.20,0.2,83783631.98130095,0.58,78.0,0.11764705882352941,5ebbc98dbd907dd8005e5a079d53d37321acce7a607ef1d5b680ecd4655c416b
routing_nominal_history,routing_nominal_history:seed96100001:epoch80,80,19,validation,96300001,u_0.30,0.3,83775790.59245089,0.58,78.0,0.1111111111111111,5ebbc98dbd907dd8005e5a079d53d37321acce7a607ef1d5b680ecd4655c416b
routing_nominal_history,routing_nominal_history:seed96100001:epoch80,80,19,validation,96300001,u_0.40,0.4,82639887.39441803,0.58,76.0,0.10526315789473684,5ebbc98dbd907dd8005e5a079d53d37321acce7a607ef1d5b680ecd4655c416b
routing_nominal_history,routing_nominal_history:seed96100001:epoch80,80,19,validation,96300001,u_0.50,0.5,82399489.997038,0.58,76.0,0.09411764705882353,5ebbc98dbd907dd8005e5a079d53d37321acce7a607ef1d5b680ecd4655c416b
routing_nominal_history,routing_nominal_history:seed96100001:epoch80,80,19,validation,96300001,u_0.60,0.6,82457366.60031083,0.58,76.0,0.0898876404494382,5ebbc98dbd907dd8005e5a079d53d37321acce7a607ef1d5b680ecd4655c416b
routing_nominal_history,routing_nominal_history:seed96100001:epoch80,80,19,validation,96300001,u_0.70,0.7,80798412.4001258,0.58,73.0,0.08421052631578947,5ebbc98dbd907dd8005e5a079d53d37321acce7a607ef1d5b680ecd4655c416b
routing_nominal_history,routing_nominal_history:seed96100001:epoch80,80,19,validation,96300001,u_0.80,0.8,80300001.91534054,0.58,72.0,0.07920792079207921,5ebbc98dbd907dd8005e5a079d53d37321acce7a607ef1d5b680ecd4655c416b
routing_nominal_history,routing_nominal_history:seed96100001:epoch80,80,19,validation,96300001,u_0.90,0.9,79974289.40094352,0.58,71.0,0.0784313725490196,5ebbc98dbd907dd8005e5a079d53d37321acce7a607ef1d5b680ecd4655c416b
routing_nominal_history,routing_nominal_history:seed96100001:epoch80,80,19,validation,96300001,u_1.00,1.0,79268308.48393509,0.58,70.0,0.07142857142857142,5ebbc98dbd907dd8005e5a079d53d37321acce7a607ef1d5b680ecd4655c416b
routing_nominal_history,routing_nominal_history:seed96100001:epoch80,80,19,validation,96300002,anchor,-1.0,80744314.32779002,0.58,73.0,0.09195402298850575,5ebbc98dbd907dd8005e5a079d53d37321acce7a607ef1d5b680ecd4655c416b
routing_nominal_history,routing_nominal_history:seed96100001:epoch80,80,19,validation,96300002,u_0.00,0.0,83709076.7302304,0.58,78.0,0.12903225806451613,5ebbc98dbd907dd8005e5a079d53d37321acce7a607ef1d5b680ecd4655c416b
routing_nominal_history,routing_nominal_history:seed96100001:epoch80,80,19,validation,96300002,u_0.10,0.1,83783229.71018314,0.58,78.0,0.125,5ebbc98dbd907dd8005e5a079d53d37321acce7a607ef1d5b680ecd4655c416b
routing_nominal_history,routing_nominal_history:seed96100001:epoch80,80,19,validation,96300002,u_0.20,0.2,83783631.98130095,0.58,78.0,0.11764705882352941,5ebbc98dbd907dd8005e5a079d53d37321acce7a607ef1d5b680ecd4655c416b
routing_nominal_history,routing_nominal_history:seed96100001:epoch80,80,19,validation,96300002,u_0.30,0.3,83775790.59245089,0.58,78.0,0.1111111111111111,5ebbc98dbd907dd8005e5a079d53d37321acce7a607ef1d5b680ecd4655c416b
routing_nominal_history,routing_nominal_history:seed96100001:epoch80,80,19,validation,96300002,u_0.40,0.4,82639887.39441803,0.58,76.0,0.10526315789473684,5ebbc98dbd907dd8005e5a079d53d37321acce7a607ef1d5b680ecd4655c416b
routing_nominal_history,routing_nominal_history:seed96100001:epoch80,80,19,validation,96300002,u_0.50,0.5,82399489.997038,0.58,76.0,0.09411764705882353,5ebbc98dbd907dd8005e5a079d53d37321acce7a607ef1d5b680ecd4655c416b
routing_nominal_history,routing_nominal_history:seed96100001:epoch80,80,19,validation,96300002,u_0.60,0.6,82457366.60031083,0.58,76.0,0.0898876404494382,5ebbc98dbd907dd8005e5a079d53d37321acce7a607ef1d5b680ecd4655c416b
routing_nominal_history,routing_nominal_history:seed96100001:epoch80,80,19,validation,96300002,u_0.70,0.7,80798412.4001258,0.58,73.0,0.08421052631578947,5ebbc98dbd907dd8005e5a079d53d37321acce7a607ef1d5b680ecd4655c416b
routing_nominal_history,routing_nominal_history:seed96100001:epoch80,80,19,validation,96300002,u_0.80,0.8,80300001.91534054,0.58,72.0,0.07920792079207921,5ebbc98dbd907dd8005e5a079d53d37321acce7a607ef1d5b680ecd4655c416b
routing_nominal_history,routing_nominal_history:seed96100001:epoch80,80,19,validation,96300002,u_0.90,0.9,79974289.40094352,0.58,71.0,0.0784313725490196,5ebbc98dbd907dd8005e5a079d53d37321acce7a607ef1d5b680ecd4655c416b
routing_nominal_history,routing_nominal_history:seed96100001:epoch80,80,19,validation,96300002,u_1.00,1.0,79268308.48393509,0.58,70.0,0.07142857142857142,5ebbc98dbd907dd8005e5a079d53d37321acce7a607ef1d5b680ecd4655c416b
routing_nominal_history,routing_nominal_history:seed96100001:epoch80,80,19,validation,96300003,anchor,-1.0,80744314.32779002,0.58,73.0,0.09195402298850575,5ebbc98dbd907dd8005e5a079d53d37321acce7a607ef1d5b680ecd4655c416b
routing_nominal_history,routing_nominal_history:seed96100001:epoch80,80,19,validation,96300003,u_0.00,0.0,83709076.7302304,0.58,78.0,0.12903225806451613,5ebbc98dbd907dd8005e5a079d53d37321acce7a607ef1d5b680ecd4655c416b
routing_nominal_history,routing_nominal_history:seed96100001:epoch80,80,19,validation,96300003,u_0.10,0.1,83783229.71018314,0.58,78.0,0.125,5ebbc98dbd907dd8005e5a079d53d37321acce7a607ef1d5b680ecd4655c416b
routing_nominal_history,routing_nominal_history:seed96100001:epoch80,80,19,validation,96300003,u_0.20,0.2,83783631.98130095,0.58,78.0,0.11764705882352941,5ebbc98dbd907dd8005e5a079d53d37321acce7a607ef1d5b680ecd4655c416b
routing_nominal_history,routing_nominal_history:seed96100001:epoch80,80,19,validation,96300003,u_0.30,0.3,83775790.59245089,0.58,78.0,0.1111111111111111,5ebbc98dbd907dd8005e5a079d53d37321acce7a607ef1d5b680ecd4655c416b
routing_nominal_history,routing_nominal_history:seed96100001:epoch80,80,19,validation,96300003,u_0.40,0.4,82639887.39441803,0.58,76.0,0.10526315789473684,5ebbc98dbd907dd8005e5a079d53d37321acce7a607ef1d5b680ecd4655c416b
routing_nominal_history,routing_nominal_history:seed96100001:epoch80,80,19,validation,96300003,u_0.50,0.5,82399489.997038,0.58,76.0,0.09411764705882353,5ebbc98dbd907dd8005e5a079d53d37321acce7a607ef1d5b680ecd4655c416b
routing_nominal_history,routing_nominal_history:seed96100001:epoch80,80,19,validation,96300003,u_0.60,0.6,82457366.60031083,0.58,76.0,0.0898876404494382,5ebbc98dbd907dd8005e5a079d53d37321acce7a607ef1d5b680ecd4655c416b
routing_nominal_history,routing_nominal_history:seed96100001:epoch80,80,19,validation,96300003,u_0.70,0.7,80798412.4001258,0.58,73.0,0.08421052631578947,5ebbc98dbd907dd8005e5a079d53d37321acce7a607ef1d5b680ecd4655c416b
routing_nominal_history,routing_nominal_history:seed96100001:epoch80,80,19,validation,96300003,u_0.80,0.8,80300001.91534054,0.58,72.0,0.07920792079207921,5ebbc98dbd907dd8005e5a079d53d37321acce7a607ef1d5b680ecd4655c416b
routing_nominal_history,routing_nominal_history:seed96100001:epoch80,80,19,validation,96300003,u_0.90,0.9,79974289.40094352,0.58,71.0,0.0784313725490196,5ebbc98dbd907dd8005e5a079d53d37321acce7a607ef1d5b680ecd4655c416b
routing_nominal_history,routing_nominal_history:seed96100001:epoch80,80,19,validation,96300003,u_1.00,1.0,79268308.48393509,0.58,70.0,0.07142857142857142,5ebbc98dbd907dd8005e5a079d53d37321acce7a607ef1d5b680ecd4655c416b
routing_nominal_history,routing_nominal_history:seed96100001:epoch80,80,19,validation,96300004,anchor,-1.0,80744314.32779002,0.58,73.0,0.09195402298850575,5ebbc98dbd907dd8005e5a079d53d37321acce7a607ef1d5b680ecd4655c416b
routing_nominal_history,routing_nominal_history:seed96100001:epoch80,80,19,validation,96300004,u_0.00,0.0,83709076.7302304,0.58,78.0,0.12903225806451613,5ebbc98dbd907dd8005e5a079d53d37321acce7a607ef1d5b680ecd4655c416b
routing_nominal_history,routing_nominal_history:seed96100001:epoch80,80,19,validation,96300004,u_0.10,0.1,83783229.71018314,0.58,78.0,0.125,5ebbc98dbd907dd8005e5a079d53d37321acce7a607ef1d5b680ecd4655c416b
routing_nominal_history,routing_nominal_history:seed96100001:epoch80,80,19,validation,96300004,u_0.20,0.2,83783631.98130095,0.58,78.0,0.11764705882352941,5ebbc98dbd907dd8005e5a079d53d37321acce7a607ef1d5b680ecd4655c416b
routing_nominal_history,routing_nominal_history:seed96100001:epoch80,80,19,validation,96300004,u_0.30,0.3,83775790.59245089,0.58,78.0,0.1111111111111111,5ebbc98dbd907dd8005e5a079d53d37321acce7a607ef1d5b680ecd4655c416b
routing_nominal_history,routing_nominal_history:seed96100001:epoch80,80,19,validation,96300004,u_0.40,0.4,82639887.39441803,0.58,76.0,0.10526315789473684,5ebbc98dbd907dd8005e5a079d53d37321acce7a607ef1d5b680ecd4655c416b
routing_nominal_history,routing_nominal_history:seed96100001:epoch80,80,19,validation,96300004,u_0.50,0.5,82399489.997038,0.58,76.0,0.09411764705882353,5ebbc98dbd907dd8005e5a079d53d37321acce7a607ef1d5b680ecd4655c416b
routing_nominal_history,routing_nominal_history:seed96100001:epoch80,80,19,validation,96300004,u_0.60,0.6,82457366.60031083,0.58,76.0,0.0898876404494382,5ebbc98dbd907dd8005e5a079d53d37321acce7a607ef1d5b680ecd4655c416b
routing_nominal_history,routing_nominal_history:seed96100001:epoch80,80,19,validation,96300004,u_0.70,0.7,80798412.4001258,0.58,73.0,0.08421052631578947,5ebbc98dbd907dd8005e5a079d53d37321acce7a607ef1d5b680ecd4655c416b
routing_nominal_history,routing_nominal_history:seed96100001:epoch80,80,19,validation,96300004,u_0.80,0.8,80300001.91534054,0.58,72.0,0.07920792079207921,5ebbc98dbd907dd8005e5a079d53d37321acce7a607ef1d5b680ecd4655c416b
routing_nominal_history,routing_nominal_history:seed96100001:epoch80,80,19,validation,96300004,u_0.90,0.9,79974289.40094352,0.58,71.0,0.0784313725490196,5ebbc98dbd907dd8005e5a079d53d37321acce7a607ef1d5b680ecd4655c416b
routing_nominal_history,routing_nominal_history:seed96100001:epoch80,80,19,validation,96300004,u_1.00,1.0,79268308.48393509,0.58,70.0,0.07142857142857142,5ebbc98dbd907dd8005e5a079d53d37321acce7a607ef1d5b680ecd4655c416b
routing_nominal_history,routing_nominal_history:seed96100002:epoch30,30,20,discovery,96200000,anchor,-1.0,980638668.6921235,0.7192342752962625,802.0,0.04019789734075448,5ebbc98dbd907dd8005e5a079d53d37321acce7a607ef1d5b680ecd4655c416b
routing_nominal_history,routing_nominal_history:seed96100002:epoch30,30,20,discovery,96200000,u_0.00,0.0,996786391.075743,0.703281677301732,824.0,0.044569993722536096,5ebbc98dbd907dd8005e5a079d53d37321acce7a607ef1d5b680ecd4655c416b
routing_nominal_history,routing_nominal_history:seed96100002:epoch30,30,20,discovery,96200000,u_0.10,0.1,993442260.3571736,0.7060164083865087,818.0,0.04375,5ebbc98dbd907dd8005e5a079d53d37321acce7a607ef1d5b680ecd4655c416b
routing_nominal_history,routing_nominal_history:seed96100002:epoch30,30,20,discovery,96200000,u_0.20,0.2,992357133.8885338,0.707383773928897,815.0,0.0442643391521197,5ebbc98dbd907dd8005e5a079d53d37321acce7a607ef1d5b680ecd4655c416b
routing_nominal_history,routing_nominal_history:seed96100002:epoch30,30,20,discovery,96200000,u_0.30,0.3,980478410.6570565,0.7151321786690975,800.0,0.04503392967304133,5ebbc98dbd907dd8005e5a079d53d37321acce7a607ef1d5b680ecd4655c416b
routing_nominal_history,routing_nominal_history:seed96100002:epoch30,30,20,discovery,96200000,u_0.40,0.4,977573181.1561437,0.7169553327256153,797.0,0.04495073891625616,5ebbc98dbd907dd8005e5a079d53d37321acce7a607ef1d5b680ecd4655c416b
routing_nominal_history,routing_nominal_history:seed96100002:epoch30,30,20,discovery,96200000,u_0.50,0.5,968395320.3746754,0.7233363719234275,788.0,0.04294478527607362,5ebbc98dbd907dd8005e5a079d53d37321acce7a607ef1d5b680ecd4655c416b
routing_nominal_history,routing_nominal_history:seed96100002:epoch30,30,20,discovery,96200000,u_0.60,0.6,968525434.319454,0.7233363719234275,787.0,0.0423572744014733,5ebbc98dbd907dd8005e5a079d53d37321acce7a607ef1d5b680ecd4655c416b
routing_nominal_history,routing_nominal_history:seed96100002:epoch30,30,20,discovery,96200000,u_0.70,0.7,967066689.8293406,0.7247037374658158,785.0,0.04230533415082771,5ebbc98dbd907dd8005e5a079d53d37321acce7a607ef1d5b680ecd4655c416b
routing_nominal_history,routing_nominal_history:seed96100002:epoch30,30,20,discovery,96200000,u_0.80,0.8,956366424.8801134,0.7338195077484048,774.0,0.0426049908703591,5ebbc98dbd907dd8005e5a079d53d37321acce7a607ef1d5b680ecd4655c416b
routing_nominal_history,routing_nominal_history:seed96100002:epoch30,30,20,discovery,96200000,u_0.90,0.9,956072200.2277037,0.7342752962625342,773.0,0.04257907542579075,5ebbc98dbd907dd8005e5a079d53d37321acce7a607ef1d5b680ecd4655c416b
routing_nominal_history,routing_nominal_history:seed96100002:epoch30,30,20,discovery,96200000,u_1.00,1.0,955415936.7004412,0.731996353691887,769.0,0.041237113402061855,5ebbc98dbd907dd8005e5a079d53d37321acce7a607ef1d5b680ecd4655c416b
routing_nominal_history,routing_nominal_history:seed96100002:epoch30,30,20,discovery,96200001,anchor,-1.0,1115258333.3139076,0.6686592655849701,967.0,0.05436774587660354,5ebbc98dbd907dd8005e5a079d53d37321acce7a607ef1d5b680ecd4655c416b
routing_nominal_history,routing_nominal_history:seed96100002:epoch30,30,20,discovery,96200001,u_0.00,0.0,1132756543.2646158,0.6537147736976943,989.0,0.05834885164494103,5ebbc98dbd907dd8005e5a079d53d37321acce7a607ef1d5b680ecd4655c416b
routing_nominal_history,routing_nominal_history:seed96100002:epoch30,30,20,discovery,96200001,u_0.10,0.1,1130596332.7548697,0.6545687446626814,984.0,0.05813234384662956,5ebbc98dbd907dd8005e5a079d53d37321acce7a607ef1d5b680ecd4655c416b
routing_nominal_history,routing_nominal_history:seed96100002:epoch30,30,20,discovery,96200001,u_0.20,0.2,1129290607.8040957,0.6545687446626814,979.0,0.05682520074119827,5ebbc98dbd907dd8005e5a079d53d37321acce7a607ef1d5b680ecd4655c416b
routing_nominal_history,routing_nominal_history:seed96100002:epoch30,30,20,discovery,96200001,u_0.30,0.3,1120982828.7164187,0.659265584970111,969.0,0.05871559633027523,5ebbc98dbd907dd8005e5a079d53d37321acce7a607ef1d5b680ecd4655c416b
routing_nominal_history,routing_nominal_history:seed96100002:epoch30,30,20,discovery,96200001,u_0.40,0.4,1117605891.434167,0.6635354397950469,965.0,0.05871559633027523,5ebbc98dbd907dd8005e5a079d53d37321acce7a607ef1d5b680ecd4655c416b
routing_nominal_history,routing_nominal_history:seed96100002:epoch30,30,20,discovery,96200001,u_0.50,0.5,1103237407.4102166,0.6712211784799317,944.0,0.05205811138014528,5ebbc98dbd907dd8005e5a079d53d37321acce7a607ef1d5b680ecd4655c416b
routing_nominal_history,routing_nominal_history:seed96100002:epoch30,30,20,discovery,96200001,u_0.60,0.6,1100114091.1759531,0.6720751494449189,939.0,0.05244122965641953,5ebbc98dbd907dd8005e5a079d53d37321acce7a607ef1d5b680ecd4655c416b
routing_nominal_history,routing_nominal_history:seed96100002:epoch30,30,20,discovery,96200001,u_0.70,0.7,1097820429.8518271,0.6742100768573869,937.0,0.05006031363088058,5ebbc98dbd907dd8005e5a079d53d37321acce7a607ef1d5b680ecd4655c416b
routing_nominal_history,routing_nominal_history:seed96100002:epoch30,30,20,discovery,96200001,u_0.80,0.8,1098698925.573103,0.6746370623398804,941.0,0.05154639175257732,5ebbc98dbd907dd8005e5a079d53d37321acce7a607ef1d5b680ecd4655c416b
routing_nominal_history,routing_nominal_history:seed96100002:epoch30,30,20,discovery,96200001,u_0.90,0.9,1098362072.8724236,0.6750640478223741,940.0,0.051515151515151514,5ebbc98dbd907dd8005e5a079d53d37321acce7a607ef1d5b680ecd4655c416b
routing_nominal_history,routing_nominal_history:seed96100002:epoch30,30,20,discovery,96200001,u_1.00,1.0,1091016793.0349782,0.6801878736122972,929.0,0.05125148986889154,5ebbc98dbd907dd8005e5a079d53d37321acce7a607ef1d5b680ecd4655c416b
routing_nominal_history,routing_nominal_history:seed96100002:epoch30,30,20,discovery,96200002,anchor,-1.0,1172774314.487847,0.6329809725158563,1008.0,0.05792488860598345,5ebbc98dbd907dd8005e5a079d53d37321acce7a607ef1d5b680ecd4655c416b
routing_nominal_history,routing_nominal_history:seed96100002:epoch30,30,20,discovery,96200002,u_0.00,0.0,1181435875.3866336,0.6266384778012685,1019.0,0.06102987921169739,5ebbc98dbd907dd8005e5a079d53d37321acce7a607ef1d5b680ecd4655c416b
routing_nominal_history,routing_nominal_history:seed96100002:epoch30,30,20,discovery,96200002,u_0.10,0.1,1181976732.872606,0.6257928118393234,1020.0,0.061224489795918366,5ebbc98dbd907dd8005e5a079d53d37321acce7a607ef1d5b680ecd4655c416b
routing_nominal_history,routing_nominal_history:seed96100002:epoch30,30,20,discovery,96200002,u_0.20,0.2,1180569899.804118,0.6274841437632135,1018.0,0.061068702290076333,5ebbc98dbd907dd8005e5a079d53d37321acce7a607ef1d5b680ecd4655c416b
routing_nominal_history,routing_nominal_history:seed96100002:epoch30,30,20,discovery,96200002,u_0.30,0.3,1170505974.3812778,0.6359408033826639,1008.0,0.06198608475648324,5ebbc98dbd907dd8005e5a079d53d37321acce7a607ef1d5b680ecd4655c416b
routing_nominal_history,routing_nominal_history:seed96100002:epoch30,30,20,discovery,96200002,u_0.40,0.4,1165724203.1966784,0.6397463002114165,1000.0,0.061635220125786164,5ebbc98dbd907dd8005e5a079d53d37321acce7a607ef1d5b680ecd4655c416b
routing_nominal_history,routing_nominal_history:seed96100002:epoch30,30,20,discovery,96200002,u_0.50,0.5,1156106764.754506,0.6452431289640592,984.0,0.06021104903786468,5ebbc98dbd907dd8005e5a079d53d37321acce7a607ef1d5b680ecd4655c416b
routing_nominal_history,routing_nominal_history:seed96100002:epoch30,30,20,discovery,96200002,u_0.60,0.6,1153494605.3213005,0.6469344608879493,980.0,0.060061919504643964,5ebbc98dbd907dd8005e5a079d53d37321acce7a607ef1d5b680ecd4655c416b
routing_nominal_history,routing_nominal_history:seed96100002:epoch30,30,20,discovery,96200002,u_0.70,0.7,1150501376.0981846,0.6490486257928119,975.0,0.05991352686843731,5ebbc98dbd907dd8005e5a079d53d37321acce7a607ef1d5b680ecd4655c416b
routing_nominal_history,routing_nominal_history:seed96100002:epoch30,30,20,discovery,96200002,u_0.80,0.8,1141853875.5904565,0.6545454545454545,963.0,0.06084818684695759,5ebbc98dbd907dd8005e5a079d53d37321acce7a607ef1d5b680ecd4655c416b
routing_nominal_history,routing_nominal_history:seed96100002:epoch30,30,20,discovery,96200002,u_0.90,0.9,1141559205.94132,0.6549682875264271,962.0,0.060810810810810814,5ebbc98dbd907dd8005e5a079d53d37321acce7a607ef1d5b680ecd4655c416b
routing_nominal_history,routing_nominal_history:seed96100002:epoch30,30,20,discovery,96200002,u_1.00,1.0,1131123344.7460997,0.6625792811839324,955.0,0.057962172056131786,5ebbc98dbd907dd8005e5a079d53d37321acce7a607ef1d5b680ecd4655c416b
routing_nominal_history,routing_nominal_history:seed96100002:epoch30,30,20,validation,96300000,anchor,-1.0,1248340142.9963615,0.6207174526400645,1071.0,0.06658595641646489,5ebbc98dbd907dd8005e5a079d53d37321acce7a607ef1d5b680ecd4655c416b
routing_nominal_history,routing_nominal_history:seed96100002:epoch30,30,20,validation,96300000,u_0.00,0.0,1249891623.703399,0.6178960096735188,1074.0,0.06561360874848117,5ebbc98dbd907dd8005e5a079d53d37321acce7a607ef1d5b680ecd4655c416b
routing_nominal_history,routing_nominal_history:seed96100002:epoch30,30,20,validation,96300000,u_0.10,0.1,1250029773.8585794,0.6174929463925837,1073.0,0.06638246041412911,5ebbc98dbd907dd8005e5a079d53d37321acce7a607ef1d5b680ecd4655c416b
routing_nominal_history,routing_nominal_history:seed96100002:epoch30,30,20,validation,96300000,u_0.20,0.2,1247579738.7163656,0.6182990729544539,1068.0,0.06658595641646489,5ebbc98dbd907dd8005e5a079d53d37321acce7a607ef1d5b680ecd4655c416b
routing_nominal_history,routing_nominal_history:seed96100002:epoch30,30,20,validation,96300000,u_0.30,0.3,1241498370.1953168,0.6199113260781943,1059.0,0.06859205776173286,5ebbc98dbd907dd8005e5a079d53d37321acce7a607ef1d5b680ecd4655c416b
routing_nominal_history,routing_nominal_history:seed96100002:epoch30,30,20,validation,96300000,u_0.40,0.4,1240987374.7718518,0.6215235792019347,1058.0,0.0687990343995172,5ebbc98dbd907dd8005e5a079d53d37321acce7a607ef1d5b680ecd4655c416b
routing_nominal_history,routing_nominal_history:seed96100002:epoch30,30,20,validation,96300000,u_0.50,0.5,1237637851.0372255,0.6215235792019347,1058.0,0.06823671497584541,5ebbc98dbd907dd8005e5a079d53d37321acce7a607ef1d5b680ecd4655c416b
routing_nominal_history,routing_nominal_history:seed96100002:epoch30,30,20,validation,96300000,u_0.60,0.6,1233113058.5578992,0.6243450221684804,1053.0,0.06859205776173286,5ebbc98dbd907dd8005e5a079d53d37321acce7a607ef1d5b680ecd4655c416b
routing_nominal_history,routing_nominal_history:seed96100002:epoch30,30,20,validation,96300000,u_0.70,0.7,1228757761.9532876,0.6275695284159613,1047.0,0.06666666666666667,5ebbc98dbd907dd8005e5a079d53d37321acce7a607ef1d5b680ecd4655c416b
routing_nominal_history,routing_nominal_history:seed96100002:epoch30,30,20,validation,96300000,u_0.80,0.8,1212914032.4345648,0.638049173720274,1031.0,0.0660321237358715,5ebbc98dbd907dd8005e5a079d53d37321acce7a607ef1d5b680ecd4655c416b
routing_nominal_history,routing_nominal_history:seed96100002:epoch30,30,20,validation,96300000,u_0.90,0.9,1212577179.7338855,0.6384522370012092,1030.0,0.06599286563614744,5ebbc98dbd907dd8005e5a079d53d37321acce7a607ef1d5b680ecd4655c416b
routing_nominal_history,routing_nominal_history:seed96100002:epoch30,30,20,validation,96300000,u_1.00,1.0,1206292185.1234787,0.6457073760580411,1024.0,0.0660377358490566,5ebbc98dbd907dd8005e5a079d53d37321acce7a607ef1d5b680ecd4655c416b
routing_nominal_history,routing_nominal_history:seed96100002:epoch30,30,20,validation,96300001,anchor,-1.0,1196542618.5959482,0.625910931174089,1009.0,0.049720323182100686,5ebbc98dbd907dd8005e5a079d53d37321acce7a607ef1d5b680ecd4655c416b
routing_nominal_history,routing_nominal_history:seed96100002:epoch30,30,20,validation,96300001,u_0.00,0.0,1205634501.2418664,0.6186234817813765,1020.0,0.05131414267834793,5ebbc98dbd907dd8005e5a079d53d37321acce7a607ef1d5b680ecd4655c416b
routing_nominal_history,routing_nominal_history:seed96100002:epoch30,30,20,validation,96300001,u_0.10,0.1,1200774638.8574865,0.6182186234817814,1008.0,0.050031269543464665,5ebbc98dbd907dd8005e5a079d53d37321acce7a607ef1d5b680ecd4655c416b
routing_nominal_history,routing_nominal_history:seed96100002:epoch30,30,20,validation,96300001,u_0.20,0.2,1199740453.194831,0.6194331983805668,1005.0,0.050530255770430445,5ebbc98dbd907dd8005e5a079d53d37321acce7a607ef1d5b680ecd4655c416b
routing_nominal_history,routing_nominal_history:seed96100002:epoch30,30,20,validation,96300001,u_0.30,0.3,1191089921.326265,0.6331983805668017,1003.0,0.05233990147783251,5ebbc98dbd907dd8005e5a079d53d37321acce7a607ef1d5b680ecd4655c416b
routing_nominal_history,routing_nominal_history:seed96100002:epoch30,30,20,validation,96300001,u_0.40,0.4,1190481300.7664773,0.6331983805668017,1001.0,0.05276073619631902,5ebbc98dbd907dd8005e5a079d53d37321acce7a607ef1d5b680ecd4655c416b
routing_nominal_history,routing_nominal_history:seed96100002:epoch30,30,20,validation,96300001,u_0.50,0.5,1182579781.0212655,0.6380566801619433,982.0,0.05167173252279635,5ebbc98dbd907dd8005e5a079d53d37321acce7a607ef1d5b680ecd4655c416b
routing_nominal_history,routing_nominal_history:seed96100002:epoch30,30,20,validation,96300001,u_0.60,0.6,1187216446.737059,0.6384615384615384,991.0,0.05237515225334957,5ebbc98dbd907dd8005e5a079d53d37321acce7a607ef1d5b680ecd4655c416b
routing_nominal_history,routing_nominal_history:seed96100002:epoch30,30,20,validation,96300001,u_0.70,0.7,1183509793.9413323,0.6412955465587045,986.0,0.05106382978723404,5ebbc98dbd907dd8005e5a079d53d37321acce7a607ef1d5b680ecd4655c416b
routing_nominal_history,routing_nominal_history:seed96100002:epoch30,30,20,validation,96300001,u_0.80,0.8,1166128417.1450562,0.6534412955465587,962.0,0.049367850692354005,5ebbc98dbd907dd8005e5a079d53d37321acce7a607ef1d5b680ecd4655c416b
routing_nominal_history,routing_nominal_history:seed96100002:epoch30,30,20,validation,96300001,u_0.90,0.9,1165833854.6467123,0.6538461538461539,961.0,0.049338146811071,5ebbc98dbd907dd8005e5a079d53d37321acce7a607ef1d5b680ecd4655c416b
routing_nominal_history,routing_nominal_history:seed96100002:epoch30,30,20,validation,96300001,u_1.00,1.0,1153438480.30967,0.6566801619433198,950.0,0.04710793082886106,5ebbc98dbd907dd8005e5a079d53d37321acce7a607ef1d5b680ecd4655c416b
routing_nominal_history,routing_nominal_history:seed96100002:epoch30,30,20,validation,96300002,anchor,-1.0,1057784172.8991234,0.6746411483253588,846.0,0.04814814814814815,5ebbc98dbd907dd8005e5a079d53d37321acce7a607ef1d5b680ecd4655c416b
routing_nominal_history,routing_nominal_history:seed96100002:epoch30,30,20,validation,96300002,u_0.00,0.0,1062016501.332156,0.6711613745106568,852.0,0.05009276437847866,5ebbc98dbd907dd8005e5a079d53d37321acce7a607ef1d5b680ecd4655c416b
routing_nominal_history,routing_nominal_history:seed96100002:epoch30,30,20,validation,96300002,u_0.10,0.1,1059675669.4820821,0.670726402783819,855.0,0.051597051597051594,5ebbc98dbd907dd8005e5a079d53d37321acce7a607ef1d5b680ecd4655c416b
routing_nominal_history,routing_nominal_history:seed96100002:epoch30,30,20,validation,96300002,u_0.20,0.2,1059779042.4457216,0.670726402783819,854.0,0.052307692307692305,5ebbc98dbd907dd8005e5a079d53d37321acce7a607ef1d5b680ecd4655c416b
routing_nominal_history,routing_nominal_history:seed96100002:epoch30,30,20,validation,96300002,u_0.30,0.3,1042346159.2378085,0.6820356676816007,830.0,0.05324357405140759,5ebbc98dbd907dd8005e5a079d53d37321acce7a607ef1d5b680ecd4655c416b
routing_nominal_history,routing_nominal_history:seed96100002:epoch30,30,20,validation,96300002,u_0.40,0.4,1041745967.7025816,0.6837755545889517,826.0,0.05253512522907758,5ebbc98dbd907dd8005e5a079d53d37321acce7a607ef1d5b680ecd4655c416b
routing_nominal_history,routing_nominal_history:seed96100002:epoch30,30,20,validation,96300002,u_0.50,0.5,1040967335.0847843,0.6859504132231405,828.0,0.05234327449786975,5ebbc98dbd907dd8005e5a079d53d37321acce7a607ef1d5b680ecd4655c416b
routing_nominal_history,routing_nominal_history:seed96100002:epoch30,30,20,validation,96300002,u_0.60,0.6,1043428302.6897889,0.685080469769465,829.0,0.052279635258358666,5ebbc98dbd907dd8005e5a079d53d37321acce7a607ef1d5b680ecd4655c416b
routing_nominal_history,routing_nominal_history:seed96100002:epoch30,30,20,validation,96300002,u_0.70,0.7,1042897942.9411594,0.6863853849499783,828.0,0.05170316301703163,5ebbc98dbd907dd8005e5a079d53d37321acce7a607ef1d5b680ecd4655c416b
routing_nominal_history,routing_nominal_history:seed96100002:epoch30,30,20,validation,96300002,u_0.80,0.8,1033191599.3243072,0.69377990430622,819.0,0.04972710733778047,5ebbc98dbd907dd8005e5a079d53d37321acce7a607ef1d5b680ecd4655c416b
routing_nominal_history,routing_nominal_history:seed96100002:epoch30,30,20,validation,96300002,u_0.90,0.9,1032854746.6236277,0.6942148760330579,818.0,0.0496969696969697,5ebbc98dbd907dd8005e5a079d53d37321acce7a607ef1d5b680ecd4655c416b
routing_nominal_history,routing_nominal_history:seed96100002:epoch30,30,20,validation,96300002,u_1.00,1.0,1012074405.7033141,0.7055241409308395,791.0,0.04583333333333333,5ebbc98dbd907dd8005e5a079d53d37321acce7a607ef1d5b680ecd4655c416b
routing_nominal_history,routing_nominal_history:seed96100002:epoch30,30,20,validation,96300003,anchor,-1.0,1085736163.5001585,0.6765719207579672,887.0,0.04573547589616811,5ebbc98dbd907dd8005e5a079d53d37321acce7a607ef1d5b680ecd4655c416b
routing_nominal_history,routing_nominal_history:seed96100002:epoch30,30,20,validation,96300003,u_0.00,0.0,1096321656.0380898,0.6662360034453058,907.0,0.044291952588895823,5ebbc98dbd907dd8005e5a079d53d37321acce7a607ef1d5b680ecd4655c416b
routing_nominal_history,routing_nominal_history:seed96100002:epoch30,30,20,validation,96300003,u_0.10,0.1,1093296278.2607875,0.6675279931093885,905.0,0.043640897755610975,5ebbc98dbd907dd8005e5a079d53d37321acce7a607ef1d5b680ecd4655c416b
routing_nominal_history,routing_nominal_history:seed96100002:epoch30,30,20,validation,96300003,u_0.20,0.2,1092256883.5041625,0.6688199827734711,903.0,0.04415422885572139,5ebbc98dbd907dd8005e5a079d53d37321acce7a607ef1d5b680ecd4655c416b
routing_nominal_history,routing_nominal_history:seed96100002:epoch30,30,20,validation,96300003,u_0.30,0.3,1078669650.174859,0.6752799310938846,885.0,0.04281345565749235,5ebbc98dbd907dd8005e5a079d53d37321acce7a607ef1d5b680ecd4655c416b
routing_nominal_history,routing_nominal_history:seed96100002:epoch30,30,20,validation,96300003,u_0.40,0.4,1076504900.8155508,0.6770025839793282,881.0,0.04270896888346553,5ebbc98dbd907dd8005e5a079d53d37321acce7a607ef1d5b680ecd4655c416b
routing_nominal_history,routing_nominal_history:seed96100002:epoch30,30,20,validation,96300003,u_0.50,0.5,1072307111.8650723,0.6830318690783808,869.0,0.04432301153612629,5ebbc98dbd907dd8005e5a079d53d37321acce7a607ef1d5b680ecd4655c416b
routing_nominal_history,routing_nominal_history:seed96100002:epoch30,30,20,validation,96300003,u_0.60,0.6,1070372045.2786052,0.6834625322997416,867.0,0.04371584699453552,5ebbc98dbd907dd8005e5a079d53d37321acce7a607ef1d5b680ecd4655c416b
routing_nominal_history,routing_nominal_history:seed96100002:epoch30,30,20,validation,96300003,u_0.70,0.7,1068264736.5870405,0.686046511627907,865.0,0.043609933373712904,5ebbc98dbd907dd8005e5a079d53d37321acce7a607ef1d5b680ecd4655c416b
routing_nominal_history,routing_nominal_history:seed96100002:epoch30,30,20,validation,96300003,u_0.80,0.8,1051058544.4616451,0.6976744186046512,835.0,0.04201680672268908,5ebbc98dbd907dd8005e5a079d53d37321acce7a607ef1d5b680ecd4655c416b
routing_nominal_history,routing_nominal_history:seed96100002:epoch30,30,20,validation,96300003,u_0.90,0.9,1050721691.7609656,0.698105081826012,834.0,0.041991601679664065,5ebbc98dbd907dd8005e5a079d53d37321acce7a607ef1d5b680ecd4655c416b
routing_nominal_history,routing_nominal_history:seed96100002:epoch30,30,20,validation,96300003,u_1.00,1.0,1039984860.3719877,0.7045650301464255,826.0,0.04267931238885596,5ebbc98dbd907dd8005e5a079d53d37321acce7a607ef1d5b680ecd4655c416b
routing_nominal_history,routing_nominal_history:seed96100002:epoch30,30,20,validation,96300004,anchor,-1.0,1191190377.3551958,0.608984375,957.0,0.05027590435315757,5ebbc98dbd907dd8005e5a079d53d37321acce7a607ef1d5b680ecd4655c416b
routing_nominal_history,routing_nominal_history:seed96100002:epoch30,30,20,validation,96300004,u_0.00,0.0,1212502714.2545862,0.595703125,976.0,0.05482866043613707,5ebbc98dbd907dd8005e5a079d53d37321acce7a607ef1d5b680ecd4655c416b
routing_nominal_history,routing_nominal_history:seed96100002:epoch30,30,20,validation,96300004,u_0.10,0.1,1210730054.1279304,0.596875,974.0,0.05531385954008701,5ebbc98dbd907dd8005e5a079d53d37321acce7a607ef1d5b680ecd4655c416b
routing_nominal_history,routing_nominal_history:seed96100002:epoch30,30,20,validation,96300004,u_0.20,0.2,1210266769.8583674,0.59765625,972.0,0.057585139318885446,5ebbc98dbd907dd8005e5a079d53d37321acce7a607ef1d5b680ecd4655c416b
routing_nominal_history,routing_nominal_history:seed96100002:epoch30,30,20,validation,96300004,u_0.30,0.3,1203012959.6985693,0.60390625,960.0,0.056811240073304826,5ebbc98dbd907dd8005e5a079d53d37321acce7a607ef1d5b680ecd4655c416b
routing_nominal_history,routing_nominal_history:seed96100002:epoch30,30,20,validation,96300004,u_0.40,0.4,1200814776.914985,0.605859375,958.0,0.05609756097560976,5ebbc98dbd907dd8005e5a079d53d37321acce7a607ef1d5b680ecd4655c416b
routing_nominal_history,routing_nominal_history:seed96100002:epoch30,30,20,validation,96300004,u_0.50,0.5,1185591592.428826,0.6109375,940.0,0.05569007263922518,5ebbc98dbd907dd8005e5a079d53d37321acce7a607ef1d5b680ecd4655c416b
routing_nominal_history,routing_nominal_history:seed96100002:epoch30,30,20,validation,96300004,u_0.60,0.6,1184247896.166968,0.61171875,937.0,0.057332528666264336,5ebbc98dbd907dd8005e5a079d53d37321acce7a607ef1d5b680ecd4655c416b
routing_nominal_history,routing_nominal_history:seed96100002:epoch30,30,20,validation,96300004,u_0.70,0.7,1180919762.7281833,0.614453125,933.0,0.055388320288982544,5ebbc98dbd907dd8005e5a079d53d37321acce7a607ef1d5b680ecd4655c416b
routing_nominal_history,routing_nominal_history:seed96100002:epoch30,30,20,validation,96300004,u_0.80,0.8,1176733838.188293,0.617578125,927.0,0.055188962207558485,5ebbc98dbd907dd8005e5a079d53d37321acce7a607ef1d5b680ecd4655c416b
routing_nominal_history,routing_nominal_history:seed96100002:epoch30,30,20,validation,96300004,u_0.90,0.9,1176439499.8904412,0.61796875,926.0,0.05515587529976019,5ebbc98dbd907dd8005e5a079d53d37321acce7a607ef1d5b680ecd4655c416b
routing_nominal_history,routing_nominal_history:seed96100002:epoch30,30,20,validation,96300004,u_1.00,1.0,1165119280.9107876,0.625390625,916.0,0.05128205128205128,5ebbc98dbd907dd8005e5a079d53d37321acce7a607ef1d5b680ecd4655c416b
routing_nominal_history,routing_nominal_history:seed96100002:epoch55,55,19,discovery,96200000,anchor,-1.0,49110787.48463611,0.6363636363636364,36.0,0.02531645569620253,5ebbc98dbd907dd8005e5a079d53d37321acce7a607ef1d5b680ecd4655c416b
routing_nominal_history,routing_nominal_history:seed96100002:epoch55,55,19,discovery,96200000,u_0.00,0.0,51757826.52789092,0.6363636363636364,40.0,0.03389830508474576,5ebbc98dbd907dd8005e5a079d53d37321acce7a607ef1d5b680ecd4655c416b
routing_nominal_history,routing_nominal_history:seed96100002:epoch55,55,19,discovery,96200000,u_0.10,0.1,51856979.52095352,0.6363636363636364,40.0,0.03333333333333333,5ebbc98dbd907dd8005e5a079d53d37321acce7a607ef1d5b680ecd4655c416b
routing_nominal_history,routing_nominal_history:seed96100002:epoch55,55,19,discovery,96200000,u_0.20,0.2,51827217.606900394,0.6363636363636364,40.0,0.03076923076923077,5ebbc98dbd907dd8005e5a079d53d37321acce7a607ef1d5b680ecd4655c416b
routing_nominal_history,routing_nominal_history:seed96100002:epoch55,55,19,discovery,96200000,u_0.30,0.3,51769088.21805033,0.6363636363636364,40.0,0.028985507246376812,5ebbc98dbd907dd8005e5a079d53d37321acce7a607ef1d5b680ecd4655c416b
routing_nominal_history,routing_nominal_history:seed96100002:epoch55,55,19,discovery,96200000,u_0.40,0.4,51752313.62174619,0.6363636363636364,40.0,0.04,5ebbc98dbd907dd8005e5a079d53d37321acce7a607ef1d5b680ecd4655c416b
routing_nominal_history,routing_nominal_history:seed96100002:epoch55,55,19,discovery,96200000,u_0.50,0.5,50487783.6239915,0.6363636363636364,38.0,0.036585365853658534,5ebbc98dbd907dd8005e5a079d53d37321acce7a607ef1d5b680ecd4655c416b
routing_nominal_history,routing_nominal_history:seed96100002:epoch55,55,19,discovery,96200000,u_0.60,0.6,49995820.327264324,0.6363636363636364,37.0,0.03488372093023256,5ebbc98dbd907dd8005e5a079d53d37321acce7a607ef1d5b680ecd4655c416b
routing_nominal_history,routing_nominal_history:seed96100002:epoch55,55,19,discovery,96200000,u_0.70,0.7,48900635.14925993,0.6363636363636364,35.0,0.03333333333333333,5ebbc98dbd907dd8005e5a079d53d37321acce7a607ef1d5b680ecd4655c416b
routing_nominal_history,routing_nominal_history:seed96100002:epoch55,55,19,discovery,96200000,u_0.80,0.8,48952064.57346687,0.6363636363636364,35.0,0.03125,5ebbc98dbd907dd8005e5a079d53d37321acce7a607ef1d5b680ecd4655c416b
routing_nominal_history,routing_nominal_history:seed96100002:epoch55,55,19,discovery,96200000,u_0.90,0.9,49226465.55906984,0.6363636363636364,35.0,0.03125,5ebbc98dbd907dd8005e5a079d53d37321acce7a607ef1d5b680ecd4655c416b
routing_nominal_history,routing_nominal_history:seed96100002:epoch55,55,19,discovery,96200000,u_1.00,1.0,48495484.64206142,0.6363636363636364,34.0,0.02830188679245283,5ebbc98dbd907dd8005e5a079d53d37321acce7a607ef1d5b680ecd4655c416b
routing_nominal_history,routing_nominal_history:seed96100002:epoch55,55,19,discovery,96200001,anchor,-1.0,49110787.48463611,0.6363636363636364,36.0,0.02531645569620253,5ebbc98dbd907dd8005e5a079d53d37321acce7a607ef1d5b680ecd4655c416b
routing_nominal_history,routing_nominal_history:seed96100002:epoch55,55,19,discovery,96200001,u_0.00,0.0,51757826.52789092,0.6363636363636364,40.0,0.03389830508474576,5ebbc98dbd907dd8005e5a079d53d37321acce7a607ef1d5b680ecd4655c416b
routing_nominal_history,routing_nominal_history:seed96100002:epoch55,55,19,discovery,96200001,u_0.10,0.1,51856979.52095352,0.6363636363636364,40.0,0.03333333333333333,5ebbc98dbd907dd8005e5a079d53d37321acce7a607ef1d5b680ecd4655c416b
routing_nominal_history,routing_nominal_history:seed96100002:epoch55,55,19,discovery,96200001,u_0.20,0.2,51827217.606900394,0.6363636363636364,40.0,0.03076923076923077,5ebbc98dbd907dd8005e5a079d53d37321acce7a607ef1d5b680ecd4655c416b
routing_nominal_history,routing_nominal_history:seed96100002:epoch55,55,19,discovery,96200001,u_0.30,0.3,51769088.21805033,0.6363636363636364,40.0,0.028985507246376812,5ebbc98dbd907dd8005e5a079d53d37321acce7a607ef1d5b680ecd4655c416b
routing_nominal_history,routing_nominal_history:seed96100002:epoch55,55,19,discovery,96200001,u_0.40,0.4,51752313.62174619,0.6363636363636364,40.0,0.04,5ebbc98dbd907dd8005e5a079d53d37321acce7a607ef1d5b680ecd4655c416b
routing_nominal_history,routing_nominal_history:seed96100002:epoch55,55,19,discovery,96200001,u_0.50,0.5,50487783.6239915,0.6363636363636364,38.0,0.036585365853658534,5ebbc98dbd907dd8005e5a079d53d37321acce7a607ef1d5b680ecd4655c416b
routing_nominal_history,routing_nominal_history:seed96100002:epoch55,55,19,discovery,96200001,u_0.60,0.6,49995820.327264324,0.6363636363636364,37.0,0.03488372093023256,5ebbc98dbd907dd8005e5a079d53d37321acce7a607ef1d5b680ecd4655c416b
routing_nominal_history,routing_nominal_history:seed96100002:epoch55,55,19,discovery,96200001,u_0.70,0.7,48900635.14925993,0.6363636363636364,35.0,0.03333333333333333,5ebbc98dbd907dd8005e5a079d53d37321acce7a607ef1d5b680ecd4655c416b
routing_nominal_history,routing_nominal_history:seed96100002:epoch55,55,19,discovery,96200001,u_0.80,0.8,48952064.57346687,0.6363636363636364,35.0,0.03125,5ebbc98dbd907dd8005e5a079d53d37321acce7a607ef1d5b680ecd4655c416b
routing_nominal_history,routing_nominal_history:seed96100002:epoch55,55,19,discovery,96200001,u_0.90,0.9,49226465.55906984,0.6363636363636364,35.0,0.03125,5ebbc98dbd907dd8005e5a079d53d37321acce7a607ef1d5b680ecd4655c416b
routing_nominal_history,routing_nominal_history:seed96100002:epoch55,55,19,discovery,96200001,u_1.00,1.0,48495484.64206142,0.6363636363636364,34.0,0.02830188679245283,5ebbc98dbd907dd8005e5a079d53d37321acce7a607ef1d5b680ecd4655c416b
routing_nominal_history,routing_nominal_history:seed96100002:epoch55,55,19,discovery,96200002,anchor,-1.0,49110787.48463611,0.6363636363636364,36.0,0.02531645569620253,5ebbc98dbd907dd8005e5a079d53d37321acce7a607ef1d5b680ecd4655c416b
routing_nominal_history,routing_nominal_history:seed96100002:epoch55,55,19,discovery,96200002,u_0.00,0.0,51757826.52789092,0.6363636363636364,40.0,0.03389830508474576,5ebbc98dbd907dd8005e5a079d53d37321acce7a607ef1d5b680ecd4655c416b
routing_nominal_history,routing_nominal_history:seed96100002:epoch55,55,19,discovery,96200002,u_0.10,0.1,51856979.52095352,0.6363636363636364,40.0,0.03333333333333333,5ebbc98dbd907dd8005e5a079d53d37321acce7a607ef1d5b680ecd4655c416b
routing_nominal_history,routing_nominal_history:seed96100002:epoch55,55,19,discovery,96200002,u_0.20,0.2,51827217.606900394,0.6363636363636364,40.0,0.03076923076923077,5ebbc98dbd907dd8005e5a079d53d37321acce7a607ef1d5b680ecd4655c416b
routing_nominal_history,routing_nominal_history:seed96100002:epoch55,55,19,discovery,96200002,u_0.30,0.3,51769088.21805033,0.6363636363636364,40.0,0.028985507246376812,5ebbc98dbd907dd8005e5a079d53d37321acce7a607ef1d5b680ecd4655c416b
routing_nominal_history,routing_nominal_history:seed96100002:epoch55,55,19,discovery,96200002,u_0.40,0.4,51752313.62174619,0.6363636363636364,40.0,0.04,5ebbc98dbd907dd8005e5a079d53d37321acce7a607ef1d5b680ecd4655c416b
routing_nominal_history,routing_nominal_history:seed96100002:epoch55,55,19,discovery,96200002,u_0.50,0.5,50487783.6239915,0.6363636363636364,38.0,0.036585365853658534,5ebbc98dbd907dd8005e5a079d53d37321acce7a607ef1d5b680ecd4655c416b
routing_nominal_history,routing_nominal_history:seed96100002:epoch55,55,19,discovery,96200002,u_0.60,0.6,49995820.327264324,0.6363636363636364,37.0,0.03488372093023256,5ebbc98dbd907dd8005e5a079d53d37321acce7a607ef1d5b680ecd4655c416b
routing_nominal_history,routing_nominal_history:seed96100002:epoch55,55,19,discovery,96200002,u_0.70,0.7,48900635.14925993,0.6363636363636364,35.0,0.03333333333333333,5ebbc98dbd907dd8005e5a079d53d37321acce7a607ef1d5b680ecd4655c416b
routing_nominal_history,routing_nominal_history:seed96100002:epoch55,55,19,discovery,96200002,u_0.80,0.8,48952064.57346687,0.6363636363636364,35.0,0.03125,5ebbc98dbd907dd8005e5a079d53d37321acce7a607ef1d5b680ecd4655c416b
routing_nominal_history,routing_nominal_history:seed96100002:epoch55,55,19,discovery,96200002,u_0.90,0.9,49226465.55906984,0.6363636363636364,35.0,0.03125,5ebbc98dbd907dd8005e5a079d53d37321acce7a607ef1d5b680ecd4655c416b
routing_nominal_history,routing_nominal_history:seed96100002:epoch55,55,19,discovery,96200002,u_1.00,1.0,48495484.64206142,0.6363636363636364,34.0,0.02830188679245283,5ebbc98dbd907dd8005e5a079d53d37321acce7a607ef1d5b680ecd4655c416b
routing_nominal_history,routing_nominal_history:seed96100002:epoch55,55,19,validation,96300000,anchor,-1.0,49110787.48463611,0.6363636363636364,36.0,0.02531645569620253,5ebbc98dbd907dd8005e5a079d53d37321acce7a607ef1d5b680ecd4655c416b
routing_nominal_history,routing_nominal_history:seed96100002:epoch55,55,19,validation,96300000,u_0.00,0.0,51757826.52789092,0.6363636363636364,40.0,0.03389830508474576,5ebbc98dbd907dd8005e5a079d53d37321acce7a607ef1d5b680ecd4655c416b
routing_nominal_history,routing_nominal_history:seed96100002:epoch55,55,19,validation,96300000,u_0.10,0.1,51856979.52095352,0.6363636363636364,40.0,0.03333333333333333,5ebbc98dbd907dd8005e5a079d53d37321acce7a607ef1d5b680ecd4655c416b
routing_nominal_history,routing_nominal_history:seed96100002:epoch55,55,19,validation,96300000,u_0.20,0.2,51827217.606900394,0.6363636363636364,40.0,0.03076923076923077,5ebbc98dbd907dd8005e5a079d53d37321acce7a607ef1d5b680ecd4655c416b
routing_nominal_history,routing_nominal_history:seed96100002:epoch55,55,19,validation,96300000,u_0.30,0.3,51769088.21805033,0.6363636363636364,40.0,0.028985507246376812,5ebbc98dbd907dd8005e5a079d53d37321acce7a607ef1d5b680ecd4655c416b
routing_nominal_history,routing_nominal_history:seed96100002:epoch55,55,19,validation,96300000,u_0.40,0.4,51752313.62174619,0.6363636363636364,40.0,0.04,5ebbc98dbd907dd8005e5a079d53d37321acce7a607ef1d5b680ecd4655c416b
routing_nominal_history,routing_nominal_history:seed96100002:epoch55,55,19,validation,96300000,u_0.50,0.5,50487783.6239915,0.6363636363636364,38.0,0.036585365853658534,5ebbc98dbd907dd8005e5a079d53d37321acce7a607ef1d5b680ecd4655c416b
routing_nominal_history,routing_nominal_history:seed96100002:epoch55,55,19,validation,96300000,u_0.60,0.6,49995820.327264324,0.6363636363636364,37.0,0.03488372093023256,5ebbc98dbd907dd8005e5a079d53d37321acce7a607ef1d5b680ecd4655c416b
routing_nominal_history,routing_nominal_history:seed96100002:epoch55,55,19,validation,96300000,u_0.70,0.7,48900635.14925993,0.6363636363636364,35.0,0.03333333333333333,5ebbc98dbd907dd8005e5a079d53d37321acce7a607ef1d5b680ecd4655c416b
routing_nominal_history,routing_nominal_history:seed96100002:epoch55,55,19,validation,96300000,u_0.80,0.8,48952064.57346687,0.6363636363636364,35.0,0.03125,5ebbc98dbd907dd8005e5a079d53d37321acce7a607ef1d5b680ecd4655c416b
routing_nominal_history,routing_nominal_history:seed96100002:epoch55,55,19,validation,96300000,u_0.90,0.9,49226465.55906984,0.6363636363636364,35.0,0.03125,5ebbc98dbd907dd8005e5a079d53d37321acce7a607ef1d5b680ecd4655c416b
routing_nominal_history,routing_nominal_history:seed96100002:epoch55,55,19,validation,96300000,u_1.00,1.0,48495484.64206142,0.6363636363636364,34.0,0.02830188679245283,5ebbc98dbd907dd8005e5a079d53d37321acce7a607ef1d5b680ecd4655c416b
routing_nominal_history,routing_nominal_history:seed96100002:epoch55,55,19,validation,96300001,anchor,-1.0,49110787.48463611,0.6363636363636364,36.0,0.02531645569620253,5ebbc98dbd907dd8005e5a079d53d37321acce7a607ef1d5b680ecd4655c416b
routing_nominal_history,routing_nominal_history:seed96100002:epoch55,55,19,validation,96300001,u_0.00,0.0,51757826.52789092,0.6363636363636364,40.0,0.03389830508474576,5ebbc98dbd907dd8005e5a079d53d37321acce7a607ef1d5b680ecd4655c416b
routing_nominal_history,routing_nominal_history:seed96100002:epoch55,55,19,validation,96300001,u_0.10,0.1,51856979.52095352,0.6363636363636364,40.0,0.03333333333333333,5ebbc98dbd907dd8005e5a079d53d37321acce7a607ef1d5b680ecd4655c416b
routing_nominal_history,routing_nominal_history:seed96100002:epoch55,55,19,validation,96300001,u_0.20,0.2,51827217.606900394,0.6363636363636364,40.0,0.03076923076923077,5ebbc98dbd907dd8005e5a079d53d37321acce7a607ef1d5b680ecd4655c416b
routing_nominal_history,routing_nominal_history:seed96100002:epoch55,55,19,validation,96300001,u_0.30,0.3,51769088.21805033,0.6363636363636364,40.0,0.028985507246376812,5ebbc98dbd907dd8005e5a079d53d37321acce7a607ef1d5b680ecd4655c416b
routing_nominal_history,routing_nominal_history:seed96100002:epoch55,55,19,validation,96300001,u_0.40,0.4,51752313.62174619,0.6363636363636364,40.0,0.04,5ebbc98dbd907dd8005e5a079d53d37321acce7a607ef1d5b680ecd4655c416b
routing_nominal_history,routing_nominal_history:seed96100002:epoch55,55,19,validation,96300001,u_0.50,0.5,50487783.6239915,0.6363636363636364,38.0,0.036585365853658534,5ebbc98dbd907dd8005e5a079d53d37321acce7a607ef1d5b680ecd4655c416b
routing_nominal_history,routing_nominal_history:seed96100002:epoch55,55,19,validation,96300001,u_0.60,0.6,49995820.327264324,0.6363636363636364,37.0,0.03488372093023256,5ebbc98dbd907dd8005e5a079d53d37321acce7a607ef1d5b680ecd4655c416b
routing_nominal_history,routing_nominal_history:seed96100002:epoch55,55,19,validation,96300001,u_0.70,0.7,48900635.14925993,0.6363636363636364,35.0,0.03333333333333333,5ebbc98dbd907dd8005e5a079d53d37321acce7a607ef1d5b680ecd4655c416b
routing_nominal_history,routing_nominal_history:seed96100002:epoch55,55,19,validation,96300001,u_0.80,0.8,48952064.57346687,0.6363636363636364,35.0,0.03125,5ebbc98dbd907dd8005e5a079d53d37321acce7a607ef1d5b680ecd4655c416b
routing_nominal_history,routing_nominal_history:seed96100002:epoch55,55,19,validation,96300001,u_0.90,0.9,49226465.55906984,0.6363636363636364,35.0,0.03125,5ebbc98dbd907dd8005e5a079d53d37321acce7a607ef1d5b680ecd4655c416b
routing_nominal_history,routing_nominal_history:seed96100002:epoch55,55,19,validation,96300001,u_1.00,1.0,48495484.64206142,0.6363636363636364,34.0,0.02830188679245283,5ebbc98dbd907dd8005e5a079d53d37321acce7a607ef1d5b680ecd4655c416b
routing_nominal_history,routing_nominal_history:seed96100002:epoch55,55,19,validation,96300002,anchor,-1.0,49110787.48463611,0.6363636363636364,36.0,0.02531645569620253,5ebbc98dbd907dd8005e5a079d53d37321acce7a607ef1d5b680ecd4655c416b
routing_nominal_history,routing_nominal_history:seed96100002:epoch55,55,19,validation,96300002,u_0.00,0.0,51757826.52789092,0.6363636363636364,40.0,0.03389830508474576,5ebbc98dbd907dd8005e5a079d53d37321acce7a607ef1d5b680ecd4655c416b
routing_nominal_history,routing_nominal_history:seed96100002:epoch55,55,19,validation,96300002,u_0.10,0.1,51856979.52095352,0.6363636363636364,40.0,0.03333333333333333,5ebbc98dbd907dd8005e5a079d53d37321acce7a607ef1d5b680ecd4655c416b
routing_nominal_history,routing_nominal_history:seed96100002:epoch55,55,19,validation,96300002,u_0.20,0.2,51827217.606900394,0.6363636363636364,40.0,0.03076923076923077,5ebbc98dbd907dd8005e5a079d53d37321acce7a607ef1d5b680ecd4655c416b
routing_nominal_history,routing_nominal_history:seed96100002:epoch55,55,19,validation,96300002,u_0.30,0.3,51769088.21805033,0.6363636363636364,40.0,0.028985507246376812,5ebbc98dbd907dd8005e5a079d53d37321acce7a607ef1d5b680ecd4655c416b
routing_nominal_history,routing_nominal_history:seed96100002:epoch55,55,19,validation,96300002,u_0.40,0.4,51752313.62174619,0.6363636363636364,40.0,0.04,5ebbc98dbd907dd8005e5a079d53d37321acce7a607ef1d5b680ecd4655c416b
routing_nominal_history,routing_nominal_history:seed96100002:epoch55,55,19,validation,96300002,u_0.50,0.5,50487783.6239915,0.6363636363636364,38.0,0.036585365853658534,5ebbc98dbd907dd8005e5a079d53d37321acce7a607ef1d5b680ecd4655c416b
routing_nominal_history,routing_nominal_history:seed96100002:epoch55,55,19,validation,96300002,u_0.60,0.6,49995820.327264324,0.6363636363636364,37.0,0.03488372093023256,5ebbc98dbd907dd8005e5a079d53d37321acce7a607ef1d5b680ecd4655c416b
routing_nominal_history,routing_nominal_history:seed96100002:epoch55,55,19,validation,96300002,u_0.70,0.7,48900635.14925993,0.6363636363636364,35.0,0.03333333333333333,5ebbc98dbd907dd8005e5a079d53d37321acce7a607ef1d5b680ecd4655c416b
routing_nominal_history,routing_nominal_history:seed96100002:epoch55,55,19,validation,96300002,u_0.80,0.8,48952064.57346687,0.6363636363636364,35.0,0.03125,5ebbc98dbd907dd8005e5a079d53d37321acce7a607ef1d5b680ecd4655c416b
routing_nominal_history,routing_nominal_history:seed96100002:epoch55,55,19,validation,96300002,u_0.90,0.9,49226465.55906984,0.6363636363636364,35.0,0.03125,5ebbc98dbd907dd8005e5a079d53d37321acce7a607ef1d5b680ecd4655c416b
routing_nominal_history,routing_nominal_history:seed96100002:epoch55,55,19,validation,96300002,u_1.00,1.0,48495484.64206142,0.6363636363636364,34.0,0.02830188679245283,5ebbc98dbd907dd8005e5a079d53d37321acce7a607ef1d5b680ecd4655c416b
routing_nominal_history,routing_nominal_history:seed96100002:epoch55,55,19,validation,96300003,anchor,-1.0,49110787.48463611,0.6363636363636364,36.0,0.02531645569620253,5ebbc98dbd907dd8005e5a079d53d37321acce7a607ef1d5b680ecd4655c416b
routing_nominal_history,routing_nominal_history:seed96100002:epoch55,55,19,validation,96300003,u_0.00,0.0,51757826.52789092,0.6363636363636364,40.0,0.03389830508474576,5ebbc98dbd907dd8005e5a079d53d37321acce7a607ef1d5b680ecd4655c416b
routing_nominal_history,routing_nominal_history:seed96100002:epoch55,55,19,validation,96300003,u_0.10,0.1,51856979.52095352,0.6363636363636364,40.0,0.03333333333333333,5ebbc98dbd907dd8005e5a079d53d37321acce7a607ef1d5b680ecd4655c416b
routing_nominal_history,routing_nominal_history:seed96100002:epoch55,55,19,validation,96300003,u_0.20,0.2,51827217.606900394,0.6363636363636364,40.0,0.03076923076923077,5ebbc98dbd907dd8005e5a079d53d37321acce7a607ef1d5b680ecd4655c416b
routing_nominal_history,routing_nominal_history:seed96100002:epoch55,55,19,validation,96300003,u_0.30,0.3,51769088.21805033,0.6363636363636364,40.0,0.028985507246376812,5ebbc98dbd907dd8005e5a079d53d37321acce7a607ef1d5b680ecd4655c416b
routing_nominal_history,routing_nominal_history:seed96100002:epoch55,55,19,validation,96300003,u_0.40,0.4,51752313.62174619,0.6363636363636364,40.0,0.04,5ebbc98dbd907dd8005e5a079d53d37321acce7a607ef1d5b680ecd4655c416b
routing_nominal_history,routing_nominal_history:seed96100002:epoch55,55,19,validation,96300003,u_0.50,0.5,50487783.6239915,0.6363636363636364,38.0,0.036585365853658534,5ebbc98dbd907dd8005e5a079d53d37321acce7a607ef1d5b680ecd4655c416b
routing_nominal_history,routing_nominal_history:seed96100002:epoch55,55,19,validation,96300003,u_0.60,0.6,49995820.327264324,0.6363636363636364,37.0,0.03488372093023256,5ebbc98dbd907dd8005e5a079d53d37321acce7a607ef1d5b680ecd4655c416b
routing_nominal_history,routing_nominal_history:seed96100002:epoch55,55,19,validation,96300003,u_0.70,0.7,48900635.14925993,0.6363636363636364,35.0,0.03333333333333333,5ebbc98dbd907dd8005e5a079d53d37321acce7a607ef1d5b680ecd4655c416b
routing_nominal_history,routing_nominal_history:seed96100002:epoch55,55,19,validation,96300003,u_0.80,0.8,48952064.57346687,0.6363636363636364,35.0,0.03125,5ebbc98dbd907dd8005e5a079d53d37321acce7a607ef1d5b680ecd4655c416b
routing_nominal_history,routing_nominal_history:seed96100002:epoch55,55,19,validation,96300003,u_0.90,0.9,49226465.55906984,0.6363636363636364,35.0,0.03125,5ebbc98dbd907dd8005e5a079d53d37321acce7a607ef1d5b680ecd4655c416b
routing_nominal_history,routing_nominal_history:seed96100002:epoch55,55,19,validation,96300003,u_1.00,1.0,48495484.64206142,0.6363636363636364,34.0,0.02830188679245283,5ebbc98dbd907dd8005e5a079d53d37321acce7a607ef1d5b680ecd4655c416b
routing_nominal_history,routing_nominal_history:seed96100002:epoch55,55,19,validation,96300004,anchor,-1.0,49110787.48463611,0.6363636363636364,36.0,0.02531645569620253,5ebbc98dbd907dd8005e5a079d53d37321acce7a607ef1d5b680ecd4655c416b
routing_nominal_history,routing_nominal_history:seed96100002:epoch55,55,19,validation,96300004,u_0.00,0.0,51757826.52789092,0.6363636363636364,40.0,0.03389830508474576,5ebbc98dbd907dd8005e5a079d53d37321acce7a607ef1d5b680ecd4655c416b
routing_nominal_history,routing_nominal_history:seed96100002:epoch55,55,19,validation,96300004,u_0.10,0.1,51856979.52095352,0.6363636363636364,40.0,0.03333333333333333,5ebbc98dbd907dd8005e5a079d53d37321acce7a607ef1d5b680ecd4655c416b
routing_nominal_history,routing_nominal_history:seed96100002:epoch55,55,19,validation,96300004,u_0.20,0.2,51827217.606900394,0.6363636363636364,40.0,0.03076923076923077,5ebbc98dbd907dd8005e5a079d53d37321acce7a607ef1d5b680ecd4655c416b
routing_nominal_history,routing_nominal_history:seed96100002:epoch55,55,19,validation,96300004,u_0.30,0.3,51769088.21805033,0.6363636363636364,40.0,0.028985507246376812,5ebbc98dbd907dd8005e5a079d53d37321acce7a607ef1d5b680ecd4655c416b
routing_nominal_history,routing_nominal_history:seed96100002:epoch55,55,19,validation,96300004,u_0.40,0.4,51752313.62174619,0.6363636363636364,40.0,0.04,5ebbc98dbd907dd8005e5a079d53d37321acce7a607ef1d5b680ecd4655c416b
routing_nominal_history,routing_nominal_history:seed96100002:epoch55,55,19,validation,96300004,u_0.50,0.5,50487783.6239915,0.6363636363636364,38.0,0.036585365853658534,5ebbc98dbd907dd8005e5a079d53d37321acce7a607ef1d5b680ecd4655c416b
routing_nominal_history,routing_nominal_history:seed96100002:epoch55,55,19,validation,96300004,u_0.60,0.6,49995820.327264324,0.6363636363636364,37.0,0.03488372093023256,5ebbc98dbd907dd8005e5a079d53d37321acce7a607ef1d5b680ecd4655c416b
routing_nominal_history,routing_nominal_history:seed96100002:epoch55,55,19,validation,96300004,u_0.70,0.7,48900635.14925993,0.6363636363636364,35.0,0.03333333333333333,5ebbc98dbd907dd8005e5a079d53d37321acce7a607ef1d5b680ecd4655c416b
routing_nominal_history,routing_nominal_history:seed96100002:epoch55,55,19,validation,96300004,u_0.80,0.8,48952064.57346687,0.6363636363636364,35.0,0.03125,5ebbc98dbd907dd8005e5a079d53d37321acce7a607ef1d5b680ecd4655c416b
routing_nominal_history,routing_nominal_history:seed96100002:epoch55,55,19,validation,96300004,u_0.90,0.9,49226465.55906984,0.6363636363636364,35.0,0.03125,5ebbc98dbd907dd8005e5a079d53d37321acce7a607ef1d5b680ecd4655c416b
routing_nominal_history,routing_nominal_history:seed96100002:epoch55,55,19,validation,96300004,u_1.00,1.0,48495484.64206142,0.6363636363636364,34.0,0.02830188679245283,5ebbc98dbd907dd8005e5a079d53d37321acce7a607ef1d5b680ecd4655c416b
routing_nominal_history,routing_nominal_history:seed96100002:epoch80,80,20,discovery,96200000,anchor,-1.0,72997384.3236178,0.47368421052631576,49.0,0.03614457831325301,5ebbc98dbd907dd8005e5a079d53d37321acce7a607ef1d5b680ecd4655c416b
routing_nominal_history,routing_nominal_history:seed96100002:epoch80,80,20,discovery,96200000,u_0.00,0.0,75564347.92361781,0.47368421052631576,53.0,0.04411764705882353,5ebbc98dbd907dd8005e5a079d53d37321acce7a607ef1d5b680ecd4655c416b
routing_nominal_history,routing_nominal_history:seed96100002:epoch80,80,20,discovery,96200000,u_0.10,0.1,75645682.88361238,0.47368421052631576,53.0,0.0410958904109589,5ebbc98dbd907dd8005e5a079d53d37321acce7a607ef1d5b680ecd4655c416b
routing_nominal_history,routing_nominal_history:seed96100002:epoch80,80,20,discovery,96200000,u_0.20,0.2,73975347.26886831,0.47368421052631576,50.0,0.038461538461538464,5ebbc98dbd907dd8005e5a079d53d37321acce7a607ef1d5b680ecd4655c416b
routing_nominal_history,routing_nominal_history:seed96100002:epoch80,80,20,discovery,96200000,u_0.30,0.3,73877654.28084438,0.47368421052631576,50.0,0.03614457831325301,5ebbc98dbd907dd8005e5a079d53d37321acce7a607ef1d5b680ecd4655c416b
routing_nominal_history,routing_nominal_history:seed96100002:epoch80,80,20,discovery,96200000,u_0.40,0.4,73253791.38295797,0.47368421052631576,49.0,0.03409090909090909,5ebbc98dbd907dd8005e5a079d53d37321acce7a607ef1d5b680ecd4655c416b
routing_nominal_history,routing_nominal_history:seed96100002:epoch80,80,20,discovery,96200000,u_0.50,0.5,72377230.48577696,0.47368421052631576,48.0,0.030612244897959183,5ebbc98dbd907dd8005e5a079d53d37321acce7a607ef1d5b680ecd4655c416b
routing_nominal_history,routing_nominal_history:seed96100002:epoch80,80,20,discovery,96200000,u_0.60,0.6,71800707.58930138,0.47368421052631576,47.0,0.02912621359223301,5ebbc98dbd907dd8005e5a079d53d37321acce7a607ef1d5b680ecd4655c416b
routing_nominal_history,routing_nominal_history:seed96100002:epoch80,80,20,discovery,96200000,u_0.70,0.7,71772694.59353122,0.47368421052631576,47.0,0.027777777777777776,5ebbc98dbd907dd8005e5a079d53d37321acce7a607ef1d5b680ecd4655c416b
routing_nominal_history,routing_nominal_history:seed96100002:epoch80,80,20,discovery,96200000,u_0.80,0.8,71078761.71961571,0.47368421052631576,46.0,0.025423728813559324,5ebbc98dbd907dd8005e5a079d53d37321acce7a607ef1d5b680ecd4655c416b
routing_nominal_history,routing_nominal_history:seed96100002:epoch80,80,20,discovery,96200000,u_0.90,0.9,71374456.70410718,0.47368421052631576,46.0,0.025423728813559324,5ebbc98dbd907dd8005e5a079d53d37321acce7a607ef1d5b680ecd4655c416b
routing_nominal_history,routing_nominal_history:seed96100002:epoch80,80,20,discovery,96200000,u_1.00,1.0,68277136.18577696,0.47368421052631576,41.0,0.022556390977443608,5ebbc98dbd907dd8005e5a079d53d37321acce7a607ef1d5b680ecd4655c416b
routing_nominal_history,routing_nominal_history:seed96100002:epoch80,80,20,discovery,96200001,anchor,-1.0,72997384.3236178,0.47368421052631576,49.0,0.03614457831325301,5ebbc98dbd907dd8005e5a079d53d37321acce7a607ef1d5b680ecd4655c416b
routing_nominal_history,routing_nominal_history:seed96100002:epoch80,80,20,discovery,96200001,u_0.00,0.0,75564347.92361781,0.47368421052631576,53.0,0.04411764705882353,5ebbc98dbd907dd8005e5a079d53d37321acce7a607ef1d5b680ecd4655c416b
routing_nominal_history,routing_nominal_history:seed96100002:epoch80,80,20,discovery,96200001,u_0.10,0.1,75645682.88361238,0.47368421052631576,53.0,0.0410958904109589,5ebbc98dbd907dd8005e5a079d53d37321acce7a607ef1d5b680ecd4655c416b
routing_nominal_history,routing_nominal_history:seed96100002:epoch80,80,20,discovery,96200001,u_0.20,0.2,73975347.26886831,0.47368421052631576,50.0,0.038461538461538464,5ebbc98dbd907dd8005e5a079d53d37321acce7a607ef1d5b680ecd4655c416b
routing_nominal_history,routing_nominal_history:seed96100002:epoch80,80,20,discovery,96200001,u_0.30,0.3,73877654.28084438,0.47368421052631576,50.0,0.03614457831325301,5ebbc98dbd907dd8005e5a079d53d37321acce7a607ef1d5b680ecd4655c416b
routing_nominal_history,routing_nominal_history:seed96100002:epoch80,80,20,discovery,96200001,u_0.40,0.4,73253791.38295797,0.47368421052631576,49.0,0.03409090909090909,5ebbc98dbd907dd8005e5a079d53d37321acce7a607ef1d5b680ecd4655c416b
routing_nominal_history,routing_nominal_history:seed96100002:epoch80,80,20,discovery,96200001,u_0.50,0.5,72377230.48577696,0.47368421052631576,48.0,0.030612244897959183,5ebbc98dbd907dd8005e5a079d53d37321acce7a607ef1d5b680ecd4655c416b
routing_nominal_history,routing_nominal_history:seed96100002:epoch80,80,20,discovery,96200001,u_0.60,0.6,71800707.58930138,0.47368421052631576,47.0,0.02912621359223301,5ebbc98dbd907dd8005e5a079d53d37321acce7a607ef1d5b680ecd4655c416b
routing_nominal_history,routing_nominal_history:seed96100002:epoch80,80,20,discovery,96200001,u_0.70,0.7,71772694.59353122,0.47368421052631576,47.0,0.027777777777777776,5ebbc98dbd907dd8005e5a079d53d37321acce7a607ef1d5b680ecd4655c416b
routing_nominal_history,routing_nominal_history:seed96100002:epoch80,80,20,discovery,96200001,u_0.80,0.8,71078761.71961571,0.47368421052631576,46.0,0.025423728813559324,5ebbc98dbd907dd8005e5a079d53d37321acce7a607ef1d5b680ecd4655c416b
routing_nominal_history,routing_nominal_history:seed96100002:epoch80,80,20,discovery,96200001,u_0.90,0.9,71374456.70410718,0.47368421052631576,46.0,0.025423728813559324,5ebbc98dbd907dd8005e5a079d53d37321acce7a607ef1d5b680ecd4655c416b
routing_nominal_history,routing_nominal_history:seed96100002:epoch80,80,20,discovery,96200001,u_1.00,1.0,68277136.18577696,0.47368421052631576,41.0,0.022556390977443608,5ebbc98dbd907dd8005e5a079d53d37321acce7a607ef1d5b680ecd4655c416b
routing_nominal_history,routing_nominal_history:seed96100002:epoch80,80,20,discovery,96200002,anchor,-1.0,72997384.3236178,0.47368421052631576,49.0,0.03614457831325301,5ebbc98dbd907dd8005e5a079d53d37321acce7a607ef1d5b680ecd4655c416b
routing_nominal_history,routing_nominal_history:seed96100002:epoch80,80,20,discovery,96200002,u_0.00,0.0,75564347.92361781,0.47368421052631576,53.0,0.04411764705882353,5ebbc98dbd907dd8005e5a079d53d37321acce7a607ef1d5b680ecd4655c416b
routing_nominal_history,routing_nominal_history:seed96100002:epoch80,80,20,discovery,96200002,u_0.10,0.1,75645682.88361238,0.47368421052631576,53.0,0.0410958904109589,5ebbc98dbd907dd8005e5a079d53d37321acce7a607ef1d5b680ecd4655c416b
routing_nominal_history,routing_nominal_history:seed96100002:epoch80,80,20,discovery,96200002,u_0.20,0.2,73975347.26886831,0.47368421052631576,50.0,0.038461538461538464,5ebbc98dbd907dd8005e5a079d53d37321acce7a607ef1d5b680ecd4655c416b
routing_nominal_history,routing_nominal_history:seed96100002:epoch80,80,20,discovery,96200002,u_0.30,0.3,73877654.28084438,0.47368421052631576,50.0,0.03614457831325301,5ebbc98dbd907dd8005e5a079d53d37321acce7a607ef1d5b680ecd4655c416b
routing_nominal_history,routing_nominal_history:seed96100002:epoch80,80,20,discovery,96200002,u_0.40,0.4,73253791.38295797,0.47368421052631576,49.0,0.03409090909090909,5ebbc98dbd907dd8005e5a079d53d37321acce7a607ef1d5b680ecd4655c416b
routing_nominal_history,routing_nominal_history:seed96100002:epoch80,80,20,discovery,96200002,u_0.50,0.5,72377230.48577696,0.47368421052631576,48.0,0.030612244897959183,5ebbc98dbd907dd8005e5a079d53d37321acce7a607ef1d5b680ecd4655c416b
routing_nominal_history,routing_nominal_history:seed96100002:epoch80,80,20,discovery,96200002,u_0.60,0.6,71800707.58930138,0.47368421052631576,47.0,0.02912621359223301,5ebbc98dbd907dd8005e5a079d53d37321acce7a607ef1d5b680ecd4655c416b
routing_nominal_history,routing_nominal_history:seed96100002:epoch80,80,20,discovery,96200002,u_0.70,0.7,71772694.59353122,0.47368421052631576,47.0,0.027777777777777776,5ebbc98dbd907dd8005e5a079d53d37321acce7a607ef1d5b680ecd4655c416b
routing_nominal_history,routing_nominal_history:seed96100002:epoch80,80,20,discovery,96200002,u_0.80,0.8,71078761.71961571,0.47368421052631576,46.0,0.025423728813559324,5ebbc98dbd907dd8005e5a079d53d37321acce7a607ef1d5b680ecd4655c416b
routing_nominal_history,routing_nominal_history:seed96100002:epoch80,80,20,discovery,96200002,u_0.90,0.9,71374456.70410718,0.47368421052631576,46.0,0.025423728813559324,5ebbc98dbd907dd8005e5a079d53d37321acce7a607ef1d5b680ecd4655c416b
routing_nominal_history,routing_nominal_history:seed96100002:epoch80,80,20,discovery,96200002,u_1.00,1.0,68277136.18577696,0.47368421052631576,41.0,0.022556390977443608,5ebbc98dbd907dd8005e5a079d53d37321acce7a607ef1d5b680ecd4655c416b
routing_nominal_history,routing_nominal_history:seed96100002:epoch80,80,20,validation,96300000,anchor,-1.0,72997384.3236178,0.47368421052631576,49.0,0.03614457831325301,5ebbc98dbd907dd8005e5a079d53d37321acce7a607ef1d5b680ecd4655c416b
routing_nominal_history,routing_nominal_history:seed96100002:epoch80,80,20,validation,96300000,u_0.00,0.0,75564347.92361781,0.47368421052631576,53.0,0.04411764705882353,5ebbc98dbd907dd8005e5a079d53d37321acce7a607ef1d5b680ecd4655c416b
routing_nominal_history,routing_nominal_history:seed96100002:epoch80,80,20,validation,96300000,u_0.10,0.1,75645682.88361238,0.47368421052631576,53.0,0.0410958904109589,5ebbc98dbd907dd8005e5a079d53d37321acce7a607ef1d5b680ecd4655c416b
routing_nominal_history,routing_nominal_history:seed96100002:epoch80,80,20,validation,96300000,u_0.20,0.2,73975347.26886831,0.47368421052631576,50.0,0.038461538461538464,5ebbc98dbd907dd8005e5a079d53d37321acce7a607ef1d5b680ecd4655c416b
routing_nominal_history,routing_nominal_history:seed96100002:epoch80,80,20,validation,96300000,u_0.30,0.3,73877654.28084438,0.47368421052631576,50.0,0.03614457831325301,5ebbc98dbd907dd8005e5a079d53d37321acce7a607ef1d5b680ecd4655c416b
routing_nominal_history,routing_nominal_history:seed96100002:epoch80,80,20,validation,96300000,u_0.40,0.4,73253791.38295797,0.47368421052631576,49.0,0.03409090909090909,5ebbc98dbd907dd8005e5a079d53d37321acce7a607ef1d5b680ecd4655c416b
routing_nominal_history,routing_nominal_history:seed96100002:epoch80,80,20,validation,96300000,u_0.50,0.5,72377230.48577696,0.47368421052631576,48.0,0.030612244897959183,5ebbc98dbd907dd8005e5a079d53d37321acce7a607ef1d5b680ecd4655c416b
routing_nominal_history,routing_nominal_history:seed96100002:epoch80,80,20,validation,96300000,u_0.60,0.6,71800707.58930138,0.47368421052631576,47.0,0.02912621359223301,5ebbc98dbd907dd8005e5a079d53d37321acce7a607ef1d5b680ecd4655c416b
routing_nominal_history,routing_nominal_history:seed96100002:epoch80,80,20,validation,96300000,u_0.70,0.7,71772694.59353122,0.47368421052631576,47.0,0.027777777777777776,5ebbc98dbd907dd8005e5a079d53d37321acce7a607ef1d5b680ecd4655c416b
routing_nominal_history,routing_nominal_history:seed96100002:epoch80,80,20,validation,96300000,u_0.80,0.8,71078761.71961571,0.47368421052631576,46.0,0.025423728813559324,5ebbc98dbd907dd8005e5a079d53d37321acce7a607ef1d5b680ecd4655c416b
routing_nominal_history,routing_nominal_history:seed96100002:epoch80,80,20,validation,96300000,u_0.90,0.9,71374456.70410718,0.47368421052631576,46.0,0.025423728813559324,5ebbc98dbd907dd8005e5a079d53d37321acce7a607ef1d5b680ecd4655c416b
routing_nominal_history,routing_nominal_history:seed96100002:epoch80,80,20,validation,96300000,u_1.00,1.0,68277136.18577696,0.47368421052631576,41.0,0.022556390977443608,5ebbc98dbd907dd8005e5a079d53d37321acce7a607ef1d5b680ecd4655c416b
routing_nominal_history,routing_nominal_history:seed96100002:epoch80,80,20,validation,96300001,anchor,-1.0,72997384.3236178,0.47368421052631576,49.0,0.03614457831325301,5ebbc98dbd907dd8005e5a079d53d37321acce7a607ef1d5b680ecd4655c416b
routing_nominal_history,routing_nominal_history:seed96100002:epoch80,80,20,validation,96300001,u_0.00,0.0,75564347.92361781,0.47368421052631576,53.0,0.04411764705882353,5ebbc98dbd907dd8005e5a079d53d37321acce7a607ef1d5b680ecd4655c416b
routing_nominal_history,routing_nominal_history:seed96100002:epoch80,80,20,validation,96300001,u_0.10,0.1,75645682.88361238,0.47368421052631576,53.0,0.0410958904109589,5ebbc98dbd907dd8005e5a079d53d37321acce7a607ef1d5b680ecd4655c416b
routing_nominal_history,routing_nominal_history:seed96100002:epoch80,80,20,validation,96300001,u_0.20,0.2,73975347.26886831,0.47368421052631576,50.0,0.038461538461538464,5ebbc98dbd907dd8005e5a079d53d37321acce7a607ef1d5b680ecd4655c416b
routing_nominal_history,routing_nominal_history:seed96100002:epoch80,80,20,validation,96300001,u_0.30,0.3,73877654.28084438,0.47368421052631576,50.0,0.03614457831325301,5ebbc98dbd907dd8005e5a079d53d37321acce7a607ef1d5b680ecd4655c416b
routing_nominal_history,routing_nominal_history:seed96100002:epoch80,80,20,validation,96300001,u_0.40,0.4,73253791.38295797,0.47368421052631576,49.0,0.03409090909090909,5ebbc98dbd907dd8005e5a079d53d37321acce7a607ef1d5b680ecd4655c416b
routing_nominal_history,routing_nominal_history:seed96100002:epoch80,80,20,validation,96300001,u_0.50,0.5,72377230.48577696,0.47368421052631576,48.0,0.030612244897959183,5ebbc98dbd907dd8005e5a079d53d37321acce7a607ef1d5b680ecd4655c416b
routing_nominal_history,routing_nominal_history:seed96100002:epoch80,80,20,validation,96300001,u_0.60,0.6,71800707.58930138,0.47368421052631576,47.0,0.02912621359223301,5ebbc98dbd907dd8005e5a079d53d37321acce7a607ef1d5b680ecd4655c416b
routing_nominal_history,routing_nominal_history:seed96100002:epoch80,80,20,validation,96300001,u_0.70,0.7,71772694.59353122,0.47368421052631576,47.0,0.027777777777777776,5ebbc98dbd907dd8005e5a079d53d37321acce7a607ef1d5b680ecd4655c416b
routing_nominal_history,routing_nominal_history:seed96100002:epoch80,80,20,validation,96300001,u_0.80,0.8,71078761.71961571,0.47368421052631576,46.0,0.025423728813559324,5ebbc98dbd907dd8005e5a079d53d37321acce7a607ef1d5b680ecd4655c416b
routing_nominal_history,routing_nominal_history:seed96100002:epoch80,80,20,validation,96300001,u_0.90,0.9,71374456.70410718,0.47368421052631576,46.0,0.025423728813559324,5ebbc98dbd907dd8005e5a079d53d37321acce7a607ef1d5b680ecd4655c416b
routing_nominal_history,routing_nominal_history:seed96100002:epoch80,80,20,validation,96300001,u_1.00,1.0,68277136.18577696,0.47368421052631576,41.0,0.022556390977443608,5ebbc98dbd907dd8005e5a079d53d37321acce7a607ef1d5b680ecd4655c416b
routing_nominal_history,routing_nominal_history:seed96100002:epoch80,80,20,validation,96300002,anchor,-1.0,72997384.3236178,0.47368421052631576,49.0,0.03614457831325301,5ebbc98dbd907dd8005e5a079d53d37321acce7a607ef1d5b680ecd4655c416b
routing_nominal_history,routing_nominal_history:seed96100002:epoch80,80,20,validation,96300002,u_0.00,0.0,75564347.92361781,0.47368421052631576,53.0,0.04411764705882353,5ebbc98dbd907dd8005e5a079d53d37321acce7a607ef1d5b680ecd4655c416b
routing_nominal_history,routing_nominal_history:seed96100002:epoch80,80,20,validation,96300002,u_0.10,0.1,75645682.88361238,0.47368421052631576,53.0,0.0410958904109589,5ebbc98dbd907dd8005e5a079d53d37321acce7a607ef1d5b680ecd4655c416b
routing_nominal_history,routing_nominal_history:seed96100002:epoch80,80,20,validation,96300002,u_0.20,0.2,73975347.26886831,0.47368421052631576,50.0,0.038461538461538464,5ebbc98dbd907dd8005e5a079d53d37321acce7a607ef1d5b680ecd4655c416b
routing_nominal_history,routing_nominal_history:seed96100002:epoch80,80,20,validation,96300002,u_0.30,0.3,73877654.28084438,0.47368421052631576,50.0,0.03614457831325301,5ebbc98dbd907dd8005e5a079d53d37321acce7a607ef1d5b680ecd4655c416b
routing_nominal_history,routing_nominal_history:seed96100002:epoch80,80,20,validation,96300002,u_0.40,0.4,73253791.38295797,0.47368421052631576,49.0,0.03409090909090909,5ebbc98dbd907dd8005e5a079d53d37321acce7a607ef1d5b680ecd4655c416b
routing_nominal_history,routing_nominal_history:seed96100002:epoch80,80,20,validation,96300002,u_0.50,0.5,72377230.48577696,0.47368421052631576,48.0,0.030612244897959183,5ebbc98dbd907dd8005e5a079d53d37321acce7a607ef1d5b680ecd4655c416b
routing_nominal_history,routing_nominal_history:seed96100002:epoch80,80,20,validation,96300002,u_0.60,0.6,71800707.58930138,0.47368421052631576,47.0,0.02912621359223301,5ebbc98dbd907dd8005e5a079d53d37321acce7a607ef1d5b680ecd4655c416b
routing_nominal_history,routing_nominal_history:seed96100002:epoch80,80,20,validation,96300002,u_0.70,0.7,71772694.59353122,0.47368421052631576,47.0,0.027777777777777776,5ebbc98dbd907dd8005e5a079d53d37321acce7a607ef1d5b680ecd4655c416b
routing_nominal_history,routing_nominal_history:seed96100002:epoch80,80,20,validation,96300002,u_0.80,0.8,71078761.71961571,0.47368421052631576,46.0,0.025423728813559324,5ebbc98dbd907dd8005e5a079d53d37321acce7a607ef1d5b680ecd4655c416b
routing_nominal_history,routing_nominal_history:seed96100002:epoch80,80,20,validation,96300002,u_0.90,0.9,71374456.70410718,0.47368421052631576,46.0,0.025423728813559324,5ebbc98dbd907dd8005e5a079d53d37321acce7a607ef1d5b680ecd4655c416b
routing_nominal_history,routing_nominal_history:seed96100002:epoch80,80,20,validation,96300002,u_1.00,1.0,68277136.18577696,0.47368421052631576,41.0,0.022556390977443608,5ebbc98dbd907dd8005e5a079d53d37321acce7a607ef1d5b680ecd4655c416b
routing_nominal_history,routing_nominal_history:seed96100002:epoch80,80,20,validation,96300003,anchor,-1.0,72997384.3236178,0.47368421052631576,49.0,0.03614457831325301,5ebbc98dbd907dd8005e5a079d53d37321acce7a607ef1d5b680ecd4655c416b
routing_nominal_history,routing_nominal_history:seed96100002:epoch80,80,20,validation,96300003,u_0.00,0.0,75564347.92361781,0.47368421052631576,53.0,0.04411764705882353,5ebbc98dbd907dd8005e5a079d53d37321acce7a607ef1d5b680ecd4655c416b
routing_nominal_history,routing_nominal_history:seed96100002:epoch80,80,20,validation,96300003,u_0.10,0.1,75645682.88361238,0.47368421052631576,53.0,0.0410958904109589,5ebbc98dbd907dd8005e5a079d53d37321acce7a607ef1d5b680ecd4655c416b
routing_nominal_history,routing_nominal_history:seed96100002:epoch80,80,20,validation,96300003,u_0.20,0.2,73975347.26886831,0.47368421052631576,50.0,0.038461538461538464,5ebbc98dbd907dd8005e5a079d53d37321acce7a607ef1d5b680ecd4655c416b
routing_nominal_history,routing_nominal_history:seed96100002:epoch80,80,20,validation,96300003,u_0.30,0.3,73877654.28084438,0.47368421052631576,50.0,0.03614457831325301,5ebbc98dbd907dd8005e5a079d53d37321acce7a607ef1d5b680ecd4655c416b
routing_nominal_history,routing_nominal_history:seed96100002:epoch80,80,20,validation,96300003,u_0.40,0.4,73253791.38295797,0.47368421052631576,49.0,0.03409090909090909,5ebbc98dbd907dd8005e5a079d53d37321acce7a607ef1d5b680ecd4655c416b
routing_nominal_history,routing_nominal_history:seed96100002:epoch80,80,20,validation,96300003,u_0.50,0.5,72377230.48577696,0.47368421052631576,48.0,0.030612244897959183,5ebbc98dbd907dd8005e5a079d53d37321acce7a607ef1d5b680ecd4655c416b
routing_nominal_history,routing_nominal_history:seed96100002:epoch80,80,20,validation,96300003,u_0.60,0.6,71800707.58930138,0.47368421052631576,47.0,0.02912621359223301,5ebbc98dbd907dd8005e5a079d53d37321acce7a607ef1d5b680ecd4655c416b
routing_nominal_history,routing_nominal_history:seed96100002:epoch80,80,20,validation,96300003,u_0.70,0.7,71772694.59353122,0.47368421052631576,47.0,0.027777777777777776,5ebbc98dbd907dd8005e5a079d53d37321acce7a607ef1d5b680ecd4655c416b
routing_nominal_history,routing_nominal_history:seed96100002:epoch80,80,20,validation,96300003,u_0.80,0.8,71078761.71961571,0.47368421052631576,46.0,0.025423728813559324,5ebbc98dbd907dd8005e5a079d53d37321acce7a607ef1d5b680ecd4655c416b
routing_nominal_history,routing_nominal_history:seed96100002:epoch80,80,20,validation,96300003,u_0.90,0.9,71374456.70410718,0.47368421052631576,46.0,0.025423728813559324,5ebbc98dbd907dd8005e5a079d53d37321acce7a607ef1d5b680ecd4655c416b
routing_nominal_history,routing_nominal_history:seed96100002:epoch80,80,20,validation,96300003,u_1.00,1.0,68277136.18577696,0.47368421052631576,41.0,0.022556390977443608,5ebbc98dbd907dd8005e5a079d53d37321acce7a607ef1d5b680ecd4655c416b
routing_nominal_history,routing_nominal_history:seed96100002:epoch80,80,20,validation,96300004,anchor,-1.0,72997384.3236178,0.47368421052631576,49.0,0.03614457831325301,5ebbc98dbd907dd8005e5a079d53d37321acce7a607ef1d5b680ecd4655c416b
routing_nominal_history,routing_nominal_history:seed96100002:epoch80,80,20,validation,96300004,u_0.00,0.0,75564347.92361781,0.47368421052631576,53.0,0.04411764705882353,5ebbc98dbd907dd8005e5a079d53d37321acce7a607ef1d5b680ecd4655c416b
routing_nominal_history,routing_nominal_history:seed96100002:epoch80,80,20,validation,96300004,u_0.10,0.1,75645682.88361238,0.47368421052631576,53.0,0.0410958904109589,5ebbc98dbd907dd8005e5a079d53d37321acce7a607ef1d5b680ecd4655c416b
routing_nominal_history,routing_nominal_history:seed96100002:epoch80,80,20,validation,96300004,u_0.20,0.2,73975347.26886831,0.47368421052631576,50.0,0.038461538461538464,5ebbc98dbd907dd8005e5a079d53d37321acce7a607ef1d5b680ecd4655c416b
routing_nominal_history,routing_nominal_history:seed96100002:epoch80,80,20,validation,96300004,u_0.30,0.3,73877654.28084438,0.47368421052631576,50.0,0.03614457831325301,5ebbc98dbd907dd8005e5a079d53d37321acce7a607ef1d5b680ecd4655c416b
routing_nominal_history,routing_nominal_history:seed96100002:epoch80,80,20,validation,96300004,u_0.40,0.4,73253791.38295797,0.47368421052631576,49.0,0.03409090909090909,5ebbc98dbd907dd8005e5a079d53d37321acce7a607ef1d5b680ecd4655c416b
routing_nominal_history,routing_nominal_history:seed96100002:epoch80,80,20,validation,96300004,u_0.50,0.5,72377230.48577696,0.47368421052631576,48.0,0.030612244897959183,5ebbc98dbd907dd8005e5a079d53d37321acce7a607ef1d5b680ecd4655c416b
routing_nominal_history,routing_nominal_history:seed96100002:epoch80,80,20,validation,96300004,u_0.60,0.6,71800707.58930138,0.47368421052631576,47.0,0.02912621359223301,5ebbc98dbd907dd8005e5a079d53d37321acce7a607ef1d5b680ecd4655c416b
routing_nominal_history,routing_nominal_history:seed96100002:epoch80,80,20,validation,96300004,u_0.70,0.7,71772694.59353122,0.47368421052631576,47.0,0.027777777777777776,5ebbc98dbd907dd8005e5a079d53d37321acce7a607ef1d5b680ecd4655c416b
routing_nominal_history,routing_nominal_history:seed96100002:epoch80,80,20,validation,96300004,u_0.80,0.8,71078761.71961571,0.47368421052631576,46.0,0.025423728813559324,5ebbc98dbd907dd8005e5a079d53d37321acce7a607ef1d5b680ecd4655c416b
routing_nominal_history,routing_nominal_history:seed96100002:epoch80,80,20,validation,96300004,u_0.90,0.9,71374456.70410718,0.47368421052631576,46.0,0.025423728813559324,5ebbc98dbd907dd8005e5a079d53d37321acce7a607ef1d5b680ecd4655c416b
routing_nominal_history,routing_nominal_history:seed96100002:epoch80,80,20,validation,96300004,u_1.00,1.0,68277136.18577696,0.47368421052631576,41.0,0.022556390977443608,5ebbc98dbd907dd8005e5a079d53d37321acce7a607ef1d5b680ecd4655c416b
routing_abrupt_regime_shift,routing_abrupt_regime_shift:seed96100000:epoch30,30,19,discovery,96200000,anchor,-1.0,829859446.5254495,0.720508166969147,601.0,0.025308641975308643,4b126522a5a475ff0eec8ae0dcbe7368c833452391bceae9849ad46654dd33a3
routing_abrupt_regime_shift,routing_abrupt_regime_shift:seed96100000:epoch30,30,19,discovery,96200000,u_0.00,0.0,838432115.2488731,0.7109800362976406,613.0,0.03037817730936144,4b126522a5a475ff0eec8ae0dcbe7368c833452391bceae9849ad46654dd33a3
routing_abrupt_regime_shift,routing_abrupt_regime_shift:seed96100000:epoch30,30,19,discovery,96200000,u_0.10,0.1,840164597.3105975,0.7087114337568058,616.0,0.028589185829707892,4b126522a5a475ff0eec8ae0dcbe7368c833452391bceae9849ad46654dd33a3
routing_abrupt_regime_shift,routing_abrupt_regime_shift:seed96100000:epoch30,30,19,discovery,96200000,u_0.20,0.2,835420276.1893387,0.7114337568058077,609.0,0.026658400495970243,4b126522a5a475ff0eec8ae0dcbe7368c833452391bceae9849ad46654dd33a3
routing_abrupt_regime_shift,routing_abrupt_regime_shift:seed96100000:epoch30,30,19,discovery,96200000,u_0.30,0.3,830531416.1144942,0.7146098003629764,600.0,0.025925925925925925,4b126522a5a475ff0eec8ae0dcbe7368c833452391bceae9849ad46654dd33a3
routing_abrupt_regime_shift,routing_abrupt_regime_shift:seed96100000:epoch30,30,19,discovery,96200000,u_0.40,0.4,827184737.8523203,0.7164246823956443,596.0,0.02586206896551724,4b126522a5a475ff0eec8ae0dcbe7368c833452391bceae9849ad46654dd33a3
routing_abrupt_regime_shift,routing_abrupt_regime_shift:seed96100000:epoch30,30,19,discovery,96200000,u_0.50,0.5,813813184.8005642,0.7250453720508166,580.0,0.025015253203172667,4b126522a5a475ff0eec8ae0dcbe7368c833452391bceae9849ad46654dd33a3
routing_abrupt_regime_shift,routing_abrupt_regime_shift:seed96100000:epoch30,30,19,discovery,96200000,u_0.60,0.6,806577516.2830541,0.7295825771324864,572.0,0.026060606060606062,4b126522a5a475ff0eec8ae0dcbe7368c833452391bceae9849ad46654dd33a3
routing_abrupt_regime_shift,routing_abrupt_regime_shift:seed96100000:epoch30,30,19,discovery,96200000,u_0.70,0.7,804797970.5279833,0.7318511796733213,569.0,0.02599758162031439,4b126522a5a475ff0eec8ae0dcbe7368c833452391bceae9849ad46654dd33a3
routing_abrupt_regime_shift,routing_abrupt_regime_shift:seed96100000:epoch30,30,19,discovery,96200000,u_0.80,0.8,787855623.4392177,0.7382032667876588,550.0,0.026081802015411975,4b126522a5a475ff0eec8ae0dcbe7368c833452391bceae9849ad46654dd33a3
routing_abrupt_regime_shift,routing_abrupt_regime_shift:seed96100000:epoch30,30,19,discovery,96200000,u_0.90,0.9,784550425.2722111,0.7400181488203267,546.0,0.02428909952606635,4b126522a5a475ff0eec8ae0dcbe7368c833452391bceae9849ad46654dd33a3
routing_abrupt_regime_shift,routing_abrupt_regime_shift:seed96100000:epoch30,30,19,discovery,96200000,u_1.00,1.0,796028536.5811063,0.7327586206896551,562.0,0.024624624624624624,4b126522a5a475ff0eec8ae0dcbe7368c833452391bceae9849ad46654dd33a3
routing_abrupt_regime_shift,routing_abrupt_regime_shift:seed96100000:epoch30,30,19,discovery,96200001,anchor,-1.0,800578009.2245785,0.746311280342694,602.0,0.03375,4b126522a5a475ff0eec8ae0dcbe7368c833452391bceae9849ad46654dd33a3
routing_abrupt_regime_shift,routing_abrupt_regime_shift:seed96100000:epoch30,30,19,discovery,96200001,u_0.00,0.0,808222610.6222085,0.7386958591147073,609.0,0.0370138017565872,4b126522a5a475ff0eec8ae0dcbe7368c833452391bceae9849ad46654dd33a3
routing_abrupt_regime_shift,routing_abrupt_regime_shift:seed96100000:epoch30,30,19,discovery,96200001,u_0.10,0.1,797225068.9491664,0.7444074250356972,601.0,0.03484754200373367,4b126522a5a475ff0eec8ae0dcbe7368c833452391bceae9849ad46654dd33a3
routing_abrupt_regime_shift,routing_abrupt_regime_shift:seed96100000:epoch30,30,19,discovery,96200001,u_0.20,0.2,791625656.8039612,0.7477391718229415,593.0,0.03225806451612903,4b126522a5a475ff0eec8ae0dcbe7368c833452391bceae9849ad46654dd33a3
routing_abrupt_regime_shift,routing_abrupt_regime_shift:seed96100000:epoch30,30,19,discovery,96200001,u_0.30,0.3,793675404.315926,0.7486910994764397,595.0,0.034203980099502485,4b126522a5a475ff0eec8ae0dcbe7368c833452391bceae9849ad46654dd33a3
routing_abrupt_regime_shift,routing_abrupt_regime_shift:seed96100000:epoch30,30,19,discovery,96200001,u_0.40,0.4,792910309.0976393,0.7510709186101856,593.0,0.034782608695652174,4b126522a5a475ff0eec8ae0dcbe7368c833452391bceae9849ad46654dd33a3
routing_abrupt_regime_shift,routing_abrupt_regime_shift:seed96100000:epoch30,30,19,discovery,96200001,u_0.50,0.5,778745715.5831982,0.7596382674916706,578.0,0.03437691835481891,4b126522a5a475ff0eec8ae0dcbe7368c833452391bceae9849ad46654dd33a3
routing_abrupt_regime_shift,routing_abrupt_regime_shift:seed96100000:epoch30,30,19,discovery,96200001,u_0.60,0.6,765248628.4532323,0.7667777248929082,562.0,0.03402187120291616,4b126522a5a475ff0eec8ae0dcbe7368c833452391bceae9849ad46654dd33a3
routing_abrupt_regime_shift,routing_abrupt_regime_shift:seed96100000:epoch30,30,19,discovery,96200001,u_0.70,0.7,764396383.845916,0.7677296525464065,561.0,0.03456640388114009,4b126522a5a475ff0eec8ae0dcbe7368c833452391bceae9849ad46654dd33a3
routing_abrupt_regime_shift,routing_abrupt_regime_shift:seed96100000:epoch30,30,19,discovery,96200001,u_0.80,0.8,759222980.3592471,0.7724892908138982,554.0,0.03145795523290986,4b126522a5a475ff0eec8ae0dcbe7368c833452391bceae9849ad46654dd33a3
routing_abrupt_regime_shift,routing_abrupt_regime_shift:seed96100000:epoch30,30,19,discovery,96200001,u_0.90,0.9,758803769.0896752,0.7734412184673964,553.0,0.03141993957703928,4b126522a5a475ff0eec8ae0dcbe7368c833452391bceae9849ad46654dd33a3
routing_abrupt_regime_shift,routing_abrupt_regime_shift:seed96100000:epoch30,30,19,discovery,96200001,u_1.00,1.0,757413586.6218581,0.7762970014278915,550.0,0.030797101449275364,4b126522a5a475ff0eec8ae0dcbe7368c833452391bceae9849ad46654dd33a3
routing_abrupt_regime_shift,routing_abrupt_regime_shift:seed96100000:epoch30,30,19,discovery,96200002,anchor,-1.0,837009909.5686574,0.7231481481481481,621.0,0.03377110694183865,4b126522a5a475ff0eec8ae0dcbe7368c833452391bceae9849ad46654dd33a3
routing_abrupt_regime_shift,routing_abrupt_regime_shift:seed96100000:epoch30,30,19,discovery,96200002,u_0.00,0.0,837138023.1308718,0.7208333333333333,626.0,0.03682896379525593,4b126522a5a475ff0eec8ae0dcbe7368c833452391bceae9849ad46654dd33a3
routing_abrupt_regime_shift,routing_abrupt_regime_shift:seed96100000:epoch30,30,19,discovery,96200002,u_0.10,0.1,831298974.3248045,0.7268518518518519,616.0,0.0377008652657602,4b126522a5a475ff0eec8ae0dcbe7368c833452391bceae9849ad46654dd33a3
routing_abrupt_regime_shift,routing_abrupt_regime_shift:seed96100000:epoch30,30,19,discovery,96200002,u_0.20,0.2,826186794.2347796,0.7305555555555555,608.0,0.033950617283950615,4b126522a5a475ff0eec8ae0dcbe7368c833452391bceae9849ad46654dd33a3
routing_abrupt_regime_shift,routing_abrupt_regime_shift:seed96100000:epoch30,30,19,discovery,96200002,u_0.30,0.3,819035868.8410584,0.7356481481481482,600.0,0.03249540159411404,4b126522a5a475ff0eec8ae0dcbe7368c833452391bceae9849ad46654dd33a3
routing_abrupt_regime_shift,routing_abrupt_regime_shift:seed96100000:epoch30,30,19,discovery,96200002,u_0.40,0.4,817747535.7131793,0.736574074074074,599.0,0.03363914373088685,4b126522a5a475ff0eec8ae0dcbe7368c833452391bceae9849ad46654dd33a3
routing_abrupt_regime_shift,routing_abrupt_regime_shift:seed96100000:epoch30,30,19,discovery,96200002,u_0.50,0.5,805119734.9681442,0.7458333333333333,580.0,0.029787234042553193,4b126522a5a475ff0eec8ae0dcbe7368c833452391bceae9849ad46654dd33a3
routing_abrupt_regime_shift,routing_abrupt_regime_shift:seed96100000:epoch30,30,19,discovery,96200002,u_0.60,0.6,797209515.8079582,0.7518518518518519,571.0,0.029678982434887948,4b126522a5a475ff0eec8ae0dcbe7368c833452391bceae9849ad46654dd33a3
routing_abrupt_regime_shift,routing_abrupt_regime_shift:seed96100000:epoch30,30,19,discovery,96200002,u_0.70,0.7,794429252.9147435,0.7537037037037037,568.0,0.029607250755287008,4b126522a5a475ff0eec8ae0dcbe7368c833452391bceae9849ad46654dd33a3
routing_abrupt_regime_shift,routing_abrupt_regime_shift:seed96100000:epoch30,30,19,discovery,96200002,u_0.80,0.8,784640494.6151797,0.7606481481481482,559.0,0.02981514609421586,4b126522a5a475ff0eec8ae0dcbe7368c833452391bceae9849ad46654dd33a3
routing_abrupt_regime_shift,routing_abrupt_regime_shift:seed96100000:epoch30,30,19,discovery,96200002,u_0.90,0.9,784797486.0750899,0.7606481481481482,558.0,0.029236276849642005,4b126522a5a475ff0eec8ae0dcbe7368c833452391bceae9849ad46654dd33a3
routing_abrupt_regime_shift,routing_abrupt_regime_shift:seed96100000:epoch30,30,19,discovery,96200002,u_1.00,1.0,791521339.5196254,0.7532407407407408,572.0,0.029607250755287008,4b126522a5a475ff0eec8ae0dcbe7368c833452391bceae9849ad46654dd33a3
routing_abrupt_regime_shift,routing_abrupt_regime_shift:seed96100000:epoch30,30,19,validation,96300000,anchor,-1.0,892723514.9113078,0.7060948081264108,668.0,0.03522012578616352,4b126522a5a475ff0eec8ae0dcbe7368c833452391bceae9849ad46654dd33a3
routing_abrupt_regime_shift,routing_abrupt_regime_shift:seed96100000:epoch30,30,19,validation,96300000,u_0.00,0.0,890985120.148418,0.7029345372460497,666.0,0.036921151439299124,4b126522a5a475ff0eec8ae0dcbe7368c833452391bceae9849ad46654dd33a3
routing_abrupt_regime_shift,routing_abrupt_regime_shift:seed96100000:epoch30,30,19,validation,96300000,u_0.10,0.1,894866226.8958842,0.7006772009029345,672.0,0.03560274828232355,4b126522a5a475ff0eec8ae0dcbe7368c833452391bceae9849ad46654dd33a3
routing_abrupt_regime_shift,routing_abrupt_regime_shift:seed96100000:epoch30,30,19,validation,96300000,u_0.20,0.2,891291053.207375,0.7033860045146727,668.0,0.03426791277258567,4b126522a5a475ff0eec8ae0dcbe7368c833452391bceae9849ad46654dd33a3
routing_abrupt_regime_shift,routing_abrupt_regime_shift:seed96100000:epoch30,30,19,validation,96300000,u_0.30,0.3,883410577.9869797,0.7097065462753951,656.0,0.03580246913580247,4b126522a5a475ff0eec8ae0dcbe7368c833452391bceae9849ad46654dd33a3
routing_abrupt_regime_shift,routing_abrupt_regime_shift:seed96100000:epoch30,30,19,validation,96300000,u_0.40,0.4,880465049.3960449,0.7115124153498872,652.0,0.03571428571428571,4b126522a5a475ff0eec8ae0dcbe7368c833452391bceae9849ad46654dd33a3
routing_abrupt_regime_shift,routing_abrupt_regime_shift:seed96100000:epoch30,30,19,validation,96300000,u_0.50,0.5,881589118.5645156,0.7106094808126411,656.0,0.033950617283950615,4b126522a5a475ff0eec8ae0dcbe7368c833452391bceae9849ad46654dd33a3
routing_abrupt_regime_shift,routing_abrupt_regime_shift:seed96100000:epoch30,30,19,validation,96300000,u_0.60,0.6,868625217.8050207,0.7178329571106095,639.0,0.03182374541003672,4b126522a5a475ff0eec8ae0dcbe7368c833452391bceae9849ad46654dd33a3
routing_abrupt_regime_shift,routing_abrupt_regime_shift:seed96100000:epoch30,30,19,validation,96300000,u_0.70,0.7,865322216.2156392,0.7209932279909707,634.0,0.031097560975609756,4b126522a5a475ff0eec8ae0dcbe7368c833452391bceae9849ad46654dd33a3
routing_abrupt_regime_shift,routing_abrupt_regime_shift:seed96100000:epoch30,30,19,validation,96300000,u_0.80,0.8,865321539.251828,0.7209932279909707,634.0,0.030543677458766034,4b126522a5a475ff0eec8ae0dcbe7368c833452391bceae9849ad46654dd33a3
routing_abrupt_regime_shift,routing_abrupt_regime_shift:seed96100000:epoch30,30,19,validation,96300000,u_0.90,0.9,866031320.2493712,0.7209932279909707,634.0,0.030562347188264057,4b126522a5a475ff0eec8ae0dcbe7368c833452391bceae9849ad46654dd33a3
routing_abrupt_regime_shift,routing_abrupt_regime_shift:seed96100000:epoch30,30,19,validation,96300000,u_1.00,1.0,853030886.261053,0.728216704288939,617.0,0.029073288915808602,4b126522a5a475ff0eec8ae0dcbe7368c833452391bceae9849ad46654dd33a3
routing_abrupt_regime_shift,routing_abrupt_regime_shift:seed96100000:epoch30,30,19,validation,96300001,anchor,-1.0,800001193.1732143,0.7523496240601504,580.0,0.019230769230769232,4b126522a5a475ff0eec8ae0dcbe7368c833452391bceae9849ad46654dd33a3
routing_abrupt_regime_shift,routing_abrupt_regime_shift:seed96100000:epoch30,30,19,validation,96300001,u_0.00,0.0,808906347.3746095,0.7420112781954887,591.0,0.02372034956304619,4b126522a5a475ff0eec8ae0dcbe7368c833452391bceae9849ad46654dd33a3
routing_abrupt_regime_shift,routing_abrupt_regime_shift:seed96100000:epoch30,30,19,validation,96300001,u_0.10,0.1,811090088.0692987,0.7410714285714286,595.0,0.025577043044291953,4b126522a5a475ff0eec8ae0dcbe7368c833452391bceae9849ad46654dd33a3
routing_abrupt_regime_shift,routing_abrupt_regime_shift:seed96100000:epoch30,30,19,validation,96300001,u_0.20,0.2,809583936.6753458,0.7429511278195489,591.0,0.025497512437810944,4b126522a5a475ff0eec8ae0dcbe7368c833452391bceae9849ad46654dd33a3
routing_abrupt_regime_shift,routing_abrupt_regime_shift:seed96100000:epoch30,30,19,validation,96300001,u_0.30,0.3,799427744.3304174,0.7485902255639098,580.0,0.024103831891223733,4b126522a5a475ff0eec8ae0dcbe7368c833452391bceae9849ad46654dd33a3
routing_abrupt_regime_shift,routing_abrupt_regime_shift:seed96100000:epoch30,30,19,validation,96300001,u_0.40,0.4,796365079.8089446,0.7509398496240601,576.0,0.02342786683107275,4b126522a5a475ff0eec8ae0dcbe7368c833452391bceae9849ad46654dd33a3
routing_abrupt_regime_shift,routing_abrupt_regime_shift:seed96100000:epoch30,30,19,validation,96300001,u_0.50,0.5,785900014.4342605,0.7584586466165414,560.0,0.02378048780487805,4b126522a5a475ff0eec8ae0dcbe7368c833452391bceae9849ad46654dd33a3
routing_abrupt_regime_shift,routing_abrupt_regime_shift:seed96100000:epoch30,30,19,validation,96300001,u_0.60,0.6,781254706.2015713,0.7617481203007519,556.0,0.02370820668693009,4b126522a5a475ff0eec8ae0dcbe7368c833452391bceae9849ad46654dd33a3
routing_abrupt_regime_shift,routing_abrupt_regime_shift:seed96100000:epoch30,30,19,validation,96300001,u_0.70,0.7,778253180.2938343,0.7645676691729323,554.0,0.022451456310679612,4b126522a5a475ff0eec8ae0dcbe7368c833452391bceae9849ad46654dd33a3
routing_abrupt_regime_shift,routing_abrupt_regime_shift:seed96100000:epoch30,30,19,validation,96300001,u_0.80,0.8,777874870.0252686,0.7659774436090225,551.0,0.02360774818401937,4b126522a5a475ff0eec8ae0dcbe7368c833452391bceae9849ad46654dd33a3
routing_abrupt_regime_shift,routing_abrupt_regime_shift:seed96100000:epoch30,30,19,validation,96300001,u_0.90,0.9,776334954.1253777,0.7673872180451128,548.0,0.023564954682779457,4b126522a5a475ff0eec8ae0dcbe7368c833452391bceae9849ad46654dd33a3
routing_abrupt_regime_shift,routing_abrupt_regime_shift:seed96100000:epoch30,30,19,validation,96300001,u_1.00,1.0,773388557.2430981,0.768796992481203,549.0,0.019987886129618413,4b126522a5a475ff0eec8ae0dcbe7368c833452391bceae9849ad46654dd33a3
routing_abrupt_regime_shift,routing_abrupt_regime_shift:seed96100000:epoch30,30,19,validation,96300002,anchor,-1.0,779071891.6096762,0.7407753386268099,555.0,0.024375,4b126522a5a475ff0eec8ae0dcbe7368c833452391bceae9849ad46654dd33a3
routing_abrupt_regime_shift,routing_abrupt_regime_shift:seed96100000:epoch30,30,19,validation,96300002,u_0.00,0.0,789183454.6047741,0.73190098085007,571.0,0.027061044682190057,4b126522a5a475ff0eec8ae0dcbe7368c833452391bceae9849ad46654dd33a3
routing_abrupt_regime_shift,routing_abrupt_regime_shift:seed96100000:epoch30,30,19,validation,96300002,u_0.10,0.1,780849089.8429717,0.7379729098552078,558.0,0.026151930261519303,4b126522a5a475ff0eec8ae0dcbe7368c833452391bceae9849ad46654dd33a3
routing_abrupt_regime_shift,routing_abrupt_regime_shift:seed96100000:epoch30,30,19,validation,96300002,u_0.20,0.2,776725952.0043089,0.7412424100887436,553.0,0.024253731343283583,4b126522a5a475ff0eec8ae0dcbe7368c833452391bceae9849ad46654dd33a3
routing_abrupt_regime_shift,routing_abrupt_regime_shift:seed96100000:epoch30,30,19,validation,96300002,u_0.30,0.3,769927923.6548994,0.7431106959364783,548.0,0.023587833643699565,4b126522a5a475ff0eec8ae0dcbe7368c833452391bceae9849ad46654dd33a3
routing_abrupt_regime_shift,routing_abrupt_regime_shift:seed96100000:epoch30,30,19,validation,96300002,u_0.40,0.4,767041237.5348804,0.744978981784213,544.0,0.023529411764705882,4b126522a5a475ff0eec8ae0dcbe7368c833452391bceae9849ad46654dd33a3
routing_abrupt_regime_shift,routing_abrupt_regime_shift:seed96100000:epoch30,30,19,validation,96300002,u_0.50,0.5,761037867.2087762,0.7533862680990191,533.0,0.023442319555829736,4b126522a5a475ff0eec8ae0dcbe7368c833452391bceae9849ad46654dd33a3
routing_abrupt_regime_shift,routing_abrupt_regime_shift:seed96100000:epoch30,30,19,validation,96300002,u_0.60,0.6,749135737.6083217,0.7603923400280242,520.0,0.023255813953488372,4b126522a5a475ff0eec8ae0dcbe7368c833452391bceae9849ad46654dd33a3
routing_abrupt_regime_shift,routing_abrupt_regime_shift:seed96100000:epoch30,30,19,validation,96300002,u_0.70,0.7,747855973.7768791,0.7627276973376926,519.0,0.023794996949359364,4b126522a5a475ff0eec8ae0dcbe7368c833452391bceae9849ad46654dd33a3
routing_abrupt_regime_shift,routing_abrupt_regime_shift:seed96100000:epoch30,30,19,validation,96300002,u_0.80,0.8,745900002.2712116,0.765063054647361,516.0,0.023114355231143552,4b126522a5a475ff0eec8ae0dcbe7368c833452391bceae9849ad46654dd33a3
routing_abrupt_regime_shift,routing_abrupt_regime_shift:seed96100000:epoch30,30,19,validation,96300002,u_0.90,0.9,745674072.5873455,0.765063054647361,514.0,0.023114355231143552,4b126522a5a475ff0eec8ae0dcbe7368c833452391bceae9849ad46654dd33a3
routing_abrupt_regime_shift,routing_abrupt_regime_shift:seed96100000:epoch30,30,19,validation,96300002,u_1.00,1.0,736349709.273754,0.7716020551144325,507.0,0.022960725075528703,4b126522a5a475ff0eec8ae0dcbe7368c833452391bceae9849ad46654dd33a3
routing_abrupt_regime_shift,routing_abrupt_regime_shift:seed96100000:epoch30,30,19,validation,96300003,anchor,-1.0,890065992.8292217,0.7142197599261311,669.0,0.025161290322580646,4b126522a5a475ff0eec8ae0dcbe7368c833452391bceae9849ad46654dd33a3
routing_abrupt_regime_shift,routing_abrupt_regime_shift:seed96100000:epoch30,30,19,validation,96300003,u_0.00,0.0,893035669.7016302,0.7091412742382271,674.0,0.02711426726920594,4b126522a5a475ff0eec8ae0dcbe7368c833452391bceae9849ad46654dd33a3
routing_abrupt_regime_shift,routing_abrupt_regime_shift:seed96100000:epoch30,30,19,validation,96300003,u_0.10,0.1,894109866.5420398,0.7077562326869806,676.0,0.0278137128072445,4b126522a5a475ff0eec8ae0dcbe7368c833452391bceae9849ad46654dd33a3
routing_abrupt_regime_shift,routing_abrupt_regime_shift:seed96100000:epoch30,30,19,validation,96300003,u_0.20,0.2,893599706.1519557,0.7077562326869806,676.0,0.02655440414507772,4b126522a5a475ff0eec8ae0dcbe7368c833452391bceae9849ad46654dd33a3
routing_abrupt_regime_shift,routing_abrupt_regime_shift:seed96100000:epoch30,30,19,validation,96300003,u_0.30,0.3,884931615.0902337,0.7123730378578024,665.0,0.02699228791773779,4b126522a5a475ff0eec8ae0dcbe7368c833452391bceae9849ad46654dd33a3
routing_abrupt_regime_shift,routing_abrupt_regime_shift:seed96100000:epoch30,30,19,validation,96300003,u_0.40,0.4,883352953.9657798,0.7142197599261311,663.0,0.026923076923076925,4b126522a5a475ff0eec8ae0dcbe7368c833452391bceae9849ad46654dd33a3
routing_abrupt_regime_shift,routing_abrupt_regime_shift:seed96100000:epoch30,30,19,validation,96300003,u_0.50,0.5,867287229.0229423,0.7271468144044322,650.0,0.025236593059936908,4b126522a5a475ff0eec8ae0dcbe7368c833452391bceae9849ad46654dd33a3
routing_abrupt_regime_shift,routing_abrupt_regime_shift:seed96100000:epoch30,30,19,validation,96300003,u_0.60,0.6,857014231.092366,0.734533702677747,636.0,0.026151930261519303,4b126522a5a475ff0eec8ae0dcbe7368c833452391bceae9849ad46654dd33a3
routing_abrupt_regime_shift,routing_abrupt_regime_shift:seed96100000:epoch30,30,19,validation,96300003,u_0.70,0.7,855568490.2680097,0.7359187442289935,633.0,0.026119402985074626,4b126522a5a475ff0eec8ae0dcbe7368c833452391bceae9849ad46654dd33a3
routing_abrupt_regime_shift,routing_abrupt_regime_shift:seed96100000:epoch30,30,19,validation,96300003,u_0.80,0.8,852472224.5697501,0.7368421052631579,630.0,0.025386996904024767,4b126522a5a475ff0eec8ae0dcbe7368c833452391bceae9849ad46654dd33a3
routing_abrupt_regime_shift,routing_abrupt_regime_shift:seed96100000:epoch30,30,19,validation,96300003,u_0.90,0.9,850714725.2328674,0.7386888273314867,628.0,0.0253242742433601,4b126522a5a475ff0eec8ae0dcbe7368c833452391bceae9849ad46654dd33a3
routing_abrupt_regime_shift,routing_abrupt_regime_shift:seed96100000:epoch30,30,19,validation,96300003,u_1.00,1.0,844084781.9413096,0.7428439519852262,621.0,0.022699386503067485,4b126522a5a475ff0eec8ae0dcbe7368c833452391bceae9849ad46654dd33a3
routing_abrupt_regime_shift,routing_abrupt_regime_shift:seed96100000:epoch30,30,19,validation,96300004,anchor,-1.0,845632888.2999713,0.714742126882702,625.0,0.0299625468164794,4b126522a5a475ff0eec8ae0dcbe7368c833452391bceae9849ad46654dd33a3
routing_abrupt_regime_shift,routing_abrupt_regime_shift:seed96100000:epoch30,30,19,validation,96300004,u_0.00,0.0,845043619.42731,0.7124600638977636,635.0,0.032439176543980035,4b126522a5a475ff0eec8ae0dcbe7368c833452391bceae9849ad46654dd33a3
routing_abrupt_regime_shift,routing_abrupt_regime_shift:seed96100000:epoch30,30,19,validation,96300004,u_0.10,0.1,844851019.8263558,0.714742126882702,635.0,0.0328580285182889,4b126522a5a475ff0eec8ae0dcbe7368c833452391bceae9849ad46654dd33a3
routing_abrupt_regime_shift,routing_abrupt_regime_shift:seed96100000:epoch30,30,19,validation,96300004,u_0.20,0.2,848578093.8470706,0.7129164764947512,637.0,0.0330630068621335,4b126522a5a475ff0eec8ae0dcbe7368c833452391bceae9849ad46654dd33a3
routing_abrupt_regime_shift,routing_abrupt_regime_shift:seed96100000:epoch30,30,19,validation,96300004,u_0.30,0.3,837775783.509208,0.720219078046554,622.0,0.030959752321981424,4b126522a5a475ff0eec8ae0dcbe7368c833452391bceae9849ad46654dd33a3
routing_abrupt_regime_shift,routing_abrupt_regime_shift:seed96100000:epoch30,30,19,validation,96300004,u_0.40,0.4,835860800.4227467,0.7206754906435417,621.0,0.030883261272390366,4b126522a5a475ff0eec8ae0dcbe7368c833452391bceae9849ad46654dd33a3
routing_abrupt_regime_shift,routing_abrupt_regime_shift:seed96100000:epoch30,30,19,validation,96300004,u_0.50,0.5,820615986.2009679,0.7307165677772707,601.0,0.02926829268292683,4b126522a5a475ff0eec8ae0dcbe7368c833452391bceae9849ad46654dd33a3
routing_abrupt_regime_shift,routing_abrupt_regime_shift:seed96100000:epoch30,30,19,validation,96300004,u_0.60,0.6,811875927.6008195,0.7357371063441351,592.0,0.030797101449275364,4b126522a5a475ff0eec8ae0dcbe7368c833452391bceae9849ad46654dd33a3
routing_abrupt_regime_shift,routing_abrupt_regime_shift:seed96100000:epoch30,30,19,validation,96300004,u_0.70,0.7,809847058.2065012,0.7361935189411227,590.0,0.030175015087507542,4b126522a5a475ff0eec8ae0dcbe7368c833452391bceae9849ad46654dd33a3
routing_abrupt_regime_shift,routing_abrupt_regime_shift:seed96100000:epoch30,30,19,validation,96300004,u_0.80,0.8,811199861.7642925,0.7348242811501597,592.0,0.02792956891317547,4b126522a5a475ff0eec8ae0dcbe7368c833452391bceae9849ad46654dd33a3
routing_abrupt_regime_shift,routing_abrupt_regime_shift:seed96100000:epoch30,30,19,validation,96300004,u_0.90,0.9,809365936.1187996,0.7366499315381104,587.0,0.027878787878787878,4b126522a5a475ff0eec8ae0dcbe7368c833452391bceae9849ad46654dd33a3
routing_abrupt_regime_shift,routing_abrupt_regime_shift:seed96100000:epoch30,30,19,validation,96300004,u_1.00,1.0,790275568.1787722,0.7448653582838887,570.0,0.02623732856290996,4b126522a5a475ff0eec8ae0dcbe7368c833452391bceae9849ad46654dd33a3
routing_abrupt_regime_shift,routing_abrupt_regime_shift:seed96100000:epoch55,55,18,discovery,96200000,anchor,-1.0,37813783.66149986,0.6981132075471698,27.0,0.07042253521126761,4b126522a5a475ff0eec8ae0dcbe7368c833452391bceae9849ad46654dd33a3
routing_abrupt_regime_shift,routing_abrupt_regime_shift:seed96100000:epoch55,55,18,discovery,96200000,u_0.00,0.0,38031343.26114859,0.6981132075471698,27.0,0.08333333333333333,4b126522a5a475ff0eec8ae0dcbe7368c833452391bceae9849ad46654dd33a3
routing_abrupt_regime_shift,routing_abrupt_regime_shift:seed96100000:epoch55,55,18,discovery,96200000,u_0.10,0.1,37573058.58143629,0.6981132075471698,26.0,0.07692307692307693,4b126522a5a475ff0eec8ae0dcbe7368c833452391bceae9849ad46654dd33a3
routing_abrupt_regime_shift,routing_abrupt_regime_shift:seed96100000:epoch55,55,18,discovery,96200000,u_0.20,0.2,37607396.0673482,0.6981132075471698,26.0,0.07352941176470588,4b126522a5a475ff0eec8ae0dcbe7368c833452391bceae9849ad46654dd33a3
routing_abrupt_regime_shift,routing_abrupt_regime_shift:seed96100000:epoch55,55,18,discovery,96200000,u_0.30,0.3,36303851.078854874,0.6981132075471698,24.0,0.06666666666666667,4b126522a5a475ff0eec8ae0dcbe7368c833452391bceae9849ad46654dd33a3
routing_abrupt_regime_shift,routing_abrupt_regime_shift:seed96100000:epoch55,55,18,discovery,96200000,u_0.40,0.4,36324300.28088798,0.6981132075471698,24.0,0.0641025641025641,4b126522a5a475ff0eec8ae0dcbe7368c833452391bceae9849ad46654dd33a3
routing_abrupt_regime_shift,routing_abrupt_regime_shift:seed96100000:epoch55,55,18,discovery,96200000,u_0.50,0.5,35365667.18361311,0.6981132075471698,23.0,0.05555555555555555,4b126522a5a475ff0eec8ae0dcbe7368c833452391bceae9849ad46654dd33a3
routing_abrupt_regime_shift,routing_abrupt_regime_shift:seed96100000:epoch55,55,18,discovery,96200000,u_0.60,0.6,34332876.58703025,0.6981132075471698,21.0,0.053763440860215055,4b126522a5a475ff0eec8ae0dcbe7368c833452391bceae9849ad46654dd33a3
routing_abrupt_regime_shift,routing_abrupt_regime_shift:seed96100000:epoch55,55,18,discovery,96200000,u_0.70,0.7,33772598.691513956,0.6981132075471698,20.0,0.05102040816326531,4b126522a5a475ff0eec8ae0dcbe7368c833452391bceae9849ad46654dd33a3
routing_abrupt_regime_shift,routing_abrupt_regime_shift:seed96100000:epoch55,55,18,discovery,96200000,u_0.80,0.8,33059720.016860824,0.6981132075471698,19.0,0.04716981132075472,4b126522a5a475ff0eec8ae0dcbe7368c833452391bceae9849ad46654dd33a3
routing_abrupt_regime_shift,routing_abrupt_regime_shift:seed96100000:epoch55,55,18,discovery,96200000,u_0.90,0.9,33246542.80180827,0.6981132075471698,19.0,0.046296296296296294,4b126522a5a475ff0eec8ae0dcbe7368c833452391bceae9849ad46654dd33a3
routing_abrupt_regime_shift,routing_abrupt_regime_shift:seed96100000:epoch55,55,18,discovery,96200000,u_1.00,1.0,31803896.183987673,0.6981132075471698,17.0,0.04132231404958678,4b126522a5a475ff0eec8ae0dcbe7368c833452391bceae9849ad46654dd33a3
routing_abrupt_regime_shift,routing_abrupt_regime_shift:seed96100000:epoch55,55,18,discovery,96200001,anchor,-1.0,37813783.66149986,0.6981132075471698,27.0,0.07042253521126761,4b126522a5a475ff0eec8ae0dcbe7368c833452391bceae9849ad46654dd33a3
routing_abrupt_regime_shift,routing_abrupt_regime_shift:seed96100000:epoch55,55,18,discovery,96200001,u_0.00,0.0,38031343.26114859,0.6981132075471698,27.0,0.08333333333333333,4b126522a5a475ff0eec8ae0dcbe7368c833452391bceae9849ad46654dd33a3
routing_abrupt_regime_shift,routing_abrupt_regime_shift:seed96100000:epoch55,55,18,discovery,96200001,u_0.10,0.1,37573058.58143629,0.6981132075471698,26.0,0.07692307692307693,4b126522a5a475ff0eec8ae0dcbe7368c833452391bceae9849ad46654dd33a3
routing_abrupt_regime_shift,routing_abrupt_regime_shift:seed96100000:epoch55,55,18,discovery,96200001,u_0.20,0.2,37607396.0673482,0.6981132075471698,26.0,0.07352941176470588,4b126522a5a475ff0eec8ae0dcbe7368c833452391bceae9849ad46654dd33a3
routing_abrupt_regime_shift,routing_abrupt_regime_shift:seed96100000:epoch55,55,18,discovery,96200001,u_0.30,0.3,36303851.078854874,0.6981132075471698,24.0,0.06666666666666667,4b126522a5a475ff0eec8ae0dcbe7368c833452391bceae9849ad46654dd33a3
routing_abrupt_regime_shift,routing_abrupt_regime_shift:seed96100000:epoch55,55,18,discovery,96200001,u_0.40,0.4,36324300.28088798,0.6981132075471698,24.0,0.0641025641025641,4b126522a5a475ff0eec8ae0dcbe7368c833452391bceae9849ad46654dd33a3
routing_abrupt_regime_shift,routing_abrupt_regime_shift:seed96100000:epoch55,55,18,discovery,96200001,u_0.50,0.5,35365667.18361311,0.6981132075471698,23.0,0.05555555555555555,4b126522a5a475ff0eec8ae0dcbe7368c833452391bceae9849ad46654dd33a3
routing_abrupt_regime_shift,routing_abrupt_regime_shift:seed96100000:epoch55,55,18,discovery,96200001,u_0.60,0.6,34332876.58703025,0.6981132075471698,21.0,0.053763440860215055,4b126522a5a475ff0eec8ae0dcbe7368c833452391bceae9849ad46654dd33a3
routing_abrupt_regime_shift,routing_abrupt_regime_shift:seed96100000:epoch55,55,18,discovery,96200001,u_0.70,0.7,33772598.691513956,0.6981132075471698,20.0,0.05102040816326531,4b126522a5a475ff0eec8ae0dcbe7368c833452391bceae9849ad46654dd33a3
routing_abrupt_regime_shift,routing_abrupt_regime_shift:seed96100000:epoch55,55,18,discovery,96200001,u_0.80,0.8,33059720.016860824,0.6981132075471698,19.0,0.04716981132075472,4b126522a5a475ff0eec8ae0dcbe7368c833452391bceae9849ad46654dd33a3
routing_abrupt_regime_shift,routing_abrupt_regime_shift:seed96100000:epoch55,55,18,discovery,96200001,u_0.90,0.9,33246542.80180827,0.6981132075471698,19.0,0.046296296296296294,4b126522a5a475ff0eec8ae0dcbe7368c833452391bceae9849ad46654dd33a3
routing_abrupt_regime_shift,routing_abrupt_regime_shift:seed96100000:epoch55,55,18,discovery,96200001,u_1.00,1.0,31803896.183987673,0.6981132075471698,17.0,0.04132231404958678,4b126522a5a475ff0eec8ae0dcbe7368c833452391bceae9849ad46654dd33a3
routing_abrupt_regime_shift,routing_abrupt_regime_shift:seed96100000:epoch55,55,18,discovery,96200002,anchor,-1.0,37813783.66149986,0.6981132075471698,27.0,0.07042253521126761,4b126522a5a475ff0eec8ae0dcbe7368c833452391bceae9849ad46654dd33a3
routing_abrupt_regime_shift,routing_abrupt_regime_shift:seed96100000:epoch55,55,18,discovery,96200002,u_0.00,0.0,38031343.26114859,0.6981132075471698,27.0,0.08333333333333333,4b126522a5a475ff0eec8ae0dcbe7368c833452391bceae9849ad46654dd33a3
routing_abrupt_regime_shift,routing_abrupt_regime_shift:seed96100000:epoch55,55,18,discovery,96200002,u_0.10,0.1,37573058.58143629,0.6981132075471698,26.0,0.07692307692307693,4b126522a5a475ff0eec8ae0dcbe7368c833452391bceae9849ad46654dd33a3
routing_abrupt_regime_shift,routing_abrupt_regime_shift:seed96100000:epoch55,55,18,discovery,96200002,u_0.20,0.2,37607396.0673482,0.6981132075471698,26.0,0.07352941176470588,4b126522a5a475ff0eec8ae0dcbe7368c833452391bceae9849ad46654dd33a3
routing_abrupt_regime_shift,routing_abrupt_regime_shift:seed96100000:epoch55,55,18,discovery,96200002,u_0.30,0.3,36303851.078854874,0.6981132075471698,24.0,0.06666666666666667,4b126522a5a475ff0eec8ae0dcbe7368c833452391bceae9849ad46654dd33a3
routing_abrupt_regime_shift,routing_abrupt_regime_shift:seed96100000:epoch55,55,18,discovery,96200002,u_0.40,0.4,36324300.28088798,0.6981132075471698,24.0,0.0641025641025641,4b126522a5a475ff0eec8ae0dcbe7368c833452391bceae9849ad46654dd33a3
routing_abrupt_regime_shift,routing_abrupt_regime_shift:seed96100000:epoch55,55,18,discovery,96200002,u_0.50,0.5,35365667.18361311,0.6981132075471698,23.0,0.05555555555555555,4b126522a5a475ff0eec8ae0dcbe7368c833452391bceae9849ad46654dd33a3
routing_abrupt_regime_shift,routing_abrupt_regime_shift:seed96100000:epoch55,55,18,discovery,96200002,u_0.60,0.6,34332876.58703025,0.6981132075471698,21.0,0.053763440860215055,4b126522a5a475ff0eec8ae0dcbe7368c833452391bceae9849ad46654dd33a3
routing_abrupt_regime_shift,routing_abrupt_regime_shift:seed96100000:epoch55,55,18,discovery,96200002,u_0.70,0.7,33772598.691513956,0.6981132075471698,20.0,0.05102040816326531,4b126522a5a475ff0eec8ae0dcbe7368c833452391bceae9849ad46654dd33a3
routing_abrupt_regime_shift,routing_abrupt_regime_shift:seed96100000:epoch55,55,18,discovery,96200002,u_0.80,0.8,33059720.016860824,0.6981132075471698,19.0,0.04716981132075472,4b126522a5a475ff0eec8ae0dcbe7368c833452391bceae9849ad46654dd33a3
routing_abrupt_regime_shift,routing_abrupt_regime_shift:seed96100000:epoch55,55,18,discovery,96200002,u_0.90,0.9,33246542.80180827,0.6981132075471698,19.0,0.046296296296296294,4b126522a5a475ff0eec8ae0dcbe7368c833452391bceae9849ad46654dd33a3
routing_abrupt_regime_shift,routing_abrupt_regime_shift:seed96100000:epoch55,55,18,discovery,96200002,u_1.00,1.0,31803896.183987673,0.6981132075471698,17.0,0.04132231404958678,4b126522a5a475ff0eec8ae0dcbe7368c833452391bceae9849ad46654dd33a3
routing_abrupt_regime_shift,routing_abrupt_regime_shift:seed96100000:epoch55,55,18,validation,96300000,anchor,-1.0,37813783.66149986,0.6981132075471698,27.0,0.07042253521126761,4b126522a5a475ff0eec8ae0dcbe7368c833452391bceae9849ad46654dd33a3
routing_abrupt_regime_shift,routing_abrupt_regime_shift:seed96100000:epoch55,55,18,validation,96300000,u_0.00,0.0,38031343.26114859,0.6981132075471698,27.0,0.08333333333333333,4b126522a5a475ff0eec8ae0dcbe7368c833452391bceae9849ad46654dd33a3
routing_abrupt_regime_shift,routing_abrupt_regime_shift:seed96100000:epoch55,55,18,validation,96300000,u_0.10,0.1,37573058.58143629,0.6981132075471698,26.0,0.07692307692307693,4b126522a5a475ff0eec8ae0dcbe7368c833452391bceae9849ad46654dd33a3
routing_abrupt_regime_shift,routing_abrupt_regime_shift:seed96100000:epoch55,55,18,validation,96300000,u_0.20,0.2,37607396.0673482,0.6981132075471698,26.0,0.07352941176470588,4b126522a5a475ff0eec8ae0dcbe7368c833452391bceae9849ad46654dd33a3
routing_abrupt_regime_shift,routing_abrupt_regime_shift:seed96100000:epoch55,55,18,validation,96300000,u_0.30,0.3,36303851.078854874,0.6981132075471698,24.0,0.06666666666666667,4b126522a5a475ff0eec8ae0dcbe7368c833452391bceae9849ad46654dd33a3
routing_abrupt_regime_shift,routing_abrupt_regime_shift:seed96100000:epoch55,55,18,validation,96300000,u_0.40,0.4,36324300.28088798,0.6981132075471698,24.0,0.0641025641025641,4b126522a5a475ff0eec8ae0dcbe7368c833452391bceae9849ad46654dd33a3
routing_abrupt_regime_shift,routing_abrupt_regime_shift:seed96100000:epoch55,55,18,validation,96300000,u_0.50,0.5,35365667.18361311,0.6981132075471698,23.0,0.05555555555555555,4b126522a5a475ff0eec8ae0dcbe7368c833452391bceae9849ad46654dd33a3
routing_abrupt_regime_shift,routing_abrupt_regime_shift:seed96100000:epoch55,55,18,validation,96300000,u_0.60,0.6,34332876.58703025,0.6981132075471698,21.0,0.053763440860215055,4b126522a5a475ff0eec8ae0dcbe7368c833452391bceae9849ad46654dd33a3
routing_abrupt_regime_shift,routing_abrupt_regime_shift:seed96100000:epoch55,55,18,validation,96300000,u_0.70,0.7,33772598.691513956,0.6981132075471698,20.0,0.05102040816326531,4b126522a5a475ff0eec8ae0dcbe7368c833452391bceae9849ad46654dd33a3
routing_abrupt_regime_shift,routing_abrupt_regime_shift:seed96100000:epoch55,55,18,validation,96300000,u_0.80,0.8,33059720.016860824,0.6981132075471698,19.0,0.04716981132075472,4b126522a5a475ff0eec8ae0dcbe7368c833452391bceae9849ad46654dd33a3
routing_abrupt_regime_shift,routing_abrupt_regime_shift:seed96100000:epoch55,55,18,validation,96300000,u_0.90,0.9,33246542.80180827,0.6981132075471698,19.0,0.046296296296296294,4b126522a5a475ff0eec8ae0dcbe7368c833452391bceae9849ad46654dd33a3
routing_abrupt_regime_shift,routing_abrupt_regime_shift:seed96100000:epoch55,55,18,validation,96300000,u_1.00,1.0,31803896.183987673,0.6981132075471698,17.0,0.04132231404958678,4b126522a5a475ff0eec8ae0dcbe7368c833452391bceae9849ad46654dd33a3
routing_abrupt_regime_shift,routing_abrupt_regime_shift:seed96100000:epoch55,55,18,validation,96300001,anchor,-1.0,37813783.66149986,0.6981132075471698,27.0,0.07042253521126761,4b126522a5a475ff0eec8ae0dcbe7368c833452391bceae9849ad46654dd33a3
routing_abrupt_regime_shift,routing_abrupt_regime_shift:seed96100000:epoch55,55,18,validation,96300001,u_0.00,0.0,38031343.26114859,0.6981132075471698,27.0,0.08333333333333333,4b126522a5a475ff0eec8ae0dcbe7368c833452391bceae9849ad46654dd33a3
routing_abrupt_regime_shift,routing_abrupt_regime_shift:seed96100000:epoch55,55,18,validation,96300001,u_0.10,0.1,37573058.58143629,0.6981132075471698,26.0,0.07692307692307693,4b126522a5a475ff0eec8ae0dcbe7368c833452391bceae9849ad46654dd33a3
routing_abrupt_regime_shift,routing_abrupt_regime_shift:seed96100000:epoch55,55,18,validation,96300001,u_0.20,0.2,37607396.0673482,0.6981132075471698,26.0,0.07352941176470588,4b126522a5a475ff0eec8ae0dcbe7368c833452391bceae9849ad46654dd33a3
routing_abrupt_regime_shift,routing_abrupt_regime_shift:seed96100000:epoch55,55,18,validation,96300001,u_0.30,0.3,36303851.078854874,0.6981132075471698,24.0,0.06666666666666667,4b126522a5a475ff0eec8ae0dcbe7368c833452391bceae9849ad46654dd33a3
routing_abrupt_regime_shift,routing_abrupt_regime_shift:seed96100000:epoch55,55,18,validation,96300001,u_0.40,0.4,36324300.28088798,0.6981132075471698,24.0,0.0641025641025641,4b126522a5a475ff0eec8ae0dcbe7368c833452391bceae9849ad46654dd33a3
routing_abrupt_regime_shift,routing_abrupt_regime_shift:seed96100000:epoch55,55,18,validation,96300001,u_0.50,0.5,35365667.18361311,0.6981132075471698,23.0,0.05555555555555555,4b126522a5a475ff0eec8ae0dcbe7368c833452391bceae9849ad46654dd33a3
routing_abrupt_regime_shift,routing_abrupt_regime_shift:seed96100000:epoch55,55,18,validation,96300001,u_0.60,0.6,34332876.58703025,0.6981132075471698,21.0,0.053763440860215055,4b126522a5a475ff0eec8ae0dcbe7368c833452391bceae9849ad46654dd33a3
routing_abrupt_regime_shift,routing_abrupt_regime_shift:seed96100000:epoch55,55,18,validation,96300001,u_0.70,0.7,33772598.691513956,0.6981132075471698,20.0,0.05102040816326531,4b126522a5a475ff0eec8ae0dcbe7368c833452391bceae9849ad46654dd33a3
routing_abrupt_regime_shift,routing_abrupt_regime_shift:seed96100000:epoch55,55,18,validation,96300001,u_0.80,0.8,33059720.016860824,0.6981132075471698,19.0,0.04716981132075472,4b126522a5a475ff0eec8ae0dcbe7368c833452391bceae9849ad46654dd33a3
routing_abrupt_regime_shift,routing_abrupt_regime_shift:seed96100000:epoch55,55,18,validation,96300001,u_0.90,0.9,33246542.80180827,0.6981132075471698,19.0,0.046296296296296294,4b126522a5a475ff0eec8ae0dcbe7368c833452391bceae9849ad46654dd33a3
routing_abrupt_regime_shift,routing_abrupt_regime_shift:seed96100000:epoch55,55,18,validation,96300001,u_1.00,1.0,31803896.183987673,0.6981132075471698,17.0,0.04132231404958678,4b126522a5a475ff0eec8ae0dcbe7368c833452391bceae9849ad46654dd33a3
routing_abrupt_regime_shift,routing_abrupt_regime_shift:seed96100000:epoch55,55,18,validation,96300002,anchor,-1.0,37813783.66149986,0.6981132075471698,27.0,0.07042253521126761,4b126522a5a475ff0eec8ae0dcbe7368c833452391bceae9849ad46654dd33a3
routing_abrupt_regime_shift,routing_abrupt_regime_shift:seed96100000:epoch55,55,18,validation,96300002,u_0.00,0.0,38031343.26114859,0.6981132075471698,27.0,0.08333333333333333,4b126522a5a475ff0eec8ae0dcbe7368c833452391bceae9849ad46654dd33a3
routing_abrupt_regime_shift,routing_abrupt_regime_shift:seed96100000:epoch55,55,18,validation,96300002,u_0.10,0.1,37573058.58143629,0.6981132075471698,26.0,0.07692307692307693,4b126522a5a475ff0eec8ae0dcbe7368c833452391bceae9849ad46654dd33a3
routing_abrupt_regime_shift,routing_abrupt_regime_shift:seed96100000:epoch55,55,18,validation,96300002,u_0.20,0.2,37607396.0673482,0.6981132075471698,26.0,0.07352941176470588,4b126522a5a475ff0eec8ae0dcbe7368c833452391bceae9849ad46654dd33a3
routing_abrupt_regime_shift,routing_abrupt_regime_shift:seed96100000:epoch55,55,18,validation,96300002,u_0.30,0.3,36303851.078854874,0.6981132075471698,24.0,0.06666666666666667,4b126522a5a475ff0eec8ae0dcbe7368c833452391bceae9849ad46654dd33a3
routing_abrupt_regime_shift,routing_abrupt_regime_shift:seed96100000:epoch55,55,18,validation,96300002,u_0.40,0.4,36324300.28088798,0.6981132075471698,24.0,0.0641025641025641,4b126522a5a475ff0eec8ae0dcbe7368c833452391bceae9849ad46654dd33a3
routing_abrupt_regime_shift,routing_abrupt_regime_shift:seed96100000:epoch55,55,18,validation,96300002,u_0.50,0.5,35365667.18361311,0.6981132075471698,23.0,0.05555555555555555,4b126522a5a475ff0eec8ae0dcbe7368c833452391bceae9849ad46654dd33a3
routing_abrupt_regime_shift,routing_abrupt_regime_shift:seed96100000:epoch55,55,18,validation,96300002,u_0.60,0.6,34332876.58703025,0.6981132075471698,21.0,0.053763440860215055,4b126522a5a475ff0eec8ae0dcbe7368c833452391bceae9849ad46654dd33a3
routing_abrupt_regime_shift,routing_abrupt_regime_shift:seed96100000:epoch55,55,18,validation,96300002,u_0.70,0.7,33772598.691513956,0.6981132075471698,20.0,0.05102040816326531,4b126522a5a475ff0eec8ae0dcbe7368c833452391bceae9849ad46654dd33a3
routing_abrupt_regime_shift,routing_abrupt_regime_shift:seed96100000:epoch55,55,18,validation,96300002,u_0.80,0.8,33059720.016860824,0.6981132075471698,19.0,0.04716981132075472,4b126522a5a475ff0eec8ae0dcbe7368c833452391bceae9849ad46654dd33a3
routing_abrupt_regime_shift,routing_abrupt_regime_shift:seed96100000:epoch55,55,18,validation,96300002,u_0.90,0.9,33246542.80180827,0.6981132075471698,19.0,0.046296296296296294,4b126522a5a475ff0eec8ae0dcbe7368c833452391bceae9849ad46654dd33a3
routing_abrupt_regime_shift,routing_abrupt_regime_shift:seed96100000:epoch55,55,18,validation,96300002,u_1.00,1.0,31803896.183987673,0.6981132075471698,17.0,0.04132231404958678,4b126522a5a475ff0eec8ae0dcbe7368c833452391bceae9849ad46654dd33a3
routing_abrupt_regime_shift,routing_abrupt_regime_shift:seed96100000:epoch55,55,18,validation,96300003,anchor,-1.0,37813783.66149986,0.6981132075471698,27.0,0.07042253521126761,4b126522a5a475ff0eec8ae0dcbe7368c833452391bceae9849ad46654dd33a3
routing_abrupt_regime_shift,routing_abrupt_regime_shift:seed96100000:epoch55,55,18,validation,96300003,u_0.00,0.0,38031343.26114859,0.6981132075471698,27.0,0.08333333333333333,4b126522a5a475ff0eec8ae0dcbe7368c833452391bceae9849ad46654dd33a3
routing_abrupt_regime_shift,routing_abrupt_regime_shift:seed96100000:epoch55,55,18,validation,96300003,u_0.10,0.1,37573058.58143629,0.6981132075471698,26.0,0.07692307692307693,4b126522a5a475ff0eec8ae0dcbe7368c833452391bceae9849ad46654dd33a3
routing_abrupt_regime_shift,routing_abrupt_regime_shift:seed96100000:epoch55,55,18,validation,96300003,u_0.20,0.2,37607396.0673482,0.6981132075471698,26.0,0.07352941176470588,4b126522a5a475ff0eec8ae0dcbe7368c833452391bceae9849ad46654dd33a3
routing_abrupt_regime_shift,routing_abrupt_regime_shift:seed96100000:epoch55,55,18,validation,96300003,u_0.30,0.3,36303851.078854874,0.6981132075471698,24.0,0.06666666666666667,4b126522a5a475ff0eec8ae0dcbe7368c833452391bceae9849ad46654dd33a3
routing_abrupt_regime_shift,routing_abrupt_regime_shift:seed96100000:epoch55,55,18,validation,96300003,u_0.40,0.4,36324300.28088798,0.6981132075471698,24.0,0.0641025641025641,4b126522a5a475ff0eec8ae0dcbe7368c833452391bceae9849ad46654dd33a3
routing_abrupt_regime_shift,routing_abrupt_regime_shift:seed96100000:epoch55,55,18,validation,96300003,u_0.50,0.5,35365667.18361311,0.6981132075471698,23.0,0.05555555555555555,4b126522a5a475ff0eec8ae0dcbe7368c833452391bceae9849ad46654dd33a3
routing_abrupt_regime_shift,routing_abrupt_regime_shift:seed96100000:epoch55,55,18,validation,96300003,u_0.60,0.6,34332876.58703025,0.6981132075471698,21.0,0.053763440860215055,4b126522a5a475ff0eec8ae0dcbe7368c833452391bceae9849ad46654dd33a3
routing_abrupt_regime_shift,routing_abrupt_regime_shift:seed96100000:epoch55,55,18,validation,96300003,u_0.70,0.7,33772598.691513956,0.6981132075471698,20.0,0.05102040816326531,4b126522a5a475ff0eec8ae0dcbe7368c833452391bceae9849ad46654dd33a3
routing_abrupt_regime_shift,routing_abrupt_regime_shift:seed96100000:epoch55,55,18,validation,96300003,u_0.80,0.8,33059720.016860824,0.6981132075471698,19.0,0.04716981132075472,4b126522a5a475ff0eec8ae0dcbe7368c833452391bceae9849ad46654dd33a3
routing_abrupt_regime_shift,routing_abrupt_regime_shift:seed96100000:epoch55,55,18,validation,96300003,u_0.90,0.9,33246542.80180827,0.6981132075471698,19.0,0.046296296296296294,4b126522a5a475ff0eec8ae0dcbe7368c833452391bceae9849ad46654dd33a3
routing_abrupt_regime_shift,routing_abrupt_regime_shift:seed96100000:epoch55,55,18,validation,96300003,u_1.00,1.0,31803896.183987673,0.6981132075471698,17.0,0.04132231404958678,4b126522a5a475ff0eec8ae0dcbe7368c833452391bceae9849ad46654dd33a3
routing_abrupt_regime_shift,routing_abrupt_regime_shift:seed96100000:epoch55,55,18,validation,96300004,anchor,-1.0,37813783.66149986,0.6981132075471698,27.0,0.07042253521126761,4b126522a5a475ff0eec8ae0dcbe7368c833452391bceae9849ad46654dd33a3
routing_abrupt_regime_shift,routing_abrupt_regime_shift:seed96100000:epoch55,55,18,validation,96300004,u_0.00,0.0,38031343.26114859,0.6981132075471698,27.0,0.08333333333333333,4b126522a5a475ff0eec8ae0dcbe7368c833452391bceae9849ad46654dd33a3
routing_abrupt_regime_shift,routing_abrupt_regime_shift:seed96100000:epoch55,55,18,validation,96300004,u_0.10,0.1,37573058.58143629,0.6981132075471698,26.0,0.07692307692307693,4b126522a5a475ff0eec8ae0dcbe7368c833452391bceae9849ad46654dd33a3
routing_abrupt_regime_shift,routing_abrupt_regime_shift:seed96100000:epoch55,55,18,validation,96300004,u_0.20,0.2,37607396.0673482,0.6981132075471698,26.0,0.07352941176470588,4b126522a5a475ff0eec8ae0dcbe7368c833452391bceae9849ad46654dd33a3
routing_abrupt_regime_shift,routing_abrupt_regime_shift:seed96100000:epoch55,55,18,validation,96300004,u_0.30,0.3,36303851.078854874,0.6981132075471698,24.0,0.06666666666666667,4b126522a5a475ff0eec8ae0dcbe7368c833452391bceae9849ad46654dd33a3
routing_abrupt_regime_shift,routing_abrupt_regime_shift:seed96100000:epoch55,55,18,validation,96300004,u_0.40,0.4,36324300.28088798,0.6981132075471698,24.0,0.0641025641025641,4b126522a5a475ff0eec8ae0dcbe7368c833452391bceae9849ad46654dd33a3
routing_abrupt_regime_shift,routing_abrupt_regime_shift:seed96100000:epoch55,55,18,validation,96300004,u_0.50,0.5,35365667.18361311,0.6981132075471698,23.0,0.05555555555555555,4b126522a5a475ff0eec8ae0dcbe7368c833452391bceae9849ad46654dd33a3
routing_abrupt_regime_shift,routing_abrupt_regime_shift:seed96100000:epoch55,55,18,validation,96300004,u_0.60,0.6,34332876.58703025,0.6981132075471698,21.0,0.053763440860215055,4b126522a5a475ff0eec8ae0dcbe7368c833452391bceae9849ad46654dd33a3
routing_abrupt_regime_shift,routing_abrupt_regime_shift:seed96100000:epoch55,55,18,validation,96300004,u_0.70,0.7,33772598.691513956,0.6981132075471698,20.0,0.05102040816326531,4b126522a5a475ff0eec8ae0dcbe7368c833452391bceae9849ad46654dd33a3
routing_abrupt_regime_shift,routing_abrupt_regime_shift:seed96100000:epoch55,55,18,validation,96300004,u_0.80,0.8,33059720.016860824,0.6981132075471698,19.0,0.04716981132075472,4b126522a5a475ff0eec8ae0dcbe7368c833452391bceae9849ad46654dd33a3
routing_abrupt_regime_shift,routing_abrupt_regime_shift:seed96100000:epoch55,55,18,validation,96300004,u_0.90,0.9,33246542.80180827,0.6981132075471698,19.0,0.046296296296296294,4b126522a5a475ff0eec8ae0dcbe7368c833452391bceae9849ad46654dd33a3
routing_abrupt_regime_shift,routing_abrupt_regime_shift:seed96100000:epoch55,55,18,validation,96300004,u_1.00,1.0,31803896.183987673,0.6981132075471698,17.0,0.04132231404958678,4b126522a5a475ff0eec8ae0dcbe7368c833452391bceae9849ad46654dd33a3
routing_abrupt_regime_shift,routing_abrupt_regime_shift:seed96100000:epoch80,80,18,discovery,96200000,anchor,-1.0,35511931.38377006,0.6082474226804123,24.0,0.06578947368421052,4b126522a5a475ff0eec8ae0dcbe7368c833452391bceae9849ad46654dd33a3
routing_abrupt_regime_shift,routing_abrupt_regime_shift:seed96100000:epoch80,80,18,discovery,96200000,u_0.00,0.0,37479702.31935398,0.6082474226804123,27.0,0.08620689655172414,4b126522a5a475ff0eec8ae0dcbe7368c833452391bceae9849ad46654dd33a3
routing_abrupt_regime_shift,routing_abrupt_regime_shift:seed96100000:epoch80,80,18,discovery,96200000,u_0.10,0.1,37580304.290572576,0.6082474226804123,27.0,0.08064516129032258,4b126522a5a475ff0eec8ae0dcbe7368c833452391bceae9849ad46654dd33a3
routing_abrupt_regime_shift,routing_abrupt_regime_shift:seed96100000:epoch80,80,18,discovery,96200000,u_0.20,0.2,37063577.85260442,0.6082474226804123,26.0,0.07692307692307693,4b126522a5a475ff0eec8ae0dcbe7368c833452391bceae9849ad46654dd33a3
routing_abrupt_regime_shift,routing_abrupt_regime_shift:seed96100000:epoch80,80,18,discovery,96200000,u_0.30,0.3,35163643.518829405,0.6082474226804123,23.0,0.0684931506849315,4b126522a5a475ff0eec8ae0dcbe7368c833452391bceae9849ad46654dd33a3
routing_abrupt_regime_shift,routing_abrupt_regime_shift:seed96100000:epoch80,80,18,discovery,96200000,u_0.40,0.4,34082756.92084268,0.6082474226804123,21.0,0.06578947368421052,4b126522a5a475ff0eec8ae0dcbe7368c833452391bceae9849ad46654dd33a3
routing_abrupt_regime_shift,routing_abrupt_regime_shift:seed96100000:epoch80,80,18,discovery,96200000,u_0.50,0.5,32622685.523541514,0.6082474226804123,19.0,0.05747126436781609,4b126522a5a475ff0eec8ae0dcbe7368c833452391bceae9849ad46654dd33a3
routing_abrupt_regime_shift,routing_abrupt_regime_shift:seed96100000:epoch80,80,18,discovery,96200000,u_0.60,0.6,32687486.726925924,0.6082474226804123,19.0,0.05555555555555555,4b126522a5a475ff0eec8ae0dcbe7368c833452391bceae9849ad46654dd33a3
routing_abrupt_regime_shift,routing_abrupt_regime_shift:seed96100000:epoch80,80,18,discovery,96200000,u_0.70,0.7,32124904.831745043,0.6082474226804123,18.0,0.05263157894736842,4b126522a5a475ff0eec8ae0dcbe7368c833452391bceae9849ad46654dd33a3
routing_abrupt_regime_shift,routing_abrupt_regime_shift:seed96100000:epoch80,80,18,discovery,96200000,u_0.80,0.8,31434506.15685052,0.6082474226804123,17.0,0.04854368932038835,4b126522a5a475ff0eec8ae0dcbe7368c833452391bceae9849ad46654dd33a3
routing_abrupt_regime_shift,routing_abrupt_regime_shift:seed96100000:epoch80,80,18,discovery,96200000,u_0.90,0.9,31618592.94194173,0.6082474226804123,17.0,0.047619047619047616,4b126522a5a475ff0eec8ae0dcbe7368c833452391bceae9849ad46654dd33a3
routing_abrupt_regime_shift,routing_abrupt_regime_shift:seed96100000:epoch80,80,18,discovery,96200000,u_1.00,1.0,30172994.32429065,0.6082474226804123,15.0,0.0423728813559322,4b126522a5a475ff0eec8ae0dcbe7368c833452391bceae9849ad46654dd33a3
routing_abrupt_regime_shift,routing_abrupt_regime_shift:seed96100000:epoch80,80,18,discovery,96200001,anchor,-1.0,35511931.38377006,0.6082474226804123,24.0,0.06578947368421052,4b126522a5a475ff0eec8ae0dcbe7368c833452391bceae9849ad46654dd33a3
routing_abrupt_regime_shift,routing_abrupt_regime_shift:seed96100000:epoch80,80,18,discovery,96200001,u_0.00,0.0,37479702.31935398,0.6082474226804123,27.0,0.08620689655172414,4b126522a5a475ff0eec8ae0dcbe7368c833452391bceae9849ad46654dd33a3
routing_abrupt_regime_shift,routing_abrupt_regime_shift:seed96100000:epoch80,80,18,discovery,96200001,u_0.10,0.1,37580304.290572576,0.6082474226804123,27.0,0.08064516129032258,4b126522a5a475ff0eec8ae0dcbe7368c833452391bceae9849ad46654dd33a3
routing_abrupt_regime_shift,routing_abrupt_regime_shift:seed96100000:epoch80,80,18,discovery,96200001,u_0.20,0.2,37063577.85260442,0.6082474226804123,26.0,0.07692307692307693,4b126522a5a475ff0eec8ae0dcbe7368c833452391bceae9849ad46654dd33a3
routing_abrupt_regime_shift,routing_abrupt_regime_shift:seed96100000:epoch80,80,18,discovery,96200001,u_0.30,0.3,35163643.518829405,0.6082474226804123,23.0,0.0684931506849315,4b126522a5a475ff0eec8ae0dcbe7368c833452391bceae9849ad46654dd33a3
routing_abrupt_regime_shift,routing_abrupt_regime_shift:seed96100000:epoch80,80,18,discovery,96200001,u_0.40,0.4,34082756.92084268,0.6082474226804123,21.0,0.06578947368421052,4b126522a5a475ff0eec8ae0dcbe7368c833452391bceae9849ad46654dd33a3
routing_abrupt_regime_shift,routing_abrupt_regime_shift:seed96100000:epoch80,80,18,discovery,96200001,u_0.50,0.5,32622685.523541514,0.6082474226804123,19.0,0.05747126436781609,4b126522a5a475ff0eec8ae0dcbe7368c833452391bceae9849ad46654dd33a3
routing_abrupt_regime_shift,routing_abrupt_regime_shift:seed96100000:epoch80,80,18,discovery,96200001,u_0.60,0.6,32687486.726925924,0.6082474226804123,19.0,0.05555555555555555,4b126522a5a475ff0eec8ae0dcbe7368c833452391bceae9849ad46654dd33a3
routing_abrupt_regime_shift,routing_abrupt_regime_shift:seed96100000:epoch80,80,18,discovery,96200001,u_0.70,0.7,32124904.831745043,0.6082474226804123,18.0,0.05263157894736842,4b126522a5a475ff0eec8ae0dcbe7368c833452391bceae9849ad46654dd33a3
routing_abrupt_regime_shift,routing_abrupt_regime_shift:seed96100000:epoch80,80,18,discovery,96200001,u_0.80,0.8,31434506.15685052,0.6082474226804123,17.0,0.04854368932038835,4b126522a5a475ff0eec8ae0dcbe7368c833452391bceae9849ad46654dd33a3
routing_abrupt_regime_shift,routing_abrupt_regime_shift:seed96100000:epoch80,80,18,discovery,96200001,u_0.90,0.9,31618592.94194173,0.6082474226804123,17.0,0.047619047619047616,4b126522a5a475ff0eec8ae0dcbe7368c833452391bceae9849ad46654dd33a3
routing_abrupt_regime_shift,routing_abrupt_regime_shift:seed96100000:epoch80,80,18,discovery,96200001,u_1.00,1.0,30172994.32429065,0.6082474226804123,15.0,0.0423728813559322,4b126522a5a475ff0eec8ae0dcbe7368c833452391bceae9849ad46654dd33a3
routing_abrupt_regime_shift,routing_abrupt_regime_shift:seed96100000:epoch80,80,18,discovery,96200002,anchor,-1.0,35511931.38377006,0.6082474226804123,24.0,0.06578947368421052,4b126522a5a475ff0eec8ae0dcbe7368c833452391bceae9849ad46654dd33a3
routing_abrupt_regime_shift,routing_abrupt_regime_shift:seed96100000:epoch80,80,18,discovery,96200002,u_0.00,0.0,37479702.31935398,0.6082474226804123,27.0,0.08620689655172414,4b126522a5a475ff0eec8ae0dcbe7368c833452391bceae9849ad46654dd33a3
routing_abrupt_regime_shift,routing_abrupt_regime_shift:seed96100000:epoch80,80,18,discovery,96200002,u_0.10,0.1,37580304.290572576,0.6082474226804123,27.0,0.08064516129032258,4b126522a5a475ff0eec8ae0dcbe7368c833452391bceae9849ad46654dd33a3
routing_abrupt_regime_shift,routing_abrupt_regime_shift:seed96100000:epoch80,80,18,discovery,96200002,u_0.20,0.2,37063577.85260442,0.6082474226804123,26.0,0.07692307692307693,4b126522a5a475ff0eec8ae0dcbe7368c833452391bceae9849ad46654dd33a3
routing_abrupt_regime_shift,routing_abrupt_regime_shift:seed96100000:epoch80,80,18,discovery,96200002,u_0.30,0.3,35163643.518829405,0.6082474226804123,23.0,0.0684931506849315,4b126522a5a475ff0eec8ae0dcbe7368c833452391bceae9849ad46654dd33a3
routing_abrupt_regime_shift,routing_abrupt_regime_shift:seed96100000:epoch80,80,18,discovery,96200002,u_0.40,0.4,34082756.92084268,0.6082474226804123,21.0,0.06578947368421052,4b126522a5a475ff0eec8ae0dcbe7368c833452391bceae9849ad46654dd33a3
routing_abrupt_regime_shift,routing_abrupt_regime_shift:seed96100000:epoch80,80,18,discovery,96200002,u_0.50,0.5,32622685.523541514,0.6082474226804123,19.0,0.05747126436781609,4b126522a5a475ff0eec8ae0dcbe7368c833452391bceae9849ad46654dd33a3
routing_abrupt_regime_shift,routing_abrupt_regime_shift:seed96100000:epoch80,80,18,discovery,96200002,u_0.60,0.6,32687486.726925924,0.6082474226804123,19.0,0.05555555555555555,4b126522a5a475ff0eec8ae0dcbe7368c833452391bceae9849ad46654dd33a3
routing_abrupt_regime_shift,routing_abrupt_regime_shift:seed96100000:epoch80,80,18,discovery,96200002,u_0.70,0.7,32124904.831745043,0.6082474226804123,18.0,0.05263157894736842,4b126522a5a475ff0eec8ae0dcbe7368c833452391bceae9849ad46654dd33a3
routing_abrupt_regime_shift,routing_abrupt_regime_shift:seed96100000:epoch80,80,18,discovery,96200002,u_0.80,0.8,31434506.15685052,0.6082474226804123,17.0,0.04854368932038835,4b126522a5a475ff0eec8ae0dcbe7368c833452391bceae9849ad46654dd33a3
routing_abrupt_regime_shift,routing_abrupt_regime_shift:seed96100000:epoch80,80,18,discovery,96200002,u_0.90,0.9,31618592.94194173,0.6082474226804123,17.0,0.047619047619047616,4b126522a5a475ff0eec8ae0dcbe7368c833452391bceae9849ad46654dd33a3
routing_abrupt_regime_shift,routing_abrupt_regime_shift:seed96100000:epoch80,80,18,discovery,96200002,u_1.00,1.0,30172994.32429065,0.6082474226804123,15.0,0.0423728813559322,4b126522a5a475ff0eec8ae0dcbe7368c833452391bceae9849ad46654dd33a3
routing_abrupt_regime_shift,routing_abrupt_regime_shift:seed96100000:epoch80,80,18,validation,96300000,anchor,-1.0,35511931.38377006,0.6082474226804123,24.0,0.06578947368421052,4b126522a5a475ff0eec8ae0dcbe7368c833452391bceae9849ad46654dd33a3
routing_abrupt_regime_shift,routing_abrupt_regime_shift:seed96100000:epoch80,80,18,validation,96300000,u_0.00,0.0,37479702.31935398,0.6082474226804123,27.0,0.08620689655172414,4b126522a5a475ff0eec8ae0dcbe7368c833452391bceae9849ad46654dd33a3
routing_abrupt_regime_shift,routing_abrupt_regime_shift:seed96100000:epoch80,80,18,validation,96300000,u_0.10,0.1,37580304.290572576,0.6082474226804123,27.0,0.08064516129032258,4b126522a5a475ff0eec8ae0dcbe7368c833452391bceae9849ad46654dd33a3
routing_abrupt_regime_shift,routing_abrupt_regime_shift:seed96100000:epoch80,80,18,validation,96300000,u_0.20,0.2,37063577.85260442,0.6082474226804123,26.0,0.07692307692307693,4b126522a5a475ff0eec8ae0dcbe7368c833452391bceae9849ad46654dd33a3
routing_abrupt_regime_shift,routing_abrupt_regime_shift:seed96100000:epoch80,80,18,validation,96300000,u_0.30,0.3,35163643.518829405,0.6082474226804123,23.0,0.0684931506849315,4b126522a5a475ff0eec8ae0dcbe7368c833452391bceae9849ad46654dd33a3
routing_abrupt_regime_shift,routing_abrupt_regime_shift:seed96100000:epoch80,80,18,validation,96300000,u_0.40,0.4,34082756.92084268,0.6082474226804123,21.0,0.06578947368421052,4b126522a5a475ff0eec8ae0dcbe7368c833452391bceae9849ad46654dd33a3
routing_abrupt_regime_shift,routing_abrupt_regime_shift:seed96100000:epoch80,80,18,validation,96300000,u_0.50,0.5,32622685.523541514,0.6082474226804123,19.0,0.05747126436781609,4b126522a5a475ff0eec8ae0dcbe7368c833452391bceae9849ad46654dd33a3
routing_abrupt_regime_shift,routing_abrupt_regime_shift:seed96100000:epoch80,80,18,validation,96300000,u_0.60,0.6,32687486.726925924,0.6082474226804123,19.0,0.05555555555555555,4b126522a5a475ff0eec8ae0dcbe7368c833452391bceae9849ad46654dd33a3
routing_abrupt_regime_shift,routing_abrupt_regime_shift:seed96100000:epoch80,80,18,validation,96300000,u_0.70,0.7,32124904.831745043,0.6082474226804123,18.0,0.05263157894736842,4b126522a5a475ff0eec8ae0dcbe7368c833452391bceae9849ad46654dd33a3
routing_abrupt_regime_shift,routing_abrupt_regime_shift:seed96100000:epoch80,80,18,validation,96300000,u_0.80,0.8,31434506.15685052,0.6082474226804123,17.0,0.04854368932038835,4b126522a5a475ff0eec8ae0dcbe7368c833452391bceae9849ad46654dd33a3
routing_abrupt_regime_shift,routing_abrupt_regime_shift:seed96100000:epoch80,80,18,validation,96300000,u_0.90,0.9,31618592.94194173,0.6082474226804123,17.0,0.047619047619047616,4b126522a5a475ff0eec8ae0dcbe7368c833452391bceae9849ad46654dd33a3
routing_abrupt_regime_shift,routing_abrupt_regime_shift:seed96100000:epoch80,80,18,validation,96300000,u_1.00,1.0,30172994.32429065,0.6082474226804123,15.0,0.0423728813559322,4b126522a5a475ff0eec8ae0dcbe7368c833452391bceae9849ad46654dd33a3
routing_abrupt_regime_shift,routing_abrupt_regime_shift:seed96100000:epoch80,80,18,validation,96300001,anchor,-1.0,35511931.38377006,0.6082474226804123,24.0,0.06578947368421052,4b126522a5a475ff0eec8ae0dcbe7368c833452391bceae9849ad46654dd33a3
routing_abrupt_regime_shift,routing_abrupt_regime_shift:seed96100000:epoch80,80,18,validation,96300001,u_0.00,0.0,37479702.31935398,0.6082474226804123,27.0,0.08620689655172414,4b126522a5a475ff0eec8ae0dcbe7368c833452391bceae9849ad46654dd33a3
routing_abrupt_regime_shift,routing_abrupt_regime_shift:seed96100000:epoch80,80,18,validation,96300001,u_0.10,0.1,37580304.290572576,0.6082474226804123,27.0,0.08064516129032258,4b126522a5a475ff0eec8ae0dcbe7368c833452391bceae9849ad46654dd33a3
routing_abrupt_regime_shift,routing_abrupt_regime_shift:seed96100000:epoch80,80,18,validation,96300001,u_0.20,0.2,37063577.85260442,0.6082474226804123,26.0,0.07692307692307693,4b126522a5a475ff0eec8ae0dcbe7368c833452391bceae9849ad46654dd33a3
routing_abrupt_regime_shift,routing_abrupt_regime_shift:seed96100000:epoch80,80,18,validation,96300001,u_0.30,0.3,35163643.518829405,0.6082474226804123,23.0,0.0684931506849315,4b126522a5a475ff0eec8ae0dcbe7368c833452391bceae9849ad46654dd33a3
routing_abrupt_regime_shift,routing_abrupt_regime_shift:seed96100000:epoch80,80,18,validation,96300001,u_0.40,0.4,34082756.92084268,0.6082474226804123,21.0,0.06578947368421052,4b126522a5a475ff0eec8ae0dcbe7368c833452391bceae9849ad46654dd33a3
routing_abrupt_regime_shift,routing_abrupt_regime_shift:seed96100000:epoch80,80,18,validation,96300001,u_0.50,0.5,32622685.523541514,0.6082474226804123,19.0,0.05747126436781609,4b126522a5a475ff0eec8ae0dcbe7368c833452391bceae9849ad46654dd33a3
routing_abrupt_regime_shift,routing_abrupt_regime_shift:seed96100000:epoch80,80,18,validation,96300001,u_0.60,0.6,32687486.726925924,0.6082474226804123,19.0,0.05555555555555555,4b126522a5a475ff0eec8ae0dcbe7368c833452391bceae9849ad46654dd33a3
routing_abrupt_regime_shift,routing_abrupt_regime_shift:seed96100000:epoch80,80,18,validation,96300001,u_0.70,0.7,32124904.831745043,0.6082474226804123,18.0,0.05263157894736842,4b126522a5a475ff0eec8ae0dcbe7368c833452391bceae9849ad46654dd33a3
routing_abrupt_regime_shift,routing_abrupt_regime_shift:seed96100000:epoch80,80,18,validation,96300001,u_0.80,0.8,31434506.15685052,0.6082474226804123,17.0,0.04854368932038835,4b126522a5a475ff0eec8ae0dcbe7368c833452391bceae9849ad46654dd33a3
routing_abrupt_regime_shift,routing_abrupt_regime_shift:seed96100000:epoch80,80,18,validation,96300001,u_0.90,0.9,31618592.94194173,0.6082474226804123,17.0,0.047619047619047616,4b126522a5a475ff0eec8ae0dcbe7368c833452391bceae9849ad46654dd33a3
routing_abrupt_regime_shift,routing_abrupt_regime_shift:seed96100000:epoch80,80,18,validation,96300001,u_1.00,1.0,30172994.32429065,0.6082474226804123,15.0,0.0423728813559322,4b126522a5a475ff0eec8ae0dcbe7368c833452391bceae9849ad46654dd33a3
routing_abrupt_regime_shift,routing_abrupt_regime_shift:seed96100000:epoch80,80,18,validation,96300002,anchor,-1.0,35511931.38377006,0.6082474226804123,24.0,0.06578947368421052,4b126522a5a475ff0eec8ae0dcbe7368c833452391bceae9849ad46654dd33a3
routing_abrupt_regime_shift,routing_abrupt_regime_shift:seed96100000:epoch80,80,18,validation,96300002,u_0.00,0.0,37479702.31935398,0.6082474226804123,27.0,0.08620689655172414,4b126522a5a475ff0eec8ae0dcbe7368c833452391bceae9849ad46654dd33a3
routing_abrupt_regime_shift,routing_abrupt_regime_shift:seed96100000:epoch80,80,18,validation,96300002,u_0.10,0.1,37580304.290572576,0.6082474226804123,27.0,0.08064516129032258,4b126522a5a475ff0eec8ae0dcbe7368c833452391bceae9849ad46654dd33a3
routing_abrupt_regime_shift,routing_abrupt_regime_shift:seed96100000:epoch80,80,18,validation,96300002,u_0.20,0.2,37063577.85260442,0.6082474226804123,26.0,0.07692307692307693,4b126522a5a475ff0eec8ae0dcbe7368c833452391bceae9849ad46654dd33a3
routing_abrupt_regime_shift,routing_abrupt_regime_shift:seed96100000:epoch80,80,18,validation,96300002,u_0.30,0.3,35163643.518829405,0.6082474226804123,23.0,0.0684931506849315,4b126522a5a475ff0eec8ae0dcbe7368c833452391bceae9849ad46654dd33a3
routing_abrupt_regime_shift,routing_abrupt_regime_shift:seed96100000:epoch80,80,18,validation,96300002,u_0.40,0.4,34082756.92084268,0.6082474226804123,21.0,0.06578947368421052,4b126522a5a475ff0eec8ae0dcbe7368c833452391bceae9849ad46654dd33a3
routing_abrupt_regime_shift,routing_abrupt_regime_shift:seed96100000:epoch80,80,18,validation,96300002,u_0.50,0.5,32622685.523541514,0.6082474226804123,19.0,0.05747126436781609,4b126522a5a475ff0eec8ae0dcbe7368c833452391bceae9849ad46654dd33a3
routing_abrupt_regime_shift,routing_abrupt_regime_shift:seed96100000:epoch80,80,18,validation,96300002,u_0.60,0.6,32687486.726925924,0.6082474226804123,19.0,0.05555555555555555,4b126522a5a475ff0eec8ae0dcbe7368c833452391bceae9849ad46654dd33a3
routing_abrupt_regime_shift,routing_abrupt_regime_shift:seed96100000:epoch80,80,18,validation,96300002,u_0.70,0.7,32124904.831745043,0.6082474226804123,18.0,0.05263157894736842,4b126522a5a475ff0eec8ae0dcbe7368c833452391bceae9849ad46654dd33a3
routing_abrupt_regime_shift,routing_abrupt_regime_shift:seed96100000:epoch80,80,18,validation,96300002,u_0.80,0.8,31434506.15685052,0.6082474226804123,17.0,0.04854368932038835,4b126522a5a475ff0eec8ae0dcbe7368c833452391bceae9849ad46654dd33a3
routing_abrupt_regime_shift,routing_abrupt_regime_shift:seed96100000:epoch80,80,18,validation,96300002,u_0.90,0.9,31618592.94194173,0.6082474226804123,17.0,0.047619047619047616,4b126522a5a475ff0eec8ae0dcbe7368c833452391bceae9849ad46654dd33a3
routing_abrupt_regime_shift,routing_abrupt_regime_shift:seed96100000:epoch80,80,18,validation,96300002,u_1.00,1.0,30172994.32429065,0.6082474226804123,15.0,0.0423728813559322,4b126522a5a475ff0eec8ae0dcbe7368c833452391bceae9849ad46654dd33a3
routing_abrupt_regime_shift,routing_abrupt_regime_shift:seed96100000:epoch80,80,18,validation,96300003,anchor,-1.0,35511931.38377006,0.6082474226804123,24.0,0.06578947368421052,4b126522a5a475ff0eec8ae0dcbe7368c833452391bceae9849ad46654dd33a3
routing_abrupt_regime_shift,routing_abrupt_regime_shift:seed96100000:epoch80,80,18,validation,96300003,u_0.00,0.0,37479702.31935398,0.6082474226804123,27.0,0.08620689655172414,4b126522a5a475ff0eec8ae0dcbe7368c833452391bceae9849ad46654dd33a3
routing_abrupt_regime_shift,routing_abrupt_regime_shift:seed96100000:epoch80,80,18,validation,96300003,u_0.10,0.1,37580304.290572576,0.6082474226804123,27.0,0.08064516129032258,4b126522a5a475ff0eec8ae0dcbe7368c833452391bceae9849ad46654dd33a3
routing_abrupt_regime_shift,routing_abrupt_regime_shift:seed96100000:epoch80,80,18,validation,96300003,u_0.20,0.2,37063577.85260442,0.6082474226804123,26.0,0.07692307692307693,4b126522a5a475ff0eec8ae0dcbe7368c833452391bceae9849ad46654dd33a3
routing_abrupt_regime_shift,routing_abrupt_regime_shift:seed96100000:epoch80,80,18,validation,96300003,u_0.30,0.3,35163643.518829405,0.6082474226804123,23.0,0.0684931506849315,4b126522a5a475ff0eec8ae0dcbe7368c833452391bceae9849ad46654dd33a3
routing_abrupt_regime_shift,routing_abrupt_regime_shift:seed96100000:epoch80,80,18,validation,96300003,u_0.40,0.4,34082756.92084268,0.6082474226804123,21.0,0.06578947368421052,4b126522a5a475ff0eec8ae0dcbe7368c833452391bceae9849ad46654dd33a3
routing_abrupt_regime_shift,routing_abrupt_regime_shift:seed96100000:epoch80,80,18,validation,96300003,u_0.50,0.5,32622685.523541514,0.6082474226804123,19.0,0.05747126436781609,4b126522a5a475ff0eec8ae0dcbe7368c833452391bceae9849ad46654dd33a3
routing_abrupt_regime_shift,routing_abrupt_regime_shift:seed96100000:epoch80,80,18,validation,96300003,u_0.60,0.6,32687486.726925924,0.6082474226804123,19.0,0.05555555555555555,4b126522a5a475ff0eec8ae0dcbe7368c833452391bceae9849ad46654dd33a3
routing_abrupt_regime_shift,routing_abrupt_regime_shift:seed96100000:epoch80,80,18,validation,96300003,u_0.70,0.7,32124904.831745043,0.6082474226804123,18.0,0.05263157894736842,4b126522a5a475ff0eec8ae0dcbe7368c833452391bceae9849ad46654dd33a3
routing_abrupt_regime_shift,routing_abrupt_regime_shift:seed96100000:epoch80,80,18,validation,96300003,u_0.80,0.8,31434506.15685052,0.6082474226804123,17.0,0.04854368932038835,4b126522a5a475ff0eec8ae0dcbe7368c833452391bceae9849ad46654dd33a3
routing_abrupt_regime_shift,routing_abrupt_regime_shift:seed96100000:epoch80,80,18,validation,96300003,u_0.90,0.9,31618592.94194173,0.6082474226804123,17.0,0.047619047619047616,4b126522a5a475ff0eec8ae0dcbe7368c833452391bceae9849ad46654dd33a3
routing_abrupt_regime_shift,routing_abrupt_regime_shift:seed96100000:epoch80,80,18,validation,96300003,u_1.00,1.0,30172994.32429065,0.6082474226804123,15.0,0.0423728813559322,4b126522a5a475ff0eec8ae0dcbe7368c833452391bceae9849ad46654dd33a3
routing_abrupt_regime_shift,routing_abrupt_regime_shift:seed96100000:epoch80,80,18,validation,96300004,anchor,-1.0,35511931.38377006,0.6082474226804123,24.0,0.06578947368421052,4b126522a5a475ff0eec8ae0dcbe7368c833452391bceae9849ad46654dd33a3
routing_abrupt_regime_shift,routing_abrupt_regime_shift:seed96100000:epoch80,80,18,validation,96300004,u_0.00,0.0,37479702.31935398,0.6082474226804123,27.0,0.08620689655172414,4b126522a5a475ff0eec8ae0dcbe7368c833452391bceae9849ad46654dd33a3
routing_abrupt_regime_shift,routing_abrupt_regime_shift:seed96100000:epoch80,80,18,validation,96300004,u_0.10,0.1,37580304.290572576,0.6082474226804123,27.0,0.08064516129032258,4b126522a5a475ff0eec8ae0dcbe7368c833452391bceae9849ad46654dd33a3
routing_abrupt_regime_shift,routing_abrupt_regime_shift:seed96100000:epoch80,80,18,validation,96300004,u_0.20,0.2,37063577.85260442,0.6082474226804123,26.0,0.07692307692307693,4b126522a5a475ff0eec8ae0dcbe7368c833452391bceae9849ad46654dd33a3
routing_abrupt_regime_shift,routing_abrupt_regime_shift:seed96100000:epoch80,80,18,validation,96300004,u_0.30,0.3,35163643.518829405,0.6082474226804123,23.0,0.0684931506849315,4b126522a5a475ff0eec8ae0dcbe7368c833452391bceae9849ad46654dd33a3
routing_abrupt_regime_shift,routing_abrupt_regime_shift:seed96100000:epoch80,80,18,validation,96300004,u_0.40,0.4,34082756.92084268,0.6082474226804123,21.0,0.06578947368421052,4b126522a5a475ff0eec8ae0dcbe7368c833452391bceae9849ad46654dd33a3
routing_abrupt_regime_shift,routing_abrupt_regime_shift:seed96100000:epoch80,80,18,validation,96300004,u_0.50,0.5,32622685.523541514,0.6082474226804123,19.0,0.05747126436781609,4b126522a5a475ff0eec8ae0dcbe7368c833452391bceae9849ad46654dd33a3
routing_abrupt_regime_shift,routing_abrupt_regime_shift:seed96100000:epoch80,80,18,validation,96300004,u_0.60,0.6,32687486.726925924,0.6082474226804123,19.0,0.05555555555555555,4b126522a5a475ff0eec8ae0dcbe7368c833452391bceae9849ad46654dd33a3
routing_abrupt_regime_shift,routing_abrupt_regime_shift:seed96100000:epoch80,80,18,validation,96300004,u_0.70,0.7,32124904.831745043,0.6082474226804123,18.0,0.05263157894736842,4b126522a5a475ff0eec8ae0dcbe7368c833452391bceae9849ad46654dd33a3
routing_abrupt_regime_shift,routing_abrupt_regime_shift:seed96100000:epoch80,80,18,validation,96300004,u_0.80,0.8,31434506.15685052,0.6082474226804123,17.0,0.04854368932038835,4b126522a5a475ff0eec8ae0dcbe7368c833452391bceae9849ad46654dd33a3
routing_abrupt_regime_shift,routing_abrupt_regime_shift:seed96100000:epoch80,80,18,validation,96300004,u_0.90,0.9,31618592.94194173,0.6082474226804123,17.0,0.047619047619047616,4b126522a5a475ff0eec8ae0dcbe7368c833452391bceae9849ad46654dd33a3
routing_abrupt_regime_shift,routing_abrupt_regime_shift:seed96100000:epoch80,80,18,validation,96300004,u_1.00,1.0,30172994.32429065,0.6082474226804123,15.0,0.0423728813559322,4b126522a5a475ff0eec8ae0dcbe7368c833452391bceae9849ad46654dd33a3
routing_abrupt_regime_shift,routing_abrupt_regime_shift:seed96100001:epoch30,30,19,discovery,96200000,anchor,-1.0,807549353.9408488,0.7219445706497046,550.0,0.024645717806531114,4b126522a5a475ff0eec8ae0dcbe7368c833452391bceae9849ad46654dd33a3
routing_abrupt_regime_shift,routing_abrupt_regime_shift:seed96100001:epoch30,30,19,discovery,96200000,u_0.00,0.0,811427373.8337014,0.7110404361653794,562.0,0.027160493827160494,4b126522a5a475ff0eec8ae0dcbe7368c833452391bceae9849ad46654dd33a3
routing_abrupt_regime_shift,routing_abrupt_regime_shift:seed96100001:epoch30,30,19,discovery,96200000,u_0.10,0.1,812076242.5041492,0.7105860972285325,564.0,0.025974025974025976,4b126522a5a475ff0eec8ae0dcbe7368c833452391bceae9849ad46654dd33a3
routing_abrupt_regime_shift,routing_abrupt_regime_shift:seed96100001:epoch30,30,19,discovery,96200000,u_0.20,0.2,807194308.796528,0.7174011812812358,558.0,0.026993865030674847,4b126522a5a475ff0eec8ae0dcbe7368c833452391bceae9849ad46654dd33a3
routing_abrupt_regime_shift,routing_abrupt_regime_shift:seed96100001:epoch30,30,19,discovery,96200000,u_0.30,0.3,795972592.0563464,0.7233075874602454,548.0,0.02853673345476624,4b126522a5a475ff0eec8ae0dcbe7368c833452391bceae9849ad46654dd33a3
routing_abrupt_regime_shift,routing_abrupt_regime_shift:seed96100001:epoch30,30,19,discovery,96200000,u_0.40,0.4,792279311.4958913,0.7255792821444798,543.0,0.02786190187764991,4b126522a5a475ff0eec8ae0dcbe7368c833452391bceae9849ad46654dd33a3
routing_abrupt_regime_shift,routing_abrupt_regime_shift:seed96100001:epoch30,30,19,discovery,96200000,u_0.50,0.5,795909315.2815844,0.7269422989550205,537.0,0.026092233009708737,4b126522a5a475ff0eec8ae0dcbe7368c833452391bceae9849ad46654dd33a3
routing_abrupt_regime_shift,routing_abrupt_regime_shift:seed96100001:epoch30,30,19,discovery,96200000,u_0.60,0.6,791375142.0006148,0.7264879600181735,535.0,0.026060606060606062,4b126522a5a475ff0eec8ae0dcbe7368c833452391bceae9849ad46654dd33a3
routing_abrupt_regime_shift,routing_abrupt_regime_shift:seed96100001:epoch30,30,19,discovery,96200000,u_0.70,0.7,784141883.269949,0.7323943661971831,527.0,0.024096385542168676,4b126522a5a475ff0eec8ae0dcbe7368c833452391bceae9849ad46654dd33a3
routing_abrupt_regime_shift,routing_abrupt_regime_shift:seed96100001:epoch30,30,19,discovery,96200000,u_0.80,0.8,776433817.8054433,0.7405724670604271,522.0,0.024580335731414868,4b126522a5a475ff0eec8ae0dcbe7368c833452391bceae9849ad46654dd33a3
routing_abrupt_regime_shift,routing_abrupt_regime_shift:seed96100001:epoch30,30,19,discovery,96200000,u_0.90,0.9,776708218.7910464,0.7405724670604271,522.0,0.024580335731414868,4b126522a5a475ff0eec8ae0dcbe7368c833452391bceae9849ad46654dd33a3
routing_abrupt_regime_shift,routing_abrupt_regime_shift:seed96100001:epoch30,30,19,discovery,96200000,u_1.00,1.0,777952898.5995201,0.7351203998182644,517.0,0.022168963451168363,4b126522a5a475ff0eec8ae0dcbe7368c833452391bceae9849ad46654dd33a3
routing_abrupt_regime_shift,routing_abrupt_regime_shift:seed96100001:epoch30,30,19,discovery,96200001,anchor,-1.0,832334985.3135723,0.7080223880597015,583.0,0.0324254215304799,4b126522a5a475ff0eec8ae0dcbe7368c833452391bceae9849ad46654dd33a3
routing_abrupt_regime_shift,routing_abrupt_regime_shift:seed96100001:epoch30,30,19,discovery,96200001,u_0.00,0.0,856952851.8384054,0.6898320895522388,611.0,0.03620803159973667,4b126522a5a475ff0eec8ae0dcbe7368c833452391bceae9849ad46654dd33a3
routing_abrupt_regime_shift,routing_abrupt_regime_shift:seed96100001:epoch30,30,19,discovery,96200001,u_0.10,0.1,851285717.6792419,0.6926305970149254,604.0,0.03473132372214941,4b126522a5a475ff0eec8ae0dcbe7368c833452391bceae9849ad46654dd33a3
routing_abrupt_regime_shift,routing_abrupt_regime_shift:seed96100001:epoch30,30,19,discovery,96200001,u_0.20,0.2,847349510.4795163,0.695429104477612,600.0,0.033964728935336384,4b126522a5a475ff0eec8ae0dcbe7368c833452391bceae9849ad46654dd33a3
routing_abrupt_regime_shift,routing_abrupt_regime_shift:seed96100001:epoch30,30,19,discovery,96200001,u_0.30,0.3,835081085.5049248,0.7033582089552238,588.0,0.0342156229825694,4b126522a5a475ff0eec8ae0dcbe7368c833452391bceae9849ad46654dd33a3
routing_abrupt_regime_shift,routing_abrupt_regime_shift:seed96100001:epoch30,30,19,discovery,96200001,u_0.40,0.4,831148271.1475476,0.7056902985074627,583.0,0.0341055341055341,4b126522a5a475ff0eec8ae0dcbe7368c833452391bceae9849ad46654dd33a3
routing_abrupt_regime_shift,routing_abrupt_regime_shift:seed96100001:epoch30,30,19,discovery,96200001,u_0.50,0.5,821341200.0382586,0.7126865671641791,573.0,0.033952594490711085,4b126522a5a475ff0eec8ae0dcbe7368c833452391bceae9849ad46654dd33a3
routing_abrupt_regime_shift,routing_abrupt_regime_shift:seed96100001:epoch30,30,19,discovery,96200001,u_0.60,0.6,815869326.7647821,0.7173507462686567,570.0,0.03509891512444161,4b126522a5a475ff0eec8ae0dcbe7368c833452391bceae9849ad46654dd33a3
routing_abrupt_regime_shift,routing_abrupt_regime_shift:seed96100001:epoch30,30,19,discovery,96200001,u_0.70,0.7,807200010.9795392,0.7238805970149254,560.0,0.03238095238095238,4b126522a5a475ff0eec8ae0dcbe7368c833452391bceae9849ad46654dd33a3
routing_abrupt_regime_shift,routing_abrupt_regime_shift:seed96100001:epoch30,30,19,discovery,96200001,u_0.80,0.8,802477126.8159457,0.7271455223880597,556.0,0.032237673830594185,4b126522a5a475ff0eec8ae0dcbe7368c833452391bceae9849ad46654dd33a3
routing_abrupt_regime_shift,routing_abrupt_regime_shift:seed96100001:epoch30,30,19,discovery,96200001,u_0.90,0.9,802751527.8015487,0.7271455223880597,556.0,0.032237673830594185,4b126522a5a475ff0eec8ae0dcbe7368c833452391bceae9849ad46654dd33a3
routing_abrupt_regime_shift,routing_abrupt_regime_shift:seed96100001:epoch30,30,19,discovery,96200001,u_1.00,1.0,787794963.2610402,0.7355410447761194,536.0,0.0300187617260788,4b126522a5a475ff0eec8ae0dcbe7368c833452391bceae9849ad46654dd33a3
routing_abrupt_regime_shift,routing_abrupt_regime_shift:seed96100001:epoch30,30,19,discovery,96200002,anchor,-1.0,803196285.0901537,0.7321262766945218,568.0,0.030491599253266957,4b126522a5a475ff0eec8ae0dcbe7368c833452391bceae9849ad46654dd33a3
routing_abrupt_regime_shift,routing_abrupt_regime_shift:seed96100001:epoch30,30,19,discovery,96200002,u_0.00,0.0,815542263.2154688,0.7181987000928505,583.0,0.029634300126103404,4b126522a5a475ff0eec8ae0dcbe7368c833452391bceae9849ad46654dd33a3
routing_abrupt_regime_shift,routing_abrupt_regime_shift:seed96100001:epoch30,30,19,discovery,96200002,u_0.10,0.1,811870351.9110328,0.7200557103064067,581.0,0.028930817610062894,4b126522a5a475ff0eec8ae0dcbe7368c833452391bceae9849ad46654dd33a3
routing_abrupt_regime_shift,routing_abrupt_regime_shift:seed96100001:epoch30,30,19,discovery,96200002,u_0.20,0.2,811757927.7798768,0.7200557103064067,581.0,0.028930817610062894,4b126522a5a475ff0eec8ae0dcbe7368c833452391bceae9849ad46654dd33a3
routing_abrupt_regime_shift,routing_abrupt_regime_shift:seed96100001:epoch30,30,19,discovery,96200002,u_0.30,0.3,802434140.6830344,0.7265552460538532,568.0,0.029301745635910224,4b126522a5a475ff0eec8ae0dcbe7368c833452391bceae9849ad46654dd33a3
routing_abrupt_regime_shift,routing_abrupt_regime_shift:seed96100001:epoch30,30,19,discovery,96200002,u_0.40,0.4,798425465.3504603,0.7293407613741876,563.0,0.028589185829707892,4b126522a5a475ff0eec8ae0dcbe7368c833452391bceae9849ad46654dd33a3
routing_abrupt_regime_shift,routing_abrupt_regime_shift:seed96100001:epoch30,30,19,discovery,96200002,u_0.50,0.5,787162067.8980166,0.7409470752089137,550.0,0.02894088669950739,4b126522a5a475ff0eec8ae0dcbe7368c833452391bceae9849ad46654dd33a3
routing_abrupt_regime_shift,routing_abrupt_regime_shift:seed96100001:epoch30,30,19,discovery,96200002,u_0.60,0.6,779184427.623988,0.745125348189415,541.0,0.028186274509803922,4b126522a5a475ff0eec8ae0dcbe7368c833452391bceae9849ad46654dd33a3
routing_abrupt_regime_shift,routing_abrupt_regime_shift:seed96100001:epoch30,30,19,discovery,96200002,u_0.70,0.7,774129300.9287553,0.7497678737233054,535.0,0.028014616321559074,4b126522a5a475ff0eec8ae0dcbe7368c833452391bceae9849ad46654dd33a3
routing_abrupt_regime_shift,routing_abrupt_regime_shift:seed96100001:epoch30,30,19,discovery,96200002,u_0.80,0.8,763936357.9440266,0.7604456824512534,521.0,0.028296207104154123,4b126522a5a475ff0eec8ae0dcbe7368c833452391bceae9849ad46654dd33a3
routing_abrupt_regime_shift,routing_abrupt_regime_shift:seed96100001:epoch30,30,19,discovery,96200002,u_0.90,0.9,764210758.9296296,0.7604456824512534,521.0,0.028296207104154123,4b126522a5a475ff0eec8ae0dcbe7368c833452391bceae9849ad46654dd33a3
routing_abrupt_regime_shift,routing_abrupt_regime_shift:seed96100001:epoch30,30,19,discovery,96200002,u_1.00,1.0,775122963.8501059,0.7525533890436398,531.0,0.028554070473876064,4b126522a5a475ff0eec8ae0dcbe7368c833452391bceae9849ad46654dd33a3
routing_abrupt_regime_shift,routing_abrupt_regime_shift:seed96100001:epoch30,30,19,validation,96300000,anchor,-1.0,785992077.9299201,0.7274017983909133,539.0,0.026282051282051282,4b126522a5a475ff0eec8ae0dcbe7368c833452391bceae9849ad46654dd33a3
routing_abrupt_regime_shift,routing_abrupt_regime_shift:seed96100001:epoch30,30,19,validation,96300000,u_0.00,0.0,809246206.2814035,0.7127307146237577,564.0,0.029277813923227064,4b126522a5a475ff0eec8ae0dcbe7368c833452391bceae9849ad46654dd33a3
routing_abrupt_regime_shift,routing_abrupt_regime_shift:seed96100001:epoch30,30,19,validation,96300000,u_0.10,0.1,808048299.3531201,0.7122574538570753,562.0,0.029182879377431907,4b126522a5a475ff0eec8ae0dcbe7368c833452391bceae9849ad46654dd33a3
routing_abrupt_regime_shift,routing_abrupt_regime_shift:seed96100001:epoch30,30,19,validation,96300000,u_0.20,0.2,808453404.2131835,0.7108376715570279,565.0,0.027325959661678594,4b126522a5a475ff0eec8ae0dcbe7368c833452391bceae9849ad46654dd33a3
routing_abrupt_regime_shift,routing_abrupt_regime_shift:seed96100001:epoch30,30,19,validation,96300000,u_0.30,0.3,802040329.8008698,0.7146237576904875,557.0,0.027903958468526932,4b126522a5a475ff0eec8ae0dcbe7368c833452391bceae9849ad46654dd33a3
routing_abrupt_regime_shift,routing_abrupt_regime_shift:seed96100001:epoch30,30,19,validation,96300000,u_0.40,0.4,798736390.8174585,0.7165168007572172,553.0,0.027849740932642485,4b126522a5a475ff0eec8ae0dcbe7368c833452391bceae9849ad46654dd33a3
routing_abrupt_regime_shift,routing_abrupt_regime_shift:seed96100001:epoch30,30,19,validation,96300000,u_0.50,0.5,783411495.9877182,0.7264552768575485,539.0,0.026854219948849106,4b126522a5a475ff0eec8ae0dcbe7368c833452391bceae9849ad46654dd33a3
routing_abrupt_regime_shift,routing_abrupt_regime_shift:seed96100001:epoch30,30,19,validation,96300000,u_0.60,0.6,773551314.5616994,0.7311878845243729,528.0,0.025477707006369428,4b126522a5a475ff0eec8ae0dcbe7368c833452391bceae9849ad46654dd33a3
routing_abrupt_regime_shift,routing_abrupt_regime_shift:seed96100001:epoch30,30,19,validation,96300000,u_0.70,0.7,768687182.2122328,0.735447231424515,522.0,0.02477763659466328,4b126522a5a475ff0eec8ae0dcbe7368c833452391bceae9849ad46654dd33a3
routing_abrupt_regime_shift,routing_abrupt_regime_shift:seed96100001:epoch30,30,19,validation,96300000,u_0.80,0.8,756234689.8478256,0.7463322290582111,511.0,0.02756892230576441,4b126522a5a475ff0eec8ae0dcbe7368c833452391bceae9849ad46654dd33a3
routing_abrupt_regime_shift,routing_abrupt_regime_shift:seed96100001:epoch30,30,19,validation,96300000,u_0.90,0.9,756509090.8334286,0.7463322290582111,511.0,0.02756892230576441,4b126522a5a475ff0eec8ae0dcbe7368c833452391bceae9849ad46654dd33a3
routing_abrupt_regime_shift,routing_abrupt_regime_shift:seed96100001:epoch30,30,19,validation,96300000,u_1.00,1.0,740792015.416377,0.7539044013251301,497.0,0.02367601246105919,4b126522a5a475ff0eec8ae0dcbe7368c833452391bceae9849ad46654dd33a3
routing_abrupt_regime_shift,routing_abrupt_regime_shift:seed96100001:epoch30,30,19,validation,96300001,anchor,-1.0,835034533.5454199,0.7174311926605504,584.0,0.030359355638166045,4b126522a5a475ff0eec8ae0dcbe7368c833452391bceae9849ad46654dd33a3
routing_abrupt_regime_shift,routing_abrupt_regime_shift:seed96100001:epoch30,30,19,validation,96300001,u_0.00,0.0,841583193.8195531,0.710091743119266,593.0,0.031755915317559155,4b126522a5a475ff0eec8ae0dcbe7368c833452391bceae9849ad46654dd33a3
routing_abrupt_regime_shift,routing_abrupt_regime_shift:seed96100001:epoch30,30,19,validation,96300001,u_0.10,0.1,839689386.8416911,0.7123853211009175,593.0,0.031133250311332503,4b126522a5a475ff0eec8ae0dcbe7368c833452391bceae9849ad46654dd33a3
routing_abrupt_regime_shift,routing_abrupt_regime_shift:seed96100001:epoch30,30,19,validation,96300001,u_0.20,0.2,832364167.5275593,0.7169724770642202,585.0,0.03094059405940594,4b126522a5a475ff0eec8ae0dcbe7368c833452391bceae9849ad46654dd33a3
routing_abrupt_regime_shift,routing_abrupt_regime_shift:seed96100001:epoch30,30,19,validation,96300001,u_0.30,0.3,823419466.9006009,0.7197247706422019,572.0,0.031442663378545004,4b126522a5a475ff0eec8ae0dcbe7368c833452391bceae9849ad46654dd33a3
routing_abrupt_regime_shift,routing_abrupt_regime_shift:seed96100001:epoch30,30,19,validation,96300001,u_0.40,0.4,822792023.1801305,0.7197247706422019,573.0,0.031442663378545004,4b126522a5a475ff0eec8ae0dcbe7368c833452391bceae9849ad46654dd33a3
routing_abrupt_regime_shift,routing_abrupt_regime_shift:seed96100001:epoch30,30,19,validation,96300001,u_0.50,0.5,819383142.9814892,0.7247706422018348,571.0,0.029538461538461538,4b126522a5a475ff0eec8ae0dcbe7368c833452391bceae9849ad46654dd33a3
routing_abrupt_regime_shift,routing_abrupt_regime_shift:seed96100001:epoch30,30,19,validation,96300001,u_0.60,0.6,810767719.6525847,0.731651376146789,563.0,0.02950215119852489,4b126522a5a475ff0eec8ae0dcbe7368c833452391bceae9849ad46654dd33a3
routing_abrupt_regime_shift,routing_abrupt_regime_shift:seed96100001:epoch30,30,19,validation,96300001,u_0.70,0.7,804542273.2179723,0.7371559633027523,553.0,0.028100183262064753,4b126522a5a475ff0eec8ae0dcbe7368c833452391bceae9849ad46654dd33a3
routing_abrupt_regime_shift,routing_abrupt_regime_shift:seed96100001:epoch30,30,19,validation,96300001,u_0.80,0.8,790166781.5552471,0.7472477064220183,534.0,0.02882882882882883,4b126522a5a475ff0eec8ae0dcbe7368c833452391bceae9849ad46654dd33a3
routing_abrupt_regime_shift,routing_abrupt_regime_shift:seed96100001:epoch30,30,19,validation,96300001,u_0.90,0.9,790441182.5408499,0.7472477064220183,534.0,0.02882882882882883,4b126522a5a475ff0eec8ae0dcbe7368c833452391bceae9849ad46654dd33a3
routing_abrupt_regime_shift,routing_abrupt_regime_shift:seed96100001:epoch30,30,19,validation,96300001,u_1.00,1.0,792797810.7791567,0.7467889908256881,536.0,0.030048076923076924,4b126522a5a475ff0eec8ae0dcbe7368c833452391bceae9849ad46654dd33a3
routing_abrupt_regime_shift,routing_abrupt_regime_shift:seed96100001:epoch30,30,19,validation,96300002,anchor,-1.0,763507576.154983,0.7356870229007634,509.0,0.0277602523659306,4b126522a5a475ff0eec8ae0dcbe7368c833452391bceae9849ad46654dd33a3
routing_abrupt_regime_shift,routing_abrupt_regime_shift:seed96100001:epoch30,30,19,validation,96300002,u_0.00,0.0,773991744.1757076,0.726145038167939,527.0,0.028115015974440896,4b126522a5a475ff0eec8ae0dcbe7368c833452391bceae9849ad46654dd33a3
routing_abrupt_regime_shift,routing_abrupt_regime_shift:seed96100001:epoch30,30,19,validation,96300002,u_0.10,0.1,764600577.2087919,0.7318702290076335,517.0,0.0290955091714105,4b126522a5a475ff0eec8ae0dcbe7368c833452391bceae9849ad46654dd33a3
routing_abrupt_regime_shift,routing_abrupt_regime_shift:seed96100001:epoch30,30,19,validation,96300002,u_0.20,0.2,764157123.133973,0.7313931297709924,519.0,0.028499050031665613,4b126522a5a475ff0eec8ae0dcbe7368c833452391bceae9849ad46654dd33a3
routing_abrupt_regime_shift,routing_abrupt_regime_shift:seed96100001:epoch30,30,19,validation,96300002,u_0.30,0.3,763854091.6478372,0.7318702290076335,516.0,0.027830487033523088,4b126522a5a475ff0eec8ae0dcbe7368c833452391bceae9849ad46654dd33a3
routing_abrupt_regime_shift,routing_abrupt_regime_shift:seed96100001:epoch30,30,19,validation,96300002,u_0.40,0.4,760484903.343888,0.7337786259541985,512.0,0.0277602523659306,4b126522a5a475ff0eec8ae0dcbe7368c833452391bceae9849ad46654dd33a3
routing_abrupt_regime_shift,routing_abrupt_regime_shift:seed96100001:epoch30,30,19,validation,96300002,u_0.50,0.5,753915390.9536111,0.7414122137404581,502.0,0.027586206896551724,4b126522a5a475ff0eec8ae0dcbe7368c833452391bceae9849ad46654dd33a3
routing_abrupt_regime_shift,routing_abrupt_regime_shift:seed96100001:epoch30,30,19,validation,96300002,u_0.60,0.6,751178378.8944614,0.7433206106870229,496.0,0.02753441802252816,4b126522a5a475ff0eec8ae0dcbe7368c833452391bceae9849ad46654dd33a3
routing_abrupt_regime_shift,routing_abrupt_regime_shift:seed96100001:epoch30,30,19,validation,96300002,u_0.70,0.7,743337342.3203012,0.7485687022900763,487.0,0.026741293532338308,4b126522a5a475ff0eec8ae0dcbe7368c833452391bceae9849ad46654dd33a3
routing_abrupt_regime_shift,routing_abrupt_regime_shift:seed96100001:epoch30,30,19,validation,96300002,u_0.80,0.8,729690401.9311305,0.7562022900763359,476.0,0.025909932140653916,4b126522a5a475ff0eec8ae0dcbe7368c833452391bceae9849ad46654dd33a3
routing_abrupt_regime_shift,routing_abrupt_regime_shift:seed96100001:epoch30,30,19,validation,96300002,u_0.90,0.9,729964802.9167336,0.7562022900763359,476.0,0.025909932140653916,4b126522a5a475ff0eec8ae0dcbe7368c833452391bceae9849ad46654dd33a3
routing_abrupt_regime_shift,routing_abrupt_regime_shift:seed96100001:epoch30,30,19,validation,96300002,u_1.00,1.0,720275266.4778014,0.7614503816793893,463.0,0.02389705882352941,4b126522a5a475ff0eec8ae0dcbe7368c833452391bceae9849ad46654dd33a3
routing_abrupt_regime_shift,routing_abrupt_regime_shift:seed96100001:epoch30,30,19,validation,96300003,anchor,-1.0,861232332.3860877,0.7127510509107894,625.0,0.029069767441860465,4b126522a5a475ff0eec8ae0dcbe7368c833452391bceae9849ad46654dd33a3
routing_abrupt_regime_shift,routing_abrupt_regime_shift:seed96100001:epoch30,30,19,validation,96300003,u_0.00,0.0,871527535.4375818,0.7020084072863149,632.0,0.029296875,4b126522a5a475ff0eec8ae0dcbe7368c833452391bceae9849ad46654dd33a3
routing_abrupt_regime_shift,routing_abrupt_regime_shift:seed96100001:epoch30,30,19,validation,96300003,u_0.10,0.1,862865354.1035681,0.7066791219056515,623.0,0.030244530244530245,4b126522a5a475ff0eec8ae0dcbe7368c833452391bceae9849ad46654dd33a3
routing_abrupt_regime_shift,routing_abrupt_regime_shift:seed96100001:epoch30,30,19,validation,96300003,u_0.20,0.2,859818702.9720167,0.7090144792153199,619.0,0.030166880616174584,4b126522a5a475ff0eec8ae0dcbe7368c833452391bceae9849ad46654dd33a3
routing_abrupt_regime_shift,routing_abrupt_regime_shift:seed96100001:epoch30,30,19,validation,96300003,u_0.30,0.3,860532097.9573486,0.7080803362914526,622.0,0.031450577663671375,4b126522a5a475ff0eec8ae0dcbe7368c833452391bceae9849ad46654dd33a3
routing_abrupt_regime_shift,routing_abrupt_regime_shift:seed96100001:epoch30,30,19,validation,96300003,u_0.40,0.4,857826942.55094,0.7099486221391873,618.0,0.03201024327784891,4b126522a5a475ff0eec8ae0dcbe7368c833452391bceae9849ad46654dd33a3
routing_abrupt_regime_shift,routing_abrupt_regime_shift:seed96100001:epoch30,30,19,validation,96300003,u_0.50,0.5,850520769.4161001,0.7174217655301262,612.0,0.03186743148502231,4b126522a5a475ff0eec8ae0dcbe7368c833452391bceae9849ad46654dd33a3
routing_abrupt_regime_shift,routing_abrupt_regime_shift:seed96100001:epoch30,30,19,validation,96300003,u_0.60,0.6,833870072.0090184,0.7267631947687996,596.0,0.03015075376884422,4b126522a5a475ff0eec8ae0dcbe7368c833452391bceae9849ad46654dd33a3
routing_abrupt_regime_shift,routing_abrupt_regime_shift:seed96100001:epoch30,30,19,validation,96300003,u_0.70,0.7,824049161.5436525,0.7337692666978047,584.0,0.026858213616489695,4b126522a5a475ff0eec8ae0dcbe7368c833452391bceae9849ad46654dd33a3
routing_abrupt_regime_shift,routing_abrupt_regime_shift:seed96100001:epoch30,30,19,validation,96300003,u_0.80,0.8,835772333.0294678,0.7281644091546007,598.0,0.02737110120942075,4b126522a5a475ff0eec8ae0dcbe7368c833452391bceae9849ad46654dd33a3
routing_abrupt_regime_shift,routing_abrupt_regime_shift:seed96100001:epoch30,30,19,validation,96300003,u_0.90,0.9,836046734.0150709,0.7281644091546007,598.0,0.02737110120942075,4b126522a5a475ff0eec8ae0dcbe7368c833452391bceae9849ad46654dd33a3
routing_abrupt_regime_shift,routing_abrupt_regime_shift:seed96100001:epoch30,30,19,validation,96300003,u_1.00,1.0,823546503.0174518,0.7347034096216721,586.0,0.02819548872180451,4b126522a5a475ff0eec8ae0dcbe7368c833452391bceae9849ad46654dd33a3
routing_abrupt_regime_shift,routing_abrupt_regime_shift:seed96100001:epoch30,30,19,validation,96300004,anchor,-1.0,825764615.4004045,0.7187356848373797,576.0,0.033707865168539325,4b126522a5a475ff0eec8ae0dcbe7368c833452391bceae9849ad46654dd33a3
routing_abrupt_regime_shift,routing_abrupt_regime_shift:seed96100001:epoch30,30,19,validation,96300004,u_0.00,0.0,840092962.0726382,0.7045350435180944,590.0,0.03236040609137056,4b126522a5a475ff0eec8ae0dcbe7368c833452391bceae9849ad46654dd33a3
routing_abrupt_regime_shift,routing_abrupt_regime_shift:seed96100001:epoch30,30,19,validation,96300004,u_0.10,0.1,843628163.8704292,0.7022446174988548,593.0,0.032953105196451206,4b126522a5a475ff0eec8ae0dcbe7368c833452391bceae9849ad46654dd33a3
routing_abrupt_regime_shift,routing_abrupt_regime_shift:seed96100001:epoch30,30,19,validation,96300004,u_0.20,0.2,844235735.2311904,0.6994961062757673,597.0,0.033523086654016446,4b126522a5a475ff0eec8ae0dcbe7368c833452391bceae9849ad46654dd33a3
routing_abrupt_regime_shift,routing_abrupt_regime_shift:seed96100001:epoch30,30,19,validation,96300004,u_0.30,0.3,837605086.6151872,0.7040769583142464,591.0,0.032196969696969696,4b126522a5a475ff0eec8ae0dcbe7368c833452391bceae9849ad46654dd33a3
routing_abrupt_regime_shift,routing_abrupt_regime_shift:seed96100001:epoch30,30,19,validation,96300004,u_0.40,0.4,833805444.7948778,0.706367384333486,586.0,0.032095657646318436,4b126522a5a475ff0eec8ae0dcbe7368c833452391bceae9849ad46654dd33a3
routing_abrupt_regime_shift,routing_abrupt_regime_shift:seed96100001:epoch30,30,19,validation,96300004,u_0.50,0.5,820201790.0581664,0.7182775996335319,574.0,0.03407682775712516,4b126522a5a475ff0eec8ae0dcbe7368c833452391bceae9849ad46654dd33a3
routing_abrupt_regime_shift,routing_abrupt_regime_shift:seed96100001:epoch30,30,19,validation,96300004,u_0.60,0.6,809826018.5622087,0.7237746220797068,563.0,0.032675709001233046,4b126522a5a475ff0eec8ae0dcbe7368c833452391bceae9849ad46654dd33a3
routing_abrupt_regime_shift,routing_abrupt_regime_shift:seed96100001:epoch30,30,19,validation,96300004,u_0.70,0.7,802984468.3405713,0.7292716445258818,554.0,0.03125,4b126522a5a475ff0eec8ae0dcbe7368c833452391bceae9849ad46654dd33a3
routing_abrupt_regime_shift,routing_abrupt_regime_shift:seed96100001:epoch30,30,19,validation,96300004,u_0.80,0.8,799148131.1962839,0.7292716445258818,558.0,0.030191004313000615,4b126522a5a475ff0eec8ae0dcbe7368c833452391bceae9849ad46654dd33a3
routing_abrupt_regime_shift,routing_abrupt_regime_shift:seed96100001:epoch30,30,19,validation,96300004,u_0.90,0.9,799422532.1818869,0.7292716445258818,558.0,0.030191004313000615,4b126522a5a475ff0eec8ae0dcbe7368c833452391bceae9849ad46654dd33a3
routing_abrupt_regime_shift,routing_abrupt_regime_shift:seed96100001:epoch30,30,19,validation,96300004,u_1.00,1.0,796348713.8855174,0.733852496564361,547.0,0.032297379646556976,4b126522a5a475ff0eec8ae0dcbe7368c833452391bceae9849ad46654dd33a3
routing_abrupt_regime_shift,routing_abrupt_regime_shift:seed96100001:epoch55,55,19,discovery,96200000,anchor,-1.0,38559643.91237504,0.6190476190476191,28.0,0.0379746835443038,4b126522a5a475ff0eec8ae0dcbe7368c833452391bceae9849ad46654dd33a3
routing_abrupt_regime_shift,routing_abrupt_regime_shift:seed96100001:epoch55,55,19,discovery,96200000,u_0.00,0.0,41584635.81200047,0.6190476190476191,33.0,0.046153846153846156,4b126522a5a475ff0eec8ae0dcbe7368c833452391bceae9849ad46654dd33a3
routing_abrupt_regime_shift,routing_abrupt_regime_shift:seed96100001:epoch55,55,19,discovery,96200000,u_0.10,0.1,40588928.49648946,0.6190476190476191,31.0,0.043478260869565216,4b126522a5a475ff0eec8ae0dcbe7368c833452391bceae9849ad46654dd33a3
routing_abrupt_regime_shift,routing_abrupt_regime_shift:seed96100001:epoch55,55,19,discovery,96200000,u_0.20,0.2,40045849.36933808,0.6190476190476191,30.0,0.0410958904109589,4b126522a5a475ff0eec8ae0dcbe7368c833452391bceae9849ad46654dd33a3
routing_abrupt_regime_shift,routing_abrupt_regime_shift:seed96100001:epoch55,55,19,discovery,96200000,u_0.30,0.3,38795390.48332685,0.6190476190476191,28.0,0.0379746835443038,4b126522a5a475ff0eec8ae0dcbe7368c833452391bceae9849ad46654dd33a3
routing_abrupt_regime_shift,routing_abrupt_regime_shift:seed96100001:epoch55,55,19,discovery,96200000,u_0.40,0.4,38218763.6854002,0.6190476190476191,27.0,0.03614457831325301,4b126522a5a475ff0eec8ae0dcbe7368c833452391bceae9849ad46654dd33a3
routing_abrupt_regime_shift,routing_abrupt_regime_shift:seed96100001:epoch55,55,19,discovery,96200000,u_0.50,0.5,36213986.88817226,0.6190476190476191,24.0,0.031914893617021274,4b126522a5a475ff0eec8ae0dcbe7368c833452391bceae9849ad46654dd33a3
routing_abrupt_regime_shift,routing_abrupt_regime_shift:seed96100001:epoch55,55,19,discovery,96200000,u_0.60,0.6,36234089.99164304,0.6190476190476191,24.0,0.030612244897959183,4b126522a5a475ff0eec8ae0dcbe7368c833452391bceae9849ad46654dd33a3
routing_abrupt_regime_shift,routing_abrupt_regime_shift:seed96100001:epoch55,55,19,discovery,96200000,u_0.70,0.7,35702812.5961871,0.6190476190476191,23.0,0.02912621359223301,4b126522a5a475ff0eec8ae0dcbe7368c833452391bceae9849ad46654dd33a3
routing_abrupt_regime_shift,routing_abrupt_regime_shift:seed96100001:epoch55,55,19,discovery,96200000,u_0.80,0.8,34418757.92190278,0.6190476190476191,21.0,0.026785714285714284,4b126522a5a475ff0eec8ae0dcbe7368c833452391bceae9849ad46654dd33a3
routing_abrupt_regime_shift,routing_abrupt_regime_shift:seed96100001:epoch55,55,19,discovery,96200000,u_0.90,0.9,34660016.80662224,0.6190476190476191,21.0,0.02654867256637168,4b126522a5a475ff0eec8ae0dcbe7368c833452391bceae9849ad46654dd33a3
routing_abrupt_regime_shift,routing_abrupt_regime_shift:seed96100001:epoch55,55,19,discovery,96200000,u_1.00,1.0,33171484.08854683,0.6190476190476191,19.0,0.023622047244094488,4b126522a5a475ff0eec8ae0dcbe7368c833452391bceae9849ad46654dd33a3
routing_abrupt_regime_shift,routing_abrupt_regime_shift:seed96100001:epoch55,55,19,discovery,96200001,anchor,-1.0,38559643.91237504,0.6190476190476191,28.0,0.0379746835443038,4b126522a5a475ff0eec8ae0dcbe7368c833452391bceae9849ad46654dd33a3
routing_abrupt_regime_shift,routing_abrupt_regime_shift:seed96100001:epoch55,55,19,discovery,96200001,u_0.00,0.0,41584635.81200047,0.6190476190476191,33.0,0.046153846153846156,4b126522a5a475ff0eec8ae0dcbe7368c833452391bceae9849ad46654dd33a3
routing_abrupt_regime_shift,routing_abrupt_regime_shift:seed96100001:epoch55,55,19,discovery,96200001,u_0.10,0.1,40588928.49648946,0.6190476190476191,31.0,0.043478260869565216,4b126522a5a475ff0eec8ae0dcbe7368c833452391bceae9849ad46654dd33a3
routing_abrupt_regime_shift,routing_abrupt_regime_shift:seed96100001:epoch55,55,19,discovery,96200001,u_0.20,0.2,40045849.36933808,0.6190476190476191,30.0,0.0410958904109589,4b126522a5a475ff0eec8ae0dcbe7368c833452391bceae9849ad46654dd33a3
routing_abrupt_regime_shift,routing_abrupt_regime_shift:seed96100001:epoch55,55,19,discovery,96200001,u_0.30,0.3,38795390.48332685,0.6190476190476191,28.0,0.0379746835443038,4b126522a5a475ff0eec8ae0dcbe7368c833452391bceae9849ad46654dd33a3
routing_abrupt_regime_shift,routing_abrupt_regime_shift:seed96100001:epoch55,55,19,discovery,96200001,u_0.40,0.4,38218763.6854002,0.6190476190476191,27.0,0.03614457831325301,4b126522a5a475ff0eec8ae0dcbe7368c833452391bceae9849ad46654dd33a3
routing_abrupt_regime_shift,routing_abrupt_regime_shift:seed96100001:epoch55,55,19,discovery,96200001,u_0.50,0.5,36213986.88817226,0.6190476190476191,24.0,0.031914893617021274,4b126522a5a475ff0eec8ae0dcbe7368c833452391bceae9849ad46654dd33a3
routing_abrupt_regime_shift,routing_abrupt_regime_shift:seed96100001:epoch55,55,19,discovery,96200001,u_0.60,0.6,36234089.99164304,0.6190476190476191,24.0,0.030612244897959183,4b126522a5a475ff0eec8ae0dcbe7368c833452391bceae9849ad46654dd33a3
routing_abrupt_regime_shift,routing_abrupt_regime_shift:seed96100001:epoch55,55,19,discovery,96200001,u_0.70,0.7,35702812.5961871,0.6190476190476191,23.0,0.02912621359223301,4b126522a5a475ff0eec8ae0dcbe7368c833452391bceae9849ad46654dd33a3
routing_abrupt_regime_shift,routing_abrupt_regime_shift:seed96100001:epoch55,55,19,discovery,96200001,u_0.80,0.8,34418757.92190278,0.6190476190476191,21.0,0.026785714285714284,4b126522a5a475ff0eec8ae0dcbe7368c833452391bceae9849ad46654dd33a3
routing_abrupt_regime_shift,routing_abrupt_regime_shift:seed96100001:epoch55,55,19,discovery,96200001,u_0.90,0.9,34660016.80662224,0.6190476190476191,21.0,0.02654867256637168,4b126522a5a475ff0eec8ae0dcbe7368c833452391bceae9849ad46654dd33a3
routing_abrupt_regime_shift,routing_abrupt_regime_shift:seed96100001:epoch55,55,19,discovery,96200001,u_1.00,1.0,33171484.08854683,0.6190476190476191,19.0,0.023622047244094488,4b126522a5a475ff0eec8ae0dcbe7368c833452391bceae9849ad46654dd33a3
routing_abrupt_regime_shift,routing_abrupt_regime_shift:seed96100001:epoch55,55,19,discovery,96200002,anchor,-1.0,38559643.91237504,0.6190476190476191,28.0,0.0379746835443038,4b126522a5a475ff0eec8ae0dcbe7368c833452391bceae9849ad46654dd33a3
routing_abrupt_regime_shift,routing_abrupt_regime_shift:seed96100001:epoch55,55,19,discovery,96200002,u_0.00,0.0,41584635.81200047,0.6190476190476191,33.0,0.046153846153846156,4b126522a5a475ff0eec8ae0dcbe7368c833452391bceae9849ad46654dd33a3
routing_abrupt_regime_shift,routing_abrupt_regime_shift:seed96100001:epoch55,55,19,discovery,96200002,u_0.10,0.1,40588928.49648946,0.6190476190476191,31.0,0.043478260869565216,4b126522a5a475ff0eec8ae0dcbe7368c833452391bceae9849ad46654dd33a3
routing_abrupt_regime_shift,routing_abrupt_regime_shift:seed96100001:epoch55,55,19,discovery,96200002,u_0.20,0.2,40045849.36933808,0.6190476190476191,30.0,0.0410958904109589,4b126522a5a475ff0eec8ae0dcbe7368c833452391bceae9849ad46654dd33a3
routing_abrupt_regime_shift,routing_abrupt_regime_shift:seed96100001:epoch55,55,19,discovery,96200002,u_0.30,0.3,38795390.48332685,0.6190476190476191,28.0,0.0379746835443038,4b126522a5a475ff0eec8ae0dcbe7368c833452391bceae9849ad46654dd33a3
routing_abrupt_regime_shift,routing_abrupt_regime_shift:seed96100001:epoch55,55,19,discovery,96200002,u_0.40,0.4,38218763.6854002,0.6190476190476191,27.0,0.03614457831325301,4b126522a5a475ff0eec8ae0dcbe7368c833452391bceae9849ad46654dd33a3
routing_abrupt_regime_shift,routing_abrupt_regime_shift:seed96100001:epoch55,55,19,discovery,96200002,u_0.50,0.5,36213986.88817226,0.6190476190476191,24.0,0.031914893617021274,4b126522a5a475ff0eec8ae0dcbe7368c833452391bceae9849ad46654dd33a3
routing_abrupt_regime_shift,routing_abrupt_regime_shift:seed96100001:epoch55,55,19,discovery,96200002,u_0.60,0.6,36234089.99164304,0.6190476190476191,24.0,0.030612244897959183,4b126522a5a475ff0eec8ae0dcbe7368c833452391bceae9849ad46654dd33a3
routing_abrupt_regime_shift,routing_abrupt_regime_shift:seed96100001:epoch55,55,19,discovery,96200002,u_0.70,0.7,35702812.5961871,0.6190476190476191,23.0,0.02912621359223301,4b126522a5a475ff0eec8ae0dcbe7368c833452391bceae9849ad46654dd33a3
routing_abrupt_regime_shift,routing_abrupt_regime_shift:seed96100001:epoch55,55,19,discovery,96200002,u_0.80,0.8,34418757.92190278,0.6190476190476191,21.0,0.026785714285714284,4b126522a5a475ff0eec8ae0dcbe7368c833452391bceae9849ad46654dd33a3
routing_abrupt_regime_shift,routing_abrupt_regime_shift:seed96100001:epoch55,55,19,discovery,96200002,u_0.90,0.9,34660016.80662224,0.6190476190476191,21.0,0.02654867256637168,4b126522a5a475ff0eec8ae0dcbe7368c833452391bceae9849ad46654dd33a3
routing_abrupt_regime_shift,routing_abrupt_regime_shift:seed96100001:epoch55,55,19,discovery,96200002,u_1.00,1.0,33171484.08854683,0.6190476190476191,19.0,0.023622047244094488,4b126522a5a475ff0eec8ae0dcbe7368c833452391bceae9849ad46654dd33a3
routing_abrupt_regime_shift,routing_abrupt_regime_shift:seed96100001:epoch55,55,19,validation,96300000,anchor,-1.0,38559643.91237504,0.6190476190476191,28.0,0.0379746835443038,4b126522a5a475ff0eec8ae0dcbe7368c833452391bceae9849ad46654dd33a3
routing_abrupt_regime_shift,routing_abrupt_regime_shift:seed96100001:epoch55,55,19,validation,96300000,u_0.00,0.0,41584635.81200047,0.6190476190476191,33.0,0.046153846153846156,4b126522a5a475ff0eec8ae0dcbe7368c833452391bceae9849ad46654dd33a3
routing_abrupt_regime_shift,routing_abrupt_regime_shift:seed96100001:epoch55,55,19,validation,96300000,u_0.10,0.1,40588928.49648946,0.6190476190476191,31.0,0.043478260869565216,4b126522a5a475ff0eec8ae0dcbe7368c833452391bceae9849ad46654dd33a3
routing_abrupt_regime_shift,routing_abrupt_regime_shift:seed96100001:epoch55,55,19,validation,96300000,u_0.20,0.2,40045849.36933808,0.6190476190476191,30.0,0.0410958904109589,4b126522a5a475ff0eec8ae0dcbe7368c833452391bceae9849ad46654dd33a3
routing_abrupt_regime_shift,routing_abrupt_regime_shift:seed96100001:epoch55,55,19,validation,96300000,u_0.30,0.3,38795390.48332685,0.6190476190476191,28.0,0.0379746835443038,4b126522a5a475ff0eec8ae0dcbe7368c833452391bceae9849ad46654dd33a3
routing_abrupt_regime_shift,routing_abrupt_regime_shift:seed96100001:epoch55,55,19,validation,96300000,u_0.40,0.4,38218763.6854002,0.6190476190476191,27.0,0.03614457831325301,4b126522a5a475ff0eec8ae0dcbe7368c833452391bceae9849ad46654dd33a3
routing_abrupt_regime_shift,routing_abrupt_regime_shift:seed96100001:epoch55,55,19,validation,96300000,u_0.50,0.5,36213986.88817226,0.6190476190476191,24.0,0.031914893617021274,4b126522a5a475ff0eec8ae0dcbe7368c833452391bceae9849ad46654dd33a3
routing_abrupt_regime_shift,routing_abrupt_regime_shift:seed96100001:epoch55,55,19,validation,96300000,u_0.60,0.6,36234089.99164304,0.6190476190476191,24.0,0.030612244897959183,4b126522a5a475ff0eec8ae0dcbe7368c833452391bceae9849ad46654dd33a3
routing_abrupt_regime_shift,routing_abrupt_regime_shift:seed96100001:epoch55,55,19,validation,96300000,u_0.70,0.7,35702812.5961871,0.6190476190476191,23.0,0.02912621359223301,4b126522a5a475ff0eec8ae0dcbe7368c833452391bceae9849ad46654dd33a3
routing_abrupt_regime_shift,routing_abrupt_regime_shift:seed96100001:epoch55,55,19,validation,96300000,u_0.80,0.8,34418757.92190278,0.6190476190476191,21.0,0.026785714285714284,4b126522a5a475ff0eec8ae0dcbe7368c833452391bceae9849ad46654dd33a3
routing_abrupt_regime_shift,routing_abrupt_regime_shift:seed96100001:epoch55,55,19,validation,96300000,u_0.90,0.9,34660016.80662224,0.6190476190476191,21.0,0.02654867256637168,4b126522a5a475ff0eec8ae0dcbe7368c833452391bceae9849ad46654dd33a3
routing_abrupt_regime_shift,routing_abrupt_regime_shift:seed96100001:epoch55,55,19,validation,96300000,u_1.00,1.0,33171484.08854683,0.6190476190476191,19.0,0.023622047244094488,4b126522a5a475ff0eec8ae0dcbe7368c833452391bceae9849ad46654dd33a3
routing_abrupt_regime_shift,routing_abrupt_regime_shift:seed96100001:epoch55,55,19,validation,96300001,anchor,-1.0,38559643.91237504,0.6190476190476191,28.0,0.0379746835443038,4b126522a5a475ff0eec8ae0dcbe7368c833452391bceae9849ad46654dd33a3
routing_abrupt_regime_shift,routing_abrupt_regime_shift:seed96100001:epoch55,55,19,validation,96300001,u_0.00,0.0,41584635.81200047,0.6190476190476191,33.0,0.046153846153846156,4b126522a5a475ff0eec8ae0dcbe7368c833452391bceae9849ad46654dd33a3
routing_abrupt_regime_shift,routing_abrupt_regime_shift:seed96100001:epoch55,55,19,validation,96300001,u_0.10,0.1,40588928.49648946,0.6190476190476191,31.0,0.043478260869565216,4b126522a5a475ff0eec8ae0dcbe7368c833452391bceae9849ad46654dd33a3
routing_abrupt_regime_shift,routing_abrupt_regime_shift:seed96100001:epoch55,55,19,validation,96300001,u_0.20,0.2,40045849.36933808,0.6190476190476191,30.0,0.0410958904109589,4b126522a5a475ff0eec8ae0dcbe7368c833452391bceae9849ad46654dd33a3
routing_abrupt_regime_shift,routing_abrupt_regime_shift:seed96100001:epoch55,55,19,validation,96300001,u_0.30,0.3,38795390.48332685,0.6190476190476191,28.0,0.0379746835443038,4b126522a5a475ff0eec8ae0dcbe7368c833452391bceae9849ad46654dd33a3
routing_abrupt_regime_shift,routing_abrupt_regime_shift:seed96100001:epoch55,55,19,validation,96300001,u_0.40,0.4,38218763.6854002,0.6190476190476191,27.0,0.03614457831325301,4b126522a5a475ff0eec8ae0dcbe7368c833452391bceae9849ad46654dd33a3
routing_abrupt_regime_shift,routing_abrupt_regime_shift:seed96100001:epoch55,55,19,validation,96300001,u_0.50,0.5,36213986.88817226,0.6190476190476191,24.0,0.031914893617021274,4b126522a5a475ff0eec8ae0dcbe7368c833452391bceae9849ad46654dd33a3
routing_abrupt_regime_shift,routing_abrupt_regime_shift:seed96100001:epoch55,55,19,validation,96300001,u_0.60,0.6,36234089.99164304,0.6190476190476191,24.0,0.030612244897959183,4b126522a5a475ff0eec8ae0dcbe7368c833452391bceae9849ad46654dd33a3
routing_abrupt_regime_shift,routing_abrupt_regime_shift:seed96100001:epoch55,55,19,validation,96300001,u_0.70,0.7,35702812.5961871,0.6190476190476191,23.0,0.02912621359223301,4b126522a5a475ff0eec8ae0dcbe7368c833452391bceae9849ad46654dd33a3
routing_abrupt_regime_shift,routing_abrupt_regime_shift:seed96100001:epoch55,55,19,validation,96300001,u_0.80,0.8,34418757.92190278,0.6190476190476191,21.0,0.026785714285714284,4b126522a5a475ff0eec8ae0dcbe7368c833452391bceae9849ad46654dd33a3
routing_abrupt_regime_shift,routing_abrupt_regime_shift:seed96100001:epoch55,55,19,validation,96300001,u_0.90,0.9,34660016.80662224,0.6190476190476191,21.0,0.02654867256637168,4b126522a5a475ff0eec8ae0dcbe7368c833452391bceae9849ad46654dd33a3
routing_abrupt_regime_shift,routing_abrupt_regime_shift:seed96100001:epoch55,55,19,validation,96300001,u_1.00,1.0,33171484.08854683,0.6190476190476191,19.0,0.023622047244094488,4b126522a5a475ff0eec8ae0dcbe7368c833452391bceae9849ad46654dd33a3
routing_abrupt_regime_shift,routing_abrupt_regime_shift:seed96100001:epoch55,55,19,validation,96300002,anchor,-1.0,38559643.91237504,0.6190476190476191,28.0,0.0379746835443038,4b126522a5a475ff0eec8ae0dcbe7368c833452391bceae9849ad46654dd33a3
routing_abrupt_regime_shift,routing_abrupt_regime_shift:seed96100001:epoch55,55,19,validation,96300002,u_0.00,0.0,41584635.81200047,0.6190476190476191,33.0,0.046153846153846156,4b126522a5a475ff0eec8ae0dcbe7368c833452391bceae9849ad46654dd33a3
routing_abrupt_regime_shift,routing_abrupt_regime_shift:seed96100001:epoch55,55,19,validation,96300002,u_0.10,0.1,40588928.49648946,0.6190476190476191,31.0,0.043478260869565216,4b126522a5a475ff0eec8ae0dcbe7368c833452391bceae9849ad46654dd33a3
routing_abrupt_regime_shift,routing_abrupt_regime_shift:seed96100001:epoch55,55,19,validation,96300002,u_0.20,0.2,40045849.36933808,0.6190476190476191,30.0,0.0410958904109589,4b126522a5a475ff0eec8ae0dcbe7368c833452391bceae9849ad46654dd33a3
routing_abrupt_regime_shift,routing_abrupt_regime_shift:seed96100001:epoch55,55,19,validation,96300002,u_0.30,0.3,38795390.48332685,0.6190476190476191,28.0,0.0379746835443038,4b126522a5a475ff0eec8ae0dcbe7368c833452391bceae9849ad46654dd33a3
routing_abrupt_regime_shift,routing_abrupt_regime_shift:seed96100001:epoch55,55,19,validation,96300002,u_0.40,0.4,38218763.6854002,0.6190476190476191,27.0,0.03614457831325301,4b126522a5a475ff0eec8ae0dcbe7368c833452391bceae9849ad46654dd33a3
routing_abrupt_regime_shift,routing_abrupt_regime_shift:seed96100001:epoch55,55,19,validation,96300002,u_0.50,0.5,36213986.88817226,0.6190476190476191,24.0,0.031914893617021274,4b126522a5a475ff0eec8ae0dcbe7368c833452391bceae9849ad46654dd33a3
routing_abrupt_regime_shift,routing_abrupt_regime_shift:seed96100001:epoch55,55,19,validation,96300002,u_0.60,0.6,36234089.99164304,0.6190476190476191,24.0,0.030612244897959183,4b126522a5a475ff0eec8ae0dcbe7368c833452391bceae9849ad46654dd33a3
routing_abrupt_regime_shift,routing_abrupt_regime_shift:seed96100001:epoch55,55,19,validation,96300002,u_0.70,0.7,35702812.5961871,0.6190476190476191,23.0,0.02912621359223301,4b126522a5a475ff0eec8ae0dcbe7368c833452391bceae9849ad46654dd33a3
routing_abrupt_regime_shift,routing_abrupt_regime_shift:seed96100001:epoch55,55,19,validation,96300002,u_0.80,0.8,34418757.92190278,0.6190476190476191,21.0,0.026785714285714284,4b126522a5a475ff0eec8ae0dcbe7368c833452391bceae9849ad46654dd33a3
routing_abrupt_regime_shift,routing_abrupt_regime_shift:seed96100001:epoch55,55,19,validation,96300002,u_0.90,0.9,34660016.80662224,0.6190476190476191,21.0,0.02654867256637168,4b126522a5a475ff0eec8ae0dcbe7368c833452391bceae9849ad46654dd33a3
routing_abrupt_regime_shift,routing_abrupt_regime_shift:seed96100001:epoch55,55,19,validation,96300002,u_1.00,1.0,33171484.08854683,0.6190476190476191,19.0,0.023622047244094488,4b126522a5a475ff0eec8ae0dcbe7368c833452391bceae9849ad46654dd33a3
routing_abrupt_regime_shift,routing_abrupt_regime_shift:seed96100001:epoch55,55,19,validation,96300003,anchor,-1.0,38559643.91237504,0.6190476190476191,28.0,0.0379746835443038,4b126522a5a475ff0eec8ae0dcbe7368c833452391bceae9849ad46654dd33a3
routing_abrupt_regime_shift,routing_abrupt_regime_shift:seed96100001:epoch55,55,19,validation,96300003,u_0.00,0.0,41584635.81200047,0.6190476190476191,33.0,0.046153846153846156,4b126522a5a475ff0eec8ae0dcbe7368c833452391bceae9849ad46654dd33a3
routing_abrupt_regime_shift,routing_abrupt_regime_shift:seed96100001:epoch55,55,19,validation,96300003,u_0.10,0.1,40588928.49648946,0.6190476190476191,31.0,0.043478260869565216,4b126522a5a475ff0eec8ae0dcbe7368c833452391bceae9849ad46654dd33a3
routing_abrupt_regime_shift,routing_abrupt_regime_shift:seed96100001:epoch55,55,19,validation,96300003,u_0.20,0.2,40045849.36933808,0.6190476190476191,30.0,0.0410958904109589,4b126522a5a475ff0eec8ae0dcbe7368c833452391bceae9849ad46654dd33a3
routing_abrupt_regime_shift,routing_abrupt_regime_shift:seed96100001:epoch55,55,19,validation,96300003,u_0.30,0.3,38795390.48332685,0.6190476190476191,28.0,0.0379746835443038,4b126522a5a475ff0eec8ae0dcbe7368c833452391bceae9849ad46654dd33a3
routing_abrupt_regime_shift,routing_abrupt_regime_shift:seed96100001:epoch55,55,19,validation,96300003,u_0.40,0.4,38218763.6854002,0.6190476190476191,27.0,0.03614457831325301,4b126522a5a475ff0eec8ae0dcbe7368c833452391bceae9849ad46654dd33a3
routing_abrupt_regime_shift,routing_abrupt_regime_shift:seed96100001:epoch55,55,19,validation,96300003,u_0.50,0.5,36213986.88817226,0.6190476190476191,24.0,0.031914893617021274,4b126522a5a475ff0eec8ae0dcbe7368c833452391bceae9849ad46654dd33a3
routing_abrupt_regime_shift,routing_abrupt_regime_shift:seed96100001:epoch55,55,19,validation,96300003,u_0.60,0.6,36234089.99164304,0.6190476190476191,24.0,0.030612244897959183,4b126522a5a475ff0eec8ae0dcbe7368c833452391bceae9849ad46654dd33a3
routing_abrupt_regime_shift,routing_abrupt_regime_shift:seed96100001:epoch55,55,19,validation,96300003,u_0.70,0.7,35702812.5961871,0.6190476190476191,23.0,0.02912621359223301,4b126522a5a475ff0eec8ae0dcbe7368c833452391bceae9849ad46654dd33a3
routing_abrupt_regime_shift,routing_abrupt_regime_shift:seed96100001:epoch55,55,19,validation,96300003,u_0.80,0.8,34418757.92190278,0.6190476190476191,21.0,0.026785714285714284,4b126522a5a475ff0eec8ae0dcbe7368c833452391bceae9849ad46654dd33a3
routing_abrupt_regime_shift,routing_abrupt_regime_shift:seed96100001:epoch55,55,19,validation,96300003,u_0.90,0.9,34660016.80662224,0.6190476190476191,21.0,0.02654867256637168,4b126522a5a475ff0eec8ae0dcbe7368c833452391bceae9849ad46654dd33a3
routing_abrupt_regime_shift,routing_abrupt_regime_shift:seed96100001:epoch55,55,19,validation,96300003,u_1.00,1.0,33171484.08854683,0.6190476190476191,19.0,0.023622047244094488,4b126522a5a475ff0eec8ae0dcbe7368c833452391bceae9849ad46654dd33a3
routing_abrupt_regime_shift,routing_abrupt_regime_shift:seed96100001:epoch55,55,19,validation,96300004,anchor,-1.0,38559643.91237504,0.6190476190476191,28.0,0.0379746835443038,4b126522a5a475ff0eec8ae0dcbe7368c833452391bceae9849ad46654dd33a3
routing_abrupt_regime_shift,routing_abrupt_regime_shift:seed96100001:epoch55,55,19,validation,96300004,u_0.00,0.0,41584635.81200047,0.6190476190476191,33.0,0.046153846153846156,4b126522a5a475ff0eec8ae0dcbe7368c833452391bceae9849ad46654dd33a3
routing_abrupt_regime_shift,routing_abrupt_regime_shift:seed96100001:epoch55,55,19,validation,96300004,u_0.10,0.1,40588928.49648946,0.6190476190476191,31.0,0.043478260869565216,4b126522a5a475ff0eec8ae0dcbe7368c833452391bceae9849ad46654dd33a3
routing_abrupt_regime_shift,routing_abrupt_regime_shift:seed96100001:epoch55,55,19,validation,96300004,u_0.20,0.2,40045849.36933808,0.6190476190476191,30.0,0.0410958904109589,4b126522a5a475ff0eec8ae0dcbe7368c833452391bceae9849ad46654dd33a3
routing_abrupt_regime_shift,routing_abrupt_regime_shift:seed96100001:epoch55,55,19,validation,96300004,u_0.30,0.3,38795390.48332685,0.6190476190476191,28.0,0.0379746835443038,4b126522a5a475ff0eec8ae0dcbe7368c833452391bceae9849ad46654dd33a3
routing_abrupt_regime_shift,routing_abrupt_regime_shift:seed96100001:epoch55,55,19,validation,96300004,u_0.40,0.4,38218763.6854002,0.6190476190476191,27.0,0.03614457831325301,4b126522a5a475ff0eec8ae0dcbe7368c833452391bceae9849ad46654dd33a3
routing_abrupt_regime_shift,routing_abrupt_regime_shift:seed96100001:epoch55,55,19,validation,96300004,u_0.50,0.5,36213986.88817226,0.6190476190476191,24.0,0.031914893617021274,4b126522a5a475ff0eec8ae0dcbe7368c833452391bceae9849ad46654dd33a3
routing_abrupt_regime_shift,routing_abrupt_regime_shift:seed96100001:epoch55,55,19,validation,96300004,u_0.60,0.6,36234089.99164304,0.6190476190476191,24.0,0.030612244897959183,4b126522a5a475ff0eec8ae0dcbe7368c833452391bceae9849ad46654dd33a3
routing_abrupt_regime_shift,routing_abrupt_regime_shift:seed96100001:epoch55,55,19,validation,96300004,u_0.70,0.7,35702812.5961871,0.6190476190476191,23.0,0.02912621359223301,4b126522a5a475ff0eec8ae0dcbe7368c833452391bceae9849ad46654dd33a3
routing_abrupt_regime_shift,routing_abrupt_regime_shift:seed96100001:epoch55,55,19,validation,96300004,u_0.80,0.8,34418757.92190278,0.6190476190476191,21.0,0.026785714285714284,4b126522a5a475ff0eec8ae0dcbe7368c833452391bceae9849ad46654dd33a3
routing_abrupt_regime_shift,routing_abrupt_regime_shift:seed96100001:epoch55,55,19,validation,96300004,u_0.90,0.9,34660016.80662224,0.6190476190476191,21.0,0.02654867256637168,4b126522a5a475ff0eec8ae0dcbe7368c833452391bceae9849ad46654dd33a3
routing_abrupt_regime_shift,routing_abrupt_regime_shift:seed96100001:epoch55,55,19,validation,96300004,u_1.00,1.0,33171484.08854683,0.6190476190476191,19.0,0.023622047244094488,4b126522a5a475ff0eec8ae0dcbe7368c833452391bceae9849ad46654dd33a3
routing_abrupt_regime_shift,routing_abrupt_regime_shift:seed96100001:epoch80,80,20,discovery,96200000,anchor,-1.0,44582358.18034932,0.8690476190476191,35.0,0.19607843137254902,4b126522a5a475ff0eec8ae0dcbe7368c833452391bceae9849ad46654dd33a3
routing_abrupt_regime_shift,routing_abrupt_regime_shift:seed96100001:epoch80,80,20,discovery,96200000,u_0.00,0.0,46487863.83277924,0.8690476190476191,38.0,0.2777777777777778,4b126522a5a475ff0eec8ae0dcbe7368c833452391bceae9849ad46654dd33a3
routing_abrupt_regime_shift,routing_abrupt_regime_shift:seed96100001:epoch80,80,20,discovery,96200000,u_0.10,0.1,46044358.92011725,0.8690476190476191,37.0,0.2631578947368421,4b126522a5a475ff0eec8ae0dcbe7368c833452391bceae9849ad46654dd33a3
routing_abrupt_regime_shift,routing_abrupt_regime_shift:seed96100001:epoch80,80,20,discovery,96200000,u_0.20,0.2,45503867.29279153,0.8690476190476191,36.0,0.23809523809523808,4b126522a5a475ff0eec8ae0dcbe7368c833452391bceae9849ad46654dd33a3
routing_abrupt_regime_shift,routing_abrupt_regime_shift:seed96100001:epoch80,80,20,discovery,96200000,u_0.30,0.3,44256220.907014996,0.8690476190476191,34.0,0.20833333333333334,4b126522a5a475ff0eec8ae0dcbe7368c833452391bceae9849ad46654dd33a3
routing_abrupt_regime_shift,routing_abrupt_regime_shift:seed96100001:epoch80,80,20,discovery,96200000,u_0.40,0.4,44207471.50912858,0.8690476190476191,34.0,0.19230769230769232,4b126522a5a475ff0eec8ae0dcbe7368c833452391bceae9849ad46654dd33a3
routing_abrupt_regime_shift,routing_abrupt_regime_shift:seed96100001:epoch80,80,20,discovery,96200000,u_0.50,0.5,43280637.01194758,0.8690476190476191,33.0,0.15873015873015872,4b126522a5a475ff0eec8ae0dcbe7368c833452391bceae9849ad46654dd33a3
routing_abrupt_regime_shift,routing_abrupt_regime_shift:seed96100001:epoch80,80,20,discovery,96200000,u_0.60,0.6,42754387.715472,0.8690476190476191,32.0,0.14925373134328357,4b126522a5a475ff0eec8ae0dcbe7368c833452391bceae9849ad46654dd33a3
routing_abrupt_regime_shift,routing_abrupt_regime_shift:seed96100001:epoch80,80,20,discovery,96200000,u_0.70,0.7,41138199.46727192,0.8690476190476191,29.0,0.136986301369863,4b126522a5a475ff0eec8ae0dcbe7368c833452391bceae9849ad46654dd33a3
routing_abrupt_regime_shift,routing_abrupt_regime_shift:seed96100001:epoch80,80,20,discovery,96200000,u_0.80,0.8,40407922.1933564,0.8690476190476191,28.0,0.12195121951219512,4b126522a5a475ff0eec8ae0dcbe7368c833452391bceae9849ad46654dd33a3
routing_abrupt_regime_shift,routing_abrupt_regime_shift:seed96100001:epoch80,80,20,discovery,96200000,u_0.90,0.9,40653343.57784787,0.8690476190476191,28.0,0.12048192771084337,4b126522a5a475ff0eec8ae0dcbe7368c833452391bceae9849ad46654dd33a3
routing_abrupt_regime_shift,routing_abrupt_regime_shift:seed96100001:epoch80,80,20,discovery,96200000,u_1.00,1.0,39169198.35951765,0.8690476190476191,26.0,0.10309278350515463,4b126522a5a475ff0eec8ae0dcbe7368c833452391bceae9849ad46654dd33a3
routing_abrupt_regime_shift,routing_abrupt_regime_shift:seed96100001:epoch80,80,20,discovery,96200001,anchor,-1.0,44582358.18034932,0.8690476190476191,35.0,0.19607843137254902,4b126522a5a475ff0eec8ae0dcbe7368c833452391bceae9849ad46654dd33a3
routing_abrupt_regime_shift,routing_abrupt_regime_shift:seed96100001:epoch80,80,20,discovery,96200001,u_0.00,0.0,46487863.83277924,0.8690476190476191,38.0,0.2777777777777778,4b126522a5a475ff0eec8ae0dcbe7368c833452391bceae9849ad46654dd33a3
routing_abrupt_regime_shift,routing_abrupt_regime_shift:seed96100001:epoch80,80,20,discovery,96200001,u_0.10,0.1,46044358.92011725,0.8690476190476191,37.0,0.2631578947368421,4b126522a5a475ff0eec8ae0dcbe7368c833452391bceae9849ad46654dd33a3
routing_abrupt_regime_shift,routing_abrupt_regime_shift:seed96100001:epoch80,80,20,discovery,96200001,u_0.20,0.2,45503867.29279153,0.8690476190476191,36.0,0.23809523809523808,4b126522a5a475ff0eec8ae0dcbe7368c833452391bceae9849ad46654dd33a3
routing_abrupt_regime_shift,routing_abrupt_regime_shift:seed96100001:epoch80,80,20,discovery,96200001,u_0.30,0.3,44256220.907014996,0.8690476190476191,34.0,0.20833333333333334,4b126522a5a475ff0eec8ae0dcbe7368c833452391bceae9849ad46654dd33a3
routing_abrupt_regime_shift,routing_abrupt_regime_shift:seed96100001:epoch80,80,20,discovery,96200001,u_0.40,0.4,44207471.50912858,0.8690476190476191,34.0,0.19230769230769232,4b126522a5a475ff0eec8ae0dcbe7368c833452391bceae9849ad46654dd33a3
routing_abrupt_regime_shift,routing_abrupt_regime_shift:seed96100001:epoch80,80,20,discovery,96200001,u_0.50,0.5,43280637.01194758,0.8690476190476191,33.0,0.15873015873015872,4b126522a5a475ff0eec8ae0dcbe7368c833452391bceae9849ad46654dd33a3
routing_abrupt_regime_shift,routing_abrupt_regime_shift:seed96100001:epoch80,80,20,discovery,96200001,u_0.60,0.6,42754387.715472,0.8690476190476191,32.0,0.14925373134328357,4b126522a5a475ff0eec8ae0dcbe7368c833452391bceae9849ad46654dd33a3
routing_abrupt_regime_shift,routing_abrupt_regime_shift:seed96100001:epoch80,80,20,discovery,96200001,u_0.70,0.7,41138199.46727192,0.8690476190476191,29.0,0.136986301369863,4b126522a5a475ff0eec8ae0dcbe7368c833452391bceae9849ad46654dd33a3
routing_abrupt_regime_shift,routing_abrupt_regime_shift:seed96100001:epoch80,80,20,discovery,96200001,u_0.80,0.8,40407922.1933564,0.8690476190476191,28.0,0.12195121951219512,4b126522a5a475ff0eec8ae0dcbe7368c833452391bceae9849ad46654dd33a3
routing_abrupt_regime_shift,routing_abrupt_regime_shift:seed96100001:epoch80,80,20,discovery,96200001,u_0.90,0.9,40653343.57784787,0.8690476190476191,28.0,0.12048192771084337,4b126522a5a475ff0eec8ae0dcbe7368c833452391bceae9849ad46654dd33a3
routing_abrupt_regime_shift,routing_abrupt_regime_shift:seed96100001:epoch80,80,20,discovery,96200001,u_1.00,1.0,39169198.35951765,0.8690476190476191,26.0,0.10309278350515463,4b126522a5a475ff0eec8ae0dcbe7368c833452391bceae9849ad46654dd33a3
routing_abrupt_regime_shift,routing_abrupt_regime_shift:seed96100001:epoch80,80,20,discovery,96200002,anchor,-1.0,44582358.18034932,0.8690476190476191,35.0,0.19607843137254902,4b126522a5a475ff0eec8ae0dcbe7368c833452391bceae9849ad46654dd33a3
routing_abrupt_regime_shift,routing_abrupt_regime_shift:seed96100001:epoch80,80,20,discovery,96200002,u_0.00,0.0,46487863.83277924,0.8690476190476191,38.0,0.2777777777777778,4b126522a5a475ff0eec8ae0dcbe7368c833452391bceae9849ad46654dd33a3
routing_abrupt_regime_shift,routing_abrupt_regime_shift:seed96100001:epoch80,80,20,discovery,96200002,u_0.10,0.1,46044358.92011725,0.8690476190476191,37.0,0.2631578947368421,4b126522a5a475ff0eec8ae0dcbe7368c833452391bceae9849ad46654dd33a3
routing_abrupt_regime_shift,routing_abrupt_regime_shift:seed96100001:epoch80,80,20,discovery,96200002,u_0.20,0.2,45503867.29279153,0.8690476190476191,36.0,0.23809523809523808,4b126522a5a475ff0eec8ae0dcbe7368c833452391bceae9849ad46654dd33a3
routing_abrupt_regime_shift,routing_abrupt_regime_shift:seed96100001:epoch80,80,20,discovery,96200002,u_0.30,0.3,44256220.907014996,0.8690476190476191,34.0,0.20833333333333334,4b126522a5a475ff0eec8ae0dcbe7368c833452391bceae9849ad46654dd33a3
routing_abrupt_regime_shift,routing_abrupt_regime_shift:seed96100001:epoch80,80,20,discovery,96200002,u_0.40,0.4,44207471.50912858,0.8690476190476191,34.0,0.19230769230769232,4b126522a5a475ff0eec8ae0dcbe7368c833452391bceae9849ad46654dd33a3
routing_abrupt_regime_shift,routing_abrupt_regime_shift:seed96100001:epoch80,80,20,discovery,96200002,u_0.50,0.5,43280637.01194758,0.8690476190476191,33.0,0.15873015873015872,4b126522a5a475ff0eec8ae0dcbe7368c833452391bceae9849ad46654dd33a3
routing_abrupt_regime_shift,routing_abrupt_regime_shift:seed96100001:epoch80,80,20,discovery,96200002,u_0.60,0.6,42754387.715472,0.8690476190476191,32.0,0.14925373134328357,4b126522a5a475ff0eec8ae0dcbe7368c833452391bceae9849ad46654dd33a3
routing_abrupt_regime_shift,routing_abrupt_regime_shift:seed96100001:epoch80,80,20,discovery,96200002,u_0.70,0.7,41138199.46727192,0.8690476190476191,29.0,0.136986301369863,4b126522a5a475ff0eec8ae0dcbe7368c833452391bceae9849ad46654dd33a3
routing_abrupt_regime_shift,routing_abrupt_regime_shift:seed96100001:epoch80,80,20,discovery,96200002,u_0.80,0.8,40407922.1933564,0.8690476190476191,28.0,0.12195121951219512,4b126522a5a475ff0eec8ae0dcbe7368c833452391bceae9849ad46654dd33a3
routing_abrupt_regime_shift,routing_abrupt_regime_shift:seed96100001:epoch80,80,20,discovery,96200002,u_0.90,0.9,40653343.57784787,0.8690476190476191,28.0,0.12048192771084337,4b126522a5a475ff0eec8ae0dcbe7368c833452391bceae9849ad46654dd33a3
routing_abrupt_regime_shift,routing_abrupt_regime_shift:seed96100001:epoch80,80,20,discovery,96200002,u_1.00,1.0,39169198.35951765,0.8690476190476191,26.0,0.10309278350515463,4b126522a5a475ff0eec8ae0dcbe7368c833452391bceae9849ad46654dd33a3
routing_abrupt_regime_shift,routing_abrupt_regime_shift:seed96100001:epoch80,80,20,validation,96300000,anchor,-1.0,44582358.18034932,0.8690476190476191,35.0,0.19607843137254902,4b126522a5a475ff0eec8ae0dcbe7368c833452391bceae9849ad46654dd33a3
routing_abrupt_regime_shift,routing_abrupt_regime_shift:seed96100001:epoch80,80,20,validation,96300000,u_0.00,0.0,46487863.83277924,0.8690476190476191,38.0,0.2777777777777778,4b126522a5a475ff0eec8ae0dcbe7368c833452391bceae9849ad46654dd33a3
routing_abrupt_regime_shift,routing_abrupt_regime_shift:seed96100001:epoch80,80,20,validation,96300000,u_0.10,0.1,46044358.92011725,0.8690476190476191,37.0,0.2631578947368421,4b126522a5a475ff0eec8ae0dcbe7368c833452391bceae9849ad46654dd33a3
routing_abrupt_regime_shift,routing_abrupt_regime_shift:seed96100001:epoch80,80,20,validation,96300000,u_0.20,0.2,45503867.29279153,0.8690476190476191,36.0,0.23809523809523808,4b126522a5a475ff0eec8ae0dcbe7368c833452391bceae9849ad46654dd33a3
routing_abrupt_regime_shift,routing_abrupt_regime_shift:seed96100001:epoch80,80,20,validation,96300000,u_0.30,0.3,44256220.907014996,0.8690476190476191,34.0,0.20833333333333334,4b126522a5a475ff0eec8ae0dcbe7368c833452391bceae9849ad46654dd33a3
routing_abrupt_regime_shift,routing_abrupt_regime_shift:seed96100001:epoch80,80,20,validation,96300000,u_0.40,0.4,44207471.50912858,0.8690476190476191,34.0,0.19230769230769232,4b126522a5a475ff0eec8ae0dcbe7368c833452391bceae9849ad46654dd33a3
routing_abrupt_regime_shift,routing_abrupt_regime_shift:seed96100001:epoch80,80,20,validation,96300000,u_0.50,0.5,43280637.01194758,0.8690476190476191,33.0,0.15873015873015872,4b126522a5a475ff0eec8ae0dcbe7368c833452391bceae9849ad46654dd33a3
routing_abrupt_regime_shift,routing_abrupt_regime_shift:seed96100001:epoch80,80,20,validation,96300000,u_0.60,0.6,42754387.715472,0.8690476190476191,32.0,0.14925373134328357,4b126522a5a475ff0eec8ae0dcbe7368c833452391bceae9849ad46654dd33a3
routing_abrupt_regime_shift,routing_abrupt_regime_shift:seed96100001:epoch80,80,20,validation,96300000,u_0.70,0.7,41138199.46727192,0.8690476190476191,29.0,0.136986301369863,4b126522a5a475ff0eec8ae0dcbe7368c833452391bceae9849ad46654dd33a3
routing_abrupt_regime_shift,routing_abrupt_regime_shift:seed96100001:epoch80,80,20,validation,96300000,u_0.80,0.8,40407922.1933564,0.8690476190476191,28.0,0.12195121951219512,4b126522a5a475ff0eec8ae0dcbe7368c833452391bceae9849ad46654dd33a3
routing_abrupt_regime_shift,routing_abrupt_regime_shift:seed96100001:epoch80,80,20,validation,96300000,u_0.90,0.9,40653343.57784787,0.8690476190476191,28.0,0.12048192771084337,4b126522a5a475ff0eec8ae0dcbe7368c833452391bceae9849ad46654dd33a3
routing_abrupt_regime_shift,routing_abrupt_regime_shift:seed96100001:epoch80,80,20,validation,96300000,u_1.00,1.0,39169198.35951765,0.8690476190476191,26.0,0.10309278350515463,4b126522a5a475ff0eec8ae0dcbe7368c833452391bceae9849ad46654dd33a3
routing_abrupt_regime_shift,routing_abrupt_regime_shift:seed96100001:epoch80,80,20,validation,96300001,anchor,-1.0,44582358.18034932,0.8690476190476191,35.0,0.19607843137254902,4b126522a5a475ff0eec8ae0dcbe7368c833452391bceae9849ad46654dd33a3
routing_abrupt_regime_shift,routing_abrupt_regime_shift:seed96100001:epoch80,80,20,validation,96300001,u_0.00,0.0,46487863.83277924,0.8690476190476191,38.0,0.2777777777777778,4b126522a5a475ff0eec8ae0dcbe7368c833452391bceae9849ad46654dd33a3
routing_abrupt_regime_shift,routing_abrupt_regime_shift:seed96100001:epoch80,80,20,validation,96300001,u_0.10,0.1,46044358.92011725,0.8690476190476191,37.0,0.2631578947368421,4b126522a5a475ff0eec8ae0dcbe7368c833452391bceae9849ad46654dd33a3
routing_abrupt_regime_shift,routing_abrupt_regime_shift:seed96100001:epoch80,80,20,validation,96300001,u_0.20,0.2,45503867.29279153,0.8690476190476191,36.0,0.23809523809523808,4b126522a5a475ff0eec8ae0dcbe7368c833452391bceae9849ad46654dd33a3
routing_abrupt_regime_shift,routing_abrupt_regime_shift:seed96100001:epoch80,80,20,validation,96300001,u_0.30,0.3,44256220.907014996,0.8690476190476191,34.0,0.20833333333333334,4b126522a5a475ff0eec8ae0dcbe7368c833452391bceae9849ad46654dd33a3
routing_abrupt_regime_shift,routing_abrupt_regime_shift:seed96100001:epoch80,80,20,validation,96300001,u_0.40,0.4,44207471.50912858,0.8690476190476191,34.0,0.19230769230769232,4b126522a5a475ff0eec8ae0dcbe7368c833452391bceae9849ad46654dd33a3
routing_abrupt_regime_shift,routing_abrupt_regime_shift:seed96100001:epoch80,80,20,validation,96300001,u_0.50,0.5,43280637.01194758,0.8690476190476191,33.0,0.15873015873015872,4b126522a5a475ff0eec8ae0dcbe7368c833452391bceae9849ad46654dd33a3
routing_abrupt_regime_shift,routing_abrupt_regime_shift:seed96100001:epoch80,80,20,validation,96300001,u_0.60,0.6,42754387.715472,0.8690476190476191,32.0,0.14925373134328357,4b126522a5a475ff0eec8ae0dcbe7368c833452391bceae9849ad46654dd33a3
routing_abrupt_regime_shift,routing_abrupt_regime_shift:seed96100001:epoch80,80,20,validation,96300001,u_0.70,0.7,41138199.46727192,0.8690476190476191,29.0,0.136986301369863,4b126522a5a475ff0eec8ae0dcbe7368c833452391bceae9849ad46654dd33a3
routing_abrupt_regime_shift,routing_abrupt_regime_shift:seed96100001:epoch80,80,20,validation,96300001,u_0.80,0.8,40407922.1933564,0.8690476190476191,28.0,0.12195121951219512,4b126522a5a475ff0eec8ae0dcbe7368c833452391bceae9849ad46654dd33a3
routing_abrupt_regime_shift,routing_abrupt_regime_shift:seed96100001:epoch80,80,20,validation,96300001,u_0.90,0.9,40653343.57784787,0.8690476190476191,28.0,0.12048192771084337,4b126522a5a475ff0eec8ae0dcbe7368c833452391bceae9849ad46654dd33a3
routing_abrupt_regime_shift,routing_abrupt_regime_shift:seed96100001:epoch80,80,20,validation,96300001,u_1.00,1.0,39169198.35951765,0.8690476190476191,26.0,0.10309278350515463,4b126522a5a475ff0eec8ae0dcbe7368c833452391bceae9849ad46654dd33a3
routing_abrupt_regime_shift,routing_abrupt_regime_shift:seed96100001:epoch80,80,20,validation,96300002,anchor,-1.0,44582358.18034932,0.8690476190476191,35.0,0.19607843137254902,4b126522a5a475ff0eec8ae0dcbe7368c833452391bceae9849ad46654dd33a3
routing_abrupt_regime_shift,routing_abrupt_regime_shift:seed96100001:epoch80,80,20,validation,96300002,u_0.00,0.0,46487863.83277924,0.8690476190476191,38.0,0.2777777777777778,4b126522a5a475ff0eec8ae0dcbe7368c833452391bceae9849ad46654dd33a3
routing_abrupt_regime_shift,routing_abrupt_regime_shift:seed96100001:epoch80,80,20,validation,96300002,u_0.10,0.1,46044358.92011725,0.8690476190476191,37.0,0.2631578947368421,4b126522a5a475ff0eec8ae0dcbe7368c833452391bceae9849ad46654dd33a3
routing_abrupt_regime_shift,routing_abrupt_regime_shift:seed96100001:epoch80,80,20,validation,96300002,u_0.20,0.2,45503867.29279153,0.8690476190476191,36.0,0.23809523809523808,4b126522a5a475ff0eec8ae0dcbe7368c833452391bceae9849ad46654dd33a3
routing_abrupt_regime_shift,routing_abrupt_regime_shift:seed96100001:epoch80,80,20,validation,96300002,u_0.30,0.3,44256220.907014996,0.8690476190476191,34.0,0.20833333333333334,4b126522a5a475ff0eec8ae0dcbe7368c833452391bceae9849ad46654dd33a3
routing_abrupt_regime_shift,routing_abrupt_regime_shift:seed96100001:epoch80,80,20,validation,96300002,u_0.40,0.4,44207471.50912858,0.8690476190476191,34.0,0.19230769230769232,4b126522a5a475ff0eec8ae0dcbe7368c833452391bceae9849ad46654dd33a3
routing_abrupt_regime_shift,routing_abrupt_regime_shift:seed96100001:epoch80,80,20,validation,96300002,u_0.50,0.5,43280637.01194758,0.8690476190476191,33.0,0.15873015873015872,4b126522a5a475ff0eec8ae0dcbe7368c833452391bceae9849ad46654dd33a3
routing_abrupt_regime_shift,routing_abrupt_regime_shift:seed96100001:epoch80,80,20,validation,96300002,u_0.60,0.6,42754387.715472,0.8690476190476191,32.0,0.14925373134328357,4b126522a5a475ff0eec8ae0dcbe7368c833452391bceae9849ad46654dd33a3
routing_abrupt_regime_shift,routing_abrupt_regime_shift:seed96100001:epoch80,80,20,validation,96300002,u_0.70,0.7,41138199.46727192,0.8690476190476191,29.0,0.136986301369863,4b126522a5a475ff0eec8ae0dcbe7368c833452391bceae9849ad46654dd33a3
routing_abrupt_regime_shift,routing_abrupt_regime_shift:seed96100001:epoch80,80,20,validation,96300002,u_0.80,0.8,40407922.1933564,0.8690476190476191,28.0,0.12195121951219512,4b126522a5a475ff0eec8ae0dcbe7368c833452391bceae9849ad46654dd33a3
routing_abrupt_regime_shift,routing_abrupt_regime_shift:seed96100001:epoch80,80,20,validation,96300002,u_0.90,0.9,40653343.57784787,0.8690476190476191,28.0,0.12048192771084337,4b126522a5a475ff0eec8ae0dcbe7368c833452391bceae9849ad46654dd33a3
routing_abrupt_regime_shift,routing_abrupt_regime_shift:seed96100001:epoch80,80,20,validation,96300002,u_1.00,1.0,39169198.35951765,0.8690476190476191,26.0,0.10309278350515463,4b126522a5a475ff0eec8ae0dcbe7368c833452391bceae9849ad46654dd33a3
routing_abrupt_regime_shift,routing_abrupt_regime_shift:seed96100001:epoch80,80,20,validation,96300003,anchor,-1.0,44582358.18034932,0.8690476190476191,35.0,0.19607843137254902,4b126522a5a475ff0eec8ae0dcbe7368c833452391bceae9849ad46654dd33a3
routing_abrupt_regime_shift,routing_abrupt_regime_shift:seed96100001:epoch80,80,20,validation,96300003,u_0.00,0.0,46487863.83277924,0.8690476190476191,38.0,0.2777777777777778,4b126522a5a475ff0eec8ae0dcbe7368c833452391bceae9849ad46654dd33a3
routing_abrupt_regime_shift,routing_abrupt_regime_shift:seed96100001:epoch80,80,20,validation,96300003,u_0.10,0.1,46044358.92011725,0.8690476190476191,37.0,0.2631578947368421,4b126522a5a475ff0eec8ae0dcbe7368c833452391bceae9849ad46654dd33a3
routing_abrupt_regime_shift,routing_abrupt_regime_shift:seed96100001:epoch80,80,20,validation,96300003,u_0.20,0.2,45503867.29279153,0.8690476190476191,36.0,0.23809523809523808,4b126522a5a475ff0eec8ae0dcbe7368c833452391bceae9849ad46654dd33a3
routing_abrupt_regime_shift,routing_abrupt_regime_shift:seed96100001:epoch80,80,20,validation,96300003,u_0.30,0.3,44256220.907014996,0.8690476190476191,34.0,0.20833333333333334,4b126522a5a475ff0eec8ae0dcbe7368c833452391bceae9849ad46654dd33a3
routing_abrupt_regime_shift,routing_abrupt_regime_shift:seed96100001:epoch80,80,20,validation,96300003,u_0.40,0.4,44207471.50912858,0.8690476190476191,34.0,0.19230769230769232,4b126522a5a475ff0eec8ae0dcbe7368c833452391bceae9849ad46654dd33a3
routing_abrupt_regime_shift,routing_abrupt_regime_shift:seed96100001:epoch80,80,20,validation,96300003,u_0.50,0.5,43280637.01194758,0.8690476190476191,33.0,0.15873015873015872,4b126522a5a475ff0eec8ae0dcbe7368c833452391bceae9849ad46654dd33a3
routing_abrupt_regime_shift,routing_abrupt_regime_shift:seed96100001:epoch80,80,20,validation,96300003,u_0.60,0.6,42754387.715472,0.8690476190476191,32.0,0.14925373134328357,4b126522a5a475ff0eec8ae0dcbe7368c833452391bceae9849ad46654dd33a3
routing_abrupt_regime_shift,routing_abrupt_regime_shift:seed96100001:epoch80,80,20,validation,96300003,u_0.70,0.7,41138199.46727192,0.8690476190476191,29.0,0.136986301369863,4b126522a5a475ff0eec8ae0dcbe7368c833452391bceae9849ad46654dd33a3
routing_abrupt_regime_shift,routing_abrupt_regime_shift:seed96100001:epoch80,80,20,validation,96300003,u_0.80,0.8,40407922.1933564,0.8690476190476191,28.0,0.12195121951219512,4b126522a5a475ff0eec8ae0dcbe7368c833452391bceae9849ad46654dd33a3
routing_abrupt_regime_shift,routing_abrupt_regime_shift:seed96100001:epoch80,80,20,validation,96300003,u_0.90,0.9,40653343.57784787,0.8690476190476191,28.0,0.12048192771084337,4b126522a5a475ff0eec8ae0dcbe7368c833452391bceae9849ad46654dd33a3
routing_abrupt_regime_shift,routing_abrupt_regime_shift:seed96100001:epoch80,80,20,validation,96300003,u_1.00,1.0,39169198.35951765,0.8690476190476191,26.0,0.10309278350515463,4b126522a5a475ff0eec8ae0dcbe7368c833452391bceae9849ad46654dd33a3
routing_abrupt_regime_shift,routing_abrupt_regime_shift:seed96100001:epoch80,80,20,validation,96300004,anchor,-1.0,44582358.18034932,0.8690476190476191,35.0,0.19607843137254902,4b126522a5a475ff0eec8ae0dcbe7368c833452391bceae9849ad46654dd33a3
routing_abrupt_regime_shift,routing_abrupt_regime_shift:seed96100001:epoch80,80,20,validation,96300004,u_0.00,0.0,46487863.83277924,0.8690476190476191,38.0,0.2777777777777778,4b126522a5a475ff0eec8ae0dcbe7368c833452391bceae9849ad46654dd33a3
routing_abrupt_regime_shift,routing_abrupt_regime_shift:seed96100001:epoch80,80,20,validation,96300004,u_0.10,0.1,46044358.92011725,0.8690476190476191,37.0,0.2631578947368421,4b126522a5a475ff0eec8ae0dcbe7368c833452391bceae9849ad46654dd33a3
routing_abrupt_regime_shift,routing_abrupt_regime_shift:seed96100001:epoch80,80,20,validation,96300004,u_0.20,0.2,45503867.29279153,0.8690476190476191,36.0,0.23809523809523808,4b126522a5a475ff0eec8ae0dcbe7368c833452391bceae9849ad46654dd33a3
routing_abrupt_regime_shift,routing_abrupt_regime_shift:seed96100001:epoch80,80,20,validation,96300004,u_0.30,0.3,44256220.907014996,0.8690476190476191,34.0,0.20833333333333334,4b126522a5a475ff0eec8ae0dcbe7368c833452391bceae9849ad46654dd33a3
routing_abrupt_regime_shift,routing_abrupt_regime_shift:seed96100001:epoch80,80,20,validation,96300004,u_0.40,0.4,44207471.50912858,0.8690476190476191,34.0,0.19230769230769232,4b126522a5a475ff0eec8ae0dcbe7368c833452391bceae9849ad46654dd33a3
routing_abrupt_regime_shift,routing_abrupt_regime_shift:seed96100001:epoch80,80,20,validation,96300004,u_0.50,0.5,43280637.01194758,0.8690476190476191,33.0,0.15873015873015872,4b126522a5a475ff0eec8ae0dcbe7368c833452391bceae9849ad46654dd33a3
routing_abrupt_regime_shift,routing_abrupt_regime_shift:seed96100001:epoch80,80,20,validation,96300004,u_0.60,0.6,42754387.715472,0.8690476190476191,32.0,0.14925373134328357,4b126522a5a475ff0eec8ae0dcbe7368c833452391bceae9849ad46654dd33a3
routing_abrupt_regime_shift,routing_abrupt_regime_shift:seed96100001:epoch80,80,20,validation,96300004,u_0.70,0.7,41138199.46727192,0.8690476190476191,29.0,0.136986301369863,4b126522a5a475ff0eec8ae0dcbe7368c833452391bceae9849ad46654dd33a3
routing_abrupt_regime_shift,routing_abrupt_regime_shift:seed96100001:epoch80,80,20,validation,96300004,u_0.80,0.8,40407922.1933564,0.8690476190476191,28.0,0.12195121951219512,4b126522a5a475ff0eec8ae0dcbe7368c833452391bceae9849ad46654dd33a3
routing_abrupt_regime_shift,routing_abrupt_regime_shift:seed96100001:epoch80,80,20,validation,96300004,u_0.90,0.9,40653343.57784787,0.8690476190476191,28.0,0.12048192771084337,4b126522a5a475ff0eec8ae0dcbe7368c833452391bceae9849ad46654dd33a3
routing_abrupt_regime_shift,routing_abrupt_regime_shift:seed96100001:epoch80,80,20,validation,96300004,u_1.00,1.0,39169198.35951765,0.8690476190476191,26.0,0.10309278350515463,4b126522a5a475ff0eec8ae0dcbe7368c833452391bceae9849ad46654dd33a3
routing_abrupt_regime_shift,routing_abrupt_regime_shift:seed96100002:epoch30,30,20,discovery,96200000,anchor,-1.0,669375561.2017368,0.7918072289156627,423.0,0.01967799642218247,4b126522a5a475ff0eec8ae0dcbe7368c833452391bceae9849ad46654dd33a3
routing_abrupt_regime_shift,routing_abrupt_regime_shift:seed96100002:epoch30,30,20,discovery,96200000,u_0.00,0.0,682764690.9654709,0.779277108433735,433.0,0.021686746987951807,4b126522a5a475ff0eec8ae0dcbe7368c833452391bceae9849ad46654dd33a3
routing_abrupt_regime_shift,routing_abrupt_regime_shift:seed96100002:epoch30,30,20,discovery,96200000,u_0.10,0.1,671653503.2700108,0.7812048192771084,424.0,0.020958083832335328,4b126522a5a475ff0eec8ae0dcbe7368c833452391bceae9849ad46654dd33a3
routing_abrupt_regime_shift,routing_abrupt_regime_shift:seed96100002:epoch30,30,20,discovery,96200000,u_0.20,0.2,658704252.0982753,0.7913253012048193,406.0,0.019538188277087035,4b126522a5a475ff0eec8ae0dcbe7368c833452391bceae9849ad46654dd33a3
routing_abrupt_regime_shift,routing_abrupt_regime_shift:seed96100002:epoch30,30,20,discovery,96200000,u_0.30,0.3,648477510.4910331,0.7985542168674699,400.0,0.019377568995889608,4b126522a5a475ff0eec8ae0dcbe7368c833452391bceae9849ad46654dd33a3
routing_abrupt_regime_shift,routing_abrupt_regime_shift:seed96100002:epoch30,30,20,discovery,96200000,u_0.40,0.4,645905232.330013,0.8019277108433734,395.0,0.01875732708089097,4b126522a5a475ff0eec8ae0dcbe7368c833452391bceae9849ad46654dd33a3
routing_abrupt_regime_shift,routing_abrupt_regime_shift:seed96100002:epoch30,30,20,discovery,96200000,u_0.50,0.5,648838603.2980294,0.8019277108433734,398.0,0.01829988193624557,4b126522a5a475ff0eec8ae0dcbe7368c833452391bceae9849ad46654dd33a3
routing_abrupt_regime_shift,routing_abrupt_regime_shift:seed96100002:epoch30,30,20,discovery,96200000,u_0.60,0.6,645722059.1921897,0.803855421686747,395.0,0.018256772673733806,4b126522a5a475ff0eec8ae0dcbe7368c833452391bceae9849ad46654dd33a3
routing_abrupt_regime_shift,routing_abrupt_regime_shift:seed96100002:epoch30,30,20,discovery,96200000,u_0.70,0.7,644401727.480028,0.8062650602409639,393.0,0.01764705882352941,4b126522a5a475ff0eec8ae0dcbe7368c833452391bceae9849ad46654dd33a3
routing_abrupt_regime_shift,routing_abrupt_regime_shift:seed96100002:epoch30,30,20,discovery,96200000,u_0.80,0.8,648318889.3269755,0.8053012048192771,395.0,0.018213866039952998,4b126522a5a475ff0eec8ae0dcbe7368c833452391bceae9849ad46654dd33a3
routing_abrupt_regime_shift,routing_abrupt_regime_shift:seed96100002:epoch30,30,20,discovery,96200000,u_0.90,0.9,648614584.3114668,0.8053012048192771,395.0,0.018213866039952998,4b126522a5a475ff0eec8ae0dcbe7368c833452391bceae9849ad46654dd33a3
routing_abrupt_regime_shift,routing_abrupt_regime_shift:seed96100002:epoch30,30,20,discovery,96200000,u_1.00,1.0,636515134.2402209,0.8125301204819277,380.0,0.018002322880371662,4b126522a5a475ff0eec8ae0dcbe7368c833452391bceae9849ad46654dd33a3
routing_abrupt_regime_shift,routing_abrupt_regime_shift:seed96100002:epoch30,30,20,discovery,96200001,anchor,-1.0,690843846.7701117,0.7774117647058824,442.0,0.021415823914336704,4b126522a5a475ff0eec8ae0dcbe7368c833452391bceae9849ad46654dd33a3
routing_abrupt_regime_shift,routing_abrupt_regime_shift:seed96100002:epoch30,30,20,discovery,96200001,u_0.00,0.0,699936313.1304481,0.7665882352941177,458.0,0.02211595935445308,4b126522a5a475ff0eec8ae0dcbe7368c833452391bceae9849ad46654dd33a3
routing_abrupt_regime_shift,routing_abrupt_regime_shift:seed96100002:epoch30,30,20,discovery,96200001,u_0.10,0.1,690722874.2418585,0.7727058823529411,446.0,0.020808561236623068,4b126522a5a475ff0eec8ae0dcbe7368c833452391bceae9849ad46654dd33a3
routing_abrupt_regime_shift,routing_abrupt_regime_shift:seed96100002:epoch30,30,20,discovery,96200001,u_0.20,0.2,689000024.5508726,0.7745882352941177,444.0,0.020759193357058125,4b126522a5a475ff0eec8ae0dcbe7368c833452391bceae9849ad46654dd33a3
routing_abrupt_regime_shift,routing_abrupt_regime_shift:seed96100002:epoch30,30,20,discovery,96200001,u_0.30,0.3,688077031.9249952,0.776,447.0,0.021932424422050976,4b126522a5a475ff0eec8ae0dcbe7368c833452391bceae9849ad46654dd33a3
routing_abrupt_regime_shift,routing_abrupt_regime_shift:seed96100002:epoch30,30,20,discovery,96200001,u_0.40,0.4,685073120.5238382,0.7788235294117647,442.0,0.02069781194559432,4b126522a5a475ff0eec8ae0dcbe7368c833452391bceae9849ad46654dd33a3
routing_abrupt_regime_shift,routing_abrupt_regime_shift:seed96100002:epoch30,30,20,discovery,96200001,u_0.50,0.5,661971209.5843341,0.7887058823529411,423.0,0.01985981308411215,4b126522a5a475ff0eec8ae0dcbe7368c833452391bceae9849ad46654dd33a3
routing_abrupt_regime_shift,routing_abrupt_regime_shift:seed96100002:epoch30,30,20,discovery,96200001,u_0.60,0.6,659075465.255071,0.7905882352941176,419.0,0.019813519813519812,4b126522a5a475ff0eec8ae0dcbe7368c833452391bceae9849ad46654dd33a3
routing_abrupt_regime_shift,routing_abrupt_regime_shift:seed96100002:epoch30,30,20,discovery,96200001,u_0.70,0.7,657813873.885628,0.792,415.0,0.019825072886297375,4b126522a5a475ff0eec8ae0dcbe7368c833452391bceae9849ad46654dd33a3
routing_abrupt_regime_shift,routing_abrupt_regime_shift:seed96100002:epoch30,30,20,discovery,96200001,u_0.80,0.8,650880330.613428,0.7967058823529412,404.0,0.01916376306620209,4b126522a5a475ff0eec8ae0dcbe7368c833452391bceae9849ad46654dd33a3
routing_abrupt_regime_shift,routing_abrupt_regime_shift:seed96100002:epoch30,30,20,discovery,96200001,u_0.90,0.9,651176025.5979195,0.7967058823529412,404.0,0.01916376306620209,4b126522a5a475ff0eec8ae0dcbe7368c833452391bceae9849ad46654dd33a3
routing_abrupt_regime_shift,routing_abrupt_regime_shift:seed96100002:epoch30,30,20,discovery,96200001,u_1.00,1.0,650275142.8815223,0.7967058823529412,404.0,0.02191464821222607,4b126522a5a475ff0eec8ae0dcbe7368c833452391bceae9849ad46654dd33a3
routing_abrupt_regime_shift,routing_abrupt_regime_shift:seed96100002:epoch30,30,20,discovery,96200002,anchor,-1.0,744901994.031237,0.7550551470588235,502.0,0.028823529411764706,4b126522a5a475ff0eec8ae0dcbe7368c833452391bceae9849ad46654dd33a3
routing_abrupt_regime_shift,routing_abrupt_regime_shift:seed96100002:epoch30,30,20,discovery,96200002,u_0.00,0.0,752042131.6327357,0.7463235294117647,511.0,0.03078744819419775,4b126522a5a475ff0eec8ae0dcbe7368c833452391bceae9849ad46654dd33a3
routing_abrupt_regime_shift,routing_abrupt_regime_shift:seed96100002:epoch30,30,20,discovery,96200002,u_0.10,0.1,751187793.9255146,0.7467830882352942,510.0,0.030732860520094562,4b126522a5a475ff0eec8ae0dcbe7368c833452391bceae9849ad46654dd33a3
routing_abrupt_regime_shift,routing_abrupt_regime_shift:seed96100002:epoch30,30,20,discovery,96200002,u_0.20,0.2,748691134.1082317,0.7467830882352942,507.0,0.03010625737898465,4b126522a5a475ff0eec8ae0dcbe7368c833452391bceae9849ad46654dd33a3
routing_abrupt_regime_shift,routing_abrupt_regime_shift:seed96100002:epoch30,30,20,discovery,96200002,u_0.30,0.3,743768443.8001482,0.75,505.0,0.029912023460410556,4b126522a5a475ff0eec8ae0dcbe7368c833452391bceae9849ad46654dd33a3
routing_abrupt_regime_shift,routing_abrupt_regime_shift:seed96100002:epoch30,30,20,discovery,96200002,u_0.40,0.4,743966543.9907981,0.75,504.0,0.029947152084556665,4b126522a5a475ff0eec8ae0dcbe7368c833452391bceae9849ad46654dd33a3
routing_abrupt_regime_shift,routing_abrupt_regime_shift:seed96100002:epoch30,30,20,discovery,96200002,u_0.50,0.5,721235198.5104239,0.7628676470588235,482.0,0.029479768786127167,4b126522a5a475ff0eec8ae0dcbe7368c833452391bceae9849ad46654dd33a3
routing_abrupt_regime_shift,routing_abrupt_regime_shift:seed96100002:epoch30,30,20,discovery,96200002,u_0.60,0.6,718089561.0283172,0.7647058823529411,478.0,0.029411764705882353,4b126522a5a475ff0eec8ae0dcbe7368c833452391bceae9849ad46654dd33a3
routing_abrupt_regime_shift,routing_abrupt_regime_shift:seed96100002:epoch30,30,20,discovery,96200002,u_0.70,0.7,717362778.0262777,0.7651654411764706,475.0,0.02830733679953784,4b126522a5a475ff0eec8ae0dcbe7368c833452391bceae9849ad46654dd33a3
routing_abrupt_regime_shift,routing_abrupt_regime_shift:seed96100002:epoch30,30,20,discovery,96200002,u_0.80,0.8,718532434.5914999,0.7637867647058824,480.0,0.028372900984365953,4b126522a5a475ff0eec8ae0dcbe7368c833452391bceae9849ad46654dd33a3
routing_abrupt_regime_shift,routing_abrupt_regime_shift:seed96100002:epoch30,30,20,discovery,96200002,u_0.90,0.9,718828129.5759914,0.7637867647058824,480.0,0.028372900984365953,4b126522a5a475ff0eec8ae0dcbe7368c833452391bceae9849ad46654dd33a3
routing_abrupt_regime_shift,routing_abrupt_regime_shift:seed96100002:epoch30,30,20,discovery,96200002,u_1.00,1.0,706525410.5908203,0.7738970588235294,470.0,0.02741290691033695,4b126522a5a475ff0eec8ae0dcbe7368c833452391bceae9849ad46654dd33a3
routing_abrupt_regime_shift,routing_abrupt_regime_shift:seed96100002:epoch30,30,20,validation,96300000,anchor,-1.0,671402269.5474352,0.7749881572714353,443.0,0.02303603071470762,4b126522a5a475ff0eec8ae0dcbe7368c833452391bceae9849ad46654dd33a3
routing_abrupt_regime_shift,routing_abrupt_regime_shift:seed96100002:epoch30,30,20,validation,96300000,u_0.00,0.0,682550197.7329153,0.7659876835622927,457.0,0.0256563245823389,4b126522a5a475ff0eec8ae0dcbe7368c833452391bceae9849ad46654dd33a3
routing_abrupt_regime_shift,routing_abrupt_regime_shift:seed96100002:epoch30,30,20,validation,96300000,u_0.10,0.1,680387322.1254956,0.7640928469919469,450.0,0.02399520095980804,4b126522a5a475ff0eec8ae0dcbe7368c833452391bceae9849ad46654dd33a3
routing_abrupt_regime_shift,routing_abrupt_regime_shift:seed96100002:epoch30,30,20,validation,96300000,u_0.20,0.2,671134219.6504927,0.7711984841307438,437.0,0.023200475907198096,4b126522a5a475ff0eec8ae0dcbe7368c833452391bceae9849ad46654dd33a3
routing_abrupt_regime_shift,routing_abrupt_regime_shift:seed96100002:epoch30,30,20,validation,96300000,u_0.30,0.3,662969168.6037035,0.7764092846991947,429.0,0.021893491124260357,4b126522a5a475ff0eec8ae0dcbe7368c833452391bceae9849ad46654dd33a3
routing_abrupt_regime_shift,routing_abrupt_regime_shift:seed96100002:epoch30,30,20,validation,96300000,u_0.40,0.4,655169021.4098065,0.783041212695405,416.0,0.0205761316872428,4b126522a5a475ff0eec8ae0dcbe7368c833452391bceae9849ad46654dd33a3
routing_abrupt_regime_shift,routing_abrupt_regime_shift:seed96100002:epoch30,30,20,validation,96300000,u_0.50,0.5,635706541.7213569,0.7920416864045476,400.0,0.021511627906976746,4b126522a5a475ff0eec8ae0dcbe7368c833452391bceae9849ad46654dd33a3
routing_abrupt_regime_shift,routing_abrupt_regime_shift:seed96100002:epoch30,30,20,validation,96300000,u_0.60,0.6,630064167.2696837,0.7972524869729986,393.0,0.019721577726218097,4b126522a5a475ff0eec8ae0dcbe7368c833452391bceae9849ad46654dd33a3
routing_abrupt_regime_shift,routing_abrupt_regime_shift:seed96100002:epoch30,30,20,validation,96300000,u_0.70,0.7,628669075.3576481,0.797726196115585,389.0,0.01916376306620209,4b126522a5a475ff0eec8ae0dcbe7368c833452391bceae9849ad46654dd33a3
routing_abrupt_regime_shift,routing_abrupt_regime_shift:seed96100002:epoch30,30,20,validation,96300000,u_0.80,0.8,627131268.7334394,0.7986736144007579,390.0,0.02023121387283237,4b126522a5a475ff0eec8ae0dcbe7368c833452391bceae9849ad46654dd33a3
routing_abrupt_regime_shift,routing_abrupt_regime_shift:seed96100002:epoch30,30,20,validation,96300000,u_0.90,0.9,627426963.7179309,0.7986736144007579,390.0,0.02023121387283237,4b126522a5a475ff0eec8ae0dcbe7368c833452391bceae9849ad46654dd33a3
routing_abrupt_regime_shift,routing_abrupt_regime_shift:seed96100002:epoch30,30,20,validation,96300000,u_1.00,1.0,633429487.924186,0.7972524869729986,393.0,0.019687319050376375,4b126522a5a475ff0eec8ae0dcbe7368c833452391bceae9849ad46654dd33a3
routing_abrupt_regime_shift,routing_abrupt_regime_shift:seed96100002:epoch30,30,20,validation,96300001,anchor,-1.0,753162905.4995712,0.7458639705882353,514.0,0.03010625737898465,4b126522a5a475ff0eec8ae0dcbe7368c833452391bceae9849ad46654dd33a3
routing_abrupt_regime_shift,routing_abrupt_regime_shift:seed96100002:epoch30,30,20,validation,96300001,u_0.00,0.0,759622107.5687287,0.7362132352941176,521.0,0.03041144901610018,4b126522a5a475ff0eec8ae0dcbe7368c833452391bceae9849ad46654dd33a3
routing_abrupt_regime_shift,routing_abrupt_regime_shift:seed96100002:epoch30,30,20,validation,96300001,u_0.10,0.1,762894972.7903538,0.7366727941176471,522.0,0.02986857825567503,4b126522a5a475ff0eec8ae0dcbe7368c833452391bceae9849ad46654dd33a3
routing_abrupt_regime_shift,routing_abrupt_regime_shift:seed96100002:epoch30,30,20,validation,96300001,u_0.20,0.2,760686786.1869009,0.7398897058823529,518.0,0.029288702928870293,4b126522a5a475ff0eec8ae0dcbe7368c833452391bceae9849ad46654dd33a3
routing_abrupt_regime_shift,routing_abrupt_regime_shift:seed96100002:epoch30,30,20,validation,96300001,u_0.30,0.3,745342154.1221412,0.7509191176470589,507.0,0.028789659224441832,4b126522a5a475ff0eec8ae0dcbe7368c833452391bceae9849ad46654dd33a3
routing_abrupt_regime_shift,routing_abrupt_regime_shift:seed96100002:epoch30,30,20,validation,96300001,u_0.40,0.4,739299126.7095617,0.7550551470588235,497.0,0.02865497076023392,4b126522a5a475ff0eec8ae0dcbe7368c833452391bceae9849ad46654dd33a3
routing_abrupt_regime_shift,routing_abrupt_regime_shift:seed96100002:epoch30,30,20,validation,96300001,u_0.50,0.5,728498199.2975425,0.7591911764705882,488.0,0.029154518950437316,4b126522a5a475ff0eec8ae0dcbe7368c833452391bceae9849ad46654dd33a3
routing_abrupt_regime_shift,routing_abrupt_regime_shift:seed96100002:epoch30,30,20,validation,96300001,u_0.60,0.6,725352862.989017,0.7610294117647058,484.0,0.029086678301337987,4b126522a5a475ff0eec8ae0dcbe7368c833452391bceae9849ad46654dd33a3
routing_abrupt_regime_shift,routing_abrupt_regime_shift:seed96100002:epoch30,30,20,validation,96300001,u_0.70,0.7,730934934.141669,0.7601102941176471,486.0,0.028021015761821366,4b126522a5a475ff0eec8ae0dcbe7368c833452391bceae9849ad46654dd33a3
routing_abrupt_regime_shift,routing_abrupt_regime_shift:seed96100002:epoch30,30,20,validation,96300001,u_0.80,0.8,724853522.7854251,0.7637867647058824,479.0,0.027309703660662404,4b126522a5a475ff0eec8ae0dcbe7368c833452391bceae9849ad46654dd33a3
routing_abrupt_regime_shift,routing_abrupt_regime_shift:seed96100002:epoch30,30,20,validation,96300001,u_0.90,0.9,725149217.7699165,0.7637867647058824,479.0,0.027309703660662404,4b126522a5a475ff0eec8ae0dcbe7368c833452391bceae9849ad46654dd33a3
routing_abrupt_regime_shift,routing_abrupt_regime_shift:seed96100002:epoch30,30,20,validation,96300001,u_1.00,1.0,714409424.9554728,0.7702205882352942,469.0,0.026543566070398154,4b126522a5a475ff0eec8ae0dcbe7368c833452391bceae9849ad46654dd33a3
routing_abrupt_regime_shift,routing_abrupt_regime_shift:seed96100002:epoch30,30,20,validation,96300002,anchor,-1.0,665493306.5826612,0.7730806608357629,441.0,0.02647783251231527,4b126522a5a475ff0eec8ae0dcbe7368c833452391bceae9849ad46654dd33a3
routing_abrupt_regime_shift,routing_abrupt_regime_shift:seed96100002:epoch30,30,20,validation,96300002,u_0.00,0.0,671998826.9257312,0.7667638483965015,447.0,0.02664188351920694,4b126522a5a475ff0eec8ae0dcbe7368c833452391bceae9849ad46654dd33a3
routing_abrupt_regime_shift,routing_abrupt_regime_shift:seed96100002:epoch30,30,20,validation,96300002,u_0.10,0.1,666735025.0880381,0.771622934888241,446.0,0.027043638598647817,4b126522a5a475ff0eec8ae0dcbe7368c833452391bceae9849ad46654dd33a3
routing_abrupt_regime_shift,routing_abrupt_regime_shift:seed96100002:epoch30,30,20,validation,96300002,u_0.20,0.2,654151790.8349752,0.782312925170068,427.0,0.028467595396729255,4b126522a5a475ff0eec8ae0dcbe7368c833452391bceae9849ad46654dd33a3
routing_abrupt_regime_shift,routing_abrupt_regime_shift:seed96100002:epoch30,30,20,validation,96300002,u_0.30,0.3,649530465.8411896,0.782798833819242,422.0,0.02781136638452237,4b126522a5a475ff0eec8ae0dcbe7368c833452391bceae9849ad46654dd33a3
routing_abrupt_regime_shift,routing_abrupt_regime_shift:seed96100002:epoch30,30,20,validation,96300002,u_0.40,0.4,647551303.6078463,0.7847424684159378,418.0,0.026537997587454766,4b126522a5a475ff0eec8ae0dcbe7368c833452391bceae9849ad46654dd33a3
routing_abrupt_regime_shift,routing_abrupt_regime_shift:seed96100002:epoch30,30,20,validation,96300002,u_0.50,0.5,625954052.2015789,0.8002915451895044,400.0,0.0255496137849079,4b126522a5a475ff0eec8ae0dcbe7368c833452391bceae9849ad46654dd33a3
routing_abrupt_regime_shift,routing_abrupt_regime_shift:seed96100002:epoch30,30,20,validation,96300002,u_0.60,0.6,622809086.8922082,0.8022351797862002,396.0,0.025489033787788974,4b126522a5a475ff0eec8ae0dcbe7368c833452391bceae9849ad46654dd33a3
routing_abrupt_regime_shift,routing_abrupt_regime_shift:seed96100002:epoch30,30,20,validation,96300002,u_0.70,0.7,622849456.6543603,0.8022351797862002,395.0,0.027810650887573965,4b126522a5a475ff0eec8ae0dcbe7368c833452391bceae9849ad46654dd33a3
routing_abrupt_regime_shift,routing_abrupt_regime_shift:seed96100002:epoch30,30,20,validation,96300002,u_0.80,0.8,608044634.1110077,0.8085519922254616,380.0,0.02715466351829988,4b126522a5a475ff0eec8ae0dcbe7368c833452391bceae9849ad46654dd33a3
routing_abrupt_regime_shift,routing_abrupt_regime_shift:seed96100002:epoch30,30,20,validation,96300002,u_0.90,0.9,608340329.0954992,0.8085519922254616,380.0,0.02715466351829988,4b126522a5a475ff0eec8ae0dcbe7368c833452391bceae9849ad46654dd33a3
routing_abrupt_regime_shift,routing_abrupt_regime_shift:seed96100002:epoch30,30,20,validation,96300002,u_1.00,1.0,605452312.1799197,0.8104956268221575,379.0,0.026947861745752782,4b126522a5a475ff0eec8ae0dcbe7368c833452391bceae9849ad46654dd33a3
routing_abrupt_regime_shift,routing_abrupt_regime_shift:seed96100002:epoch30,30,20,validation,96300003,anchor,-1.0,732999655.8581657,0.7604117922321011,485.0,0.022795440911817635,4b126522a5a475ff0eec8ae0dcbe7368c833452391bceae9849ad46654dd33a3
routing_abrupt_regime_shift,routing_abrupt_regime_shift:seed96100002:epoch30,30,20,validation,96300003,u_0.00,0.0,737212403.345598,0.7552643893308376,487.0,0.02230259192284509,4b126522a5a475ff0eec8ae0dcbe7368c833452391bceae9849ad46654dd33a3
routing_abrupt_regime_shift,routing_abrupt_regime_shift:seed96100002:epoch30,30,20,validation,96300003,u_0.10,0.1,742619204.1488998,0.7510528778661675,494.0,0.023002421307506054,4b126522a5a475ff0eec8ae0dcbe7368c833452391bceae9849ad46654dd33a3
routing_abrupt_regime_shift,routing_abrupt_regime_shift:seed96100002:epoch30,30,20,validation,96300003,u_0.20,0.2,730032726.565308,0.7604117922321011,475.0,0.022142429682824656,4b126522a5a475ff0eec8ae0dcbe7368c833452391bceae9849ad46654dd33a3
routing_abrupt_regime_shift,routing_abrupt_regime_shift:seed96100002:epoch30,30,20,validation,96300003,u_0.30,0.3,725059193.4524689,0.7604117922321011,474.0,0.022036926742108397,4b126522a5a475ff0eec8ae0dcbe7368c833452391bceae9849ad46654dd33a3
routing_abrupt_regime_shift,routing_abrupt_regime_shift:seed96100002:epoch30,30,20,validation,96300003,u_0.40,0.4,724834305.3206056,0.7622835751052878,473.0,0.020808561236623068,4b126522a5a475ff0eec8ae0dcbe7368c833452391bceae9849ad46654dd33a3
routing_abrupt_regime_shift,routing_abrupt_regime_shift:seed96100002:epoch30,30,20,validation,96300003,u_0.50,0.5,714178647.1827402,0.7693027608797379,463.0,0.021854695806261076,4b126522a5a475ff0eec8ae0dcbe7368c833452391bceae9849ad46654dd33a3
routing_abrupt_regime_shift,routing_abrupt_regime_shift:seed96100002:epoch30,30,20,validation,96300003,u_0.60,0.6,711383661.8565298,0.7711745437529247,459.0,0.021803182086034177,4b126522a5a475ff0eec8ae0dcbe7368c833452391bceae9849ad46654dd33a3
routing_abrupt_regime_shift,routing_abrupt_regime_shift:seed96100002:epoch30,30,20,validation,96300003,u_0.70,0.7,711816825.7432677,0.7716424894712214,460.0,0.021264028352037802,4b126522a5a475ff0eec8ae0dcbe7368c833452391bceae9849ad46654dd33a3
routing_abrupt_regime_shift,routing_abrupt_regime_shift:seed96100002:epoch30,30,20,validation,96300003,u_0.80,0.8,709062527.915401,0.7739822180627047,460.0,0.020070838252656435,4b126522a5a475ff0eec8ae0dcbe7368c833452391bceae9849ad46654dd33a3
routing_abrupt_regime_shift,routing_abrupt_regime_shift:seed96100002:epoch30,30,20,validation,96300003,u_0.90,0.9,709358222.8998924,0.7739822180627047,460.0,0.020070838252656435,4b126522a5a475ff0eec8ae0dcbe7368c833452391bceae9849ad46654dd33a3
routing_abrupt_regime_shift,routing_abrupt_regime_shift:seed96100002:epoch30,30,20,validation,96300003,u_1.00,1.0,698471606.9321724,0.7800655124005615,443.0,0.019871420222092345,4b126522a5a475ff0eec8ae0dcbe7368c833452391bceae9849ad46654dd33a3
routing_abrupt_regime_shift,routing_abrupt_regime_shift:seed96100002:epoch30,30,20,validation,96300004,anchor,-1.0,625423490.4468727,0.8109549200193893,411.0,0.023391812865497075,4b126522a5a475ff0eec8ae0dcbe7368c833452391bceae9849ad46654dd33a3
routing_abrupt_regime_shift,routing_abrupt_regime_shift:seed96100002:epoch30,30,20,validation,96300004,u_0.00,0.0,636496086.0061784,0.7983519146873486,423.0,0.02304964539007092,4b126522a5a475ff0eec8ae0dcbe7368c833452391bceae9849ad46654dd33a3
routing_abrupt_regime_shift,routing_abrupt_regime_shift:seed96100002:epoch30,30,20,validation,96300004,u_0.10,0.1,628292980.2681566,0.8007755695588948,417.0,0.021790341578327443,4b126522a5a475ff0eec8ae0dcbe7368c833452391bceae9849ad46654dd33a3
routing_abrupt_regime_shift,routing_abrupt_regime_shift:seed96100002:epoch30,30,20,validation,96300004,u_0.20,0.2,620032002.1906184,0.8070770722249152,407.0,0.02326934264107039,4b126522a5a475ff0eec8ae0dcbe7368c833452391bceae9849ad46654dd33a3
routing_abrupt_regime_shift,routing_abrupt_regime_shift:seed96100002:epoch30,30,20,validation,96300004,u_0.30,0.3,614211957.8264495,0.8109549200193893,404.0,0.02488425925925926,4b126522a5a475ff0eec8ae0dcbe7368c833452391bceae9849ad46654dd33a3
routing_abrupt_regime_shift,routing_abrupt_regime_shift:seed96100002:epoch30,30,20,validation,96300004,u_0.40,0.4,611559322.6320509,0.814348036839554,399.0,0.02424942263279446,4b126522a5a475ff0eec8ae0dcbe7368c833452391bceae9849ad46654dd33a3
routing_abrupt_regime_shift,routing_abrupt_regime_shift:seed96100002:epoch30,30,20,validation,96300004,u_0.50,0.5,606042691.5164759,0.8191953465826466,395.0,0.023590333716915997,4b126522a5a475ff0eec8ae0dcbe7368c833452391bceae9849ad46654dd33a3
routing_abrupt_regime_shift,routing_abrupt_regime_shift:seed96100002:epoch30,30,20,validation,96300004,u_0.60,0.6,603113661.525977,0.8211342704798836,391.0,0.023536165327210104,4b126522a5a475ff0eec8ae0dcbe7368c833452391bceae9849ad46654dd33a3
routing_abrupt_regime_shift,routing_abrupt_regime_shift:seed96100002:epoch30,30,20,validation,96300004,u_0.70,0.7,601014726.5347934,0.8225884634028114,387.0,0.024041213508872353,4b126522a5a475ff0eec8ae0dcbe7368c833452391bceae9849ad46654dd33a3
routing_abrupt_regime_shift,routing_abrupt_regime_shift:seed96100002:epoch30,30,20,validation,96300004,u_0.80,0.8,595189968.5980076,0.8284052350945226,379.0,0.0211307824100514,4b126522a5a475ff0eec8ae0dcbe7368c833452391bceae9849ad46654dd33a3
routing_abrupt_regime_shift,routing_abrupt_regime_shift:seed96100002:epoch30,30,20,validation,96300004,u_0.90,0.9,595485663.582499,0.8284052350945226,379.0,0.0211307824100514,4b126522a5a475ff0eec8ae0dcbe7368c833452391bceae9849ad46654dd33a3
routing_abrupt_regime_shift,routing_abrupt_regime_shift:seed96100002:epoch30,30,20,validation,96300004,u_1.00,1.0,593991887.642703,0.8332525448376151,367.0,0.02050113895216401,4b126522a5a475ff0eec8ae0dcbe7368c833452391bceae9849ad46654dd33a3
routing_abrupt_regime_shift,routing_abrupt_regime_shift:seed96100002:epoch55,55,20,discovery,96200000,anchor,-1.0,37592882.931171216,0.5252525252525253,23.0,0.011764705882352941,4b126522a5a475ff0eec8ae0dcbe7368c833452391bceae9849ad46654dd33a3
routing_abrupt_regime_shift,routing_abrupt_regime_shift:seed96100002:epoch55,55,20,discovery,96200000,u_0.00,0.0,39604065.244809285,0.5252525252525253,26.0,0.015625,4b126522a5a475ff0eec8ae0dcbe7368c833452391bceae9849ad46654dd33a3
routing_abrupt_regime_shift,routing_abrupt_regime_shift:seed96100002:epoch55,55,20,discovery,96200000,u_0.10,0.1,39710400.210047804,0.5252525252525253,26.0,0.014925373134328358,4b126522a5a475ff0eec8ae0dcbe7368c833452391bceae9849ad46654dd33a3
routing_abrupt_regime_shift,routing_abrupt_regime_shift:seed96100002:epoch55,55,20,discovery,96200000,u_0.20,0.2,39749912.6738861,0.5252525252525253,26.0,0.014285714285714285,4b126522a5a475ff0eec8ae0dcbe7368c833452391bceae9849ad46654dd33a3
routing_abrupt_regime_shift,routing_abrupt_regime_shift:seed96100002:epoch55,55,20,discovery,96200000,u_0.30,0.3,39551672.532308534,0.5252525252525253,26.0,0.012987012987012988,4b126522a5a475ff0eec8ae0dcbe7368c833452391bceae9849ad46654dd33a3
routing_abrupt_regime_shift,routing_abrupt_regime_shift:seed96100002:epoch55,55,20,discovery,96200000,u_0.40,0.4,39578196.73442211,0.5252525252525253,26.0,0.0125,4b126522a5a475ff0eec8ae0dcbe7368c833452391bceae9849ad46654dd33a3
routing_abrupt_regime_shift,routing_abrupt_regime_shift:seed96100002:epoch55,55,20,discovery,96200000,u_0.50,0.5,38626088.63724111,0.5252525252525253,25.0,0.010869565217391304,4b126522a5a475ff0eec8ae0dcbe7368c833452391bceae9849ad46654dd33a3
routing_abrupt_regime_shift,routing_abrupt_regime_shift:seed96100002:epoch55,55,20,discovery,96200000,u_0.60,0.6,37600273.04076554,0.5252525252525253,23.0,0.010526315789473684,4b126522a5a475ff0eec8ae0dcbe7368c833452391bceae9849ad46654dd33a3
routing_abrupt_regime_shift,routing_abrupt_regime_shift:seed96100002:epoch55,55,20,discovery,96200000,u_0.70,0.7,36946872.945369944,0.5252525252525253,22.0,0.00980392156862745,4b126522a5a475ff0eec8ae0dcbe7368c833452391bceae9849ad46654dd33a3
routing_abrupt_regime_shift,routing_abrupt_regime_shift:seed96100002:epoch55,55,20,discovery,96200000,u_0.80,0.8,36816709.17145443,0.5252525252525253,22.0,0.00909090909090909,4b126522a5a475ff0eec8ae0dcbe7368c833452391bceae9849ad46654dd33a3
routing_abrupt_regime_shift,routing_abrupt_regime_shift:seed96100002:epoch55,55,20,discovery,96200000,u_0.90,0.9,37011856.955945894,0.5252525252525253,22.0,0.008928571428571428,4b126522a5a475ff0eec8ae0dcbe7368c833452391bceae9849ad46654dd33a3
routing_abrupt_regime_shift,routing_abrupt_regime_shift:seed96100002:epoch55,55,20,discovery,96200000,u_1.00,1.0,35577985.33761568,0.5252525252525253,20.0,0.008,4b126522a5a475ff0eec8ae0dcbe7368c833452391bceae9849ad46654dd33a3
routing_abrupt_regime_shift,routing_abrupt_regime_shift:seed96100002:epoch55,55,20,discovery,96200001,anchor,-1.0,37592882.931171216,0.5252525252525253,23.0,0.011764705882352941,4b126522a5a475ff0eec8ae0dcbe7368c833452391bceae9849ad46654dd33a3
routing_abrupt_regime_shift,routing_abrupt_regime_shift:seed96100002:epoch55,55,20,discovery,96200001,u_0.00,0.0,39604065.244809285,0.5252525252525253,26.0,0.015625,4b126522a5a475ff0eec8ae0dcbe7368c833452391bceae9849ad46654dd33a3
routing_abrupt_regime_shift,routing_abrupt_regime_shift:seed96100002:epoch55,55,20,discovery,96200001,u_0.10,0.1,39710400.210047804,0.5252525252525253,26.0,0.014925373134328358,4b126522a5a475ff0eec8ae0dcbe7368c833452391bceae9849ad46654dd33a3
routing_abrupt_regime_shift,routing_abrupt_regime_shift:seed96100002:epoch55,55,20,discovery,96200001,u_0.20,0.2,39749912.6738861,0.5252525252525253,26.0,0.014285714285714285,4b126522a5a475ff0eec8ae0dcbe7368c833452391bceae9849ad46654dd33a3
routing_abrupt_regime_shift,routing_abrupt_regime_shift:seed96100002:epoch55,55,20,discovery,96200001,u_0.30,0.3,39551672.532308534,0.5252525252525253,26.0,0.012987012987012988,4b126522a5a475ff0eec8ae0dcbe7368c833452391bceae9849ad46654dd33a3
routing_abrupt_regime_shift,routing_abrupt_regime_shift:seed96100002:epoch55,55,20,discovery,96200001,u_0.40,0.4,39578196.73442211,0.5252525252525253,26.0,0.0125,4b126522a5a475ff0eec8ae0dcbe7368c833452391bceae9849ad46654dd33a3
routing_abrupt_regime_shift,routing_abrupt_regime_shift:seed96100002:epoch55,55,20,discovery,96200001,u_0.50,0.5,38626088.63724111,0.5252525252525253,25.0,0.010869565217391304,4b126522a5a475ff0eec8ae0dcbe7368c833452391bceae9849ad46654dd33a3
routing_abrupt_regime_shift,routing_abrupt_regime_shift:seed96100002:epoch55,55,20,discovery,96200001,u_0.60,0.6,37600273.04076554,0.5252525252525253,23.0,0.010526315789473684,4b126522a5a475ff0eec8ae0dcbe7368c833452391bceae9849ad46654dd33a3
routing_abrupt_regime_shift,routing_abrupt_regime_shift:seed96100002:epoch55,55,20,discovery,96200001,u_0.70,0.7,36946872.945369944,0.5252525252525253,22.0,0.00980392156862745,4b126522a5a475ff0eec8ae0dcbe7368c833452391bceae9849ad46654dd33a3
routing_abrupt_regime_shift,routing_abrupt_regime_shift:seed96100002:epoch55,55,20,discovery,96200001,u_0.80,0.8,36816709.17145443,0.5252525252525253,22.0,0.00909090909090909,4b126522a5a475ff0eec8ae0dcbe7368c833452391bceae9849ad46654dd33a3
routing_abrupt_regime_shift,routing_abrupt_regime_shift:seed96100002:epoch55,55,20,discovery,96200001,u_0.90,0.9,37011856.955945894,0.5252525252525253,22.0,0.008928571428571428,4b126522a5a475ff0eec8ae0dcbe7368c833452391bceae9849ad46654dd33a3
routing_abrupt_regime_shift,routing_abrupt_regime_shift:seed96100002:epoch55,55,20,discovery,96200001,u_1.00,1.0,35577985.33761568,0.5252525252525253,20.0,0.008,4b126522a5a475ff0eec8ae0dcbe7368c833452391bceae9849ad46654dd33a3
routing_abrupt_regime_shift,routing_abrupt_regime_shift:seed96100002:epoch55,55,20,discovery,96200002,anchor,-1.0,37592882.931171216,0.5252525252525253,23.0,0.011764705882352941,4b126522a5a475ff0eec8ae0dcbe7368c833452391bceae9849ad46654dd33a3
routing_abrupt_regime_shift,routing_abrupt_regime_shift:seed96100002:epoch55,55,20,discovery,96200002,u_0.00,0.0,39604065.244809285,0.5252525252525253,26.0,0.015625,4b126522a5a475ff0eec8ae0dcbe7368c833452391bceae9849ad46654dd33a3
routing_abrupt_regime_shift,routing_abrupt_regime_shift:seed96100002:epoch55,55,20,discovery,96200002,u_0.10,0.1,39710400.210047804,0.5252525252525253,26.0,0.014925373134328358,4b126522a5a475ff0eec8ae0dcbe7368c833452391bceae9849ad46654dd33a3
routing_abrupt_regime_shift,routing_abrupt_regime_shift:seed96100002:epoch55,55,20,discovery,96200002,u_0.20,0.2,39749912.6738861,0.5252525252525253,26.0,0.014285714285714285,4b126522a5a475ff0eec8ae0dcbe7368c833452391bceae9849ad46654dd33a3
routing_abrupt_regime_shift,routing_abrupt_regime_shift:seed96100002:epoch55,55,20,discovery,96200002,u_0.30,0.3,39551672.532308534,0.5252525252525253,26.0,0.012987012987012988,4b126522a5a475ff0eec8ae0dcbe7368c833452391bceae9849ad46654dd33a3
routing_abrupt_regime_shift,routing_abrupt_regime_shift:seed96100002:epoch55,55,20,discovery,96200002,u_0.40,0.4,39578196.73442211,0.5252525252525253,26.0,0.0125,4b126522a5a475ff0eec8ae0dcbe7368c833452391bceae9849ad46654dd33a3
routing_abrupt_regime_shift,routing_abrupt_regime_shift:seed96100002:epoch55,55,20,discovery,96200002,u_0.50,0.5,38626088.63724111,0.5252525252525253,25.0,0.010869565217391304,4b126522a5a475ff0eec8ae0dcbe7368c833452391bceae9849ad46654dd33a3
routing_abrupt_regime_shift,routing_abrupt_regime_shift:seed96100002:epoch55,55,20,discovery,96200002,u_0.60,0.6,37600273.04076554,0.5252525252525253,23.0,0.010526315789473684,4b126522a5a475ff0eec8ae0dcbe7368c833452391bceae9849ad46654dd33a3
routing_abrupt_regime_shift,routing_abrupt_regime_shift:seed96100002:epoch55,55,20,discovery,96200002,u_0.70,0.7,36946872.945369944,0.5252525252525253,22.0,0.00980392156862745,4b126522a5a475ff0eec8ae0dcbe7368c833452391bceae9849ad46654dd33a3
routing_abrupt_regime_shift,routing_abrupt_regime_shift:seed96100002:epoch55,55,20,discovery,96200002,u_0.80,0.8,36816709.17145443,0.5252525252525253,22.0,0.00909090909090909,4b126522a5a475ff0eec8ae0dcbe7368c833452391bceae9849ad46654dd33a3
routing_abrupt_regime_shift,routing_abrupt_regime_shift:seed96100002:epoch55,55,20,discovery,96200002,u_0.90,0.9,37011856.955945894,0.5252525252525253,22.0,0.008928571428571428,4b126522a5a475ff0eec8ae0dcbe7368c833452391bceae9849ad46654dd33a3
routing_abrupt_regime_shift,routing_abrupt_regime_shift:seed96100002:epoch55,55,20,discovery,96200002,u_1.00,1.0,35577985.33761568,0.5252525252525253,20.0,0.008,4b126522a5a475ff0eec8ae0dcbe7368c833452391bceae9849ad46654dd33a3
routing_abrupt_regime_shift,routing_abrupt_regime_shift:seed96100002:epoch55,55,20,validation,96300000,anchor,-1.0,37592882.931171216,0.5252525252525253,23.0,0.011764705882352941,4b126522a5a475ff0eec8ae0dcbe7368c833452391bceae9849ad46654dd33a3
routing_abrupt_regime_shift,routing_abrupt_regime_shift:seed96100002:epoch55,55,20,validation,96300000,u_0.00,0.0,39604065.244809285,0.5252525252525253,26.0,0.015625,4b126522a5a475ff0eec8ae0dcbe7368c833452391bceae9849ad46654dd33a3
routing_abrupt_regime_shift,routing_abrupt_regime_shift:seed96100002:epoch55,55,20,validation,96300000,u_0.10,0.1,39710400.210047804,0.5252525252525253,26.0,0.014925373134328358,4b126522a5a475ff0eec8ae0dcbe7368c833452391bceae9849ad46654dd33a3
routing_abrupt_regime_shift,routing_abrupt_regime_shift:seed96100002:epoch55,55,20,validation,96300000,u_0.20,0.2,39749912.6738861,0.5252525252525253,26.0,0.014285714285714285,4b126522a5a475ff0eec8ae0dcbe7368c833452391bceae9849ad46654dd33a3
routing_abrupt_regime_shift,routing_abrupt_regime_shift:seed96100002:epoch55,55,20,validation,96300000,u_0.30,0.3,39551672.532308534,0.5252525252525253,26.0,0.012987012987012988,4b126522a5a475ff0eec8ae0dcbe7368c833452391bceae9849ad46654dd33a3
routing_abrupt_regime_shift,routing_abrupt_regime_shift:seed96100002:epoch55,55,20,validation,96300000,u_0.40,0.4,39578196.73442211,0.5252525252525253,26.0,0.0125,4b126522a5a475ff0eec8ae0dcbe7368c833452391bceae9849ad46654dd33a3
routing_abrupt_regime_shift,routing_abrupt_regime_shift:seed96100002:epoch55,55,20,validation,96300000,u_0.50,0.5,38626088.63724111,0.5252525252525253,25.0,0.010869565217391304,4b126522a5a475ff0eec8ae0dcbe7368c833452391bceae9849ad46654dd33a3
routing_abrupt_regime_shift,routing_abrupt_regime_shift:seed96100002:epoch55,55,20,validation,96300000,u_0.60,0.6,37600273.04076554,0.5252525252525253,23.0,0.010526315789473684,4b126522a5a475ff0eec8ae0dcbe7368c833452391bceae9849ad46654dd33a3
routing_abrupt_regime_shift,routing_abrupt_regime_shift:seed96100002:epoch55,55,20,validation,96300000,u_0.70,0.7,36946872.945369944,0.5252525252525253,22.0,0.00980392156862745,4b126522a5a475ff0eec8ae0dcbe7368c833452391bceae9849ad46654dd33a3
routing_abrupt_regime_shift,routing_abrupt_regime_shift:seed96100002:epoch55,55,20,validation,96300000,u_0.80,0.8,36816709.17145443,0.5252525252525253,22.0,0.00909090909090909,4b126522a5a475ff0eec8ae0dcbe7368c833452391bceae9849ad46654dd33a3
routing_abrupt_regime_shift,routing_abrupt_regime_shift:seed96100002:epoch55,55,20,validation,96300000,u_0.90,0.9,37011856.955945894,0.5252525252525253,22.0,0.008928571428571428,4b126522a5a475ff0eec8ae0dcbe7368c833452391bceae9849ad46654dd33a3
routing_abrupt_regime_shift,routing_abrupt_regime_shift:seed96100002:epoch55,55,20,validation,96300000,u_1.00,1.0,35577985.33761568,0.5252525252525253,20.0,0.008,4b126522a5a475ff0eec8ae0dcbe7368c833452391bceae9849ad46654dd33a3
routing_abrupt_regime_shift,routing_abrupt_regime_shift:seed96100002:epoch55,55,20,validation,96300001,anchor,-1.0,37592882.931171216,0.5252525252525253,23.0,0.011764705882352941,4b126522a5a475ff0eec8ae0dcbe7368c833452391bceae9849ad46654dd33a3
routing_abrupt_regime_shift,routing_abrupt_regime_shift:seed96100002:epoch55,55,20,validation,96300001,u_0.00,0.0,39604065.244809285,0.5252525252525253,26.0,0.015625,4b126522a5a475ff0eec8ae0dcbe7368c833452391bceae9849ad46654dd33a3
routing_abrupt_regime_shift,routing_abrupt_regime_shift:seed96100002:epoch55,55,20,validation,96300001,u_0.10,0.1,39710400.210047804,0.5252525252525253,26.0,0.014925373134328358,4b126522a5a475ff0eec8ae0dcbe7368c833452391bceae9849ad46654dd33a3
routing_abrupt_regime_shift,routing_abrupt_regime_shift:seed96100002:epoch55,55,20,validation,96300001,u_0.20,0.2,39749912.6738861,0.5252525252525253,26.0,0.014285714285714285,4b126522a5a475ff0eec8ae0dcbe7368c833452391bceae9849ad46654dd33a3
routing_abrupt_regime_shift,routing_abrupt_regime_shift:seed96100002:epoch55,55,20,validation,96300001,u_0.30,0.3,39551672.532308534,0.5252525252525253,26.0,0.012987012987012988,4b126522a5a475ff0eec8ae0dcbe7368c833452391bceae9849ad46654dd33a3
routing_abrupt_regime_shift,routing_abrupt_regime_shift:seed96100002:epoch55,55,20,validation,96300001,u_0.40,0.4,39578196.73442211,0.5252525252525253,26.0,0.0125,4b126522a5a475ff0eec8ae0dcbe7368c833452391bceae9849ad46654dd33a3
routing_abrupt_regime_shift,routing_abrupt_regime_shift:seed96100002:epoch55,55,20,validation,96300001,u_0.50,0.5,38626088.63724111,0.5252525252525253,25.0,0.010869565217391304,4b126522a5a475ff0eec8ae0dcbe7368c833452391bceae9849ad46654dd33a3
routing_abrupt_regime_shift,routing_abrupt_regime_shift:seed96100002:epoch55,55,20,validation,96300001,u_0.60,0.6,37600273.04076554,0.5252525252525253,23.0,0.010526315789473684,4b126522a5a475ff0eec8ae0dcbe7368c833452391bceae9849ad46654dd33a3
routing_abrupt_regime_shift,routing_abrupt_regime_shift:seed96100002:epoch55,55,20,validation,96300001,u_0.70,0.7,36946872.945369944,0.5252525252525253,22.0,0.00980392156862745,4b126522a5a475ff0eec8ae0dcbe7368c833452391bceae9849ad46654dd33a3
routing_abrupt_regime_shift,routing_abrupt_regime_shift:seed96100002:epoch55,55,20,validation,96300001,u_0.80,0.8,36816709.17145443,0.5252525252525253,22.0,0.00909090909090909,4b126522a5a475ff0eec8ae0dcbe7368c833452391bceae9849ad46654dd33a3
routing_abrupt_regime_shift,routing_abrupt_regime_shift:seed96100002:epoch55,55,20,validation,96300001,u_0.90,0.9,37011856.955945894,0.5252525252525253,22.0,0.008928571428571428,4b126522a5a475ff0eec8ae0dcbe7368c833452391bceae9849ad46654dd33a3
routing_abrupt_regime_shift,routing_abrupt_regime_shift:seed96100002:epoch55,55,20,validation,96300001,u_1.00,1.0,35577985.33761568,0.5252525252525253,20.0,0.008,4b126522a5a475ff0eec8ae0dcbe7368c833452391bceae9849ad46654dd33a3
routing_abrupt_regime_shift,routing_abrupt_regime_shift:seed96100002:epoch55,55,20,validation,96300002,anchor,-1.0,37592882.931171216,0.5252525252525253,23.0,0.011764705882352941,4b126522a5a475ff0eec8ae0dcbe7368c833452391bceae9849ad46654dd33a3
routing_abrupt_regime_shift,routing_abrupt_regime_shift:seed96100002:epoch55,55,20,validation,96300002,u_0.00,0.0,39604065.244809285,0.5252525252525253,26.0,0.015625,4b126522a5a475ff0eec8ae0dcbe7368c833452391bceae9849ad46654dd33a3
routing_abrupt_regime_shift,routing_abrupt_regime_shift:seed96100002:epoch55,55,20,validation,96300002,u_0.10,0.1,39710400.210047804,0.5252525252525253,26.0,0.014925373134328358,4b126522a5a475ff0eec8ae0dcbe7368c833452391bceae9849ad46654dd33a3
routing_abrupt_regime_shift,routing_abrupt_regime_shift:seed96100002:epoch55,55,20,validation,96300002,u_0.20,0.2,39749912.6738861,0.5252525252525253,26.0,0.014285714285714285,4b126522a5a475ff0eec8ae0dcbe7368c833452391bceae9849ad46654dd33a3
routing_abrupt_regime_shift,routing_abrupt_regime_shift:seed96100002:epoch55,55,20,validation,96300002,u_0.30,0.3,39551672.532308534,0.5252525252525253,26.0,0.012987012987012988,4b126522a5a475ff0eec8ae0dcbe7368c833452391bceae9849ad46654dd33a3
routing_abrupt_regime_shift,routing_abrupt_regime_shift:seed96100002:epoch55,55,20,validation,96300002,u_0.40,0.4,39578196.73442211,0.5252525252525253,26.0,0.0125,4b126522a5a475ff0eec8ae0dcbe7368c833452391bceae9849ad46654dd33a3
routing_abrupt_regime_shift,routing_abrupt_regime_shift:seed96100002:epoch55,55,20,validation,96300002,u_0.50,0.5,38626088.63724111,0.5252525252525253,25.0,0.010869565217391304,4b126522a5a475ff0eec8ae0dcbe7368c833452391bceae9849ad46654dd33a3
routing_abrupt_regime_shift,routing_abrupt_regime_shift:seed96100002:epoch55,55,20,validation,96300002,u_0.60,0.6,37600273.04076554,0.5252525252525253,23.0,0.010526315789473684,4b126522a5a475ff0eec8ae0dcbe7368c833452391bceae9849ad46654dd33a3
routing_abrupt_regime_shift,routing_abrupt_regime_shift:seed96100002:epoch55,55,20,validation,96300002,u_0.70,0.7,36946872.945369944,0.5252525252525253,22.0,0.00980392156862745,4b126522a5a475ff0eec8ae0dcbe7368c833452391bceae9849ad46654dd33a3
routing_abrupt_regime_shift,routing_abrupt_regime_shift:seed96100002:epoch55,55,20,validation,96300002,u_0.80,0.8,36816709.17145443,0.5252525252525253,22.0,0.00909090909090909,4b126522a5a475ff0eec8ae0dcbe7368c833452391bceae9849ad46654dd33a3
routing_abrupt_regime_shift,routing_abrupt_regime_shift:seed96100002:epoch55,55,20,validation,96300002,u_0.90,0.9,37011856.955945894,0.5252525252525253,22.0,0.008928571428571428,4b126522a5a475ff0eec8ae0dcbe7368c833452391bceae9849ad46654dd33a3
routing_abrupt_regime_shift,routing_abrupt_regime_shift:seed96100002:epoch55,55,20,validation,96300002,u_1.00,1.0,35577985.33761568,0.5252525252525253,20.0,0.008,4b126522a5a475ff0eec8ae0dcbe7368c833452391bceae9849ad46654dd33a3
routing_abrupt_regime_shift,routing_abrupt_regime_shift:seed96100002:epoch55,55,20,validation,96300003,anchor,-1.0,37592882.931171216,0.5252525252525253,23.0,0.011764705882352941,4b126522a5a475ff0eec8ae0dcbe7368c833452391bceae9849ad46654dd33a3
routing_abrupt_regime_shift,routing_abrupt_regime_shift:seed96100002:epoch55,55,20,validation,96300003,u_0.00,0.0,39604065.244809285,0.5252525252525253,26.0,0.015625,4b126522a5a475ff0eec8ae0dcbe7368c833452391bceae9849ad46654dd33a3
routing_abrupt_regime_shift,routing_abrupt_regime_shift:seed96100002:epoch55,55,20,validation,96300003,u_0.10,0.1,39710400.210047804,0.5252525252525253,26.0,0.014925373134328358,4b126522a5a475ff0eec8ae0dcbe7368c833452391bceae9849ad46654dd33a3
routing_abrupt_regime_shift,routing_abrupt_regime_shift:seed96100002:epoch55,55,20,validation,96300003,u_0.20,0.2,39749912.6738861,0.5252525252525253,26.0,0.014285714285714285,4b126522a5a475ff0eec8ae0dcbe7368c833452391bceae9849ad46654dd33a3
routing_abrupt_regime_shift,routing_abrupt_regime_shift:seed96100002:epoch55,55,20,validation,96300003,u_0.30,0.3,39551672.532308534,0.5252525252525253,26.0,0.012987012987012988,4b126522a5a475ff0eec8ae0dcbe7368c833452391bceae9849ad46654dd33a3
routing_abrupt_regime_shift,routing_abrupt_regime_shift:seed96100002:epoch55,55,20,validation,96300003,u_0.40,0.4,39578196.73442211,0.5252525252525253,26.0,0.0125,4b126522a5a475ff0eec8ae0dcbe7368c833452391bceae9849ad46654dd33a3
routing_abrupt_regime_shift,routing_abrupt_regime_shift:seed96100002:epoch55,55,20,validation,96300003,u_0.50,0.5,38626088.63724111,0.5252525252525253,25.0,0.010869565217391304,4b126522a5a475ff0eec8ae0dcbe7368c833452391bceae9849ad46654dd33a3
routing_abrupt_regime_shift,routing_abrupt_regime_shift:seed96100002:epoch55,55,20,validation,96300003,u_0.60,0.6,37600273.04076554,0.5252525252525253,23.0,0.010526315789473684,4b126522a5a475ff0eec8ae0dcbe7368c833452391bceae9849ad46654dd33a3
routing_abrupt_regime_shift,routing_abrupt_regime_shift:seed96100002:epoch55,55,20,validation,96300003,u_0.70,0.7,36946872.945369944,0.5252525252525253,22.0,0.00980392156862745,4b126522a5a475ff0eec8ae0dcbe7368c833452391bceae9849ad46654dd33a3
routing_abrupt_regime_shift,routing_abrupt_regime_shift:seed96100002:epoch55,55,20,validation,96300003,u_0.80,0.8,36816709.17145443,0.5252525252525253,22.0,0.00909090909090909,4b126522a5a475ff0eec8ae0dcbe7368c833452391bceae9849ad46654dd33a3
routing_abrupt_regime_shift,routing_abrupt_regime_shift:seed96100002:epoch55,55,20,validation,96300003,u_0.90,0.9,37011856.955945894,0.5252525252525253,22.0,0.008928571428571428,4b126522a5a475ff0eec8ae0dcbe7368c833452391bceae9849ad46654dd33a3
routing_abrupt_regime_shift,routing_abrupt_regime_shift:seed96100002:epoch55,55,20,validation,96300003,u_1.00,1.0,35577985.33761568,0.5252525252525253,20.0,0.008,4b126522a5a475ff0eec8ae0dcbe7368c833452391bceae9849ad46654dd33a3
routing_abrupt_regime_shift,routing_abrupt_regime_shift:seed96100002:epoch55,55,20,validation,96300004,anchor,-1.0,37592882.931171216,0.5252525252525253,23.0,0.011764705882352941,4b126522a5a475ff0eec8ae0dcbe7368c833452391bceae9849ad46654dd33a3
routing_abrupt_regime_shift,routing_abrupt_regime_shift:seed96100002:epoch55,55,20,validation,96300004,u_0.00,0.0,39604065.244809285,0.5252525252525253,26.0,0.015625,4b126522a5a475ff0eec8ae0dcbe7368c833452391bceae9849ad46654dd33a3
routing_abrupt_regime_shift,routing_abrupt_regime_shift:seed96100002:epoch55,55,20,validation,96300004,u_0.10,0.1,39710400.210047804,0.5252525252525253,26.0,0.014925373134328358,4b126522a5a475ff0eec8ae0dcbe7368c833452391bceae9849ad46654dd33a3
routing_abrupt_regime_shift,routing_abrupt_regime_shift:seed96100002:epoch55,55,20,validation,96300004,u_0.20,0.2,39749912.6738861,0.5252525252525253,26.0,0.014285714285714285,4b126522a5a475ff0eec8ae0dcbe7368c833452391bceae9849ad46654dd33a3
routing_abrupt_regime_shift,routing_abrupt_regime_shift:seed96100002:epoch55,55,20,validation,96300004,u_0.30,0.3,39551672.532308534,0.5252525252525253,26.0,0.012987012987012988,4b126522a5a475ff0eec8ae0dcbe7368c833452391bceae9849ad46654dd33a3
routing_abrupt_regime_shift,routing_abrupt_regime_shift:seed96100002:epoch55,55,20,validation,96300004,u_0.40,0.4,39578196.73442211,0.5252525252525253,26.0,0.0125,4b126522a5a475ff0eec8ae0dcbe7368c833452391bceae9849ad46654dd33a3
routing_abrupt_regime_shift,routing_abrupt_regime_shift:seed96100002:epoch55,55,20,validation,96300004,u_0.50,0.5,38626088.63724111,0.5252525252525253,25.0,0.010869565217391304,4b126522a5a475ff0eec8ae0dcbe7368c833452391bceae9849ad46654dd33a3
routing_abrupt_regime_shift,routing_abrupt_regime_shift:seed96100002:epoch55,55,20,validation,96300004,u_0.60,0.6,37600273.04076554,0.5252525252525253,23.0,0.010526315789473684,4b126522a5a475ff0eec8ae0dcbe7368c833452391bceae9849ad46654dd33a3
routing_abrupt_regime_shift,routing_abrupt_regime_shift:seed96100002:epoch55,55,20,validation,96300004,u_0.70,0.7,36946872.945369944,0.5252525252525253,22.0,0.00980392156862745,4b126522a5a475ff0eec8ae0dcbe7368c833452391bceae9849ad46654dd33a3
routing_abrupt_regime_shift,routing_abrupt_regime_shift:seed96100002:epoch55,55,20,validation,96300004,u_0.80,0.8,36816709.17145443,0.5252525252525253,22.0,0.00909090909090909,4b126522a5a475ff0eec8ae0dcbe7368c833452391bceae9849ad46654dd33a3
routing_abrupt_regime_shift,routing_abrupt_regime_shift:seed96100002:epoch55,55,20,validation,96300004,u_0.90,0.9,37011856.955945894,0.5252525252525253,22.0,0.008928571428571428,4b126522a5a475ff0eec8ae0dcbe7368c833452391bceae9849ad46654dd33a3
routing_abrupt_regime_shift,routing_abrupt_regime_shift:seed96100002:epoch55,55,20,validation,96300004,u_1.00,1.0,35577985.33761568,0.5252525252525253,20.0,0.008,4b126522a5a475ff0eec8ae0dcbe7368c833452391bceae9849ad46654dd33a3
routing_abrupt_regime_shift,routing_abrupt_regime_shift:seed96100002:epoch80,80,20,discovery,96200000,anchor,-1.0,46836688.282788485,0.7835051546391752,33.0,0.14285714285714285,4b126522a5a475ff0eec8ae0dcbe7368c833452391bceae9849ad46654dd33a3
routing_abrupt_regime_shift,routing_abrupt_regime_shift:seed96100002:epoch80,80,20,discovery,96200000,u_0.00,0.0,47779132.18241392,0.7835051546391752,34.0,0.20588235294117646,4b126522a5a475ff0eec8ae0dcbe7368c833452391bceae9849ad46654dd33a3
routing_abrupt_regime_shift,routing_abrupt_regime_shift:seed96100002:epoch80,80,20,discovery,96200000,u_0.10,0.1,47860467.17199933,0.7835051546391752,34.0,0.1891891891891892,4b126522a5a475ff0eec8ae0dcbe7368c833452391bceae9849ad46654dd33a3
routing_abrupt_regime_shift,routing_abrupt_regime_shift:seed96100002:epoch80,80,20,discovery,96200000,u_0.20,0.2,47844815.44167706,0.7835051546391752,34.0,0.17073170731707318,4b126522a5a475ff0eec8ae0dcbe7368c833452391bceae9849ad46654dd33a3
routing_abrupt_regime_shift,routing_abrupt_regime_shift:seed96100002:epoch80,80,20,discovery,96200000,u_0.30,0.3,47122009.07931675,0.7835051546391752,33.0,0.14893617021276595,4b126522a5a475ff0eec8ae0dcbe7368c833452391bceae9849ad46654dd33a3
routing_abrupt_regime_shift,routing_abrupt_regime_shift:seed96100002:epoch80,80,20,discovery,96200000,u_0.40,0.4,46548419.78143033,0.7835051546391752,32.0,0.13725490196078433,4b126522a5a475ff0eec8ae0dcbe7368c833452391bceae9849ad46654dd33a3
routing_abrupt_regime_shift,routing_abrupt_regime_shift:seed96100002:epoch80,80,20,discovery,96200000,u_0.50,0.5,46171425.18424933,0.7835051546391752,32.0,0.11290322580645161,4b126522a5a475ff0eec8ae0dcbe7368c833452391bceae9849ad46654dd33a3
routing_abrupt_regime_shift,routing_abrupt_regime_shift:seed96100002:epoch80,80,20,discovery,96200000,u_0.60,0.6,46195015.78777375,0.7835051546391752,32.0,0.10606060606060606,4b126522a5a475ff0eec8ae0dcbe7368c833452391bceae9849ad46654dd33a3
routing_abrupt_regime_shift,routing_abrupt_regime_shift:seed96100002:epoch80,80,20,discovery,96200000,u_0.70,0.7,46116729.19237816,0.7835051546391752,32.0,0.09722222222222222,4b126522a5a475ff0eec8ae0dcbe7368c833452391bceae9849ad46654dd33a3
routing_abrupt_regime_shift,routing_abrupt_regime_shift:seed96100002:epoch80,80,20,discovery,96200000,u_0.80,0.8,44836612.01846264,0.7835051546391752,30.0,0.08641975308641975,4b126522a5a475ff0eec8ae0dcbe7368c833452391bceae9849ad46654dd33a3
routing_abrupt_regime_shift,routing_abrupt_regime_shift:seed96100002:epoch80,80,20,discovery,96200000,u_0.90,0.9,45082033.40295412,0.7835051546391752,30.0,0.08536585365853659,4b126522a5a475ff0eec8ae0dcbe7368c833452391bceae9849ad46654dd33a3
routing_abrupt_regime_shift,routing_abrupt_regime_shift:seed96100002:epoch80,80,20,discovery,96200000,u_1.00,1.0,44122728.084623896,0.7835051546391752,29.0,0.07291666666666667,4b126522a5a475ff0eec8ae0dcbe7368c833452391bceae9849ad46654dd33a3
routing_abrupt_regime_shift,routing_abrupt_regime_shift:seed96100002:epoch80,80,20,discovery,96200001,anchor,-1.0,46836688.282788485,0.7835051546391752,33.0,0.14285714285714285,4b126522a5a475ff0eec8ae0dcbe7368c833452391bceae9849ad46654dd33a3
routing_abrupt_regime_shift,routing_abrupt_regime_shift:seed96100002:epoch80,80,20,discovery,96200001,u_0.00,0.0,47779132.18241392,0.7835051546391752,34.0,0.20588235294117646,4b126522a5a475ff0eec8ae0dcbe7368c833452391bceae9849ad46654dd33a3
routing_abrupt_regime_shift,routing_abrupt_regime_shift:seed96100002:epoch80,80,20,discovery,96200001,u_0.10,0.1,47860467.17199933,0.7835051546391752,34.0,0.1891891891891892,4b126522a5a475ff0eec8ae0dcbe7368c833452391bceae9849ad46654dd33a3
routing_abrupt_regime_shift,routing_abrupt_regime_shift:seed96100002:epoch80,80,20,discovery,96200001,u_0.20,0.2,47844815.44167706,0.7835051546391752,34.0,0.17073170731707318,4b126522a5a475ff0eec8ae0dcbe7368c833452391bceae9849ad46654dd33a3
routing_abrupt_regime_shift,routing_abrupt_regime_shift:seed96100002:epoch80,80,20,discovery,96200001,u_0.30,0.3,47122009.07931675,0.7835051546391752,33.0,0.14893617021276595,4b126522a5a475ff0eec8ae0dcbe7368c833452391bceae9849ad46654dd33a3
routing_abrupt_regime_shift,routing_abrupt_regime_shift:seed96100002:epoch80,80,20,discovery,96200001,u_0.40,0.4,46548419.78143033,0.7835051546391752,32.0,0.13725490196078433,4b126522a5a475ff0eec8ae0dcbe7368c833452391bceae9849ad46654dd33a3
routing_abrupt_regime_shift,routing_abrupt_regime_shift:seed96100002:epoch80,80,20,discovery,96200001,u_0.50,0.5,46171425.18424933,0.7835051546391752,32.0,0.11290322580645161,4b126522a5a475ff0eec8ae0dcbe7368c833452391bceae9849ad46654dd33a3
routing_abrupt_regime_shift,routing_abrupt_regime_shift:seed96100002:epoch80,80,20,discovery,96200001,u_0.60,0.6,46195015.78777375,0.7835051546391752,32.0,0.10606060606060606,4b126522a5a475ff0eec8ae0dcbe7368c833452391bceae9849ad46654dd33a3
routing_abrupt_regime_shift,routing_abrupt_regime_shift:seed96100002:epoch80,80,20,discovery,96200001,u_0.70,0.7,46116729.19237816,0.7835051546391752,32.0,0.09722222222222222,4b126522a5a475ff0eec8ae0dcbe7368c833452391bceae9849ad46654dd33a3
routing_abrupt_regime_shift,routing_abrupt_regime_shift:seed96100002:epoch80,80,20,discovery,96200001,u_0.80,0.8,44836612.01846264,0.7835051546391752,30.0,0.08641975308641975,4b126522a5a475ff0eec8ae0dcbe7368c833452391bceae9849ad46654dd33a3
routing_abrupt_regime_shift,routing_abrupt_regime_shift:seed96100002:epoch80,80,20,discovery,96200001,u_0.90,0.9,45082033.40295412,0.7835051546391752,30.0,0.08536585365853659,4b126522a5a475ff0eec8ae0dcbe7368c833452391bceae9849ad46654dd33a3
routing_abrupt_regime_shift,routing_abrupt_regime_shift:seed96100002:epoch80,80,20,discovery,96200001,u_1.00,1.0,44122728.084623896,0.7835051546391752,29.0,0.07291666666666667,4b126522a5a475ff0eec8ae0dcbe7368c833452391bceae9849ad46654dd33a3
routing_abrupt_regime_shift,routing_abrupt_regime_shift:seed96100002:epoch80,80,20,discovery,96200002,anchor,-1.0,46836688.282788485,0.7835051546391752,33.0,0.14285714285714285,4b126522a5a475ff0eec8ae0dcbe7368c833452391bceae9849ad46654dd33a3
routing_abrupt_regime_shift,routing_abrupt_regime_shift:seed96100002:epoch80,80,20,discovery,96200002,u_0.00,0.0,47779132.18241392,0.7835051546391752,34.0,0.20588235294117646,4b126522a5a475ff0eec8ae0dcbe7368c833452391bceae9849ad46654dd33a3
routing_abrupt_regime_shift,routing_abrupt_regime_shift:seed96100002:epoch80,80,20,discovery,96200002,u_0.10,0.1,47860467.17199933,0.7835051546391752,34.0,0.1891891891891892,4b126522a5a475ff0eec8ae0dcbe7368c833452391bceae9849ad46654dd33a3
routing_abrupt_regime_shift,routing_abrupt_regime_shift:seed96100002:epoch80,80,20,discovery,96200002,u_0.20,0.2,47844815.44167706,0.7835051546391752,34.0,0.17073170731707318,4b126522a5a475ff0eec8ae0dcbe7368c833452391bceae9849ad46654dd33a3
routing_abrupt_regime_shift,routing_abrupt_regime_shift:seed96100002:epoch80,80,20,discovery,96200002,u_0.30,0.3,47122009.07931675,0.7835051546391752,33.0,0.14893617021276595,4b126522a5a475ff0eec8ae0dcbe7368c833452391bceae9849ad46654dd33a3
routing_abrupt_regime_shift,routing_abrupt_regime_shift:seed96100002:epoch80,80,20,discovery,96200002,u_0.40,0.4,46548419.78143033,0.7835051546391752,32.0,0.13725490196078433,4b126522a5a475ff0eec8ae0dcbe7368c833452391bceae9849ad46654dd33a3
routing_abrupt_regime_shift,routing_abrupt_regime_shift:seed96100002:epoch80,80,20,discovery,96200002,u_0.50,0.5,46171425.18424933,0.7835051546391752,32.0,0.11290322580645161,4b126522a5a475ff0eec8ae0dcbe7368c833452391bceae9849ad46654dd33a3
routing_abrupt_regime_shift,routing_abrupt_regime_shift:seed96100002:epoch80,80,20,discovery,96200002,u_0.60,0.6,46195015.78777375,0.7835051546391752,32.0,0.10606060606060606,4b126522a5a475ff0eec8ae0dcbe7368c833452391bceae9849ad46654dd33a3
routing_abrupt_regime_shift,routing_abrupt_regime_shift:seed96100002:epoch80,80,20,discovery,96200002,u_0.70,0.7,46116729.19237816,0.7835051546391752,32.0,0.09722222222222222,4b126522a5a475ff0eec8ae0dcbe7368c833452391bceae9849ad46654dd33a3
routing_abrupt_regime_shift,routing_abrupt_regime_shift:seed96100002:epoch80,80,20,discovery,96200002,u_0.80,0.8,44836612.01846264,0.7835051546391752,30.0,0.08641975308641975,4b126522a5a475ff0eec8ae0dcbe7368c833452391bceae9849ad46654dd33a3
routing_abrupt_regime_shift,routing_abrupt_regime_shift:seed96100002:epoch80,80,20,discovery,96200002,u_0.90,0.9,45082033.40295412,0.7835051546391752,30.0,0.08536585365853659,4b126522a5a475ff0eec8ae0dcbe7368c833452391bceae9849ad46654dd33a3
routing_abrupt_regime_shift,routing_abrupt_regime_shift:seed96100002:epoch80,80,20,discovery,96200002,u_1.00,1.0,44122728.084623896,0.7835051546391752,29.0,0.07291666666666667,4b126522a5a475ff0eec8ae0dcbe7368c833452391bceae9849ad46654dd33a3
routing_abrupt_regime_shift,routing_abrupt_regime_shift:seed96100002:epoch80,80,20,validation,96300000,anchor,-1.0,46836688.282788485,0.7835051546391752,33.0,0.14285714285714285,4b126522a5a475ff0eec8ae0dcbe7368c833452391bceae9849ad46654dd33a3
routing_abrupt_regime_shift,routing_abrupt_regime_shift:seed96100002:epoch80,80,20,validation,96300000,u_0.00,0.0,47779132.18241392,0.7835051546391752,34.0,0.20588235294117646,4b126522a5a475ff0eec8ae0dcbe7368c833452391bceae9849ad46654dd33a3
routing_abrupt_regime_shift,routing_abrupt_regime_shift:seed96100002:epoch80,80,20,validation,96300000,u_0.10,0.1,47860467.17199933,0.7835051546391752,34.0,0.1891891891891892,4b126522a5a475ff0eec8ae0dcbe7368c833452391bceae9849ad46654dd33a3
routing_abrupt_regime_shift,routing_abrupt_regime_shift:seed96100002:epoch80,80,20,validation,96300000,u_0.20,0.2,47844815.44167706,0.7835051546391752,34.0,0.17073170731707318,4b126522a5a475ff0eec8ae0dcbe7368c833452391bceae9849ad46654dd33a3
routing_abrupt_regime_shift,routing_abrupt_regime_shift:seed96100002:epoch80,80,20,validation,96300000,u_0.30,0.3,47122009.07931675,0.7835051546391752,33.0,0.14893617021276595,4b126522a5a475ff0eec8ae0dcbe7368c833452391bceae9849ad46654dd33a3
routing_abrupt_regime_shift,routing_abrupt_regime_shift:seed96100002:epoch80,80,20,validation,96300000,u_0.40,0.4,46548419.78143033,0.7835051546391752,32.0,0.13725490196078433,4b126522a5a475ff0eec8ae0dcbe7368c833452391bceae9849ad46654dd33a3
routing_abrupt_regime_shift,routing_abrupt_regime_shift:seed96100002:epoch80,80,20,validation,96300000,u_0.50,0.5,46171425.18424933,0.7835051546391752,32.0,0.11290322580645161,4b126522a5a475ff0eec8ae0dcbe7368c833452391bceae9849ad46654dd33a3
routing_abrupt_regime_shift,routing_abrupt_regime_shift:seed96100002:epoch80,80,20,validation,96300000,u_0.60,0.6,46195015.78777375,0.7835051546391752,32.0,0.10606060606060606,4b126522a5a475ff0eec8ae0dcbe7368c833452391bceae9849ad46654dd33a3
routing_abrupt_regime_shift,routing_abrupt_regime_shift:seed96100002:epoch80,80,20,validation,96300000,u_0.70,0.7,46116729.19237816,0.7835051546391752,32.0,0.09722222222222222,4b126522a5a475ff0eec8ae0dcbe7368c833452391bceae9849ad46654dd33a3
routing_abrupt_regime_shift,routing_abrupt_regime_shift:seed96100002:epoch80,80,20,validation,96300000,u_0.80,0.8,44836612.01846264,0.7835051546391752,30.0,0.08641975308641975,4b126522a5a475ff0eec8ae0dcbe7368c833452391bceae9849ad46654dd33a3
routing_abrupt_regime_shift,routing_abrupt_regime_shift:seed96100002:epoch80,80,20,validation,96300000,u_0.90,0.9,45082033.40295412,0.7835051546391752,30.0,0.08536585365853659,4b126522a5a475ff0eec8ae0dcbe7368c833452391bceae9849ad46654dd33a3
routing_abrupt_regime_shift,routing_abrupt_regime_shift:seed96100002:epoch80,80,20,validation,96300000,u_1.00,1.0,44122728.084623896,0.7835051546391752,29.0,0.07291666666666667,4b126522a5a475ff0eec8ae0dcbe7368c833452391bceae9849ad46654dd33a3
routing_abrupt_regime_shift,routing_abrupt_regime_shift:seed96100002:epoch80,80,20,validation,96300001,anchor,-1.0,46836688.282788485,0.7835051546391752,33.0,0.14285714285714285,4b126522a5a475ff0eec8ae0dcbe7368c833452391bceae9849ad46654dd33a3
routing_abrupt_regime_shift,routing_abrupt_regime_shift:seed96100002:epoch80,80,20,validation,96300001,u_0.00,0.0,47779132.18241392,0.7835051546391752,34.0,0.20588235294117646,4b126522a5a475ff0eec8ae0dcbe7368c833452391bceae9849ad46654dd33a3
routing_abrupt_regime_shift,routing_abrupt_regime_shift:seed96100002:epoch80,80,20,validation,96300001,u_0.10,0.1,47860467.17199933,0.7835051546391752,34.0,0.1891891891891892,4b126522a5a475ff0eec8ae0dcbe7368c833452391bceae9849ad46654dd33a3
routing_abrupt_regime_shift,routing_abrupt_regime_shift:seed96100002:epoch80,80,20,validation,96300001,u_0.20,0.2,47844815.44167706,0.7835051546391752,34.0,0.17073170731707318,4b126522a5a475ff0eec8ae0dcbe7368c833452391bceae9849ad46654dd33a3
routing_abrupt_regime_shift,routing_abrupt_regime_shift:seed96100002:epoch80,80,20,validation,96300001,u_0.30,0.3,47122009.07931675,0.7835051546391752,33.0,0.14893617021276595,4b126522a5a475ff0eec8ae0dcbe7368c833452391bceae9849ad46654dd33a3
routing_abrupt_regime_shift,routing_abrupt_regime_shift:seed96100002:epoch80,80,20,validation,96300001,u_0.40,0.4,46548419.78143033,0.7835051546391752,32.0,0.13725490196078433,4b126522a5a475ff0eec8ae0dcbe7368c833452391bceae9849ad46654dd33a3
routing_abrupt_regime_shift,routing_abrupt_regime_shift:seed96100002:epoch80,80,20,validation,96300001,u_0.50,0.5,46171425.18424933,0.7835051546391752,32.0,0.11290322580645161,4b126522a5a475ff0eec8ae0dcbe7368c833452391bceae9849ad46654dd33a3
routing_abrupt_regime_shift,routing_abrupt_regime_shift:seed96100002:epoch80,80,20,validation,96300001,u_0.60,0.6,46195015.78777375,0.7835051546391752,32.0,0.10606060606060606,4b126522a5a475ff0eec8ae0dcbe7368c833452391bceae9849ad46654dd33a3
routing_abrupt_regime_shift,routing_abrupt_regime_shift:seed96100002:epoch80,80,20,validation,96300001,u_0.70,0.7,46116729.19237816,0.7835051546391752,32.0,0.09722222222222222,4b126522a5a475ff0eec8ae0dcbe7368c833452391bceae9849ad46654dd33a3
routing_abrupt_regime_shift,routing_abrupt_regime_shift:seed96100002:epoch80,80,20,validation,96300001,u_0.80,0.8,44836612.01846264,0.7835051546391752,30.0,0.08641975308641975,4b126522a5a475ff0eec8ae0dcbe7368c833452391bceae9849ad46654dd33a3
routing_abrupt_regime_shift,routing_abrupt_regime_shift:seed96100002:epoch80,80,20,validation,96300001,u_0.90,0.9,45082033.40295412,0.7835051546391752,30.0,0.08536585365853659,4b126522a5a475ff0eec8ae0dcbe7368c833452391bceae9849ad46654dd33a3
routing_abrupt_regime_shift,routing_abrupt_regime_shift:seed96100002:epoch80,80,20,validation,96300001,u_1.00,1.0,44122728.084623896,0.7835051546391752,29.0,0.07291666666666667,4b126522a5a475ff0eec8ae0dcbe7368c833452391bceae9849ad46654dd33a3
routing_abrupt_regime_shift,routing_abrupt_regime_shift:seed96100002:epoch80,80,20,validation,96300002,anchor,-1.0,46836688.282788485,0.7835051546391752,33.0,0.14285714285714285,4b126522a5a475ff0eec8ae0dcbe7368c833452391bceae9849ad46654dd33a3
routing_abrupt_regime_shift,routing_abrupt_regime_shift:seed96100002:epoch80,80,20,validation,96300002,u_0.00,0.0,47779132.18241392,0.7835051546391752,34.0,0.20588235294117646,4b126522a5a475ff0eec8ae0dcbe7368c833452391bceae9849ad46654dd33a3
routing_abrupt_regime_shift,routing_abrupt_regime_shift:seed96100002:epoch80,80,20,validation,96300002,u_0.10,0.1,47860467.17199933,0.7835051546391752,34.0,0.1891891891891892,4b126522a5a475ff0eec8ae0dcbe7368c833452391bceae9849ad46654dd33a3
routing_abrupt_regime_shift,routing_abrupt_regime_shift:seed96100002:epoch80,80,20,validation,96300002,u_0.20,0.2,47844815.44167706,0.7835051546391752,34.0,0.17073170731707318,4b126522a5a475ff0eec8ae0dcbe7368c833452391bceae9849ad46654dd33a3
routing_abrupt_regime_shift,routing_abrupt_regime_shift:seed96100002:epoch80,80,20,validation,96300002,u_0.30,0.3,47122009.07931675,0.7835051546391752,33.0,0.14893617021276595,4b126522a5a475ff0eec8ae0dcbe7368c833452391bceae9849ad46654dd33a3
routing_abrupt_regime_shift,routing_abrupt_regime_shift:seed96100002:epoch80,80,20,validation,96300002,u_0.40,0.4,46548419.78143033,0.7835051546391752,32.0,0.13725490196078433,4b126522a5a475ff0eec8ae0dcbe7368c833452391bceae9849ad46654dd33a3
routing_abrupt_regime_shift,routing_abrupt_regime_shift:seed96100002:epoch80,80,20,validation,96300002,u_0.50,0.5,46171425.18424933,0.7835051546391752,32.0,0.11290322580645161,4b126522a5a475ff0eec8ae0dcbe7368c833452391bceae9849ad46654dd33a3
routing_abrupt_regime_shift,routing_abrupt_regime_shift:seed96100002:epoch80,80,20,validation,96300002,u_0.60,0.6,46195015.78777375,0.7835051546391752,32.0,0.10606060606060606,4b126522a5a475ff0eec8ae0dcbe7368c833452391bceae9849ad46654dd33a3
routing_abrupt_regime_shift,routing_abrupt_regime_shift:seed96100002:epoch80,80,20,validation,96300002,u_0.70,0.7,46116729.19237816,0.7835051546391752,32.0,0.09722222222222222,4b126522a5a475ff0eec8ae0dcbe7368c833452391bceae9849ad46654dd33a3
routing_abrupt_regime_shift,routing_abrupt_regime_shift:seed96100002:epoch80,80,20,validation,96300002,u_0.80,0.8,44836612.01846264,0.7835051546391752,30.0,0.08641975308641975,4b126522a5a475ff0eec8ae0dcbe7368c833452391bceae9849ad46654dd33a3
routing_abrupt_regime_shift,routing_abrupt_regime_shift:seed96100002:epoch80,80,20,validation,96300002,u_0.90,0.9,45082033.40295412,0.7835051546391752,30.0,0.08536585365853659,4b126522a5a475ff0eec8ae0dcbe7368c833452391bceae9849ad46654dd33a3
routing_abrupt_regime_shift,routing_abrupt_regime_shift:seed96100002:epoch80,80,20,validation,96300002,u_1.00,1.0,44122728.084623896,0.7835051546391752,29.0,0.07291666666666667,4b126522a5a475ff0eec8ae0dcbe7368c833452391bceae9849ad46654dd33a3
routing_abrupt_regime_shift,routing_abrupt_regime_shift:seed96100002:epoch80,80,20,validation,96300003,anchor,-1.0,46836688.282788485,0.7835051546391752,33.0,0.14285714285714285,4b126522a5a475ff0eec8ae0dcbe7368c833452391bceae9849ad46654dd33a3
routing_abrupt_regime_shift,routing_abrupt_regime_shift:seed96100002:epoch80,80,20,validation,96300003,u_0.00,0.0,47779132.18241392,0.7835051546391752,34.0,0.20588235294117646,4b126522a5a475ff0eec8ae0dcbe7368c833452391bceae9849ad46654dd33a3
routing_abrupt_regime_shift,routing_abrupt_regime_shift:seed96100002:epoch80,80,20,validation,96300003,u_0.10,0.1,47860467.17199933,0.7835051546391752,34.0,0.1891891891891892,4b126522a5a475ff0eec8ae0dcbe7368c833452391bceae9849ad46654dd33a3
routing_abrupt_regime_shift,routing_abrupt_regime_shift:seed96100002:epoch80,80,20,validation,96300003,u_0.20,0.2,47844815.44167706,0.7835051546391752,34.0,0.17073170731707318,4b126522a5a475ff0eec8ae0dcbe7368c833452391bceae9849ad46654dd33a3
routing_abrupt_regime_shift,routing_abrupt_regime_shift:seed96100002:epoch80,80,20,validation,96300003,u_0.30,0.3,47122009.07931675,0.7835051546391752,33.0,0.14893617021276595,4b126522a5a475ff0eec8ae0dcbe7368c833452391bceae9849ad46654dd33a3
routing_abrupt_regime_shift,routing_abrupt_regime_shift:seed96100002:epoch80,80,20,validation,96300003,u_0.40,0.4,46548419.78143033,0.7835051546391752,32.0,0.13725490196078433,4b126522a5a475ff0eec8ae0dcbe7368c833452391bceae9849ad46654dd33a3
routing_abrupt_regime_shift,routing_abrupt_regime_shift:seed96100002:epoch80,80,20,validation,96300003,u_0.50,0.5,46171425.18424933,0.7835051546391752,32.0,0.11290322580645161,4b126522a5a475ff0eec8ae0dcbe7368c833452391bceae9849ad46654dd33a3
routing_abrupt_regime_shift,routing_abrupt_regime_shift:seed96100002:epoch80,80,20,validation,96300003,u_0.60,0.6,46195015.78777375,0.7835051546391752,32.0,0.10606060606060606,4b126522a5a475ff0eec8ae0dcbe7368c833452391bceae9849ad46654dd33a3
routing_abrupt_regime_shift,routing_abrupt_regime_shift:seed96100002:epoch80,80,20,validation,96300003,u_0.70,0.7,46116729.19237816,0.7835051546391752,32.0,0.09722222222222222,4b126522a5a475ff0eec8ae0dcbe7368c833452391bceae9849ad46654dd33a3
routing_abrupt_regime_shift,routing_abrupt_regime_shift:seed96100002:epoch80,80,20,validation,96300003,u_0.80,0.8,44836612.01846264,0.7835051546391752,30.0,0.08641975308641975,4b126522a5a475ff0eec8ae0dcbe7368c833452391bceae9849ad46654dd33a3
routing_abrupt_regime_shift,routing_abrupt_regime_shift:seed96100002:epoch80,80,20,validation,96300003,u_0.90,0.9,45082033.40295412,0.7835051546391752,30.0,0.08536585365853659,4b126522a5a475ff0eec8ae0dcbe7368c833452391bceae9849ad46654dd33a3
routing_abrupt_regime_shift,routing_abrupt_regime_shift:seed96100002:epoch80,80,20,validation,96300003,u_1.00,1.0,44122728.084623896,0.7835051546391752,29.0,0.07291666666666667,4b126522a5a475ff0eec8ae0dcbe7368c833452391bceae9849ad46654dd33a3
routing_abrupt_regime_shift,routing_abrupt_regime_shift:seed96100002:epoch80,80,20,validation,96300004,anchor,-1.0,46836688.282788485,0.7835051546391752,33.0,0.14285714285714285,4b126522a5a475ff0eec8ae0dcbe7368c833452391bceae9849ad46654dd33a3
routing_abrupt_regime_shift,routing_abrupt_regime_shift:seed96100002:epoch80,80,20,validation,96300004,u_0.00,0.0,47779132.18241392,0.7835051546391752,34.0,0.20588235294117646,4b126522a5a475ff0eec8ae0dcbe7368c833452391bceae9849ad46654dd33a3
routing_abrupt_regime_shift,routing_abrupt_regime_shift:seed96100002:epoch80,80,20,validation,96300004,u_0.10,0.1,47860467.17199933,0.7835051546391752,34.0,0.1891891891891892,4b126522a5a475ff0eec8ae0dcbe7368c833452391bceae9849ad46654dd33a3
routing_abrupt_regime_shift,routing_abrupt_regime_shift:seed96100002:epoch80,80,20,validation,96300004,u_0.20,0.2,47844815.44167706,0.7835051546391752,34.0,0.17073170731707318,4b126522a5a475ff0eec8ae0dcbe7368c833452391bceae9849ad46654dd33a3
routing_abrupt_regime_shift,routing_abrupt_regime_shift:seed96100002:epoch80,80,20,validation,96300004,u_0.30,0.3,47122009.07931675,0.7835051546391752,33.0,0.14893617021276595,4b126522a5a475ff0eec8ae0dcbe7368c833452391bceae9849ad46654dd33a3
routing_abrupt_regime_shift,routing_abrupt_regime_shift:seed96100002:epoch80,80,20,validation,96300004,u_0.40,0.4,46548419.78143033,0.7835051546391752,32.0,0.13725490196078433,4b126522a5a475ff0eec8ae0dcbe7368c833452391bceae9849ad46654dd33a3
routing_abrupt_regime_shift,routing_abrupt_regime_shift:seed96100002:epoch80,80,20,validation,96300004,u_0.50,0.5,46171425.18424933,0.7835051546391752,32.0,0.11290322580645161,4b126522a5a475ff0eec8ae0dcbe7368c833452391bceae9849ad46654dd33a3
routing_abrupt_regime_shift,routing_abrupt_regime_shift:seed96100002:epoch80,80,20,validation,96300004,u_0.60,0.6,46195015.78777375,0.7835051546391752,32.0,0.10606060606060606,4b126522a5a475ff0eec8ae0dcbe7368c833452391bceae9849ad46654dd33a3
routing_abrupt_regime_shift,routing_abrupt_regime_shift:seed96100002:epoch80,80,20,validation,96300004,u_0.70,0.7,46116729.19237816,0.7835051546391752,32.0,0.09722222222222222,4b126522a5a475ff0eec8ae0dcbe7368c833452391bceae9849ad46654dd33a3
routing_abrupt_regime_shift,routing_abrupt_regime_shift:seed96100002:epoch80,80,20,validation,96300004,u_0.80,0.8,44836612.01846264,0.7835051546391752,30.0,0.08641975308641975,4b126522a5a475ff0eec8ae0dcbe7368c833452391bceae9849ad46654dd33a3
routing_abrupt_regime_shift,routing_abrupt_regime_shift:seed96100002:epoch80,80,20,validation,96300004,u_0.90,0.9,45082033.40295412,0.7835051546391752,30.0,0.08536585365853659,4b126522a5a475ff0eec8ae0dcbe7368c833452391bceae9849ad46654dd33a3
routing_abrupt_regime_shift,routing_abrupt_regime_shift:seed96100002:epoch80,80,20,validation,96300004,u_1.00,1.0,44122728.084623896,0.7835051546391752,29.0,0.07291666666666667,4b126522a5a475ff0eec8ae0dcbe7368c833452391bceae9849ad46654dd33a3
routing_compound_regional_stress,routing_compound_regional_stress:seed96100000:epoch30,30,17,discovery,96200000,anchor,-1.0,1972110330.7693188,0.43034238488783944,1815.0,0.11296296296296296,15d54a77fbbb18b504d3c92ecaa2531057adacb078a22dd18968196c3c0975ee
routing_compound_regional_stress,routing_compound_regional_stress:seed96100000:epoch30,30,17,discovery,96200000,u_0.00,0.0,1969439561.9496403,0.4309327036599764,1816.0,0.11405672009864365,15d54a77fbbb18b504d3c92ecaa2531057adacb078a22dd18968196c3c0975ee
routing_compound_regional_stress,routing_compound_regional_stress:seed96100000:epoch30,30,17,discovery,96200000,u_0.10,0.1,1964229727.5767019,0.4318181818181818,1810.0,0.11193111931119311,15d54a77fbbb18b504d3c92ecaa2531057adacb078a22dd18968196c3c0975ee
routing_compound_regional_stress,routing_compound_regional_stress:seed96100000:epoch30,30,17,discovery,96200000,u_0.20,0.2,1963750680.0275466,0.43211334120425027,1809.0,0.11186232329440689,15d54a77fbbb18b504d3c92ecaa2531057adacb078a22dd18968196c3c0975ee
routing_compound_regional_stress,routing_compound_regional_stress:seed96100000:epoch30,30,17,discovery,96200000,u_0.30,0.3,1978821856.9431055,0.4279811097992916,1821.0,0.11428571428571428,15d54a77fbbb18b504d3c92ecaa2531057adacb078a22dd18968196c3c0975ee
routing_compound_regional_stress,routing_compound_regional_stress:seed96100000:epoch30,30,17,discovery,96200000,u_0.40,0.4,1978882405.7481492,0.4279811097992916,1821.0,0.11428571428571428,15d54a77fbbb18b504d3c92ecaa2531057adacb078a22dd18968196c3c0975ee
routing_compound_regional_stress,routing_compound_regional_stress:seed96100000:epoch30,30,17,discovery,96200000,u_0.50,0.5,1968771841.3492162,0.4312278630460449,1812.0,0.10877626699629171,15d54a77fbbb18b504d3c92ecaa2531057adacb078a22dd18968196c3c0975ee
routing_compound_regional_stress,routing_compound_regional_stress:seed96100000:epoch30,30,17,discovery,96200000,u_0.60,0.6,1973279674.992946,0.42768595041322316,1816.0,0.11152416356877323,15d54a77fbbb18b504d3c92ecaa2531057adacb078a22dd18968196c3c0975ee
routing_compound_regional_stress,routing_compound_regional_stress:seed96100000:epoch30,30,17,discovery,96200000,u_0.70,0.7,1970756772.2798476,0.42886658795749705,1813.0,0.11131725417439703,15d54a77fbbb18b504d3c92ecaa2531057adacb078a22dd18968196c3c0975ee
routing_compound_regional_stress,routing_compound_regional_stress:seed96100000:epoch30,30,17,discovery,96200000,u_0.80,0.8,1956444548.9882047,0.436245572609209,1796.0,0.10633066994468347,15d54a77fbbb18b504d3c92ecaa2531057adacb078a22dd18968196c3c0975ee
routing_compound_regional_stress,routing_compound_regional_stress:seed96100000:epoch30,30,17,discovery,96200000,u_0.90,0.9,1956659891.9768674,0.436245572609209,1796.0,0.10633066994468347,15d54a77fbbb18b504d3c92ecaa2531057adacb078a22dd18968196c3c0975ee
routing_compound_regional_stress,routing_compound_regional_stress:seed96100000:epoch30,30,17,discovery,96200000,u_1.00,1.0,1962663908.60704,0.4359504132231405,1800.0,0.10995085995085994,15d54a77fbbb18b504d3c92ecaa2531057adacb078a22dd18968196c3c0975ee
routing_compound_regional_stress,routing_compound_regional_stress:seed96100000:epoch30,30,17,discovery,96200001,anchor,-1.0,1921669336.9785652,0.43224648519294046,1738.0,0.11359404096834265,15d54a77fbbb18b504d3c92ecaa2531057adacb078a22dd18968196c3c0975ee
routing_compound_regional_stress,routing_compound_regional_stress:seed96100000:epoch30,30,17,discovery,96200001,u_0.00,0.0,1940583447.1060784,0.42327250972180674,1768.0,0.12335629304946776,15d54a77fbbb18b504d3c92ecaa2531057adacb078a22dd18968196c3c0975ee
routing_compound_regional_stress,routing_compound_regional_stress:seed96100000:epoch30,30,17,discovery,96200001,u_0.10,0.1,1934938685.7718892,0.4259647023631469,1757.0,0.12204234122042341,15d54a77fbbb18b504d3c92ecaa2531057adacb078a22dd18968196c3c0975ee
routing_compound_regional_stress,routing_compound_regional_stress:seed96100000:epoch30,30,17,discovery,96200001,u_0.20,0.2,1934547449.133252,0.42626383487885133,1756.0,0.12196639701306783,15d54a77fbbb18b504d3c92ecaa2531057adacb078a22dd18968196c3c0975ee
routing_compound_regional_stress,routing_compound_regional_stress:seed96100000:epoch30,30,17,discovery,96200001,u_0.30,0.3,1932372951.5776954,0.4265629673945558,1757.0,0.11980136561142148,15d54a77fbbb18b504d3c92ecaa2531057adacb078a22dd18968196c3c0975ee
routing_compound_regional_stress,routing_compound_regional_stress:seed96100000:epoch30,30,17,discovery,96200001,u_0.40,0.4,1932337683.778059,0.4265629673945558,1757.0,0.11980136561142148,15d54a77fbbb18b504d3c92ecaa2531057adacb078a22dd18968196c3c0975ee
routing_compound_regional_stress,routing_compound_regional_stress:seed96100000:epoch30,30,17,discovery,96200001,u_0.50,0.5,1927754193.8292334,0.4277594974573736,1750.0,0.11793916821849783,15d54a77fbbb18b504d3c92ecaa2531057adacb078a22dd18968196c3c0975ee
routing_compound_regional_stress,routing_compound_regional_stress:seed96100000:epoch30,30,17,discovery,96200001,u_0.60,0.6,1927621894.8299344,0.4277594974573736,1750.0,0.11793916821849783,15d54a77fbbb18b504d3c92ecaa2531057adacb078a22dd18968196c3c0975ee
routing_compound_regional_stress,routing_compound_regional_stress:seed96100000:epoch30,30,17,discovery,96200001,u_0.70,0.7,1926739709.4132059,0.42835776248878255,1748.0,0.11965282083075016,15d54a77fbbb18b504d3c92ecaa2531057adacb078a22dd18968196c3c0975ee
routing_compound_regional_stress,routing_compound_regional_stress:seed96100000:epoch30,30,17,discovery,96200001,u_0.80,0.8,1925664441.6500902,0.42985342506730484,1746.0,0.11903285802851829,15d54a77fbbb18b504d3c92ecaa2531057adacb078a22dd18968196c3c0975ee
routing_compound_regional_stress,routing_compound_regional_stress:seed96100000:epoch30,30,17,discovery,96200001,u_0.90,0.9,1925879784.6387532,0.42985342506730484,1746.0,0.11903285802851829,15d54a77fbbb18b504d3c92ecaa2531057adacb078a22dd18968196c3c0975ee
routing_compound_regional_stress,routing_compound_regional_stress:seed96100000:epoch30,30,17,discovery,96200001,u_1.00,1.0,1914943283.9978755,0.43374214777146275,1732.0,0.11583487369069624,15d54a77fbbb18b504d3c92ecaa2531057adacb078a22dd18968196c3c0975ee
routing_compound_regional_stress,routing_compound_regional_stress:seed96100000:epoch30,30,17,discovery,96200002,anchor,-1.0,2045963192.255815,0.4261805140466228,1946.0,0.13357619914996965,15d54a77fbbb18b504d3c92ecaa2531057adacb078a22dd18968196c3c0975ee
routing_compound_regional_stress,routing_compound_regional_stress:seed96100000:epoch30,30,17,discovery,96200002,u_0.00,0.0,2057169473.323428,0.42139868499701133,1964.0,0.13691931540342298,15d54a77fbbb18b504d3c92ecaa2531057adacb078a22dd18968196c3c0975ee
routing_compound_regional_stress,routing_compound_regional_stress:seed96100000:epoch30,30,17,discovery,96200002,u_0.10,0.1,2054724791.610374,0.4219964136282128,1961.0,0.1363080684596577,15d54a77fbbb18b504d3c92ecaa2531057adacb078a22dd18968196c3c0975ee
routing_compound_regional_stress,routing_compound_regional_stress:seed96100000:epoch30,30,17,discovery,96200002,u_0.20,0.2,2054324717.13457,0.4222952779438135,1960.0,0.13622480146609653,15d54a77fbbb18b504d3c92ecaa2531057adacb078a22dd18968196c3c0975ee
routing_compound_regional_stress,routing_compound_regional_stress:seed96100000:epoch30,30,17,discovery,96200002,u_0.30,0.3,2056671155.8427293,0.42289300657501494,1961.0,0.13733905579399142,15d54a77fbbb18b504d3c92ecaa2531057adacb078a22dd18968196c3c0975ee
routing_compound_regional_stress,routing_compound_regional_stress:seed96100000:epoch30,30,17,discovery,96200002,u_0.40,0.4,2062612026.1364326,0.42139868499701133,1968.0,0.1387354205033763,15d54a77fbbb18b504d3c92ecaa2531057adacb078a22dd18968196c3c0975ee
routing_compound_regional_stress,routing_compound_regional_stress:seed96100000:epoch30,30,17,discovery,96200002,u_0.50,0.5,2049093277.584858,0.42647937836222355,1947.0,0.1366120218579235,15d54a77fbbb18b504d3c92ecaa2531057adacb078a22dd18968196c3c0975ee
routing_compound_regional_stress,routing_compound_regional_stress:seed96100000:epoch30,30,17,discovery,96200002,u_0.60,0.6,2046047704.8553522,0.42916915720263,1947.0,0.1358695652173913,15d54a77fbbb18b504d3c92ecaa2531057adacb078a22dd18968196c3c0975ee
routing_compound_regional_stress,routing_compound_regional_stress:seed96100000:epoch30,30,17,discovery,96200002,u_0.70,0.7,2043049102.3708086,0.4303646144650329,1944.0,0.13510253317249699,15d54a77fbbb18b504d3c92ecaa2531057adacb078a22dd18968196c3c0975ee
routing_compound_regional_stress,routing_compound_regional_stress:seed96100000:epoch30,30,17,discovery,96200002,u_0.80,0.8,2041818761.6109257,0.43156007172743577,1939.0,0.13458056729028364,15d54a77fbbb18b504d3c92ecaa2531057adacb078a22dd18968196c3c0975ee
routing_compound_regional_stress,routing_compound_regional_stress:seed96100000:epoch30,30,17,discovery,96200002,u_0.90,0.9,2042034104.5995884,0.43156007172743577,1939.0,0.13458056729028364,15d54a77fbbb18b504d3c92ecaa2531057adacb078a22dd18968196c3c0975ee
routing_compound_regional_stress,routing_compound_regional_stress:seed96100000:epoch30,30,17,discovery,96200002,u_1.00,1.0,2041159840.4158883,0.43156007172743577,1938.0,0.13143549364021806,15d54a77fbbb18b504d3c92ecaa2531057adacb078a22dd18968196c3c0975ee
routing_compound_regional_stress,routing_compound_regional_stress:seed96100000:epoch30,30,17,validation,96300000,anchor,-1.0,2404179895.197542,0.3657142857142857,2121.0,0.15012254901960784,15d54a77fbbb18b504d3c92ecaa2531057adacb078a22dd18968196c3c0975ee
routing_compound_regional_stress,routing_compound_regional_stress:seed96100000:epoch30,30,17,validation,96300000,u_0.00,0.0,2407505617.9465547,0.36337662337662335,2124.0,0.150920245398773,15d54a77fbbb18b504d3c92ecaa2531057adacb078a22dd18968196c3c0975ee
routing_compound_regional_stress,routing_compound_regional_stress:seed96100000:epoch30,30,17,validation,96300000,u_0.10,0.1,2401542602.088334,0.3664935064935065,2116.0,0.15127582017010935,15d54a77fbbb18b504d3c92ecaa2531057adacb078a22dd18968196c3c0975ee
routing_compound_regional_stress,routing_compound_regional_stress:seed96100000:epoch30,30,17,validation,96300000,u_0.20,0.2,2401288915.0100822,0.36623376623376624,2115.0,0.151183970856102,15d54a77fbbb18b504d3c92ecaa2531057adacb078a22dd18968196c3c0975ee
routing_compound_regional_stress,routing_compound_regional_stress:seed96100000:epoch30,30,17,validation,96300000,u_0.30,0.3,2409381532.5395865,0.3618181818181818,2129.0,0.15266707541385652,15d54a77fbbb18b504d3c92ecaa2531057adacb078a22dd18968196c3c0975ee
routing_compound_regional_stress,routing_compound_regional_stress:seed96100000:epoch30,30,17,validation,96300000,u_0.40,0.4,2409157998.510242,0.3618181818181818,2129.0,0.15266707541385652,15d54a77fbbb18b504d3c92ecaa2531057adacb078a22dd18968196c3c0975ee
routing_compound_regional_stress,routing_compound_regional_stress:seed96100000:epoch30,30,17,validation,96300000,u_0.50,0.5,2402291464.9384723,0.3644155844155844,2121.0,0.14653586756591047,15d54a77fbbb18b504d3c92ecaa2531057adacb078a22dd18968196c3c0975ee
routing_compound_regional_stress,routing_compound_regional_stress:seed96100000:epoch30,30,17,validation,96300000,u_0.60,0.6,2402210331.6209598,0.3644155844155844,2121.0,0.14653586756591047,15d54a77fbbb18b504d3c92ecaa2531057adacb078a22dd18968196c3c0975ee
routing_compound_regional_stress,routing_compound_regional_stress:seed96100000:epoch30,30,17,validation,96300000,u_0.70,0.7,2399351625.3511777,0.3657142857142857,2117.0,0.14408338442673208,15d54a77fbbb18b504d3c92ecaa2531057adacb078a22dd18968196c3c0975ee
routing_compound_regional_stress,routing_compound_regional_stress:seed96100000:epoch30,30,17,validation,96300000,u_0.80,0.8,2392913419.5111823,0.36857142857142855,2107.0,0.14684466019417475,15d54a77fbbb18b504d3c92ecaa2531057adacb078a22dd18968196c3c0975ee
routing_compound_regional_stress,routing_compound_regional_stress:seed96100000:epoch30,30,17,validation,96300000,u_0.90,0.9,2393128762.4998455,0.36857142857142855,2107.0,0.14684466019417475,15d54a77fbbb18b504d3c92ecaa2531057adacb078a22dd18968196c3c0975ee
routing_compound_regional_stress,routing_compound_regional_stress:seed96100000:epoch30,30,17,validation,96300000,u_1.00,1.0,2398832730.441976,0.367012987012987,2115.0,0.15075987841945288,15d54a77fbbb18b504d3c92ecaa2531057adacb078a22dd18968196c3c0975ee
routing_compound_regional_stress,routing_compound_regional_stress:seed96100000:epoch30,30,17,validation,96300001,anchor,-1.0,1707243668.5111363,0.4746307000642261,1578.0,0.10746812386156648,15d54a77fbbb18b504d3c92ecaa2531057adacb078a22dd18968196c3c0975ee
routing_compound_regional_stress,routing_compound_regional_stress:seed96100000:epoch30,30,17,validation,96300001,u_0.00,0.0,1710077777.1473804,0.4720616570327553,1585.0,0.10690287110568113,15d54a77fbbb18b504d3c92ecaa2531057adacb078a22dd18968196c3c0975ee
routing_compound_regional_stress,routing_compound_regional_stress:seed96100000:epoch30,30,17,validation,96300001,u_0.10,0.1,1710138047.2314131,0.4698137443802184,1580.0,0.10779537149817296,15d54a77fbbb18b504d3c92ecaa2531057adacb078a22dd18968196c3c0975ee
routing_compound_regional_stress,routing_compound_regional_stress:seed96100000:epoch30,30,17,validation,96300001,u_0.20,0.2,1713670025.300588,0.4707771355170199,1587.0,0.10852237890864501,15d54a77fbbb18b504d3c92ecaa2531057adacb078a22dd18968196c3c0975ee
routing_compound_regional_stress,routing_compound_regional_stress:seed96100000:epoch30,30,17,validation,96300001,u_0.30,0.3,1715012601.2909148,0.4678869621066153,1591.0,0.10913549969343961,15d54a77fbbb18b504d3c92ecaa2531057adacb078a22dd18968196c3c0975ee
routing_compound_regional_stress,routing_compound_regional_stress:seed96100000:epoch30,30,17,validation,96300001,u_0.40,0.4,1713086506.866921,0.4682080924855491,1588.0,0.1079092581238504,15d54a77fbbb18b504d3c92ecaa2531057adacb078a22dd18968196c3c0975ee
routing_compound_regional_stress,routing_compound_regional_stress:seed96100000:epoch30,30,17,validation,96300001,u_0.50,0.5,1711062311.6400714,0.47045600513808605,1587.0,0.10613496932515337,15d54a77fbbb18b504d3c92ecaa2531057adacb078a22dd18968196c3c0975ee
routing_compound_regional_stress,routing_compound_regional_stress:seed96100000:epoch30,30,17,validation,96300001,u_0.60,0.6,1712586349.360894,0.47109826589595377,1590.0,0.10558624923265807,15d54a77fbbb18b504d3c92ecaa2531057adacb078a22dd18968196c3c0975ee
routing_compound_regional_stress,routing_compound_regional_stress:seed96100000:epoch30,30,17,validation,96300001,u_0.70,0.7,1708833537.9206114,0.472703917790623,1582.0,0.10574572127139364,15d54a77fbbb18b504d3c92ecaa2531057adacb078a22dd18968196c3c0975ee
routing_compound_regional_stress,routing_compound_regional_stress:seed96100000:epoch30,30,17,validation,96300001,u_0.80,0.8,1706868893.464344,0.47174052665382143,1576.0,0.10907982937233394,15d54a77fbbb18b504d3c92ecaa2531057adacb078a22dd18968196c3c0975ee
routing_compound_regional_stress,routing_compound_regional_stress:seed96100000:epoch30,30,17,validation,96300001,u_0.90,0.9,1707084236.4530067,0.47174052665382143,1576.0,0.10907982937233394,15d54a77fbbb18b504d3c92ecaa2531057adacb078a22dd18968196c3c0975ee
routing_compound_regional_stress,routing_compound_regional_stress:seed96100000:epoch30,30,17,validation,96300001,u_1.00,1.0,1702142996.6556022,0.47880539499036606,1575.0,0.10411622276029056,15d54a77fbbb18b504d3c92ecaa2531057adacb078a22dd18968196c3c0975ee
routing_compound_regional_stress,routing_compound_regional_stress:seed96100000:epoch30,30,17,validation,96300002,anchor,-1.0,1464510184.6558232,0.5346320346320347,1337.0,0.08647313156269303,15d54a77fbbb18b504d3c92ecaa2531057adacb078a22dd18968196c3c0975ee
routing_compound_regional_stress,routing_compound_regional_stress:seed96100000:epoch30,30,17,validation,96300002,u_0.00,0.0,1476293314.309322,0.5248917748917749,1360.0,0.09373060211049038,15d54a77fbbb18b504d3c92ecaa2531057adacb078a22dd18968196c3c0975ee
routing_compound_regional_stress,routing_compound_regional_stress:seed96100000:epoch30,30,17,validation,96300002,u_0.10,0.1,1471680404.6309214,0.5274170274170275,1350.0,0.09248913718187461,15d54a77fbbb18b504d3c92ecaa2531057adacb078a22dd18968196c3c0975ee
routing_compound_regional_stress,routing_compound_regional_stress:seed96100000:epoch30,30,17,validation,96300002,u_0.20,0.2,1472694029.6986985,0.5284992784992785,1354.0,0.09164086687306501,15d54a77fbbb18b504d3c92ecaa2531057adacb078a22dd18968196c3c0975ee
routing_compound_regional_stress,routing_compound_regional_stress:seed96100000:epoch30,30,17,validation,96300002,u_0.30,0.3,1474534446.7643492,0.5270562770562771,1354.0,0.09051456912585244,15d54a77fbbb18b504d3c92ecaa2531057adacb078a22dd18968196c3c0975ee
routing_compound_regional_stress,routing_compound_regional_stress:seed96100000:epoch30,30,17,validation,96300002,u_0.40,0.4,1474314113.3659348,0.5270562770562771,1354.0,0.09051456912585244,15d54a77fbbb18b504d3c92ecaa2531057adacb078a22dd18968196c3c0975ee
routing_compound_regional_stress,routing_compound_regional_stress:seed96100000:epoch30,30,17,validation,96300002,u_0.50,0.5,1470695758.6899312,0.5281385281385281,1348.0,0.08949658172778123,15d54a77fbbb18b504d3c92ecaa2531057adacb078a22dd18968196c3c0975ee
routing_compound_regional_stress,routing_compound_regional_stress:seed96100000:epoch30,30,17,validation,96300002,u_0.60,0.6,1470508941.2925155,0.5281385281385281,1348.0,0.08949658172778123,15d54a77fbbb18b504d3c92ecaa2531057adacb078a22dd18968196c3c0975ee
routing_compound_regional_stress,routing_compound_regional_stress:seed96100000:epoch30,30,17,validation,96300002,u_0.70,0.7,1465315376.2888665,0.5317460317460317,1339.0,0.08674101610904585,15d54a77fbbb18b504d3c92ecaa2531057adacb078a22dd18968196c3c0975ee
routing_compound_regional_stress,routing_compound_regional_stress:seed96100000:epoch30,30,17,validation,96300002,u_0.80,0.8,1462588531.413655,0.5342712842712842,1334.0,0.08585546633724521,15d54a77fbbb18b504d3c92ecaa2531057adacb078a22dd18968196c3c0975ee
routing_compound_regional_stress,routing_compound_regional_stress:seed96100000:epoch30,30,17,validation,96300002,u_0.90,0.9,1462803874.4023178,0.5342712842712842,1334.0,0.08585546633724521,15d54a77fbbb18b504d3c92ecaa2531057adacb078a22dd18968196c3c0975ee
routing_compound_regional_stress,routing_compound_regional_stress:seed96100000:epoch30,30,17,validation,96300002,u_1.00,1.0,1456993911.7322013,0.5367965367965368,1327.0,0.0843076923076923,15d54a77fbbb18b504d3c92ecaa2531057adacb078a22dd18968196c3c0975ee
routing_compound_regional_stress,routing_compound_regional_stress:seed96100000:epoch30,30,17,validation,96300003,anchor,-1.0,1766814794.2074628,0.4706266318537859,1656.0,0.10225846925972397,15d54a77fbbb18b504d3c92ecaa2531057adacb078a22dd18968196c3c0975ee
routing_compound_regional_stress,routing_compound_regional_stress:seed96100000:epoch30,30,17,validation,96300003,u_0.00,0.0,1777584400.231016,0.46573107049608353,1676.0,0.1085173501577287,15d54a77fbbb18b504d3c92ecaa2531057adacb078a22dd18968196c3c0975ee
routing_compound_regional_stress,routing_compound_regional_stress:seed96100000:epoch30,30,17,validation,96300003,u_0.10,0.1,1780791841.4393525,0.46344647519582244,1685.0,0.1110410094637224,15d54a77fbbb18b504d3c92ecaa2531057adacb078a22dd18968196c3c0975ee
routing_compound_regional_stress,routing_compound_regional_stress:seed96100000:epoch30,30,17,validation,96300003,u_0.20,0.2,1778267202.57031,0.46475195822454307,1680.0,0.10957178841309824,15d54a77fbbb18b504d3c92ecaa2531057adacb078a22dd18968196c3c0975ee
routing_compound_regional_stress,routing_compound_regional_stress:seed96100000:epoch30,30,17,validation,96300003,u_0.30,0.3,1778063876.9359374,0.46507832898172324,1672.0,0.10669191919191919,15d54a77fbbb18b504d3c92ecaa2531057adacb078a22dd18968196c3c0975ee
routing_compound_regional_stress,routing_compound_regional_stress:seed96100000:epoch30,30,17,validation,96300003,u_0.40,0.4,1779860731.8898602,0.46475195822454307,1676.0,0.10936517913262099,15d54a77fbbb18b504d3c92ecaa2531057adacb078a22dd18968196c3c0975ee
routing_compound_regional_stress,routing_compound_regional_stress:seed96100000:epoch30,30,17,validation,96300003,u_0.50,0.5,1771260374.4068449,0.46899477806788514,1665.0,0.10546139359698682,15d54a77fbbb18b504d3c92ecaa2531057adacb078a22dd18968196c3c0975ee
routing_compound_regional_stress,routing_compound_regional_stress:seed96100000:epoch30,30,17,validation,96300003,u_0.60,0.6,1771174091.2192526,0.46866840731070497,1662.0,0.10351317440401506,15d54a77fbbb18b504d3c92ecaa2531057adacb078a22dd18968196c3c0975ee
routing_compound_regional_stress,routing_compound_regional_stress:seed96100000:epoch30,30,17,validation,96300003,u_0.70,0.7,1768017296.4982212,0.4706266318537859,1656.0,0.10144020037570445,15d54a77fbbb18b504d3c92ecaa2531057adacb078a22dd18968196c3c0975ee
routing_compound_regional_stress,routing_compound_regional_stress:seed96100000:epoch30,30,17,validation,96300003,u_0.80,0.8,1768538072.5665274,0.46964751958224543,1662.0,0.10394489668127739,15d54a77fbbb18b504d3c92ecaa2531057adacb078a22dd18968196c3c0975ee
routing_compound_regional_stress,routing_compound_regional_stress:seed96100000:epoch30,30,17,validation,96300003,u_0.90,0.9,1768753415.55519,0.46964751958224543,1662.0,0.10394489668127739,15d54a77fbbb18b504d3c92ecaa2531057adacb078a22dd18968196c3c0975ee
routing_compound_regional_stress,routing_compound_regional_stress:seed96100000:epoch30,30,17,validation,96300003,u_1.00,1.0,1757024596.6112466,0.4781331592689295,1644.0,0.10340557275541795,15d54a77fbbb18b504d3c92ecaa2531057adacb078a22dd18968196c3c0975ee
routing_compound_regional_stress,routing_compound_regional_stress:seed96100000:epoch30,30,17,validation,96300004,anchor,-1.0,1650587888.03661,0.4792072774528915,1500.0,0.09517923362175525,15d54a77fbbb18b504d3c92ecaa2531057adacb078a22dd18968196c3c0975ee
routing_compound_regional_stress,routing_compound_regional_stress:seed96100000:epoch30,30,17,validation,96300004,u_0.00,0.0,1654262285.409742,0.4759584145549058,1505.0,0.09647495361781076,15d54a77fbbb18b504d3c92ecaa2531057adacb078a22dd18968196c3c0975ee
routing_compound_regional_stress,routing_compound_regional_stress:seed96100000:epoch30,30,17,validation,96300004,u_0.10,0.1,1660122201.581933,0.4756335282651072,1515.0,0.09523809523809523,15d54a77fbbb18b504d3c92ecaa2531057adacb078a22dd18968196c3c0975ee
routing_compound_regional_stress,routing_compound_regional_stress:seed96100000:epoch30,30,17,validation,96300004,u_0.20,0.2,1659615425.4033144,0.4762833008447043,1514.0,0.09517923362175525,15d54a77fbbb18b504d3c92ecaa2531057adacb078a22dd18968196c3c0975ee
routing_compound_regional_stress,routing_compound_regional_stress:seed96100000:epoch30,30,17,validation,96300004,u_0.30,0.3,1655836329.4025145,0.4779077322936972,1511.0,0.0960591133004926,15d54a77fbbb18b504d3c92ecaa2531057adacb078a22dd18968196c3c0975ee
routing_compound_regional_stress,routing_compound_regional_stress:seed96100000:epoch30,30,17,validation,96300004,u_0.40,0.4,1655691889.7680538,0.4779077322936972,1510.0,0.096,15d54a77fbbb18b504d3c92ecaa2531057adacb078a22dd18968196c3c0975ee
routing_compound_regional_stress,routing_compound_regional_stress:seed96100000:epoch30,30,17,validation,96300004,u_0.50,0.5,1648846672.0973415,0.4808317089018843,1499.0,0.09421182266009852,15d54a77fbbb18b504d3c92ecaa2531057adacb078a22dd18968196c3c0975ee
routing_compound_regional_stress,routing_compound_regional_stress:seed96100000:epoch30,30,17,validation,96300004,u_0.60,0.6,1648197163.5385976,0.4811565951916829,1498.0,0.09415384615384616,15d54a77fbbb18b504d3c92ecaa2531057adacb078a22dd18968196c3c0975ee
routing_compound_regional_stress,routing_compound_regional_stress:seed96100000:epoch30,30,17,validation,96300004,u_0.70,0.7,1647748071.0446362,0.48180636777128005,1496.0,0.0940381069452981,15d54a77fbbb18b504d3c92ecaa2531057adacb078a22dd18968196c3c0975ee
routing_compound_regional_stress,routing_compound_regional_stress:seed96100000:epoch30,30,17,validation,96300004,u_0.80,0.8,1645318204.9228315,0.48310591293047433,1493.0,0.09363525091799266,15d54a77fbbb18b504d3c92ecaa2531057adacb078a22dd18968196c3c0975ee
routing_compound_regional_stress,routing_compound_regional_stress:seed96100000:epoch30,30,17,validation,96300004,u_0.90,0.9,1645533547.9114947,0.48310591293047433,1493.0,0.09363525091799266,15d54a77fbbb18b504d3c92ecaa2531057adacb078a22dd18968196c3c0975ee
routing_compound_regional_stress,routing_compound_regional_stress:seed96100000:epoch30,30,17,validation,96300004,u_1.00,1.0,1641386267.688853,0.4857050032488629,1486.0,0.09352078239608802,15d54a77fbbb18b504d3c92ecaa2531057adacb078a22dd18968196c3c0975ee
routing_compound_regional_stress,routing_compound_regional_stress:seed96100000:epoch55,55,14,discovery,96200000,anchor,-1.0,107920628.1907482,0.4956521739130435,111.0,0.1566265060240964,15d54a77fbbb18b504d3c92ecaa2531057adacb078a22dd18968196c3c0975ee
routing_compound_regional_stress,routing_compound_regional_stress:seed96100000:epoch55,55,14,discovery,96200000,u_0.00,0.0,111514320.64403212,0.4956521739130435,117.0,0.20634920634920634,15d54a77fbbb18b504d3c92ecaa2531057adacb078a22dd18968196c3c0975ee
routing_compound_regional_stress,routing_compound_regional_stress:seed96100000:epoch55,55,14,discovery,96200000,u_0.10,0.1,111572883.63422409,0.4956521739130435,117.0,0.19696969696969696,15d54a77fbbb18b504d3c92ecaa2531057adacb078a22dd18968196c3c0975ee
routing_compound_regional_stress,routing_compound_regional_stress:seed96100000:epoch55,55,14,discovery,96200000,u_0.20,0.2,111642381.26910742,0.4956521739130435,117.0,0.19402985074626866,15d54a77fbbb18b504d3c92ecaa2531057adacb078a22dd18968196c3c0975ee
routing_compound_regional_stress,routing_compound_regional_stress:seed96100000:epoch55,55,14,discovery,96200000,u_0.30,0.3,111122697.17548303,0.4956521739130435,116.0,0.18840579710144928,15d54a77fbbb18b504d3c92ecaa2531057adacb078a22dd18968196c3c0975ee
routing_compound_regional_stress,routing_compound_regional_stress:seed96100000:epoch55,55,14,discovery,96200000,u_0.40,0.4,111214038.1765999,0.4956521739130435,116.0,0.18840579710144928,15d54a77fbbb18b504d3c92ecaa2531057adacb078a22dd18968196c3c0975ee
routing_compound_regional_stress,routing_compound_regional_stress:seed96100000:epoch55,55,14,discovery,96200000,u_0.50,0.5,109889998.1780424,0.4956521739130435,114.0,0.17105263157894737,15d54a77fbbb18b504d3c92ecaa2531057adacb078a22dd18968196c3c0975ee
routing_compound_regional_stress,routing_compound_regional_stress:seed96100000:epoch55,55,14,discovery,96200000,u_0.60,0.6,110003191.17981051,0.4956521739130435,114.0,0.17105263157894737,15d54a77fbbb18b504d3c92ecaa2531057adacb078a22dd18968196c3c0975ee
routing_compound_regional_stress,routing_compound_regional_stress:seed96100000:epoch55,55,14,discovery,96200000,u_0.70,0.7,108201535.98190424,0.4956521739130435,111.0,0.16049382716049382,15d54a77fbbb18b504d3c92ecaa2531057adacb078a22dd18968196c3c0975ee
routing_compound_regional_stress,routing_compound_regional_stress:seed96100000:epoch55,55,14,discovery,96200000,u_0.80,0.8,108286307.39479226,0.4956521739130435,111.0,0.15853658536585366,15d54a77fbbb18b504d3c92ecaa2531057adacb078a22dd18968196c3c0975ee
routing_compound_regional_stress,routing_compound_regional_stress:seed96100000:epoch55,55,14,discovery,96200000,u_0.90,0.9,108432278.38706857,0.4956521739130435,111.0,0.15853658536585366,15d54a77fbbb18b504d3c92ecaa2531057adacb078a22dd18968196c3c0975ee
routing_compound_regional_stress,routing_compound_regional_stress:seed96100000:epoch55,55,14,discovery,96200000,u_1.00,1.0,107687693.8780424,0.4956521739130435,110.0,0.14772727272727273,15d54a77fbbb18b504d3c92ecaa2531057adacb078a22dd18968196c3c0975ee
routing_compound_regional_stress,routing_compound_regional_stress:seed96100000:epoch55,55,14,discovery,96200001,anchor,-1.0,107920628.1907482,0.4956521739130435,111.0,0.1566265060240964,15d54a77fbbb18b504d3c92ecaa2531057adacb078a22dd18968196c3c0975ee
routing_compound_regional_stress,routing_compound_regional_stress:seed96100000:epoch55,55,14,discovery,96200001,u_0.00,0.0,111514320.64403212,0.4956521739130435,117.0,0.20634920634920634,15d54a77fbbb18b504d3c92ecaa2531057adacb078a22dd18968196c3c0975ee
routing_compound_regional_stress,routing_compound_regional_stress:seed96100000:epoch55,55,14,discovery,96200001,u_0.10,0.1,111572883.63422409,0.4956521739130435,117.0,0.19696969696969696,15d54a77fbbb18b504d3c92ecaa2531057adacb078a22dd18968196c3c0975ee
routing_compound_regional_stress,routing_compound_regional_stress:seed96100000:epoch55,55,14,discovery,96200001,u_0.20,0.2,111642381.26910742,0.4956521739130435,117.0,0.19402985074626866,15d54a77fbbb18b504d3c92ecaa2531057adacb078a22dd18968196c3c0975ee
routing_compound_regional_stress,routing_compound_regional_stress:seed96100000:epoch55,55,14,discovery,96200001,u_0.30,0.3,111122697.17548303,0.4956521739130435,116.0,0.18840579710144928,15d54a77fbbb18b504d3c92ecaa2531057adacb078a22dd18968196c3c0975ee
routing_compound_regional_stress,routing_compound_regional_stress:seed96100000:epoch55,55,14,discovery,96200001,u_0.40,0.4,111214038.1765999,0.4956521739130435,116.0,0.18840579710144928,15d54a77fbbb18b504d3c92ecaa2531057adacb078a22dd18968196c3c0975ee
routing_compound_regional_stress,routing_compound_regional_stress:seed96100000:epoch55,55,14,discovery,96200001,u_0.50,0.5,109889998.1780424,0.4956521739130435,114.0,0.17105263157894737,15d54a77fbbb18b504d3c92ecaa2531057adacb078a22dd18968196c3c0975ee
routing_compound_regional_stress,routing_compound_regional_stress:seed96100000:epoch55,55,14,discovery,96200001,u_0.60,0.6,110003191.17981051,0.4956521739130435,114.0,0.17105263157894737,15d54a77fbbb18b504d3c92ecaa2531057adacb078a22dd18968196c3c0975ee
routing_compound_regional_stress,routing_compound_regional_stress:seed96100000:epoch55,55,14,discovery,96200001,u_0.70,0.7,108201535.98190424,0.4956521739130435,111.0,0.16049382716049382,15d54a77fbbb18b504d3c92ecaa2531057adacb078a22dd18968196c3c0975ee
routing_compound_regional_stress,routing_compound_regional_stress:seed96100000:epoch55,55,14,discovery,96200001,u_0.80,0.8,108286307.39479226,0.4956521739130435,111.0,0.15853658536585366,15d54a77fbbb18b504d3c92ecaa2531057adacb078a22dd18968196c3c0975ee
routing_compound_regional_stress,routing_compound_regional_stress:seed96100000:epoch55,55,14,discovery,96200001,u_0.90,0.9,108432278.38706857,0.4956521739130435,111.0,0.15853658536585366,15d54a77fbbb18b504d3c92ecaa2531057adacb078a22dd18968196c3c0975ee
routing_compound_regional_stress,routing_compound_regional_stress:seed96100000:epoch55,55,14,discovery,96200001,u_1.00,1.0,107687693.8780424,0.4956521739130435,110.0,0.14772727272727273,15d54a77fbbb18b504d3c92ecaa2531057adacb078a22dd18968196c3c0975ee
routing_compound_regional_stress,routing_compound_regional_stress:seed96100000:epoch55,55,14,discovery,96200002,anchor,-1.0,107920628.1907482,0.4956521739130435,111.0,0.1566265060240964,15d54a77fbbb18b504d3c92ecaa2531057adacb078a22dd18968196c3c0975ee
routing_compound_regional_stress,routing_compound_regional_stress:seed96100000:epoch55,55,14,discovery,96200002,u_0.00,0.0,111514320.64403212,0.4956521739130435,117.0,0.20634920634920634,15d54a77fbbb18b504d3c92ecaa2531057adacb078a22dd18968196c3c0975ee
routing_compound_regional_stress,routing_compound_regional_stress:seed96100000:epoch55,55,14,discovery,96200002,u_0.10,0.1,111572883.63422409,0.4956521739130435,117.0,0.19696969696969696,15d54a77fbbb18b504d3c92ecaa2531057adacb078a22dd18968196c3c0975ee
routing_compound_regional_stress,routing_compound_regional_stress:seed96100000:epoch55,55,14,discovery,96200002,u_0.20,0.2,111642381.26910742,0.4956521739130435,117.0,0.19402985074626866,15d54a77fbbb18b504d3c92ecaa2531057adacb078a22dd18968196c3c0975ee
routing_compound_regional_stress,routing_compound_regional_stress:seed96100000:epoch55,55,14,discovery,96200002,u_0.30,0.3,111122697.17548303,0.4956521739130435,116.0,0.18840579710144928,15d54a77fbbb18b504d3c92ecaa2531057adacb078a22dd18968196c3c0975ee
routing_compound_regional_stress,routing_compound_regional_stress:seed96100000:epoch55,55,14,discovery,96200002,u_0.40,0.4,111214038.1765999,0.4956521739130435,116.0,0.18840579710144928,15d54a77fbbb18b504d3c92ecaa2531057adacb078a22dd18968196c3c0975ee
routing_compound_regional_stress,routing_compound_regional_stress:seed96100000:epoch55,55,14,discovery,96200002,u_0.50,0.5,109889998.1780424,0.4956521739130435,114.0,0.17105263157894737,15d54a77fbbb18b504d3c92ecaa2531057adacb078a22dd18968196c3c0975ee
routing_compound_regional_stress,routing_compound_regional_stress:seed96100000:epoch55,55,14,discovery,96200002,u_0.60,0.6,110003191.17981051,0.4956521739130435,114.0,0.17105263157894737,15d54a77fbbb18b504d3c92ecaa2531057adacb078a22dd18968196c3c0975ee
routing_compound_regional_stress,routing_compound_regional_stress:seed96100000:epoch55,55,14,discovery,96200002,u_0.70,0.7,108201535.98190424,0.4956521739130435,111.0,0.16049382716049382,15d54a77fbbb18b504d3c92ecaa2531057adacb078a22dd18968196c3c0975ee
routing_compound_regional_stress,routing_compound_regional_stress:seed96100000:epoch55,55,14,discovery,96200002,u_0.80,0.8,108286307.39479226,0.4956521739130435,111.0,0.15853658536585366,15d54a77fbbb18b504d3c92ecaa2531057adacb078a22dd18968196c3c0975ee
routing_compound_regional_stress,routing_compound_regional_stress:seed96100000:epoch55,55,14,discovery,96200002,u_0.90,0.9,108432278.38706857,0.4956521739130435,111.0,0.15853658536585366,15d54a77fbbb18b504d3c92ecaa2531057adacb078a22dd18968196c3c0975ee
routing_compound_regional_stress,routing_compound_regional_stress:seed96100000:epoch55,55,14,discovery,96200002,u_1.00,1.0,107687693.8780424,0.4956521739130435,110.0,0.14772727272727273,15d54a77fbbb18b504d3c92ecaa2531057adacb078a22dd18968196c3c0975ee
routing_compound_regional_stress,routing_compound_regional_stress:seed96100000:epoch55,55,14,validation,96300000,anchor,-1.0,107920628.1907482,0.4956521739130435,111.0,0.1566265060240964,15d54a77fbbb18b504d3c92ecaa2531057adacb078a22dd18968196c3c0975ee
routing_compound_regional_stress,routing_compound_regional_stress:seed96100000:epoch55,55,14,validation,96300000,u_0.00,0.0,111514320.64403212,0.4956521739130435,117.0,0.20634920634920634,15d54a77fbbb18b504d3c92ecaa2531057adacb078a22dd18968196c3c0975ee
routing_compound_regional_stress,routing_compound_regional_stress:seed96100000:epoch55,55,14,validation,96300000,u_0.10,0.1,111572883.63422409,0.4956521739130435,117.0,0.19696969696969696,15d54a77fbbb18b504d3c92ecaa2531057adacb078a22dd18968196c3c0975ee
routing_compound_regional_stress,routing_compound_regional_stress:seed96100000:epoch55,55,14,validation,96300000,u_0.20,0.2,111642381.26910742,0.4956521739130435,117.0,0.19402985074626866,15d54a77fbbb18b504d3c92ecaa2531057adacb078a22dd18968196c3c0975ee
routing_compound_regional_stress,routing_compound_regional_stress:seed96100000:epoch55,55,14,validation,96300000,u_0.30,0.3,111122697.17548303,0.4956521739130435,116.0,0.18840579710144928,15d54a77fbbb18b504d3c92ecaa2531057adacb078a22dd18968196c3c0975ee
routing_compound_regional_stress,routing_compound_regional_stress:seed96100000:epoch55,55,14,validation,96300000,u_0.40,0.4,111214038.1765999,0.4956521739130435,116.0,0.18840579710144928,15d54a77fbbb18b504d3c92ecaa2531057adacb078a22dd18968196c3c0975ee
routing_compound_regional_stress,routing_compound_regional_stress:seed96100000:epoch55,55,14,validation,96300000,u_0.50,0.5,109889998.1780424,0.4956521739130435,114.0,0.17105263157894737,15d54a77fbbb18b504d3c92ecaa2531057adacb078a22dd18968196c3c0975ee
routing_compound_regional_stress,routing_compound_regional_stress:seed96100000:epoch55,55,14,validation,96300000,u_0.60,0.6,110003191.17981051,0.4956521739130435,114.0,0.17105263157894737,15d54a77fbbb18b504d3c92ecaa2531057adacb078a22dd18968196c3c0975ee
routing_compound_regional_stress,routing_compound_regional_stress:seed96100000:epoch55,55,14,validation,96300000,u_0.70,0.7,108201535.98190424,0.4956521739130435,111.0,0.16049382716049382,15d54a77fbbb18b504d3c92ecaa2531057adacb078a22dd18968196c3c0975ee
routing_compound_regional_stress,routing_compound_regional_stress:seed96100000:epoch55,55,14,validation,96300000,u_0.80,0.8,108286307.39479226,0.4956521739130435,111.0,0.15853658536585366,15d54a77fbbb18b504d3c92ecaa2531057adacb078a22dd18968196c3c0975ee
routing_compound_regional_stress,routing_compound_regional_stress:seed96100000:epoch55,55,14,validation,96300000,u_0.90,0.9,108432278.38706857,0.4956521739130435,111.0,0.15853658536585366,15d54a77fbbb18b504d3c92ecaa2531057adacb078a22dd18968196c3c0975ee
routing_compound_regional_stress,routing_compound_regional_stress:seed96100000:epoch55,55,14,validation,96300000,u_1.00,1.0,107687693.8780424,0.4956521739130435,110.0,0.14772727272727273,15d54a77fbbb18b504d3c92ecaa2531057adacb078a22dd18968196c3c0975ee
routing_compound_regional_stress,routing_compound_regional_stress:seed96100000:epoch55,55,14,validation,96300001,anchor,-1.0,107920628.1907482,0.4956521739130435,111.0,0.1566265060240964,15d54a77fbbb18b504d3c92ecaa2531057adacb078a22dd18968196c3c0975ee
routing_compound_regional_stress,routing_compound_regional_stress:seed96100000:epoch55,55,14,validation,96300001,u_0.00,0.0,111514320.64403212,0.4956521739130435,117.0,0.20634920634920634,15d54a77fbbb18b504d3c92ecaa2531057adacb078a22dd18968196c3c0975ee
routing_compound_regional_stress,routing_compound_regional_stress:seed96100000:epoch55,55,14,validation,96300001,u_0.10,0.1,111572883.63422409,0.4956521739130435,117.0,0.19696969696969696,15d54a77fbbb18b504d3c92ecaa2531057adacb078a22dd18968196c3c0975ee
routing_compound_regional_stress,routing_compound_regional_stress:seed96100000:epoch55,55,14,validation,96300001,u_0.20,0.2,111642381.26910742,0.4956521739130435,117.0,0.19402985074626866,15d54a77fbbb18b504d3c92ecaa2531057adacb078a22dd18968196c3c0975ee
routing_compound_regional_stress,routing_compound_regional_stress:seed96100000:epoch55,55,14,validation,96300001,u_0.30,0.3,111122697.17548303,0.4956521739130435,116.0,0.18840579710144928,15d54a77fbbb18b504d3c92ecaa2531057adacb078a22dd18968196c3c0975ee
routing_compound_regional_stress,routing_compound_regional_stress:seed96100000:epoch55,55,14,validation,96300001,u_0.40,0.4,111214038.1765999,0.4956521739130435,116.0,0.18840579710144928,15d54a77fbbb18b504d3c92ecaa2531057adacb078a22dd18968196c3c0975ee
routing_compound_regional_stress,routing_compound_regional_stress:seed96100000:epoch55,55,14,validation,96300001,u_0.50,0.5,109889998.1780424,0.4956521739130435,114.0,0.17105263157894737,15d54a77fbbb18b504d3c92ecaa2531057adacb078a22dd18968196c3c0975ee
routing_compound_regional_stress,routing_compound_regional_stress:seed96100000:epoch55,55,14,validation,96300001,u_0.60,0.6,110003191.17981051,0.4956521739130435,114.0,0.17105263157894737,15d54a77fbbb18b504d3c92ecaa2531057adacb078a22dd18968196c3c0975ee
routing_compound_regional_stress,routing_compound_regional_stress:seed96100000:epoch55,55,14,validation,96300001,u_0.70,0.7,108201535.98190424,0.4956521739130435,111.0,0.16049382716049382,15d54a77fbbb18b504d3c92ecaa2531057adacb078a22dd18968196c3c0975ee
routing_compound_regional_stress,routing_compound_regional_stress:seed96100000:epoch55,55,14,validation,96300001,u_0.80,0.8,108286307.39479226,0.4956521739130435,111.0,0.15853658536585366,15d54a77fbbb18b504d3c92ecaa2531057adacb078a22dd18968196c3c0975ee
routing_compound_regional_stress,routing_compound_regional_stress:seed96100000:epoch55,55,14,validation,96300001,u_0.90,0.9,108432278.38706857,0.4956521739130435,111.0,0.15853658536585366,15d54a77fbbb18b504d3c92ecaa2531057adacb078a22dd18968196c3c0975ee
routing_compound_regional_stress,routing_compound_regional_stress:seed96100000:epoch55,55,14,validation,96300001,u_1.00,1.0,107687693.8780424,0.4956521739130435,110.0,0.14772727272727273,15d54a77fbbb18b504d3c92ecaa2531057adacb078a22dd18968196c3c0975ee
routing_compound_regional_stress,routing_compound_regional_stress:seed96100000:epoch55,55,14,validation,96300002,anchor,-1.0,107920628.1907482,0.4956521739130435,111.0,0.1566265060240964,15d54a77fbbb18b504d3c92ecaa2531057adacb078a22dd18968196c3c0975ee
routing_compound_regional_stress,routing_compound_regional_stress:seed96100000:epoch55,55,14,validation,96300002,u_0.00,0.0,111514320.64403212,0.4956521739130435,117.0,0.20634920634920634,15d54a77fbbb18b504d3c92ecaa2531057adacb078a22dd18968196c3c0975ee
routing_compound_regional_stress,routing_compound_regional_stress:seed96100000:epoch55,55,14,validation,96300002,u_0.10,0.1,111572883.63422409,0.4956521739130435,117.0,0.19696969696969696,15d54a77fbbb18b504d3c92ecaa2531057adacb078a22dd18968196c3c0975ee
routing_compound_regional_stress,routing_compound_regional_stress:seed96100000:epoch55,55,14,validation,96300002,u_0.20,0.2,111642381.26910742,0.4956521739130435,117.0,0.19402985074626866,15d54a77fbbb18b504d3c92ecaa2531057adacb078a22dd18968196c3c0975ee
routing_compound_regional_stress,routing_compound_regional_stress:seed96100000:epoch55,55,14,validation,96300002,u_0.30,0.3,111122697.17548303,0.4956521739130435,116.0,0.18840579710144928,15d54a77fbbb18b504d3c92ecaa2531057adacb078a22dd18968196c3c0975ee
routing_compound_regional_stress,routing_compound_regional_stress:seed96100000:epoch55,55,14,validation,96300002,u_0.40,0.4,111214038.1765999,0.4956521739130435,116.0,0.18840579710144928,15d54a77fbbb18b504d3c92ecaa2531057adacb078a22dd18968196c3c0975ee
routing_compound_regional_stress,routing_compound_regional_stress:seed96100000:epoch55,55,14,validation,96300002,u_0.50,0.5,109889998.1780424,0.4956521739130435,114.0,0.17105263157894737,15d54a77fbbb18b504d3c92ecaa2531057adacb078a22dd18968196c3c0975ee
routing_compound_regional_stress,routing_compound_regional_stress:seed96100000:epoch55,55,14,validation,96300002,u_0.60,0.6,110003191.17981051,0.4956521739130435,114.0,0.17105263157894737,15d54a77fbbb18b504d3c92ecaa2531057adacb078a22dd18968196c3c0975ee
routing_compound_regional_stress,routing_compound_regional_stress:seed96100000:epoch55,55,14,validation,96300002,u_0.70,0.7,108201535.98190424,0.4956521739130435,111.0,0.16049382716049382,15d54a77fbbb18b504d3c92ecaa2531057adacb078a22dd18968196c3c0975ee
routing_compound_regional_stress,routing_compound_regional_stress:seed96100000:epoch55,55,14,validation,96300002,u_0.80,0.8,108286307.39479226,0.4956521739130435,111.0,0.15853658536585366,15d54a77fbbb18b504d3c92ecaa2531057adacb078a22dd18968196c3c0975ee
routing_compound_regional_stress,routing_compound_regional_stress:seed96100000:epoch55,55,14,validation,96300002,u_0.90,0.9,108432278.38706857,0.4956521739130435,111.0,0.15853658536585366,15d54a77fbbb18b504d3c92ecaa2531057adacb078a22dd18968196c3c0975ee
routing_compound_regional_stress,routing_compound_regional_stress:seed96100000:epoch55,55,14,validation,96300002,u_1.00,1.0,107687693.8780424,0.4956521739130435,110.0,0.14772727272727273,15d54a77fbbb18b504d3c92ecaa2531057adacb078a22dd18968196c3c0975ee
routing_compound_regional_stress,routing_compound_regional_stress:seed96100000:epoch55,55,14,validation,96300003,anchor,-1.0,107920628.1907482,0.4956521739130435,111.0,0.1566265060240964,15d54a77fbbb18b504d3c92ecaa2531057adacb078a22dd18968196c3c0975ee
routing_compound_regional_stress,routing_compound_regional_stress:seed96100000:epoch55,55,14,validation,96300003,u_0.00,0.0,111514320.64403212,0.4956521739130435,117.0,0.20634920634920634,15d54a77fbbb18b504d3c92ecaa2531057adacb078a22dd18968196c3c0975ee
routing_compound_regional_stress,routing_compound_regional_stress:seed96100000:epoch55,55,14,validation,96300003,u_0.10,0.1,111572883.63422409,0.4956521739130435,117.0,0.19696969696969696,15d54a77fbbb18b504d3c92ecaa2531057adacb078a22dd18968196c3c0975ee
routing_compound_regional_stress,routing_compound_regional_stress:seed96100000:epoch55,55,14,validation,96300003,u_0.20,0.2,111642381.26910742,0.4956521739130435,117.0,0.19402985074626866,15d54a77fbbb18b504d3c92ecaa2531057adacb078a22dd18968196c3c0975ee
routing_compound_regional_stress,routing_compound_regional_stress:seed96100000:epoch55,55,14,validation,96300003,u_0.30,0.3,111122697.17548303,0.4956521739130435,116.0,0.18840579710144928,15d54a77fbbb18b504d3c92ecaa2531057adacb078a22dd18968196c3c0975ee
routing_compound_regional_stress,routing_compound_regional_stress:seed96100000:epoch55,55,14,validation,96300003,u_0.40,0.4,111214038.1765999,0.4956521739130435,116.0,0.18840579710144928,15d54a77fbbb18b504d3c92ecaa2531057adacb078a22dd18968196c3c0975ee
routing_compound_regional_stress,routing_compound_regional_stress:seed96100000:epoch55,55,14,validation,96300003,u_0.50,0.5,109889998.1780424,0.4956521739130435,114.0,0.17105263157894737,15d54a77fbbb18b504d3c92ecaa2531057adacb078a22dd18968196c3c0975ee
routing_compound_regional_stress,routing_compound_regional_stress:seed96100000:epoch55,55,14,validation,96300003,u_0.60,0.6,110003191.17981051,0.4956521739130435,114.0,0.17105263157894737,15d54a77fbbb18b504d3c92ecaa2531057adacb078a22dd18968196c3c0975ee
routing_compound_regional_stress,routing_compound_regional_stress:seed96100000:epoch55,55,14,validation,96300003,u_0.70,0.7,108201535.98190424,0.4956521739130435,111.0,0.16049382716049382,15d54a77fbbb18b504d3c92ecaa2531057adacb078a22dd18968196c3c0975ee
routing_compound_regional_stress,routing_compound_regional_stress:seed96100000:epoch55,55,14,validation,96300003,u_0.80,0.8,108286307.39479226,0.4956521739130435,111.0,0.15853658536585366,15d54a77fbbb18b504d3c92ecaa2531057adacb078a22dd18968196c3c0975ee
routing_compound_regional_stress,routing_compound_regional_stress:seed96100000:epoch55,55,14,validation,96300003,u_0.90,0.9,108432278.38706857,0.4956521739130435,111.0,0.15853658536585366,15d54a77fbbb18b504d3c92ecaa2531057adacb078a22dd18968196c3c0975ee
routing_compound_regional_stress,routing_compound_regional_stress:seed96100000:epoch55,55,14,validation,96300003,u_1.00,1.0,107687693.8780424,0.4956521739130435,110.0,0.14772727272727273,15d54a77fbbb18b504d3c92ecaa2531057adacb078a22dd18968196c3c0975ee
routing_compound_regional_stress,routing_compound_regional_stress:seed96100000:epoch55,55,14,validation,96300004,anchor,-1.0,107920628.1907482,0.4956521739130435,111.0,0.1566265060240964,15d54a77fbbb18b504d3c92ecaa2531057adacb078a22dd18968196c3c0975ee
routing_compound_regional_stress,routing_compound_regional_stress:seed96100000:epoch55,55,14,validation,96300004,u_0.00,0.0,111514320.64403212,0.4956521739130435,117.0,0.20634920634920634,15d54a77fbbb18b504d3c92ecaa2531057adacb078a22dd18968196c3c0975ee
routing_compound_regional_stress,routing_compound_regional_stress:seed96100000:epoch55,55,14,validation,96300004,u_0.10,0.1,111572883.63422409,0.4956521739130435,117.0,0.19696969696969696,15d54a77fbbb18b504d3c92ecaa2531057adacb078a22dd18968196c3c0975ee
routing_compound_regional_stress,routing_compound_regional_stress:seed96100000:epoch55,55,14,validation,96300004,u_0.20,0.2,111642381.26910742,0.4956521739130435,117.0,0.19402985074626866,15d54a77fbbb18b504d3c92ecaa2531057adacb078a22dd18968196c3c0975ee
routing_compound_regional_stress,routing_compound_regional_stress:seed96100000:epoch55,55,14,validation,96300004,u_0.30,0.3,111122697.17548303,0.4956521739130435,116.0,0.18840579710144928,15d54a77fbbb18b504d3c92ecaa2531057adacb078a22dd18968196c3c0975ee
routing_compound_regional_stress,routing_compound_regional_stress:seed96100000:epoch55,55,14,validation,96300004,u_0.40,0.4,111214038.1765999,0.4956521739130435,116.0,0.18840579710144928,15d54a77fbbb18b504d3c92ecaa2531057adacb078a22dd18968196c3c0975ee
routing_compound_regional_stress,routing_compound_regional_stress:seed96100000:epoch55,55,14,validation,96300004,u_0.50,0.5,109889998.1780424,0.4956521739130435,114.0,0.17105263157894737,15d54a77fbbb18b504d3c92ecaa2531057adacb078a22dd18968196c3c0975ee
routing_compound_regional_stress,routing_compound_regional_stress:seed96100000:epoch55,55,14,validation,96300004,u_0.60,0.6,110003191.17981051,0.4956521739130435,114.0,0.17105263157894737,15d54a77fbbb18b504d3c92ecaa2531057adacb078a22dd18968196c3c0975ee
routing_compound_regional_stress,routing_compound_regional_stress:seed96100000:epoch55,55,14,validation,96300004,u_0.70,0.7,108201535.98190424,0.4956521739130435,111.0,0.16049382716049382,15d54a77fbbb18b504d3c92ecaa2531057adacb078a22dd18968196c3c0975ee
routing_compound_regional_stress,routing_compound_regional_stress:seed96100000:epoch55,55,14,validation,96300004,u_0.80,0.8,108286307.39479226,0.4956521739130435,111.0,0.15853658536585366,15d54a77fbbb18b504d3c92ecaa2531057adacb078a22dd18968196c3c0975ee
routing_compound_regional_stress,routing_compound_regional_stress:seed96100000:epoch55,55,14,validation,96300004,u_0.90,0.9,108432278.38706857,0.4956521739130435,111.0,0.15853658536585366,15d54a77fbbb18b504d3c92ecaa2531057adacb078a22dd18968196c3c0975ee
routing_compound_regional_stress,routing_compound_regional_stress:seed96100000:epoch55,55,14,validation,96300004,u_1.00,1.0,107687693.8780424,0.4956521739130435,110.0,0.14772727272727273,15d54a77fbbb18b504d3c92ecaa2531057adacb078a22dd18968196c3c0975ee
routing_compound_regional_stress,routing_compound_regional_stress:seed96100000:epoch80,80,15,discovery,96200000,anchor,-1.0,106788043.42619896,0.4507042253521127,116.0,0.18840579710144928,15d54a77fbbb18b504d3c92ecaa2531057adacb078a22dd18968196c3c0975ee
routing_compound_regional_stress,routing_compound_regional_stress:seed96100000:epoch80,80,15,discovery,96200000,u_0.00,0.0,109345087.65120332,0.4507042253521127,120.0,0.2708333333333333,15d54a77fbbb18b504d3c92ecaa2531057adacb078a22dd18968196c3c0975ee
routing_compound_regional_stress,routing_compound_regional_stress:seed96100000:epoch80,80,15,discovery,96200000,u_0.10,0.1,109409662.64399882,0.4507042253521127,120.0,0.24528301886792453,15d54a77fbbb18b504d3c92ecaa2531057adacb078a22dd18968196c3c0975ee
routing_compound_regional_stress,routing_compound_regional_stress:seed96100000:epoch80,80,15,discovery,96200000,u_0.20,0.2,109486387.63833936,0.4507042253521127,120.0,0.24528301886792453,15d54a77fbbb18b504d3c92ecaa2531057adacb078a22dd18968196c3c0975ee
routing_compound_regional_stress,routing_compound_regional_stress:seed96100000:epoch80,80,15,discovery,96200000,u_0.30,0.3,109454649.2155684,0.4507042253521127,120.0,0.22033898305084745,15d54a77fbbb18b504d3c92ecaa2531057adacb078a22dd18968196c3c0975ee
routing_compound_regional_stress,routing_compound_regional_stress:seed96100000:epoch80,80,15,discovery,96200000,u_0.40,0.4,109555674.21680221,0.4507042253521127,120.0,0.22033898305084745,15d54a77fbbb18b504d3c92ecaa2531057adacb078a22dd18968196c3c0975ee
routing_compound_regional_stress,routing_compound_regional_stress:seed96100000:epoch80,80,15,discovery,96200000,u_0.50,0.5,108692122.9187727,0.4507042253521127,119.0,0.19117647058823528,15d54a77fbbb18b504d3c92ecaa2531057adacb078a22dd18968196c3c0975ee
routing_compound_regional_stress,routing_compound_regional_stress:seed96100000:epoch80,80,15,discovery,96200000,u_0.60,0.6,108817447.92073071,0.4507042253521127,119.0,0.19117647058823528,15d54a77fbbb18b504d3c92ecaa2531057adacb078a22dd18968196c3c0975ee
routing_compound_regional_stress,routing_compound_regional_stress:seed96100000:epoch80,80,15,discovery,96200000,u_0.70,0.7,107604148.72379994,0.4507042253521127,117.0,0.18055555555555555,15d54a77fbbb18b504d3c92ecaa2531057adacb078a22dd18968196c3c0975ee
routing_compound_regional_stress,routing_compound_regional_stress:seed96100000:epoch80,80,15,discovery,96200000,u_0.80,0.8,107703514.53808272,0.4507042253521127,117.0,0.17567567567567569,15d54a77fbbb18b504d3c92ecaa2531057adacb078a22dd18968196c3c0975ee
routing_compound_regional_stress,routing_compound_regional_stress:seed96100000:epoch80,80,15,discovery,96200000,u_0.90,0.9,107865289.52952647,0.4507042253521127,117.0,0.17567567567567569,15d54a77fbbb18b504d3c92ecaa2531057adacb078a22dd18968196c3c0975ee
routing_compound_regional_stress,routing_compound_regional_stress:seed96100000:epoch80,80,15,discovery,96200000,u_1.00,1.0,107087459.41952184,0.4507042253521127,116.0,0.16049382716049382,15d54a77fbbb18b504d3c92ecaa2531057adacb078a22dd18968196c3c0975ee
routing_compound_regional_stress,routing_compound_regional_stress:seed96100000:epoch80,80,15,discovery,96200001,anchor,-1.0,106788043.42619896,0.4507042253521127,116.0,0.18840579710144928,15d54a77fbbb18b504d3c92ecaa2531057adacb078a22dd18968196c3c0975ee
routing_compound_regional_stress,routing_compound_regional_stress:seed96100000:epoch80,80,15,discovery,96200001,u_0.00,0.0,109345087.65120332,0.4507042253521127,120.0,0.2708333333333333,15d54a77fbbb18b504d3c92ecaa2531057adacb078a22dd18968196c3c0975ee
routing_compound_regional_stress,routing_compound_regional_stress:seed96100000:epoch80,80,15,discovery,96200001,u_0.10,0.1,109409662.64399882,0.4507042253521127,120.0,0.24528301886792453,15d54a77fbbb18b504d3c92ecaa2531057adacb078a22dd18968196c3c0975ee
routing_compound_regional_stress,routing_compound_regional_stress:seed96100000:epoch80,80,15,discovery,96200001,u_0.20,0.2,109486387.63833936,0.4507042253521127,120.0,0.24528301886792453,15d54a77fbbb18b504d3c92ecaa2531057adacb078a22dd18968196c3c0975ee
routing_compound_regional_stress,routing_compound_regional_stress:seed96100000:epoch80,80,15,discovery,96200001,u_0.30,0.3,109454649.2155684,0.4507042253521127,120.0,0.22033898305084745,15d54a77fbbb18b504d3c92ecaa2531057adacb078a22dd18968196c3c0975ee
routing_compound_regional_stress,routing_compound_regional_stress:seed96100000:epoch80,80,15,discovery,96200001,u_0.40,0.4,109555674.21680221,0.4507042253521127,120.0,0.22033898305084745,15d54a77fbbb18b504d3c92ecaa2531057adacb078a22dd18968196c3c0975ee
routing_compound_regional_stress,routing_compound_regional_stress:seed96100000:epoch80,80,15,discovery,96200001,u_0.50,0.5,108692122.9187727,0.4507042253521127,119.0,0.19117647058823528,15d54a77fbbb18b504d3c92ecaa2531057adacb078a22dd18968196c3c0975ee
routing_compound_regional_stress,routing_compound_regional_stress:seed96100000:epoch80,80,15,discovery,96200001,u_0.60,0.6,108817447.92073071,0.4507042253521127,119.0,0.19117647058823528,15d54a77fbbb18b504d3c92ecaa2531057adacb078a22dd18968196c3c0975ee
routing_compound_regional_stress,routing_compound_regional_stress:seed96100000:epoch80,80,15,discovery,96200001,u_0.70,0.7,107604148.72379994,0.4507042253521127,117.0,0.18055555555555555,15d54a77fbbb18b504d3c92ecaa2531057adacb078a22dd18968196c3c0975ee
routing_compound_regional_stress,routing_compound_regional_stress:seed96100000:epoch80,80,15,discovery,96200001,u_0.80,0.8,107703514.53808272,0.4507042253521127,117.0,0.17567567567567569,15d54a77fbbb18b504d3c92ecaa2531057adacb078a22dd18968196c3c0975ee
routing_compound_regional_stress,routing_compound_regional_stress:seed96100000:epoch80,80,15,discovery,96200001,u_0.90,0.9,107865289.52952647,0.4507042253521127,117.0,0.17567567567567569,15d54a77fbbb18b504d3c92ecaa2531057adacb078a22dd18968196c3c0975ee
routing_compound_regional_stress,routing_compound_regional_stress:seed96100000:epoch80,80,15,discovery,96200001,u_1.00,1.0,107087459.41952184,0.4507042253521127,116.0,0.16049382716049382,15d54a77fbbb18b504d3c92ecaa2531057adacb078a22dd18968196c3c0975ee
routing_compound_regional_stress,routing_compound_regional_stress:seed96100000:epoch80,80,15,discovery,96200002,anchor,-1.0,106788043.42619896,0.4507042253521127,116.0,0.18840579710144928,15d54a77fbbb18b504d3c92ecaa2531057adacb078a22dd18968196c3c0975ee
routing_compound_regional_stress,routing_compound_regional_stress:seed96100000:epoch80,80,15,discovery,96200002,u_0.00,0.0,109345087.65120332,0.4507042253521127,120.0,0.2708333333333333,15d54a77fbbb18b504d3c92ecaa2531057adacb078a22dd18968196c3c0975ee
routing_compound_regional_stress,routing_compound_regional_stress:seed96100000:epoch80,80,15,discovery,96200002,u_0.10,0.1,109409662.64399882,0.4507042253521127,120.0,0.24528301886792453,15d54a77fbbb18b504d3c92ecaa2531057adacb078a22dd18968196c3c0975ee
routing_compound_regional_stress,routing_compound_regional_stress:seed96100000:epoch80,80,15,discovery,96200002,u_0.20,0.2,109486387.63833936,0.4507042253521127,120.0,0.24528301886792453,15d54a77fbbb18b504d3c92ecaa2531057adacb078a22dd18968196c3c0975ee
routing_compound_regional_stress,routing_compound_regional_stress:seed96100000:epoch80,80,15,discovery,96200002,u_0.30,0.3,109454649.2155684,0.4507042253521127,120.0,0.22033898305084745,15d54a77fbbb18b504d3c92ecaa2531057adacb078a22dd18968196c3c0975ee
routing_compound_regional_stress,routing_compound_regional_stress:seed96100000:epoch80,80,15,discovery,96200002,u_0.40,0.4,109555674.21680221,0.4507042253521127,120.0,0.22033898305084745,15d54a77fbbb18b504d3c92ecaa2531057adacb078a22dd18968196c3c0975ee
routing_compound_regional_stress,routing_compound_regional_stress:seed96100000:epoch80,80,15,discovery,96200002,u_0.50,0.5,108692122.9187727,0.4507042253521127,119.0,0.19117647058823528,15d54a77fbbb18b504d3c92ecaa2531057adacb078a22dd18968196c3c0975ee
routing_compound_regional_stress,routing_compound_regional_stress:seed96100000:epoch80,80,15,discovery,96200002,u_0.60,0.6,108817447.92073071,0.4507042253521127,119.0,0.19117647058823528,15d54a77fbbb18b504d3c92ecaa2531057adacb078a22dd18968196c3c0975ee
routing_compound_regional_stress,routing_compound_regional_stress:seed96100000:epoch80,80,15,discovery,96200002,u_0.70,0.7,107604148.72379994,0.4507042253521127,117.0,0.18055555555555555,15d54a77fbbb18b504d3c92ecaa2531057adacb078a22dd18968196c3c0975ee
routing_compound_regional_stress,routing_compound_regional_stress:seed96100000:epoch80,80,15,discovery,96200002,u_0.80,0.8,107703514.53808272,0.4507042253521127,117.0,0.17567567567567569,15d54a77fbbb18b504d3c92ecaa2531057adacb078a22dd18968196c3c0975ee
routing_compound_regional_stress,routing_compound_regional_stress:seed96100000:epoch80,80,15,discovery,96200002,u_0.90,0.9,107865289.52952647,0.4507042253521127,117.0,0.17567567567567569,15d54a77fbbb18b504d3c92ecaa2531057adacb078a22dd18968196c3c0975ee
routing_compound_regional_stress,routing_compound_regional_stress:seed96100000:epoch80,80,15,discovery,96200002,u_1.00,1.0,107087459.41952184,0.4507042253521127,116.0,0.16049382716049382,15d54a77fbbb18b504d3c92ecaa2531057adacb078a22dd18968196c3c0975ee
routing_compound_regional_stress,routing_compound_regional_stress:seed96100000:epoch80,80,15,validation,96300000,anchor,-1.0,106788043.42619896,0.4507042253521127,116.0,0.18840579710144928,15d54a77fbbb18b504d3c92ecaa2531057adacb078a22dd18968196c3c0975ee
routing_compound_regional_stress,routing_compound_regional_stress:seed96100000:epoch80,80,15,validation,96300000,u_0.00,0.0,109345087.65120332,0.4507042253521127,120.0,0.2708333333333333,15d54a77fbbb18b504d3c92ecaa2531057adacb078a22dd18968196c3c0975ee
routing_compound_regional_stress,routing_compound_regional_stress:seed96100000:epoch80,80,15,validation,96300000,u_0.10,0.1,109409662.64399882,0.4507042253521127,120.0,0.24528301886792453,15d54a77fbbb18b504d3c92ecaa2531057adacb078a22dd18968196c3c0975ee
routing_compound_regional_stress,routing_compound_regional_stress:seed96100000:epoch80,80,15,validation,96300000,u_0.20,0.2,109486387.63833936,0.4507042253521127,120.0,0.24528301886792453,15d54a77fbbb18b504d3c92ecaa2531057adacb078a22dd18968196c3c0975ee
routing_compound_regional_stress,routing_compound_regional_stress:seed96100000:epoch80,80,15,validation,96300000,u_0.30,0.3,109454649.2155684,0.4507042253521127,120.0,0.22033898305084745,15d54a77fbbb18b504d3c92ecaa2531057adacb078a22dd18968196c3c0975ee
routing_compound_regional_stress,routing_compound_regional_stress:seed96100000:epoch80,80,15,validation,96300000,u_0.40,0.4,109555674.21680221,0.4507042253521127,120.0,0.22033898305084745,15d54a77fbbb18b504d3c92ecaa2531057adacb078a22dd18968196c3c0975ee
routing_compound_regional_stress,routing_compound_regional_stress:seed96100000:epoch80,80,15,validation,96300000,u_0.50,0.5,108692122.9187727,0.4507042253521127,119.0,0.19117647058823528,15d54a77fbbb18b504d3c92ecaa2531057adacb078a22dd18968196c3c0975ee
routing_compound_regional_stress,routing_compound_regional_stress:seed96100000:epoch80,80,15,validation,96300000,u_0.60,0.6,108817447.92073071,0.4507042253521127,119.0,0.19117647058823528,15d54a77fbbb18b504d3c92ecaa2531057adacb078a22dd18968196c3c0975ee
routing_compound_regional_stress,routing_compound_regional_stress:seed96100000:epoch80,80,15,validation,96300000,u_0.70,0.7,107604148.72379994,0.4507042253521127,117.0,0.18055555555555555,15d54a77fbbb18b504d3c92ecaa2531057adacb078a22dd18968196c3c0975ee
routing_compound_regional_stress,routing_compound_regional_stress:seed96100000:epoch80,80,15,validation,96300000,u_0.80,0.8,107703514.53808272,0.4507042253521127,117.0,0.17567567567567569,15d54a77fbbb18b504d3c92ecaa2531057adacb078a22dd18968196c3c0975ee
routing_compound_regional_stress,routing_compound_regional_stress:seed96100000:epoch80,80,15,validation,96300000,u_0.90,0.9,107865289.52952647,0.4507042253521127,117.0,0.17567567567567569,15d54a77fbbb18b504d3c92ecaa2531057adacb078a22dd18968196c3c0975ee
routing_compound_regional_stress,routing_compound_regional_stress:seed96100000:epoch80,80,15,validation,96300000,u_1.00,1.0,107087459.41952184,0.4507042253521127,116.0,0.16049382716049382,15d54a77fbbb18b504d3c92ecaa2531057adacb078a22dd18968196c3c0975ee
routing_compound_regional_stress,routing_compound_regional_stress:seed96100000:epoch80,80,15,validation,96300001,anchor,-1.0,106788043.42619896,0.4507042253521127,116.0,0.18840579710144928,15d54a77fbbb18b504d3c92ecaa2531057adacb078a22dd18968196c3c0975ee
routing_compound_regional_stress,routing_compound_regional_stress:seed96100000:epoch80,80,15,validation,96300001,u_0.00,0.0,109345087.65120332,0.4507042253521127,120.0,0.2708333333333333,15d54a77fbbb18b504d3c92ecaa2531057adacb078a22dd18968196c3c0975ee
routing_compound_regional_stress,routing_compound_regional_stress:seed96100000:epoch80,80,15,validation,96300001,u_0.10,0.1,109409662.64399882,0.4507042253521127,120.0,0.24528301886792453,15d54a77fbbb18b504d3c92ecaa2531057adacb078a22dd18968196c3c0975ee
routing_compound_regional_stress,routing_compound_regional_stress:seed96100000:epoch80,80,15,validation,96300001,u_0.20,0.2,109486387.63833936,0.4507042253521127,120.0,0.24528301886792453,15d54a77fbbb18b504d3c92ecaa2531057adacb078a22dd18968196c3c0975ee
routing_compound_regional_stress,routing_compound_regional_stress:seed96100000:epoch80,80,15,validation,96300001,u_0.30,0.3,109454649.2155684,0.4507042253521127,120.0,0.22033898305084745,15d54a77fbbb18b504d3c92ecaa2531057adacb078a22dd18968196c3c0975ee
routing_compound_regional_stress,routing_compound_regional_stress:seed96100000:epoch80,80,15,validation,96300001,u_0.40,0.4,109555674.21680221,0.4507042253521127,120.0,0.22033898305084745,15d54a77fbbb18b504d3c92ecaa2531057adacb078a22dd18968196c3c0975ee
routing_compound_regional_stress,routing_compound_regional_stress:seed96100000:epoch80,80,15,validation,96300001,u_0.50,0.5,108692122.9187727,0.4507042253521127,119.0,0.19117647058823528,15d54a77fbbb18b504d3c92ecaa2531057adacb078a22dd18968196c3c0975ee
routing_compound_regional_stress,routing_compound_regional_stress:seed96100000:epoch80,80,15,validation,96300001,u_0.60,0.6,108817447.92073071,0.4507042253521127,119.0,0.19117647058823528,15d54a77fbbb18b504d3c92ecaa2531057adacb078a22dd18968196c3c0975ee
routing_compound_regional_stress,routing_compound_regional_stress:seed96100000:epoch80,80,15,validation,96300001,u_0.70,0.7,107604148.72379994,0.4507042253521127,117.0,0.18055555555555555,15d54a77fbbb18b504d3c92ecaa2531057adacb078a22dd18968196c3c0975ee
routing_compound_regional_stress,routing_compound_regional_stress:seed96100000:epoch80,80,15,validation,96300001,u_0.80,0.8,107703514.53808272,0.4507042253521127,117.0,0.17567567567567569,15d54a77fbbb18b504d3c92ecaa2531057adacb078a22dd18968196c3c0975ee
routing_compound_regional_stress,routing_compound_regional_stress:seed96100000:epoch80,80,15,validation,96300001,u_0.90,0.9,107865289.52952647,0.4507042253521127,117.0,0.17567567567567569,15d54a77fbbb18b504d3c92ecaa2531057adacb078a22dd18968196c3c0975ee
routing_compound_regional_stress,routing_compound_regional_stress:seed96100000:epoch80,80,15,validation,96300001,u_1.00,1.0,107087459.41952184,0.4507042253521127,116.0,0.16049382716049382,15d54a77fbbb18b504d3c92ecaa2531057adacb078a22dd18968196c3c0975ee
routing_compound_regional_stress,routing_compound_regional_stress:seed96100000:epoch80,80,15,validation,96300002,anchor,-1.0,106788043.42619896,0.4507042253521127,116.0,0.18840579710144928,15d54a77fbbb18b504d3c92ecaa2531057adacb078a22dd18968196c3c0975ee
routing_compound_regional_stress,routing_compound_regional_stress:seed96100000:epoch80,80,15,validation,96300002,u_0.00,0.0,109345087.65120332,0.4507042253521127,120.0,0.2708333333333333,15d54a77fbbb18b504d3c92ecaa2531057adacb078a22dd18968196c3c0975ee
routing_compound_regional_stress,routing_compound_regional_stress:seed96100000:epoch80,80,15,validation,96300002,u_0.10,0.1,109409662.64399882,0.4507042253521127,120.0,0.24528301886792453,15d54a77fbbb18b504d3c92ecaa2531057adacb078a22dd18968196c3c0975ee
routing_compound_regional_stress,routing_compound_regional_stress:seed96100000:epoch80,80,15,validation,96300002,u_0.20,0.2,109486387.63833936,0.4507042253521127,120.0,0.24528301886792453,15d54a77fbbb18b504d3c92ecaa2531057adacb078a22dd18968196c3c0975ee
routing_compound_regional_stress,routing_compound_regional_stress:seed96100000:epoch80,80,15,validation,96300002,u_0.30,0.3,109454649.2155684,0.4507042253521127,120.0,0.22033898305084745,15d54a77fbbb18b504d3c92ecaa2531057adacb078a22dd18968196c3c0975ee
routing_compound_regional_stress,routing_compound_regional_stress:seed96100000:epoch80,80,15,validation,96300002,u_0.40,0.4,109555674.21680221,0.4507042253521127,120.0,0.22033898305084745,15d54a77fbbb18b504d3c92ecaa2531057adacb078a22dd18968196c3c0975ee
routing_compound_regional_stress,routing_compound_regional_stress:seed96100000:epoch80,80,15,validation,96300002,u_0.50,0.5,108692122.9187727,0.4507042253521127,119.0,0.19117647058823528,15d54a77fbbb18b504d3c92ecaa2531057adacb078a22dd18968196c3c0975ee
routing_compound_regional_stress,routing_compound_regional_stress:seed96100000:epoch80,80,15,validation,96300002,u_0.60,0.6,108817447.92073071,0.4507042253521127,119.0,0.19117647058823528,15d54a77fbbb18b504d3c92ecaa2531057adacb078a22dd18968196c3c0975ee
routing_compound_regional_stress,routing_compound_regional_stress:seed96100000:epoch80,80,15,validation,96300002,u_0.70,0.7,107604148.72379994,0.4507042253521127,117.0,0.18055555555555555,15d54a77fbbb18b504d3c92ecaa2531057adacb078a22dd18968196c3c0975ee
routing_compound_regional_stress,routing_compound_regional_stress:seed96100000:epoch80,80,15,validation,96300002,u_0.80,0.8,107703514.53808272,0.4507042253521127,117.0,0.17567567567567569,15d54a77fbbb18b504d3c92ecaa2531057adacb078a22dd18968196c3c0975ee
routing_compound_regional_stress,routing_compound_regional_stress:seed96100000:epoch80,80,15,validation,96300002,u_0.90,0.9,107865289.52952647,0.4507042253521127,117.0,0.17567567567567569,15d54a77fbbb18b504d3c92ecaa2531057adacb078a22dd18968196c3c0975ee
routing_compound_regional_stress,routing_compound_regional_stress:seed96100000:epoch80,80,15,validation,96300002,u_1.00,1.0,107087459.41952184,0.4507042253521127,116.0,0.16049382716049382,15d54a77fbbb18b504d3c92ecaa2531057adacb078a22dd18968196c3c0975ee
routing_compound_regional_stress,routing_compound_regional_stress:seed96100000:epoch80,80,15,validation,96300003,anchor,-1.0,106788043.42619896,0.4507042253521127,116.0,0.18840579710144928,15d54a77fbbb18b504d3c92ecaa2531057adacb078a22dd18968196c3c0975ee
routing_compound_regional_stress,routing_compound_regional_stress:seed96100000:epoch80,80,15,validation,96300003,u_0.00,0.0,109345087.65120332,0.4507042253521127,120.0,0.2708333333333333,15d54a77fbbb18b504d3c92ecaa2531057adacb078a22dd18968196c3c0975ee
routing_compound_regional_stress,routing_compound_regional_stress:seed96100000:epoch80,80,15,validation,96300003,u_0.10,0.1,109409662.64399882,0.4507042253521127,120.0,0.24528301886792453,15d54a77fbbb18b504d3c92ecaa2531057adacb078a22dd18968196c3c0975ee
routing_compound_regional_stress,routing_compound_regional_stress:seed96100000:epoch80,80,15,validation,96300003,u_0.20,0.2,109486387.63833936,0.4507042253521127,120.0,0.24528301886792453,15d54a77fbbb18b504d3c92ecaa2531057adacb078a22dd18968196c3c0975ee
routing_compound_regional_stress,routing_compound_regional_stress:seed96100000:epoch80,80,15,validation,96300003,u_0.30,0.3,109454649.2155684,0.4507042253521127,120.0,0.22033898305084745,15d54a77fbbb18b504d3c92ecaa2531057adacb078a22dd18968196c3c0975ee
routing_compound_regional_stress,routing_compound_regional_stress:seed96100000:epoch80,80,15,validation,96300003,u_0.40,0.4,109555674.21680221,0.4507042253521127,120.0,0.22033898305084745,15d54a77fbbb18b504d3c92ecaa2531057adacb078a22dd18968196c3c0975ee
routing_compound_regional_stress,routing_compound_regional_stress:seed96100000:epoch80,80,15,validation,96300003,u_0.50,0.5,108692122.9187727,0.4507042253521127,119.0,0.19117647058823528,15d54a77fbbb18b504d3c92ecaa2531057adacb078a22dd18968196c3c0975ee
routing_compound_regional_stress,routing_compound_regional_stress:seed96100000:epoch80,80,15,validation,96300003,u_0.60,0.6,108817447.92073071,0.4507042253521127,119.0,0.19117647058823528,15d54a77fbbb18b504d3c92ecaa2531057adacb078a22dd18968196c3c0975ee
routing_compound_regional_stress,routing_compound_regional_stress:seed96100000:epoch80,80,15,validation,96300003,u_0.70,0.7,107604148.72379994,0.4507042253521127,117.0,0.18055555555555555,15d54a77fbbb18b504d3c92ecaa2531057adacb078a22dd18968196c3c0975ee
routing_compound_regional_stress,routing_compound_regional_stress:seed96100000:epoch80,80,15,validation,96300003,u_0.80,0.8,107703514.53808272,0.4507042253521127,117.0,0.17567567567567569,15d54a77fbbb18b504d3c92ecaa2531057adacb078a22dd18968196c3c0975ee
routing_compound_regional_stress,routing_compound_regional_stress:seed96100000:epoch80,80,15,validation,96300003,u_0.90,0.9,107865289.52952647,0.4507042253521127,117.0,0.17567567567567569,15d54a77fbbb18b504d3c92ecaa2531057adacb078a22dd18968196c3c0975ee
routing_compound_regional_stress,routing_compound_regional_stress:seed96100000:epoch80,80,15,validation,96300003,u_1.00,1.0,107087459.41952184,0.4507042253521127,116.0,0.16049382716049382,15d54a77fbbb18b504d3c92ecaa2531057adacb078a22dd18968196c3c0975ee
routing_compound_regional_stress,routing_compound_regional_stress:seed96100000:epoch80,80,15,validation,96300004,anchor,-1.0,106788043.42619896,0.4507042253521127,116.0,0.18840579710144928,15d54a77fbbb18b504d3c92ecaa2531057adacb078a22dd18968196c3c0975ee
routing_compound_regional_stress,routing_compound_regional_stress:seed96100000:epoch80,80,15,validation,96300004,u_0.00,0.0,109345087.65120332,0.4507042253521127,120.0,0.2708333333333333,15d54a77fbbb18b504d3c92ecaa2531057adacb078a22dd18968196c3c0975ee
routing_compound_regional_stress,routing_compound_regional_stress:seed96100000:epoch80,80,15,validation,96300004,u_0.10,0.1,109409662.64399882,0.4507042253521127,120.0,0.24528301886792453,15d54a77fbbb18b504d3c92ecaa2531057adacb078a22dd18968196c3c0975ee
routing_compound_regional_stress,routing_compound_regional_stress:seed96100000:epoch80,80,15,validation,96300004,u_0.20,0.2,109486387.63833936,0.4507042253521127,120.0,0.24528301886792453,15d54a77fbbb18b504d3c92ecaa2531057adacb078a22dd18968196c3c0975ee
routing_compound_regional_stress,routing_compound_regional_stress:seed96100000:epoch80,80,15,validation,96300004,u_0.30,0.3,109454649.2155684,0.4507042253521127,120.0,0.22033898305084745,15d54a77fbbb18b504d3c92ecaa2531057adacb078a22dd18968196c3c0975ee
routing_compound_regional_stress,routing_compound_regional_stress:seed96100000:epoch80,80,15,validation,96300004,u_0.40,0.4,109555674.21680221,0.4507042253521127,120.0,0.22033898305084745,15d54a77fbbb18b504d3c92ecaa2531057adacb078a22dd18968196c3c0975ee
routing_compound_regional_stress,routing_compound_regional_stress:seed96100000:epoch80,80,15,validation,96300004,u_0.50,0.5,108692122.9187727,0.4507042253521127,119.0,0.19117647058823528,15d54a77fbbb18b504d3c92ecaa2531057adacb078a22dd18968196c3c0975ee
routing_compound_regional_stress,routing_compound_regional_stress:seed96100000:epoch80,80,15,validation,96300004,u_0.60,0.6,108817447.92073071,0.4507042253521127,119.0,0.19117647058823528,15d54a77fbbb18b504d3c92ecaa2531057adacb078a22dd18968196c3c0975ee
routing_compound_regional_stress,routing_compound_regional_stress:seed96100000:epoch80,80,15,validation,96300004,u_0.70,0.7,107604148.72379994,0.4507042253521127,117.0,0.18055555555555555,15d54a77fbbb18b504d3c92ecaa2531057adacb078a22dd18968196c3c0975ee
routing_compound_regional_stress,routing_compound_regional_stress:seed96100000:epoch80,80,15,validation,96300004,u_0.80,0.8,107703514.53808272,0.4507042253521127,117.0,0.17567567567567569,15d54a77fbbb18b504d3c92ecaa2531057adacb078a22dd18968196c3c0975ee
routing_compound_regional_stress,routing_compound_regional_stress:seed96100000:epoch80,80,15,validation,96300004,u_0.90,0.9,107865289.52952647,0.4507042253521127,117.0,0.17567567567567569,15d54a77fbbb18b504d3c92ecaa2531057adacb078a22dd18968196c3c0975ee
routing_compound_regional_stress,routing_compound_regional_stress:seed96100000:epoch80,80,15,validation,96300004,u_1.00,1.0,107087459.41952184,0.4507042253521127,116.0,0.16049382716049382,15d54a77fbbb18b504d3c92ecaa2531057adacb078a22dd18968196c3c0975ee
routing_compound_regional_stress,routing_compound_regional_stress:seed96100001:epoch30,30,16,discovery,96200000,anchor,-1.0,2108160540.9463973,0.4318578916715201,1905.0,0.10317460317460317,15d54a77fbbb18b504d3c92ecaa2531057adacb078a22dd18968196c3c0975ee
routing_compound_regional_stress,routing_compound_regional_stress:seed96100001:epoch30,30,16,discovery,96200000,u_0.00,0.0,2108296605.564936,0.4306930693069307,1908.0,0.10116492949110975,15d54a77fbbb18b504d3c92ecaa2531057adacb078a22dd18968196c3c0975ee
routing_compound_regional_stress,routing_compound_regional_stress:seed96100001:epoch30,30,16,discovery,96200000,u_0.10,0.1,2109705948.164364,0.42981945253348863,1911.0,0.10116492949110975,15d54a77fbbb18b504d3c92ecaa2531057adacb078a22dd18968196c3c0975ee
routing_compound_regional_stress,routing_compound_regional_stress:seed96100001:epoch30,30,16,discovery,96200000,u_0.20,0.2,2109064871.1250482,0.43098427489807806,1907.0,0.10304878048780487,15d54a77fbbb18b504d3c92ecaa2531057adacb078a22dd18968196c3c0975ee
routing_compound_regional_stress,routing_compound_regional_stress:seed96100001:epoch30,30,16,discovery,96200000,u_0.30,0.3,2112078763.3469384,0.42865463016889926,1909.0,0.10268948655256724,15d54a77fbbb18b504d3c92ecaa2531057adacb078a22dd18968196c3c0975ee
routing_compound_regional_stress,routing_compound_regional_stress:seed96100001:epoch30,30,16,discovery,96200000,u_0.40,0.4,2116992340.076813,0.4263249854397204,1917.0,0.10484365419987737,15d54a77fbbb18b504d3c92ecaa2531057adacb078a22dd18968196c3c0975ee
routing_compound_regional_stress,routing_compound_regional_stress:seed96100001:epoch30,30,16,discovery,96200000,u_0.50,0.5,2112235322.842436,0.4306930693069307,1910.0,0.10397553516819572,15d54a77fbbb18b504d3c92ecaa2531057adacb078a22dd18968196c3c0975ee
routing_compound_regional_stress,routing_compound_regional_stress:seed96100001:epoch30,30,16,discovery,96200000,u_0.60,0.6,2107970345.1442666,0.4330227140361095,1904.0,0.10189139719341062,15d54a77fbbb18b504d3c92ecaa2531057adacb078a22dd18968196c3c0975ee
routing_compound_regional_stress,routing_compound_regional_stress:seed96100001:epoch30,30,16,discovery,96200000,u_0.70,0.7,2107279612.321294,0.43389633080955153,1903.0,0.10121951219512196,15d54a77fbbb18b504d3c92ecaa2531057adacb078a22dd18968196c3c0975ee
routing_compound_regional_stress,routing_compound_regional_stress:seed96100001:epoch30,30,16,discovery,96200000,u_0.80,0.8,2108733570.8272626,0.4330227140361095,1905.0,0.10414129110840438,15d54a77fbbb18b504d3c92ecaa2531057adacb078a22dd18968196c3c0975ee
routing_compound_regional_stress,routing_compound_regional_stress:seed96100001:epoch30,30,16,discovery,96200000,u_0.90,0.9,2108938599.816479,0.4330227140361095,1905.0,0.10414129110840438,15d54a77fbbb18b504d3c92ecaa2531057adacb078a22dd18968196c3c0975ee
routing_compound_regional_stress,routing_compound_regional_stress:seed96100001:epoch30,30,16,discovery,96200000,u_1.00,1.0,2104554841.433805,0.4336051252184042,1897.0,0.09860012172854535,15d54a77fbbb18b504d3c92ecaa2531057adacb078a22dd18968196c3c0975ee
routing_compound_regional_stress,routing_compound_regional_stress:seed96100001:epoch30,30,16,discovery,96200001,anchor,-1.0,2037312045.0253096,0.4154285714285714,1830.0,0.11131840796019901,15d54a77fbbb18b504d3c92ecaa2531057adacb078a22dd18968196c3c0975ee
routing_compound_regional_stress,routing_compound_regional_stress:seed96100001:epoch30,30,16,discovery,96200001,u_0.00,0.0,2045430736.5831556,0.4122857142857143,1838.0,0.11691542288557213,15d54a77fbbb18b504d3c92ecaa2531057adacb078a22dd18968196c3c0975ee
routing_compound_regional_stress,routing_compound_regional_stress:seed96100001:epoch30,30,16,discovery,96200001,u_0.10,0.1,2047398367.9884975,0.4105714285714286,1840.0,0.11603243917654397,15d54a77fbbb18b504d3c92ecaa2531057adacb078a22dd18968196c3c0975ee
routing_compound_regional_stress,routing_compound_regional_stress:seed96100001:epoch30,30,16,discovery,96200001,u_0.20,0.2,2045718987.9655614,0.41314285714285715,1840.0,0.1154562383612663,15d54a77fbbb18b504d3c92ecaa2531057adacb078a22dd18968196c3c0975ee
routing_compound_regional_stress,routing_compound_regional_stress:seed96100001:epoch30,30,16,discovery,96200001,u_0.30,0.3,2047689370.3464847,0.4105714285714286,1843.0,0.11581569115815692,15d54a77fbbb18b504d3c92ecaa2531057adacb078a22dd18968196c3c0975ee
routing_compound_regional_stress,routing_compound_regional_stress:seed96100001:epoch30,30,16,discovery,96200001,u_0.40,0.4,2048337134.5317173,0.40914285714285714,1845.0,0.11753731343283583,15d54a77fbbb18b504d3c92ecaa2531057adacb078a22dd18968196c3c0975ee
routing_compound_regional_stress,routing_compound_regional_stress:seed96100001:epoch30,30,16,discovery,96200001,u_0.50,0.5,2035783226.5055923,0.4157142857142857,1827.0,0.11234567901234568,15d54a77fbbb18b504d3c92ecaa2531057adacb078a22dd18968196c3c0975ee
routing_compound_regional_stress,routing_compound_regional_stress:seed96100001:epoch30,30,16,discovery,96200001,u_0.60,0.6,2042467977.8917203,0.4122857142857143,1836.0,0.11512134411947729,15d54a77fbbb18b504d3c92ecaa2531057adacb078a22dd18968196c3c0975ee
routing_compound_regional_stress,routing_compound_regional_stress:seed96100001:epoch30,30,16,discovery,96200001,u_0.70,0.7,2040369397.827725,0.4134285714285714,1833.0,0.11435674331883157,15d54a77fbbb18b504d3c92ecaa2531057adacb078a22dd18968196c3c0975ee
routing_compound_regional_stress,routing_compound_regional_stress:seed96100001:epoch30,30,16,discovery,96200001,u_0.80,0.8,2039768248.694931,0.4137142857142857,1833.0,0.11428571428571428,15d54a77fbbb18b504d3c92ecaa2531057adacb078a22dd18968196c3c0975ee
routing_compound_regional_stress,routing_compound_regional_stress:seed96100001:epoch30,30,16,discovery,96200001,u_0.90,0.9,2039973277.6841476,0.4137142857142857,1833.0,0.11428571428571428,15d54a77fbbb18b504d3c92ecaa2531057adacb078a22dd18968196c3c0975ee
routing_compound_regional_stress,routing_compound_regional_stress:seed96100001:epoch30,30,16,discovery,96200001,u_1.00,1.0,2031710784.7286663,0.4197142857142857,1824.0,0.11275415896487985,15d54a77fbbb18b504d3c92ecaa2531057adacb078a22dd18968196c3c0975ee
routing_compound_regional_stress,routing_compound_regional_stress:seed96100001:epoch30,30,16,discovery,96200002,anchor,-1.0,1867317817.934161,0.4812520378219759,1777.0,0.10747374922791847,15d54a77fbbb18b504d3c92ecaa2531057adacb078a22dd18968196c3c0975ee
routing_compound_regional_stress,routing_compound_regional_stress:seed96100001:epoch30,30,16,discovery,96200002,u_0.00,0.0,1874545774.909807,0.47407890446690576,1790.0,0.11055900621118013,15d54a77fbbb18b504d3c92ecaa2531057adacb078a22dd18968196c3c0975ee
routing_compound_regional_stress,routing_compound_regional_stress:seed96100001:epoch30,30,16,discovery,96200002,u_0.10,0.1,1877669872.7242126,0.47440495598304533,1794.0,0.1104868913857678,15d54a77fbbb18b504d3c92ecaa2531057adacb078a22dd18968196c3c0975ee
routing_compound_regional_stress,routing_compound_regional_stress:seed96100001:epoch30,30,16,discovery,96200002,u_0.20,0.2,1868706377.5390558,0.47831757417671994,1780.0,0.10780669144981413,15d54a77fbbb18b504d3c92ecaa2531057adacb078a22dd18968196c3c0975ee
routing_compound_regional_stress,routing_compound_regional_stress:seed96100001:epoch30,30,16,discovery,96200002,u_0.30,0.3,1868035659.6639073,0.47864362569285945,1779.0,0.10718711276332094,15d54a77fbbb18b504d3c92ecaa2531057adacb078a22dd18968196c3c0975ee
routing_compound_regional_stress,routing_compound_regional_stress:seed96100001:epoch30,30,16,discovery,96200002,u_0.40,0.4,1873058485.120524,0.4757091620476035,1787.0,0.11049037864680322,15d54a77fbbb18b504d3c92ecaa2531057adacb078a22dd18968196c3c0975ee
routing_compound_regional_stress,routing_compound_regional_stress:seed96100001:epoch30,30,16,discovery,96200002,u_0.50,0.5,1869112813.3891037,0.4776654711444408,1784.0,0.10732009925558313,15d54a77fbbb18b504d3c92ecaa2531057adacb078a22dd18968196c3c0975ee
routing_compound_regional_stress,routing_compound_regional_stress:seed96100001:epoch30,30,16,discovery,96200002,u_0.60,0.6,1870425274.6937156,0.47831757417671994,1786.0,0.10712074303405572,15d54a77fbbb18b504d3c92ecaa2531057adacb078a22dd18968196c3c0975ee
routing_compound_regional_stress,routing_compound_regional_stress:seed96100001:epoch30,30,16,discovery,96200002,u_0.70,0.7,1868808203.6950557,0.4796217802412781,1782.0,0.10630407911001236,15d54a77fbbb18b504d3c92ecaa2531057adacb078a22dd18968196c3c0975ee
routing_compound_regional_stress,routing_compound_regional_stress:seed96100001:epoch30,30,16,discovery,96200002,u_0.80,0.8,1868546748.295962,0.4799478317574177,1780.0,0.10754017305315204,15d54a77fbbb18b504d3c92ecaa2531057adacb078a22dd18968196c3c0975ee
routing_compound_regional_stress,routing_compound_regional_stress:seed96100001:epoch30,30,16,discovery,96200002,u_0.90,0.9,1868751777.2851784,0.4799478317574177,1780.0,0.10754017305315204,15d54a77fbbb18b504d3c92ecaa2531057adacb078a22dd18968196c3c0975ee
routing_compound_regional_stress,routing_compound_regional_stress:seed96100001:epoch30,30,16,discovery,96200002,u_1.00,1.0,1863874014.537024,0.4812520378219759,1775.0,0.1096813725490196,15d54a77fbbb18b504d3c92ecaa2531057adacb078a22dd18968196c3c0975ee
routing_compound_regional_stress,routing_compound_regional_stress:seed96100001:epoch30,30,16,validation,96300000,anchor,-1.0,1582094343.2772074,0.4799210006583278,1435.0,0.09284818067754078,15d54a77fbbb18b504d3c92ecaa2531057adacb078a22dd18968196c3c0975ee
routing_compound_regional_stress,routing_compound_regional_stress:seed96100001:epoch30,30,16,validation,96300000,u_0.00,0.0,1591039259.9825945,0.47630019749835417,1444.0,0.09538850284270373,15d54a77fbbb18b504d3c92ecaa2531057adacb078a22dd18968196c3c0975ee
routing_compound_regional_stress,routing_compound_regional_stress:seed96100001:epoch30,30,16,validation,96300000,u_0.10,0.1,1592308190.5838723,0.4759710335747202,1446.0,0.0949367088607595,15d54a77fbbb18b504d3c92ecaa2531057adacb078a22dd18968196c3c0975ee
routing_compound_regional_stress,routing_compound_regional_stress:seed96100001:epoch30,30,16,validation,96300000,u_0.20,0.2,1583867614.392733,0.477946017116524,1441.0,0.09171410499683745,15d54a77fbbb18b504d3c92ecaa2531057adacb078a22dd18968196c3c0975ee
routing_compound_regional_stress,routing_compound_regional_stress:seed96100001:epoch30,30,16,validation,96300000,u_0.30,0.3,1582880307.5916696,0.47860434496379195,1439.0,0.09102402022756005,15d54a77fbbb18b504d3c92ecaa2531057adacb078a22dd18968196c3c0975ee
routing_compound_regional_stress,routing_compound_regional_stress:seed96100001:epoch30,30,16,validation,96300000,u_0.40,0.4,1586504492.2531028,0.47630019749835417,1443.0,0.09361163820366857,15d54a77fbbb18b504d3c92ecaa2531057adacb078a22dd18968196c3c0975ee
routing_compound_regional_stress,routing_compound_regional_stress:seed96100001:epoch30,30,16,validation,96300000,u_0.50,0.5,1588653483.2727768,0.4759710335747202,1444.0,0.0946969696969697,15d54a77fbbb18b504d3c92ecaa2531057adacb078a22dd18968196c3c0975ee
routing_compound_regional_stress,routing_compound_regional_stress:seed96100001:epoch30,30,16,validation,96300000,u_0.60,0.6,1584710116.5745277,0.47761685319289005,1440.0,0.09439899307740718,15d54a77fbbb18b504d3c92ecaa2531057adacb078a22dd18968196c3c0975ee
routing_compound_regional_stress,routing_compound_regional_stress:seed96100001:epoch30,30,16,validation,96300000,u_0.70,0.7,1581880980.5706296,0.4789335088874259,1436.0,0.0935929648241206,15d54a77fbbb18b504d3c92ecaa2531057adacb078a22dd18968196c3c0975ee
routing_compound_regional_stress,routing_compound_regional_stress:seed96100001:epoch30,30,16,validation,96300000,u_0.80,0.8,1580565678.3494437,0.47959183673469385,1434.0,0.09233668341708542,15d54a77fbbb18b504d3c92ecaa2531057adacb078a22dd18968196c3c0975ee
routing_compound_regional_stress,routing_compound_regional_stress:seed96100001:epoch30,30,16,validation,96300000,u_0.90,0.9,1580770707.3386602,0.47959183673469385,1434.0,0.09233668341708542,15d54a77fbbb18b504d3c92ecaa2531057adacb078a22dd18968196c3c0975ee
routing_compound_regional_stress,routing_compound_regional_stress:seed96100001:epoch30,30,16,validation,96300000,u_1.00,1.0,1572812202.3325613,0.48551678736010534,1422.0,0.0875,15d54a77fbbb18b504d3c92ecaa2531057adacb078a22dd18968196c3c0975ee
routing_compound_regional_stress,routing_compound_regional_stress:seed96100001:epoch30,30,16,validation,96300001,anchor,-1.0,2042072001.6860013,0.421280276816609,1901.0,0.11728772144166158,15d54a77fbbb18b504d3c92ecaa2531057adacb078a22dd18968196c3c0975ee
routing_compound_regional_stress,routing_compound_regional_stress:seed96100001:epoch30,30,16,validation,96300001,u_0.00,0.0,2061044456.8200877,0.41205305651672436,1923.0,0.125,15d54a77fbbb18b504d3c92ecaa2531057adacb078a22dd18968196c3c0975ee
routing_compound_regional_stress,routing_compound_regional_stress:seed96100001:epoch30,30,16,validation,96300001,u_0.10,0.1,2058777396.1904495,0.4137831603229527,1921.0,0.12592137592137592,15d54a77fbbb18b504d3c92ecaa2531057adacb078a22dd18968196c3c0975ee
routing_compound_regional_stress,routing_compound_regional_stress:seed96100001:epoch30,30,16,validation,96300001,u_0.20,0.2,2060447627.806746,0.41147635524798154,1927.0,0.1270820481184454,15d54a77fbbb18b504d3c92ecaa2531057adacb078a22dd18968196c3c0975ee
routing_compound_regional_stress,routing_compound_regional_stress:seed96100001:epoch30,30,16,validation,96300001,u_0.30,0.3,2060189777.3404717,0.41147635524798154,1925.0,0.1260037059913527,15d54a77fbbb18b504d3c92ecaa2531057adacb078a22dd18968196c3c0975ee
routing_compound_regional_stress,routing_compound_regional_stress:seed96100001:epoch30,30,16,validation,96300001,u_0.40,0.4,2053457980.5879335,0.4140715109573241,1915.0,0.1206896551724138,15d54a77fbbb18b504d3c92ecaa2531057adacb078a22dd18968196c3c0975ee
routing_compound_regional_stress,routing_compound_regional_stress:seed96100001:epoch30,30,16,validation,96300001,u_0.50,0.5,2051239491.3218188,0.4166666666666667,1910.0,0.11847759361571517,15d54a77fbbb18b504d3c92ecaa2531057adacb078a22dd18968196c3c0975ee
routing_compound_regional_stress,routing_compound_regional_stress:seed96100001:epoch30,30,16,validation,96300001,u_0.60,0.6,2043448227.04632,0.41926182237600923,1899.0,0.11667684789248625,15d54a77fbbb18b504d3c92ecaa2531057adacb078a22dd18968196c3c0975ee
routing_compound_regional_stress,routing_compound_regional_stress:seed96100001:epoch30,30,16,validation,96300001,u_0.70,0.7,2041191802.4924977,0.4204152249134948,1897.0,0.11592434411226357,15d54a77fbbb18b504d3c92ecaa2531057adacb078a22dd18968196c3c0975ee
routing_compound_regional_stress,routing_compound_regional_stress:seed96100001:epoch30,30,16,validation,96300001,u_0.80,0.8,2045417036.7275863,0.41926182237600923,1902.0,0.11728772144166158,15d54a77fbbb18b504d3c92ecaa2531057adacb078a22dd18968196c3c0975ee
routing_compound_regional_stress,routing_compound_regional_stress:seed96100001:epoch30,30,16,validation,96300001,u_0.90,0.9,2045622065.7168026,0.41926182237600923,1902.0,0.11728772144166158,15d54a77fbbb18b504d3c92ecaa2531057adacb078a22dd18968196c3c0975ee
routing_compound_regional_stress,routing_compound_regional_stress:seed96100001:epoch30,30,16,validation,96300001,u_1.00,1.0,2043414518.2551708,0.4209919261822376,1900.0,0.11693057247259439,15d54a77fbbb18b504d3c92ecaa2531057adacb078a22dd18968196c3c0975ee
routing_compound_regional_stress,routing_compound_regional_stress:seed96100001:epoch30,30,16,validation,96300002,anchor,-1.0,1608277832.6747432,0.5078071961982349,1467.0,0.0916923076923077,15d54a77fbbb18b504d3c92ecaa2531057adacb078a22dd18968196c3c0975ee
routing_compound_regional_stress,routing_compound_regional_stress:seed96100001:epoch30,30,16,validation,96300002,u_0.00,0.0,1618045677.3754907,0.5010183299389002,1480.0,0.09541511771995044,15d54a77fbbb18b504d3c92ecaa2531057adacb078a22dd18968196c3c0975ee
routing_compound_regional_stress,routing_compound_regional_stress:seed96100001:epoch30,30,16,validation,96300002,u_0.10,0.1,1619045898.2714264,0.5006788866259335,1481.0,0.09553349875930521,15d54a77fbbb18b504d3c92ecaa2531057adacb078a22dd18968196c3c0975ee
routing_compound_regional_stress,routing_compound_regional_stress:seed96100001:epoch30,30,16,validation,96300002,u_0.20,0.2,1623181254.0626063,0.4986422267481331,1486.0,0.09627329192546584,15d54a77fbbb18b504d3c92ecaa2531057adacb078a22dd18968196c3c0975ee
routing_compound_regional_stress,routing_compound_regional_stress:seed96100001:epoch30,30,16,validation,96300002,u_0.30,0.3,1623017685.7753718,0.4979633401221996,1487.0,0.09695463020509633,15d54a77fbbb18b504d3c92ecaa2531057adacb078a22dd18968196c3c0975ee
routing_compound_regional_stress,routing_compound_regional_stress:seed96100001:epoch30,30,16,validation,96300002,u_0.40,0.4,1614393014.591407,0.5016972165648337,1476.0,0.0934984520123839,15d54a77fbbb18b504d3c92ecaa2531057adacb078a22dd18968196c3c0975ee
routing_compound_regional_stress,routing_compound_regional_stress:seed96100001:epoch30,30,16,validation,96300002,u_0.50,0.5,1607049209.08082,0.5071283095723014,1465.0,0.0885997521685254,15d54a77fbbb18b504d3c92ecaa2531057adacb078a22dd18968196c3c0975ee
routing_compound_regional_stress,routing_compound_regional_stress:seed96100001:epoch30,30,16,validation,96300002,u_0.60,0.6,1607525741.1196165,0.5071283095723014,1466.0,0.0896168108776267,15d54a77fbbb18b504d3c92ecaa2531057adacb078a22dd18968196c3c0975ee
routing_compound_regional_stress,routing_compound_regional_stress:seed96100001:epoch30,30,16,validation,96300002,u_0.70,0.7,1608427089.5961986,0.506449422946368,1467.0,0.09096534653465346,15d54a77fbbb18b504d3c92ecaa2531057adacb078a22dd18968196c3c0975ee
routing_compound_regional_stress,routing_compound_regional_stress:seed96100001:epoch30,30,16,validation,96300002,u_0.80,0.8,1604659651.7811527,0.5091649694501018,1461.0,0.09001233045622688,15d54a77fbbb18b504d3c92ecaa2531057adacb078a22dd18968196c3c0975ee
routing_compound_regional_stress,routing_compound_regional_stress:seed96100001:epoch30,30,16,validation,96300002,u_0.90,0.9,1604864680.7703695,0.5091649694501018,1461.0,0.09001233045622688,15d54a77fbbb18b504d3c92ecaa2531057adacb078a22dd18968196c3c0975ee
routing_compound_regional_stress,routing_compound_regional_stress:seed96100001:epoch30,30,16,validation,96300002,u_1.00,1.0,1608617846.5086808,0.5067888662593347,1468.0,0.09298029556650246,15d54a77fbbb18b504d3c92ecaa2531057adacb078a22dd18968196c3c0975ee
routing_compound_regional_stress,routing_compound_regional_stress:seed96100001:epoch30,30,16,validation,96300003,anchor,-1.0,1594042598.5566053,0.5288699964576692,1487.0,0.08534322820037106,15d54a77fbbb18b504d3c92ecaa2531057adacb078a22dd18968196c3c0975ee
routing_compound_regional_stress,routing_compound_regional_stress:seed96100001:epoch30,30,16,validation,96300003,u_0.00,0.0,1612125191.638066,0.5164718384697131,1505.0,0.0930817610062893,15d54a77fbbb18b504d3c92ecaa2531057adacb078a22dd18968196c3c0975ee
routing_compound_regional_stress,routing_compound_regional_stress:seed96100001:epoch30,30,16,validation,96300003,u_0.10,0.1,1611026441.8636312,0.5178887708111938,1503.0,0.09182389937106918,15d54a77fbbb18b504d3c92ecaa2531057adacb078a22dd18968196c3c0975ee
routing_compound_regional_stress,routing_compound_regional_stress:seed96100001:epoch30,30,16,validation,96300003,u_0.20,0.2,1597111038.0794668,0.5242649663478569,1489.0,0.08933002481389578,15d54a77fbbb18b504d3c92ecaa2531057adacb078a22dd18968196c3c0975ee
routing_compound_regional_stress,routing_compound_regional_stress:seed96100001:epoch30,30,16,validation,96300003,u_0.30,0.3,1599825349.0165725,0.5224938009210061,1493.0,0.089607965152458,15d54a77fbbb18b504d3c92ecaa2531057adacb078a22dd18968196c3c0975ee
routing_compound_regional_stress,routing_compound_regional_stress:seed96100001:epoch30,30,16,validation,96300003,u_0.40,0.4,1597860788.102884,0.5242649663478569,1494.0,0.09090909090909091,15d54a77fbbb18b504d3c92ecaa2531057adacb078a22dd18968196c3c0975ee
routing_compound_regional_stress,routing_compound_regional_stress:seed96100001:epoch30,30,16,validation,96300003,u_0.50,0.5,1594097194.2103734,0.5281615302869288,1490.0,0.08725247524752475,15d54a77fbbb18b504d3c92ecaa2531057adacb078a22dd18968196c3c0975ee
routing_compound_regional_stress,routing_compound_regional_stress:seed96100001:epoch30,30,16,validation,96300003,u_0.60,0.6,1587874606.5908532,0.5309953949698902,1481.0,0.08620689655172414,15d54a77fbbb18b504d3c92ecaa2531057adacb078a22dd18968196c3c0975ee
routing_compound_regional_stress,routing_compound_regional_stress:seed96100001:epoch30,30,16,validation,96300003,u_0.70,0.7,1584001137.4299698,0.5331207934821113,1476.0,0.0843076923076923,15d54a77fbbb18b504d3c92ecaa2531057adacb078a22dd18968196c3c0975ee
routing_compound_regional_stress,routing_compound_regional_stress:seed96100001:epoch30,30,16,validation,96300003,u_0.80,0.8,1585078790.0358412,0.5327665603967411,1476.0,0.0843076923076923,15d54a77fbbb18b504d3c92ecaa2531057adacb078a22dd18968196c3c0975ee
routing_compound_regional_stress,routing_compound_regional_stress:seed96100001:epoch30,30,16,validation,96300003,u_0.90,0.9,1585283819.0250578,0.5327665603967411,1476.0,0.0843076923076923,15d54a77fbbb18b504d3c92ecaa2531057adacb078a22dd18968196c3c0975ee
routing_compound_regional_stress,routing_compound_regional_stress:seed96100001:epoch30,30,16,validation,96300003,u_1.00,1.0,1594469487.1118596,0.5274530641161884,1483.0,0.08927464352138871,15d54a77fbbb18b504d3c92ecaa2531057adacb078a22dd18968196c3c0975ee
routing_compound_regional_stress,routing_compound_regional_stress:seed96100001:epoch30,30,16,validation,96300004,anchor,-1.0,1746787462.5118446,0.49915909855364954,1614.0,0.09609423434593925,15d54a77fbbb18b504d3c92ecaa2531057adacb078a22dd18968196c3c0975ee
routing_compound_regional_stress,routing_compound_regional_stress:seed96100001:epoch30,30,16,validation,96300004,u_0.00,0.0,1750648521.2087917,0.4941136898755466,1623.0,0.09819763828464885,15d54a77fbbb18b504d3c92ecaa2531057adacb078a22dd18968196c3c0975ee
routing_compound_regional_stress,routing_compound_regional_stress:seed96100001:epoch30,30,16,validation,96300004,u_0.10,0.1,1751434262.6260667,0.4927682475613858,1625.0,0.09713574097135741,15d54a77fbbb18b504d3c92ecaa2531057adacb078a22dd18968196c3c0975ee
routing_compound_regional_stress,routing_compound_regional_stress:seed96100001:epoch30,30,16,validation,96300004,u_0.20,0.2,1746234190.9498923,0.496468213925328,1621.0,0.09683426443202979,15d54a77fbbb18b504d3c92ecaa2531057adacb078a22dd18968196c3c0975ee
routing_compound_regional_stress,routing_compound_regional_stress:seed96100001:epoch30,30,16,validation,96300004,u_0.30,0.3,1746858148.324293,0.4961318533467878,1622.0,0.0968944099378882,15d54a77fbbb18b504d3c92ecaa2531057adacb078a22dd18968196c3c0975ee
routing_compound_regional_stress,routing_compound_regional_stress:seed96100001:epoch30,30,16,validation,96300004,u_0.40,0.4,1742359364.6581151,0.49680457450386817,1617.0,0.09429280397022333,15d54a77fbbb18b504d3c92ecaa2531057adacb078a22dd18968196c3c0975ee
routing_compound_regional_stress,routing_compound_regional_stress:seed96100001:epoch30,30,16,validation,96300004,u_0.50,0.5,1739304449.666936,0.49949545913218973,1610.0,0.09254658385093167,15d54a77fbbb18b504d3c92ecaa2531057adacb078a22dd18968196c3c0975ee
routing_compound_regional_stress,routing_compound_regional_stress:seed96100001:epoch30,30,16,validation,96300004,u_0.60,0.6,1745128898.2882414,0.49714093508240836,1618.0,0.09300873907615481,15d54a77fbbb18b504d3c92ecaa2531057adacb078a22dd18968196c3c0975ee
routing_compound_regional_stress,routing_compound_regional_stress:seed96100001:epoch30,30,16,validation,96300004,u_0.70,0.7,1743706378.6047916,0.49815001681802895,1615.0,0.09283489096573208,15d54a77fbbb18b504d3c92ecaa2531057adacb078a22dd18968196c3c0975ee
routing_compound_regional_stress,routing_compound_regional_stress:seed96100001:epoch30,30,16,validation,96300004,u_0.80,0.8,1738996704.5709412,0.49983181971072993,1609.0,0.09266169154228855,15d54a77fbbb18b504d3c92ecaa2531057adacb078a22dd18968196c3c0975ee
routing_compound_regional_stress,routing_compound_regional_stress:seed96100001:epoch30,30,16,validation,96300004,u_0.90,0.9,1739201733.560158,0.49983181971072993,1609.0,0.09266169154228855,15d54a77fbbb18b504d3c92ecaa2531057adacb078a22dd18968196c3c0975ee
routing_compound_regional_stress,routing_compound_regional_stress:seed96100001:epoch30,30,16,validation,96300004,u_1.00,1.0,1738735762.873153,0.5015136226034309,1607.0,0.09192546583850932,15d54a77fbbb18b504d3c92ecaa2531057adacb078a22dd18968196c3c0975ee
routing_compound_regional_stress,routing_compound_regional_stress:seed96100001:epoch55,55,12,discovery,96200000,anchor,-1.0,75012996.34069535,0.32142857142857145,52.0,0.13432835820895522,15d54a77fbbb18b504d3c92ecaa2531057adacb078a22dd18968196c3c0975ee
routing_compound_regional_stress,routing_compound_regional_stress:seed96100001:epoch55,55,12,discovery,96200000,u_0.00,0.0,77456518.690815,0.32142857142857145,56.0,0.18,15d54a77fbbb18b504d3c92ecaa2531057adacb078a22dd18968196c3c0975ee
routing_compound_regional_stress,routing_compound_regional_stress:seed96100001:epoch55,55,12,discovery,96200000,u_0.10,0.1,77500717.68796006,0.32142857142857145,56.0,0.18,15d54a77fbbb18b504d3c92ecaa2531057adacb078a22dd18968196c3c0975ee
routing_compound_regional_stress,routing_compound_regional_stress:seed96100001:epoch55,55,12,discovery,96200000,u_0.20,0.2,77552323.32423213,0.32142857142857145,56.0,0.17647058823529413,15d54a77fbbb18b504d3c92ecaa2531057adacb078a22dd18968196c3c0975ee
routing_compound_regional_stress,routing_compound_regional_stress:seed96100001:epoch55,55,12,discovery,96200000,u_0.30,0.3,77561044.7289555,0.32142857142857145,56.0,0.17307692307692307,15d54a77fbbb18b504d3c92ecaa2531057adacb078a22dd18968196c3c0975ee
routing_compound_regional_stress,routing_compound_regional_stress:seed96100001:epoch55,55,12,discovery,96200000,u_0.40,0.4,77627452.12977949,0.32142857142857145,56.0,0.16981132075471697,15d54a77fbbb18b504d3c92ecaa2531057adacb078a22dd18968196c3c0975ee
routing_compound_regional_stress,routing_compound_regional_stress:seed96100001:epoch55,55,12,discovery,96200000,u_0.50,0.5,76849761.63082394,0.32142857142857145,55.0,0.15254237288135594,15d54a77fbbb18b504d3c92ecaa2531057adacb078a22dd18968196c3c0975ee
routing_compound_regional_stress,routing_compound_regional_stress:seed96100001:epoch55,55,12,discovery,96200000,u_0.60,0.6,76930965.03208888,0.32142857142857145,55.0,0.15,15d54a77fbbb18b504d3c92ecaa2531057adacb078a22dd18968196c3c0975ee
routing_compound_regional_stress,routing_compound_regional_stress:seed96100001:epoch55,55,12,discovery,96200000,u_0.70,0.7,76254962.32422915,0.32142857142857145,54.0,0.13846153846153847,15d54a77fbbb18b504d3c92ecaa2531057adacb078a22dd18968196c3c0975ee
routing_compound_regional_stress,routing_compound_regional_stress:seed96100001:epoch55,55,12,discovery,96200000,u_0.80,0.8,76300673.73336206,0.32142857142857145,54.0,0.13636363636363635,15d54a77fbbb18b504d3c92ecaa2531057adacb078a22dd18968196c3c0975ee
routing_compound_regional_stress,routing_compound_regional_stress:seed96100001:epoch55,55,12,discovery,96200000,u_0.90,0.9,76404056.72786139,0.32142857142857145,54.0,0.13636363636363635,15d54a77fbbb18b504d3c92ecaa2531057adacb078a22dd18968196c3c0975ee
routing_compound_regional_stress,routing_compound_regional_stress:seed96100001:epoch55,55,12,discovery,96200000,u_1.00,1.0,74563676.42147881,0.32142857142857145,51.0,0.125,15d54a77fbbb18b504d3c92ecaa2531057adacb078a22dd18968196c3c0975ee
routing_compound_regional_stress,routing_compound_regional_stress:seed96100001:epoch55,55,12,discovery,96200001,anchor,-1.0,75012996.34069535,0.32142857142857145,52.0,0.13432835820895522,15d54a77fbbb18b504d3c92ecaa2531057adacb078a22dd18968196c3c0975ee
routing_compound_regional_stress,routing_compound_regional_stress:seed96100001:epoch55,55,12,discovery,96200001,u_0.00,0.0,77456518.690815,0.32142857142857145,56.0,0.18,15d54a77fbbb18b504d3c92ecaa2531057adacb078a22dd18968196c3c0975ee
routing_compound_regional_stress,routing_compound_regional_stress:seed96100001:epoch55,55,12,discovery,96200001,u_0.10,0.1,77500717.68796006,0.32142857142857145,56.0,0.18,15d54a77fbbb18b504d3c92ecaa2531057adacb078a22dd18968196c3c0975ee
routing_compound_regional_stress,routing_compound_regional_stress:seed96100001:epoch55,55,12,discovery,96200001,u_0.20,0.2,77552323.32423213,0.32142857142857145,56.0,0.17647058823529413,15d54a77fbbb18b504d3c92ecaa2531057adacb078a22dd18968196c3c0975ee
routing_compound_regional_stress,routing_compound_regional_stress:seed96100001:epoch55,55,12,discovery,96200001,u_0.30,0.3,77561044.7289555,0.32142857142857145,56.0,0.17307692307692307,15d54a77fbbb18b504d3c92ecaa2531057adacb078a22dd18968196c3c0975ee
routing_compound_regional_stress,routing_compound_regional_stress:seed96100001:epoch55,55,12,discovery,96200001,u_0.40,0.4,77627452.12977949,0.32142857142857145,56.0,0.16981132075471697,15d54a77fbbb18b504d3c92ecaa2531057adacb078a22dd18968196c3c0975ee
routing_compound_regional_stress,routing_compound_regional_stress:seed96100001:epoch55,55,12,discovery,96200001,u_0.50,0.5,76849761.63082394,0.32142857142857145,55.0,0.15254237288135594,15d54a77fbbb18b504d3c92ecaa2531057adacb078a22dd18968196c3c0975ee
routing_compound_regional_stress,routing_compound_regional_stress:seed96100001:epoch55,55,12,discovery,96200001,u_0.60,0.6,76930965.03208888,0.32142857142857145,55.0,0.15,15d54a77fbbb18b504d3c92ecaa2531057adacb078a22dd18968196c3c0975ee
routing_compound_regional_stress,routing_compound_regional_stress:seed96100001:epoch55,55,12,discovery,96200001,u_0.70,0.7,76254962.32422915,0.32142857142857145,54.0,0.13846153846153847,15d54a77fbbb18b504d3c92ecaa2531057adacb078a22dd18968196c3c0975ee
routing_compound_regional_stress,routing_compound_regional_stress:seed96100001:epoch55,55,12,discovery,96200001,u_0.80,0.8,76300673.73336206,0.32142857142857145,54.0,0.13636363636363635,15d54a77fbbb18b504d3c92ecaa2531057adacb078a22dd18968196c3c0975ee
routing_compound_regional_stress,routing_compound_regional_stress:seed96100001:epoch55,55,12,discovery,96200001,u_0.90,0.9,76404056.72786139,0.32142857142857145,54.0,0.13636363636363635,15d54a77fbbb18b504d3c92ecaa2531057adacb078a22dd18968196c3c0975ee
routing_compound_regional_stress,routing_compound_regional_stress:seed96100001:epoch55,55,12,discovery,96200001,u_1.00,1.0,74563676.42147881,0.32142857142857145,51.0,0.125,15d54a77fbbb18b504d3c92ecaa2531057adacb078a22dd18968196c3c0975ee
routing_compound_regional_stress,routing_compound_regional_stress:seed96100001:epoch55,55,12,discovery,96200002,anchor,-1.0,75012996.34069535,0.32142857142857145,52.0,0.13432835820895522,15d54a77fbbb18b504d3c92ecaa2531057adacb078a22dd18968196c3c0975ee
routing_compound_regional_stress,routing_compound_regional_stress:seed96100001:epoch55,55,12,discovery,96200002,u_0.00,0.0,77456518.690815,0.32142857142857145,56.0,0.18,15d54a77fbbb18b504d3c92ecaa2531057adacb078a22dd18968196c3c0975ee
routing_compound_regional_stress,routing_compound_regional_stress:seed96100001:epoch55,55,12,discovery,96200002,u_0.10,0.1,77500717.68796006,0.32142857142857145,56.0,0.18,15d54a77fbbb18b504d3c92ecaa2531057adacb078a22dd18968196c3c0975ee
routing_compound_regional_stress,routing_compound_regional_stress:seed96100001:epoch55,55,12,discovery,96200002,u_0.20,0.2,77552323.32423213,0.32142857142857145,56.0,0.17647058823529413,15d54a77fbbb18b504d3c92ecaa2531057adacb078a22dd18968196c3c0975ee
routing_compound_regional_stress,routing_compound_regional_stress:seed96100001:epoch55,55,12,discovery,96200002,u_0.30,0.3,77561044.7289555,0.32142857142857145,56.0,0.17307692307692307,15d54a77fbbb18b504d3c92ecaa2531057adacb078a22dd18968196c3c0975ee
routing_compound_regional_stress,routing_compound_regional_stress:seed96100001:epoch55,55,12,discovery,96200002,u_0.40,0.4,77627452.12977949,0.32142857142857145,56.0,0.16981132075471697,15d54a77fbbb18b504d3c92ecaa2531057adacb078a22dd18968196c3c0975ee
routing_compound_regional_stress,routing_compound_regional_stress:seed96100001:epoch55,55,12,discovery,96200002,u_0.50,0.5,76849761.63082394,0.32142857142857145,55.0,0.15254237288135594,15d54a77fbbb18b504d3c92ecaa2531057adacb078a22dd18968196c3c0975ee
routing_compound_regional_stress,routing_compound_regional_stress:seed96100001:epoch55,55,12,discovery,96200002,u_0.60,0.6,76930965.03208888,0.32142857142857145,55.0,0.15,15d54a77fbbb18b504d3c92ecaa2531057adacb078a22dd18968196c3c0975ee
routing_compound_regional_stress,routing_compound_regional_stress:seed96100001:epoch55,55,12,discovery,96200002,u_0.70,0.7,76254962.32422915,0.32142857142857145,54.0,0.13846153846153847,15d54a77fbbb18b504d3c92ecaa2531057adacb078a22dd18968196c3c0975ee
routing_compound_regional_stress,routing_compound_regional_stress:seed96100001:epoch55,55,12,discovery,96200002,u_0.80,0.8,76300673.73336206,0.32142857142857145,54.0,0.13636363636363635,15d54a77fbbb18b504d3c92ecaa2531057adacb078a22dd18968196c3c0975ee
routing_compound_regional_stress,routing_compound_regional_stress:seed96100001:epoch55,55,12,discovery,96200002,u_0.90,0.9,76404056.72786139,0.32142857142857145,54.0,0.13636363636363635,15d54a77fbbb18b504d3c92ecaa2531057adacb078a22dd18968196c3c0975ee
routing_compound_regional_stress,routing_compound_regional_stress:seed96100001:epoch55,55,12,discovery,96200002,u_1.00,1.0,74563676.42147881,0.32142857142857145,51.0,0.125,15d54a77fbbb18b504d3c92ecaa2531057adacb078a22dd18968196c3c0975ee
routing_compound_regional_stress,routing_compound_regional_stress:seed96100001:epoch55,55,12,validation,96300000,anchor,-1.0,75012996.34069535,0.32142857142857145,52.0,0.13432835820895522,15d54a77fbbb18b504d3c92ecaa2531057adacb078a22dd18968196c3c0975ee
routing_compound_regional_stress,routing_compound_regional_stress:seed96100001:epoch55,55,12,validation,96300000,u_0.00,0.0,77456518.690815,0.32142857142857145,56.0,0.18,15d54a77fbbb18b504d3c92ecaa2531057adacb078a22dd18968196c3c0975ee
routing_compound_regional_stress,routing_compound_regional_stress:seed96100001:epoch55,55,12,validation,96300000,u_0.10,0.1,77500717.68796006,0.32142857142857145,56.0,0.18,15d54a77fbbb18b504d3c92ecaa2531057adacb078a22dd18968196c3c0975ee
routing_compound_regional_stress,routing_compound_regional_stress:seed96100001:epoch55,55,12,validation,96300000,u_0.20,0.2,77552323.32423213,0.32142857142857145,56.0,0.17647058823529413,15d54a77fbbb18b504d3c92ecaa2531057adacb078a22dd18968196c3c0975ee
routing_compound_regional_stress,routing_compound_regional_stress:seed96100001:epoch55,55,12,validation,96300000,u_0.30,0.3,77561044.7289555,0.32142857142857145,56.0,0.17307692307692307,15d54a77fbbb18b504d3c92ecaa2531057adacb078a22dd18968196c3c0975ee
routing_compound_regional_stress,routing_compound_regional_stress:seed96100001:epoch55,55,12,validation,96300000,u_0.40,0.4,77627452.12977949,0.32142857142857145,56.0,0.16981132075471697,15d54a77fbbb18b504d3c92ecaa2531057adacb078a22dd18968196c3c0975ee
routing_compound_regional_stress,routing_compound_regional_stress:seed96100001:epoch55,55,12,validation,96300000,u_0.50,0.5,76849761.63082394,0.32142857142857145,55.0,0.15254237288135594,15d54a77fbbb18b504d3c92ecaa2531057adacb078a22dd18968196c3c0975ee
routing_compound_regional_stress,routing_compound_regional_stress:seed96100001:epoch55,55,12,validation,96300000,u_0.60,0.6,76930965.03208888,0.32142857142857145,55.0,0.15,15d54a77fbbb18b504d3c92ecaa2531057adacb078a22dd18968196c3c0975ee
routing_compound_regional_stress,routing_compound_regional_stress:seed96100001:epoch55,55,12,validation,96300000,u_0.70,0.7,76254962.32422915,0.32142857142857145,54.0,0.13846153846153847,15d54a77fbbb18b504d3c92ecaa2531057adacb078a22dd18968196c3c0975ee
routing_compound_regional_stress,routing_compound_regional_stress:seed96100001:epoch55,55,12,validation,96300000,u_0.80,0.8,76300673.73336206,0.32142857142857145,54.0,0.13636363636363635,15d54a77fbbb18b504d3c92ecaa2531057adacb078a22dd18968196c3c0975ee
routing_compound_regional_stress,routing_compound_regional_stress:seed96100001:epoch55,55,12,validation,96300000,u_0.90,0.9,76404056.72786139,0.32142857142857145,54.0,0.13636363636363635,15d54a77fbbb18b504d3c92ecaa2531057adacb078a22dd18968196c3c0975ee
routing_compound_regional_stress,routing_compound_regional_stress:seed96100001:epoch55,55,12,validation,96300000,u_1.00,1.0,74563676.42147881,0.32142857142857145,51.0,0.125,15d54a77fbbb18b504d3c92ecaa2531057adacb078a22dd18968196c3c0975ee
routing_compound_regional_stress,routing_compound_regional_stress:seed96100001:epoch55,55,12,validation,96300001,anchor,-1.0,75012996.34069535,0.32142857142857145,52.0,0.13432835820895522,15d54a77fbbb18b504d3c92ecaa2531057adacb078a22dd18968196c3c0975ee
routing_compound_regional_stress,routing_compound_regional_stress:seed96100001:epoch55,55,12,validation,96300001,u_0.00,0.0,77456518.690815,0.32142857142857145,56.0,0.18,15d54a77fbbb18b504d3c92ecaa2531057adacb078a22dd18968196c3c0975ee
routing_compound_regional_stress,routing_compound_regional_stress:seed96100001:epoch55,55,12,validation,96300001,u_0.10,0.1,77500717.68796006,0.32142857142857145,56.0,0.18,15d54a77fbbb18b504d3c92ecaa2531057adacb078a22dd18968196c3c0975ee
routing_compound_regional_stress,routing_compound_regional_stress:seed96100001:epoch55,55,12,validation,96300001,u_0.20,0.2,77552323.32423213,0.32142857142857145,56.0,0.17647058823529413,15d54a77fbbb18b504d3c92ecaa2531057adacb078a22dd18968196c3c0975ee
routing_compound_regional_stress,routing_compound_regional_stress:seed96100001:epoch55,55,12,validation,96300001,u_0.30,0.3,77561044.7289555,0.32142857142857145,56.0,0.17307692307692307,15d54a77fbbb18b504d3c92ecaa2531057adacb078a22dd18968196c3c0975ee
routing_compound_regional_stress,routing_compound_regional_stress:seed96100001:epoch55,55,12,validation,96300001,u_0.40,0.4,77627452.12977949,0.32142857142857145,56.0,0.16981132075471697,15d54a77fbbb18b504d3c92ecaa2531057adacb078a22dd18968196c3c0975ee
routing_compound_regional_stress,routing_compound_regional_stress:seed96100001:epoch55,55,12,validation,96300001,u_0.50,0.5,76849761.63082394,0.32142857142857145,55.0,0.15254237288135594,15d54a77fbbb18b504d3c92ecaa2531057adacb078a22dd18968196c3c0975ee
routing_compound_regional_stress,routing_compound_regional_stress:seed96100001:epoch55,55,12,validation,96300001,u_0.60,0.6,76930965.03208888,0.32142857142857145,55.0,0.15,15d54a77fbbb18b504d3c92ecaa2531057adacb078a22dd18968196c3c0975ee
routing_compound_regional_stress,routing_compound_regional_stress:seed96100001:epoch55,55,12,validation,96300001,u_0.70,0.7,76254962.32422915,0.32142857142857145,54.0,0.13846153846153847,15d54a77fbbb18b504d3c92ecaa2531057adacb078a22dd18968196c3c0975ee
routing_compound_regional_stress,routing_compound_regional_stress:seed96100001:epoch55,55,12,validation,96300001,u_0.80,0.8,76300673.73336206,0.32142857142857145,54.0,0.13636363636363635,15d54a77fbbb18b504d3c92ecaa2531057adacb078a22dd18968196c3c0975ee
routing_compound_regional_stress,routing_compound_regional_stress:seed96100001:epoch55,55,12,validation,96300001,u_0.90,0.9,76404056.72786139,0.32142857142857145,54.0,0.13636363636363635,15d54a77fbbb18b504d3c92ecaa2531057adacb078a22dd18968196c3c0975ee
routing_compound_regional_stress,routing_compound_regional_stress:seed96100001:epoch55,55,12,validation,96300001,u_1.00,1.0,74563676.42147881,0.32142857142857145,51.0,0.125,15d54a77fbbb18b504d3c92ecaa2531057adacb078a22dd18968196c3c0975ee
routing_compound_regional_stress,routing_compound_regional_stress:seed96100001:epoch55,55,12,validation,96300002,anchor,-1.0,75012996.34069535,0.32142857142857145,52.0,0.13432835820895522,15d54a77fbbb18b504d3c92ecaa2531057adacb078a22dd18968196c3c0975ee
routing_compound_regional_stress,routing_compound_regional_stress:seed96100001:epoch55,55,12,validation,96300002,u_0.00,0.0,77456518.690815,0.32142857142857145,56.0,0.18,15d54a77fbbb18b504d3c92ecaa2531057adacb078a22dd18968196c3c0975ee
routing_compound_regional_stress,routing_compound_regional_stress:seed96100001:epoch55,55,12,validation,96300002,u_0.10,0.1,77500717.68796006,0.32142857142857145,56.0,0.18,15d54a77fbbb18b504d3c92ecaa2531057adacb078a22dd18968196c3c0975ee
routing_compound_regional_stress,routing_compound_regional_stress:seed96100001:epoch55,55,12,validation,96300002,u_0.20,0.2,77552323.32423213,0.32142857142857145,56.0,0.17647058823529413,15d54a77fbbb18b504d3c92ecaa2531057adacb078a22dd18968196c3c0975ee
routing_compound_regional_stress,routing_compound_regional_stress:seed96100001:epoch55,55,12,validation,96300002,u_0.30,0.3,77561044.7289555,0.32142857142857145,56.0,0.17307692307692307,15d54a77fbbb18b504d3c92ecaa2531057adacb078a22dd18968196c3c0975ee
routing_compound_regional_stress,routing_compound_regional_stress:seed96100001:epoch55,55,12,validation,96300002,u_0.40,0.4,77627452.12977949,0.32142857142857145,56.0,0.16981132075471697,15d54a77fbbb18b504d3c92ecaa2531057adacb078a22dd18968196c3c0975ee
routing_compound_regional_stress,routing_compound_regional_stress:seed96100001:epoch55,55,12,validation,96300002,u_0.50,0.5,76849761.63082394,0.32142857142857145,55.0,0.15254237288135594,15d54a77fbbb18b504d3c92ecaa2531057adacb078a22dd18968196c3c0975ee
routing_compound_regional_stress,routing_compound_regional_stress:seed96100001:epoch55,55,12,validation,96300002,u_0.60,0.6,76930965.03208888,0.32142857142857145,55.0,0.15,15d54a77fbbb18b504d3c92ecaa2531057adacb078a22dd18968196c3c0975ee
routing_compound_regional_stress,routing_compound_regional_stress:seed96100001:epoch55,55,12,validation,96300002,u_0.70,0.7,76254962.32422915,0.32142857142857145,54.0,0.13846153846153847,15d54a77fbbb18b504d3c92ecaa2531057adacb078a22dd18968196c3c0975ee
routing_compound_regional_stress,routing_compound_regional_stress:seed96100001:epoch55,55,12,validation,96300002,u_0.80,0.8,76300673.73336206,0.32142857142857145,54.0,0.13636363636363635,15d54a77fbbb18b504d3c92ecaa2531057adacb078a22dd18968196c3c0975ee
routing_compound_regional_stress,routing_compound_regional_stress:seed96100001:epoch55,55,12,validation,96300002,u_0.90,0.9,76404056.72786139,0.32142857142857145,54.0,0.13636363636363635,15d54a77fbbb18b504d3c92ecaa2531057adacb078a22dd18968196c3c0975ee
routing_compound_regional_stress,routing_compound_regional_stress:seed96100001:epoch55,55,12,validation,96300002,u_1.00,1.0,74563676.42147881,0.32142857142857145,51.0,0.125,15d54a77fbbb18b504d3c92ecaa2531057adacb078a22dd18968196c3c0975ee
routing_compound_regional_stress,routing_compound_regional_stress:seed96100001:epoch55,55,12,validation,96300003,anchor,-1.0,75012996.34069535,0.32142857142857145,52.0,0.13432835820895522,15d54a77fbbb18b504d3c92ecaa2531057adacb078a22dd18968196c3c0975ee
routing_compound_regional_stress,routing_compound_regional_stress:seed96100001:epoch55,55,12,validation,96300003,u_0.00,0.0,77456518.690815,0.32142857142857145,56.0,0.18,15d54a77fbbb18b504d3c92ecaa2531057adacb078a22dd18968196c3c0975ee
routing_compound_regional_stress,routing_compound_regional_stress:seed96100001:epoch55,55,12,validation,96300003,u_0.10,0.1,77500717.68796006,0.32142857142857145,56.0,0.18,15d54a77fbbb18b504d3c92ecaa2531057adacb078a22dd18968196c3c0975ee
routing_compound_regional_stress,routing_compound_regional_stress:seed96100001:epoch55,55,12,validation,96300003,u_0.20,0.2,77552323.32423213,0.32142857142857145,56.0,0.17647058823529413,15d54a77fbbb18b504d3c92ecaa2531057adacb078a22dd18968196c3c0975ee
routing_compound_regional_stress,routing_compound_regional_stress:seed96100001:epoch55,55,12,validation,96300003,u_0.30,0.3,77561044.7289555,0.32142857142857145,56.0,0.17307692307692307,15d54a77fbbb18b504d3c92ecaa2531057adacb078a22dd18968196c3c0975ee
routing_compound_regional_stress,routing_compound_regional_stress:seed96100001:epoch55,55,12,validation,96300003,u_0.40,0.4,77627452.12977949,0.32142857142857145,56.0,0.16981132075471697,15d54a77fbbb18b504d3c92ecaa2531057adacb078a22dd18968196c3c0975ee
routing_compound_regional_stress,routing_compound_regional_stress:seed96100001:epoch55,55,12,validation,96300003,u_0.50,0.5,76849761.63082394,0.32142857142857145,55.0,0.15254237288135594,15d54a77fbbb18b504d3c92ecaa2531057adacb078a22dd18968196c3c0975ee
routing_compound_regional_stress,routing_compound_regional_stress:seed96100001:epoch55,55,12,validation,96300003,u_0.60,0.6,76930965.03208888,0.32142857142857145,55.0,0.15,15d54a77fbbb18b504d3c92ecaa2531057adacb078a22dd18968196c3c0975ee
routing_compound_regional_stress,routing_compound_regional_stress:seed96100001:epoch55,55,12,validation,96300003,u_0.70,0.7,76254962.32422915,0.32142857142857145,54.0,0.13846153846153847,15d54a77fbbb18b504d3c92ecaa2531057adacb078a22dd18968196c3c0975ee
routing_compound_regional_stress,routing_compound_regional_stress:seed96100001:epoch55,55,12,validation,96300003,u_0.80,0.8,76300673.73336206,0.32142857142857145,54.0,0.13636363636363635,15d54a77fbbb18b504d3c92ecaa2531057adacb078a22dd18968196c3c0975ee
routing_compound_regional_stress,routing_compound_regional_stress:seed96100001:epoch55,55,12,validation,96300003,u_0.90,0.9,76404056.72786139,0.32142857142857145,54.0,0.13636363636363635,15d54a77fbbb18b504d3c92ecaa2531057adacb078a22dd18968196c3c0975ee
routing_compound_regional_stress,routing_compound_regional_stress:seed96100001:epoch55,55,12,validation,96300003,u_1.00,1.0,74563676.42147881,0.32142857142857145,51.0,0.125,15d54a77fbbb18b504d3c92ecaa2531057adacb078a22dd18968196c3c0975ee
routing_compound_regional_stress,routing_compound_regional_stress:seed96100001:epoch55,55,12,validation,96300004,anchor,-1.0,75012996.34069535,0.32142857142857145,52.0,0.13432835820895522,15d54a77fbbb18b504d3c92ecaa2531057adacb078a22dd18968196c3c0975ee
routing_compound_regional_stress,routing_compound_regional_stress:seed96100001:epoch55,55,12,validation,96300004,u_0.00,0.0,77456518.690815,0.32142857142857145,56.0,0.18,15d54a77fbbb18b504d3c92ecaa2531057adacb078a22dd18968196c3c0975ee
routing_compound_regional_stress,routing_compound_regional_stress:seed96100001:epoch55,55,12,validation,96300004,u_0.10,0.1,77500717.68796006,0.32142857142857145,56.0,0.18,15d54a77fbbb18b504d3c92ecaa2531057adacb078a22dd18968196c3c0975ee
routing_compound_regional_stress,routing_compound_regional_stress:seed96100001:epoch55,55,12,validation,96300004,u_0.20,0.2,77552323.32423213,0.32142857142857145,56.0,0.17647058823529413,15d54a77fbbb18b504d3c92ecaa2531057adacb078a22dd18968196c3c0975ee
routing_compound_regional_stress,routing_compound_regional_stress:seed96100001:epoch55,55,12,validation,96300004,u_0.30,0.3,77561044.7289555,0.32142857142857145,56.0,0.17307692307692307,15d54a77fbbb18b504d3c92ecaa2531057adacb078a22dd18968196c3c0975ee
routing_compound_regional_stress,routing_compound_regional_stress:seed96100001:epoch55,55,12,validation,96300004,u_0.40,0.4,77627452.12977949,0.32142857142857145,56.0,0.16981132075471697,15d54a77fbbb18b504d3c92ecaa2531057adacb078a22dd18968196c3c0975ee
routing_compound_regional_stress,routing_compound_regional_stress:seed96100001:epoch55,55,12,validation,96300004,u_0.50,0.5,76849761.63082394,0.32142857142857145,55.0,0.15254237288135594,15d54a77fbbb18b504d3c92ecaa2531057adacb078a22dd18968196c3c0975ee
routing_compound_regional_stress,routing_compound_regional_stress:seed96100001:epoch55,55,12,validation,96300004,u_0.60,0.6,76930965.03208888,0.32142857142857145,55.0,0.15,15d54a77fbbb18b504d3c92ecaa2531057adacb078a22dd18968196c3c0975ee
routing_compound_regional_stress,routing_compound_regional_stress:seed96100001:epoch55,55,12,validation,96300004,u_0.70,0.7,76254962.32422915,0.32142857142857145,54.0,0.13846153846153847,15d54a77fbbb18b504d3c92ecaa2531057adacb078a22dd18968196c3c0975ee
routing_compound_regional_stress,routing_compound_regional_stress:seed96100001:epoch55,55,12,validation,96300004,u_0.80,0.8,76300673.73336206,0.32142857142857145,54.0,0.13636363636363635,15d54a77fbbb18b504d3c92ecaa2531057adacb078a22dd18968196c3c0975ee
routing_compound_regional_stress,routing_compound_regional_stress:seed96100001:epoch55,55,12,validation,96300004,u_0.90,0.9,76404056.72786139,0.32142857142857145,54.0,0.13636363636363635,15d54a77fbbb18b504d3c92ecaa2531057adacb078a22dd18968196c3c0975ee
routing_compound_regional_stress,routing_compound_regional_stress:seed96100001:epoch55,55,12,validation,96300004,u_1.00,1.0,74563676.42147881,0.32142857142857145,51.0,0.125,15d54a77fbbb18b504d3c92ecaa2531057adacb078a22dd18968196c3c0975ee
routing_compound_regional_stress,routing_compound_regional_stress:seed96100001:epoch80,80,13,discovery,96200000,anchor,-1.0,124765294.5678066,0.45794392523364486,140.0,0.19298245614035087,15d54a77fbbb18b504d3c92ecaa2531057adacb078a22dd18968196c3c0975ee
routing_compound_regional_stress,routing_compound_regional_stress:seed96100001:epoch80,80,13,discovery,96200000,u_0.00,0.0,128944637.34235764,0.45794392523364486,147.0,0.2619047619047619,15d54a77fbbb18b504d3c92ecaa2531057adacb078a22dd18968196c3c0975ee
routing_compound_regional_stress,routing_compound_regional_stress:seed96100001:epoch80,80,13,discovery,96200000,u_0.10,0.1,128446178.4270359,0.45794392523364486,146.0,0.2558139534883721,15d54a77fbbb18b504d3c92ecaa2531057adacb078a22dd18968196c3c0975ee
routing_compound_regional_stress,routing_compound_regional_stress:seed96100001:epoch80,80,13,discovery,96200000,u_0.20,0.2,128506721.4226081,0.45794392523364486,146.0,0.2558139534883721,15d54a77fbbb18b504d3c92ecaa2531057adacb078a22dd18968196c3c0975ee
routing_compound_regional_stress,routing_compound_regional_stress:seed96100001:epoch80,80,13,discovery,96200000,u_0.30,0.3,128526152.82815759,0.45794392523364486,146.0,0.25,15d54a77fbbb18b504d3c92ecaa2531057adacb078a22dd18968196c3c0975ee
routing_compound_regional_stress,routing_compound_regional_stress:seed96100001:epoch80,80,13,discovery,96200000,u_0.40,0.4,128605019.82912801,0.45794392523364486,146.0,0.25,15d54a77fbbb18b504d3c92ecaa2531057adacb078a22dd18968196c3c0975ee
routing_compound_regional_stress,routing_compound_regional_stress:seed96100001:epoch80,80,13,discovery,96200000,u_0.50,0.5,126716887.53037149,0.45794392523364486,143.0,0.22,15d54a77fbbb18b504d3c92ecaa2531057adacb078a22dd18968196c3c0975ee
routing_compound_regional_stress,routing_compound_regional_stress:seed96100001:epoch80,80,13,discovery,96200000,u_0.60,0.6,126814078.53188801,0.45794392523364486,143.0,0.22,15d54a77fbbb18b504d3c92ecaa2531057adacb078a22dd18968196c3c0975ee
routing_compound_regional_stress,routing_compound_regional_stress:seed96100001:epoch80,80,13,discovery,96200000,u_0.70,0.7,125494724.23367757,0.45794392523364486,141.0,0.2,15d54a77fbbb18b504d3c92ecaa2531057adacb078a22dd18968196c3c0975ee
routing_compound_regional_stress,routing_compound_regional_stress:seed96100001:epoch80,80,13,discovery,96200000,u_0.80,0.8,125610253.64468804,0.45794392523364486,141.0,0.19642857142857142,15d54a77fbbb18b504d3c92ecaa2531057adacb078a22dd18968196c3c0975ee
routing_compound_regional_stress,routing_compound_regional_stress:seed96100001:epoch80,80,13,discovery,96200000,u_0.90,0.9,125734930.63807586,0.45794392523364486,141.0,0.19642857142857142,15d54a77fbbb18b504d3c92ecaa2531057adacb078a22dd18968196c3c0975ee
routing_compound_regional_stress,routing_compound_regional_stress:seed96100001:epoch80,80,13,discovery,96200000,u_1.00,1.0,123967896.33037148,0.45794392523364486,138.0,0.1774193548387097,15d54a77fbbb18b504d3c92ecaa2531057adacb078a22dd18968196c3c0975ee
routing_compound_regional_stress,routing_compound_regional_stress:seed96100001:epoch80,80,13,discovery,96200001,anchor,-1.0,124765294.5678066,0.45794392523364486,140.0,0.19298245614035087,15d54a77fbbb18b504d3c92ecaa2531057adacb078a22dd18968196c3c0975ee
routing_compound_regional_stress,routing_compound_regional_stress:seed96100001:epoch80,80,13,discovery,96200001,u_0.00,0.0,128944637.34235764,0.45794392523364486,147.0,0.2619047619047619,15d54a77fbbb18b504d3c92ecaa2531057adacb078a22dd18968196c3c0975ee
routing_compound_regional_stress,routing_compound_regional_stress:seed96100001:epoch80,80,13,discovery,96200001,u_0.10,0.1,128446178.4270359,0.45794392523364486,146.0,0.2558139534883721,15d54a77fbbb18b504d3c92ecaa2531057adacb078a22dd18968196c3c0975ee
routing_compound_regional_stress,routing_compound_regional_stress:seed96100001:epoch80,80,13,discovery,96200001,u_0.20,0.2,128506721.4226081,0.45794392523364486,146.0,0.2558139534883721,15d54a77fbbb18b504d3c92ecaa2531057adacb078a22dd18968196c3c0975ee
routing_compound_regional_stress,routing_compound_regional_stress:seed96100001:epoch80,80,13,discovery,96200001,u_0.30,0.3,128526152.82815759,0.45794392523364486,146.0,0.25,15d54a77fbbb18b504d3c92ecaa2531057adacb078a22dd18968196c3c0975ee
routing_compound_regional_stress,routing_compound_regional_stress:seed96100001:epoch80,80,13,discovery,96200001,u_0.40,0.4,128605019.82912801,0.45794392523364486,146.0,0.25,15d54a77fbbb18b504d3c92ecaa2531057adacb078a22dd18968196c3c0975ee
routing_compound_regional_stress,routing_compound_regional_stress:seed96100001:epoch80,80,13,discovery,96200001,u_0.50,0.5,126716887.53037149,0.45794392523364486,143.0,0.22,15d54a77fbbb18b504d3c92ecaa2531057adacb078a22dd18968196c3c0975ee
routing_compound_regional_stress,routing_compound_regional_stress:seed96100001:epoch80,80,13,discovery,96200001,u_0.60,0.6,126814078.53188801,0.45794392523364486,143.0,0.22,15d54a77fbbb18b504d3c92ecaa2531057adacb078a22dd18968196c3c0975ee
routing_compound_regional_stress,routing_compound_regional_stress:seed96100001:epoch80,80,13,discovery,96200001,u_0.70,0.7,125494724.23367757,0.45794392523364486,141.0,0.2,15d54a77fbbb18b504d3c92ecaa2531057adacb078a22dd18968196c3c0975ee
routing_compound_regional_stress,routing_compound_regional_stress:seed96100001:epoch80,80,13,discovery,96200001,u_0.80,0.8,125610253.64468804,0.45794392523364486,141.0,0.19642857142857142,15d54a77fbbb18b504d3c92ecaa2531057adacb078a22dd18968196c3c0975ee
routing_compound_regional_stress,routing_compound_regional_stress:seed96100001:epoch80,80,13,discovery,96200001,u_0.90,0.9,125734930.63807586,0.45794392523364486,141.0,0.19642857142857142,15d54a77fbbb18b504d3c92ecaa2531057adacb078a22dd18968196c3c0975ee
routing_compound_regional_stress,routing_compound_regional_stress:seed96100001:epoch80,80,13,discovery,96200001,u_1.00,1.0,123967896.33037148,0.45794392523364486,138.0,0.1774193548387097,15d54a77fbbb18b504d3c92ecaa2531057adacb078a22dd18968196c3c0975ee
routing_compound_regional_stress,routing_compound_regional_stress:seed96100001:epoch80,80,13,discovery,96200002,anchor,-1.0,124765294.5678066,0.45794392523364486,140.0,0.19298245614035087,15d54a77fbbb18b504d3c92ecaa2531057adacb078a22dd18968196c3c0975ee
routing_compound_regional_stress,routing_compound_regional_stress:seed96100001:epoch80,80,13,discovery,96200002,u_0.00,0.0,128944637.34235764,0.45794392523364486,147.0,0.2619047619047619,15d54a77fbbb18b504d3c92ecaa2531057adacb078a22dd18968196c3c0975ee
routing_compound_regional_stress,routing_compound_regional_stress:seed96100001:epoch80,80,13,discovery,96200002,u_0.10,0.1,128446178.4270359,0.45794392523364486,146.0,0.2558139534883721,15d54a77fbbb18b504d3c92ecaa2531057adacb078a22dd18968196c3c0975ee
routing_compound_regional_stress,routing_compound_regional_stress:seed96100001:epoch80,80,13,discovery,96200002,u_0.20,0.2,128506721.4226081,0.45794392523364486,146.0,0.2558139534883721,15d54a77fbbb18b504d3c92ecaa2531057adacb078a22dd18968196c3c0975ee
routing_compound_regional_stress,routing_compound_regional_stress:seed96100001:epoch80,80,13,discovery,96200002,u_0.30,0.3,128526152.82815759,0.45794392523364486,146.0,0.25,15d54a77fbbb18b504d3c92ecaa2531057adacb078a22dd18968196c3c0975ee
routing_compound_regional_stress,routing_compound_regional_stress:seed96100001:epoch80,80,13,discovery,96200002,u_0.40,0.4,128605019.82912801,0.45794392523364486,146.0,0.25,15d54a77fbbb18b504d3c92ecaa2531057adacb078a22dd18968196c3c0975ee
routing_compound_regional_stress,routing_compound_regional_stress:seed96100001:epoch80,80,13,discovery,96200002,u_0.50,0.5,126716887.53037149,0.45794392523364486,143.0,0.22,15d54a77fbbb18b504d3c92ecaa2531057adacb078a22dd18968196c3c0975ee
routing_compound_regional_stress,routing_compound_regional_stress:seed96100001:epoch80,80,13,discovery,96200002,u_0.60,0.6,126814078.53188801,0.45794392523364486,143.0,0.22,15d54a77fbbb18b504d3c92ecaa2531057adacb078a22dd18968196c3c0975ee
routing_compound_regional_stress,routing_compound_regional_stress:seed96100001:epoch80,80,13,discovery,96200002,u_0.70,0.7,125494724.23367757,0.45794392523364486,141.0,0.2,15d54a77fbbb18b504d3c92ecaa2531057adacb078a22dd18968196c3c0975ee
routing_compound_regional_stress,routing_compound_regional_stress:seed96100001:epoch80,80,13,discovery,96200002,u_0.80,0.8,125610253.64468804,0.45794392523364486,141.0,0.19642857142857142,15d54a77fbbb18b504d3c92ecaa2531057adacb078a22dd18968196c3c0975ee
routing_compound_regional_stress,routing_compound_regional_stress:seed96100001:epoch80,80,13,discovery,96200002,u_0.90,0.9,125734930.63807586,0.45794392523364486,141.0,0.19642857142857142,15d54a77fbbb18b504d3c92ecaa2531057adacb078a22dd18968196c3c0975ee
routing_compound_regional_stress,routing_compound_regional_stress:seed96100001:epoch80,80,13,discovery,96200002,u_1.00,1.0,123967896.33037148,0.45794392523364486,138.0,0.1774193548387097,15d54a77fbbb18b504d3c92ecaa2531057adacb078a22dd18968196c3c0975ee
routing_compound_regional_stress,routing_compound_regional_stress:seed96100001:epoch80,80,13,validation,96300000,anchor,-1.0,124765294.5678066,0.45794392523364486,140.0,0.19298245614035087,15d54a77fbbb18b504d3c92ecaa2531057adacb078a22dd18968196c3c0975ee
routing_compound_regional_stress,routing_compound_regional_stress:seed96100001:epoch80,80,13,validation,96300000,u_0.00,0.0,128944637.34235764,0.45794392523364486,147.0,0.2619047619047619,15d54a77fbbb18b504d3c92ecaa2531057adacb078a22dd18968196c3c0975ee
routing_compound_regional_stress,routing_compound_regional_stress:seed96100001:epoch80,80,13,validation,96300000,u_0.10,0.1,128446178.4270359,0.45794392523364486,146.0,0.2558139534883721,15d54a77fbbb18b504d3c92ecaa2531057adacb078a22dd18968196c3c0975ee
routing_compound_regional_stress,routing_compound_regional_stress:seed96100001:epoch80,80,13,validation,96300000,u_0.20,0.2,128506721.4226081,0.45794392523364486,146.0,0.2558139534883721,15d54a77fbbb18b504d3c92ecaa2531057adacb078a22dd18968196c3c0975ee
routing_compound_regional_stress,routing_compound_regional_stress:seed96100001:epoch80,80,13,validation,96300000,u_0.30,0.3,128526152.82815759,0.45794392523364486,146.0,0.25,15d54a77fbbb18b504d3c92ecaa2531057adacb078a22dd18968196c3c0975ee
routing_compound_regional_stress,routing_compound_regional_stress:seed96100001:epoch80,80,13,validation,96300000,u_0.40,0.4,128605019.82912801,0.45794392523364486,146.0,0.25,15d54a77fbbb18b504d3c92ecaa2531057adacb078a22dd18968196c3c0975ee
routing_compound_regional_stress,routing_compound_regional_stress:seed96100001:epoch80,80,13,validation,96300000,u_0.50,0.5,126716887.53037149,0.45794392523364486,143.0,0.22,15d54a77fbbb18b504d3c92ecaa2531057adacb078a22dd18968196c3c0975ee
routing_compound_regional_stress,routing_compound_regional_stress:seed96100001:epoch80,80,13,validation,96300000,u_0.60,0.6,126814078.53188801,0.45794392523364486,143.0,0.22,15d54a77fbbb18b504d3c92ecaa2531057adacb078a22dd18968196c3c0975ee
routing_compound_regional_stress,routing_compound_regional_stress:seed96100001:epoch80,80,13,validation,96300000,u_0.70,0.7,125494724.23367757,0.45794392523364486,141.0,0.2,15d54a77fbbb18b504d3c92ecaa2531057adacb078a22dd18968196c3c0975ee
routing_compound_regional_stress,routing_compound_regional_stress:seed96100001:epoch80,80,13,validation,96300000,u_0.80,0.8,125610253.64468804,0.45794392523364486,141.0,0.19642857142857142,15d54a77fbbb18b504d3c92ecaa2531057adacb078a22dd18968196c3c0975ee
routing_compound_regional_stress,routing_compound_regional_stress:seed96100001:epoch80,80,13,validation,96300000,u_0.90,0.9,125734930.63807586,0.45794392523364486,141.0,0.19642857142857142,15d54a77fbbb18b504d3c92ecaa2531057adacb078a22dd18968196c3c0975ee
routing_compound_regional_stress,routing_compound_regional_stress:seed96100001:epoch80,80,13,validation,96300000,u_1.00,1.0,123967896.33037148,0.45794392523364486,138.0,0.1774193548387097,15d54a77fbbb18b504d3c92ecaa2531057adacb078a22dd18968196c3c0975ee
routing_compound_regional_stress,routing_compound_regional_stress:seed96100001:epoch80,80,13,validation,96300001,anchor,-1.0,124765294.5678066,0.45794392523364486,140.0,0.19298245614035087,15d54a77fbbb18b504d3c92ecaa2531057adacb078a22dd18968196c3c0975ee
routing_compound_regional_stress,routing_compound_regional_stress:seed96100001:epoch80,80,13,validation,96300001,u_0.00,0.0,128944637.34235764,0.45794392523364486,147.0,0.2619047619047619,15d54a77fbbb18b504d3c92ecaa2531057adacb078a22dd18968196c3c0975ee
routing_compound_regional_stress,routing_compound_regional_stress:seed96100001:epoch80,80,13,validation,96300001,u_0.10,0.1,128446178.4270359,0.45794392523364486,146.0,0.2558139534883721,15d54a77fbbb18b504d3c92ecaa2531057adacb078a22dd18968196c3c0975ee
routing_compound_regional_stress,routing_compound_regional_stress:seed96100001:epoch80,80,13,validation,96300001,u_0.20,0.2,128506721.4226081,0.45794392523364486,146.0,0.2558139534883721,15d54a77fbbb18b504d3c92ecaa2531057adacb078a22dd18968196c3c0975ee
routing_compound_regional_stress,routing_compound_regional_stress:seed96100001:epoch80,80,13,validation,96300001,u_0.30,0.3,128526152.82815759,0.45794392523364486,146.0,0.25,15d54a77fbbb18b504d3c92ecaa2531057adacb078a22dd18968196c3c0975ee
routing_compound_regional_stress,routing_compound_regional_stress:seed96100001:epoch80,80,13,validation,96300001,u_0.40,0.4,128605019.82912801,0.45794392523364486,146.0,0.25,15d54a77fbbb18b504d3c92ecaa2531057adacb078a22dd18968196c3c0975ee
routing_compound_regional_stress,routing_compound_regional_stress:seed96100001:epoch80,80,13,validation,96300001,u_0.50,0.5,126716887.53037149,0.45794392523364486,143.0,0.22,15d54a77fbbb18b504d3c92ecaa2531057adacb078a22dd18968196c3c0975ee
routing_compound_regional_stress,routing_compound_regional_stress:seed96100001:epoch80,80,13,validation,96300001,u_0.60,0.6,126814078.53188801,0.45794392523364486,143.0,0.22,15d54a77fbbb18b504d3c92ecaa2531057adacb078a22dd18968196c3c0975ee
routing_compound_regional_stress,routing_compound_regional_stress:seed96100001:epoch80,80,13,validation,96300001,u_0.70,0.7,125494724.23367757,0.45794392523364486,141.0,0.2,15d54a77fbbb18b504d3c92ecaa2531057adacb078a22dd18968196c3c0975ee
routing_compound_regional_stress,routing_compound_regional_stress:seed96100001:epoch80,80,13,validation,96300001,u_0.80,0.8,125610253.64468804,0.45794392523364486,141.0,0.19642857142857142,15d54a77fbbb18b504d3c92ecaa2531057adacb078a22dd18968196c3c0975ee
routing_compound_regional_stress,routing_compound_regional_stress:seed96100001:epoch80,80,13,validation,96300001,u_0.90,0.9,125734930.63807586,0.45794392523364486,141.0,0.19642857142857142,15d54a77fbbb18b504d3c92ecaa2531057adacb078a22dd18968196c3c0975ee
routing_compound_regional_stress,routing_compound_regional_stress:seed96100001:epoch80,80,13,validation,96300001,u_1.00,1.0,123967896.33037148,0.45794392523364486,138.0,0.1774193548387097,15d54a77fbbb18b504d3c92ecaa2531057adacb078a22dd18968196c3c0975ee
routing_compound_regional_stress,routing_compound_regional_stress:seed96100001:epoch80,80,13,validation,96300002,anchor,-1.0,124765294.5678066,0.45794392523364486,140.0,0.19298245614035087,15d54a77fbbb18b504d3c92ecaa2531057adacb078a22dd18968196c3c0975ee
routing_compound_regional_stress,routing_compound_regional_stress:seed96100001:epoch80,80,13,validation,96300002,u_0.00,0.0,128944637.34235764,0.45794392523364486,147.0,0.2619047619047619,15d54a77fbbb18b504d3c92ecaa2531057adacb078a22dd18968196c3c0975ee
routing_compound_regional_stress,routing_compound_regional_stress:seed96100001:epoch80,80,13,validation,96300002,u_0.10,0.1,128446178.4270359,0.45794392523364486,146.0,0.2558139534883721,15d54a77fbbb18b504d3c92ecaa2531057adacb078a22dd18968196c3c0975ee
routing_compound_regional_stress,routing_compound_regional_stress:seed96100001:epoch80,80,13,validation,96300002,u_0.20,0.2,128506721.4226081,0.45794392523364486,146.0,0.2558139534883721,15d54a77fbbb18b504d3c92ecaa2531057adacb078a22dd18968196c3c0975ee
routing_compound_regional_stress,routing_compound_regional_stress:seed96100001:epoch80,80,13,validation,96300002,u_0.30,0.3,128526152.82815759,0.45794392523364486,146.0,0.25,15d54a77fbbb18b504d3c92ecaa2531057adacb078a22dd18968196c3c0975ee
routing_compound_regional_stress,routing_compound_regional_stress:seed96100001:epoch80,80,13,validation,96300002,u_0.40,0.4,128605019.82912801,0.45794392523364486,146.0,0.25,15d54a77fbbb18b504d3c92ecaa2531057adacb078a22dd18968196c3c0975ee
routing_compound_regional_stress,routing_compound_regional_stress:seed96100001:epoch80,80,13,validation,96300002,u_0.50,0.5,126716887.53037149,0.45794392523364486,143.0,0.22,15d54a77fbbb18b504d3c92ecaa2531057adacb078a22dd18968196c3c0975ee
routing_compound_regional_stress,routing_compound_regional_stress:seed96100001:epoch80,80,13,validation,96300002,u_0.60,0.6,126814078.53188801,0.45794392523364486,143.0,0.22,15d54a77fbbb18b504d3c92ecaa2531057adacb078a22dd18968196c3c0975ee
routing_compound_regional_stress,routing_compound_regional_stress:seed96100001:epoch80,80,13,validation,96300002,u_0.70,0.7,125494724.23367757,0.45794392523364486,141.0,0.2,15d54a77fbbb18b504d3c92ecaa2531057adacb078a22dd18968196c3c0975ee
routing_compound_regional_stress,routing_compound_regional_stress:seed96100001:epoch80,80,13,validation,96300002,u_0.80,0.8,125610253.64468804,0.45794392523364486,141.0,0.19642857142857142,15d54a77fbbb18b504d3c92ecaa2531057adacb078a22dd18968196c3c0975ee
routing_compound_regional_stress,routing_compound_regional_stress:seed96100001:epoch80,80,13,validation,96300002,u_0.90,0.9,125734930.63807586,0.45794392523364486,141.0,0.19642857142857142,15d54a77fbbb18b504d3c92ecaa2531057adacb078a22dd18968196c3c0975ee
routing_compound_regional_stress,routing_compound_regional_stress:seed96100001:epoch80,80,13,validation,96300002,u_1.00,1.0,123967896.33037148,0.45794392523364486,138.0,0.1774193548387097,15d54a77fbbb18b504d3c92ecaa2531057adacb078a22dd18968196c3c0975ee
routing_compound_regional_stress,routing_compound_regional_stress:seed96100001:epoch80,80,13,validation,96300003,anchor,-1.0,124765294.5678066,0.45794392523364486,140.0,0.19298245614035087,15d54a77fbbb18b504d3c92ecaa2531057adacb078a22dd18968196c3c0975ee
routing_compound_regional_stress,routing_compound_regional_stress:seed96100001:epoch80,80,13,validation,96300003,u_0.00,0.0,128944637.34235764,0.45794392523364486,147.0,0.2619047619047619,15d54a77fbbb18b504d3c92ecaa2531057adacb078a22dd18968196c3c0975ee
routing_compound_regional_stress,routing_compound_regional_stress:seed96100001:epoch80,80,13,validation,96300003,u_0.10,0.1,128446178.4270359,0.45794392523364486,146.0,0.2558139534883721,15d54a77fbbb18b504d3c92ecaa2531057adacb078a22dd18968196c3c0975ee
routing_compound_regional_stress,routing_compound_regional_stress:seed96100001:epoch80,80,13,validation,96300003,u_0.20,0.2,128506721.4226081,0.45794392523364486,146.0,0.2558139534883721,15d54a77fbbb18b504d3c92ecaa2531057adacb078a22dd18968196c3c0975ee
routing_compound_regional_stress,routing_compound_regional_stress:seed96100001:epoch80,80,13,validation,96300003,u_0.30,0.3,128526152.82815759,0.45794392523364486,146.0,0.25,15d54a77fbbb18b504d3c92ecaa2531057adacb078a22dd18968196c3c0975ee
routing_compound_regional_stress,routing_compound_regional_stress:seed96100001:epoch80,80,13,validation,96300003,u_0.40,0.4,128605019.82912801,0.45794392523364486,146.0,0.25,15d54a77fbbb18b504d3c92ecaa2531057adacb078a22dd18968196c3c0975ee
routing_compound_regional_stress,routing_compound_regional_stress:seed96100001:epoch80,80,13,validation,96300003,u_0.50,0.5,126716887.53037149,0.45794392523364486,143.0,0.22,15d54a77fbbb18b504d3c92ecaa2531057adacb078a22dd18968196c3c0975ee
routing_compound_regional_stress,routing_compound_regional_stress:seed96100001:epoch80,80,13,validation,96300003,u_0.60,0.6,126814078.53188801,0.45794392523364486,143.0,0.22,15d54a77fbbb18b504d3c92ecaa2531057adacb078a22dd18968196c3c0975ee
routing_compound_regional_stress,routing_compound_regional_stress:seed96100001:epoch80,80,13,validation,96300003,u_0.70,0.7,125494724.23367757,0.45794392523364486,141.0,0.2,15d54a77fbbb18b504d3c92ecaa2531057adacb078a22dd18968196c3c0975ee
routing_compound_regional_stress,routing_compound_regional_stress:seed96100001:epoch80,80,13,validation,96300003,u_0.80,0.8,125610253.64468804,0.45794392523364486,141.0,0.19642857142857142,15d54a77fbbb18b504d3c92ecaa2531057adacb078a22dd18968196c3c0975ee
routing_compound_regional_stress,routing_compound_regional_stress:seed96100001:epoch80,80,13,validation,96300003,u_0.90,0.9,125734930.63807586,0.45794392523364486,141.0,0.19642857142857142,15d54a77fbbb18b504d3c92ecaa2531057adacb078a22dd18968196c3c0975ee
routing_compound_regional_stress,routing_compound_regional_stress:seed96100001:epoch80,80,13,validation,96300003,u_1.00,1.0,123967896.33037148,0.45794392523364486,138.0,0.1774193548387097,15d54a77fbbb18b504d3c92ecaa2531057adacb078a22dd18968196c3c0975ee
routing_compound_regional_stress,routing_compound_regional_stress:seed96100001:epoch80,80,13,validation,96300004,anchor,-1.0,124765294.5678066,0.45794392523364486,140.0,0.19298245614035087,15d54a77fbbb18b504d3c92ecaa2531057adacb078a22dd18968196c3c0975ee
routing_compound_regional_stress,routing_compound_regional_stress:seed96100001:epoch80,80,13,validation,96300004,u_0.00,0.0,128944637.34235764,0.45794392523364486,147.0,0.2619047619047619,15d54a77fbbb18b504d3c92ecaa2531057adacb078a22dd18968196c3c0975ee
routing_compound_regional_stress,routing_compound_regional_stress:seed96100001:epoch80,80,13,validation,96300004,u_0.10,0.1,128446178.4270359,0.45794392523364486,146.0,0.2558139534883721,15d54a77fbbb18b504d3c92ecaa2531057adacb078a22dd18968196c3c0975ee
routing_compound_regional_stress,routing_compound_regional_stress:seed96100001:epoch80,80,13,validation,96300004,u_0.20,0.2,128506721.4226081,0.45794392523364486,146.0,0.2558139534883721,15d54a77fbbb18b504d3c92ecaa2531057adacb078a22dd18968196c3c0975ee
routing_compound_regional_stress,routing_compound_regional_stress:seed96100001:epoch80,80,13,validation,96300004,u_0.30,0.3,128526152.82815759,0.45794392523364486,146.0,0.25,15d54a77fbbb18b504d3c92ecaa2531057adacb078a22dd18968196c3c0975ee
routing_compound_regional_stress,routing_compound_regional_stress:seed96100001:epoch80,80,13,validation,96300004,u_0.40,0.4,128605019.82912801,0.45794392523364486,146.0,0.25,15d54a77fbbb18b504d3c92ecaa2531057adacb078a22dd18968196c3c0975ee
routing_compound_regional_stress,routing_compound_regional_stress:seed96100001:epoch80,80,13,validation,96300004,u_0.50,0.5,126716887.53037149,0.45794392523364486,143.0,0.22,15d54a77fbbb18b504d3c92ecaa2531057adacb078a22dd18968196c3c0975ee
routing_compound_regional_stress,routing_compound_regional_stress:seed96100001:epoch80,80,13,validation,96300004,u_0.60,0.6,126814078.53188801,0.45794392523364486,143.0,0.22,15d54a77fbbb18b504d3c92ecaa2531057adacb078a22dd18968196c3c0975ee
routing_compound_regional_stress,routing_compound_regional_stress:seed96100001:epoch80,80,13,validation,96300004,u_0.70,0.7,125494724.23367757,0.45794392523364486,141.0,0.2,15d54a77fbbb18b504d3c92ecaa2531057adacb078a22dd18968196c3c0975ee
routing_compound_regional_stress,routing_compound_regional_stress:seed96100001:epoch80,80,13,validation,96300004,u_0.80,0.8,125610253.64468804,0.45794392523364486,141.0,0.19642857142857142,15d54a77fbbb18b504d3c92ecaa2531057adacb078a22dd18968196c3c0975ee
routing_compound_regional_stress,routing_compound_regional_stress:seed96100001:epoch80,80,13,validation,96300004,u_0.90,0.9,125734930.63807586,0.45794392523364486,141.0,0.19642857142857142,15d54a77fbbb18b504d3c92ecaa2531057adacb078a22dd18968196c3c0975ee
routing_compound_regional_stress,routing_compound_regional_stress:seed96100001:epoch80,80,13,validation,96300004,u_1.00,1.0,123967896.33037148,0.45794392523364486,138.0,0.1774193548387097,15d54a77fbbb18b504d3c92ecaa2531057adacb078a22dd18968196c3c0975ee
routing_compound_regional_stress,routing_compound_regional_stress:seed96100002:epoch30,30,19,discovery,96200000,anchor,-1.0,1617984688.846992,0.5288529204785363,1539.0,0.09218559218559219,15d54a77fbbb18b504d3c92ecaa2531057adacb078a22dd18968196c3c0975ee
routing_compound_regional_stress,routing_compound_regional_stress:seed96100002:epoch30,30,19,discovery,96200000,u_0.00,0.0,1622100649.0598643,0.523926812104152,1544.0,0.09336609336609336,15d54a77fbbb18b504d3c92ecaa2531057adacb078a22dd18968196c3c0975ee
routing_compound_regional_stress,routing_compound_regional_stress:seed96100002:epoch30,30,19,discovery,96200000,u_0.10,0.1,1620847960.4147253,0.5246305418719212,1539.0,0.09561510353227771,15d54a77fbbb18b504d3c92ecaa2531057adacb078a22dd18968196c3c0975ee
routing_compound_regional_stress,routing_compound_regional_stress:seed96100002:epoch30,30,19,discovery,96200000,u_0.20,0.2,1620277902.0293632,0.523926812104152,1543.0,0.09584859584859586,15d54a77fbbb18b504d3c92ecaa2531057adacb078a22dd18968196c3c0975ee
routing_compound_regional_stress,routing_compound_regional_stress:seed96100002:epoch30,30,19,discovery,96200000,u_0.30,0.3,1621564159.7466533,0.5253342716396904,1541.0,0.09939024390243903,15d54a77fbbb18b504d3c92ecaa2531057adacb078a22dd18968196c3c0975ee
routing_compound_regional_stress,routing_compound_regional_stress:seed96100002:epoch30,30,19,discovery,96200000,u_0.40,0.4,1621360818.0345242,0.5263898662913441,1543.0,0.09602446483180428,15d54a77fbbb18b504d3c92ecaa2531057adacb078a22dd18968196c3c0975ee
routing_compound_regional_stress,routing_compound_regional_stress:seed96100002:epoch30,30,19,discovery,96200000,u_0.50,0.5,1621488104.6568139,0.5235749472202674,1545.0,0.09614206981016533,15d54a77fbbb18b504d3c92ecaa2531057adacb078a22dd18968196c3c0975ee
routing_compound_regional_stress,routing_compound_regional_stress:seed96100002:epoch30,30,19,discovery,96200000,u_0.60,0.6,1620151792.7252533,0.5260380014074595,1540.0,0.09631901840490797,15d54a77fbbb18b504d3c92ecaa2531057adacb078a22dd18968196c3c0975ee
routing_compound_regional_stress,routing_compound_regional_stress:seed96100002:epoch30,30,19,discovery,96200000,u_0.70,0.7,1615343257.708178,0.5292047853624209,1531.0,0.09401709401709402,15d54a77fbbb18b504d3c92ecaa2531057adacb078a22dd18968196c3c0975ee
routing_compound_regional_stress,routing_compound_regional_stress:seed96100002:epoch30,30,19,discovery,96200000,u_0.80,0.8,1615883500.8680499,0.5288529204785363,1535.0,0.09549878345498783,15d54a77fbbb18b504d3c92ecaa2531057adacb078a22dd18968196c3c0975ee
routing_compound_regional_stress,routing_compound_regional_stress:seed96100002:epoch30,30,19,discovery,96200000,u_0.90,0.9,1613881387.2016733,0.5306122448979592,1532.0,0.09234507897934387,15d54a77fbbb18b504d3c92ecaa2531057adacb078a22dd18968196c3c0975ee
routing_compound_regional_stress,routing_compound_regional_stress:seed96100002:epoch30,30,19,discovery,96200000,u_1.00,1.0,1605586749.6626997,0.5351864883884588,1518.0,0.09013914095583787,15d54a77fbbb18b504d3c92ecaa2531057adacb078a22dd18968196c3c0975ee
routing_compound_regional_stress,routing_compound_regional_stress:seed96100002:epoch30,30,19,discovery,96200001,anchor,-1.0,1706030623.95126,0.4872715404699739,1515.0,0.09096496619545175,15d54a77fbbb18b504d3c92ecaa2531057adacb078a22dd18968196c3c0975ee
routing_compound_regional_stress,routing_compound_regional_stress:seed96100002:epoch30,30,19,discovery,96200001,u_0.00,0.0,1721094030.1347442,0.47780678851174935,1538.0,0.09888059701492537,15d54a77fbbb18b504d3c92ecaa2531057adacb078a22dd18968196c3c0975ee
routing_compound_regional_stress,routing_compound_regional_stress:seed96100002:epoch30,30,19,discovery,96200001,u_0.10,0.1,1722123286.185149,0.47780678851174935,1539.0,0.09894212818917238,15d54a77fbbb18b504d3c92ecaa2531057adacb078a22dd18968196c3c0975ee
routing_compound_regional_stress,routing_compound_regional_stress:seed96100002:epoch30,30,19,discovery,96200001,u_0.20,0.2,1721019326.752006,0.47845953002610964,1538.0,0.09937888198757763,15d54a77fbbb18b504d3c92ecaa2531057adacb078a22dd18968196c3c0975ee
routing_compound_regional_stress,routing_compound_regional_stress:seed96100002:epoch30,30,19,discovery,96200001,u_0.30,0.3,1717864593.1949568,0.4787859007832898,1538.0,0.09869646182495345,15d54a77fbbb18b504d3c92ecaa2531057adacb078a22dd18968196c3c0975ee
routing_compound_regional_stress,routing_compound_regional_stress:seed96100002:epoch30,30,19,discovery,96200001,u_0.40,0.4,1715771049.653126,0.4813968668407311,1534.0,0.0934984520123839,15d54a77fbbb18b504d3c92ecaa2531057adacb078a22dd18968196c3c0975ee
routing_compound_regional_stress,routing_compound_regional_stress:seed96100002:epoch30,30,19,discovery,96200001,u_0.50,0.5,1709704145.8676963,0.48400783289817234,1525.0,0.0931523750771129,15d54a77fbbb18b504d3c92ecaa2531057adacb078a22dd18968196c3c0975ee
routing_compound_regional_stress,routing_compound_regional_stress:seed96100002:epoch30,30,19,discovery,96200001,u_0.60,0.6,1713265141.8490727,0.4849869451697128,1526.0,0.09320987654320988,15d54a77fbbb18b504d3c92ecaa2531057adacb078a22dd18968196c3c0975ee
routing_compound_regional_stress,routing_compound_regional_stress:seed96100002:epoch30,30,19,discovery,96200001,u_0.70,0.7,1712156613.3023221,0.48433420365535246,1525.0,0.09438618136952498,15d54a77fbbb18b504d3c92ecaa2531057adacb078a22dd18968196c3c0975ee
routing_compound_regional_stress,routing_compound_regional_stress:seed96100002:epoch30,30,19,discovery,96200001,u_0.80,0.8,1703220876.6552043,0.48759791122715407,1515.0,0.09380748007357449,15d54a77fbbb18b504d3c92ecaa2531057adacb078a22dd18968196c3c0975ee
routing_compound_regional_stress,routing_compound_regional_stress:seed96100002:epoch30,30,19,discovery,96200001,u_0.90,0.9,1701218691.4578779,0.48890339425587465,1511.0,0.09657701711491443,15d54a77fbbb18b504d3c92ecaa2531057adacb078a22dd18968196c3c0975ee
routing_compound_regional_stress,routing_compound_regional_stress:seed96100002:epoch30,30,19,discovery,96200001,u_1.00,1.0,1701759298.8658905,0.48890339425587465,1510.0,0.09602446483180428,15d54a77fbbb18b504d3c92ecaa2531057adacb078a22dd18968196c3c0975ee
routing_compound_regional_stress,routing_compound_regional_stress:seed96100002:epoch30,30,19,discovery,96200002,anchor,-1.0,1610009774.7237983,0.5244460077383046,1493.0,0.09292307692307693,15d54a77fbbb18b504d3c92ecaa2531057adacb078a22dd18968196c3c0975ee
routing_compound_regional_stress,routing_compound_regional_stress:seed96100002:epoch30,30,19,discovery,96200002,u_0.00,0.0,1616177645.7831624,0.51952163207879,1508.0,0.09344059405940594,15d54a77fbbb18b504d3c92ecaa2531057adacb078a22dd18968196c3c0975ee
routing_compound_regional_stress,routing_compound_regional_stress:seed96100002:epoch30,30,19,discovery,96200002,u_0.10,0.1,1615906922.6346395,0.5170594442490327,1507.0,0.09721362229102168,15d54a77fbbb18b504d3c92ecaa2531057adacb078a22dd18968196c3c0975ee
routing_compound_regional_stress,routing_compound_regional_stress:seed96100002:epoch30,30,19,discovery,96200002,u_0.20,0.2,1611621895.5507805,0.5223355610270841,1502.0,0.09432799013563502,15d54a77fbbb18b504d3c92ecaa2531057adacb078a22dd18968196c3c0975ee
routing_compound_regional_stress,routing_compound_regional_stress:seed96100002:epoch30,30,19,discovery,96200002,u_0.30,0.3,1617779988.4246192,0.5170594442490327,1510.0,0.09645301804604854,15d54a77fbbb18b504d3c92ecaa2531057adacb078a22dd18968196c3c0975ee
routing_compound_regional_stress,routing_compound_regional_stress:seed96100002:epoch30,30,19,discovery,96200002,u_0.40,0.4,1613804326.5454478,0.5184664087231797,1501.0,0.09450277949351452,15d54a77fbbb18b504d3c92ecaa2531057adacb078a22dd18968196c3c0975ee
routing_compound_regional_stress,routing_compound_regional_stress:seed96100002:epoch30,30,19,discovery,96200002,u_0.50,0.5,1602022495.8899636,0.5272599366865987,1484.0,0.09018404907975461,15d54a77fbbb18b504d3c92ecaa2531057adacb078a22dd18968196c3c0975ee
routing_compound_regional_stress,routing_compound_regional_stress:seed96100002:epoch30,30,19,discovery,96200002,u_0.60,0.6,1604609171.8118649,0.5237425255012311,1488.0,0.0927960927960928,15d54a77fbbb18b504d3c92ecaa2531057adacb078a22dd18968196c3c0975ee
routing_compound_regional_stress,routing_compound_regional_stress:seed96100002:epoch30,30,19,discovery,96200002,u_0.70,0.7,1600227507.7088094,0.5297221245163559,1482.0,0.09096459096459096,15d54a77fbbb18b504d3c92ecaa2531057adacb078a22dd18968196c3c0975ee
routing_compound_regional_stress,routing_compound_regional_stress:seed96100002:epoch30,30,19,discovery,96200002,u_0.80,0.8,1584318715.8363976,0.5378121702427013,1459.0,0.08708708708708708,15d54a77fbbb18b504d3c92ecaa2531057adacb078a22dd18968196c3c0975ee
routing_compound_regional_stress,routing_compound_regional_stress:seed96100002:epoch30,30,19,discovery,96200002,u_0.90,0.9,1582524342.4719162,0.5353499824129441,1456.0,0.08648648648648649,15d54a77fbbb18b504d3c92ecaa2531057adacb078a22dd18968196c3c0975ee
routing_compound_regional_stress,routing_compound_regional_stress:seed96100002:epoch30,30,19,discovery,96200002,u_1.00,1.0,1586246466.4452076,0.5367569468870911,1458.0,0.09041591320072333,15d54a77fbbb18b504d3c92ecaa2531057adacb078a22dd18968196c3c0975ee
routing_compound_regional_stress,routing_compound_regional_stress:seed96100002:epoch30,30,19,validation,96300000,anchor,-1.0,1796116593.3405116,0.4847490980649393,1690.0,0.11393939393939394,15d54a77fbbb18b504d3c92ecaa2531057adacb078a22dd18968196c3c0975ee
routing_compound_regional_stress,routing_compound_regional_stress:seed96100002:epoch30,30,19,validation,96300000,u_0.00,0.0,1811875611.4724498,0.47818957035093473,1709.0,0.11757501530924679,15d54a77fbbb18b504d3c92ecaa2531057adacb078a22dd18968196c3c0975ee
routing_compound_regional_stress,routing_compound_regional_stress:seed96100002:epoch30,30,19,validation,96300000,u_0.10,0.1,1804573568.898222,0.47982945227943585,1700.0,0.11571254567600488,15d54a77fbbb18b504d3c92ecaa2531057adacb078a22dd18968196c3c0975ee
routing_compound_regional_stress,routing_compound_regional_stress:seed96100002:epoch30,30,19,validation,96300000,u_0.20,0.2,1796124877.6247878,0.4834371925221384,1696.0,0.11393939393939394,15d54a77fbbb18b504d3c92ecaa2531057adacb078a22dd18968196c3c0975ee
routing_compound_regional_stress,routing_compound_regional_stress:seed96100002:epoch30,30,19,validation,96300000,u_0.30,0.3,1795589076.8485062,0.4844211216792391,1693.0,0.11387038158691702,15d54a77fbbb18b504d3c92ecaa2531057adacb078a22dd18968196c3c0975ee
routing_compound_regional_stress,routing_compound_regional_stress:seed96100002:epoch30,30,19,validation,96300000,u_0.40,0.4,1782157916.5791469,0.4877008855362414,1677.0,0.1111111111111111,15d54a77fbbb18b504d3c92ecaa2531057adacb078a22dd18968196c3c0975ee
routing_compound_regional_stress,routing_compound_regional_stress:seed96100002:epoch30,30,19,validation,96300000,u_0.50,0.5,1780681117.5504699,0.48901279107904233,1675.0,0.10890493381468111,15d54a77fbbb18b504d3c92ecaa2531057adacb078a22dd18968196c3c0975ee
routing_compound_regional_stress,routing_compound_regional_stress:seed96100002:epoch30,30,19,validation,96300000,u_0.60,0.6,1785490418.4902387,0.48704493276484095,1679.0,0.11017459361830223,15d54a77fbbb18b504d3c92ecaa2531057adacb078a22dd18968196c3c0975ee
routing_compound_regional_stress,routing_compound_regional_stress:seed96100002:epoch30,30,19,validation,96300000,u_0.70,0.7,1782662509.9586208,0.48901279107904233,1674.0,0.10971223021582734,15d54a77fbbb18b504d3c92ecaa2531057adacb078a22dd18968196c3c0975ee
routing_compound_regional_stress,routing_compound_regional_stress:seed96100002:epoch30,30,19,validation,96300000,u_0.80,0.8,1775290294.7332532,0.49196457855034437,1668.0,0.11170848267622462,15d54a77fbbb18b504d3c92ecaa2531057adacb078a22dd18968196c3c0975ee
routing_compound_regional_stress,routing_compound_regional_stress:seed96100002:epoch30,30,19,validation,96300000,u_0.90,0.9,1772779961.1186638,0.4932764840931453,1666.0,0.11210494931425163,15d54a77fbbb18b504d3c92ecaa2531057adacb078a22dd18968196c3c0975ee
routing_compound_regional_stress,routing_compound_regional_stress:seed96100002:epoch30,30,19,validation,96300000,u_1.00,1.0,1771611210.838552,0.49491636602164646,1661.0,0.11196682464454977,15d54a77fbbb18b504d3c92ecaa2531057adacb078a22dd18968196c3c0975ee
routing_compound_regional_stress,routing_compound_regional_stress:seed96100002:epoch30,30,19,validation,96300001,anchor,-1.0,1788907396.2801948,0.5026631158455392,1684.0,0.10259505129752565,15d54a77fbbb18b504d3c92ecaa2531057adacb078a22dd18968196c3c0975ee
routing_compound_regional_stress,routing_compound_regional_stress:seed96100002:epoch30,30,19,validation,96300001,u_0.00,0.0,1793383742.1441593,0.49900133155792276,1692.0,0.10085054678007291,15d54a77fbbb18b504d3c92ecaa2531057adacb078a22dd18968196c3c0975ee
routing_compound_regional_stress,routing_compound_regional_stress:seed96100002:epoch30,30,19,validation,96300001,u_0.10,0.1,1783882226.675302,0.5049933422103862,1680.0,0.10054184226369657,15d54a77fbbb18b504d3c92ecaa2531057adacb078a22dd18968196c3c0975ee
routing_compound_regional_stress,routing_compound_regional_stress:seed96100002:epoch30,30,19,validation,96300001,u_0.20,0.2,1785131905.2203748,0.5029960053262317,1679.0,0.10193003618817853,15d54a77fbbb18b504d3c92ecaa2531057adacb078a22dd18968196c3c0975ee
routing_compound_regional_stress,routing_compound_regional_stress:seed96100002:epoch30,30,19,validation,96300001,u_0.30,0.3,1783817861.0821536,0.5023302263648469,1679.0,0.10251798561151079,15d54a77fbbb18b504d3c92ecaa2531057adacb078a22dd18968196c3c0975ee
routing_compound_regional_stress,routing_compound_regional_stress:seed96100002:epoch30,30,19,validation,96300001,u_0.40,0.4,1777661752.5730076,0.5036617842876165,1672.0,0.10096153846153846,15d54a77fbbb18b504d3c92ecaa2531057adacb078a22dd18968196c3c0975ee
routing_compound_regional_stress,routing_compound_regional_stress:seed96100002:epoch30,30,19,validation,96300001,u_0.50,0.5,1775486228.837312,0.5049933422103862,1665.0,0.10253317249698432,15d54a77fbbb18b504d3c92ecaa2531057adacb078a22dd18968196c3c0975ee
routing_compound_regional_stress,routing_compound_regional_stress:seed96100002:epoch30,30,19,validation,96300001,u_0.60,0.6,1772009602.276528,0.5076564580559254,1654.0,0.09897404948702475,15d54a77fbbb18b504d3c92ecaa2531057adacb078a22dd18968196c3c0975ee
routing_compound_regional_stress,routing_compound_regional_stress:seed96100002:epoch30,30,19,validation,96300001,u_0.70,0.7,1774190580.9488354,0.5059920106524634,1666.0,0.1005952380952381,15d54a77fbbb18b504d3c92ecaa2531057adacb078a22dd18968196c3c0975ee
routing_compound_regional_stress,routing_compound_regional_stress:seed96100002:epoch30,30,19,validation,96300001,u_0.80,0.8,1769659995.82199,0.5116511318242344,1662.0,0.0967741935483871,15d54a77fbbb18b504d3c92ecaa2531057adacb078a22dd18968196c3c0975ee
routing_compound_regional_stress,routing_compound_regional_stress:seed96100002:epoch30,30,19,validation,96300001,u_0.90,0.9,1775570252.7566466,0.5083222370173103,1667.0,0.09772182254196643,15d54a77fbbb18b504d3c92ecaa2531057adacb078a22dd18968196c3c0975ee
routing_compound_regional_stress,routing_compound_regional_stress:seed96100002:epoch30,30,19,validation,96300001,u_1.00,1.0,1766426931.059235,0.5116511318242344,1660.0,0.10053539559785842,15d54a77fbbb18b504d3c92ecaa2531057adacb078a22dd18968196c3c0975ee
routing_compound_regional_stress,routing_compound_regional_stress:seed96100002:epoch30,30,19,validation,96300002,anchor,-1.0,1479159542.5723186,0.5658914728682171,1357.0,0.07837181044957472,15d54a77fbbb18b504d3c92ecaa2531057adacb078a22dd18968196c3c0975ee
routing_compound_regional_stress,routing_compound_regional_stress:seed96100002:epoch30,30,19,validation,96300002,u_0.00,0.0,1485118558.2637384,0.5585086747877446,1369.0,0.08241758241758242,15d54a77fbbb18b504d3c92ecaa2531057adacb078a22dd18968196c3c0975ee
routing_compound_regional_stress,routing_compound_regional_stress:seed96100002:epoch30,30,19,validation,96300002,u_0.10,0.1,1486523642.4989846,0.5562938353636028,1371.0,0.08123076923076923,15d54a77fbbb18b504d3c92ecaa2531057adacb078a22dd18968196c3c0975ee
routing_compound_regional_stress,routing_compound_regional_stress:seed96100002:epoch30,30,19,validation,96300002,u_0.20,0.2,1485623218.852642,0.5570321151716501,1369.0,0.08041743400859423,15d54a77fbbb18b504d3c92ecaa2531057adacb078a22dd18968196c3c0975ee
routing_compound_regional_stress,routing_compound_regional_stress:seed96100002:epoch30,30,19,validation,96300002,u_0.30,0.3,1483362903.6869543,0.5581395348837209,1367.0,0.08302808302808302,15d54a77fbbb18b504d3c92ecaa2531057adacb078a22dd18968196c3c0975ee
routing_compound_regional_stress,routing_compound_regional_stress:seed96100002:epoch30,30,19,validation,96300002,u_0.40,0.4,1483295997.5722277,0.5592469545957918,1368.0,0.0819571865443425,15d54a77fbbb18b504d3c92ecaa2531057adacb078a22dd18968196c3c0975ee
routing_compound_regional_stress,routing_compound_regional_stress:seed96100002:epoch30,30,19,validation,96300002,u_0.50,0.5,1477214768.407936,0.5625692137320044,1359.0,0.08029197080291971,15d54a77fbbb18b504d3c92ecaa2531057adacb078a22dd18968196c3c0975ee
routing_compound_regional_stress,routing_compound_regional_stress:seed96100002:epoch30,30,19,validation,96300002,u_0.60,0.6,1477572735.6588073,0.5625692137320044,1359.0,0.0794135613927917,15d54a77fbbb18b504d3c92ecaa2531057adacb078a22dd18968196c3c0975ee
routing_compound_regional_stress,routing_compound_regional_stress:seed96100002:epoch30,30,19,validation,96300002,u_0.70,0.7,1474588933.7749112,0.5651531930601698,1358.0,0.07785888077858881,15d54a77fbbb18b504d3c92ecaa2531057adacb078a22dd18968196c3c0975ee
routing_compound_regional_stress,routing_compound_regional_stress:seed96100002:epoch30,30,19,validation,96300002,u_0.80,0.8,1470135819.9864247,0.5677371723883352,1345.0,0.07242848447961046,15d54a77fbbb18b504d3c92ecaa2531057adacb078a22dd18968196c3c0975ee
routing_compound_regional_stress,routing_compound_regional_stress:seed96100002:epoch30,30,19,validation,96300002,u_0.90,0.9,1466881551.773595,0.5692137320044297,1342.0,0.07355623100303951,15d54a77fbbb18b504d3c92ecaa2531057adacb078a22dd18968196c3c0975ee
routing_compound_regional_stress,routing_compound_regional_stress:seed96100002:epoch30,30,19,validation,96300002,u_1.00,1.0,1453651136.6569355,0.5754891103728313,1328.0,0.07343283582089552,15d54a77fbbb18b504d3c92ecaa2531057adacb078a22dd18968196c3c0975ee
routing_compound_regional_stress,routing_compound_regional_stress:seed96100002:epoch30,30,19,validation,96300003,anchor,-1.0,1702954250.836581,0.4991596638655462,1603.0,0.1038721573448064,15d54a77fbbb18b504d3c92ecaa2531057adacb078a22dd18968196c3c0975ee
routing_compound_regional_stress,routing_compound_regional_stress:seed96100002:epoch30,30,19,validation,96300003,u_0.00,0.0,1707224337.8655772,0.4927731092436975,1605.0,0.10408921933085502,15d54a77fbbb18b504d3c92ecaa2531057adacb078a22dd18968196c3c0975ee
routing_compound_regional_stress,routing_compound_regional_stress:seed96100002:epoch30,30,19,validation,96300003,u_0.10,0.1,1700574686.6346228,0.4964705882352941,1599.0,0.10104744300677758,15d54a77fbbb18b504d3c92ecaa2531057adacb078a22dd18968196c3c0975ee
routing_compound_regional_stress,routing_compound_regional_stress:seed96100002:epoch30,30,19,validation,96300003,u_0.20,0.2,1693519273.850387,0.4984873949579832,1594.0,0.10012285012285012,15d54a77fbbb18b504d3c92ecaa2531057adacb078a22dd18968196c3c0975ee
routing_compound_regional_stress,routing_compound_regional_stress:seed96100002:epoch30,30,19,validation,96300003,u_0.30,0.3,1688775721.9642074,0.5001680672268908,1585.0,0.10116492949110975,15d54a77fbbb18b504d3c92ecaa2531057adacb078a22dd18968196c3c0975ee
routing_compound_regional_stress,routing_compound_regional_stress:seed96100002:epoch30,30,19,validation,96300003,u_0.40,0.4,1689902368.9727676,0.5021848739495798,1583.0,0.09865196078431372,15d54a77fbbb18b504d3c92ecaa2531057adacb078a22dd18968196c3c0975ee
routing_compound_regional_stress,routing_compound_regional_stress:seed96100002:epoch30,30,19,validation,96300003,u_0.50,0.5,1683345733.682574,0.5072268907563026,1572.0,0.09636363636363636,15d54a77fbbb18b504d3c92ecaa2531057adacb078a22dd18968196c3c0975ee
routing_compound_regional_stress,routing_compound_regional_stress:seed96100002:epoch30,30,19,validation,96300003,u_0.60,0.6,1677463188.8458273,0.5058823529411764,1569.0,0.09544072948328268,15d54a77fbbb18b504d3c92ecaa2531057adacb078a22dd18968196c3c0975ee
routing_compound_regional_stress,routing_compound_regional_stress:seed96100002:epoch30,30,19,validation,96300003,u_0.70,0.7,1683871729.5110009,0.5042016806722689,1579.0,0.10012135922330097,15d54a77fbbb18b504d3c92ecaa2531057adacb078a22dd18968196c3c0975ee
routing_compound_regional_stress,routing_compound_regional_stress:seed96100002:epoch30,30,19,validation,96300003,u_0.80,0.8,1663618514.7153273,0.5149579831932773,1554.0,0.09427207637231504,15d54a77fbbb18b504d3c92ecaa2531057adacb078a22dd18968196c3c0975ee
routing_compound_regional_stress,routing_compound_regional_stress:seed96100002:epoch30,30,19,validation,96300003,u_0.90,0.9,1664198180.4914627,0.5146218487394958,1555.0,0.0961768219832736,15d54a77fbbb18b504d3c92ecaa2531057adacb078a22dd18968196c3c0975ee
routing_compound_regional_stress,routing_compound_regional_stress:seed96100002:epoch30,30,19,validation,96300003,u_1.00,1.0,1671543142.648991,0.5112605042016807,1554.0,0.09615384615384616,15d54a77fbbb18b504d3c92ecaa2531057adacb078a22dd18968196c3c0975ee
routing_compound_regional_stress,routing_compound_regional_stress:seed96100002:epoch30,30,19,validation,96300004,anchor,-1.0,1664385943.8607013,0.5015177065767285,1528.0,0.09363525091799266,15d54a77fbbb18b504d3c92ecaa2531057adacb078a22dd18968196c3c0975ee
routing_compound_regional_stress,routing_compound_regional_stress:seed96100002:epoch30,30,19,validation,96300004,u_0.00,0.0,1669732862.674583,0.49645868465430015,1536.0,0.09450277949351452,15d54a77fbbb18b504d3c92ecaa2531057adacb078a22dd18968196c3c0975ee
routing_compound_regional_stress,routing_compound_regional_stress:seed96100002:epoch30,30,19,validation,96300004,u_0.10,0.1,1670187694.8711567,0.4961214165261383,1540.0,0.09444444444444444,15d54a77fbbb18b504d3c92ecaa2531057adacb078a22dd18968196c3c0975ee
routing_compound_regional_stress,routing_compound_regional_stress:seed96100002:epoch30,30,19,validation,96300004,u_0.20,0.2,1669793680.207328,0.49713322091062395,1537.0,0.096,15d54a77fbbb18b504d3c92ecaa2531057adacb078a22dd18968196c3c0975ee
routing_compound_regional_stress,routing_compound_regional_stress:seed96100002:epoch30,30,19,validation,96300004,u_0.30,0.3,1669416938.1046844,0.49645868465430015,1538.0,0.09865196078431372,15d54a77fbbb18b504d3c92ecaa2531057adacb078a22dd18968196c3c0975ee
routing_compound_regional_stress,routing_compound_regional_stress:seed96100002:epoch30,30,19,validation,96300004,u_0.40,0.4,1666883311.9487782,0.49881956155143337,1536.0,0.09841075794621026,15d54a77fbbb18b504d3c92ecaa2531057adacb078a22dd18968196c3c0975ee
routing_compound_regional_stress,routing_compound_regional_stress:seed96100002:epoch30,30,19,validation,96300004,u_0.50,0.5,1659857299.12686,0.502866779089376,1525.0,0.09424724602203183,15d54a77fbbb18b504d3c92ecaa2531057adacb078a22dd18968196c3c0975ee
routing_compound_regional_stress,routing_compound_regional_stress:seed96100002:epoch30,30,19,validation,96300004,u_0.60,0.6,1658499165.4792929,0.5038785834738617,1523.0,0.09340659340659341,15d54a77fbbb18b504d3c92ecaa2531057adacb078a22dd18968196c3c0975ee
routing_compound_regional_stress,routing_compound_regional_stress:seed96100002:epoch30,30,19,validation,96300004,u_0.70,0.7,1658091754.8637128,0.5055649241146711,1518.0,0.0927960927960928,15d54a77fbbb18b504d3c92ecaa2531057adacb078a22dd18968196c3c0975ee
routing_compound_regional_stress,routing_compound_regional_stress:seed96100002:epoch30,30,19,validation,96300004,u_0.80,0.8,1642817942.2360246,0.5123102866779089,1493.0,0.08827085852478839,15d54a77fbbb18b504d3c92ecaa2531057adacb078a22dd18968196c3c0975ee
routing_compound_regional_stress,routing_compound_regional_stress:seed96100002:epoch30,30,19,validation,96300004,u_0.90,0.9,1649600277.8856406,0.5089376053962901,1506.0,0.09168184578020644,15d54a77fbbb18b504d3c92ecaa2531057adacb078a22dd18968196c3c0975ee
routing_compound_regional_stress,routing_compound_regional_stress:seed96100002:epoch30,30,19,validation,96300004,u_1.00,1.0,1640044750.4358244,0.5153456998313659,1495.0,0.08899579073962718,15d54a77fbbb18b504d3c92ecaa2531057adacb078a22dd18968196c3c0975ee
routing_compound_regional_stress,routing_compound_regional_stress:seed96100002:epoch55,55,17,discovery,96200000,anchor,-1.0,86209853.141502,0.4140127388535032,82.0,0.13414634146341464,15d54a77fbbb18b504d3c92ecaa2531057adacb078a22dd18968196c3c0975ee
routing_compound_regional_stress,routing_compound_regional_stress:seed96100002:epoch55,55,17,discovery,96200000,u_0.00,0.0,89799602.66313073,0.4140127388535032,88.0,0.18333333333333332,15d54a77fbbb18b504d3c92ecaa2531057adacb078a22dd18968196c3c0975ee
routing_compound_regional_stress,routing_compound_regional_stress:seed96100002:epoch55,55,17,discovery,96200000,u_0.10,0.1,89332211.73260741,0.4140127388535032,87.0,0.171875,15d54a77fbbb18b504d3c92ecaa2531057adacb078a22dd18968196c3c0975ee
routing_compound_regional_stress,routing_compound_regional_stress:seed96100002:epoch55,55,17,discovery,96200000,u_0.20,0.2,89401803.1769552,0.4140127388535032,87.0,0.16666666666666666,15d54a77fbbb18b504d3c92ecaa2531057adacb078a22dd18968196c3c0975ee
routing_compound_regional_stress,routing_compound_regional_stress:seed96100002:epoch55,55,17,discovery,96200000,u_0.30,0.3,88298554.94245297,0.4140127388535032,85.0,0.1527777777777778,15d54a77fbbb18b504d3c92ecaa2531057adacb078a22dd18968196c3c0975ee
routing_compound_regional_stress,routing_compound_regional_stress:seed96100002:epoch55,55,17,discovery,96200000,u_0.40,0.4,88352474.64579692,0.4140127388535032,85.0,0.14666666666666667,15d54a77fbbb18b504d3c92ecaa2531057adacb078a22dd18968196c3c0975ee
routing_compound_regional_stress,routing_compound_regional_stress:seed96100002:epoch55,55,17,discovery,96200000,u_0.50,0.5,87027520.64792767,0.4140127388535032,83.0,0.13414634146341464,15d54a77fbbb18b504d3c92ecaa2531057adacb078a22dd18968196c3c0975ee
routing_compound_regional_stress,routing_compound_regional_stress:seed96100002:epoch55,55,17,discovery,96200000,u_0.60,0.6,87146186.05057395,0.4140127388535032,83.0,0.13253012048192772,15d54a77fbbb18b504d3c92ecaa2531057adacb078a22dd18968196c3c0975ee
routing_compound_regional_stress,routing_compound_regional_stress:seed96100002:epoch55,55,17,discovery,96200000,u_0.70,0.7,87156602.25373572,0.4140127388535032,83.0,0.12790697674418605,15d54a77fbbb18b504d3c92ecaa2531057adacb078a22dd18968196c3c0975ee
routing_compound_regional_stress,routing_compound_regional_stress:seed96100002:epoch55,55,17,discovery,96200000,u_0.80,0.8,87309863.67322198,0.4140127388535032,83.0,0.12643678160919541,15d54a77fbbb18b504d3c92ecaa2531057adacb078a22dd18968196c3c0975ee
routing_compound_regional_stress,routing_compound_regional_stress:seed96100002:epoch55,55,17,discovery,96200000,u_0.90,0.9,87530696.66160586,0.4140127388535032,83.0,0.12643678160919541,15d54a77fbbb18b504d3c92ecaa2531057adacb078a22dd18968196c3c0975ee
routing_compound_regional_stress,routing_compound_regional_stress:seed96100002:epoch55,55,17,discovery,96200000,u_1.00,1.0,86903690.54792768,0.4140127388535032,82.0,0.11702127659574468,15d54a77fbbb18b504d3c92ecaa2531057adacb078a22dd18968196c3c0975ee
routing_compound_regional_stress,routing_compound_regional_stress:seed96100002:epoch55,55,17,discovery,96200001,anchor,-1.0,86209853.141502,0.4140127388535032,82.0,0.13414634146341464,15d54a77fbbb18b504d3c92ecaa2531057adacb078a22dd18968196c3c0975ee
routing_compound_regional_stress,routing_compound_regional_stress:seed96100002:epoch55,55,17,discovery,96200001,u_0.00,0.0,89799602.66313073,0.4140127388535032,88.0,0.18333333333333332,15d54a77fbbb18b504d3c92ecaa2531057adacb078a22dd18968196c3c0975ee
routing_compound_regional_stress,routing_compound_regional_stress:seed96100002:epoch55,55,17,discovery,96200001,u_0.10,0.1,89332211.73260741,0.4140127388535032,87.0,0.171875,15d54a77fbbb18b504d3c92ecaa2531057adacb078a22dd18968196c3c0975ee
routing_compound_regional_stress,routing_compound_regional_stress:seed96100002:epoch55,55,17,discovery,96200001,u_0.20,0.2,89401803.1769552,0.4140127388535032,87.0,0.16666666666666666,15d54a77fbbb18b504d3c92ecaa2531057adacb078a22dd18968196c3c0975ee
routing_compound_regional_stress,routing_compound_regional_stress:seed96100002:epoch55,55,17,discovery,96200001,u_0.30,0.3,88298554.94245297,0.4140127388535032,85.0,0.1527777777777778,15d54a77fbbb18b504d3c92ecaa2531057adacb078a22dd18968196c3c0975ee
routing_compound_regional_stress,routing_compound_regional_stress:seed96100002:epoch55,55,17,discovery,96200001,u_0.40,0.4,88352474.64579692,0.4140127388535032,85.0,0.14666666666666667,15d54a77fbbb18b504d3c92ecaa2531057adacb078a22dd18968196c3c0975ee
routing_compound_regional_stress,routing_compound_regional_stress:seed96100002:epoch55,55,17,discovery,96200001,u_0.50,0.5,87027520.64792767,0.4140127388535032,83.0,0.13414634146341464,15d54a77fbbb18b504d3c92ecaa2531057adacb078a22dd18968196c3c0975ee
routing_compound_regional_stress,routing_compound_regional_stress:seed96100002:epoch55,55,17,discovery,96200001,u_0.60,0.6,87146186.05057395,0.4140127388535032,83.0,0.13253012048192772,15d54a77fbbb18b504d3c92ecaa2531057adacb078a22dd18968196c3c0975ee
routing_compound_regional_stress,routing_compound_regional_stress:seed96100002:epoch55,55,17,discovery,96200001,u_0.70,0.7,87156602.25373572,0.4140127388535032,83.0,0.12790697674418605,15d54a77fbbb18b504d3c92ecaa2531057adacb078a22dd18968196c3c0975ee
routing_compound_regional_stress,routing_compound_regional_stress:seed96100002:epoch55,55,17,discovery,96200001,u_0.80,0.8,87309863.67322198,0.4140127388535032,83.0,0.12643678160919541,15d54a77fbbb18b504d3c92ecaa2531057adacb078a22dd18968196c3c0975ee
routing_compound_regional_stress,routing_compound_regional_stress:seed96100002:epoch55,55,17,discovery,96200001,u_0.90,0.9,87530696.66160586,0.4140127388535032,83.0,0.12643678160919541,15d54a77fbbb18b504d3c92ecaa2531057adacb078a22dd18968196c3c0975ee
routing_compound_regional_stress,routing_compound_regional_stress:seed96100002:epoch55,55,17,discovery,96200001,u_1.00,1.0,86903690.54792768,0.4140127388535032,82.0,0.11702127659574468,15d54a77fbbb18b504d3c92ecaa2531057adacb078a22dd18968196c3c0975ee
routing_compound_regional_stress,routing_compound_regional_stress:seed96100002:epoch55,55,17,discovery,96200002,anchor,-1.0,86209853.141502,0.4140127388535032,82.0,0.13414634146341464,15d54a77fbbb18b504d3c92ecaa2531057adacb078a22dd18968196c3c0975ee
routing_compound_regional_stress,routing_compound_regional_stress:seed96100002:epoch55,55,17,discovery,96200002,u_0.00,0.0,89799602.66313073,0.4140127388535032,88.0,0.18333333333333332,15d54a77fbbb18b504d3c92ecaa2531057adacb078a22dd18968196c3c0975ee
routing_compound_regional_stress,routing_compound_regional_stress:seed96100002:epoch55,55,17,discovery,96200002,u_0.10,0.1,89332211.73260741,0.4140127388535032,87.0,0.171875,15d54a77fbbb18b504d3c92ecaa2531057adacb078a22dd18968196c3c0975ee
routing_compound_regional_stress,routing_compound_regional_stress:seed96100002:epoch55,55,17,discovery,96200002,u_0.20,0.2,89401803.1769552,0.4140127388535032,87.0,0.16666666666666666,15d54a77fbbb18b504d3c92ecaa2531057adacb078a22dd18968196c3c0975ee
routing_compound_regional_stress,routing_compound_regional_stress:seed96100002:epoch55,55,17,discovery,96200002,u_0.30,0.3,88298554.94245297,0.4140127388535032,85.0,0.1527777777777778,15d54a77fbbb18b504d3c92ecaa2531057adacb078a22dd18968196c3c0975ee
routing_compound_regional_stress,routing_compound_regional_stress:seed96100002:epoch55,55,17,discovery,96200002,u_0.40,0.4,88352474.64579692,0.4140127388535032,85.0,0.14666666666666667,15d54a77fbbb18b504d3c92ecaa2531057adacb078a22dd18968196c3c0975ee
routing_compound_regional_stress,routing_compound_regional_stress:seed96100002:epoch55,55,17,discovery,96200002,u_0.50,0.5,87027520.64792767,0.4140127388535032,83.0,0.13414634146341464,15d54a77fbbb18b504d3c92ecaa2531057adacb078a22dd18968196c3c0975ee
routing_compound_regional_stress,routing_compound_regional_stress:seed96100002:epoch55,55,17,discovery,96200002,u_0.60,0.6,87146186.05057395,0.4140127388535032,83.0,0.13253012048192772,15d54a77fbbb18b504d3c92ecaa2531057adacb078a22dd18968196c3c0975ee
routing_compound_regional_stress,routing_compound_regional_stress:seed96100002:epoch55,55,17,discovery,96200002,u_0.70,0.7,87156602.25373572,0.4140127388535032,83.0,0.12790697674418605,15d54a77fbbb18b504d3c92ecaa2531057adacb078a22dd18968196c3c0975ee
routing_compound_regional_stress,routing_compound_regional_stress:seed96100002:epoch55,55,17,discovery,96200002,u_0.80,0.8,87309863.67322198,0.4140127388535032,83.0,0.12643678160919541,15d54a77fbbb18b504d3c92ecaa2531057adacb078a22dd18968196c3c0975ee
routing_compound_regional_stress,routing_compound_regional_stress:seed96100002:epoch55,55,17,discovery,96200002,u_0.90,0.9,87530696.66160586,0.4140127388535032,83.0,0.12643678160919541,15d54a77fbbb18b504d3c92ecaa2531057adacb078a22dd18968196c3c0975ee
routing_compound_regional_stress,routing_compound_regional_stress:seed96100002:epoch55,55,17,discovery,96200002,u_1.00,1.0,86903690.54792768,0.4140127388535032,82.0,0.11702127659574468,15d54a77fbbb18b504d3c92ecaa2531057adacb078a22dd18968196c3c0975ee
routing_compound_regional_stress,routing_compound_regional_stress:seed96100002:epoch55,55,17,validation,96300000,anchor,-1.0,86209853.141502,0.4140127388535032,82.0,0.13414634146341464,15d54a77fbbb18b504d3c92ecaa2531057adacb078a22dd18968196c3c0975ee
routing_compound_regional_stress,routing_compound_regional_stress:seed96100002:epoch55,55,17,validation,96300000,u_0.00,0.0,89799602.66313073,0.4140127388535032,88.0,0.18333333333333332,15d54a77fbbb18b504d3c92ecaa2531057adacb078a22dd18968196c3c0975ee
routing_compound_regional_stress,routing_compound_regional_stress:seed96100002:epoch55,55,17,validation,96300000,u_0.10,0.1,89332211.73260741,0.4140127388535032,87.0,0.171875,15d54a77fbbb18b504d3c92ecaa2531057adacb078a22dd18968196c3c0975ee
routing_compound_regional_stress,routing_compound_regional_stress:seed96100002:epoch55,55,17,validation,96300000,u_0.20,0.2,89401803.1769552,0.4140127388535032,87.0,0.16666666666666666,15d54a77fbbb18b504d3c92ecaa2531057adacb078a22dd18968196c3c0975ee
routing_compound_regional_stress,routing_compound_regional_stress:seed96100002:epoch55,55,17,validation,96300000,u_0.30,0.3,88298554.94245297,0.4140127388535032,85.0,0.1527777777777778,15d54a77fbbb18b504d3c92ecaa2531057adacb078a22dd18968196c3c0975ee
routing_compound_regional_stress,routing_compound_regional_stress:seed96100002:epoch55,55,17,validation,96300000,u_0.40,0.4,88352474.64579692,0.4140127388535032,85.0,0.14666666666666667,15d54a77fbbb18b504d3c92ecaa2531057adacb078a22dd18968196c3c0975ee
routing_compound_regional_stress,routing_compound_regional_stress:seed96100002:epoch55,55,17,validation,96300000,u_0.50,0.5,87027520.64792767,0.4140127388535032,83.0,0.13414634146341464,15d54a77fbbb18b504d3c92ecaa2531057adacb078a22dd18968196c3c0975ee
routing_compound_regional_stress,routing_compound_regional_stress:seed96100002:epoch55,55,17,validation,96300000,u_0.60,0.6,87146186.05057395,0.4140127388535032,83.0,0.13253012048192772,15d54a77fbbb18b504d3c92ecaa2531057adacb078a22dd18968196c3c0975ee
routing_compound_regional_stress,routing_compound_regional_stress:seed96100002:epoch55,55,17,validation,96300000,u_0.70,0.7,87156602.25373572,0.4140127388535032,83.0,0.12790697674418605,15d54a77fbbb18b504d3c92ecaa2531057adacb078a22dd18968196c3c0975ee
routing_compound_regional_stress,routing_compound_regional_stress:seed96100002:epoch55,55,17,validation,96300000,u_0.80,0.8,87309863.67322198,0.4140127388535032,83.0,0.12643678160919541,15d54a77fbbb18b504d3c92ecaa2531057adacb078a22dd18968196c3c0975ee
routing_compound_regional_stress,routing_compound_regional_stress:seed96100002:epoch55,55,17,validation,96300000,u_0.90,0.9,87530696.66160586,0.4140127388535032,83.0,0.12643678160919541,15d54a77fbbb18b504d3c92ecaa2531057adacb078a22dd18968196c3c0975ee
routing_compound_regional_stress,routing_compound_regional_stress:seed96100002:epoch55,55,17,validation,96300000,u_1.00,1.0,86903690.54792768,0.4140127388535032,82.0,0.11702127659574468,15d54a77fbbb18b504d3c92ecaa2531057adacb078a22dd18968196c3c0975ee
routing_compound_regional_stress,routing_compound_regional_stress:seed96100002:epoch55,55,17,validation,96300001,anchor,-1.0,86209853.141502,0.4140127388535032,82.0,0.13414634146341464,15d54a77fbbb18b504d3c92ecaa2531057adacb078a22dd18968196c3c0975ee
routing_compound_regional_stress,routing_compound_regional_stress:seed96100002:epoch55,55,17,validation,96300001,u_0.00,0.0,89799602.66313073,0.4140127388535032,88.0,0.18333333333333332,15d54a77fbbb18b504d3c92ecaa2531057adacb078a22dd18968196c3c0975ee
routing_compound_regional_stress,routing_compound_regional_stress:seed96100002:epoch55,55,17,validation,96300001,u_0.10,0.1,89332211.73260741,0.4140127388535032,87.0,0.171875,15d54a77fbbb18b504d3c92ecaa2531057adacb078a22dd18968196c3c0975ee
routing_compound_regional_stress,routing_compound_regional_stress:seed96100002:epoch55,55,17,validation,96300001,u_0.20,0.2,89401803.1769552,0.4140127388535032,87.0,0.16666666666666666,15d54a77fbbb18b504d3c92ecaa2531057adacb078a22dd18968196c3c0975ee
routing_compound_regional_stress,routing_compound_regional_stress:seed96100002:epoch55,55,17,validation,96300001,u_0.30,0.3,88298554.94245297,0.4140127388535032,85.0,0.1527777777777778,15d54a77fbbb18b504d3c92ecaa2531057adacb078a22dd18968196c3c0975ee
routing_compound_regional_stress,routing_compound_regional_stress:seed96100002:epoch55,55,17,validation,96300001,u_0.40,0.4,88352474.64579692,0.4140127388535032,85.0,0.14666666666666667,15d54a77fbbb18b504d3c92ecaa2531057adacb078a22dd18968196c3c0975ee
routing_compound_regional_stress,routing_compound_regional_stress:seed96100002:epoch55,55,17,validation,96300001,u_0.50,0.5,87027520.64792767,0.4140127388535032,83.0,0.13414634146341464,15d54a77fbbb18b504d3c92ecaa2531057adacb078a22dd18968196c3c0975ee
routing_compound_regional_stress,routing_compound_regional_stress:seed96100002:epoch55,55,17,validation,96300001,u_0.60,0.6,87146186.05057395,0.4140127388535032,83.0,0.13253012048192772,15d54a77fbbb18b504d3c92ecaa2531057adacb078a22dd18968196c3c0975ee
routing_compound_regional_stress,routing_compound_regional_stress:seed96100002:epoch55,55,17,validation,96300001,u_0.70,0.7,87156602.25373572,0.4140127388535032,83.0,0.12790697674418605,15d54a77fbbb18b504d3c92ecaa2531057adacb078a22dd18968196c3c0975ee
routing_compound_regional_stress,routing_compound_regional_stress:seed96100002:epoch55,55,17,validation,96300001,u_0.80,0.8,87309863.67322198,0.4140127388535032,83.0,0.12643678160919541,15d54a77fbbb18b504d3c92ecaa2531057adacb078a22dd18968196c3c0975ee
routing_compound_regional_stress,routing_compound_regional_stress:seed96100002:epoch55,55,17,validation,96300001,u_0.90,0.9,87530696.66160586,0.4140127388535032,83.0,0.12643678160919541,15d54a77fbbb18b504d3c92ecaa2531057adacb078a22dd18968196c3c0975ee
routing_compound_regional_stress,routing_compound_regional_stress:seed96100002:epoch55,55,17,validation,96300001,u_1.00,1.0,86903690.54792768,0.4140127388535032,82.0,0.11702127659574468,15d54a77fbbb18b504d3c92ecaa2531057adacb078a22dd18968196c3c0975ee
routing_compound_regional_stress,routing_compound_regional_stress:seed96100002:epoch55,55,17,validation,96300002,anchor,-1.0,86209853.141502,0.4140127388535032,82.0,0.13414634146341464,15d54a77fbbb18b504d3c92ecaa2531057adacb078a22dd18968196c3c0975ee
routing_compound_regional_stress,routing_compound_regional_stress:seed96100002:epoch55,55,17,validation,96300002,u_0.00,0.0,89799602.66313073,0.4140127388535032,88.0,0.18333333333333332,15d54a77fbbb18b504d3c92ecaa2531057adacb078a22dd18968196c3c0975ee
routing_compound_regional_stress,routing_compound_regional_stress:seed96100002:epoch55,55,17,validation,96300002,u_0.10,0.1,89332211.73260741,0.4140127388535032,87.0,0.171875,15d54a77fbbb18b504d3c92ecaa2531057adacb078a22dd18968196c3c0975ee
routing_compound_regional_stress,routing_compound_regional_stress:seed96100002:epoch55,55,17,validation,96300002,u_0.20,0.2,89401803.1769552,0.4140127388535032,87.0,0.16666666666666666,15d54a77fbbb18b504d3c92ecaa2531057adacb078a22dd18968196c3c0975ee
routing_compound_regional_stress,routing_compound_regional_stress:seed96100002:epoch55,55,17,validation,96300002,u_0.30,0.3,88298554.94245297,0.4140127388535032,85.0,0.1527777777777778,15d54a77fbbb18b504d3c92ecaa2531057adacb078a22dd18968196c3c0975ee
routing_compound_regional_stress,routing_compound_regional_stress:seed96100002:epoch55,55,17,validation,96300002,u_0.40,0.4,88352474.64579692,0.4140127388535032,85.0,0.14666666666666667,15d54a77fbbb18b504d3c92ecaa2531057adacb078a22dd18968196c3c0975ee
routing_compound_regional_stress,routing_compound_regional_stress:seed96100002:epoch55,55,17,validation,96300002,u_0.50,0.5,87027520.64792767,0.4140127388535032,83.0,0.13414634146341464,15d54a77fbbb18b504d3c92ecaa2531057adacb078a22dd18968196c3c0975ee
routing_compound_regional_stress,routing_compound_regional_stress:seed96100002:epoch55,55,17,validation,96300002,u_0.60,0.6,87146186.05057395,0.4140127388535032,83.0,0.13253012048192772,15d54a77fbbb18b504d3c92ecaa2531057adacb078a22dd18968196c3c0975ee
routing_compound_regional_stress,routing_compound_regional_stress:seed96100002:epoch55,55,17,validation,96300002,u_0.70,0.7,87156602.25373572,0.4140127388535032,83.0,0.12790697674418605,15d54a77fbbb18b504d3c92ecaa2531057adacb078a22dd18968196c3c0975ee
routing_compound_regional_stress,routing_compound_regional_stress:seed96100002:epoch55,55,17,validation,96300002,u_0.80,0.8,87309863.67322198,0.4140127388535032,83.0,0.12643678160919541,15d54a77fbbb18b504d3c92ecaa2531057adacb078a22dd18968196c3c0975ee
routing_compound_regional_stress,routing_compound_regional_stress:seed96100002:epoch55,55,17,validation,96300002,u_0.90,0.9,87530696.66160586,0.4140127388535032,83.0,0.12643678160919541,15d54a77fbbb18b504d3c92ecaa2531057adacb078a22dd18968196c3c0975ee
routing_compound_regional_stress,routing_compound_regional_stress:seed96100002:epoch55,55,17,validation,96300002,u_1.00,1.0,86903690.54792768,0.4140127388535032,82.0,0.11702127659574468,15d54a77fbbb18b504d3c92ecaa2531057adacb078a22dd18968196c3c0975ee
routing_compound_regional_stress,routing_compound_regional_stress:seed96100002:epoch55,55,17,validation,96300003,anchor,-1.0,86209853.141502,0.4140127388535032,82.0,0.13414634146341464,15d54a77fbbb18b504d3c92ecaa2531057adacb078a22dd18968196c3c0975ee
routing_compound_regional_stress,routing_compound_regional_stress:seed96100002:epoch55,55,17,validation,96300003,u_0.00,0.0,89799602.66313073,0.4140127388535032,88.0,0.18333333333333332,15d54a77fbbb18b504d3c92ecaa2531057adacb078a22dd18968196c3c0975ee
routing_compound_regional_stress,routing_compound_regional_stress:seed96100002:epoch55,55,17,validation,96300003,u_0.10,0.1,89332211.73260741,0.4140127388535032,87.0,0.171875,15d54a77fbbb18b504d3c92ecaa2531057adacb078a22dd18968196c3c0975ee
routing_compound_regional_stress,routing_compound_regional_stress:seed96100002:epoch55,55,17,validation,96300003,u_0.20,0.2,89401803.1769552,0.4140127388535032,87.0,0.16666666666666666,15d54a77fbbb18b504d3c92ecaa2531057adacb078a22dd18968196c3c0975ee
routing_compound_regional_stress,routing_compound_regional_stress:seed96100002:epoch55,55,17,validation,96300003,u_0.30,0.3,88298554.94245297,0.4140127388535032,85.0,0.1527777777777778,15d54a77fbbb18b504d3c92ecaa2531057adacb078a22dd18968196c3c0975ee
routing_compound_regional_stress,routing_compound_regional_stress:seed96100002:epoch55,55,17,validation,96300003,u_0.40,0.4,88352474.64579692,0.4140127388535032,85.0,0.14666666666666667,15d54a77fbbb18b504d3c92ecaa2531057adacb078a22dd18968196c3c0975ee
routing_compound_regional_stress,routing_compound_regional_stress:seed96100002:epoch55,55,17,validation,96300003,u_0.50,0.5,87027520.64792767,0.4140127388535032,83.0,0.13414634146341464,15d54a77fbbb18b504d3c92ecaa2531057adacb078a22dd18968196c3c0975ee
routing_compound_regional_stress,routing_compound_regional_stress:seed96100002:epoch55,55,17,validation,96300003,u_0.60,0.6,87146186.05057395,0.4140127388535032,83.0,0.13253012048192772,15d54a77fbbb18b504d3c92ecaa2531057adacb078a22dd18968196c3c0975ee
routing_compound_regional_stress,routing_compound_regional_stress:seed96100002:epoch55,55,17,validation,96300003,u_0.70,0.7,87156602.25373572,0.4140127388535032,83.0,0.12790697674418605,15d54a77fbbb18b504d3c92ecaa2531057adacb078a22dd18968196c3c0975ee
routing_compound_regional_stress,routing_compound_regional_stress:seed96100002:epoch55,55,17,validation,96300003,u_0.80,0.8,87309863.67322198,0.4140127388535032,83.0,0.12643678160919541,15d54a77fbbb18b504d3c92ecaa2531057adacb078a22dd18968196c3c0975ee
routing_compound_regional_stress,routing_compound_regional_stress:seed96100002:epoch55,55,17,validation,96300003,u_0.90,0.9,87530696.66160586,0.4140127388535032,83.0,0.12643678160919541,15d54a77fbbb18b504d3c92ecaa2531057adacb078a22dd18968196c3c0975ee
routing_compound_regional_stress,routing_compound_regional_stress:seed96100002:epoch55,55,17,validation,96300003,u_1.00,1.0,86903690.54792768,0.4140127388535032,82.0,0.11702127659574468,15d54a77fbbb18b504d3c92ecaa2531057adacb078a22dd18968196c3c0975ee
routing_compound_regional_stress,routing_compound_regional_stress:seed96100002:epoch55,55,17,validation,96300004,anchor,-1.0,86209853.141502,0.4140127388535032,82.0,0.13414634146341464,15d54a77fbbb18b504d3c92ecaa2531057adacb078a22dd18968196c3c0975ee
routing_compound_regional_stress,routing_compound_regional_stress:seed96100002:epoch55,55,17,validation,96300004,u_0.00,0.0,89799602.66313073,0.4140127388535032,88.0,0.18333333333333332,15d54a77fbbb18b504d3c92ecaa2531057adacb078a22dd18968196c3c0975ee
routing_compound_regional_stress,routing_compound_regional_stress:seed96100002:epoch55,55,17,validation,96300004,u_0.10,0.1,89332211.73260741,0.4140127388535032,87.0,0.171875,15d54a77fbbb18b504d3c92ecaa2531057adacb078a22dd18968196c3c0975ee
routing_compound_regional_stress,routing_compound_regional_stress:seed96100002:epoch55,55,17,validation,96300004,u_0.20,0.2,89401803.1769552,0.4140127388535032,87.0,0.16666666666666666,15d54a77fbbb18b504d3c92ecaa2531057adacb078a22dd18968196c3c0975ee
routing_compound_regional_stress,routing_compound_regional_stress:seed96100002:epoch55,55,17,validation,96300004,u_0.30,0.3,88298554.94245297,0.4140127388535032,85.0,0.1527777777777778,15d54a77fbbb18b504d3c92ecaa2531057adacb078a22dd18968196c3c0975ee
routing_compound_regional_stress,routing_compound_regional_stress:seed96100002:epoch55,55,17,validation,96300004,u_0.40,0.4,88352474.64579692,0.4140127388535032,85.0,0.14666666666666667,15d54a77fbbb18b504d3c92ecaa2531057adacb078a22dd18968196c3c0975ee
routing_compound_regional_stress,routing_compound_regional_stress:seed96100002:epoch55,55,17,validation,96300004,u_0.50,0.5,87027520.64792767,0.4140127388535032,83.0,0.13414634146341464,15d54a77fbbb18b504d3c92ecaa2531057adacb078a22dd18968196c3c0975ee
routing_compound_regional_stress,routing_compound_regional_stress:seed96100002:epoch55,55,17,validation,96300004,u_0.60,0.6,87146186.05057395,0.4140127388535032,83.0,0.13253012048192772,15d54a77fbbb18b504d3c92ecaa2531057adacb078a22dd18968196c3c0975ee
routing_compound_regional_stress,routing_compound_regional_stress:seed96100002:epoch55,55,17,validation,96300004,u_0.70,0.7,87156602.25373572,0.4140127388535032,83.0,0.12790697674418605,15d54a77fbbb18b504d3c92ecaa2531057adacb078a22dd18968196c3c0975ee
routing_compound_regional_stress,routing_compound_regional_stress:seed96100002:epoch55,55,17,validation,96300004,u_0.80,0.8,87309863.67322198,0.4140127388535032,83.0,0.12643678160919541,15d54a77fbbb18b504d3c92ecaa2531057adacb078a22dd18968196c3c0975ee
routing_compound_regional_stress,routing_compound_regional_stress:seed96100002:epoch55,55,17,validation,96300004,u_0.90,0.9,87530696.66160586,0.4140127388535032,83.0,0.12643678160919541,15d54a77fbbb18b504d3c92ecaa2531057adacb078a22dd18968196c3c0975ee
routing_compound_regional_stress,routing_compound_regional_stress:seed96100002:epoch55,55,17,validation,96300004,u_1.00,1.0,86903690.54792768,0.4140127388535032,82.0,0.11702127659574468,15d54a77fbbb18b504d3c92ecaa2531057adacb078a22dd18968196c3c0975ee
routing_compound_regional_stress,routing_compound_regional_stress:seed96100002:epoch80,80,14,discovery,96200000,anchor,-1.0,131034819.77973752,0.5537190082644629,135.0,0.18032786885245902,15d54a77fbbb18b504d3c92ecaa2531057adacb078a22dd18968196c3c0975ee
routing_compound_regional_stress,routing_compound_regional_stress:seed96100002:epoch80,80,14,discovery,96200000,u_0.00,0.0,134057663.01543587,0.5537190082644629,140.0,0.2682926829268293,15d54a77fbbb18b504d3c92ecaa2531057adacb078a22dd18968196c3c0975ee
routing_compound_regional_stress,routing_compound_regional_stress:seed96100002:epoch80,80,14,discovery,96200000,u_0.10,0.1,134082341.23856995,0.5537190082644629,140.0,0.24444444444444444,15d54a77fbbb18b504d3c92ecaa2531057adacb078a22dd18968196c3c0975ee
routing_compound_regional_stress,routing_compound_regional_stress:seed96100002:epoch80,80,14,discovery,96200000,u_0.20,0.2,133533317.25517005,0.5537190082644629,139.0,0.22916666666666666,15d54a77fbbb18b504d3c92ecaa2531057adacb078a22dd18968196c3c0975ee
routing_compound_regional_stress,routing_compound_regional_stress:seed96100002:epoch80,80,14,discovery,96200000,u_0.30,0.3,132965723.06157361,0.5537190082644629,138.0,0.21568627450980393,15d54a77fbbb18b504d3c92ecaa2531057adacb078a22dd18968196c3c0975ee
routing_compound_regional_stress,routing_compound_regional_stress:seed96100002:epoch80,80,14,discovery,96200000,u_0.40,0.4,133009580.46271998,0.5537190082644629,138.0,0.21153846153846154,15d54a77fbbb18b504d3c92ecaa2531057adacb078a22dd18968196c3c0975ee
routing_compound_regional_stress,routing_compound_regional_stress:seed96100002:epoch80,80,14,discovery,96200000,u_0.50,0.5,132914097.46420807,0.5537190082644629,138.0,0.19298245614035087,15d54a77fbbb18b504d3c92ecaa2531057adacb078a22dd18968196c3c0975ee
routing_compound_regional_stress,routing_compound_regional_stress:seed96100002:epoch80,80,14,discovery,96200000,u_0.60,0.6,133031174.86603788,0.5537190082644629,138.0,0.1896551724137931,15d54a77fbbb18b504d3c92ecaa2531057adacb078a22dd18968196c3c0975ee
routing_compound_regional_stress,routing_compound_regional_stress:seed96100002:epoch80,80,14,discovery,96200000,u_0.70,0.7,131795000.46820939,0.5537190082644629,136.0,0.171875,15d54a77fbbb18b504d3c92ecaa2531057adacb078a22dd18968196c3c0975ee
routing_compound_regional_stress,routing_compound_regional_stress:seed96100002:epoch80,80,14,discovery,96200000,u_0.80,0.8,131334896.3815802,0.5537190082644629,135.0,0.16666666666666666,15d54a77fbbb18b504d3c92ecaa2531057adacb078a22dd18968196c3c0975ee
routing_compound_regional_stress,routing_compound_regional_stress:seed96100002:epoch80,80,14,discovery,96200000,u_0.90,0.9,131486357.37357756,0.5537190082644629,135.0,0.16666666666666666,15d54a77fbbb18b504d3c92ecaa2531057adacb078a22dd18968196c3c0975ee
routing_compound_regional_stress,routing_compound_regional_stress:seed96100002:epoch80,80,14,discovery,96200000,u_1.00,1.0,130823090.86420807,0.5537190082644629,134.0,0.1527777777777778,15d54a77fbbb18b504d3c92ecaa2531057adacb078a22dd18968196c3c0975ee
routing_compound_regional_stress,routing_compound_regional_stress:seed96100002:epoch80,80,14,discovery,96200001,anchor,-1.0,131034819.77973752,0.5537190082644629,135.0,0.18032786885245902,15d54a77fbbb18b504d3c92ecaa2531057adacb078a22dd18968196c3c0975ee
routing_compound_regional_stress,routing_compound_regional_stress:seed96100002:epoch80,80,14,discovery,96200001,u_0.00,0.0,134057663.01543587,0.5537190082644629,140.0,0.2682926829268293,15d54a77fbbb18b504d3c92ecaa2531057adacb078a22dd18968196c3c0975ee
routing_compound_regional_stress,routing_compound_regional_stress:seed96100002:epoch80,80,14,discovery,96200001,u_0.10,0.1,134082341.23856995,0.5537190082644629,140.0,0.24444444444444444,15d54a77fbbb18b504d3c92ecaa2531057adacb078a22dd18968196c3c0975ee
routing_compound_regional_stress,routing_compound_regional_stress:seed96100002:epoch80,80,14,discovery,96200001,u_0.20,0.2,133533317.25517005,0.5537190082644629,139.0,0.22916666666666666,15d54a77fbbb18b504d3c92ecaa2531057adacb078a22dd18968196c3c0975ee
routing_compound_regional_stress,routing_compound_regional_stress:seed96100002:epoch80,80,14,discovery,96200001,u_0.30,0.3,132965723.06157361,0.5537190082644629,138.0,0.21568627450980393,15d54a77fbbb18b504d3c92ecaa2531057adacb078a22dd18968196c3c0975ee
routing_compound_regional_stress,routing_compound_regional_stress:seed96100002:epoch80,80,14,discovery,96200001,u_0.40,0.4,133009580.46271998,0.5537190082644629,138.0,0.21153846153846154,15d54a77fbbb18b504d3c92ecaa2531057adacb078a22dd18968196c3c0975ee
routing_compound_regional_stress,routing_compound_regional_stress:seed96100002:epoch80,80,14,discovery,96200001,u_0.50,0.5,132914097.46420807,0.5537190082644629,138.0,0.19298245614035087,15d54a77fbbb18b504d3c92ecaa2531057adacb078a22dd18968196c3c0975ee
routing_compound_regional_stress,routing_compound_regional_stress:seed96100002:epoch80,80,14,discovery,96200001,u_0.60,0.6,133031174.86603788,0.5537190082644629,138.0,0.1896551724137931,15d54a77fbbb18b504d3c92ecaa2531057adacb078a22dd18968196c3c0975ee
routing_compound_regional_stress,routing_compound_regional_stress:seed96100002:epoch80,80,14,discovery,96200001,u_0.70,0.7,131795000.46820939,0.5537190082644629,136.0,0.171875,15d54a77fbbb18b504d3c92ecaa2531057adacb078a22dd18968196c3c0975ee
routing_compound_regional_stress,routing_compound_regional_stress:seed96100002:epoch80,80,14,discovery,96200001,u_0.80,0.8,131334896.3815802,0.5537190082644629,135.0,0.16666666666666666,15d54a77fbbb18b504d3c92ecaa2531057adacb078a22dd18968196c3c0975ee
routing_compound_regional_stress,routing_compound_regional_stress:seed96100002:epoch80,80,14,discovery,96200001,u_0.90,0.9,131486357.37357756,0.5537190082644629,135.0,0.16666666666666666,15d54a77fbbb18b504d3c92ecaa2531057adacb078a22dd18968196c3c0975ee
routing_compound_regional_stress,routing_compound_regional_stress:seed96100002:epoch80,80,14,discovery,96200001,u_1.00,1.0,130823090.86420807,0.5537190082644629,134.0,0.1527777777777778,15d54a77fbbb18b504d3c92ecaa2531057adacb078a22dd18968196c3c0975ee
routing_compound_regional_stress,routing_compound_regional_stress:seed96100002:epoch80,80,14,discovery,96200002,anchor,-1.0,131034819.77973752,0.5537190082644629,135.0,0.18032786885245902,15d54a77fbbb18b504d3c92ecaa2531057adacb078a22dd18968196c3c0975ee
routing_compound_regional_stress,routing_compound_regional_stress:seed96100002:epoch80,80,14,discovery,96200002,u_0.00,0.0,134057663.01543587,0.5537190082644629,140.0,0.2682926829268293,15d54a77fbbb18b504d3c92ecaa2531057adacb078a22dd18968196c3c0975ee
routing_compound_regional_stress,routing_compound_regional_stress:seed96100002:epoch80,80,14,discovery,96200002,u_0.10,0.1,134082341.23856995,0.5537190082644629,140.0,0.24444444444444444,15d54a77fbbb18b504d3c92ecaa2531057adacb078a22dd18968196c3c0975ee
routing_compound_regional_stress,routing_compound_regional_stress:seed96100002:epoch80,80,14,discovery,96200002,u_0.20,0.2,133533317.25517005,0.5537190082644629,139.0,0.22916666666666666,15d54a77fbbb18b504d3c92ecaa2531057adacb078a22dd18968196c3c0975ee
routing_compound_regional_stress,routing_compound_regional_stress:seed96100002:epoch80,80,14,discovery,96200002,u_0.30,0.3,132965723.06157361,0.5537190082644629,138.0,0.21568627450980393,15d54a77fbbb18b504d3c92ecaa2531057adacb078a22dd18968196c3c0975ee
routing_compound_regional_stress,routing_compound_regional_stress:seed96100002:epoch80,80,14,discovery,96200002,u_0.40,0.4,133009580.46271998,0.5537190082644629,138.0,0.21153846153846154,15d54a77fbbb18b504d3c92ecaa2531057adacb078a22dd18968196c3c0975ee
routing_compound_regional_stress,routing_compound_regional_stress:seed96100002:epoch80,80,14,discovery,96200002,u_0.50,0.5,132914097.46420807,0.5537190082644629,138.0,0.19298245614035087,15d54a77fbbb18b504d3c92ecaa2531057adacb078a22dd18968196c3c0975ee
routing_compound_regional_stress,routing_compound_regional_stress:seed96100002:epoch80,80,14,discovery,96200002,u_0.60,0.6,133031174.86603788,0.5537190082644629,138.0,0.1896551724137931,15d54a77fbbb18b504d3c92ecaa2531057adacb078a22dd18968196c3c0975ee
routing_compound_regional_stress,routing_compound_regional_stress:seed96100002:epoch80,80,14,discovery,96200002,u_0.70,0.7,131795000.46820939,0.5537190082644629,136.0,0.171875,15d54a77fbbb18b504d3c92ecaa2531057adacb078a22dd18968196c3c0975ee
routing_compound_regional_stress,routing_compound_regional_stress:seed96100002:epoch80,80,14,discovery,96200002,u_0.80,0.8,131334896.3815802,0.5537190082644629,135.0,0.16666666666666666,15d54a77fbbb18b504d3c92ecaa2531057adacb078a22dd18968196c3c0975ee
routing_compound_regional_stress,routing_compound_regional_stress:seed96100002:epoch80,80,14,discovery,96200002,u_0.90,0.9,131486357.37357756,0.5537190082644629,135.0,0.16666666666666666,15d54a77fbbb18b504d3c92ecaa2531057adacb078a22dd18968196c3c0975ee
routing_compound_regional_stress,routing_compound_regional_stress:seed96100002:epoch80,80,14,discovery,96200002,u_1.00,1.0,130823090.86420807,0.5537190082644629,134.0,0.1527777777777778,15d54a77fbbb18b504d3c92ecaa2531057adacb078a22dd18968196c3c0975ee
routing_compound_regional_stress,routing_compound_regional_stress:seed96100002:epoch80,80,14,validation,96300000,anchor,-1.0,131034819.77973752,0.5537190082644629,135.0,0.18032786885245902,15d54a77fbbb18b504d3c92ecaa2531057adacb078a22dd18968196c3c0975ee
routing_compound_regional_stress,routing_compound_regional_stress:seed96100002:epoch80,80,14,validation,96300000,u_0.00,0.0,134057663.01543587,0.5537190082644629,140.0,0.2682926829268293,15d54a77fbbb18b504d3c92ecaa2531057adacb078a22dd18968196c3c0975ee
routing_compound_regional_stress,routing_compound_regional_stress:seed96100002:epoch80,80,14,validation,96300000,u_0.10,0.1,134082341.23856995,0.5537190082644629,140.0,0.24444444444444444,15d54a77fbbb18b504d3c92ecaa2531057adacb078a22dd18968196c3c0975ee
routing_compound_regional_stress,routing_compound_regional_stress:seed96100002:epoch80,80,14,validation,96300000,u_0.20,0.2,133533317.25517005,0.5537190082644629,139.0,0.22916666666666666,15d54a77fbbb18b504d3c92ecaa2531057adacb078a22dd18968196c3c0975ee
routing_compound_regional_stress,routing_compound_regional_stress:seed96100002:epoch80,80,14,validation,96300000,u_0.30,0.3,132965723.06157361,0.5537190082644629,138.0,0.21568627450980393,15d54a77fbbb18b504d3c92ecaa2531057adacb078a22dd18968196c3c0975ee
routing_compound_regional_stress,routing_compound_regional_stress:seed96100002:epoch80,80,14,validation,96300000,u_0.40,0.4,133009580.46271998,0.5537190082644629,138.0,0.21153846153846154,15d54a77fbbb18b504d3c92ecaa2531057adacb078a22dd18968196c3c0975ee
routing_compound_regional_stress,routing_compound_regional_stress:seed96100002:epoch80,80,14,validation,96300000,u_0.50,0.5,132914097.46420807,0.5537190082644629,138.0,0.19298245614035087,15d54a77fbbb18b504d3c92ecaa2531057adacb078a22dd18968196c3c0975ee
routing_compound_regional_stress,routing_compound_regional_stress:seed96100002:epoch80,80,14,validation,96300000,u_0.60,0.6,133031174.86603788,0.5537190082644629,138.0,0.1896551724137931,15d54a77fbbb18b504d3c92ecaa2531057adacb078a22dd18968196c3c0975ee
routing_compound_regional_stress,routing_compound_regional_stress:seed96100002:epoch80,80,14,validation,96300000,u_0.70,0.7,131795000.46820939,0.5537190082644629,136.0,0.171875,15d54a77fbbb18b504d3c92ecaa2531057adacb078a22dd18968196c3c0975ee
routing_compound_regional_stress,routing_compound_regional_stress:seed96100002:epoch80,80,14,validation,96300000,u_0.80,0.8,131334896.3815802,0.5537190082644629,135.0,0.16666666666666666,15d54a77fbbb18b504d3c92ecaa2531057adacb078a22dd18968196c3c0975ee
routing_compound_regional_stress,routing_compound_regional_stress:seed96100002:epoch80,80,14,validation,96300000,u_0.90,0.9,131486357.37357756,0.5537190082644629,135.0,0.16666666666666666,15d54a77fbbb18b504d3c92ecaa2531057adacb078a22dd18968196c3c0975ee
routing_compound_regional_stress,routing_compound_regional_stress:seed96100002:epoch80,80,14,validation,96300000,u_1.00,1.0,130823090.86420807,0.5537190082644629,134.0,0.1527777777777778,15d54a77fbbb18b504d3c92ecaa2531057adacb078a22dd18968196c3c0975ee
routing_compound_regional_stress,routing_compound_regional_stress:seed96100002:epoch80,80,14,validation,96300001,anchor,-1.0,131034819.77973752,0.5537190082644629,135.0,0.18032786885245902,15d54a77fbbb18b504d3c92ecaa2531057adacb078a22dd18968196c3c0975ee
routing_compound_regional_stress,routing_compound_regional_stress:seed96100002:epoch80,80,14,validation,96300001,u_0.00,0.0,134057663.01543587,0.5537190082644629,140.0,0.2682926829268293,15d54a77fbbb18b504d3c92ecaa2531057adacb078a22dd18968196c3c0975ee
routing_compound_regional_stress,routing_compound_regional_stress:seed96100002:epoch80,80,14,validation,96300001,u_0.10,0.1,134082341.23856995,0.5537190082644629,140.0,0.24444444444444444,15d54a77fbbb18b504d3c92ecaa2531057adacb078a22dd18968196c3c0975ee
routing_compound_regional_stress,routing_compound_regional_stress:seed96100002:epoch80,80,14,validation,96300001,u_0.20,0.2,133533317.25517005,0.5537190082644629,139.0,0.22916666666666666,15d54a77fbbb18b504d3c92ecaa2531057adacb078a22dd18968196c3c0975ee
routing_compound_regional_stress,routing_compound_regional_stress:seed96100002:epoch80,80,14,validation,96300001,u_0.30,0.3,132965723.06157361,0.5537190082644629,138.0,0.21568627450980393,15d54a77fbbb18b504d3c92ecaa2531057adacb078a22dd18968196c3c0975ee
routing_compound_regional_stress,routing_compound_regional_stress:seed96100002:epoch80,80,14,validation,96300001,u_0.40,0.4,133009580.46271998,0.5537190082644629,138.0,0.21153846153846154,15d54a77fbbb18b504d3c92ecaa2531057adacb078a22dd18968196c3c0975ee
routing_compound_regional_stress,routing_compound_regional_stress:seed96100002:epoch80,80,14,validation,96300001,u_0.50,0.5,132914097.46420807,0.5537190082644629,138.0,0.19298245614035087,15d54a77fbbb18b504d3c92ecaa2531057adacb078a22dd18968196c3c0975ee
routing_compound_regional_stress,routing_compound_regional_stress:seed96100002:epoch80,80,14,validation,96300001,u_0.60,0.6,133031174.86603788,0.5537190082644629,138.0,0.1896551724137931,15d54a77fbbb18b504d3c92ecaa2531057adacb078a22dd18968196c3c0975ee
routing_compound_regional_stress,routing_compound_regional_stress:seed96100002:epoch80,80,14,validation,96300001,u_0.70,0.7,131795000.46820939,0.5537190082644629,136.0,0.171875,15d54a77fbbb18b504d3c92ecaa2531057adacb078a22dd18968196c3c0975ee
routing_compound_regional_stress,routing_compound_regional_stress:seed96100002:epoch80,80,14,validation,96300001,u_0.80,0.8,131334896.3815802,0.5537190082644629,135.0,0.16666666666666666,15d54a77fbbb18b504d3c92ecaa2531057adacb078a22dd18968196c3c0975ee
routing_compound_regional_stress,routing_compound_regional_stress:seed96100002:epoch80,80,14,validation,96300001,u_0.90,0.9,131486357.37357756,0.5537190082644629,135.0,0.16666666666666666,15d54a77fbbb18b504d3c92ecaa2531057adacb078a22dd18968196c3c0975ee
routing_compound_regional_stress,routing_compound_regional_stress:seed96100002:epoch80,80,14,validation,96300001,u_1.00,1.0,130823090.86420807,0.5537190082644629,134.0,0.1527777777777778,15d54a77fbbb18b504d3c92ecaa2531057adacb078a22dd18968196c3c0975ee
routing_compound_regional_stress,routing_compound_regional_stress:seed96100002:epoch80,80,14,validation,96300002,anchor,-1.0,131034819.77973752,0.5537190082644629,135.0,0.18032786885245902,15d54a77fbbb18b504d3c92ecaa2531057adacb078a22dd18968196c3c0975ee
routing_compound_regional_stress,routing_compound_regional_stress:seed96100002:epoch80,80,14,validation,96300002,u_0.00,0.0,134057663.01543587,0.5537190082644629,140.0,0.2682926829268293,15d54a77fbbb18b504d3c92ecaa2531057adacb078a22dd18968196c3c0975ee
routing_compound_regional_stress,routing_compound_regional_stress:seed96100002:epoch80,80,14,validation,96300002,u_0.10,0.1,134082341.23856995,0.5537190082644629,140.0,0.24444444444444444,15d54a77fbbb18b504d3c92ecaa2531057adacb078a22dd18968196c3c0975ee
routing_compound_regional_stress,routing_compound_regional_stress:seed96100002:epoch80,80,14,validation,96300002,u_0.20,0.2,133533317.25517005,0.5537190082644629,139.0,0.22916666666666666,15d54a77fbbb18b504d3c92ecaa2531057adacb078a22dd18968196c3c0975ee
routing_compound_regional_stress,routing_compound_regional_stress:seed96100002:epoch80,80,14,validation,96300002,u_0.30,0.3,132965723.06157361,0.5537190082644629,138.0,0.21568627450980393,15d54a77fbbb18b504d3c92ecaa2531057adacb078a22dd18968196c3c0975ee
routing_compound_regional_stress,routing_compound_regional_stress:seed96100002:epoch80,80,14,validation,96300002,u_0.40,0.4,133009580.46271998,0.5537190082644629,138.0,0.21153846153846154,15d54a77fbbb18b504d3c92ecaa2531057adacb078a22dd18968196c3c0975ee
routing_compound_regional_stress,routing_compound_regional_stress:seed96100002:epoch80,80,14,validation,96300002,u_0.50,0.5,132914097.46420807,0.5537190082644629,138.0,0.19298245614035087,15d54a77fbbb18b504d3c92ecaa2531057adacb078a22dd18968196c3c0975ee
routing_compound_regional_stress,routing_compound_regional_stress:seed96100002:epoch80,80,14,validation,96300002,u_0.60,0.6,133031174.86603788,0.5537190082644629,138.0,0.1896551724137931,15d54a77fbbb18b504d3c92ecaa2531057adacb078a22dd18968196c3c0975ee
routing_compound_regional_stress,routing_compound_regional_stress:seed96100002:epoch80,80,14,validation,96300002,u_0.70,0.7,131795000.46820939,0.5537190082644629,136.0,0.171875,15d54a77fbbb18b504d3c92ecaa2531057adacb078a22dd18968196c3c0975ee
routing_compound_regional_stress,routing_compound_regional_stress:seed96100002:epoch80,80,14,validation,96300002,u_0.80,0.8,131334896.3815802,0.5537190082644629,135.0,0.16666666666666666,15d54a77fbbb18b504d3c92ecaa2531057adacb078a22dd18968196c3c0975ee
routing_compound_regional_stress,routing_compound_regional_stress:seed96100002:epoch80,80,14,validation,96300002,u_0.90,0.9,131486357.37357756,0.5537190082644629,135.0,0.16666666666666666,15d54a77fbbb18b504d3c92ecaa2531057adacb078a22dd18968196c3c0975ee
routing_compound_regional_stress,routing_compound_regional_stress:seed96100002:epoch80,80,14,validation,96300002,u_1.00,1.0,130823090.86420807,0.5537190082644629,134.0,0.1527777777777778,15d54a77fbbb18b504d3c92ecaa2531057adacb078a22dd18968196c3c0975ee
routing_compound_regional_stress,routing_compound_regional_stress:seed96100002:epoch80,80,14,validation,96300003,anchor,-1.0,131034819.77973752,0.5537190082644629,135.0,0.18032786885245902,15d54a77fbbb18b504d3c92ecaa2531057adacb078a22dd18968196c3c0975ee
routing_compound_regional_stress,routing_compound_regional_stress:seed96100002:epoch80,80,14,validation,96300003,u_0.00,0.0,134057663.01543587,0.5537190082644629,140.0,0.2682926829268293,15d54a77fbbb18b504d3c92ecaa2531057adacb078a22dd18968196c3c0975ee
routing_compound_regional_stress,routing_compound_regional_stress:seed96100002:epoch80,80,14,validation,96300003,u_0.10,0.1,134082341.23856995,0.5537190082644629,140.0,0.24444444444444444,15d54a77fbbb18b504d3c92ecaa2531057adacb078a22dd18968196c3c0975ee
routing_compound_regional_stress,routing_compound_regional_stress:seed96100002:epoch80,80,14,validation,96300003,u_0.20,0.2,133533317.25517005,0.5537190082644629,139.0,0.22916666666666666,15d54a77fbbb18b504d3c92ecaa2531057adacb078a22dd18968196c3c0975ee
routing_compound_regional_stress,routing_compound_regional_stress:seed96100002:epoch80,80,14,validation,96300003,u_0.30,0.3,132965723.06157361,0.5537190082644629,138.0,0.21568627450980393,15d54a77fbbb18b504d3c92ecaa2531057adacb078a22dd18968196c3c0975ee
routing_compound_regional_stress,routing_compound_regional_stress:seed96100002:epoch80,80,14,validation,96300003,u_0.40,0.4,133009580.46271998,0.5537190082644629,138.0,0.21153846153846154,15d54a77fbbb18b504d3c92ecaa2531057adacb078a22dd18968196c3c0975ee
routing_compound_regional_stress,routing_compound_regional_stress:seed96100002:epoch80,80,14,validation,96300003,u_0.50,0.5,132914097.46420807,0.5537190082644629,138.0,0.19298245614035087,15d54a77fbbb18b504d3c92ecaa2531057adacb078a22dd18968196c3c0975ee
routing_compound_regional_stress,routing_compound_regional_stress:seed96100002:epoch80,80,14,validation,96300003,u_0.60,0.6,133031174.86603788,0.5537190082644629,138.0,0.1896551724137931,15d54a77fbbb18b504d3c92ecaa2531057adacb078a22dd18968196c3c0975ee
routing_compound_regional_stress,routing_compound_regional_stress:seed96100002:epoch80,80,14,validation,96300003,u_0.70,0.7,131795000.46820939,0.5537190082644629,136.0,0.171875,15d54a77fbbb18b504d3c92ecaa2531057adacb078a22dd18968196c3c0975ee
routing_compound_regional_stress,routing_compound_regional_stress:seed96100002:epoch80,80,14,validation,96300003,u_0.80,0.8,131334896.3815802,0.5537190082644629,135.0,0.16666666666666666,15d54a77fbbb18b504d3c92ecaa2531057adacb078a22dd18968196c3c0975ee
routing_compound_regional_stress,routing_compound_regional_stress:seed96100002:epoch80,80,14,validation,96300003,u_0.90,0.9,131486357.37357756,0.5537190082644629,135.0,0.16666666666666666,15d54a77fbbb18b504d3c92ecaa2531057adacb078a22dd18968196c3c0975ee
routing_compound_regional_stress,routing_compound_regional_stress:seed96100002:epoch80,80,14,validation,96300003,u_1.00,1.0,130823090.86420807,0.5537190082644629,134.0,0.1527777777777778,15d54a77fbbb18b504d3c92ecaa2531057adacb078a22dd18968196c3c0975ee
routing_compound_regional_stress,routing_compound_regional_stress:seed96100002:epoch80,80,14,validation,96300004,anchor,-1.0,131034819.77973752,0.5537190082644629,135.0,0.18032786885245902,15d54a77fbbb18b504d3c92ecaa2531057adacb078a22dd18968196c3c0975ee
routing_compound_regional_stress,routing_compound_regional_stress:seed96100002:epoch80,80,14,validation,96300004,u_0.00,0.0,134057663.01543587,0.5537190082644629,140.0,0.2682926829268293,15d54a77fbbb18b504d3c92ecaa2531057adacb078a22dd18968196c3c0975ee
routing_compound_regional_stress,routing_compound_regional_stress:seed96100002:epoch80,80,14,validation,96300004,u_0.10,0.1,134082341.23856995,0.5537190082644629,140.0,0.24444444444444444,15d54a77fbbb18b504d3c92ecaa2531057adacb078a22dd18968196c3c0975ee
routing_compound_regional_stress,routing_compound_regional_stress:seed96100002:epoch80,80,14,validation,96300004,u_0.20,0.2,133533317.25517005,0.5537190082644629,139.0,0.22916666666666666,15d54a77fbbb18b504d3c92ecaa2531057adacb078a22dd18968196c3c0975ee
routing_compound_regional_stress,routing_compound_regional_stress:seed96100002:epoch80,80,14,validation,96300004,u_0.30,0.3,132965723.06157361,0.5537190082644629,138.0,0.21568627450980393,15d54a77fbbb18b504d3c92ecaa2531057adacb078a22dd18968196c3c0975ee
routing_compound_regional_stress,routing_compound_regional_stress:seed96100002:epoch80,80,14,validation,96300004,u_0.40,0.4,133009580.46271998,0.5537190082644629,138.0,0.21153846153846154,15d54a77fbbb18b504d3c92ecaa2531057adacb078a22dd18968196c3c0975ee
routing_compound_regional_stress,routing_compound_regional_stress:seed96100002:epoch80,80,14,validation,96300004,u_0.50,0.5,132914097.46420807,0.5537190082644629,138.0,0.19298245614035087,15d54a77fbbb18b504d3c92ecaa2531057adacb078a22dd18968196c3c0975ee
routing_compound_regional_stress,routing_compound_regional_stress:seed96100002:epoch80,80,14,validation,96300004,u_0.60,0.6,133031174.86603788,0.5537190082644629,138.0,0.1896551724137931,15d54a77fbbb18b504d3c92ecaa2531057adacb078a22dd18968196c3c0975ee
routing_compound_regional_stress,routing_compound_regional_stress:seed96100002:epoch80,80,14,validation,96300004,u_0.70,0.7,131795000.46820939,0.5537190082644629,136.0,0.171875,15d54a77fbbb18b504d3c92ecaa2531057adacb078a22dd18968196c3c0975ee
routing_compound_regional_stress,routing_compound_regional_stress:seed96100002:epoch80,80,14,validation,96300004,u_0.80,0.8,131334896.3815802,0.5537190082644629,135.0,0.16666666666666666,15d54a77fbbb18b504d3c92ecaa2531057adacb078a22dd18968196c3c0975ee
routing_compound_regional_stress,routing_compound_regional_stress:seed96100002:epoch80,80,14,validation,96300004,u_0.90,0.9,131486357.37357756,0.5537190082644629,135.0,0.16666666666666666,15d54a77fbbb18b504d3c92ecaa2531057adacb078a22dd18968196c3c0975ee
routing_compound_regional_stress,routing_compound_regional_stress:seed96100002:epoch80,80,14,validation,96300004,u_1.00,1.0,130823090.86420807,0.5537190082644629,134.0,0.1527777777777778,15d54a77fbbb18b504d3c92ecaa2531057adacb078a22dd18968196c3c0975ee
