training_seed,scenario,built_scenario,step,configured_horizon,horizon,candidate_index,candidate_label,candidate_group,candidate_epsilon,candidate_sign,input_action_delta_l2,execution_delta_l2,execution_survived,anchor_execution_id,execution_id,discovery_total_cost,discovery_cost_advantage,discovery_completion_service_level,discovery_patients_lost,discovery_patient_ineligibility_during_manufacturing_rate,discovery_clinical_noninferior,validation_total_cost,validation_cost_advantage,validation_completion_service_level,validation_patients_lost,validation_patient_ineligibility_during_manufacturing_rate,validation_clinical_noninferior
60,routing_abrupt_regime_shift,routing_abrupt_regime_shift,0,remaining,52,0,mdl2,anchor,0.0,0.0,0.0,0.0,True,,0a7cd0ecfbeb90da,2060984267.2300255,0.0,0.5581212495641457,1758.3333333333333,0.052031898888083794,True,2116300049.7801056,0.0,0.547421096521297,1825.4,0.05676368680446153,True
60,routing_abrupt_regime_shift,routing_abrupt_regime_shift,0,remaining,52,1,specimen_transfer:+1x0.05,specimen_transfer,0.05,1.0,0.18741388618946075,0.0,False,b393978842a0fa3d,b393978842a0fa3d,2060984267.2300255,0.0,0.5581212495641457,1758.3333333333333,0.052031898888083794,True,2116300049.7801056,0.0,0.547421096521297,1825.4,0.05676368680446153,True
60,routing_abrupt_regime_shift,routing_abrupt_regime_shift,0,remaining,52,2,specimen_transfer:-1x0.05,specimen_transfer,0.05,-1.0,0.18741388618946075,0.0,False,b393978842a0fa3d,b393978842a0fa3d,2060984267.2300255,0.0,0.5581212495641457,1758.3333333333333,0.052031898888083794,True,2116300049.7801056,0.0,0.547421096521297,1825.4,0.05676368680446153,True
60,routing_abrupt_regime_shift,routing_abrupt_regime_shift,0,remaining,52,3,specimen_transfer:+1x0.1,specimen_transfer,0.1,1.0,0.3748277723789215,0.0,False,b393978842a0fa3d,b393978842a0fa3d,2060984267.2300255,0.0,0.5581212495641457,1758.3333333333333,0.052031898888083794,True,2116300049.7801056,0.0,0.547421096521297,1825.4,0.05676368680446153,True
60,routing_abrupt_regime_shift,routing_abrupt_regime_shift,0,remaining,52,4,specimen_transfer:-1x0.1,specimen_transfer,0.1,-1.0,0.3748277723789215,0.0,False,b393978842a0fa3d,b393978842a0fa3d,2060984267.2300255,0.0,0.5581212495641457,1758.3333333333333,0.052031898888083794,True,2116300049.7801056,0.0,0.547421096521297,1825.4,0.05676368680446153,True
60,routing_abrupt_regime_shift,routing_abrupt_regime_shift,0,remaining,52,5,reagent_transfer:+1x0.05,reagent_transfer,0.05,1.0,0.17445816099643707,10.87965531206039,True,b393978842a0fa3d,32790ba6d7b7df43,2061305526.5387745,-321259.3087489605,0.5581212495641457,1758.3333333333333,0.052031898888083794,True,2116162750.8009574,137298.9791481495,0.547421096521297,1825.4,0.05676368680446153,True
60,routing_abrupt_regime_shift,routing_abrupt_regime_shift,0,remaining,52,6,reagent_transfer:-1x0.05,reagent_transfer,0.05,-1.0,0.17445816099643707,10.87965531206039,True,b393978842a0fa3d,9f56bd5749ee1de4,2061116832.8560364,-132565.62601089478,0.5581212495641457,1758.3333333333333,0.052031898888083794,True,2116301701.7821987,-1652.002093076706,0.547421096521297,1825.4,0.05676368680446153,True
60,routing_abrupt_regime_shift,routing_abrupt_regime_shift,0,remaining,52,7,reagent_transfer:+1x0.1,reagent_transfer,0.1,1.0,0.34891632199287415,21.75931062412078,True,b393978842a0fa3d,96779d5ced2c31f0,2061255292.7825267,-271025.55250120163,0.5581212495641457,1758.3333333333333,0.052031898888083794,True,2116063644.7542667,236405.02583885193,0.547421096521297,1825.4,0.05676368680446153,True
60,routing_abrupt_regime_shift,routing_abrupt_regime_shift,0,remaining,52,8,reagent_transfer:-1x0.1,reagent_transfer,0.1,-1.0,0.34891632199287415,21.75931062412078,True,b393978842a0fa3d,c033bdeb2c53d76c,2061101330.2686636,-117063.03863811493,0.5581212495641457,1758.3333333333333,0.052031898888083794,True,2116316498.5124993,-16448.732393741608,0.547421096521297,1825.4,0.05676368680446153,True
60,routing_abrupt_regime_shift,routing_abrupt_regime_shift,0,remaining,52,9,combined_transfer:+1x0.05,combined_transfer,0.05,1.0,0.20885208249092102,11.083598970157354,True,bc469802436ccd2c,633b621015f1b53d,2117740876.405595,-56756609.175569534,0.5434833150853868,1831.6666666666667,0.0557314230230449,False,2179409973.0327444,-63109923.25263882,0.5309774808498274,1906.6,0.061262028616985445,False
60,routing_abrupt_regime_shift,routing_abrupt_regime_shift,0,remaining,52,10,combined_transfer:-1x0.05,combined_transfer,0.05,-1.0,0.2182130366563797,11.091740952879205,True,bc469802436ccd2c,7b76d42a7911e68b,2064458586.1220849,-3474318.892059326,0.5526954202088471,1786.6666666666667,0.05439958044300438,False,2122097730.5564568,-5797680.776351213,0.542573188718853,1858.4,0.05846911575527641,False
60,routing_abrupt_regime_shift,routing_abrupt_regime_shift,0,remaining,52,11,combined_transfer:+1x0.1,combined_transfer,0.1,1.0,0.41770416498184204,22.12859075590583,True,bc469802436ccd2c,fda39056e5101d05,2104174780.7151272,-43190513.4851017,0.548259066087624,1801.3333333333333,0.05224059815141815,False,2171606213.5032787,-55306163.72317314,0.5363213850714224,1878.6,0.05833013314615748,False
60,routing_abrupt_regime_shift,routing_abrupt_regime_shift,0,remaining,52,12,combined_transfer:-1x0.1,combined_transfer,0.1,-1.0,0.4364260733127594,22.183481827187276,True,bc469802436ccd2c,c02a06df569aa6cd,2081214135.5761297,-20229868.346104145,0.5481161232030222,1809.0,0.057264711734279605,False,2119517150.1243882,-3217100.344282627,0.5416268981725314,1859.0,0.05941782807018512,False
60,routing_abrupt_regime_shift,routing_abrupt_regime_shift,6,remaining,46,0,mdl2,anchor,0.0,0.0,0.0,0.0,True,,09b864f953850921,2114365083.2585475,0.0,0.5447717787216423,1870.3333333333333,0.05672588555249266,True,2089326043.5876622,0.0,0.550240340103827,1840.8,0.05371652757574134,True
60,routing_abrupt_regime_shift,routing_abrupt_regime_shift,6,remaining,46,1,specimen_transfer:+1x0.05,specimen_transfer,0.05,1.0,0.09612689167261124,4.0,True,bc1da30eb6111a6a,606c1e0d78b1cbe1,2108982121.7196143,5382961.538933277,0.5461147172374266,1863.6666666666667,0.055936916091038826,True,2088281030.414735,1045013.1729271412,0.550732005725699,1836.4,0.05310081106143003,True
60,routing_abrupt_regime_shift,routing_abrupt_regime_shift,6,remaining,46,2,specimen_transfer:-1x0.05,specimen_transfer,0.05,-1.0,0.09612689167261124,5.477225575051661,True,bc1da30eb6111a6a,2e26ed574a630be0,2111772680.4190903,2592402.8394572735,0.5450187397496246,1869.0,0.056596024193519584,True,2090638144.1492653,-1312100.5616030693,0.5498717057628779,1841.4,0.0532011501460834,False
60,routing_abrupt_regime_shift,routing_abrupt_regime_shift,6,remaining,46,3,specimen_transfer:+1x0.1,specimen_transfer,0.1,1.0,0.19225378334522247,8.831760866327848,True,bc1da30eb6111a6a,79dbb94b8e505245,2114173852.8360035,191230.42254400253,0.5453228252032388,1866.6666666666667,0.05598915165472335,True,2088269860.7994332,1056182.7882289886,0.5516655698540252,1831.6,0.052340319098982666,True
60,routing_abrupt_regime_shift,routing_abrupt_regime_shift,6,remaining,46,4,specimen_transfer:-1x0.1,specimen_transfer,0.1,-1.0,0.19225378334522247,8.246211251235321,True,bc1da30eb6111a6a,963f8257b7bddf46,2116657022.199653,-2291938.9411053658,0.5433074069082329,1876.0,0.05761931438040787,False,2088026320.820176,1299722.7674863338,0.5507977743533647,1838.2,0.05282246686002533,True
60,routing_abrupt_regime_shift,routing_abrupt_regime_shift,6,remaining,46,5,reagent_transfer:+1x0.05,reagent_transfer,0.05,1.0,0.15035733580589294,7.943844532457616,True,172bf6ff212a55a4,73363cc24d51a296,2114356133.448541,8949.8100066185,0.5447717787216423,1870.3333333333333,0.05672588555249266,True,2089524406.2243912,-198362.636729002,0.550240340103827,1840.8,0.05371652757574134,True
60,routing_abrupt_regime_shift,routing_abrupt_regime_shift,6,remaining,46,6,reagent_transfer:-1x0.05,reagent_transfer,0.05,-1.0,0.15035733580589294,14.752331850477939,True,172bf6ff212a55a4,15c39abc8e188a8c,2114394879.3469822,-29796.088434696198,0.544834060734597,1870.3333333333333,0.05672588555249266,True,2089165736.7031147,160306.884547472,0.550240340103827,1840.8,0.05371652757574134,True
60,routing_abrupt_regime_shift,routing_abrupt_regime_shift,6,remaining,46,7,reagent_transfer:+1x0.1,reagent_transfer,0.1,1.0,0.3007146716117859,15.887689064915232,True,172bf6ff212a55a4,78479be911672fb1,2114349279.8236148,15803.43493270874,0.5447717787216423,1870.3333333333333,0.05672588555249266,True,2089831826.1101394,-505782.52247714996,0.550240340103827,1840.8,0.05371652757574134,True
60,routing_abrupt_regime_shift,routing_abrupt_regime_shift,6,remaining,46,8,reagent_transfer:-1x0.1,reagent_transfer,0.1,-1.0,0.3007146716117859,29.504665393445507,True,172bf6ff212a55a4,7b326501b647e0e6,2114322164.5745106,42918.68403697014,0.5447717787216423,1870.3333333333333,0.05672588555249266,True,2089103333.3010602,222710.28660202026,0.550240340103827,1840.8,0.05371652757574134,True
60,routing_abrupt_regime_shift,routing_abrupt_regime_shift,6,remaining,46,9,combined_transfer:+1x0.05,combined_transfer,0.05,1.0,0.18346570432186127,8.166126631876708,True,edccbd6eac9480c7,6c48677b2c2aaac0,2149502476.623302,-35137393.36475444,0.5356434435001761,1916.3333333333333,0.0584745890753031,False,2124635295.6619651,-35309252.07430291,0.5411787998508635,1886.0,0.05547014776671686,False
60,routing_abrupt_regime_shift,routing_abrupt_regime_shift,6,remaining,46,10,combined_transfer:-1x0.05,combined_transfer,0.05,-1.0,0.18346570432186127,14.873205883017121,True,edccbd6eac9480c7,77cbdf6dbaf13330,2169370864.759871,-55005781.50132346,0.5263697795550915,1974.6666666666667,0.062237527193180285,False,2136007270.1344955,-46681226.54683328,0.5332562878830479,1934.0,0.05910418860793517,False
60,routing_abrupt_regime_shift,routing_abrupt_regime_shift,6,remaining,46,11,combined_transfer:+1x0.1,combined_transfer,0.1,1.0,0.36693140864372253,16.332253263753415,True,edccbd6eac9480c7,d472ce217214d997,2178560974.0496926,-64195890.79114509,0.5302301891235173,1941.6666666666667,0.06054634069208346,False,2140165321.7658691,-50839278.17820692,0.5382908852385738,1900.8,0.05506101021557973,False
60,routing_abrupt_regime_shift,routing_abrupt_regime_shift,6,remaining,46,12,combined_transfer:-1x0.1,combined_transfer,0.1,-1.0,0.36693140864372253,29.74641344476907,True,edccbd6eac9480c7,5e3436c7d6e6e094,2148029079.188073,-33663995.929525614,0.5297959790114151,1956.3333333333333,0.06091746955610156,False,2121596762.1518505,-32270718.564188242,0.53587640505525,1921.6,0.05703354539672175,False
60,routing_abrupt_regime_shift,routing_abrupt_regime_shift,12,remaining,40,0,mdl2,anchor,0.0,0.0,0.0,0.0,True,,6712504d46c4b839,1834869211.1355,0.0,0.5525231682919259,1645.0,0.05406092894121573,True,1900572670.5968165,0.0,0.5474845774984514,1720.0,0.05448888610111939,True
60,routing_abrupt_regime_shift,routing_abrupt_regime_shift,12,remaining,40,1,specimen_transfer:+1x0.05,specimen_transfer,0.05,1.0,0.12292706966400146,8.831760866327848,True,2831602f1da98434,ea6f68883fa113c6,1836274897.3832176,-1405686.247717619,0.552028925272155,1646.3333333333333,0.054564287695375475,False,1902061038.135456,-1488367.5386395454,0.5477038384386705,1718.8,0.05383065050412191,True
60,routing_abrupt_regime_shift,routing_abrupt_regime_shift,12,remaining,40,2,specimen_transfer:-1x0.05,specimen_transfer,0.05,-1.0,0.12292706966400146,7.211102550927978,True,2831602f1da98434,bdf63a3405acbe42,1836295831.7960384,-1426620.660538435,0.5516566972338861,1650.0,0.05499925257489269,False,1901844954.9913204,-1272284.3945038319,0.5472325178219659,1722.4,0.05413140507240048,False
60,routing_abrupt_regime_shift,routing_abrupt_regime_shift,12,remaining,40,3,specimen_transfer:+1x0.1,specimen_transfer,0.1,1.0,0.24585413932800293,15.231546211727817,True,2831602f1da98434,095ee4e1dd3e90b2,1837851032.8441458,-2981821.7086458206,0.5519040936995349,1648.3333333333333,0.05467498948477578,False,1904168983.7344356,-3596313.1376190186,0.5474445078293192,1721.6,0.054571172429588845,False
60,routing_abrupt_regime_shift,routing_abrupt_regime_shift,12,remaining,40,4,specimen_transfer:-1x0.1,specimen_transfer,0.1,-1.0,0.24585413932800293,11.224972160321824,True,2831602f1da98434,16cbb8b8bd5f87fb,1841605843.8191588,-6736632.683658838,0.5503589623001006,1655.6666666666667,0.05567263317475168,False,1903157272.054601,-2584601.4577844143,0.5470092259986299,1722.2,0.053301930298221264,False
60,routing_abrupt_regime_shift,routing_abrupt_regime_shift,12,remaining,40,5,reagent_transfer:+1x0.05,reagent_transfer,0.05,1.0,0.15229690074920654,8.80868453908662,True,cadc8789e521340c,0f24b95e2ca8308b,1834852454.6150572,16756.520442724228,0.5525231682919259,1645.0,0.05406092894121573,True,1901198801.1418319,-626130.5450153351,0.5473734869596623,1720.6,0.05450226730817799,False
60,routing_abrupt_regime_shift,routing_abrupt_regime_shift,12,remaining,40,6,reagent_transfer:-1x0.05,reagent_transfer,0.05,-1.0,0.15229690074920654,10.720766438950351,True,cadc8789e521340c,7c6ae8f2b9eb9a6d,1834900255.6267817,-31044.491281747818,0.5525231682919259,1645.0,0.05406092894121573,True,1900912653.1222787,-339982.5254621506,0.5474845774984514,1720.0,0.05448888610111939,True
60,routing_abrupt_regime_shift,routing_abrupt_regime_shift,12,remaining,40,7,reagent_transfer:+1x0.1,reagent_transfer,0.1,1.0,0.3045938014984131,17.075668908965188,True,cadc8789e521340c,df9f9ae948279325,1834835593.7488658,33617.386634111404,0.5525231682919259,1645.0,0.05406092894121573,True,1900598493.7398117,-25823.142995119095,0.5474845774984514,1720.0,0.05448888610111939,True
60,routing_abrupt_regime_shift,routing_abrupt_regime_shift,12,remaining,40,8,reagent_transfer:-1x0.1,reagent_transfer,0.1,-1.0,0.3045938014984131,18.944183733841744,True,cadc8789e521340c,15b423595eb2005e,1834944418.974658,-75207.83915805817,0.5525231682919259,1645.0,0.05406092894121573,True,1901486121.8130898,-913451.2162733078,0.5473734869596623,1720.6,0.05450226730817799,False
60,routing_abrupt_regime_shift,routing_abrupt_regime_shift,12,remaining,40,9,combined_transfer:+1x0.05,combined_transfer,0.05,1.0,0.1966790109872818,9.089066388507602,True,3b7d7570290103aa,fddf76523c2a721b,1886340138.2663012,-51470927.1308012,0.540099674417764,1705.3333333333333,0.05769784443235074,False,1948785688.7312558,-48213018.13443923,0.5356139199897658,1779.4,0.056423908175262216,False
60,routing_abrupt_regime_shift,routing_abrupt_regime_shift,12,remaining,40,10,combined_transfer:-1x0.05,combined_transfer,0.05,-1.0,0.1966790109872818,10.952307407303683,True,3b7d7570290103aa,cac1d433d5db7d66,1893064551.0461652,-58195339.91066527,0.5330591020973128,1744.0,0.0590101571639021,False,1949434499.989514,-48861829.39269757,0.5300257541972142,1816.2,0.060660144920653414,False
60,routing_abrupt_regime_shift,routing_abrupt_regime_shift,12,remaining,40,11,combined_transfer:+1x0.1,combined_transfer,0.1,1.0,0.3933580219745636,17.65364797175984,True,3b7d7570290103aa,3c86ae1b3307c223,1900652793.0951633,-65783581.95966339,0.537504875082501,1710.6666666666667,0.05689546692382865,False,1963307428.60757,-62734758.01075339,0.5340977243143613,1783.2,0.05512481751222063,False
60,routing_abrupt_regime_shift,routing_abrupt_regime_shift,12,remaining,40,12,combined_transfer:-1x0.1,combined_transfer,0.1,-1.0,0.3933580219745636,19.466764378390515,True,3b7d7570290103aa,baa76d0d65ce0916,1869813985.1712134,-34944774.035713434,0.5381880418907016,1723.0,0.05798713852332176,False,1923797966.1191144,-23225295.52229786,0.5343556452240635,1800.2,0.05861687724608976,False
60,routing_abrupt_regime_shift,routing_abrupt_regime_shift,18,remaining,34,0,mdl2,anchor,0.0,0.0,0.0,0.0,True,,51fed25f2672c6ea,1591585932.3128393,0.0,0.5429078268396949,1423.0,0.05710622195187511,True,1601058765.8755455,0.0,0.5436255792299016,1430.2,0.057278125317188525,True
60,routing_abrupt_regime_shift,routing_abrupt_regime_shift,18,remaining,34,1,specimen_transfer:+1x0.05,specimen_transfer,0.05,1.0,0.14224635064601898,8.602325267042627,True,6f6b96f147f20ab1,ea8116a16f4c5f71,1590108394.097128,1477538.2157113552,0.5430904043019689,1422.3333333333333,0.056683329527935054,True,1599266539.7366776,1792226.138867855,0.5440298258914258,1427.4,0.056347977757529144,True
60,routing_abrupt_regime_shift,routing_abrupt_regime_shift,18,remaining,34,2,specimen_transfer:-1x0.05,specimen_transfer,0.05,-1.0,0.14224635064601898,8.0,True,6f6b96f147f20ab1,42d0de70ee17af91,1593251749.0889244,-1665816.7760851383,0.5419332945109308,1428.6666666666667,0.05727227992761513,False,1600869965.5868213,188800.28872418404,0.5424962815942136,1434.2,0.05698214654863931,False
60,routing_abrupt_regime_shift,routing_abrupt_regime_shift,18,remaining,34,3,specimen_transfer:+1x0.1,specimen_transfer,0.1,1.0,0.28449270129203796,17.029386365926403,True,6f6b96f147f20ab1,6cc677b885ae644b,1589920202.5620697,1665729.7507696152,0.5434523840524115,1420.0,0.056498897400978,True,1600179686.2146544,879079.6608910561,0.5442842457563802,1427.2,0.0567740652413356,True
60,routing_abrupt_regime_shift,routing_abrupt_regime_shift,18,remaining,34,4,specimen_transfer:-1x0.1,specimen_transfer,0.1,-1.0,0.28449270129203796,13.416407864998739,True,6f6b96f147f20ab1,75ac7fdcba9b104c,1592193498.874801,-607566.5619616508,0.5414498769165075,1430.3333333333333,0.0576181098938582,False,1599785599.1081972,1273166.7673482895,0.5424232707407921,1434.0,0.05734647069347615,False
60,routing_abrupt_regime_shift,routing_abrupt_regime_shift,18,remaining,34,5,reagent_transfer:+1x0.05,reagent_transfer,0.05,1.0,0.1582615226507187,8.026426012131816,True,766d5e09da4ae19c,d08c2eee9e1555e4,1591393923.516634,192008.7962052822,0.5430300388775805,1423.0,0.05709488179450861,True,1601020714.1302903,38051.74525523186,0.5436255792299016,1430.2,0.057278125317188525,True
60,routing_abrupt_regime_shift,routing_abrupt_regime_shift,18,remaining,34,6,reagent_transfer:-1x0.05,reagent_transfer,0.05,-1.0,0.1582615226507187,9.23987536505632,True,766d5e09da4ae19c,04dbcc71550e1831,1591578512.789819,7419.523020267487,0.5429078268396949,1423.0,0.05710622195187511,True,1600983273.6232502,75492.25229525566,0.5436255792299016,1430.2,0.057278125317188525,True
60,routing_abrupt_regime_shift,routing_abrupt_regime_shift,18,remaining,34,7,reagent_transfer:+1x0.1,reagent_transfer,0.1,1.0,0.3165230453014374,15.574637411919966,True,766d5e09da4ae19c,5d576190319ee1fe,1591569349.0105238,16583.302315473557,0.5429078268396949,1423.0,0.05710622195187511,True,1601023170.8027759,35595.072769641876,0.5436255792299016,1430.2,0.057278125317188525,True
60,routing_abrupt_regime_shift,routing_abrupt_regime_shift,18,remaining,34,8,reagent_transfer:-1x0.1,reagent_transfer,0.1,-1.0,0.3165230453014374,17.469667236334818,True,766d5e09da4ae19c,88c44df3ef627f28,1591409570.5148976,176361.79794168472,0.5429078268396949,1423.0,0.05710622195187511,True,1600996589.5644593,62176.311086177826,0.5436255792299016,1430.2,0.057278125317188525,True
60,routing_abrupt_regime_shift,routing_abrupt_regime_shift,18,remaining,34,9,combined_transfer:+1x0.05,combined_transfer,0.05,1.0,0.20541371405124664,8.365374667206284,True,a2eab113cd90c349,da7c89dcb315cb3b,1632549106.7763174,-40963174.46347809,0.5322613859462311,1473.6666666666667,0.059101377934439536,False,1638839536.351696,-37780770.47615051,0.533629186599561,1477.0,0.05926947046315524,False
60,routing_abrupt_regime_shift,routing_abrupt_regime_shift,18,remaining,34,10,combined_transfer:-1x0.05,combined_transfer,0.05,-1.0,0.20541371405124664,9.535789194203334,True,a2eab113cd90c349,a6329d147c8127be,1628049111.7622182,-36463179.44937897,0.5297083072429054,1499.3333333333333,0.06077607246002701,False,1635552155.5846467,-34493389.7091012,0.529723944879121,1502.4,0.06130840751644949,False
60,routing_abrupt_regime_shift,routing_abrupt_regime_shift,18,remaining,34,11,combined_transfer:+1x0.1,combined_transfer,0.1,1.0,0.4108274281024933,16.272468948835595,True,a2eab113cd90c349,0c758fa4875e74b5,1654266627.9209673,-62680695.60812807,0.5287940171409109,1485.0,0.058233620829862554,False,1670434199.4344223,-69375433.55887675,0.5287696816963342,1499.6,0.06000415731728659,False
60,routing_abrupt_regime_shift,routing_abrupt_regime_shift,18,remaining,34,12,combined_transfer:-1x0.1,combined_transfer,0.1,-1.0,0.4108274281024933,18.09456240217795,True,a2eab113cd90c349,4a77da9d2308ae3a,1591684902.81258,-98970.499740839,0.5365239631906312,1476.0,0.06033403953819746,False,1596594761.0785697,4464004.796975851,0.5370214796982228,1473.0,0.060523381385214,False
60,routing_abrupt_regime_shift,routing_abrupt_regime_shift,25,remaining,27,0,mdl2,anchor,0.0,0.0,0.0,0.0,True,,d5e0440ee39d5f12,1198150716.3206034,0.0,0.542279928983178,1052.3333333333333,0.059461633553193394,True,1186289579.899138,0.0,0.5427570216130617,1034.8,0.05763606542744293,True
60,routing_abrupt_regime_shift,routing_abrupt_regime_shift,25,remaining,27,1,specimen_transfer:+1x0.05,specimen_transfer,0.05,1.0,0.13514138758182526,8.48528137423857,True,2a896cf407f12c64,302b478df3721d14,1199000389.40097,-849673.0803666115,0.5422190016694634,1054.0,0.060007946876138925,False,1184610371.6702104,1679208.2289276123,0.5435588687929174,1032.8,0.057047019192306134,True
60,routing_abrupt_regime_shift,routing_abrupt_regime_shift,25,remaining,27,2,specimen_transfer:-1x0.05,specimen_transfer,0.05,-1.0,0.13514138758182526,8.246211251235321,True,2a896cf407f12c64,ad1635e097692aaa,1201752984.8368225,-3602268.516219139,0.5413060256187182,1056.3333333333333,0.05924235023102842,False,1189592293.4882414,-3302713.5891034603,0.5418456579562492,1039.6,0.05752338709724958,False
60,routing_abrupt_regime_shift,routing_abrupt_regime_shift,25,remaining,27,3,specimen_transfer:+1x0.1,specimen_transfer,0.1,1.0,0.2702827751636505,16.61324772583615,True,2a896cf407f12c64,701ebebd0c63e0f6,1195051458.0954993,3099258.2251040936,0.5430715615197136,1047.6666666666667,0.058167903434954316,True,1184761259.1610708,1528320.73806715,0.5437779093485051,1030.0,0.05642986169061191,True
60,routing_abrupt_regime_shift,routing_abrupt_regime_shift,25,remaining,27,4,specimen_transfer:-1x0.1,specimen_transfer,0.1,-1.0,0.2702827751636505,9.486832980505138,True,2a896cf407f12c64,bf2a96d948160417,1203005734.717968,-4855018.397364616,0.5411843266004515,1056.3333333333333,0.059062605565038014,False,1190532924.5760052,-4243344.676867247,0.541699899695864,1040.6,0.05741839357168306,False
60,routing_abrupt_regime_shift,routing_abrupt_regime_shift,25,remaining,27,5,reagent_transfer:+1x0.05,reagent_transfer,0.05,1.0,0.12340448796749115,5.633793612636544,True,b393978842a0fa3d,28be1008b2d8aee9,1198146149.3199275,4567.000675916672,0.542279928983178,1052.3333333333333,0.059461633553193394,True,1186303593.572406,-14013.673268079758,0.5427570216130617,1034.8,0.05763606542744293,True
60,routing_abrupt_regime_shift,routing_abrupt_regime_shift,25,remaining,27,6,reagent_transfer:-1x0.05,reagent_transfer,0.05,-1.0,0.12340448796749115,5.633793612636544,True,b393978842a0fa3d,0471247e5c4761ee,1198161769.4074507,-11053.086847305298,0.542279928983178,1052.3333333333333,0.059461633553193394,True,1186271876.5299377,17703.369200229645,0.5427570216130617,1034.8,0.05763606542744293,True
60,routing_abrupt_regime_shift,routing_abrupt_regime_shift,25,remaining,27,7,reagent_transfer:+1x0.1,reagent_transfer,0.1,1.0,0.2468089759349823,11.267587225273088,True,b393978842a0fa3d,7c321b74eb7a4fa3,1198123853.659158,26862.661445379257,0.542279928983178,1052.3333333333333,0.059461633553193394,True,1186347387.2617393,-57807.36260128021,0.5427570216130617,1034.8,0.05763606542744293,True
60,routing_abrupt_regime_shift,routing_abrupt_regime_shift,25,remaining,27,8,reagent_transfer:-1x0.1,reagent_transfer,0.1,-1.0,0.2468089759349823,11.267587225273088,True,b393978842a0fa3d,edc19a3eccc90ab0,1198173710.5621407,-22994.241537332535,0.542279928983178,1052.3333333333333,0.059461633553193394,True,1186276644.1476512,12935.75148677826,0.5427570216130617,1034.8,0.05763606542744293,True
60,routing_abrupt_regime_shift,routing_abrupt_regime_shift,25,remaining,27,9,combined_transfer:+1x0.05,combined_transfer,0.05,1.0,0.1822347193956375,6.129063298981451,True,7b6436b0c98f6238,93956ba840f0fddb,1234588948.58717,-36438232.266566515,0.5331486123841004,1100.3333333333333,0.06117133463499467,False,1220322427.4626794,-34032847.56354141,0.5341514551171851,1076.6,0.05884614452873628,False
60,routing_abrupt_regime_shift,routing_abrupt_regime_shift,25,remaining,27,10,combined_transfer:-1x0.05,combined_transfer,0.05,-1.0,0.1822347193956375,6.0739616699592585,True,7b6436b0c98f6238,6c8a1d4d67cb93d3,1222210296.2593076,-24059579.938704252,0.5341222713242934,1095.3333333333333,0.06134731379346955,False,1210466152.5238633,-24176572.62472534,0.5349128253755662,1080.6,0.0590740939793543,False
60,routing_abrupt_regime_shift,routing_abrupt_regime_shift,25,remaining,27,11,combined_transfer:+1x0.1,combined_transfer,0.1,1.0,0.364469438791275,12.258126597962901,True,7b6436b0c98f6238,8354077e01fda99f,1228790359.73078,-30639643.410176516,0.5363131208293302,1084.3333333333333,0.06022282191327059,False,1217476720.2269917,-31187140.32785368,0.5365562320741744,1064.8,0.05879006269607243,False
60,routing_abrupt_regime_shift,routing_abrupt_regime_shift,25,remaining,27,12,combined_transfer:-1x0.1,combined_transfer,0.1,-1.0,0.364469438791275,11.847131078958048,True,7b6436b0c98f6238,a504f11072b52d26,1208421882.9447,-10271166.624096632,0.5374099453333908,1076.0,0.060501728655189414,False,1196729042.579166,-10439462.680027962,0.5381233123657456,1064.6,0.05845534127830858,False
60,routing_abrupt_regime_shift,routing_abrupt_regime_shift,31,remaining,21,0,mdl2,anchor,0.0,0.0,0.0,0.0,True,,4b48f21a4b7a02bf,861958057.8908935,0.0,0.5437176552703039,700.6666666666666,0.061185192183722946,True,875299380.0914901,0.0,0.5433872139431529,708.2,0.059322066446825514,True
60,routing_abrupt_regime_shift,routing_abrupt_regime_shift,31,remaining,21,1,specimen_transfer:+1x0.05,specimen_transfer,0.05,1.0,0.1342361718416214,7.874007874011811,True,b393978842a0fa3d,36a34545b37755d8,860205041.6582289,1753016.232664585,0.544022738814765,699.0,0.06039059764132056,True,871444114.4497423,3855265.6417478323,0.5440823737905364,704.4,0.05793384637600195,True
60,routing_abrupt_regime_shift,routing_abrupt_regime_shift,31,remaining,21,2,specimen_transfer:-1x0.05,specimen_transfer,0.05,-1.0,0.1342361718416214,7.874007874011811,True,b393978842a0fa3d,68a7f05eac24936b,861628854.8700361,329203.02085733414,0.5429237775483243,704.6666666666666,0.062106454957167025,False,873502575.5262625,1796804.5652276278,0.5429851361959896,710.6,0.05968790157753896,False
60,routing_abrupt_regime_shift,routing_abrupt_regime_shift,31,remaining,21,3,specimen_transfer:+1x0.1,specimen_transfer,0.1,1.0,0.2684723436832428,15.620499351813308,True,b393978842a0fa3d,59ed5b6debaae70e,860878529.950889,1079527.940004468,0.5437785269527972,700.3333333333334,0.060797225735070105,True,872773088.8722442,2526291.2192459106,0.5436800510456827,706.2,0.05860102635458532,True
60,routing_abrupt_regime_shift,routing_abrupt_regime_shift,31,remaining,21,4,specimen_transfer:-1x0.1,specimen_transfer,0.1,-1.0,0.2684723436832428,14.142135623730951,True,b393978842a0fa3d,5cd354445aef31ca,861525727.6399075,432330.25098598003,0.5422512885129193,705.6666666666666,0.06231578163475959,False,872111284.1242638,3188095.967226386,0.5425490315848871,711.2,0.05951216694203186,False
60,routing_abrupt_regime_shift,routing_abrupt_regime_shift,31,remaining,21,5,reagent_transfer:+1x0.05,reagent_transfer,0.05,1.0,0.10131186991930008,4.044065990677604,True,b393978842a0fa3d,61984f9936188e18,861956554.3711109,1503.5197825431824,0.5437176552703039,700.6666666666666,0.061185192183722946,True,875173100.1658361,126279.92565405369,0.5433872139431529,708.2,0.059322066446825514,True
60,routing_abrupt_regime_shift,routing_abrupt_regime_shift,31,remaining,21,6,reagent_transfer:-1x0.05,reagent_transfer,0.05,-1.0,0.10131186991930008,4.044065990677604,True,b393978842a0fa3d,c6029b2525f2d760,861964332.1818409,-6274.290947437286,0.5437176552703039,700.6666666666666,0.061185192183722946,True,875229868.0837094,69512.00778079033,0.5433872139431529,708.2,0.059322066446825514,True
60,routing_abrupt_regime_shift,routing_abrupt_regime_shift,31,remaining,21,7,reagent_transfer:+1x0.1,reagent_transfer,0.1,1.0,0.20262373983860016,8.088131981355208,True,b393978842a0fa3d,a5d84b44f3a8ba0c,861953853.4972472,4204.393646240234,0.5437176552703039,700.6666666666666,0.061185192183722946,True,875225989.702198,73390.38929212093,0.5433872139431529,708.2,0.059322066446825514,True
60,routing_abrupt_regime_shift,routing_abrupt_regime_shift,31,remaining,21,8,reagent_transfer:-1x0.1,reagent_transfer,0.1,-1.0,0.20262373983860016,8.088131981355208,True,b393978842a0fa3d,1eeb43d39a3081e0,861970221.0542358,-12163.163342356682,0.5437176552703039,700.6666666666666,0.061185192183722946,True,875230136.1569946,69243.93449556828,0.5433872139431529,708.2,0.059322066446825514,True
60,routing_abrupt_regime_shift,routing_abrupt_regime_shift,31,remaining,21,9,combined_transfer:+1x0.05,combined_transfer,0.05,1.0,0.162880539894104,4.650230780306106,True,7b6436b0c98f6238,0e561a27f1ab360e,881415074.207028,-19457016.316134572,0.5388901162606768,726.3333333333334,0.06242962732732154,False,894990282.4785595,-19690902.387069345,0.5384902743508373,733.6,0.06069351628584829,False
60,routing_abrupt_regime_shift,routing_abrupt_regime_shift,31,remaining,21,10,combined_transfer:-1x0.05,combined_transfer,0.05,-1.0,0.162880539894104,4.581632495019632,True,7b6436b0c98f6238,bda60587018cc999,884692730.7462834,-22734672.855389953,0.5368087153799538,738.6666666666666,0.06440135311595026,False,897068352.0658712,-21768971.97438109,0.5365875479760907,745.8,0.06199915832905782,False
60,routing_abrupt_regime_shift,routing_abrupt_regime_shift,31,remaining,21,11,combined_transfer:+1x0.1,combined_transfer,0.1,1.0,0.325761079788208,9.182196052961855,True,7b6436b0c98f6238,f392bc4738b43a93,886825574.8174044,-24867516.92651093,0.5387734172693126,730.3333333333334,0.062493445846342144,False,900086574.7212261,-24787194.629735947,0.538017223928701,738.4,0.06130689436035337,False
60,routing_abrupt_regime_shift,routing_abrupt_regime_shift,31,remaining,21,12,combined_transfer:-1x0.1,combined_transfer,0.1,-1.0,0.325761079788208,9.098259418377552,True,7b6436b0c98f6238,28d7ca2d60cd6231,872794443.5429484,-10836385.652054906,0.5405380182551346,723.6666666666666,0.06391074326781537,False,888560953.0059998,-13261572.914509654,0.5393669951920942,736.8,0.06253044734885108,False
60,routing_abrupt_regime_shift,routing_abrupt_regime_shift,37,remaining,15,0,mdl2,anchor,0.0,0.0,0.0,0.0,True,,1502443d8b962f3b,665099746.391745,0.0,0.5408522563281745,537.6666666666666,0.05892544495045925,True,670249723.2940662,0.0,0.5397249007073978,544.6,0.05960858767066951,True
60,routing_abrupt_regime_shift,routing_abrupt_regime_shift,37,remaining,15,1,specimen_transfer:+1x0.05,specimen_transfer,0.05,1.0,0.12870797514915466,8.602325267042627,True,b393978842a0fa3d,ed2f51c611c1b03f,665002393.652505,97352.7392399311,0.5408529905526852,538.6666666666666,0.05923032299923974,False,669979791.4880611,269931.8060051203,0.5396159760481589,545.8,0.05998091172678625,False
60,routing_abrupt_regime_shift,routing_abrupt_regime_shift,37,remaining,15,2,specimen_transfer:-1x0.05,specimen_transfer,0.05,-1.0,0.12870797514915466,8.602325267042627,True,b393978842a0fa3d,098c2ac7129eece6,663094768.2789198,2004978.1128251553,0.5402475878160636,542.0,0.05992926461412205,False,667940767.6803449,2308955.6137212515,0.5394354463106504,547.2,0.060157089550141575,False
60,routing_abrupt_regime_shift,routing_abrupt_regime_shift,37,remaining,15,3,specimen_transfer:+1x0.1,specimen_transfer,0.1,1.0,0.2574159502983093,17.776388834631177,True,b393978842a0fa3d,b77359f599a0180c,663456150.5773,1643595.8144450188,0.5412154867201521,538.0,0.05823781648799851,False,667912603.2777112,2337120.0163550377,0.5398344336100768,544.2,0.05920248956595782,True
60,routing_abrupt_regime_shift,routing_abrupt_regime_shift,37,remaining,15,4,specimen_transfer:-1x0.1,specimen_transfer,0.1,-1.0,0.2574159502983093,17.776388834631177,True,b393978842a0fa3d,9eab9c695c94ef14,659561862.9829587,5537883.408786297,0.540307410740208,543.3333333333334,0.05983371322402444,False,664877209.08926,5372514.204806209,0.5392884289426462,550.4,0.06034751752673105,False
60,routing_abrupt_regime_shift,routing_abrupt_regime_shift,37,remaining,15,5,reagent_transfer:+1x0.05,reagent_transfer,0.05,1.0,0.0680522695183754,2.9236594818060286,True,9700330366df89be,e9b325ce608a880f,665121758.1326884,-22011.740943431854,0.5408522563281745,537.6666666666666,0.05892544495045925,True,670240377.9292333,9345.364832878113,0.5397249007073978,544.6,0.05960858767066951,True
60,routing_abrupt_regime_shift,routing_abrupt_regime_shift,37,remaining,15,6,reagent_transfer:-1x0.05,reagent_transfer,0.05,-1.0,0.0680522695183754,3.470291212520339,True,9700330366df89be,530886002d21d6d9,665165572.527442,-65826.13569700718,0.5408522563281745,537.6666666666666,0.05892544495045925,True,670308575.5334287,-58852.239362478256,0.5397249007073978,544.6,0.05960858767066951,True
60,routing_abrupt_regime_shift,routing_abrupt_regime_shift,37,remaining,15,7,reagent_transfer:+1x0.1,reagent_transfer,0.1,1.0,0.1361045390367508,5.847318963612057,True,9700330366df89be,f64f8a6f35be12bb,665139850.5158819,-40104.124136924744,0.5408522563281745,537.6666666666666,0.05892544495045925,True,670198953.0520251,50770.24204111099,0.5397249007073978,544.6,0.05960858767066951,True
60,routing_abrupt_regime_shift,routing_abrupt_regime_shift,37,remaining,15,8,reagent_transfer:-1x0.1,reagent_transfer,0.1,-1.0,0.1361045390367508,5.755252146597992,True,9700330366df89be,c78c94a2bb26d986,665231456.547929,-131710.15618407726,0.5408522563281745,537.6666666666666,0.05892544495045925,True,670312997.0865662,-63273.79250001907,0.5397249007073978,544.6,0.05960858767066951,True
60,routing_abrupt_regime_shift,routing_abrupt_regime_shift,37,remaining,15,9,combined_transfer:+1x0.05,combined_transfer,0.05,1.0,0.131190225481987,3.525444268528857,True,d4f5635b21562c7d,944cfaf83b69c585,671447462.6935077,-6347716.3017627,0.5393388057365973,545.6666666666666,0.05922563420220525,False,676519709.3415074,-6269986.047441244,0.5382016724594542,552.2,0.05992740849900189,False
60,routing_abrupt_regime_shift,routing_abrupt_regime_shift,37,remaining,15,10,combined_transfer:-1x0.05,combined_transfer,0.05,-1.0,0.131190225481987,3.9809672978365653,True,d4f5635b21562c7d,611a8db8b8b9dafd,676741719.4928123,-11641973.101067305,0.5375183328046106,558.6666666666666,0.05998999506818717,False,681698457.2640378,-11448733.969971657,0.53653080080438,565.2,0.06062644623423079,False
60,routing_abrupt_regime_shift,routing_abrupt_regime_shift,37,remaining,15,11,combined_transfer:+1x0.1,combined_transfer,0.1,1.0,0.262380450963974,6.83097505231318,True,d4f5635b21562c7d,96864f9b3c9fdb9a,675617340.128561,-10517593.736816049,0.5384307016316651,547.3333333333334,0.05953872265112301,False,680451703.1711268,-10201979.877060652,0.5372580594534824,555.2,0.06022137172387117,False
60,routing_abrupt_regime_shift,routing_abrupt_regime_shift,37,remaining,15,12,combined_transfer:-1x0.1,combined_transfer,0.1,-1.0,0.262380450963974,6.952959469025682,True,d4f5635b21562c7d,88ba7f740a60784f,681600356.7898498,-16500610.398104787,0.5364906391013659,572.6666666666666,0.060624911581548126,False,686078194.2034959,-15828470.90942967,0.5355879872909703,577.4,0.060987579547308005,False
60,routing_abrupt_regime_shift,routing_abrupt_regime_shift,43,remaining,9,0,mdl2,anchor,0.0,0.0,0.0,0.0,True,,d4ad363623efe8b9,419237078.59708637,0.0,0.5414054753679012,347.6666666666667,0.059445117614845756,True,424464630.97184867,0.0,0.5367699423004021,343.8,0.05969146081280989,True
60,routing_abrupt_regime_shift,routing_abrupt_regime_shift,43,remaining,9,1,specimen_transfer:+1x0.05,specimen_transfer,0.05,1.0,0.09930554777383804,4.0,True,b393978842a0fa3d,4f5e597f2a04d7e9,420513701.9849536,-1276623.3878672123,0.5409809666414885,349.0,0.06015640680637224,False,425829238.1431615,-1364607.171312809,0.5363371060978729,346.2,0.0604231309609652,False
60,routing_abrupt_regime_shift,routing_abrupt_regime_shift,43,remaining,9,2,specimen_transfer:-1x0.05,specimen_transfer,0.05,-1.0,0.09930554777383804,4.0,True,b393978842a0fa3d,7370a530c381c4ee,420502346.3761117,-1265267.7790253162,0.5408598866035922,349.3333333333333,0.06035965883889257,False,426155472.36359006,-1690841.391741395,0.5361213424571578,346.8,0.06072795325636889,False
60,routing_abrupt_regime_shift,routing_abrupt_regime_shift,43,remaining,9,3,specimen_transfer:+1x0.1,specimen_transfer,0.1,1.0,0.1986110955476761,7.211102550927978,True,b393978842a0fa3d,d0743fbf6877829d,421070638.67250896,-1833560.075422585,0.5407991037200522,350.6666666666667,0.06046125388105451,False,426370736.3246496,-1906105.3528009057,0.5361568127928537,347.4,0.06072799042528676,False
60,routing_abrupt_regime_shift,routing_abrupt_regime_shift,43,remaining,9,4,specimen_transfer:-1x0.1,specimen_transfer,0.1,-1.0,0.1986110955476761,7.211102550927978,True,b393978842a0fa3d,adc5fd1b3e0d3f20,420120524.4993622,-883445.9022758007,0.5409204376178217,349.0,0.0602580328226324,False,425956264.2087615,-1491633.2369128466,0.5361572490998867,346.4,0.06072795325636889,False
60,routing_abrupt_regime_shift,routing_abrupt_regime_shift,43,remaining,9,5,reagent_transfer:+1x0.05,reagent_transfer,0.05,1.0,0.10223335772752762,9.51382521653212,True,52db215b63314407,1c29f58ec4feb8a5,419192137.7847211,44940.8123652935,0.5414054753679012,347.6666666666667,0.059445117614845756,True,424424842.08640826,39788.88544040918,0.5367699423004021,343.8,0.05969146081280989,True
60,routing_abrupt_regime_shift,routing_abrupt_regime_shift,43,remaining,9,6,reagent_transfer:-1x0.05,reagent_transfer,0.05,-1.0,0.10223335772752762,9.617204122687063,True,52db215b63314407,c9e0512ee859b324,419204976.36820525,32102.22888112068,0.5414054753679012,347.6666666666667,0.059445117614845756,True,424479302.5156535,-14671.543804824352,0.5367699423004021,343.8,0.05969146081280989,True
60,routing_abrupt_regime_shift,routing_abrupt_regime_shift,43,remaining,9,7,reagent_transfer:+1x0.1,reagent_transfer,0.1,1.0,0.20446671545505524,19.102471454732108,True,52db215b63314407,7ba841961acf811f,419087452.6855357,149625.91155064106,0.5414054753679012,347.6666666666667,0.059445117614845756,True,424372002.46677035,92628.50507831573,0.5367699423004021,343.8,0.05969146081280989,True
60,routing_abrupt_regime_shift,routing_abrupt_regime_shift,43,remaining,9,8,reagent_transfer:-1x0.1,reagent_transfer,0.1,-1.0,0.20446671545505524,19.234408196364456,True,52db215b63314407,4791ce765ce6bb21,419647181.1539817,-410102.55689531565,0.5414054753679012,347.6666666666667,0.059445117614845756,True,424800744.6600261,-336113.6881774068,0.5367699423004021,343.8,0.05969146081280989,True
60,routing_abrupt_regime_shift,routing_abrupt_regime_shift,43,remaining,9,9,combined_transfer:+1x0.05,combined_transfer,0.05,1.0,0.1502343863248825,9.697821572184875,True,4ed58bf0ec234f68,d956922be3c9b5c2,424146558.78538257,-4909480.188296199,0.5398295139490769,354.3333333333333,0.059867374227112025,False,429425657.58264077,-4961026.6107921,0.5352557438544716,351.0,0.060033012914238695,False
60,routing_abrupt_regime_shift,routing_abrupt_regime_shift,43,remaining,9,10,combined_transfer:-1x0.05,combined_transfer,0.05,-1.0,0.1502343863248825,9.81921979767253,True,4ed58bf0ec234f68,4678cf977face037,425597962.81937855,-6360884.222292185,0.5400113548799506,359.3333333333333,0.05957963722883421,False,433061031.79368275,-8596400.821834087,0.535219875932062,359.6,0.06011256813526759,False
60,routing_abrupt_regime_shift,routing_abrupt_regime_shift,43,remaining,9,11,combined_transfer:+1x0.1,combined_transfer,0.1,1.0,0.300468772649765,19.38181466185779,True,4ed58bf0ec234f68,accaf6e5da20dd2c,422543822.8338375,-3306744.236751139,0.5405569656348221,351.3333333333333,0.0592192033846383,False,427743191.6853996,-3278560.7135509253,0.5359049936266294,347.8,0.059384695643393846,False
60,routing_abrupt_regime_shift,routing_abrupt_regime_shift,43,remaining,9,12,combined_transfer:-1x0.1,combined_transfer,0.1,-1.0,0.300468772649765,19.60175024715773,True,4ed58bf0ec234f68,372d89cfc61baf70,425223392.73142624,-5986314.134339869,0.5407993575799254,358.3333333333333,0.05940488105569255,False,432963638.01921844,-8499007.047369778,0.5359410491521387,359.6,0.06003906299636952,False
60,routing_abrupt_regime_shift,routing_abrupt_regime_shift,51,remaining,1,0,mdl2,anchor,0.0,0.0,0.0,0.0,True,,559cbb7a36e5e878,48579462.61543938,0.0,0.5401737242128122,41.0,0.057299603779335566,True,48579462.61543938,0.0,0.5401737242128122,41.0,0.05729960377933556,True
60,routing_abrupt_regime_shift,routing_abrupt_regime_shift,51,remaining,1,1,specimen_transfer:+1x0.05,specimen_transfer,0.05,1.0,0.09739702939987183,6.324555320336759,True,b393978842a0fa3d,685beaace2c311c1,48784839.66196003,-205377.0465206504,0.5401737242128122,42.0,0.057299603779335566,False,48784839.66196003,-205377.0465206504,0.5401737242128122,42.0,0.05729960377933556,False
60,routing_abrupt_regime_shift,routing_abrupt_regime_shift,51,remaining,1,2,specimen_transfer:-1x0.05,specimen_transfer,0.05,-1.0,0.09739702939987183,6.324555320336759,True,b393978842a0fa3d,15297cd4856e5798,47584839.66196003,994622.9534793496,0.5401737242128122,40.0,0.057299603779335566,True,47584839.66196003,994622.9534793496,0.5401737242128122,40.0,0.05729960377933556,True
60,routing_abrupt_regime_shift,routing_abrupt_regime_shift,51,remaining,1,3,specimen_transfer:+1x0.1,specimen_transfer,0.1,1.0,0.19479405879974365,10.770329614269007,True,b393978842a0fa3d,011378fad058f76f,49138111.85132476,-558649.2358853817,0.5401737242128122,43.0,0.057299603779335566,False,49138111.85132475,-558649.2358853742,0.5401737242128122,43.0,0.05729960377933556,False
60,routing_abrupt_regime_shift,routing_abrupt_regime_shift,51,remaining,1,4,specimen_transfer:-1x0.1,specimen_transfer,0.1,-1.0,0.19479405879974365,10.770329614269007,True,b393978842a0fa3d,fb0732fafe367783,46788271.95132475,1791190.6641146243,0.5401737242128122,39.0,0.057299603779335566,True,46788271.95132475,1791190.6641146243,0.5401737242128122,39.0,0.05729960377933556,True
60,routing_abrupt_regime_shift,routing_abrupt_regime_shift,51,remaining,1,5,reagent_transfer:+1x0.05,reagent_transfer,0.05,1.0,0.08786582946777344,8.313828555992211,True,78fbc8eb83533c82,83f4f3eea434a69e,48583329.14816308,-3866.5327237024903,0.5401737242128122,41.0,0.057299603779335566,True,48583329.14816308,-3866.5327237024903,0.5401737242128122,41.0,0.05729960377933556,True
60,routing_abrupt_regime_shift,routing_abrupt_regime_shift,51,remaining,1,6,reagent_transfer:-1x0.05,reagent_transfer,0.05,-1.0,0.08786582946777344,8.207868279419074,True,78fbc8eb83533c82,422da6fcdae9daac,48582814.04373586,-3351.428296484053,0.5401737242128122,41.0,0.057299603779335566,True,48582814.04373586,-3351.428296484053,0.5401737242128122,41.0,0.05729960377933556,True
60,routing_abrupt_regime_shift,routing_abrupt_regime_shift,51,remaining,1,7,reagent_transfer:+1x0.1,reagent_transfer,0.1,1.0,0.17573165893554688,16.62365716234991,True,78fbc8eb83533c82,a4c3774ef328499a,48587509.66863718,-8047.053197801113,0.5401737242128122,41.0,0.057299603779335566,True,48587509.66863718,-8047.053197801113,0.5401737242128122,41.0,0.05729960377933556,True
60,routing_abrupt_regime_shift,routing_abrupt_regime_shift,51,remaining,1,8,reagent_transfer:-1x0.1,reagent_transfer,0.1,-1.0,0.17573165893554688,16.402694646905747,True,78fbc8eb83533c82,e43c9016229bce76,48586670.246390186,-7207.630950808525,0.5401737242128122,41.0,0.057299603779335566,True,48586670.24639018,-7207.6309508010745,0.5401737242128122,41.0,0.05729960377933556,True
60,routing_abrupt_regime_shift,routing_abrupt_regime_shift,51,remaining,1,9,combined_transfer:+1x0.05,combined_transfer,0.05,1.0,0.13862158358097076,8.534887176778883,True,93f41b3b14a309a3,774556cdd3cdcb05,48771222.34622482,-191759.73078544438,0.5401737242128122,41.0,0.057299603779335566,True,48771222.34622483,-191759.73078545183,0.5401737242128122,41.0,0.05729960377933556,True
60,routing_abrupt_regime_shift,routing_abrupt_regime_shift,51,remaining,1,10,combined_transfer:-1x0.05,combined_transfer,0.05,-1.0,0.13862158358097076,8.431705376387798,True,93f41b3b14a309a3,358521bc987d9cba,48770707.2417976,-191244.62635822594,0.5401737242128122,41.0,0.057299603779335566,True,48770707.2417976,-191244.62635822594,0.5401737242128122,41.0,0.05729960377933556,True
60,routing_abrupt_regime_shift,routing_abrupt_regime_shift,51,remaining,1,11,combined_transfer:+1x0.1,combined_transfer,0.1,1.0,0.27724316716194153,17.065878028950042,True,93f41b3b14a309a3,df2de6af5e7c8591,48963296.06476066,-383833.4493212849,0.5401737242128122,41.0,0.057299603779335566,True,48963296.06476066,-383833.4493212849,0.5401737242128122,41.0,0.05729960377933556,True
60,routing_abrupt_regime_shift,routing_abrupt_regime_shift,51,remaining,1,12,combined_transfer:-1x0.1,combined_transfer,0.1,-1.0,0.27724316716194153,16.80716284676265,True,93f41b3b14a309a3,fb43b5a4f1c93cc9,48942051.682377994,-362589.06693861634,0.5401737242128122,41.0,0.057299603779335566,True,48942051.682377994,-362589.06693861634,0.5401737242128122,41.0,0.05729960377933556,True
61,routing_regional_drift,routing_regional_drift,0,remaining,52,0,mdl2,anchor,0.0,0.0,0.0,0.0,True,,bd874059e98350a3,2371020267.2544518,0.0,0.5061666565715272,2114.3333333333335,0.06745488118121347,True,2420578398.5254874,0.0,0.4952928632477159,2185.2,0.07460208881964193,True
61,routing_regional_drift,routing_regional_drift,0,remaining,52,1,specimen_transfer:+1x0.05,specimen_transfer,0.05,1.0,0.18741388618946075,0.0,False,b393978842a0fa3d,b393978842a0fa3d,2371020267.2544518,0.0,0.5061666565715272,2114.3333333333335,0.06745488118121347,True,2420578398.5254874,0.0,0.4952928632477159,2185.2,0.07460208881964193,True
61,routing_regional_drift,routing_regional_drift,0,remaining,52,2,specimen_transfer:-1x0.05,specimen_transfer,0.05,-1.0,0.18741388618946075,0.0,False,b393978842a0fa3d,b393978842a0fa3d,2371020267.2544518,0.0,0.5061666565715272,2114.3333333333335,0.06745488118121347,True,2420578398.5254874,0.0,0.4952928632477159,2185.2,0.07460208881964193,True
61,routing_regional_drift,routing_regional_drift,0,remaining,52,3,specimen_transfer:+1x0.1,specimen_transfer,0.1,1.0,0.3748277723789215,0.0,False,b393978842a0fa3d,b393978842a0fa3d,2371020267.2544518,0.0,0.5061666565715272,2114.3333333333335,0.06745488118121347,True,2420578398.5254874,0.0,0.4952928632477159,2185.2,0.07460208881964193,True
61,routing_regional_drift,routing_regional_drift,0,remaining,52,4,specimen_transfer:-1x0.1,specimen_transfer,0.1,-1.0,0.3748277723789215,0.0,False,b393978842a0fa3d,b393978842a0fa3d,2371020267.2544518,0.0,0.5061666565715272,2114.3333333333335,0.06745488118121347,True,2420578398.5254874,0.0,0.4952928632477159,2185.2,0.07460208881964193,True
61,routing_regional_drift,routing_regional_drift,0,remaining,52,5,reagent_transfer:+1x0.05,reagent_transfer,0.05,1.0,0.16802336275577545,10.675856008470383,True,b393978842a0fa3d,046485fb203c932b,2371022650.731887,-2383.4774351119995,0.5061666565715272,2114.3333333333335,0.06745488118121347,True,2420535563.4727635,42835.05272388458,0.4953278282826809,2185.4,0.0745927119020819,False
61,routing_regional_drift,routing_regional_drift,0,remaining,52,6,reagent_transfer:-1x0.05,reagent_transfer,0.05,-1.0,0.16802336275577545,10.675856008470383,True,b393978842a0fa3d,d61ed5e288ac7d6f,2371102989.437535,-82722.1830830574,0.5061666565715272,2114.3333333333335,0.06745488118121347,True,2420668857.570671,-90459.0451836586,0.4952928632477159,2185.2,0.07460208881964193,True
61,routing_regional_drift,routing_regional_drift,0,remaining,52,7,reagent_transfer:+1x0.1,reagent_transfer,0.1,1.0,0.3360467255115509,21.351712016940766,True,b393978842a0fa3d,cdc75387f745e17f,2370987469.4463897,32797.80806207657,0.5061666565715272,2114.3333333333335,0.06745488118121347,True,2420397433.4600873,180965.0654001236,0.4952928632477159,2185.2,0.07460208881964193,True
61,routing_regional_drift,routing_regional_drift,0,remaining,52,8,reagent_transfer:-1x0.1,reagent_transfer,0.1,-1.0,0.3360467255115509,21.351712016940766,True,b393978842a0fa3d,36a711fe4c85ba98,2371202367.1621165,-182099.90766477585,0.5061666565715272,2114.3333333333335,0.06745488118121347,True,2420975064.6509075,-396666.12542009354,0.4952928632477159,2185.2,0.07460208881964193,True
61,routing_regional_drift,routing_regional_drift,0,remaining,52,9,combined_transfer:+1x0.05,combined_transfer,0.05,1.0,0.19266308844089508,10.826212407706947,True,c5ffa795fce35d25,294186e8b60077e2,2446251539.58235,-75231272.32789803,0.4896772745411353,2197.3333333333335,0.0711813414871107,False,2494663073.0832486,-74084674.55776119,0.4795786809515487,2259.6,0.0792660864633271,False
61,routing_regional_drift,routing_regional_drift,0,remaining,52,10,combined_transfer:-1x0.05,combined_transfer,0.05,-1.0,0.20265455543994904,10.86643009276599,True,c5ffa795fce35d25,e1f47122f9105d4d,2413273115.5622435,-42252848.30779171,0.4903895260055056,2209.3333333333335,0.06953108901249329,False,2472565753.8531027,-51987355.32761526,0.4786402561391826,2285.8,0.07964830474229312,False
61,routing_regional_drift,routing_regional_drift,0,remaining,52,11,combined_transfer:+1x0.1,combined_transfer,0.1,1.0,0.3853261470794678,21.652424816264666,True,c5ffa795fce35d25,f1f552aae583c78b,2452595607.5265718,-81575340.27212,0.4880164741041355,2208.3333333333335,0.07147507993281989,False,2508771253.283149,-88192854.75766134,0.4765067742719132,2277.6,0.08016775574003136,False
61,routing_regional_drift,routing_regional_drift,0,remaining,52,12,combined_transfer:-1x0.1,combined_transfer,0.1,-1.0,0.40530911087989807,21.73286030165791,True,c5ffa795fce35d25,61a9d5f949ee2f19,2359382932.9807262,11637334.27372551,0.5018365829943744,2153.6666666666665,0.06814217829561735,False,2423733597.079013,-3155198.553525448,0.48779116283033674,2241.6,0.07784051035570243,False
61,routing_regional_drift,routing_regional_drift,6,remaining,46,0,mdl2,anchor,0.0,0.0,0.0,0.0,True,,fd8bd022665dc3a8,2399740413.090083,0.0,0.49405857079573795,2197.3333333333335,0.07087275017417564,True,2416589425.0063257,0.0,0.49589594445697366,2212.0,0.07350270702240684,True
61,routing_regional_drift,routing_regional_drift,6,remaining,46,1,specimen_transfer:+1x0.05,specimen_transfer,0.05,1.0,0.10416070371866226,6.0,True,97c39fa326c8b89c,a913aeb23122530c,2406128996.2952266,-6388583.205143452,0.4929441743326452,2203.6666666666665,0.07200187495724734,False,2412000502.403039,4588922.603286743,0.4972262196937369,2201.4,0.07137121662386978,True
61,routing_regional_drift,routing_regional_drift,6,remaining,46,2,specimen_transfer:-1x0.05,specimen_transfer,0.05,-1.0,0.10416070371866226,4.47213595499958,True,97c39fa326c8b89c,a2b3933fc7b132b9,2410560397.6148567,-10819984.524773598,0.4909978079757789,2216.6666666666665,0.07211205796713734,False,2418556073.8693833,-1966648.8630576134,0.4948444780861608,2215.2,0.07405105807488992,False
61,routing_regional_drift,routing_regional_drift,6,remaining,46,3,specimen_transfer:+1x0.1,specimen_transfer,0.1,1.0,0.20832140743732452,10.295630140987,True,97c39fa326c8b89c,6ae3b9a91ebb555d,2410917301.2127852,-11176888.122702122,0.49217837965262534,2208.0,0.07249928244933339,False,2414535969.121993,2053455.8843326569,0.49708791708826927,2202.2,0.07174050156380687,True
61,routing_regional_drift,routing_regional_drift,6,remaining,46,4,specimen_transfer:-1x0.1,specimen_transfer,0.1,-1.0,0.20832140743732452,7.615773105863909,True,97c39fa326c8b89c,180b7aa848d7145f,2418826938.2663665,-19086525.17628336,0.48858109461307214,2230.6666666666665,0.07317440307158435,False,2420726643.9784646,-4137218.9721388817,0.4939400612637982,2220.8,0.07442752021882353,False
61,routing_regional_drift,routing_regional_drift,6,remaining,46,5,reagent_transfer:+1x0.05,reagent_transfer,0.05,1.0,0.16504694521427155,9.44211249103715,True,0085893e4fc27884,04051697e5adfdcb,2399653431.769589,86981.32049417496,0.49405857079573795,2197.3333333333335,0.07087275017417564,True,2416644861.889988,-55436.883662223816,0.49589594445697366,2212.0,0.0734979547811982,True
61,routing_regional_drift,routing_regional_drift,6,remaining,46,6,reagent_transfer:-1x0.05,reagent_transfer,0.05,-1.0,0.16504694521427155,16.265988772010978,True,0085893e4fc27884,eab048d81a0a42b1,2399639632.5054355,100780.58464765549,0.4941174948426415,2196.6666666666665,0.07076477047435922,True,2416925051.664375,-335626.6580491066,0.49589594445697366,2212.0,0.0734979547811982,True
61,routing_regional_drift,routing_regional_drift,6,remaining,46,7,reagent_transfer:+1x0.1,reagent_transfer,0.1,1.0,0.3300938904285431,18.884224664586693,True,0085893e4fc27884,b3f452d50020f0d0,2399704444.1752114,35968.91487169266,0.49405857079573795,2197.3333333333335,0.07087275017417564,True,2416467451.6749964,121973.3313293457,0.49589594445697366,2212.0,0.07350270702240684,True
61,routing_regional_drift,routing_regional_drift,6,remaining,46,8,reagent_transfer:-1x0.1,reagent_transfer,0.1,-1.0,0.3300938904285431,24.03255820196608,True,0085893e4fc27884,3e6a631aaee10f93,2400483814.726284,-743401.6362009048,0.49405857079573795,2197.3333333333335,0.07087275017417564,True,2417065918.3820105,-476493.37568473816,0.49589594445697366,2212.0,0.07350270702240684,True
61,routing_regional_drift,routing_regional_drift,6,remaining,46,9,combined_transfer:+1x0.05,combined_transfer,0.05,1.0,0.19626033306121826,9.633661764747536,True,72530a2cba67f587,7fe4370c6d902f9a,2443415589.2001977,-43675176.110114574,0.483736553416978,2250.3333333333335,0.07393939561180117,False,2472124149.946715,-55534724.94038916,0.4836605866038298,2271.2,0.0763421011945701,False
61,routing_regional_drift,routing_regional_drift,6,remaining,46,10,combined_transfer:-1x0.05,combined_transfer,0.05,-1.0,0.19626033306121826,16.37792237847481,True,72530a2cba67f587,c7e822ace1a80081,2444503178.9537263,-44762765.86364317,0.4781495920956071,2297.3333333333335,0.07659833583314819,False,2447448021.7098603,-30858596.703534603,0.4819759003647072,2294.0,0.07745197063155926,False
61,routing_regional_drift,routing_regional_drift,6,remaining,46,11,combined_transfer:+1x0.1,combined_transfer,0.1,1.0,0.3925206661224365,19.26732321832018,True,72530a2cba67f587,8118ddb550fb5cc8,2458329461.5211997,-58589048.43111658,0.4822063788669139,2244.6666666666665,0.07441048714171132,False,2486849439.904353,-70260014.89802742,0.48251179579723724,2265.4,0.07686205016099937,False
61,routing_regional_drift,routing_regional_drift,6,remaining,46,12,combined_transfer:-1x0.1,combined_transfer,0.1,-1.0,0.3925206661224365,24.33474176044452,True,72530a2cba67f587,71757669f2ffc348,2431441594.0605693,-31701180.970486164,0.4790902196884239,2304.6666666666665,0.07607951532933362,False,2430261868.08498,-13672443.07865429,0.4844931410075805,2292.0,0.07438740597772621,False
61,routing_regional_drift,routing_regional_drift,12,remaining,40,0,mdl2,anchor,0.0,0.0,0.0,0.0,True,,103fa62c0ecfaad3,2279764157.300792,0.0,0.48780402982341226,2133.6666666666665,0.07847922765374574,True,2237115045.0570765,0.0,0.4911764680701459,2088.0,0.07663628994199483,True
61,routing_regional_drift,routing_regional_drift,12,remaining,40,1,specimen_transfer:+1x0.05,specimen_transfer,0.05,1.0,0.12808571755886078,8.48528137423857,True,b393978842a0fa3d,350680b5c6eecafb,2280403235.960865,-639078.6600728035,0.4880339148808835,2133.3333333333335,0.07823770161510767,True,2238988526.138256,-1873481.0811796188,0.49103822110038886,2088.0,0.07670929118133532,False
61,routing_regional_drift,routing_regional_drift,12,remaining,40,2,specimen_transfer:-1x0.05,specimen_transfer,0.05,-1.0,0.12808571755886078,5.656854249492381,True,b393978842a0fa3d,d01eea2f8e615a0d,2277942509.8838096,1821647.4169826508,0.48733911733971563,2136.3333333333335,0.0789325868358458,False,2234133004.2607393,2982040.7963371277,0.4909689702688844,2089.0,0.07649213601830104,False
61,routing_regional_drift,routing_regional_drift,12,remaining,40,3,specimen_transfer:+1x0.1,specimen_transfer,0.1,1.0,0.25617143511772156,16.792855623746664,True,b393978842a0fa3d,f62d1810b6ed87f6,2280408730.8341947,-644573.5334024429,0.48844085222631123,2131.3333333333335,0.07896890273811442,False,2239515280.499686,-2400235.44260931,0.4911401461359297,2086.8,0.07657570466086906,False
61,routing_regional_drift,routing_regional_drift,12,remaining,40,4,specimen_transfer:-1x0.1,specimen_transfer,0.1,-1.0,0.25617143511772156,11.224972160321824,True,b393978842a0fa3d,896eba851b533716,2274610945.291059,5153212.0097332,0.4873981261332225,2136.3333333333335,0.07896572795411021,False,2230905748.8604817,6209296.196594715,0.4908647368230287,2089.6,0.0764574219128603,False
61,routing_regional_drift,routing_regional_drift,12,remaining,40,5,reagent_transfer:+1x0.05,reagent_transfer,0.05,1.0,0.1640198677778244,10.739674866581487,True,44a466c2f07666b1,d8f812e0be5ec150,2279674744.2873883,89413.01340389252,0.48780402982341226,2133.6666666666665,0.07847922765374574,True,2237015623.278459,99421.77861738205,0.4912116112787209,2087.6,0.07651046421063276,True
61,routing_regional_drift,routing_regional_drift,12,remaining,40,6,reagent_transfer:-1x0.05,reagent_transfer,0.05,-1.0,0.1640198677778244,10.333626303165923,True,44a466c2f07666b1,a207f3773974c575,2279823192.4368534,-59035.13606119156,0.48780402982341226,2133.6666666666665,0.07847922765374574,True,2237008258.851159,106786.2059173584,0.4912116112787209,2087.4,0.07651046421063276,True
61,routing_regional_drift,routing_regional_drift,12,remaining,40,7,reagent_transfer:+1x0.1,reagent_transfer,0.1,1.0,0.3280397355556488,21.006456591158784,True,44a466c2f07666b1,61c7a7241ab323d9,2279645266.2008176,118891.09997463226,0.48780402982341226,2133.6666666666665,0.07847922765374574,True,2237023075.0739737,91969.98310279846,0.4912116112787209,2087.8,0.07645206631806971,True
61,routing_regional_drift,routing_regional_drift,12,remaining,40,8,reagent_transfer:-1x0.1,reagent_transfer,0.1,-1.0,0.3280397355556488,20.32458417908346,True,44a466c2f07666b1,decb9a67f6769161,2279890480.7071204,-126323.4063282013,0.48780402982341226,2133.6666666666665,0.07847922765374574,True,2237038713.116608,76331.94046831131,0.4911764680701459,2087.8,0.07662655931328843,True
61,routing_regional_drift,routing_regional_drift,12,remaining,40,9,combined_transfer:+1x0.05,combined_transfer,0.05,1.0,0.2139180600643158,11.020469268780337,True,167fcc07221d51bf,b979d5edb35f8ec1,2324352813.445459,-44588656.14466667,0.47745072682582884,2183.6666666666665,0.08068803582586716,False,2283853036.1727223,-46737991.115645885,0.47933961635311356,2145.0,0.07938665341438317,False
61,routing_regional_drift,routing_regional_drift,12,remaining,40,10,combined_transfer:-1x0.05,combined_transfer,0.05,-1.0,0.2139180600643158,10.625156904146516,True,167fcc07221d51bf,fce2bfc4ab134b73,2303222817.1939683,-23458659.89317608,0.478542370840319,2194.0,0.07858576651645877,False,2262246426.746301,-25131381.68922472,0.48108776436707335,2153.8,0.07923977045251802,False
61,routing_regional_drift,routing_regional_drift,12,remaining,40,11,combined_transfer:+1x0.1,combined_transfer,0.1,1.0,0.4278361201286316,21.580355075235374,True,167fcc07221d51bf,f3981f7df05fe087,2343257852.4792914,-63493695.17849922,0.4744922491047577,2177.3333333333335,0.07957637674452857,False,2306561499.272013,-69446454.21493673,0.47793672235702156,2135.6,0.07894686066206269,False
61,routing_regional_drift,routing_regional_drift,12,remaining,40,12,combined_transfer:-1x0.1,combined_transfer,0.1,-1.0,0.4278361201286316,20.917199351482232,True,167fcc07221d51bf,9486137b2488d291,2286857114.7988105,-7092957.498018265,0.4792913966296095,2201.0,0.0779293426756541,False,2247215211.259589,-10100166.202512741,0.4818883941212972,2161.0,0.07581953059544405,False
61,routing_regional_drift,routing_regional_drift,18,remaining,34,0,mdl2,anchor,0.0,0.0,0.0,0.0,True,,4916459a9dc2b10a,1974695742.7627814,0.0,0.4886419218217128,1873.0,0.07329142193357836,True,2006479415.5476227,0.0,0.48505699478541137,1908.2,0.07677526425426154,True
61,routing_regional_drift,routing_regional_drift,18,remaining,34,1,specimen_transfer:+1x0.05,specimen_transfer,0.05,1.0,0.14410743117332458,8.48528137423857,True,3c30260f7ca07042,b649b07f4771951e,1974645369.2033432,50373.55943822861,0.4884135987516691,1873.6666666666667,0.0732844835578345,False,2007842463.966072,-1363048.4184494019,0.4850211261083934,1908.4,0.076945166687045,False
61,routing_regional_drift,routing_regional_drift,18,remaining,34,2,specimen_transfer:-1x0.05,specimen_transfer,0.05,-1.0,0.14410743117332458,7.3484692283495345,True,3c30260f7ca07042,4128692a268452fa,1975738905.286246,-1043162.5234646797,0.48800620733622574,1877.3333333333333,0.07294762299517722,False,2009074696.8049316,-2595281.25730896,0.48446845968201446,1912.6,0.07750674375448288,False
61,routing_regional_drift,routing_regional_drift,18,remaining,34,3,specimen_transfer:+1x0.1,specimen_transfer,0.1,1.0,0.28821486234664917,16.431676725154983,True,3c30260f7ca07042,67e07b0c1e11a09b,1975789751.9262655,-1094009.1634840965,0.4878335258454806,1876.3333333333333,0.07399713984264138,False,2007273199.6389534,-793784.0913307667,0.48505586604974543,1907.8,0.07676215517479612,False
61,routing_regional_drift,routing_regional_drift,18,remaining,34,4,specimen_transfer:-1x0.1,specimen_transfer,0.1,-1.0,0.28821486234664917,10.488088481701515,True,3c30260f7ca07042,87dcd175fdd1e75d,1975637948.565422,-942205.8026406765,0.48806366869346296,1877.3333333333333,0.0730439239247986,False,2010767731.318147,-4288315.770524263,0.48405250879353,1915.0,0.07776430250104767,False
61,routing_regional_drift,routing_regional_drift,18,remaining,34,5,reagent_transfer:+1x0.05,reagent_transfer,0.05,1.0,0.13076913356781006,8.977389933158648,True,6e8533fe00e47d12,c381a6c14ffbc533,1974663350.721773,32392.041008472443,0.4886419218217128,1873.0,0.07329142193357836,True,2006582385.902013,-102970.35439038277,0.48505699478541137,1908.2,0.07677526425426154,True
61,routing_regional_drift,routing_regional_drift,18,remaining,34,6,reagent_transfer:-1x0.05,reagent_transfer,0.05,-1.0,0.13076913356781006,11.586869060064236,True,6e8533fe00e47d12,2366bf6752385b41,1974919145.784362,-223403.0215806961,0.4886419218217128,1873.0,0.07329142193357836,True,2006507992.7984176,-28577.250794887543,0.48523015498972955,1908.0,0.07670724175434909,True
61,routing_regional_drift,routing_regional_drift,18,remaining,34,7,reagent_transfer:+1x0.1,reagent_transfer,0.1,1.0,0.2615382671356201,16.728363869904065,True,6e8533fe00e47d12,7b23c3ee0aeec866,1974583364.3862524,112378.37652897835,0.4886419218217128,1873.0,0.07329142193357836,True,2006236940.854679,242474.692943573,0.4850223986947696,1908.2,0.07677526425426154,False
61,routing_regional_drift,routing_regional_drift,18,remaining,34,8,reagent_transfer:-1x0.1,reagent_transfer,0.1,-1.0,0.2615382671356201,17.867677617897332,True,6e8533fe00e47d12,7bad334c9ea01939,1974947801.1066005,-252058.3438191414,0.4886419218217128,1873.3333333333333,0.07320135339658275,False,2006868905.8836415,-389490.33601880074,0.48505699478541137,1908.2,0.07677526425426154,True
61,routing_regional_drift,routing_regional_drift,18,remaining,34,9,combined_transfer:+1x0.05,combined_transfer,0.05,1.0,0.2040531188249588,9.40975832894735,True,3ebc358911f6380c,556eb16aed9b017f,2018204655.891112,-43508913.12833071,0.4777226921393631,1923.6666666666667,0.07598434470667369,False,2057139522.3598504,-50660106.812227726,0.47289614586828577,1965.4,0.07973089982073951,False
61,routing_regional_drift,routing_regional_drift,18,remaining,34,10,combined_transfer:-1x0.05,combined_transfer,0.05,-1.0,0.2040531188249588,11.924997124204674,True,3ebc358911f6380c,361c62aa6cb1918d,2005508364.3926182,-30812621.629836798,0.476216015128513,1945.6666666666667,0.0770184745434284,False,2039423631.1007404,-32944215.553117752,0.47320994076025924,1981.6,0.08008723912263467,False
61,routing_regional_drift,routing_regional_drift,18,remaining,34,11,combined_transfer:+1x0.1,combined_transfer,0.1,1.0,0.4081062078475952,17.653278589337873,True,3ebc358911f6380c,646658be17f6ba4e,2028622577.6112702,-53926834.84848881,0.4769719062298848,1904.0,0.07682570129485368,False,2061688936.3996377,-55209520.85201502,0.47472696225770283,1939.4,0.07843859408487505,False
61,routing_regional_drift,routing_regional_drift,18,remaining,34,12,combined_transfer:-1x0.1,combined_transfer,0.1,-1.0,0.4081062078475952,18.561267864142142,True,3ebc358911f6380c,916842190dd081d4,1999480070.9440918,-24784328.181310415,0.4769799217361725,1959.0,0.0783081968748489,False,2022023558.098147,-15544142.550524235,0.47563089580050366,1985.2,0.0788896110481523,False
61,routing_regional_drift,routing_regional_drift,25,remaining,27,0,mdl2,anchor,0.0,0.0,0.0,0.0,True,,7987cf86e642396a,1523001779.074106,0.0,0.4958674870350334,1441.0,0.07204383367219673,True,1566223837.5345576,0.0,0.4883367934433953,1483.2,0.07258318746712937,True
61,routing_regional_drift,routing_regional_drift,25,remaining,27,1,specimen_transfer:+1x0.05,specimen_transfer,0.05,1.0,0.14199209213256836,10.099504938362077,True,a7ee899f3811f6cc,d40d0b32b462d443,1522964534.211132,37244.86297392845,0.4962199751157947,1439.6666666666667,0.07184178189972891,True,1564080693.666424,2143143.868133545,0.4888617608920171,1481.0,0.07212920698255278,True
61,routing_regional_drift,routing_regional_drift,25,remaining,27,2,specimen_transfer:-1x0.05,specimen_transfer,0.05,-1.0,0.14199209213256836,8.602325267042627,True,a7ee899f3811f6cc,98674c0c6553a947,1523698263.8020313,-696484.7279253006,0.49516603622621996,1447.0,0.07265390246448455,False,1567079374.5267649,-855536.9922072887,0.4880942026642868,1487.8,0.07225375239784934,False
61,routing_regional_drift,routing_regional_drift,25,remaining,27,3,specimen_transfer:+1x0.1,specimen_transfer,0.1,1.0,0.2839841842651367,19.183326093250876,True,a7ee899f3811f6cc,a12e367fa812e259,1520900884.2781336,2100894.7959723473,0.49657246319655596,1436.6666666666667,0.07100003105797809,True,1564728704.0377574,1495133.4968001842,0.4886205263836859,1482.6,0.0725175410380928,True
61,routing_regional_drift,routing_regional_drift,25,remaining,27,4,specimen_transfer:-1x0.1,specimen_transfer,0.1,-1.0,0.2839841842651367,11.224972160321824,True,a7ee899f3811f6cc,89b8010ff720cbe2,1524271421.7253911,-1269642.6512851715,0.4952232267811964,1447.3333333333333,0.07250995423970981,False,1566864825.856634,-640988.3220763206,0.487890533406217,1488.4,0.07265176305751249,False
61,routing_regional_drift,routing_regional_drift,25,remaining,27,5,reagent_transfer:+1x0.05,reagent_transfer,0.05,1.0,0.1179816797375679,6.254765375101171,True,b393978842a0fa3d,b20528223a0305fc,1521521777.4848156,1480001.5892903805,0.496161483624673,1439.3333333333333,0.0714264304208901,True,1566078558.5662541,145278.968303442,0.4883718074489975,1483.2,0.07251963487736135,True
61,routing_regional_drift,routing_regional_drift,25,remaining,27,6,reagent_transfer:-1x0.05,reagent_transfer,0.05,-1.0,0.1179816797375679,6.254765375101171,True,b393978842a0fa3d,07d60b2153a8cbe9,1523320774.336446,-318995.2623400688,0.4958674870350334,1441.0,0.07204383367219673,True,1566370046.8716183,-146209.33706068993,0.4883367934433953,1483.2,0.07258318746712937,True
61,routing_regional_drift,routing_regional_drift,25,remaining,27,7,reagent_transfer:+1x0.1,reagent_transfer,0.1,1.0,0.2359633594751358,12.509530750202343,True,b393978842a0fa3d,46907ed878792751,1521408448.727066,1593330.347039938,0.496161483624673,1439.3333333333333,0.0714264304208901,True,1565962946.889913,260890.64464449883,0.48840597365785393,1482.8,0.07251159078525424,True
61,routing_regional_drift,routing_regional_drift,25,remaining,27,8,reagent_transfer:-1x0.1,reagent_transfer,0.1,-1.0,0.2359633594751358,12.509530750202343,True,b393978842a0fa3d,259606cceeb3f5e7,1523427006.0027502,-425226.9286441803,0.4958674870350334,1441.0,0.07204383367219673,True,1566467038.3829455,-243200.84838795662,0.4883367934433953,1483.2,0.07258318746712937,True
61,routing_regional_drift,routing_regional_drift,25,remaining,27,9,combined_transfer:+1x0.05,combined_transfer,0.05,1.0,0.18410764634609222,6.752354961635584,True,7b6436b0c98f6238,81762d701b59c69f,1554500243.9077427,-31498464.83363676,0.4877122724503555,1474.3333333333333,0.07331733663219585,False,1597534377.345258,-31310539.810700417,0.48086051626024223,1518.8,0.07479765830871109,False
61,routing_regional_drift,routing_regional_drift,25,remaining,27,10,combined_transfer:-1x0.05,combined_transfer,0.05,-1.0,0.18410764634609222,6.706846930384273,True,7b6436b0c98f6238,8f7e3a53bb0cee77,1541301288.7527597,-18299509.678653717,0.48911963389687246,1487.3333333333333,0.07367562162963698,False,1588637939.5062976,-22414101.971740007,0.48106885129066324,1530.6,0.07420373311550824,False
61,routing_regional_drift,routing_regional_drift,25,remaining,27,11,combined_transfer:+1x0.1,combined_transfer,0.1,1.0,0.36821529269218445,13.504709923271168,True,7b6436b0c98f6238,9313d03bfd4dd064,1553403335.4860852,-30401556.4119792,0.48989051504964487,1448.6666666666667,0.07303321774806641,False,1590960512.757155,-24736675.22259736,0.4841319543992765,1489.0,0.07349425851220277,False
61,routing_regional_drift,routing_regional_drift,25,remaining,27,12,combined_transfer:-1x0.1,combined_transfer,0.1,-1.0,0.36821529269218445,13.40951371871952,True,7b6436b0c98f6238,6f8f7a1988737aec,1536697548.996131,-13695769.922024965,0.49023837106729634,1499.6666666666667,0.073470374313847,False,1582694797.750596,-16470960.216038465,0.48211696369983387,1544.0,0.07495882535499265,False
61,routing_regional_drift,routing_regional_drift,31,remaining,21,0,mdl2,anchor,0.0,0.0,0.0,0.0,True,,1bec03603c5cd358,1273451457.3402731,0.0,0.4905049709187897,1195.3333333333333,0.06841739297362565,True,1277542890.8500504,0.0,0.4896873108645856,1194.4,0.0653655956184084,True
61,routing_regional_drift,routing_regional_drift,31,remaining,21,1,specimen_transfer:+1x0.05,specimen_transfer,0.05,1.0,0.11496512591838837,5.291502622129181,True,b393978842a0fa3d,b2f115900fe5097c,1271812763.6112645,1638693.7290086746,0.4907948967523492,1194.0,0.06770028333619833,True,1274787020.4043965,2755870.4456539154,0.49023979834591075,1191.4,0.06429730303616224,True
61,routing_regional_drift,routing_regional_drift,31,remaining,21,2,specimen_transfer:-1x0.05,specimen_transfer,0.05,-1.0,0.11496512591838837,5.291502622129181,True,b393978842a0fa3d,8c56ebd21cda21d7,1271634344.253743,1817113.0865302086,0.4905631830473222,1194.6666666666667,0.06811463410122483,True,1276967942.162715,574948.6873354912,0.4895167457031536,1195.0,0.06554208221997385,False
61,routing_regional_drift,routing_regional_drift,31,remaining,21,3,specimen_transfer:+1x0.1,specimen_transfer,0.1,1.0,0.22993025183677673,10.392304845413264,True,b393978842a0fa3d,04ec6dd1f4059a4f,1271850715.6839468,1600741.656326294,0.4907376287723304,1194.0,0.06820798759811374,True,1275381455.2428489,2161435.6072015762,0.48996316154258235,1192.4,0.0649821657385104,True
61,routing_regional_drift,routing_regional_drift,31,remaining,21,4,specimen_transfer:-1x0.1,specimen_transfer,0.1,-1.0,0.22993025183677673,10.392304845413264,True,b393978842a0fa3d,8c95cdd62c0c1c62,1271179406.4584067,2272050.881866455,0.49039014439065154,1196.3333333333333,0.06732978561121762,False,1276647358.4177153,895532.4323351383,0.48920582712722976,1197.0,0.06543515254984908,False
61,routing_regional_drift,routing_regional_drift,31,remaining,21,5,reagent_transfer:+1x0.05,reagent_transfer,0.05,1.0,0.09938952326774597,6.6998491914735405,True,c0a94b7cb0d175a1,7cb54dc82494fab3,1273553466.8484251,-102009.50815200806,0.4905049709187897,1195.6666666666667,0.06839495356553717,False,1277138033.4685967,404857.3814537525,0.48968755082612453,1193.8,0.06529317710424898,True
61,routing_regional_drift,routing_regional_drift,31,remaining,21,6,reagent_transfer:-1x0.05,reagent_transfer,0.05,-1.0,0.09938952326774597,7.918905170529598,True,c0a94b7cb0d175a1,747b164e1ab628ae,1273675562.2120192,-224104.87174606323,0.4905049709187897,1195.6666666666667,0.06840990843537854,False,1277563577.27595,-20686.425899505615,0.4898246499203796,1194.2,0.06529834002311931,True
61,routing_regional_drift,routing_regional_drift,31,remaining,21,7,reagent_transfer:+1x0.1,reagent_transfer,0.1,1.0,0.19877904653549194,12.054490537565153,True,c0a94b7cb0d175a1,5276ed42796f549c,1273515470.2734845,-64012.9332113266,0.4905049709187897,1195.6666666666667,0.06841076459089078,False,1276986178.7233431,556712.1267073154,0.4897568277224236,1193.8,0.06528406126836281,True
61,routing_regional_drift,routing_regional_drift,31,remaining,21,8,reagent_transfer:-1x0.1,reagent_transfer,0.1,-1.0,0.19877904653549194,12.542297942527606,True,c0a94b7cb0d175a1,1d342ed19a18b12c,1273804283.557677,-352826.2174038887,0.4905049709187897,1195.6666666666667,0.06839495356553717,False,1278083855.643521,-540964.7934706211,0.4897206145951615,1194.6,0.06537085026433911,False
61,routing_regional_drift,routing_regional_drift,31,remaining,21,9,combined_transfer:+1x0.05,combined_transfer,0.05,1.0,0.15978460013866425,7.068203352277382,True,872031ad64a3ac14,4c6f62bfe1682797,1297235164.6461315,-23783707.305858374,0.4843680933196588,1223.0,0.07024631341152295,False,1296004045.2112968,-18461154.361246347,0.4847167398320785,1216.8,0.06620568145831943,False
61,routing_regional_drift,routing_regional_drift,31,remaining,21,10,combined_transfer:-1x0.05,combined_transfer,0.05,-1.0,0.15978460013866425,8.232896121080174,True,872031ad64a3ac14,4a4a2f8b5316093a,1292660407.7637503,-19208950.423477173,0.48425467385985804,1236.6666666666667,0.06937300334554501,False,1298208226.5230088,-20665335.672958374,0.48347187969381605,1239.8,0.06800008285374354,False
61,routing_regional_drift,routing_regional_drift,31,remaining,21,11,combined_transfer:+1x0.1,combined_transfer,0.1,1.0,0.3195692002773285,12.868442791685172,True,872031ad64a3ac14,8b26c74b80323435,1296532442.7987344,-23080985.458461285,0.4859905796379706,1211.3333333333333,0.07012761386486513,False,1296736840.6422582,-19193949.792207718,0.4858227932449739,1204.6,0.06610014780649535,False
61,routing_regional_drift,routing_regional_drift,31,remaining,21,12,combined_transfer:-1x0.1,combined_transfer,0.1,-1.0,0.3195692002773285,13.326489239171675,True,872031ad64a3ac14,57d6901364798bae,1292169240.0207992,-18717782.68052602,0.4848929191616657,1255.3333333333333,0.06879436253338315,False,1298107049.1368608,-20564158.286810398,0.4836119763026496,1254.6,0.06774772614471831,False
61,routing_regional_drift,routing_regional_drift,37,remaining,15,0,mdl2,anchor,0.0,0.0,0.0,0.0,True,,57a877809b58a7ba,929038385.7954483,0.0,0.4922611567677446,891.3333333333334,0.06808663982669554,True,931684993.275243,0.0,0.49041025698921475,892.6,0.06913658226655339,True
61,routing_regional_drift,routing_regional_drift,37,remaining,15,1,specimen_transfer:+1x0.05,specimen_transfer,0.05,1.0,0.12441954761743546,8.717797887081348,True,ec2f92a082b03a8d,8a3757f0646b2c04,930141498.9180336,-1103113.1225852966,0.4923800026920679,890.3333333333334,0.06843004368768903,False,931195978.3798015,489014.89544153214,0.4912092159242064,891.2,0.06854146467468798,True
61,routing_regional_drift,routing_regional_drift,37,remaining,15,2,specimen_transfer:-1x0.05,specimen_transfer,0.05,-1.0,0.12441954761743546,7.615773105863909,True,ec2f92a082b03a8d,1b57a8ecbb6d908f,930679708.7000556,-1641322.904607296,0.4917930165894926,895.3333333333334,0.0678554226249749,False,933289904.0864977,-1604910.8112546206,0.4898543860494211,895.6,0.06975397599741243,False
61,routing_regional_drift,routing_regional_drift,37,remaining,15,3,specimen_transfer:+1x0.1,specimen_transfer,0.1,1.0,0.2488390952348709,14.2828568570857,True,ec2f92a082b03a8d,42ecf9fd2f98557b,928468089.6874212,570296.1080271006,0.49261449677109237,884.3333333333334,0.0675807116962393,True,929786892.3995628,1898100.8756802082,0.49166107240542656,887.4,0.06742891033298158,True
61,routing_regional_drift,routing_regional_drift,37,remaining,15,4,specimen_transfer:-1x0.1,specimen_transfer,0.1,-1.0,0.2488390952348709,13.19090595827292,True,ec2f92a082b03a8d,13bfcf9f2a70d799,932299984.3879622,-3261598.592513919,0.4915066339751288,895.6666666666666,0.06788399572982183,False,934915066.6063436,-3230073.331100583,0.48974766050032537,897.8,0.06907822025815355,False
61,routing_regional_drift,routing_regional_drift,37,remaining,15,5,reagent_transfer:+1x0.05,reagent_transfer,0.05,1.0,0.08311721682548523,3.120374547290406,True,5444c700de69694a,dd0240c1a8c218c7,929014854.543657,23531.251791357994,0.4922611567677446,891.3333333333334,0.06808663982669554,True,931709252.439942,-24259.164698958397,0.49044466263174014,892.8,0.0692498286663821,False
61,routing_regional_drift,routing_regional_drift,37,remaining,15,6,reagent_transfer:-1x0.05,reagent_transfer,0.05,-1.0,0.08311721682548523,4.70615910523659,True,5444c700de69694a,58134a5b9e6382f9,929374312.2530141,-335926.45756578445,0.49214589627904015,892.0,0.06829727700415734,False,932197008.7353332,-512015.46009016037,0.4904096200453937,893.6,0.06919547368214067,False
61,routing_regional_drift,routing_regional_drift,37,remaining,15,7,reagent_transfer:+1x0.1,reagent_transfer,0.1,1.0,0.16623443365097046,6.240749094580812,True,5444c700de69694a,7825004927791530,928533004.6987901,505381.0966582298,0.4923774831796564,890.6666666666666,0.06787593607616876,True,931709030.9985685,-24037.72332549095,0.49041025698921475,892.8,0.06925425403787408,False
61,routing_regional_drift,routing_regional_drift,37,remaining,15,8,reagent_transfer:-1x0.1,reagent_transfer,0.1,-1.0,0.16623443365097046,8.477006162538741,True,5444c700de69694a,65bbc248d2d119a6,929539303.3348845,-500917.5394362211,0.49208773307308423,892.3333333333334,0.0682966868504314,False,933151644.1039791,-1466650.8287360668,0.49044469907225496,895.0,0.06921745914203874,False
61,routing_regional_drift,routing_regional_drift,37,remaining,15,9,combined_transfer:+1x0.05,combined_transfer,0.05,1.0,0.15014909207820892,3.8474525316923405,True,332e1376400fd797,c7360e511658397c,939627750.3329641,-10589364.53751576,0.4890644813760357,904.3333333333334,0.06887534831114579,False,939853181.6587452,-8168188.383502126,0.4877343739458596,902.6,0.06937149184521393,False
61,routing_regional_drift,routing_regional_drift,37,remaining,15,10,combined_transfer:-1x0.05,combined_transfer,0.05,-1.0,0.15014909207820892,5.216712297227945,True,332e1376400fd797,be424e80b72925ea,946280278.9199195,-17241893.124471188,0.4875499120252014,928.3333333333334,0.06973373652942048,False,949887404.1219814,-18202410.84673834,0.48553958198411246,928.6,0.07005680974444,False
61,routing_regional_drift,routing_regional_drift,37,remaining,15,11,combined_transfer:+1x0.1,combined_transfer,0.1,1.0,0.30029818415641785,7.694905063384681,True,332e1376400fd797,305037bb49e9a465,940107708.2118721,-11069322.416423798,0.4887160351019039,900.3333333333334,0.06946694898108874,False,942199657.0543029,-10514663.779059887,0.48724839115897883,901.8,0.0703807062128832,False
61,routing_regional_drift,routing_regional_drift,37,remaining,15,12,combined_transfer:-1x0.1,combined_transfer,0.1,-1.0,0.30029818415641785,9.598137743995538,True,332e1376400fd797,94c32c581cfe5f58,944129799.4251257,-15091413.629677415,0.48929056893802886,929.3333333333334,0.06814800441902114,False,952097255.3056748,-20412262.030431747,0.4861321026073374,933.8,0.06902229945710456,False
61,routing_regional_drift,routing_regional_drift,43,remaining,9,0,mdl2,anchor,0.0,0.0,0.0,0.0,True,,5597ab368f83c99d,544337533.0588117,0.0,0.4962075272776796,505.3333333333333,0.06226250344359665,True,555858850.17212,0.0,0.4954630832184674,512.0,0.06153950451776752,True
61,routing_regional_drift,routing_regional_drift,43,remaining,9,1,specimen_transfer:+1x0.05,specimen_transfer,0.05,1.0,0.10090793669223785,6.6332495807108,True,b5d433d2c146eb33,db4a3b6c590d17f7,545806101.3918961,-1468568.333084464,0.49591627582477243,505.6666666666667,0.06273081803479237,False,557909248.0125945,-2050397.8404744864,0.4952547604719924,513.8,0.062298425813685464,False
61,routing_regional_drift,routing_regional_drift,43,remaining,9,2,specimen_transfer:-1x0.05,specimen_transfer,0.05,-1.0,0.10090792924165726,7.615773105863909,True,b5d433d2c146eb33,cab0cb6ab82b5252,548916806.4070877,-4579273.348276019,0.4957404671046599,513.6666666666666,0.0633908414863822,False,560609489.589731,-4750639.417611003,0.4949065471801378,519.4,0.06283617786381376,False
61,routing_regional_drift,routing_regional_drift,43,remaining,9,3,specimen_transfer:+1x0.1,specimen_transfer,0.1,1.0,0.20181585848331451,10.295630140987,True,b5d433d2c146eb33,000efd8f7dcbeaad,544566143.0878108,-228610.0289990902,0.49614810155325256,504.3333333333333,0.0623015873015873,False,557059465.0355723,-1200614.8634523153,0.4949759687506662,512.2,0.06229842321759198,False
61,routing_regional_drift,routing_regional_drift,43,remaining,9,4,specimen_transfer:-1x0.1,specimen_transfer,0.1,-1.0,0.20181585848331451,10.295630140987,True,b5d433d2c146eb33,068ea596ad69793c,549533456.8383721,-5195923.779560447,0.4956245542404199,515.6666666666666,0.06349636011041936,False,561192879.2906603,-5334029.118540287,0.4948367765639018,521.2,0.06309742451431301,False
61,routing_regional_drift,routing_regional_drift,43,remaining,9,5,reagent_transfer:+1x0.05,reagent_transfer,0.05,1.0,0.06547459959983826,1.5095362251416409,True,e25b4768ec7658f2,56c48f6afe31cef5,544280443.8858336,57089.172978043556,0.4962075272776796,505.3333333333333,0.06226250344359665,True,555782199.4866004,76650.68551957607,0.4954630832184674,512.0,0.06153950451776752,True
61,routing_regional_drift,routing_regional_drift,43,remaining,9,6,reagent_transfer:-1x0.05,reagent_transfer,0.05,-1.0,0.06547459214925766,2.760574283839984,True,e25b4768ec7658f2,da5cfcea599fbd51,544482043.0396664,-144509.98085474968,0.4962075272776796,505.3333333333333,0.06226250344359665,True,555953848.3764894,-94998.20436942577,0.49553296449720696,512.0,0.061535634858271626,True
61,routing_regional_drift,routing_regional_drift,43,remaining,9,7,reagent_transfer:+1x0.1,reagent_transfer,0.1,1.0,0.1309491991996765,3.0190724502832817,True,e25b4768ec7658f2,c1435161f84b9557,544223406.9715037,114126.08730792999,0.4962075272776796,505.3333333333333,0.06226250344359665,True,555676167.1436206,182683.02849936485,0.49553296449720696,512.0,0.061535634858271626,True
61,routing_regional_drift,routing_regional_drift,43,remaining,9,8,reagent_transfer:-1x0.1,reagent_transfer,0.1,-1.0,0.1309491991996765,3.880919343184716,True,e25b4768ec7658f2,6f771e9388515cd3,544535335.7204742,-197802.66166257858,0.4962075272776796,505.3333333333333,0.06226250344359665,True,555982428.2736366,-123578.10151660442,0.49553296449720696,512.0,0.061535634858271626,True
61,routing_regional_drift,routing_regional_drift,43,remaining,9,9,combined_transfer:+1x0.05,combined_transfer,0.05,1.0,0.12695294618606567,2.4721773122299413,True,7975d40842942d61,06d4eb5fefdea52c,547492784.939422,-3155251.880610347,0.4948109309786804,508.3333333333333,0.06249323271105405,False,559116095.4955041,-3257245.3233841658,0.49400182387559344,515.4,0.061733939024604736,False
61,routing_regional_drift,routing_regional_drift,43,remaining,9,10,combined_transfer:-1x0.05,combined_transfer,0.05,-1.0,0.12695294618606567,3.3843361867119857,True,7975d40842942d61,385ed1e37ca194ee,555298288.0340022,-10960754.97519052,0.4943457513314428,526.3333333333334,0.062181828588661725,False,565292343.0261302,-9433492.854010224,0.49368814784237297,530.6,0.06170989483642807,False
61,routing_regional_drift,routing_regional_drift,43,remaining,9,11,combined_transfer:+1x0.1,combined_transfer,0.1,1.0,0.25390589237213135,4.944354624459883,True,7975d40842942d61,edd765c2c0399196,549429198.5674763,-5091665.508664608,0.4940550878059223,508.3333333333333,0.06316211149130743,False,560648964.3339121,-4790114.161792159,0.4930273945053866,513.8,0.06269081443526528,False
61,routing_regional_drift,routing_regional_drift,43,remaining,9,12,combined_transfer:-1x0.1,combined_transfer,0.1,-1.0,0.25390589237213135,5.513019058616033,True,7975d40842942d61,63fd1623f645734f,554884024.9928166,-10546491.934004903,0.49492907705497974,528.0,0.06132003725085083,False,565050799.0080845,-9191948.83596456,0.4945930424858543,532.4,0.0607333425108265,False
61,routing_regional_drift,routing_regional_drift,51,remaining,1,0,mdl2,anchor,0.0,0.0,0.0,0.0,True,,92fbd009ab50d684,64474402.3075476,0.0,0.4973812849162011,62.0,0.059493670886075954,True,64474402.30754759,0.0,0.49738128491620104,62.0,0.05949367088607595,True
61,routing_regional_drift,routing_regional_drift,51,remaining,1,1,specimen_transfer:+1x0.05,specimen_transfer,0.05,1.0,0.12370257824659348,6.48074069840786,True,b393978842a0fa3d,5a37c8492cfa55e6,65229085.45755235,-754683.150004752,0.4973812849162011,64.0,0.059493670886075954,False,65229085.45755236,-754683.1500047669,0.49738128491620104,64.0,0.05949367088607595,False
61,routing_regional_drift,routing_regional_drift,51,remaining,1,2,specimen_transfer:-1x0.05,specimen_transfer,0.05,-1.0,0.12370257824659348,6.48074069840786,True,b393978842a0fa3d,8b4bd443607586f6,63454085.45755235,1020316.849995248,0.4973812849162011,61.0,0.059493670886075954,True,63454085.45755236,1020316.8499952331,0.49738128491620104,61.0,0.05949367088607595,True
61,routing_regional_drift,routing_regional_drift,51,remaining,1,3,specimen_transfer:+1x0.1,specimen_transfer,0.1,1.0,0.24740515649318695,14.491376746189438,True,b393978842a0fa3d,e82f765500991dab,64285242.42502794,189159.88251966238,0.4973812849162011,63.0,0.059493670886075954,False,64285242.425027944,189159.88251964748,0.49738128491620104,63.0,0.05949367088607595,False
61,routing_regional_drift,routing_regional_drift,51,remaining,1,4,specimen_transfer:-1x0.1,specimen_transfer,0.1,-1.0,0.24740515649318695,13.19090595827292,True,b393978842a0fa3d,6b41939d849c543e,63229789.54030747,1244612.7672401294,0.4973812849162011,61.0,0.059512503956948404,False,63229789.54030748,1244612.7672401145,0.49738128491620104,61.0,0.059512503956948404,False
61,routing_regional_drift,routing_regional_drift,51,remaining,1,5,reagent_transfer:+1x0.05,reagent_transfer,0.05,1.0,0.07349306344985962,2.3500698673190787,True,f21e6044dedde815,d7d21ff61ba2de0d,64475496.27414898,-1093.9666013792157,0.4973812849162011,62.0,0.059493670886075954,True,64475496.274148986,-1093.9666013941169,0.49738128491620104,62.0,0.05949367088607595,True
61,routing_regional_drift,routing_regional_drift,51,remaining,1,6,reagent_transfer:-1x0.05,reagent_transfer,0.05,-1.0,0.07349306344985962,3.479947460856773,True,f21e6044dedde815,ecb2dd989467ca71,64616180.71540463,-141778.40785703063,0.4973812849162011,62.0,0.059493670886075954,True,64616180.71540463,-141778.40785703808,0.49738128491620104,62.0,0.05949367088607595,True
61,routing_regional_drift,routing_regional_drift,51,remaining,1,7,reagent_transfer:+1x0.1,reagent_transfer,0.1,1.0,0.14698612689971924,4.700140028499772,True,f21e6044dedde815,d24ffc0fbdbac30a,64476590.240882136,-2187.9333345368505,0.4973812849162011,62.0,0.059493670886075954,True,64476590.24088214,-2187.9333345517516,0.49738128491620104,62.0,0.05949367088607595,True
61,routing_regional_drift,routing_regional_drift,51,remaining,1,8,reagent_transfer:-1x0.1,reagent_transfer,0.1,-1.0,0.14698612689971924,6.258531507585241,True,f21e6044dedde815,f6a5a37b0868d1a9,64647081.11348424,-172678.805936642,0.4973812849162011,62.0,0.059493670886075954,True,64647081.11348425,-172678.8059366569,0.49738128491620104,62.0,0.05949367088607595,True
61,routing_regional_drift,routing_regional_drift,51,remaining,1,9,combined_transfer:+1x0.05,combined_transfer,0.05,1.0,0.13973137736320496,3.1778741118781157,True,2597f407074c8c4a,8739190937d7d11f,64709656.64346721,-235254.33591961116,0.4973812849162011,62.0,0.059493670886075954,True,64709656.6434672,-235254.33591961116,0.49738128491620104,62.0,0.05949367088607595,True
61,routing_regional_drift,routing_regional_drift,51,remaining,1,10,combined_transfer:-1x0.05,combined_transfer,0.05,-1.0,0.13973137736320496,4.0848610527149525,True,2597f407074c8c4a,0abe6cca6ce80432,64850341.08472285,-375938.77717524767,0.4973812849162011,62.0,0.059493670886075954,True,64850341.084722854,-375938.77717526257,0.49738128491620104,62.0,0.05949367088607595,True
61,routing_regional_drift,routing_regional_drift,51,remaining,1,11,combined_transfer:+1x0.1,combined_transfer,0.1,1.0,0.2794627547264099,6.291352392128418,True,2597f407074c8c4a,43cfd1a922e78ed9,64927400.5820199,-452998.2744723037,0.4973812849162011,62.0,0.059493670886075954,True,64927400.58201991,-452998.2744723186,0.49738128491620104,62.0,0.05949367088607595,True
61,routing_regional_drift,routing_regional_drift,51,remaining,1,12,combined_transfer:-1x0.1,combined_transfer,0.1,-1.0,0.2794627547264099,7.361235113257807,True,2597f407074c8c4a,9c6a6d73b77da09e,65073252.539747864,-598850.2322002649,0.4973812849162011,62.0,0.059493670886075954,True,65073252.53974786,-598850.2322002649,0.49738128491620104,62.0,0.05949367088607595,True
62,routing_compound_regional_stress,routing_compound_regional_stress,0,remaining,52,0,mdl2,anchor,0.0,0.0,0.0,0.0,True,,0127786fe62cdd1d,3467335941.481119,0.0,0.4028611883657707,3215.3333333333335,0.10037608785979586,True,3532169719.938517,0.0,0.3999270017258246,3303.6,0.10802917074037396,True
62,routing_compound_regional_stress,routing_compound_regional_stress,0,remaining,52,1,specimen_transfer:+1x0.05,specimen_transfer,0.05,1.0,0.18741388618946075,0.0,False,b393978842a0fa3d,b393978842a0fa3d,3467335941.481119,0.0,0.4028611883657707,3215.3333333333335,0.10037608785979586,True,3532169719.938517,0.0,0.3999270017258246,3303.6,0.10802917074037396,True
62,routing_compound_regional_stress,routing_compound_regional_stress,0,remaining,52,2,specimen_transfer:-1x0.05,specimen_transfer,0.05,-1.0,0.18741388618946075,0.0,False,b393978842a0fa3d,b393978842a0fa3d,3467335941.481119,0.0,0.4028611883657707,3215.3333333333335,0.10037608785979586,True,3532169719.938517,0.0,0.3999270017258246,3303.6,0.10802917074037396,True
62,routing_compound_regional_stress,routing_compound_regional_stress,0,remaining,52,3,specimen_transfer:+1x0.1,specimen_transfer,0.1,1.0,0.3748277723789215,0.0,False,b393978842a0fa3d,b393978842a0fa3d,3467335941.481119,0.0,0.4028611883657707,3215.3333333333335,0.10037608785979586,True,3532169719.938517,0.0,0.3999270017258246,3303.6,0.10802917074037396,True
62,routing_compound_regional_stress,routing_compound_regional_stress,0,remaining,52,4,specimen_transfer:-1x0.1,specimen_transfer,0.1,-1.0,0.3748277723789215,0.0,False,b393978842a0fa3d,b393978842a0fa3d,3467335941.481119,0.0,0.4028611883657707,3215.3333333333335,0.10037608785979586,True,3532169719.938517,0.0,0.3999270017258246,3303.6,0.10802917074037396,True
62,routing_compound_regional_stress,routing_compound_regional_stress,0,remaining,52,5,reagent_transfer:+1x0.05,reagent_transfer,0.05,1.0,0.1732960194349289,10.344188708990876,True,b393978842a0fa3d,870950af5827841f,3467835764.4848714,-499823.0037522316,0.40276577307069883,3216.0,0.1005861277673783,False,3532168709.631729,1010.3067879676819,0.3998980288154958,3303.8,0.10797386288200117,False
62,routing_compound_regional_stress,routing_compound_regional_stress,0,remaining,52,6,reagent_transfer:-1x0.05,reagent_transfer,0.05,-1.0,0.1732960194349289,10.344188708990876,True,b393978842a0fa3d,3fd93c87daadcfe8,3466833332.2940693,502609.1870498657,0.4028611883657707,3214.6666666666665,0.10026127706936772,True,3532532646.731004,-362926.79248714447,0.3999877550672585,3303.8,0.10791853994273273,False
62,routing_compound_regional_stress,routing_compound_regional_stress,0,remaining,52,7,reagent_transfer:+1x0.1,reagent_transfer,0.1,1.0,0.3465920388698578,20.68837741798175,True,b393978842a0fa3d,b64c32689818c665,3467407252.0071206,-71310.5260014534,0.4028134807182348,3215.3333333333335,0.10036626394600816,False,3532418621.802064,-248901.8635468483,0.39993175614437154,3304.8,0.10787880256969248,False
62,routing_compound_regional_stress,routing_compound_regional_stress,0,remaining,52,8,reagent_transfer:-1x0.1,reagent_transfer,0.1,-1.0,0.3465920388698578,20.68837741798175,True,b393978842a0fa3d,f33adbc407e3bf66,3467929995.2871585,-594053.8060393333,0.40267065633009896,3216.0,0.1005861277673783,False,3532344889.9346604,-175169.99614334106,0.3999595622282396,3303.8,0.10777601063421201,False
62,routing_compound_regional_stress,routing_compound_regional_stress,0,remaining,52,9,combined_transfer:+1x0.05,combined_transfer,0.05,1.0,0.20613840222358704,10.684703247669404,True,d859983378c0ba51,64975ce1d777e5ea,3533369394.371948,-66033452.89082861,0.3895559679518974,3297.6666666666665,0.10665873716834141,False,3601480821.105568,-69311101.16705084,0.3865977861750902,3385.8,0.11199533952536148,False
62,routing_compound_regional_stress,routing_compound_regional_stress,0,remaining,52,10,combined_transfer:-1x0.05,combined_transfer,0.05,-1.0,0.2168167382478714,10.557326865106754,True,d859983378c0ba51,c569fd6a962ec739,3464440864.1332097,2895077.3479094505,0.40053923375710937,3237.6666666666665,0.09917279639653653,False,3529814755.22677,2354964.7117471695,0.3973388080407534,3328.2,0.10652468706230096,False
62,routing_compound_regional_stress,routing_compound_regional_stress,0,remaining,52,11,combined_transfer:+1x0.1,combined_transfer,0.1,1.0,0.4122767746448517,21.234671389675263,True,d859983378c0ba51,2344ec6eb10c1246,3528350357.333456,-61014415.85233688,0.391292924449629,3286.6666666666665,0.10764438155376362,False,3600032542.2709527,-67862822.33243561,0.3875070488985731,3378.4,0.1122208860910523,False
62,routing_compound_regional_stress,routing_compound_regional_stress,0,remaining,52,12,combined_transfer:-1x0.1,combined_transfer,0.1,-1.0,0.4336334764957428,21.11465371241754,True,d859983378c0ba51,d8a5e2c5861932a5,3472483755.7415442,-5147814.260425091,0.3972195987150231,3257.0,0.10111552267529371,False,3536555354.0207176,-4385634.082200527,0.3949597587654578,3348.2,0.10844534572762712,False
62,routing_compound_regional_stress,routing_compound_regional_stress,6,remaining,46,0,mdl2,anchor,0.0,0.0,0.0,0.0,True,,7c43d03a0540ee19,3353433469.2937355,0.0,0.4032403278633047,3129.0,0.10440538325814518,True,3617712988.72075,0.0,0.3957484632684217,3415.2,0.1071031633652532,True
62,routing_compound_regional_stress,routing_compound_regional_stress,6,remaining,46,1,specimen_transfer:+1x0.05,specimen_transfer,0.05,1.0,0.11910675466060638,7.3484692283495345,True,84c0d5d6254f595d,78910c98f8f5096a,3361116443.384823,-7682974.091087341,0.4019679918040004,3136.0,0.1066743908729605,False,3621538619.3455467,-3825630.6247968674,0.3953308213453842,3416.8,0.10841950766130219,False
62,routing_compound_regional_stress,routing_compound_regional_stress,6,remaining,46,2,specimen_transfer:-1x0.05,specimen_transfer,0.05,-1.0,0.11910675466060638,6.6332495807108,True,84c0d5d6254f595d,267e6589a940a4fe,3354126240.8790245,-692771.5852890015,0.4030116838040256,3130.3333333333335,0.10550277683120024,False,3618115785.477378,-402796.7566280365,0.39550654479670067,3415.8,0.10800876458130175,False
62,routing_compound_regional_stress,routing_compound_regional_stress,6,remaining,46,3,specimen_transfer:+1x0.1,specimen_transfer,0.1,1.0,0.23821350932121277,11.661903789690601,True,84c0d5d6254f595d,7b5198f59d62feab,3362309801.947275,-8876332.653539658,0.4020723417395475,3137.0,0.1066617123090867,False,3623008873.497312,-5295884.776562214,0.3952193328284652,3417.8,0.1086154240878379,False
62,routing_compound_regional_stress,routing_compound_regional_stress,6,remaining,46,4,specimen_transfer:-1x0.1,specimen_transfer,0.1,-1.0,0.23821350932121277,9.899494936611665,True,84c0d5d6254f595d,333df0e475a62043,3352469318.431193,964150.8625426292,0.40265681272531384,3131.0,0.1045140389952569,False,3623861514.1813574,-6148525.460607529,0.39426182308284546,3425.0,0.10932610044616373,False
62,routing_compound_regional_stress,routing_compound_regional_stress,6,remaining,46,5,reagent_transfer:+1x0.05,reagent_transfer,0.05,1.0,0.1666724979877472,9.001167539552931,True,60bd8ead23ba92b5,74fb93b279829b4d,3358198161.642052,-4764692.348316669,0.4023306856559063,3135.3333333333335,0.10500129713138119,False,3617765156.3293266,-52167.6085767746,0.3957484632684217,3415.2,0.1071031633652532,True
62,routing_compound_regional_stress,routing_compound_regional_stress,6,remaining,46,6,reagent_transfer:-1x0.05,reagent_transfer,0.05,-1.0,0.1666724979877472,8.032313464434173,True,60bd8ead23ba92b5,e64cab81d992db87,3353071962.2141414,361507.0795941353,0.4032908635414935,3128.6666666666665,0.1045005307175771,False,3617707593.357339,5395.363410949707,0.39562345909655916,3414.8,0.10699518506958265,False
62,routing_compound_regional_stress,routing_compound_regional_stress,6,remaining,46,7,reagent_transfer:+1x0.1,reagent_transfer,0.1,1.0,0.3333449959754944,18.002334918594386,True,60bd8ead23ba92b5,381b6c3c62e78caf,3359610807.884361,-6177338.590625286,0.4022801499777175,3135.6666666666665,0.10490579334125476,False,3617845737.149504,-132748.42875432968,0.39565982388298815,3415.4,0.1072270407266654,False
62,routing_compound_regional_stress,routing_compound_regional_stress,6,remaining,46,8,reagent_transfer:-1x0.1,reagent_transfer,0.1,-1.0,0.3333449959754944,16.00608399658376,True,60bd8ead23ba92b5,e9dc3b8c0f2c040b,3352606348.3311324,827120.9626030922,0.4032908635414935,3128.6666666666665,0.1045005307175771,False,3617320804.6355567,392184.0851931572,0.39568760825549,3414.4,0.10693193396268827,False
62,routing_compound_regional_stress,routing_compound_regional_stress,6,remaining,46,9,combined_transfer:+1x0.05,combined_transfer,0.05,1.0,0.20238038897514343,9.235297668266423,True,e08c5bd4a5143c53,30cbe48c3ed0de76,3397457387.2675405,-44023917.97380495,0.39389443125531926,3190.3333333333335,0.10952006346870981,False,3656497546.689418,-38784557.968667984,0.38828970528109313,3466.0,0.11075008786950216,False
62,routing_compound_regional_stress,routing_compound_regional_stress,6,remaining,46,10,combined_transfer:-1x0.05,combined_transfer,0.05,-1.0,0.20238038897514343,8.293839010814978,True,e08c5bd4a5143c53,0fd1e6167c77935a,3397508984.372776,-44075515.07904053,0.38995373159066343,3216.0,0.10849733812179224,False,3681707154.9863806,-63994166.26563072,0.3789612971059824,3531.8,0.11436430772323314,False
62,routing_compound_regional_stress,routing_compound_regional_stress,6,remaining,46,11,combined_transfer:+1x0.1,combined_transfer,0.1,1.0,0.40476077795028687,18.470595180090605,True,e08c5bd4a5143c53,a9c98d6c69cc4022,3442988939.890405,-89555470.59666967,0.3861360985322038,3234.6666666666665,0.1125883964487517,False,3700045353.614656,-82332364.89390612,0.38047396767428615,3509.8,0.11523682785889981,False
62,routing_compound_regional_stress,routing_compound_regional_stress,6,remaining,46,12,combined_transfer:-1x0.1,combined_transfer,0.1,-1.0,0.40476077795028687,16.530987529220337,True,e08c5bd4a5143c53,8ba82be1fa9c59d9,3378224239.0504403,-24790769.756704807,0.3923243377249759,3207.6666666666665,0.10662378013603398,False,3664545853.5038147,-46832864.78306484,0.38094744560732374,3518.8,0.11179314317015501,False
62,routing_compound_regional_stress,routing_compound_regional_stress,12,remaining,40,0,mdl2,anchor,0.0,0.0,0.0,0.0,True,,5bba4e6dc2b4af29,3672314452.256292,0.0,0.37290838696110207,3556.0,0.11352150662326155,True,3460856238.9358,0.0,0.39183266612770606,3406.6,0.11067228978424279,True
62,routing_compound_regional_stress,routing_compound_regional_stress,12,remaining,40,1,specimen_transfer:+1x0.05,specimen_transfer,0.05,1.0,0.1005333662033081,4.69041575982343,True,3b5ff4d8d00c0e94,a0a613457dbf7ea0,3671069451.157799,1245001.0984930992,0.37332290012831343,3554.6666666666665,0.11325470471337189,True,3458024739.369027,2831499.566772938,0.3923605842262076,3402.4,0.10969239264335551,True
62,routing_compound_regional_stress,routing_compound_regional_stress,12,remaining,40,2,specimen_transfer:-1x0.05,specimen_transfer,0.05,-1.0,0.1005333662033081,5.0990195135927845,True,3b5ff4d8d00c0e94,4300369cda219685,3669968797.7916584,2345654.464633465,0.37305058087834597,3554.0,0.1130130033868787,True,3456028664.7446375,4827574.191162586,0.3925653256221974,3400.8,0.10984277170391817,True
62,routing_compound_regional_stress,routing_compound_regional_stress,12,remaining,40,3,specimen_transfer:+1x0.1,specimen_transfer,0.1,1.0,0.2010667324066162,7.211102550927978,True,3b5ff4d8d00c0e94,3f0be556a1e1ae22,3670784538.837738,1529913.4185538292,0.37300283086390706,3554.3333333333335,0.11294559660441066,True,3458433570.694838,2422668.2409620285,0.3922344947183477,3403.0,0.10952183416846169,True
62,routing_compound_regional_stress,routing_compound_regional_stress,12,remaining,40,4,specimen_transfer:-1x0.1,specimen_transfer,0.1,-1.0,0.2010667324066162,7.211102550927978,True,3b5ff4d8d00c0e94,1079378877099816,3668533637.432711,3780814.823580742,0.3730042137433713,3554.3333333333335,0.11329519450020724,True,3458527109.885949,2329129.0498509407,0.3918382423963901,3405.6,0.11078266599641122,False
62,routing_compound_regional_stress,routing_compound_regional_stress,12,remaining,40,5,reagent_transfer:+1x0.05,reagent_transfer,0.05,1.0,0.14631618559360504,6.330171645122724,True,d0d07dc1db478785,dfe4c0f515219deb,3671864232.7597136,450219.49657821655,0.37295475409607676,3555.6666666666665,0.11351046754624701,True,3460724389.7654676,131849.1703324318,0.39188735576402,3406.2,0.11054286587790871,True
62,routing_compound_regional_stress,routing_compound_regional_stress,12,remaining,40,6,reagent_transfer:-1x0.05,reagent_transfer,0.05,-1.0,0.14631618559360504,11.377225437592752,True,d0d07dc1db478785,4411a4fef3572a35,3669391003.8675666,2923448.3887252808,0.3735111597157735,3553.6666666666665,0.11296197510517497,True,3461783817.3533196,-927578.4175195694,0.3916898572436663,3407.2,0.11087895373199937,False
62,routing_compound_regional_stress,routing_compound_regional_stress,12,remaining,40,7,reagent_transfer:+1x0.1,reagent_transfer,0.1,1.0,0.2926323711872101,9.673611371993001,True,d0d07dc1db478785,a9427d21fac43c62,3671918791.286057,395660.9702348709,0.3728634027055915,3556.0,0.11352150662326155,False,3460931128.186827,-74889.25102710724,0.39183266612770606,3406.6,0.11067228978424279,True
62,routing_compound_regional_stress,routing_compound_regional_stress,12,remaining,40,8,reagent_transfer:-1x0.1,reagent_transfer,0.1,-1.0,0.2926323711872101,21.677400001407374,True,d0d07dc1db478785,651dfb5a24686372,3669601562.76634,2712889.4899520874,0.3735111597157735,3553.3333333333335,0.11295114736491252,True,3461917894.764756,-1061655.8289561272,0.3917769652576036,3406.6,0.11068973897324816,False
62,routing_compound_regional_stress,routing_compound_regional_stress,12,remaining,40,9,combined_transfer:+1x0.05,combined_transfer,0.05,1.0,0.1856713443994522,6.656145247585124,True,4d147e6836623cf8,10baf43402117a0a,3735060407.849853,-62745955.59356117,0.360108358853977,3647.6666666666665,0.12018337526514551,False,3521796350.839278,-60940111.903478146,0.37870518185616525,3497.8,0.11640594829443769,False
62,routing_compound_regional_stress,routing_compound_regional_stress,12,remaining,40,10,combined_transfer:-1x0.05,combined_transfer,0.05,-1.0,0.1856713443994522,11.561766956570345,True,4d147e6836623cf8,aa53b7f931196f03,3704825521.2659926,-32511069.009700775,0.36436181654077987,3624.0,0.11579801010238684,False,3485784049.192694,-24927810.25689411,0.3842209114407287,3459.2,0.11250266235157443,False
62,routing_compound_regional_stress,routing_compound_regional_stress,12,remaining,40,11,combined_transfer:+1x0.1,combined_transfer,0.1,1.0,0.3713426887989044,10.51244704991609,True,4d147e6836623cf8,2d88f757f6bae3db,3749085492.89349,-76771040.63719797,0.3591035188472715,3651.0,0.12304423761485128,False,3527162692.537856,-66306453.60205603,0.37929904534540676,3483.8,0.11634045216592281,False
62,routing_compound_regional_stress,routing_compound_regional_stress,12,remaining,40,12,combined_transfer:-1x0.1,combined_transfer,0.1,-1.0,0.3713426887989044,22.064506720567167,True,4d147e6836623cf8,1d3747b3bf2dc21c,3683346424.4061904,-11031972.149898529,0.3668140473813188,3617.3333333333335,0.11321266007769859,False,3475651113.807302,-14794874.871501923,0.38466570234507286,3459.8,0.11213197684102041,False
62,routing_compound_regional_stress,routing_compound_regional_stress,18,remaining,34,0,mdl2,anchor,0.0,0.0,0.0,0.0,True,,b8bc22f7afc0f0b7,3057063575.5126266,0.0,0.37709271812165474,3020.6666666666665,0.10310620955789485,True,3220288201.5788283,0.0,0.37109401368781686,3229.8,0.11583973607578016,True
62,routing_compound_regional_stress,routing_compound_regional_stress,18,remaining,34,1,specimen_transfer:+1x0.05,specimen_transfer,0.05,1.0,0.12979106605052948,4.47213595499958,True,b393978842a0fa3d,6532ac7b1565ec4a,3056529624.371302,533951.1413245201,0.37718276243624277,3020.0,0.10289562359580384,True,3219750729.9239717,537471.6548566818,0.3711183463226047,3229.2,0.11559604757306721,True
62,routing_compound_regional_stress,routing_compound_regional_stress,18,remaining,34,2,specimen_transfer:-1x0.05,specimen_transfer,0.05,-1.0,0.12979106605052948,4.47213595499958,True,b393978842a0fa3d,6374d7442aa4f94b,3058824680.965383,-1761105.4527564049,0.3767313037873245,3023.3333333333335,0.10432249696724143,False,3222393083.985977,-2104882.407148838,0.3705089810397829,3233.4,0.11712319412264023,False
62,routing_compound_regional_stress,routing_compound_regional_stress,18,remaining,34,3,specimen_transfer:+1x0.1,specimen_transfer,0.1,1.0,0.25958213210105896,10.488088481701515,True,b393978842a0fa3d,a082d2768763c088,3055816862.8340745,1246712.6785521507,0.3772691754610627,3019.0,0.1022241869495874,True,3220868984.2286406,-580782.6498122215,0.37104208076499257,3230.4,0.1159840034079465,False
62,routing_compound_regional_stress,routing_compound_regional_stress,18,remaining,34,4,specimen_transfer:-1x0.1,specimen_transfer,0.1,-1.0,0.25958213210105896,10.488088481701515,True,b393978842a0fa3d,a7336f4b5ec95f5d,3059460758.515293,-2397183.0026664734,0.37654997808217056,3025.3333333333335,0.10492614477720637,False,3221762835.737672,-1474634.1588435173,0.37043060565124325,3234.0,0.11709853843852511,False
62,routing_compound_regional_stress,routing_compound_regional_stress,18,remaining,34,5,reagent_transfer:+1x0.05,reagent_transfer,0.05,1.0,0.14215515553951263,9.110904040257006,True,b77e505510d189a8,d982ef834b34cef7,3056297519.6102223,766055.9024043083,0.3771876308019888,3020.0,0.10288902064535993,True,3219298778.053542,989423.5252861977,0.3713475676141086,3229.0,0.1155275511057757,True
62,routing_compound_regional_stress,routing_compound_regional_stress,18,remaining,34,6,reagent_transfer:-1x0.05,reagent_transfer,0.05,-1.0,0.14215517044067383,13.015891917094518,True,b77e505510d189a8,1b61b17789f7c185,3054709135.2369285,2354440.275698185,0.37742483256465903,3018.6666666666665,0.10261821087943841,True,3219763287.924958,524913.6538701057,0.3711475681938393,3229.2,0.11569874514249352,True
62,routing_compound_regional_stress,routing_compound_regional_stress,18,remaining,34,7,reagent_transfer:+1x0.1,reagent_transfer,0.1,1.0,0.28431031107902527,18.221808080514013,True,b77e505510d189a8,b7aa6e3e36e36963,3054998672.9301896,2064902.5824370384,0.37728006933036745,3018.0,0.10244316072752757,True,3219114560.084117,1173641.494711399,0.37134671441292827,3228.8,0.1155285707282185,True
62,routing_compound_regional_stress,routing_compound_regional_stress,18,remaining,34,8,reagent_transfer:-1x0.1,reagent_transfer,0.1,-1.0,0.28431031107902527,23.06561464075498,True,b77e505510d189a8,12d694ceec49902f,3055038906.0419326,2024669.470694065,0.37742483256465903,3018.6666666666665,0.10261821087943841,True,3220005649.147974,282552.4308543205,0.37120580661694724,3229.2,0.1156445793696543,True
62,routing_compound_regional_stress,routing_compound_regional_stress,18,remaining,34,9,combined_transfer:+1x0.05,combined_transfer,0.05,1.0,0.18465234339237213,9.354593166297043,True,c57e466efc357779,61c811a44ae2dff9,3078543853.3539805,-21480277.841353893,0.37258887538413116,3047.3333333333335,0.10458483044457206,False,3243968320.1535234,-23680118.57469511,0.36665245269751373,3257.8,0.11726822622332138,False
62,routing_compound_regional_stress,routing_compound_regional_stress,18,remaining,34,10,combined_transfer:-1x0.05,combined_transfer,0.05,-1.0,0.18465234339237213,13.187618559605303,True,c57e466efc357779,51e8608b48a81f5e,3103997197.0930285,-46933621.5804019,0.3651422024063875,3112.0,0.10977796904759964,False,3261791596.8600235,-41503395.281195164,0.36036598240402895,3311.0,0.11986537133383571,False
62,routing_compound_regional_stress,routing_compound_regional_stress,18,remaining,34,11,combined_transfer:+1x0.1,combined_transfer,0.1,1.0,0.36930468678474426,18.709186332594086,True,c57e466efc357779,dd1a3d0f3e2d1f03,3090901864.1005883,-33838288.587961674,0.3702818115237469,3054.3333333333335,0.10719660072039751,False,3256445167.2711344,-36156965.69230604,0.3643975912347952,3268.8,0.1182385055384545,False
62,routing_compound_regional_stress,routing_compound_regional_stress,18,remaining,34,12,combined_transfer:-1x0.1,combined_transfer,0.1,-1.0,0.36930468678474426,23.452546605016053,True,c57e466efc357779,25265478be000698,3096647678.730683,-39584103.2180562,0.36649773549095527,3106.0,0.10941558330939245,False,3249414239.879636,-29126038.300807476,0.3624673784797512,3303.4,0.11742406215934904,False
62,routing_compound_regional_stress,routing_compound_regional_stress,25,remaining,27,0,mdl2,anchor,0.0,0.0,0.0,0.0,True,,7149ff43b25737aa,2628874499.936462,0.0,0.37515349818496885,2623.3333333333335,0.11784340188074376,True,2219745526.1373453,0.0,0.39663846183407925,2183.4,0.10047967839918279,True
62,routing_compound_regional_stress,routing_compound_regional_stress,25,remaining,27,1,specimen_transfer:+1x0.05,specimen_transfer,0.05,1.0,0.1137368455529213,7.483314773547883,True,868a0ab749e29f5d,ed55d9662b378633,2623562447.8365746,5312052.099887371,0.37617788257121276,2617.0,0.1158116229223181,True,2217686458.1813664,2059067.9559788704,0.3971867555215713,2179.8,0.0993323959395098,True
62,routing_compound_regional_stress,routing_compound_regional_stress,25,remaining,27,2,specimen_transfer:-1x0.05,specimen_transfer,0.05,-1.0,0.1137368455529213,4.898979485566356,True,868a0ab749e29f5d,7112470156bfa1b5,2633933187.894222,-5058687.957759857,0.374500799472459,2629.3333333333335,0.1178891612810079,False,2219078660.8683786,666865.2689666748,0.3967713722442709,2182.6,0.1000373379315275,True
62,routing_compound_regional_stress,routing_compound_regional_stress,25,remaining,27,3,specimen_transfer:+1x0.1,specimen_transfer,0.1,1.0,0.2274736911058426,9.797958971132712,True,868a0ab749e29f5d,948a0c3c42fa7c13,2621623295.4539266,7251204.482535362,0.3768248071065523,2613.0,0.11413558068912645,True,2216222546.4893565,3522979.6479887962,0.39732828181801144,2179.0,0.0989359345235241,True
62,routing_compound_regional_stress,routing_compound_regional_stress,25,remaining,27,4,specimen_transfer:-1x0.1,specimen_transfer,0.1,-1.0,0.2274736911058426,7.874007874011811,True,868a0ab749e29f5d,2fd31574bde16be3,2636347223.8988237,-7472723.962361813,0.3737665759582755,2634.3333333333335,0.11840288853970167,False,2221272201.123231,-1526674.9858856201,0.39638277310855435,2188.2,0.10015987423913275,False
62,routing_compound_regional_stress,routing_compound_regional_stress,25,remaining,27,5,reagent_transfer:+1x0.05,reagent_transfer,0.05,1.0,0.13927237689495087,8.245404782356722,True,de3489f8eb076e52,38b77e4a10634f63,2629067077.742084,-192577.80562210083,0.3752011648993023,2623.0,0.1177277306177541,True,2219509968.283376,235557.85396909714,0.39664005117941736,2183.2,0.10048013130938352,False
62,routing_compound_regional_stress,routing_compound_regional_stress,25,remaining,27,6,reagent_transfer:-1x0.05,reagent_transfer,0.05,-1.0,0.13927237689495087,8.861770331347316,True,de3489f8eb076e52,73aac2a39768fe98,2629778791.8046293,-904291.8681674004,0.3752011648993023,2623.6666666666665,0.11774017999111296,False,2220030052.520673,-284526.38332748413,0.3966669884351347,2183.8,0.10054280135337637,False
62,routing_compound_regional_stress,routing_compound_regional_stress,25,remaining,27,7,reagent_transfer:+1x0.1,reagent_transfer,0.1,1.0,0.27854475378990173,15.859065575185163,True,de3489f8eb076e52,a7a62942d39970fa,2628258434.2712064,616065.6652555466,0.3752011648993023,2623.0,0.1177277306177541,True,2219628253.420743,117272.71660232544,0.3966108071378908,2183.4,0.10053040196583218,False
62,routing_compound_regional_stress,routing_compound_regional_stress,25,remaining,27,8,reagent_transfer:-1x0.1,reagent_transfer,0.1,-1.0,0.27854475378990173,17.256223742469878,True,de3489f8eb076e52,31c9c0b8e88a5323,2629409579.120295,-535079.1838331223,0.3752011648993023,2623.6666666666665,0.11774017999111296,False,2220115965.668598,-370439.531252861,0.3966978218219995,2183.8,0.10058752452864761,False
62,routing_compound_regional_stress,routing_compound_regional_stress,25,remaining,27,9,combined_transfer:+1x0.05,combined_transfer,0.05,1.0,0.17875251173973083,8.488506047205998,True,0d5f8a6125c01f25,866a0ce23dbb02ba,2642456783.0054917,-13582283.069029808,0.37251529961203006,2637.3333333333335,0.11737590494615308,False,2235768904.4991493,-16023378.361804008,0.39365672770172744,2207.0,0.10184566557365064,False
62,routing_compound_regional_stress,routing_compound_regional_stress,25,remaining,27,10,combined_transfer:-1x0.05,combined_transfer,0.05,-1.0,0.17875251173973083,9.015337423454428,True,0d5f8a6125c01f25,ec157b362230d6f8,2669765508.8245945,-40891008.88813257,0.3657449854425499,2695.6666666666665,0.12281657891971408,False,2255342004.6104136,-35596478.47306824,0.38759759347590783,2251.0,0.10463364190497818,False
62,routing_compound_regional_stress,routing_compound_regional_stress,25,remaining,27,11,combined_transfer:+1x0.1,combined_transfer,0.1,1.0,0.35750502347946167,16.364049024376268,True,0d5f8a6125c01f25,ef4679bf8326b73b,2646550608.145796,-17676108.209333897,0.37223722703317713,2642.0,0.11969250292054819,False,2233699033.839078,-13953507.701732635,0.39432200243977855,2200.0,0.10188060770581034,False
62,routing_compound_regional_stress,routing_compound_regional_stress,25,remaining,27,12,combined_transfer:-1x0.1,combined_transfer,0.1,-1.0,0.35750502347946167,17.570394466941345,True,0d5f8a6125c01f25,373534241f536d00,2663900913.8832536,-35026413.94679165,0.36796232477898627,2693.3333333333335,0.12101129982265563,False,2247486260.521235,-27740734.383889675,0.3891754479823649,2241.6,0.10250213717825578,False
62,routing_compound_regional_stress,routing_compound_regional_stress,31,remaining,21,0,mdl2,anchor,0.0,0.0,0.0,0.0,True,,8ff13099cfc441f5,2030865902.4335778,0.0,0.3776633877062056,1986.6666666666667,0.10964068514614618,True,2054674624.8927162,0.0,0.38132465185485254,2033.8,0.10964394343701042,True
62,routing_compound_regional_stress,routing_compound_regional_stress,31,remaining,21,1,specimen_transfer:+1x0.05,specimen_transfer,0.05,1.0,0.15009763836860657,13.341664064126334,True,05176411353d3b96,2141d191a2650c21,2029638451.9277523,1227450.5058255196,0.37803547536617726,1986.3333333333333,0.10851833653277854,True,2051999337.0291667,2675287.863549471,0.38205163524374336,2030.6,0.10835930263953882,True
62,routing_compound_regional_stress,routing_compound_regional_stress,31,remaining,21,2,specimen_transfer:-1x0.05,specimen_transfer,0.05,-1.0,0.15009763836860657,14.491376746189438,True,05176411353d3b96,edfa48e23d0ee648,2033045870.3328083,-2179967.89923048,0.376683401041175,1993.6666666666667,0.10921075488320342,False,2057319813.5985036,-2645188.7057874203,0.3809838007945493,2039.6,0.1089209729198493,False
62,routing_compound_regional_stress,routing_compound_regional_stress,31,remaining,21,3,specimen_transfer:+1x0.1,specimen_transfer,0.1,1.0,0.30019527673721313,25.41653005427767,True,05176411353d3b96,26a0fbd666a45e4b,2025755199.5836494,5110702.849928379,0.37895378213007835,1976.6666666666667,0.10675680336113864,True,2052350163.9455757,2324460.9471404552,0.38263853158281347,2027.2,0.10743917583930682,True
62,routing_compound_regional_stress,routing_compound_regional_stress,31,remaining,21,4,specimen_transfer:-1x0.1,specimen_transfer,0.1,-1.0,0.30019527673721313,20.396078054371138,True,05176411353d3b96,b9958771fb4fbb45,2036232660.6671188,-5366758.233541012,0.376411421700287,1998.3333333333333,0.10970020951005853,False,2060090748.6746345,-5416123.781918287,0.38017490582522395,2042.8,0.1093989579658132,False
62,routing_compound_regional_stress,routing_compound_regional_stress,31,remaining,21,5,reagent_transfer:+1x0.05,reagent_transfer,0.05,1.0,0.10670055449008942,4.973077969474355,True,c5649736f07b3cbb,a6cdd375365dba7f,2030816058.7821462,49843.651431560516,0.3777087083497587,1986.6666666666667,0.10954864494366558,True,2054803672.955768,-129048.06305193901,0.38132465185485254,2033.8,0.10963751280122844,True
62,routing_compound_regional_stress,routing_compound_regional_stress,31,remaining,21,6,reagent_transfer:-1x0.05,reagent_transfer,0.05,-1.0,0.10670055449008942,6.350679658629484,True,c5649736f07b3cbb,ebd40169f83cd09e,2032106032.2088087,-1240129.7752308846,0.37766574059430774,1987.3333333333333,0.10986004569353874,False,2055569148.2731063,-894523.3803901672,0.3812983844526986,2034.0,0.10969194018095704,False
62,routing_compound_regional_stress,routing_compound_regional_stress,31,remaining,21,7,reagent_transfer:+1x0.1,reagent_transfer,0.1,1.0,0.21340110898017883,9.67750572229382,True,c5649736f07b3cbb,692244519424eb00,2030662164.8189251,203737.61465263367,0.3777087083497587,1986.6666666666667,0.10954864494366558,True,2054843441.1071162,-168816.21440005302,0.38132465185485254,2033.8,0.10963751280122844,True
62,routing_compound_regional_stress,routing_compound_regional_stress,31,remaining,21,8,reagent_transfer:-1x0.1,reagent_transfer,0.1,-1.0,0.21340110898017883,10.919812981409347,True,c5649736f07b3cbb,0f6be28ed5d14d62,2031909128.3197925,-1043225.8862147331,0.37766574059430774,1987.3333333333333,0.10984963906213119,False,2055545340.3082554,-870715.4155392647,0.38132465185485254,2034.2,0.10976069552848726,False
62,routing_compound_regional_stress,routing_compound_regional_stress,31,remaining,21,9,combined_transfer:+1x0.05,combined_transfer,0.05,1.0,0.19250982999801636,5.748931354151919,True,8cbefb8bb94f211b,97ddcc08351763ca,2052115455.9714158,-21249553.537837982,0.3733890429120031,2015.3333333333333,0.110729780316444,False,2075865636.3740513,-21191011.481335163,0.37697592407414715,2061.0,0.1095270312132726,False
62,routing_compound_regional_stress,routing_compound_regional_stress,31,remaining,21,10,combined_transfer:-1x0.05,combined_transfer,0.05,-1.0,0.19250982999801636,6.909491214346705,True,8cbefb8bb94f211b,91c970f2a8676fbd,2044933710.6195762,-14067808.18599844,0.37427692856928435,2020.3333333333333,0.11039717626893136,False,2070044196.9590766,-15369572.066360474,0.3779685842499325,2070.4,0.11104771274782452,False
62,routing_compound_regional_stress,routing_compound_regional_stress,31,remaining,21,11,combined_transfer:+1x0.1,combined_transfer,0.1,1.0,0.3850196599960327,11.266274712705572,True,8cbefb8bb94f211b,b01e3d486a44db67,2039626554.7467792,-8760652.313201427,0.376566095776625,1986.3333333333333,0.10987211781555488,False,2065820641.3188565,-11146016.426140308,0.37947643323743396,2032.0,0.10904780677686413,False
62,routing_compound_regional_stress,routing_compound_regional_stress,31,remaining,21,12,combined_transfer:-1x0.1,combined_transfer,0.1,-1.0,0.3850196599960327,11.945522212879801,True,8cbefb8bb94f211b,98826c2e94c30a7d,2042122620.3885772,-11256717.954999447,0.3748280013949355,2018.6666666666667,0.10903811319044243,False,2072252331.0753112,-17577706.182595015,0.3774614807840621,2075.4,0.11156914858551895,False
62,routing_compound_regional_stress,routing_compound_regional_stress,37,remaining,15,0,mdl2,anchor,0.0,0.0,0.0,0.0,True,,84c482d952238139,1184646120.5721676,0.0,0.4028221448748233,1180.3333333333333,0.0937994345403932,True,1265571678.5614657,0.0,0.3972737045421129,1254.2,0.09356877371549951,True
62,routing_compound_regional_stress,routing_compound_regional_stress,37,remaining,15,1,specimen_transfer:+1x0.05,specimen_transfer,0.05,1.0,0.17276257276535034,11.661903789690601,True,4630c5f755a487f7,df6777c643a7a169,1183844039.0226781,802081.5494894981,0.40296774965078447,1180.6666666666667,0.09362836718417289,False,1263940816.7119155,1630861.8495502472,0.3976911024276768,1251.4,0.09301333810497035,True
62,routing_compound_regional_stress,routing_compound_regional_stress,37,remaining,15,2,specimen_transfer:-1x0.05,specimen_transfer,0.05,-1.0,0.17276257276535034,9.695359714832659,True,4630c5f755a487f7,8ce15d38ec4c7ff5,1187614133.2250865,-2968012.6529188156,0.4022436973893872,1187.0,0.09465788201224624,False,1269439771.797118,-3868093.2356522083,0.3963535165310787,1259.6,0.09490887689617579,False
62,routing_compound_regional_stress,routing_compound_regional_stress,37,remaining,15,3,specimen_transfer:+1x0.1,specimen_transfer,0.1,1.0,0.3455251455307007,22.135943621178654,True,4630c5f755a487f7,d9d18ffb79befa29,1183236808.13001,1409312.4421577454,0.40300968633622386,1179.3333333333333,0.09359024995470866,True,1262021630.9002385,3550047.6612272263,0.3981305733999368,1248.6,0.09254830138378167,True
62,routing_compound_regional_stress,routing_compound_regional_stress,37,remaining,15,4,specimen_transfer:-1x0.1,specimen_transfer,0.1,-1.0,0.3455251455307007,13.416407864998739,True,4630c5f755a487f7,beaa581e9401e6ef,1190936277.2965138,-6290156.724346161,0.40131891642863565,1191.6666666666667,0.09557632398974632,False,1270930646.793501,-5358968.23203516,0.39589754660220244,1262.2,0.09530604997771316,False
62,routing_compound_regional_stress,routing_compound_regional_stress,37,remaining,15,5,reagent_transfer:+1x0.05,reagent_transfer,0.05,1.0,0.11855386942625046,5.524271093313975,True,27331942824196b4,236fdb6c0f95e981,1184456476.273918,189644.29824972153,0.40277361060963207,1180.0,0.09369484297047374,False,1265141523.3841383,430155.1773273945,0.3972737045421129,1254.0,0.09350590040521974,True
62,routing_compound_regional_stress,routing_compound_regional_stress,37,remaining,15,6,reagent_transfer:-1x0.05,reagent_transfer,0.05,-1.0,0.11855386197566986,8.423223374278379,True,27331942824196b4,c2fdc0db23cf40c4,1184591190.6450565,54929.927111148834,0.4028713381058347,1180.0,0.09369471153274843,True,1266541117.5154667,-969438.9540009499,0.39738200290410014,1253.8,0.09350590040521974,True
62,routing_compound_regional_stress,routing_compound_regional_stress,37,remaining,15,7,reagent_transfer:+1x0.1,reagent_transfer,0.1,1.0,0.23710772395133972,11.04854218662795,True,27331942824196b4,74e0b9ec57d20add,1184835194.7967722,-189074.22460460663,0.40287199707165494,1180.3333333333333,0.0939234199262955,False,1264619364.669731,952313.8917348385,0.3973278537231065,1253.6,0.09343682275193936,True
62,routing_compound_regional_stress,routing_compound_regional_stress,37,remaining,15,8,reagent_transfer:-1x0.1,reagent_transfer,0.1,-1.0,0.23710772395133972,12.055617775205148,True,27331942824196b4,2b16f8d5517ea10a,1184710510.20264,-64389.630472421646,0.4028713381058347,1180.0,0.09369471153274843,True,1266207029.1906123,-635350.6291465759,0.3973007791326097,1253.8,0.09361916322681706,False
62,routing_compound_regional_stress,routing_compound_regional_stress,37,remaining,15,9,combined_transfer:+1x0.05,combined_transfer,0.05,1.0,0.20656932890415192,6.307861185977078,True,0e1db1c9e29d71bd,a8072adcf09a67ed,1199264064.1969466,-14617943.624778986,0.39900842329637953,1199.0,0.09565486938557745,False,1274533792.457067,-8962113.895601273,0.3948205847408656,1265.4,0.0935535250425491,False
62,routing_compound_regional_stress,routing_compound_regional_stress,37,remaining,15,10,combined_transfer:-1x0.05,combined_transfer,0.05,-1.0,0.20656932890415192,8.887865763797505,True,0e1db1c9e29d71bd,07d80b5b86b14d67,1200186738.7052646,-15540618.133096933,0.3994825457058611,1211.3333333333333,0.09625455447140319,False,1280276247.5549133,-14704568.993447542,0.3946451984164923,1284.2,0.0960716650690555,False
62,routing_compound_regional_stress,routing_compound_regional_stress,37,remaining,15,11,combined_transfer:+1x0.1,combined_transfer,0.1,1.0,0.41313865780830383,12.615722371954156,True,0e1db1c9e29d71bd,d1ea97e4f8b1e2c8,1189864316.901999,-5218196.329831362,0.40158532834760585,1174.0,0.09387016657630061,False,1268418846.3587317,-2847167.7972660065,0.3966092034847194,1246.4,0.09219596860365006,False
62,routing_compound_regional_stress,routing_compound_regional_stress,37,remaining,15,12,combined_transfer:-1x0.1,combined_transfer,0.1,-1.0,0.41313865780830383,13.012947534021908,True,0e1db1c9e29d71bd,c59fd27980a1fd9a,1204554137.6536458,-19908017.08147812,0.39827513561156214,1220.3333333333333,0.09689031527164764,False,1283574928.0754561,-18003249.513990402,0.3938002135778314,1292.0,0.09560877785474013,False
62,routing_compound_regional_stress,routing_compound_regional_stress,43,remaining,9,0,mdl2,anchor,0.0,0.0,0.0,0.0,True,,c41a992c3db1ed07,799519764.0432024,0.0,0.3929770920695452,754.6666666666666,0.0914869046316557,True,775045634.4600177,0.0,0.3963593414765674,750.6,0.09203481245478137,True
62,routing_compound_regional_stress,routing_compound_regional_stress,43,remaining,9,1,specimen_transfer:+1x0.05,specimen_transfer,0.05,1.0,0.08604418486356735,8.12403840463596,True,19737186ab79a0a2,4894ddf173d52737,800507822.2504715,-988058.2072690725,0.392789643588036,756.3333333333334,0.09144957653569996,False,777403607.0449752,-2357972.5849574804,0.39604599500376503,755.0,0.09218360913051772,False
62,routing_compound_regional_stress,routing_compound_regional_stress,43,remaining,9,2,specimen_transfer:-1x0.05,specimen_transfer,0.05,-1.0,0.08604418486356735,8.366600265340756,True,19737186ab79a0a2,a5e5b3422a33f4d7,801444303.3383412,-1924539.295138836,0.3927936975297021,761.3333333333334,0.09201685301733259,False,777815805.0709902,-2770170.6109725237,0.3962183993169027,759.6,0.09229128572096354,False
62,routing_compound_regional_stress,routing_compound_regional_stress,43,remaining,9,3,specimen_transfer:+1x0.1,specimen_transfer,0.1,1.0,0.1720883697271347,14.832396974191326,True,19737186ab79a0a2,ce2f97d8f1a8fd3b,801198739.5211391,-1678975.4779367447,0.39279473012800836,757.0,0.09159188002007584,False,776556618.3231968,-1510983.8631790876,0.39613124751235446,752.4,0.09224647471059728,False
62,routing_compound_regional_stress,routing_compound_regional_stress,43,remaining,9,4,specimen_transfer:-1x0.1,specimen_transfer,0.1,-1.0,0.1720883697271347,16.1245154965971,True,19737186ab79a0a2,1edc034ffd21716b,803266244.8227434,-3746480.7795410156,0.39255661417758736,764.6666666666666,0.09198969632642943,False,780459963.920471,-5414329.460453272,0.39581856900330337,764.8,0.09261676508982934,False
62,routing_compound_regional_stress,routing_compound_regional_stress,43,remaining,9,5,reagent_transfer:+1x0.05,reagent_transfer,0.05,1.0,0.09196092933416367,3.8253371103871743,True,e822e6cd53514798,8ca99e28c4c84923,799472506.5086983,47257.53450405598,0.3929770920695452,754.6666666666666,0.0914869046316557,True,774947138.3624165,98496.09760117531,0.3963593414765674,750.6,0.09203481245478137,True
62,routing_compound_regional_stress,routing_compound_regional_stress,43,remaining,9,6,reagent_transfer:-1x0.05,reagent_transfer,0.05,-1.0,0.09196092933416367,4.754593461189739,True,e822e6cd53514798,02ca2bda4dcf463c,799887197.6221007,-367433.57889831066,0.3929770920695452,754.6666666666666,0.0914869046316557,True,775236967.869806,-191333.40978837013,0.3963593414765674,750.6,0.09203481245478137,True
62,routing_compound_regional_stress,routing_compound_regional_stress,43,remaining,9,7,reagent_transfer:+1x0.1,reagent_transfer,0.1,1.0,0.18392185866832733,7.6506742332311894,True,e822e6cd53514798,df74b05c14146682,799473089.5918533,46674.45134913921,0.3929770920695452,754.6666666666666,0.0914869046316557,True,774882445.722357,163188.73766064644,0.3963593414765674,750.6,0.09203481245478137,True
62,routing_compound_regional_stress,routing_compound_regional_stress,43,remaining,9,8,reagent_transfer:-1x0.1,reagent_transfer,0.1,-1.0,0.18392185866832733,8.150131130520004,True,e822e6cd53514798,d1f52362e442c6bf,799985122.5461682,-465358.5029658079,0.3929770920695452,754.6666666666666,0.0914869046316557,True,775338706.016763,-293071.55674529076,0.3963593414765674,750.6,0.09203481245478137,True
62,routing_compound_regional_stress,routing_compound_regional_stress,43,remaining,9,9,combined_transfer:+1x0.05,combined_transfer,0.05,1.0,0.13496659696102142,4.218432746019309,True,377803f1c13ce7e6,b870bd74014dbb13,801644149.6533314,-2124385.6101289988,0.3925079736795087,757.3333333333334,0.09155434648546051,False,777388069.2488353,-2342434.788817644,0.39564909844793633,753.8,0.09208268148191862,False
62,routing_compound_regional_stress,routing_compound_regional_stress,43,remaining,9,10,combined_transfer:-1x0.05,combined_transfer,0.05,-1.0,0.13496659696102142,5.034435547438234,True,377803f1c13ce7e6,cd0fcd496632a184,811804906.2091465,-12285142.1659441,0.39114619943833845,778.3333333333334,0.09295361074251433,False,784991945.3997997,-9946310.939782023,0.39465483849396554,770.0,0.09311150204186816,False
62,routing_compound_regional_stress,routing_compound_regional_stress,43,remaining,9,11,combined_transfer:+1x0.1,combined_transfer,0.1,1.0,0.26993319392204285,8.436865503334667,True,377803f1c13ce7e6,a39cd34379cca6e3,804378433.4895948,-4858669.446392417,0.3918524394062692,759.0,0.09198408040628359,False,778991528.0589001,-3945893.5988824368,0.3950213643725168,753.4,0.09272392679222136,False
62,routing_compound_regional_stress,routing_compound_regional_stress,43,remaining,9,12,combined_transfer:-1x0.1,combined_transfer,0.1,-1.0,0.26993319392204285,8.79671340019426,True,377803f1c13ce7e6,f6d14b7e984061f8,812732469.7812887,-13212705.738086343,0.39147754244325067,780.6666666666666,0.0929596898805014,False,785249506.882839,-10203872.422821283,0.395225035330529,772.0,0.09257428059332204,False
62,routing_compound_regional_stress,routing_compound_regional_stress,51,remaining,1,0,mdl2,anchor,0.0,0.0,0.0,0.0,True,,50fa98eb6dbf5da1,109546857.92222066,0.0,0.3922117943689593,120.0,0.08808777429467085,True,109546857.92222068,0.0,0.39221179436895925,120.0,0.08808777429467085,True
62,routing_compound_regional_stress,routing_compound_regional_stress,51,remaining,1,1,specimen_transfer:+1x0.05,specimen_transfer,0.05,1.0,0.09159775823354721,4.242640687119285,True,fb918cd0a80fe412,c017ce3af516b85d,110074328.829385,-527470.9071643353,0.3922117943689593,121.0,0.08808777429467085,False,110074328.82938501,-527470.9071643353,0.39221179436895925,121.0,0.08808777429467085,False
62,routing_compound_regional_stress,routing_compound_regional_stress,51,remaining,1,2,specimen_transfer:-1x0.05,specimen_transfer,0.05,-1.0,0.09159775823354721,7.3484692283495345,True,fb918cd0a80fe412,391484930adfff65,109945480.16836494,-398622.24614427984,0.3922117943689593,121.0,0.08808777429467085,False,109945480.16836496,-398622.24614427984,0.39221179436895925,121.0,0.08808777429467085,False
62,routing_compound_regional_stress,routing_compound_regional_stress,51,remaining,1,3,specimen_transfer:+1x0.1,specimen_transfer,0.1,1.0,0.18319551646709442,9.38083151964686,True,fb918cd0a80fe412,b264eca1e11da3cc,110502135.3185683,-955277.396347642,0.3922117943689593,122.0,0.08808777429467085,False,110502135.3185683,-955277.396347627,0.39221179436895925,122.0,0.08808777429467085,False
62,routing_compound_regional_stress,routing_compound_regional_stress,51,remaining,1,4,specimen_transfer:-1x0.1,specimen_transfer,0.1,-1.0,0.18319551646709442,12.884098726725126,True,fb918cd0a80fe412,af93d34cb8263548,110421803.27268761,-874945.3504669517,0.3922117943689593,122.0,0.08808777429467085,False,110421803.27268763,-874945.3504669517,0.39221179436895925,122.0,0.08808777429467085,False
62,routing_compound_regional_stress,routing_compound_regional_stress,51,remaining,1,5,reagent_transfer:+1x0.05,reagent_transfer,0.05,1.0,0.11487798392772675,6.595526549041595,True,524edd51b0b7a9c8,873fa238668502d7,109550326.80058579,-3468.8783651292324,0.3922117943689593,120.0,0.08808777429467085,True,109550326.80058578,-3468.87836509943,0.39221179436895925,120.0,0.08808777429467085,True
62,routing_compound_regional_stress,routing_compound_regional_stress,51,remaining,1,6,reagent_transfer:-1x0.05,reagent_transfer,0.05,-1.0,0.11487798392772675,10.343454895614993,True,524edd51b0b7a9c8,def7e94ba0125eeb,109546803.33325712,54.58896353840828,0.3922117943689593,120.0,0.08808777429467085,True,109546803.33325711,54.5889635682106,0.39221179436895925,120.0,0.08808777429467085,True
62,routing_compound_regional_stress,routing_compound_regional_stress,51,remaining,1,7,reagent_transfer:+1x0.1,reagent_transfer,0.1,1.0,0.2297559678554535,13.19105309808319,True,524edd51b0b7a9c8,3b1f4b78a8acfcbf,109553795.67895089,-6937.7567302286625,0.3922117943689593,120.0,0.08808777429467085,True,109553795.67895088,-6937.75673019886,0.39221179436895925,120.0,0.08808777429467085,True
62,routing_compound_regional_stress,routing_compound_regional_stress,51,remaining,1,8,reagent_transfer:-1x0.1,reagent_transfer,0.1,-1.0,0.2297559678554535,14.205172809288674,True,524edd51b0b7a9c8,56282717a9b67c7d,109548915.12442203,-2057.2022013664246,0.3922117943689593,120.0,0.08808777429467085,True,109548915.12442204,-2057.2022013664246,0.39221179436895925,120.0,0.08808777429467085,True
62,routing_compound_regional_stress,routing_compound_regional_stress,51,remaining,1,9,combined_transfer:+1x0.05,combined_transfer,0.05,1.0,0.14830245077610016,6.808163529017062,True,c750707b9406969f,36df087ab5611e8b,109681260.27521558,-134402.35299491882,0.3922117943689593,120.0,0.08808777429467085,True,109681260.2752156,-134402.35299491882,0.39221179436895925,120.0,0.08808777429467085,True
62,routing_compound_regional_stress,routing_compound_regional_stress,51,remaining,1,10,combined_transfer:-1x0.05,combined_transfer,0.05,-1.0,0.14830245077610016,10.480323429602224,True,c750707b9406969f,b155c2a752d3e90f,109656007.84411871,-109149.9218980521,0.3922117943689593,120.0,0.08808777429467085,True,109656007.84411871,-109149.9218980372,0.39221179436895925,120.0,0.08808777429467085,True
62,routing_compound_regional_stress,routing_compound_regional_stress,51,remaining,1,11,combined_transfer:+1x0.1,combined_transfer,0.1,1.0,0.2966049015522003,13.616327030387358,True,c750707b9406969f,9bf45314105669d6,109815662.62804759,-268804.70582692325,0.3922117943689593,120.0,0.08808777429467085,True,109815662.62804759,-268804.70582690835,0.39221179436895925,120.0,0.08808777429467085,True
62,routing_compound_regional_stress,routing_compound_regional_stress,51,remaining,1,12,combined_transfer:-1x0.1,combined_transfer,0.1,-1.0,0.2966049015522003,14.60093882555312,True,c750707b9406969f,ef025f0b46e4df2b,109808708.24998055,-261850.32775989175,0.3922117943689593,120.0,0.08808777429467085,True,109808708.24998054,-261850.32775986195,0.39221179436895925,120.0,0.08808777429467085,True
