scenario,state_id,decision_epoch,bound_count,stream,crn_seed,arm,overtime_rung,remaining_cost,completion_service_level,patients_lost,manufacturing_ineligibility,scenario_declaration_sha256
routing_nominal_history,routing_nominal_history:seed96100000:epoch30,30,20,discovery,96400000,anchor,-1.0,1391199658.154826,0.48800599700149927,1240.0,0.08540925266903915,800405b9f74aaa90d90ba641e3d644c477fd53160794163db89b827c6c506a7d
routing_nominal_history,routing_nominal_history:seed96100000:epoch30,30,20,discovery,96400000,u_0.00,0.0,1391199658.154826,0.48800599700149927,1240.0,0.08540925266903915,800405b9f74aaa90d90ba641e3d644c477fd53160794163db89b827c6c506a7d
routing_nominal_history,routing_nominal_history:seed96100000:epoch30,30,20,discovery,96400000,u_0.10,0.1,1383721076.095748,0.4928785607196402,1234.0,0.08268551236749117,800405b9f74aaa90d90ba641e3d644c477fd53160794163db89b827c6c506a7d
routing_nominal_history,routing_nominal_history:seed96100000:epoch30,30,20,discovery,96400000,u_0.20,0.2,1380288684.6597986,0.49662668665667165,1229.0,0.0820476858345021,800405b9f74aaa90d90ba641e3d644c477fd53160794163db89b827c6c506a7d
routing_nominal_history,routing_nominal_history:seed96100000:epoch30,30,20,discovery,96400000,u_0.30,0.3,1368520488.836428,0.5048725637181409,1211.0,0.07564191533657183,800405b9f74aaa90d90ba641e3d644c477fd53160794163db89b827c6c506a7d
routing_nominal_history,routing_nominal_history:seed96100000:epoch30,30,20,discovery,96400000,u_0.40,0.4,1366363074.8581078,0.507496251874063,1205.0,0.07532826537664132,800405b9f74aaa90d90ba641e3d644c477fd53160794163db89b827c6c506a7d
routing_nominal_history,routing_nominal_history:seed96100000:epoch30,30,20,discovery,96400000,u_0.50,0.5,1358612869.8899953,0.5131184407796102,1190.0,0.07328767123287672,800405b9f74aaa90d90ba641e3d644c477fd53160794163db89b827c6c506a7d
routing_nominal_history,routing_nominal_history:seed96100000:epoch30,30,20,discovery,96400000,u_0.60,0.6,1354032152.345988,0.5161169415292354,1183.0,0.07351940095302927,800405b9f74aaa90d90ba641e3d644c477fd53160794163db89b827c6c506a7d
routing_nominal_history,routing_nominal_history:seed96100000:epoch30,30,20,discovery,96400000,u_0.70,0.7,1355146972.4035914,0.5172413793103449,1179.0,0.07341944255608429,800405b9f74aaa90d90ba641e3d644c477fd53160794163db89b827c6c506a7d
routing_nominal_history,routing_nominal_history:seed96100000:epoch30,30,20,discovery,96400000,u_0.80,0.8,1346538785.0350995,0.5228635682158921,1165.0,0.07205387205387205,800405b9f74aaa90d90ba641e3d644c477fd53160794163db89b827c6c506a7d
routing_nominal_history,routing_nominal_history:seed96100000:epoch30,30,20,discovery,96400000,u_0.90,0.9,1340609874.039382,0.5262368815592204,1158.0,0.07161981258366801,800405b9f74aaa90d90ba641e3d644c477fd53160794163db89b827c6c506a7d
routing_nominal_history,routing_nominal_history:seed96100000:epoch30,30,20,discovery,96400000,u_1.00,1.0,1338546978.6696255,0.5292353823088456,1152.0,0.07190412782956059,800405b9f74aaa90d90ba641e3d644c477fd53160794163db89b827c6c506a7d
routing_nominal_history,routing_nominal_history:seed96100000:epoch30,30,20,discovery,96400001,anchor,-1.0,1479877220.9989188,0.46356203341628155,1314.0,0.08256227758007118,800405b9f74aaa90d90ba641e3d644c477fd53160794163db89b827c6c506a7d
routing_nominal_history,routing_nominal_history:seed96100000:epoch30,30,20,discovery,96400001,u_0.00,0.0,1479877220.9989188,0.46356203341628155,1314.0,0.08256227758007118,800405b9f74aaa90d90ba641e3d644c477fd53160794163db89b827c6c506a7d
routing_nominal_history,routing_nominal_history:seed96100000:epoch30,30,20,discovery,96400001,u_0.10,0.1,1474864392.733894,0.4671169569854248,1310.0,0.08203677510608204,800405b9f74aaa90d90ba641e3d644c477fd53160794163db89b827c6c506a7d
routing_nominal_history,routing_nominal_history:seed96100000:epoch30,30,20,discovery,96400001,u_0.20,0.2,1470050225.6846075,0.47031638819765376,1305.0,0.08216292134831461,800405b9f74aaa90d90ba641e3d644c477fd53160794163db89b827c6c506a7d
routing_nominal_history,routing_nominal_history:seed96100000:epoch30,30,20,discovery,96400001,u_0.30,0.3,1458672118.9769387,0.47742623533594025,1286.0,0.0778318276580959,800405b9f74aaa90d90ba641e3d644c477fd53160794163db89b827c6c506a7d
routing_nominal_history,routing_nominal_history:seed96100000:epoch30,30,20,discovery,96400001,u_0.40,0.4,1457662945.3882034,0.47991468183434055,1282.0,0.07830907830907831,800405b9f74aaa90d90ba641e3d644c477fd53160794163db89b827c6c506a7d
routing_nominal_history,routing_nominal_history:seed96100000:epoch30,30,20,discovery,96400001,u_0.50,0.5,1449855303.9700184,0.48489157483114115,1271.0,0.07623626373626374,800405b9f74aaa90d90ba641e3d644c477fd53160794163db89b827c6c506a7d
routing_nominal_history,routing_nominal_history:seed96100000:epoch30,30,20,discovery,96400001,u_0.60,0.6,1446551266.6483722,0.48773551368645574,1264.0,0.07650273224043716,800405b9f74aaa90d90ba641e3d644c477fd53160794163db89b827c6c506a7d
routing_nominal_history,routing_nominal_history:seed96100000:epoch30,30,20,discovery,96400001,u_0.70,0.7,1445671478.3539536,0.4895129754710274,1259.0,0.07498295841854125,800405b9f74aaa90d90ba641e3d644c477fd53160794163db89b827c6c506a7d
routing_nominal_history,routing_nominal_history:seed96100000:epoch30,30,20,discovery,96400001,u_0.80,0.8,1441226435.31467,0.492356914326342,1254.0,0.07452574525745258,800405b9f74aaa90d90ba641e3d644c477fd53160794163db89b827c6c506a7d
routing_nominal_history,routing_nominal_history:seed96100000:epoch30,30,20,discovery,96400001,u_0.90,0.9,1437574403.087981,0.4955563455385709,1244.0,0.07282535401213756,800405b9f74aaa90d90ba641e3d644c477fd53160794163db89b827c6c506a7d
routing_nominal_history,routing_nominal_history:seed96100000:epoch30,30,20,discovery,96400001,u_1.00,1.0,1431513871.7854385,0.49982225382154283,1232.0,0.07176391683433937,800405b9f74aaa90d90ba641e3d644c477fd53160794163db89b827c6c506a7d
routing_nominal_history,routing_nominal_history:seed96100000:epoch30,30,20,discovery,96400002,anchor,-1.0,1529721626.9126093,0.46468268196486195,1390.0,0.083810888252149,800405b9f74aaa90d90ba641e3d644c477fd53160794163db89b827c6c506a7d
routing_nominal_history,routing_nominal_history:seed96100000:epoch30,30,20,discovery,96400002,u_0.00,0.0,1529721626.9126093,0.46468268196486195,1390.0,0.083810888252149,800405b9f74aaa90d90ba641e3d644c477fd53160794163db89b827c6c506a7d
routing_nominal_history,routing_nominal_history:seed96100000:epoch30,30,20,discovery,96400002,u_0.10,0.1,1522980779.4712634,0.4689852993904625,1383.0,0.08173418621179815,800405b9f74aaa90d90ba641e3d644c477fd53160794163db89b827c6c506a7d
routing_nominal_history,routing_nominal_history:seed96100000:epoch30,30,20,discovery,96400002,u_0.20,0.2,1517794476.657288,0.47221226245966297,1375.0,0.08203677510608204,800405b9f74aaa90d90ba641e3d644c477fd53160794163db89b827c6c506a7d
routing_nominal_history,routing_nominal_history:seed96100000:epoch30,30,20,discovery,96400002,u_0.30,0.3,1508387314.3161988,0.4790247400501972,1359.0,0.07885554780181438,800405b9f74aaa90d90ba641e3d644c477fd53160794163db89b827c6c506a7d
routing_nominal_history,routing_nominal_history:seed96100000:epoch30,30,20,discovery,96400002,u_0.40,0.4,1500401919.5326836,0.4833273574757978,1349.0,0.0744606819763396,800405b9f74aaa90d90ba641e3d644c477fd53160794163db89b827c6c506a7d
routing_nominal_history,routing_nominal_history:seed96100000:epoch30,30,20,discovery,96400002,u_0.50,0.5,1492194047.382729,0.4887056292577985,1336.0,0.07236388697450034,800405b9f74aaa90d90ba641e3d644c477fd53160794163db89b827c6c506a7d
routing_nominal_history,routing_nominal_history:seed96100000:epoch30,30,20,discovery,96400002,u_0.60,0.6,1487079930.4567912,0.49193259232699893,1330.0,0.07186858316221766,800405b9f74aaa90d90ba641e3d644c477fd53160794163db89b827c6c506a7d
routing_nominal_history,routing_nominal_history:seed96100000:epoch30,30,20,discovery,96400002,u_0.70,0.7,1489667998.8275914,0.49264969523126567,1330.0,0.07245386192754613,800405b9f74aaa90d90ba641e3d644c477fd53160794163db89b827c6c506a7d
routing_nominal_history,routing_nominal_history:seed96100000:epoch30,30,20,discovery,96400002,u_0.80,0.8,1480741017.4285278,0.4983865184653998,1315.0,0.07041299932295193,800405b9f74aaa90d90ba641e3d644c477fd53160794163db89b827c6c506a7d
routing_nominal_history,routing_nominal_history:seed96100000:epoch30,30,20,discovery,96400002,u_0.90,0.9,1475415357.8282583,0.5016134815346002,1306.0,0.06998654104979811,800405b9f74aaa90d90ba641e3d644c477fd53160794163db89b827c6c506a7d
routing_nominal_history,routing_nominal_history:seed96100000:epoch30,30,20,discovery,96400002,u_1.00,1.0,1473081923.2068117,0.5044818931516672,1297.0,0.07028112449799197,800405b9f74aaa90d90ba641e3d644c477fd53160794163db89b827c6c506a7d
routing_nominal_history,routing_nominal_history:seed96100000:epoch30,30,20,validation,96500000,anchor,-1.0,1407566311.2974534,0.4926164331692541,1263.0,0.08291636883488206,800405b9f74aaa90d90ba641e3d644c477fd53160794163db89b827c6c506a7d
routing_nominal_history,routing_nominal_history:seed96100000:epoch30,30,20,validation,96500000,u_0.00,0.0,1407566311.2974534,0.4926164331692541,1263.0,0.08291636883488206,800405b9f74aaa90d90ba641e3d644c477fd53160794163db89b827c6c506a7d
routing_nominal_history,routing_nominal_history:seed96100000:epoch30,30,20,validation,96500000,u_0.10,0.1,1398459485.2415063,0.4986747444149943,1250.0,0.078125,800405b9f74aaa90d90ba641e3d644c477fd53160794163db89b827c6c506a7d
routing_nominal_history,routing_nominal_history:seed96100000:epoch30,30,20,validation,96500000,u_0.20,0.2,1391711862.4025867,0.5024611889435819,1243.0,0.07757404795486601,800405b9f74aaa90d90ba641e3d644c477fd53160794163db89b827c6c506a7d
routing_nominal_history,routing_nominal_history:seed96100000:epoch30,30,20,validation,96500000,u_0.30,0.3,1383310669.810031,0.5096554335478986,1229.0,0.07472067039106145,800405b9f74aaa90d90ba641e3d644c477fd53160794163db89b827c6c506a7d
routing_nominal_history,routing_nominal_history:seed96100000:epoch30,30,20,validation,96500000,u_0.40,0.4,1380025586.9735372,0.5130632336236274,1222.0,0.0729673384294649,800405b9f74aaa90d90ba641e3d644c477fd53160794163db89b827c6c506a7d
routing_nominal_history,routing_nominal_history:seed96100000:epoch30,30,20,validation,96500000,u_0.50,0.5,1370436964.267246,0.5198788337750851,1206.0,0.06887052341597796,800405b9f74aaa90d90ba641e3d644c477fd53160794163db89b827c6c506a7d
routing_nominal_history,routing_nominal_history:seed96100000:epoch30,30,20,validation,96500000,u_0.60,0.6,1365831744.2441168,0.5229079893979554,1200.0,0.06917808219178082,800405b9f74aaa90d90ba641e3d644c477fd53160794163db89b827c6c506a7d
routing_nominal_history,routing_nominal_history:seed96100000:epoch30,30,20,validation,96500000,u_0.70,0.7,1366918043.1562448,0.5232866338508141,1197.0,0.0704514363885089,800405b9f74aaa90d90ba641e3d644c477fd53160794163db89b827c6c506a7d
routing_nominal_history,routing_nominal_history:seed96100000:epoch30,30,20,validation,96500000,u_0.80,0.8,1357872141.1142883,0.5297235895494131,1181.0,0.06775067750677506,800405b9f74aaa90d90ba641e3d644c477fd53160794163db89b827c6c506a7d
routing_nominal_history,routing_nominal_history:seed96100000:epoch30,30,20,validation,96500000,u_0.90,0.9,1352338808.9135776,0.5327527451722832,1172.0,0.06734006734006734,800405b9f74aaa90d90ba641e3d644c477fd53160794163db89b827c6c506a7d
routing_nominal_history,routing_nominal_history:seed96100000:epoch30,30,20,validation,96500000,u_1.00,1.0,1348789318.1670527,0.5361605452480122,1162.0,0.06813627254509018,800405b9f74aaa90d90ba641e3d644c477fd53160794163db89b827c6c506a7d
routing_nominal_history,routing_nominal_history:seed96100000:epoch30,30,20,validation,96500001,anchor,-1.0,1284691831.571703,0.5389344262295082,1149.0,0.07301360057265568,800405b9f74aaa90d90ba641e3d644c477fd53160794163db89b827c6c506a7d
routing_nominal_history,routing_nominal_history:seed96100000:epoch30,30,20,validation,96500001,u_0.00,0.0,1284691831.571703,0.5389344262295082,1149.0,0.07301360057265568,800405b9f74aaa90d90ba641e3d644c477fd53160794163db89b827c6c506a7d
routing_nominal_history,routing_nominal_history:seed96100000:epoch30,30,20,validation,96500001,u_0.10,0.1,1277384434.0818803,0.5438524590163935,1142.0,0.07112375533428165,800405b9f74aaa90d90ba641e3d644c477fd53160794163db89b827c6c506a7d
routing_nominal_history,routing_nominal_history:seed96100000:epoch30,30,20,validation,96500001,u_0.20,0.2,1271795935.7377617,0.5483606557377049,1133.0,0.06996466431095406,800405b9f74aaa90d90ba641e3d644c477fd53160794163db89b827c6c506a7d
routing_nominal_history,routing_nominal_history:seed96100000:epoch30,30,20,validation,96500001,u_0.30,0.3,1263479515.8017237,0.555327868852459,1120.0,0.06783216783216783,800405b9f74aaa90d90ba641e3d644c477fd53160794163db89b827c6c506a7d
routing_nominal_history,routing_nominal_history:seed96100000:epoch30,30,20,validation,96500001,u_0.40,0.4,1262177584.2698212,0.5581967213114755,1113.0,0.06754874651810584,800405b9f74aaa90d90ba641e3d644c477fd53160794163db89b827c6c506a7d
routing_nominal_history,routing_nominal_history:seed96100000:epoch30,30,20,validation,96500001,u_0.50,0.5,1252711890.8167582,0.5639344262295082,1100.0,0.06620689655172414,800405b9f74aaa90d90ba641e3d644c477fd53160794163db89b827c6c506a7d
routing_nominal_history,routing_nominal_history:seed96100000:epoch30,30,20,validation,96500001,u_0.60,0.6,1249420484.1317298,0.5668032786885245,1093.0,0.06716929403701165,800405b9f74aaa90d90ba641e3d644c477fd53160794163db89b827c6c506a7d
routing_nominal_history,routing_nominal_history:seed96100000:epoch30,30,20,validation,96500001,u_0.70,0.7,1250330674.6737387,0.5680327868852459,1091.0,0.06707734428473648,800405b9f74aaa90d90ba641e3d644c477fd53160794163db89b827c6c506a7d
routing_nominal_history,routing_nominal_history:seed96100000:epoch30,30,20,validation,96500001,u_0.80,0.8,1241370108.9429305,0.5741803278688524,1077.0,0.06576271186440678,800405b9f74aaa90d90ba641e3d644c477fd53160794163db89b827c6c506a7d
routing_nominal_history,routing_nominal_history:seed96100000:epoch30,30,20,validation,96500001,u_0.90,0.9,1231711094.2431407,0.5790983606557377,1064.0,0.0652320107599193,800405b9f74aaa90d90ba641e3d644c477fd53160794163db89b827c6c506a7d
routing_nominal_history,routing_nominal_history:seed96100000:epoch30,30,20,validation,96500001,u_1.00,1.0,1231098851.9818137,0.5819672131147541,1059.0,0.064343163538874,800405b9f74aaa90d90ba641e3d644c477fd53160794163db89b827c6c506a7d
routing_nominal_history,routing_nominal_history:seed96100000:epoch30,30,20,validation,96500002,anchor,-1.0,1290331484.1790931,0.5339845339845339,1156.0,0.07285714285714286,800405b9f74aaa90d90ba641e3d644c477fd53160794163db89b827c6c506a7d
routing_nominal_history,routing_nominal_history:seed96100000:epoch30,30,20,validation,96500002,u_0.00,0.0,1290331484.1790931,0.5339845339845339,1156.0,0.07285714285714286,800405b9f74aaa90d90ba641e3d644c477fd53160794163db89b827c6c506a7d
routing_nominal_history,routing_nominal_history:seed96100000:epoch30,30,20,validation,96500002,u_0.10,0.1,1282286844.518899,0.5388685388685389,1151.0,0.0703125,800405b9f74aaa90d90ba641e3d644c477fd53160794163db89b827c6c506a7d
routing_nominal_history,routing_nominal_history:seed96100000:epoch30,30,20,validation,96500002,u_0.20,0.2,1276901523.1441255,0.5433455433455433,1146.0,0.06976744186046512,800405b9f74aaa90d90ba641e3d644c477fd53160794163db89b827c6c506a7d
routing_nominal_history,routing_nominal_history:seed96100000:epoch30,30,20,validation,96500002,u_0.30,0.3,1267736813.1703146,0.5506715506715507,1134.0,0.06824512534818941,800405b9f74aaa90d90ba641e3d644c477fd53160794163db89b827c6c506a7d
routing_nominal_history,routing_nominal_history:seed96100000:epoch30,30,20,validation,96500002,u_0.40,0.4,1264025254.892062,0.5539275539275539,1125.0,0.06597222222222222,800405b9f74aaa90d90ba641e3d644c477fd53160794163db89b827c6c506a7d
routing_nominal_history,routing_nominal_history:seed96100000:epoch30,30,20,validation,96500002,u_0.50,0.5,1262217722.0501714,0.5563695563695563,1121.0,0.06906077348066299,800405b9f74aaa90d90ba641e3d644c477fd53160794163db89b827c6c506a7d
routing_nominal_history,routing_nominal_history:seed96100000:epoch30,30,20,validation,96500002,u_0.60,0.6,1259332463.1533728,0.5584045584045584,1116.0,0.07064471879286695,800405b9f74aaa90d90ba641e3d644c477fd53160794163db89b827c6c506a7d
routing_nominal_history,routing_nominal_history:seed96100000:epoch30,30,20,validation,96500002,u_0.70,0.7,1261276193.0877128,0.5600325600325601,1115.0,0.07059629883481837,800405b9f74aaa90d90ba641e3d644c477fd53160794163db89b827c6c506a7d
routing_nominal_history,routing_nominal_history:seed96100000:epoch30,30,20,validation,96500002,u_0.80,0.8,1250916950.698086,0.5669515669515669,1098.0,0.06730115567641061,800405b9f74aaa90d90ba641e3d644c477fd53160794163db89b827c6c506a7d
routing_nominal_history,routing_nominal_history:seed96100000:epoch30,30,20,validation,96500002,u_0.90,0.9,1244248558.616121,0.571021571021571,1088.0,0.06671159029649595,800405b9f74aaa90d90ba641e3d644c477fd53160794163db89b827c6c506a7d
routing_nominal_history,routing_nominal_history:seed96100000:epoch30,30,20,validation,96500002,u_1.00,1.0,1242257108.3203728,0.5746845746845747,1085.0,0.06586021505376344,800405b9f74aaa90d90ba641e3d644c477fd53160794163db89b827c6c506a7d
routing_nominal_history,routing_nominal_history:seed96100000:epoch30,30,20,validation,96500003,anchor,-1.0,1117239817.9200954,0.5766391663048198,978.0,0.062187276626161546,800405b9f74aaa90d90ba641e3d644c477fd53160794163db89b827c6c506a7d
routing_nominal_history,routing_nominal_history:seed96100000:epoch30,30,20,validation,96500003,u_0.00,0.0,1117239817.9200954,0.5766391663048198,978.0,0.062187276626161546,800405b9f74aaa90d90ba641e3d644c477fd53160794163db89b827c6c506a7d
routing_nominal_history,routing_nominal_history:seed96100000:epoch30,30,20,validation,96500003,u_0.10,0.1,1109486773.4961624,0.5814155449413808,973.0,0.06099290780141844,800405b9f74aaa90d90ba641e3d644c477fd53160794163db89b827c6c506a7d
routing_nominal_history,routing_nominal_history:seed96100000:epoch30,30,20,validation,96500003,u_0.20,0.2,1104739538.2004144,0.5857577073382545,968.0,0.06056338028169014,800405b9f74aaa90d90ba641e3d644c477fd53160794163db89b827c6c506a7d
routing_nominal_history,routing_nominal_history:seed96100000:epoch30,30,20,validation,96500003,u_0.30,0.3,1095716440.9098902,0.5931393834129396,956.0,0.059233449477351915,800405b9f74aaa90d90ba641e3d644c477fd53160794163db89b827c6c506a7d
routing_nominal_history,routing_nominal_history:seed96100000:epoch30,30,20,validation,96500003,u_0.40,0.4,1090983859.1504824,0.597047329570126,951.0,0.05690492713393477,800405b9f74aaa90d90ba641e3d644c477fd53160794163db89b827c6c506a7d
routing_nominal_history,routing_nominal_history:seed96100000:epoch30,30,20,validation,96500003,u_0.50,0.5,1082784629.871375,0.603126356925749,937.0,0.05567010309278351,800405b9f74aaa90d90ba641e3d644c477fd53160794163db89b827c6c506a7d
routing_nominal_history,routing_nominal_history:seed96100000:epoch30,30,20,validation,96500003,u_0.60,0.6,1078271427.7633555,0.606600086843248,930.0,0.056010928961748634,800405b9f74aaa90d90ba641e3d644c477fd53160794163db89b827c6c506a7d
routing_nominal_history,routing_nominal_history:seed96100000:epoch30,30,20,validation,96500003,u_0.70,0.7,1078645598.4531536,0.60790273556231,924.0,0.05593451568894952,800405b9f74aaa90d90ba641e3d644c477fd53160794163db89b827c6c506a7d
routing_nominal_history,routing_nominal_history:seed96100000:epoch30,30,20,validation,96500003,u_0.80,0.8,1071009685.1797657,0.6144159791576205,907.0,0.054692775151924375,800405b9f74aaa90d90ba641e3d644c477fd53160794163db89b827c6c506a7d
routing_nominal_history,routing_nominal_history:seed96100000:epoch30,30,20,validation,96500003,u_0.90,0.9,1065357529.7696227,0.6183239253148067,897.0,0.05266711681296422,800405b9f74aaa90d90ba641e3d644c477fd53160794163db89b827c6c506a7d
routing_nominal_history,routing_nominal_history:seed96100000:epoch30,30,20,validation,96500003,u_1.00,1.0,1062919067.6325783,0.6209292227529309,886.0,0.052313883299798795,800405b9f74aaa90d90ba641e3d644c477fd53160794163db89b827c6c506a7d
routing_nominal_history,routing_nominal_history:seed96100000:epoch30,30,20,validation,96500004,anchor,-1.0,1281710848.1071217,0.5336597307221542,1164.0,0.07928571428571428,800405b9f74aaa90d90ba641e3d644c477fd53160794163db89b827c6c506a7d
routing_nominal_history,routing_nominal_history:seed96100000:epoch30,30,20,validation,96500004,u_0.00,0.0,1281710848.1071217,0.5336597307221542,1164.0,0.07928571428571428,800405b9f74aaa90d90ba641e3d644c477fd53160794163db89b827c6c506a7d
routing_nominal_history,routing_nominal_history:seed96100000:epoch30,30,20,validation,96500004,u_0.10,0.1,1273016419.7334516,0.5393716850265198,1156.0,0.07594038325053229,800405b9f74aaa90d90ba641e3d644c477fd53160794163db89b827c6c506a7d
routing_nominal_history,routing_nominal_history:seed96100000:epoch30,30,20,validation,96500004,u_0.20,0.2,1267851970.9909863,0.5430436556507547,1151.0,0.07610993657505286,800405b9f74aaa90d90ba641e3d644c477fd53160794163db89b827c6c506a7d
routing_nominal_history,routing_nominal_history:seed96100000:epoch30,30,20,validation,96500004,u_0.30,0.3,1259106926.5729978,0.5495716034271726,1136.0,0.07391910739191074,800405b9f74aaa90d90ba641e3d644c477fd53160794163db89b827c6c506a7d
routing_nominal_history,routing_nominal_history:seed96100000:epoch30,30,20,validation,96500004,u_0.40,0.4,1254797807.6529546,0.554467564259486,1126.0,0.0702364394993046,800405b9f74aaa90d90ba641e3d644c477fd53160794163db89b827c6c506a7d
routing_nominal_history,routing_nominal_history:seed96100000:epoch30,30,20,validation,96500004,u_0.50,0.5,1247671326.4142027,0.5605875152998776,1114.0,0.06887052341597796,800405b9f74aaa90d90ba641e3d644c477fd53160794163db89b827c6c506a7d
routing_nominal_history,routing_nominal_history:seed96100000:epoch30,30,20,validation,96500004,u_0.60,0.6,1245232978.5361662,0.5630354957160343,1109.0,0.0704514363885089,800405b9f74aaa90d90ba641e3d644c477fd53160794163db89b827c6c506a7d
routing_nominal_history,routing_nominal_history:seed96100000:epoch30,30,20,validation,96500004,u_0.70,0.7,1248791112.7416856,0.5630354957160343,1110.0,0.07240437158469945,800405b9f74aaa90d90ba641e3d644c477fd53160794163db89b827c6c506a7d
routing_nominal_history,routing_nominal_history:seed96100000:epoch30,30,20,validation,96500004,u_0.80,0.8,1242765644.4909427,0.5671154630762953,1098.0,0.07065217391304347,800405b9f74aaa90d90ba641e3d644c477fd53160794163db89b827c6c506a7d
routing_nominal_history,routing_nominal_history:seed96100000:epoch30,30,20,validation,96500004,u_0.90,0.9,1238846396.5611513,0.5716034271725826,1085.0,0.06896551724137931,800405b9f74aaa90d90ba641e3d644c477fd53160794163db89b827c6c506a7d
routing_nominal_history,routing_nominal_history:seed96100000:epoch30,30,20,validation,96500004,u_1.00,1.0,1231652075.6199317,0.576499388004896,1077.0,0.06590450571620712,800405b9f74aaa90d90ba641e3d644c477fd53160794163db89b827c6c506a7d
routing_nominal_history,routing_nominal_history:seed96100000:epoch55,55,19,discovery,96400000,anchor,-1.0,47009338.4487653,0.7171717171717171,43.0,0.10294117647058823,800405b9f74aaa90d90ba641e3d644c477fd53160794163db89b827c6c506a7d
routing_nominal_history,routing_nominal_history:seed96100000:epoch55,55,19,discovery,96400000,u_0.00,0.0,47009338.4487653,0.7171717171717171,43.0,0.10294117647058823,800405b9f74aaa90d90ba641e3d644c477fd53160794163db89b827c6c506a7d
routing_nominal_history,routing_nominal_history:seed96100000:epoch55,55,19,discovery,96400000,u_0.10,0.1,47210165.56080016,0.7171717171717171,43.0,0.09090909090909091,800405b9f74aaa90d90ba641e3d644c477fd53160794163db89b827c6c506a7d
routing_nominal_history,routing_nominal_history:seed96100000:epoch55,55,19,discovery,96400000,u_0.20,0.2,46360167.287612334,0.7171717171717171,41.0,0.08139534883720931,800405b9f74aaa90d90ba641e3d644c477fd53160794163db89b827c6c506a7d
routing_nominal_history,routing_nominal_history:seed96100000:epoch55,55,19,discovery,96400000,u_0.30,0.3,46694046.04804352,0.7171717171717171,41.0,0.06930693069306931,800405b9f74aaa90d90ba641e3d644c477fd53160794163db89b827c6c506a7d
routing_nominal_history,routing_nominal_history:seed96100000:epoch55,55,19,discovery,96400000,u_0.40,0.4,45819393.56111768,0.7171717171717171,38.0,0.06140350877192982,800405b9f74aaa90d90ba641e3d644c477fd53160794163db89b827c6c506a7d
routing_nominal_history,routing_nominal_history:seed96100000:epoch55,55,19,discovery,96400000,u_0.50,0.5,46369643.284637436,0.7171717171717171,37.0,0.0546875,800405b9f74aaa90d90ba641e3d644c477fd53160794163db89b827c6c506a7d
routing_nominal_history,routing_nominal_history:seed96100000:epoch55,55,19,discovery,96400000,u_0.60,0.6,48222460.91860279,0.7171717171717171,37.0,0.051094890510948905,800405b9f74aaa90d90ba641e3d644c477fd53160794163db89b827c6c506a7d
routing_nominal_history,routing_nominal_history:seed96100000:epoch55,55,19,discovery,96400000,u_0.70,0.7,49200533.16301373,0.7171717171717171,35.0,0.047619047619047616,800405b9f74aaa90d90ba641e3d644c477fd53160794163db89b827c6c506a7d
routing_nominal_history,routing_nominal_history:seed96100000:epoch55,55,19,discovery,96400000,u_0.80,0.8,50403252.039924994,0.7171717171717171,33.0,0.04430379746835443,800405b9f74aaa90d90ba641e3d644c477fd53160794163db89b827c6c506a7d
routing_nominal_history,routing_nominal_history:seed96100000:epoch55,55,19,discovery,96400000,u_0.90,0.9,53357787.8831724,0.7171717171717171,33.0,0.04294478527607362,800405b9f74aaa90d90ba641e3d644c477fd53160794163db89b827c6c506a7d
routing_nominal_history,routing_nominal_history:seed96100000:epoch55,55,19,discovery,96400000,u_1.00,1.0,55060677.48463744,0.7171717171717171,31.0,0.03954802259887006,800405b9f74aaa90d90ba641e3d644c477fd53160794163db89b827c6c506a7d
routing_nominal_history,routing_nominal_history:seed96100000:epoch55,55,19,discovery,96400001,anchor,-1.0,47009338.4487653,0.7171717171717171,43.0,0.10294117647058823,800405b9f74aaa90d90ba641e3d644c477fd53160794163db89b827c6c506a7d
routing_nominal_history,routing_nominal_history:seed96100000:epoch55,55,19,discovery,96400001,u_0.00,0.0,47009338.4487653,0.7171717171717171,43.0,0.10294117647058823,800405b9f74aaa90d90ba641e3d644c477fd53160794163db89b827c6c506a7d
routing_nominal_history,routing_nominal_history:seed96100000:epoch55,55,19,discovery,96400001,u_0.10,0.1,47210165.56080016,0.7171717171717171,43.0,0.09090909090909091,800405b9f74aaa90d90ba641e3d644c477fd53160794163db89b827c6c506a7d
routing_nominal_history,routing_nominal_history:seed96100000:epoch55,55,19,discovery,96400001,u_0.20,0.2,46360167.287612334,0.7171717171717171,41.0,0.08139534883720931,800405b9f74aaa90d90ba641e3d644c477fd53160794163db89b827c6c506a7d
routing_nominal_history,routing_nominal_history:seed96100000:epoch55,55,19,discovery,96400001,u_0.30,0.3,46694046.04804352,0.7171717171717171,41.0,0.06930693069306931,800405b9f74aaa90d90ba641e3d644c477fd53160794163db89b827c6c506a7d
routing_nominal_history,routing_nominal_history:seed96100000:epoch55,55,19,discovery,96400001,u_0.40,0.4,45819393.56111768,0.7171717171717171,38.0,0.06140350877192982,800405b9f74aaa90d90ba641e3d644c477fd53160794163db89b827c6c506a7d
routing_nominal_history,routing_nominal_history:seed96100000:epoch55,55,19,discovery,96400001,u_0.50,0.5,46369643.284637436,0.7171717171717171,37.0,0.0546875,800405b9f74aaa90d90ba641e3d644c477fd53160794163db89b827c6c506a7d
routing_nominal_history,routing_nominal_history:seed96100000:epoch55,55,19,discovery,96400001,u_0.60,0.6,48222460.91860279,0.7171717171717171,37.0,0.051094890510948905,800405b9f74aaa90d90ba641e3d644c477fd53160794163db89b827c6c506a7d
routing_nominal_history,routing_nominal_history:seed96100000:epoch55,55,19,discovery,96400001,u_0.70,0.7,49200533.16301373,0.7171717171717171,35.0,0.047619047619047616,800405b9f74aaa90d90ba641e3d644c477fd53160794163db89b827c6c506a7d
routing_nominal_history,routing_nominal_history:seed96100000:epoch55,55,19,discovery,96400001,u_0.80,0.8,50403252.039924994,0.7171717171717171,33.0,0.04430379746835443,800405b9f74aaa90d90ba641e3d644c477fd53160794163db89b827c6c506a7d
routing_nominal_history,routing_nominal_history:seed96100000:epoch55,55,19,discovery,96400001,u_0.90,0.9,53357787.8831724,0.7171717171717171,33.0,0.04294478527607362,800405b9f74aaa90d90ba641e3d644c477fd53160794163db89b827c6c506a7d
routing_nominal_history,routing_nominal_history:seed96100000:epoch55,55,19,discovery,96400001,u_1.00,1.0,55060677.48463744,0.7171717171717171,31.0,0.03954802259887006,800405b9f74aaa90d90ba641e3d644c477fd53160794163db89b827c6c506a7d
routing_nominal_history,routing_nominal_history:seed96100000:epoch55,55,19,discovery,96400002,anchor,-1.0,47009338.4487653,0.7171717171717171,43.0,0.10294117647058823,800405b9f74aaa90d90ba641e3d644c477fd53160794163db89b827c6c506a7d
routing_nominal_history,routing_nominal_history:seed96100000:epoch55,55,19,discovery,96400002,u_0.00,0.0,47009338.4487653,0.7171717171717171,43.0,0.10294117647058823,800405b9f74aaa90d90ba641e3d644c477fd53160794163db89b827c6c506a7d
routing_nominal_history,routing_nominal_history:seed96100000:epoch55,55,19,discovery,96400002,u_0.10,0.1,47210165.56080016,0.7171717171717171,43.0,0.09090909090909091,800405b9f74aaa90d90ba641e3d644c477fd53160794163db89b827c6c506a7d
routing_nominal_history,routing_nominal_history:seed96100000:epoch55,55,19,discovery,96400002,u_0.20,0.2,46360167.287612334,0.7171717171717171,41.0,0.08139534883720931,800405b9f74aaa90d90ba641e3d644c477fd53160794163db89b827c6c506a7d
routing_nominal_history,routing_nominal_history:seed96100000:epoch55,55,19,discovery,96400002,u_0.30,0.3,46694046.04804352,0.7171717171717171,41.0,0.06930693069306931,800405b9f74aaa90d90ba641e3d644c477fd53160794163db89b827c6c506a7d
routing_nominal_history,routing_nominal_history:seed96100000:epoch55,55,19,discovery,96400002,u_0.40,0.4,45819393.56111768,0.7171717171717171,38.0,0.06140350877192982,800405b9f74aaa90d90ba641e3d644c477fd53160794163db89b827c6c506a7d
routing_nominal_history,routing_nominal_history:seed96100000:epoch55,55,19,discovery,96400002,u_0.50,0.5,46369643.284637436,0.7171717171717171,37.0,0.0546875,800405b9f74aaa90d90ba641e3d644c477fd53160794163db89b827c6c506a7d
routing_nominal_history,routing_nominal_history:seed96100000:epoch55,55,19,discovery,96400002,u_0.60,0.6,48222460.91860279,0.7171717171717171,37.0,0.051094890510948905,800405b9f74aaa90d90ba641e3d644c477fd53160794163db89b827c6c506a7d
routing_nominal_history,routing_nominal_history:seed96100000:epoch55,55,19,discovery,96400002,u_0.70,0.7,49200533.16301373,0.7171717171717171,35.0,0.047619047619047616,800405b9f74aaa90d90ba641e3d644c477fd53160794163db89b827c6c506a7d
routing_nominal_history,routing_nominal_history:seed96100000:epoch55,55,19,discovery,96400002,u_0.80,0.8,50403252.039924994,0.7171717171717171,33.0,0.04430379746835443,800405b9f74aaa90d90ba641e3d644c477fd53160794163db89b827c6c506a7d
routing_nominal_history,routing_nominal_history:seed96100000:epoch55,55,19,discovery,96400002,u_0.90,0.9,53357787.8831724,0.7171717171717171,33.0,0.04294478527607362,800405b9f74aaa90d90ba641e3d644c477fd53160794163db89b827c6c506a7d
routing_nominal_history,routing_nominal_history:seed96100000:epoch55,55,19,discovery,96400002,u_1.00,1.0,55060677.48463744,0.7171717171717171,31.0,0.03954802259887006,800405b9f74aaa90d90ba641e3d644c477fd53160794163db89b827c6c506a7d
routing_nominal_history,routing_nominal_history:seed96100000:epoch55,55,19,validation,96500000,anchor,-1.0,47009338.4487653,0.7171717171717171,43.0,0.10294117647058823,800405b9f74aaa90d90ba641e3d644c477fd53160794163db89b827c6c506a7d
routing_nominal_history,routing_nominal_history:seed96100000:epoch55,55,19,validation,96500000,u_0.00,0.0,47009338.4487653,0.7171717171717171,43.0,0.10294117647058823,800405b9f74aaa90d90ba641e3d644c477fd53160794163db89b827c6c506a7d
routing_nominal_history,routing_nominal_history:seed96100000:epoch55,55,19,validation,96500000,u_0.10,0.1,47210165.56080016,0.7171717171717171,43.0,0.09090909090909091,800405b9f74aaa90d90ba641e3d644c477fd53160794163db89b827c6c506a7d
routing_nominal_history,routing_nominal_history:seed96100000:epoch55,55,19,validation,96500000,u_0.20,0.2,46360167.287612334,0.7171717171717171,41.0,0.08139534883720931,800405b9f74aaa90d90ba641e3d644c477fd53160794163db89b827c6c506a7d
routing_nominal_history,routing_nominal_history:seed96100000:epoch55,55,19,validation,96500000,u_0.30,0.3,46694046.04804352,0.7171717171717171,41.0,0.06930693069306931,800405b9f74aaa90d90ba641e3d644c477fd53160794163db89b827c6c506a7d
routing_nominal_history,routing_nominal_history:seed96100000:epoch55,55,19,validation,96500000,u_0.40,0.4,45819393.56111768,0.7171717171717171,38.0,0.06140350877192982,800405b9f74aaa90d90ba641e3d644c477fd53160794163db89b827c6c506a7d
routing_nominal_history,routing_nominal_history:seed96100000:epoch55,55,19,validation,96500000,u_0.50,0.5,46369643.284637436,0.7171717171717171,37.0,0.0546875,800405b9f74aaa90d90ba641e3d644c477fd53160794163db89b827c6c506a7d
routing_nominal_history,routing_nominal_history:seed96100000:epoch55,55,19,validation,96500000,u_0.60,0.6,48222460.91860279,0.7171717171717171,37.0,0.051094890510948905,800405b9f74aaa90d90ba641e3d644c477fd53160794163db89b827c6c506a7d
routing_nominal_history,routing_nominal_history:seed96100000:epoch55,55,19,validation,96500000,u_0.70,0.7,49200533.16301373,0.7171717171717171,35.0,0.047619047619047616,800405b9f74aaa90d90ba641e3d644c477fd53160794163db89b827c6c506a7d
routing_nominal_history,routing_nominal_history:seed96100000:epoch55,55,19,validation,96500000,u_0.80,0.8,50403252.039924994,0.7171717171717171,33.0,0.04430379746835443,800405b9f74aaa90d90ba641e3d644c477fd53160794163db89b827c6c506a7d
routing_nominal_history,routing_nominal_history:seed96100000:epoch55,55,19,validation,96500000,u_0.90,0.9,53357787.8831724,0.7171717171717171,33.0,0.04294478527607362,800405b9f74aaa90d90ba641e3d644c477fd53160794163db89b827c6c506a7d
routing_nominal_history,routing_nominal_history:seed96100000:epoch55,55,19,validation,96500000,u_1.00,1.0,55060677.48463744,0.7171717171717171,31.0,0.03954802259887006,800405b9f74aaa90d90ba641e3d644c477fd53160794163db89b827c6c506a7d
routing_nominal_history,routing_nominal_history:seed96100000:epoch55,55,19,validation,96500001,anchor,-1.0,47009338.4487653,0.7171717171717171,43.0,0.10294117647058823,800405b9f74aaa90d90ba641e3d644c477fd53160794163db89b827c6c506a7d
routing_nominal_history,routing_nominal_history:seed96100000:epoch55,55,19,validation,96500001,u_0.00,0.0,47009338.4487653,0.7171717171717171,43.0,0.10294117647058823,800405b9f74aaa90d90ba641e3d644c477fd53160794163db89b827c6c506a7d
routing_nominal_history,routing_nominal_history:seed96100000:epoch55,55,19,validation,96500001,u_0.10,0.1,47210165.56080016,0.7171717171717171,43.0,0.09090909090909091,800405b9f74aaa90d90ba641e3d644c477fd53160794163db89b827c6c506a7d
routing_nominal_history,routing_nominal_history:seed96100000:epoch55,55,19,validation,96500001,u_0.20,0.2,46360167.287612334,0.7171717171717171,41.0,0.08139534883720931,800405b9f74aaa90d90ba641e3d644c477fd53160794163db89b827c6c506a7d
routing_nominal_history,routing_nominal_history:seed96100000:epoch55,55,19,validation,96500001,u_0.30,0.3,46694046.04804352,0.7171717171717171,41.0,0.06930693069306931,800405b9f74aaa90d90ba641e3d644c477fd53160794163db89b827c6c506a7d
routing_nominal_history,routing_nominal_history:seed96100000:epoch55,55,19,validation,96500001,u_0.40,0.4,45819393.56111768,0.7171717171717171,38.0,0.06140350877192982,800405b9f74aaa90d90ba641e3d644c477fd53160794163db89b827c6c506a7d
routing_nominal_history,routing_nominal_history:seed96100000:epoch55,55,19,validation,96500001,u_0.50,0.5,46369643.284637436,0.7171717171717171,37.0,0.0546875,800405b9f74aaa90d90ba641e3d644c477fd53160794163db89b827c6c506a7d
routing_nominal_history,routing_nominal_history:seed96100000:epoch55,55,19,validation,96500001,u_0.60,0.6,48222460.91860279,0.7171717171717171,37.0,0.051094890510948905,800405b9f74aaa90d90ba641e3d644c477fd53160794163db89b827c6c506a7d
routing_nominal_history,routing_nominal_history:seed96100000:epoch55,55,19,validation,96500001,u_0.70,0.7,49200533.16301373,0.7171717171717171,35.0,0.047619047619047616,800405b9f74aaa90d90ba641e3d644c477fd53160794163db89b827c6c506a7d
routing_nominal_history,routing_nominal_history:seed96100000:epoch55,55,19,validation,96500001,u_0.80,0.8,50403252.039924994,0.7171717171717171,33.0,0.04430379746835443,800405b9f74aaa90d90ba641e3d644c477fd53160794163db89b827c6c506a7d
routing_nominal_history,routing_nominal_history:seed96100000:epoch55,55,19,validation,96500001,u_0.90,0.9,53357787.8831724,0.7171717171717171,33.0,0.04294478527607362,800405b9f74aaa90d90ba641e3d644c477fd53160794163db89b827c6c506a7d
routing_nominal_history,routing_nominal_history:seed96100000:epoch55,55,19,validation,96500001,u_1.00,1.0,55060677.48463744,0.7171717171717171,31.0,0.03954802259887006,800405b9f74aaa90d90ba641e3d644c477fd53160794163db89b827c6c506a7d
routing_nominal_history,routing_nominal_history:seed96100000:epoch55,55,19,validation,96500002,anchor,-1.0,47009338.4487653,0.7171717171717171,43.0,0.10294117647058823,800405b9f74aaa90d90ba641e3d644c477fd53160794163db89b827c6c506a7d
routing_nominal_history,routing_nominal_history:seed96100000:epoch55,55,19,validation,96500002,u_0.00,0.0,47009338.4487653,0.7171717171717171,43.0,0.10294117647058823,800405b9f74aaa90d90ba641e3d644c477fd53160794163db89b827c6c506a7d
routing_nominal_history,routing_nominal_history:seed96100000:epoch55,55,19,validation,96500002,u_0.10,0.1,47210165.56080016,0.7171717171717171,43.0,0.09090909090909091,800405b9f74aaa90d90ba641e3d644c477fd53160794163db89b827c6c506a7d
routing_nominal_history,routing_nominal_history:seed96100000:epoch55,55,19,validation,96500002,u_0.20,0.2,46360167.287612334,0.7171717171717171,41.0,0.08139534883720931,800405b9f74aaa90d90ba641e3d644c477fd53160794163db89b827c6c506a7d
routing_nominal_history,routing_nominal_history:seed96100000:epoch55,55,19,validation,96500002,u_0.30,0.3,46694046.04804352,0.7171717171717171,41.0,0.06930693069306931,800405b9f74aaa90d90ba641e3d644c477fd53160794163db89b827c6c506a7d
routing_nominal_history,routing_nominal_history:seed96100000:epoch55,55,19,validation,96500002,u_0.40,0.4,45819393.56111768,0.7171717171717171,38.0,0.06140350877192982,800405b9f74aaa90d90ba641e3d644c477fd53160794163db89b827c6c506a7d
routing_nominal_history,routing_nominal_history:seed96100000:epoch55,55,19,validation,96500002,u_0.50,0.5,46369643.284637436,0.7171717171717171,37.0,0.0546875,800405b9f74aaa90d90ba641e3d644c477fd53160794163db89b827c6c506a7d
routing_nominal_history,routing_nominal_history:seed96100000:epoch55,55,19,validation,96500002,u_0.60,0.6,48222460.91860279,0.7171717171717171,37.0,0.051094890510948905,800405b9f74aaa90d90ba641e3d644c477fd53160794163db89b827c6c506a7d
routing_nominal_history,routing_nominal_history:seed96100000:epoch55,55,19,validation,96500002,u_0.70,0.7,49200533.16301373,0.7171717171717171,35.0,0.047619047619047616,800405b9f74aaa90d90ba641e3d644c477fd53160794163db89b827c6c506a7d
routing_nominal_history,routing_nominal_history:seed96100000:epoch55,55,19,validation,96500002,u_0.80,0.8,50403252.039924994,0.7171717171717171,33.0,0.04430379746835443,800405b9f74aaa90d90ba641e3d644c477fd53160794163db89b827c6c506a7d
routing_nominal_history,routing_nominal_history:seed96100000:epoch55,55,19,validation,96500002,u_0.90,0.9,53357787.8831724,0.7171717171717171,33.0,0.04294478527607362,800405b9f74aaa90d90ba641e3d644c477fd53160794163db89b827c6c506a7d
routing_nominal_history,routing_nominal_history:seed96100000:epoch55,55,19,validation,96500002,u_1.00,1.0,55060677.48463744,0.7171717171717171,31.0,0.03954802259887006,800405b9f74aaa90d90ba641e3d644c477fd53160794163db89b827c6c506a7d
routing_nominal_history,routing_nominal_history:seed96100000:epoch55,55,19,validation,96500003,anchor,-1.0,47009338.4487653,0.7171717171717171,43.0,0.10294117647058823,800405b9f74aaa90d90ba641e3d644c477fd53160794163db89b827c6c506a7d
routing_nominal_history,routing_nominal_history:seed96100000:epoch55,55,19,validation,96500003,u_0.00,0.0,47009338.4487653,0.7171717171717171,43.0,0.10294117647058823,800405b9f74aaa90d90ba641e3d644c477fd53160794163db89b827c6c506a7d
routing_nominal_history,routing_nominal_history:seed96100000:epoch55,55,19,validation,96500003,u_0.10,0.1,47210165.56080016,0.7171717171717171,43.0,0.09090909090909091,800405b9f74aaa90d90ba641e3d644c477fd53160794163db89b827c6c506a7d
routing_nominal_history,routing_nominal_history:seed96100000:epoch55,55,19,validation,96500003,u_0.20,0.2,46360167.287612334,0.7171717171717171,41.0,0.08139534883720931,800405b9f74aaa90d90ba641e3d644c477fd53160794163db89b827c6c506a7d
routing_nominal_history,routing_nominal_history:seed96100000:epoch55,55,19,validation,96500003,u_0.30,0.3,46694046.04804352,0.7171717171717171,41.0,0.06930693069306931,800405b9f74aaa90d90ba641e3d644c477fd53160794163db89b827c6c506a7d
routing_nominal_history,routing_nominal_history:seed96100000:epoch55,55,19,validation,96500003,u_0.40,0.4,45819393.56111768,0.7171717171717171,38.0,0.06140350877192982,800405b9f74aaa90d90ba641e3d644c477fd53160794163db89b827c6c506a7d
routing_nominal_history,routing_nominal_history:seed96100000:epoch55,55,19,validation,96500003,u_0.50,0.5,46369643.284637436,0.7171717171717171,37.0,0.0546875,800405b9f74aaa90d90ba641e3d644c477fd53160794163db89b827c6c506a7d
routing_nominal_history,routing_nominal_history:seed96100000:epoch55,55,19,validation,96500003,u_0.60,0.6,48222460.91860279,0.7171717171717171,37.0,0.051094890510948905,800405b9f74aaa90d90ba641e3d644c477fd53160794163db89b827c6c506a7d
routing_nominal_history,routing_nominal_history:seed96100000:epoch55,55,19,validation,96500003,u_0.70,0.7,49200533.16301373,0.7171717171717171,35.0,0.047619047619047616,800405b9f74aaa90d90ba641e3d644c477fd53160794163db89b827c6c506a7d
routing_nominal_history,routing_nominal_history:seed96100000:epoch55,55,19,validation,96500003,u_0.80,0.8,50403252.039924994,0.7171717171717171,33.0,0.04430379746835443,800405b9f74aaa90d90ba641e3d644c477fd53160794163db89b827c6c506a7d
routing_nominal_history,routing_nominal_history:seed96100000:epoch55,55,19,validation,96500003,u_0.90,0.9,53357787.8831724,0.7171717171717171,33.0,0.04294478527607362,800405b9f74aaa90d90ba641e3d644c477fd53160794163db89b827c6c506a7d
routing_nominal_history,routing_nominal_history:seed96100000:epoch55,55,19,validation,96500003,u_1.00,1.0,55060677.48463744,0.7171717171717171,31.0,0.03954802259887006,800405b9f74aaa90d90ba641e3d644c477fd53160794163db89b827c6c506a7d
routing_nominal_history,routing_nominal_history:seed96100000:epoch55,55,19,validation,96500004,anchor,-1.0,47009338.4487653,0.7171717171717171,43.0,0.10294117647058823,800405b9f74aaa90d90ba641e3d644c477fd53160794163db89b827c6c506a7d
routing_nominal_history,routing_nominal_history:seed96100000:epoch55,55,19,validation,96500004,u_0.00,0.0,47009338.4487653,0.7171717171717171,43.0,0.10294117647058823,800405b9f74aaa90d90ba641e3d644c477fd53160794163db89b827c6c506a7d
routing_nominal_history,routing_nominal_history:seed96100000:epoch55,55,19,validation,96500004,u_0.10,0.1,47210165.56080016,0.7171717171717171,43.0,0.09090909090909091,800405b9f74aaa90d90ba641e3d644c477fd53160794163db89b827c6c506a7d
routing_nominal_history,routing_nominal_history:seed96100000:epoch55,55,19,validation,96500004,u_0.20,0.2,46360167.287612334,0.7171717171717171,41.0,0.08139534883720931,800405b9f74aaa90d90ba641e3d644c477fd53160794163db89b827c6c506a7d
routing_nominal_history,routing_nominal_history:seed96100000:epoch55,55,19,validation,96500004,u_0.30,0.3,46694046.04804352,0.7171717171717171,41.0,0.06930693069306931,800405b9f74aaa90d90ba641e3d644c477fd53160794163db89b827c6c506a7d
routing_nominal_history,routing_nominal_history:seed96100000:epoch55,55,19,validation,96500004,u_0.40,0.4,45819393.56111768,0.7171717171717171,38.0,0.06140350877192982,800405b9f74aaa90d90ba641e3d644c477fd53160794163db89b827c6c506a7d
routing_nominal_history,routing_nominal_history:seed96100000:epoch55,55,19,validation,96500004,u_0.50,0.5,46369643.284637436,0.7171717171717171,37.0,0.0546875,800405b9f74aaa90d90ba641e3d644c477fd53160794163db89b827c6c506a7d
routing_nominal_history,routing_nominal_history:seed96100000:epoch55,55,19,validation,96500004,u_0.60,0.6,48222460.91860279,0.7171717171717171,37.0,0.051094890510948905,800405b9f74aaa90d90ba641e3d644c477fd53160794163db89b827c6c506a7d
routing_nominal_history,routing_nominal_history:seed96100000:epoch55,55,19,validation,96500004,u_0.70,0.7,49200533.16301373,0.7171717171717171,35.0,0.047619047619047616,800405b9f74aaa90d90ba641e3d644c477fd53160794163db89b827c6c506a7d
routing_nominal_history,routing_nominal_history:seed96100000:epoch55,55,19,validation,96500004,u_0.80,0.8,50403252.039924994,0.7171717171717171,33.0,0.04430379746835443,800405b9f74aaa90d90ba641e3d644c477fd53160794163db89b827c6c506a7d
routing_nominal_history,routing_nominal_history:seed96100000:epoch55,55,19,validation,96500004,u_0.90,0.9,53357787.8831724,0.7171717171717171,33.0,0.04294478527607362,800405b9f74aaa90d90ba641e3d644c477fd53160794163db89b827c6c506a7d
routing_nominal_history,routing_nominal_history:seed96100000:epoch55,55,19,validation,96500004,u_1.00,1.0,55060677.48463744,0.7171717171717171,31.0,0.03954802259887006,800405b9f74aaa90d90ba641e3d644c477fd53160794163db89b827c6c506a7d
routing_nominal_history,routing_nominal_history:seed96100000:epoch80,80,20,discovery,96400000,anchor,-1.0,63725682.75703111,0.3902439024390244,46.0,0.06578947368421052,800405b9f74aaa90d90ba641e3d644c477fd53160794163db89b827c6c506a7d
routing_nominal_history,routing_nominal_history:seed96100000:epoch80,80,20,discovery,96400000,u_0.00,0.0,63725682.75703111,0.3902439024390244,46.0,0.06578947368421052,800405b9f74aaa90d90ba641e3d644c477fd53160794163db89b827c6c506a7d
routing_nominal_history,routing_nominal_history:seed96100000:epoch80,80,20,discovery,96400000,u_0.10,0.1,63403381.965134405,0.3902439024390244,45.0,0.05813953488372093,800405b9f74aaa90d90ba641e3d644c477fd53160794163db89b827c6c506a7d
routing_nominal_history,routing_nominal_history:seed96100000:epoch80,80,20,discovery,96400000,u_0.20,0.2,63107885.98614871,0.3902439024390244,44.0,0.052083333333333336,800405b9f74aaa90d90ba641e3d644c477fd53160794163db89b827c6c506a7d
routing_nominal_history,routing_nominal_history:seed96100000:epoch80,80,20,discovery,96400000,u_0.30,0.3,61799843.451912135,0.3902439024390244,41.0,0.044642857142857144,800405b9f74aaa90d90ba641e3d644c477fd53160794163db89b827c6c506a7d
routing_nominal_history,routing_nominal_history:seed96100000:epoch80,80,20,discovery,96400000,u_0.40,0.4,61485853.266015194,0.3902439024390244,39.0,0.03968253968253968,800405b9f74aaa90d90ba641e3d644c477fd53160794163db89b827c6c506a7d
routing_nominal_history,routing_nominal_history:seed96100000:epoch80,80,20,discovery,96400000,u_0.50,0.5,62650262.89140499,0.3902439024390244,39.0,0.03571428571428571,800405b9f74aaa90d90ba641e3d644c477fd53160794163db89b827c6c506a7d
routing_nominal_history,routing_nominal_history:seed96100000:epoch80,80,20,discovery,96400000,u_0.60,0.6,64469760.52808151,0.3902439024390244,39.0,0.03355704697986577,800405b9f74aaa90d90ba641e3d644c477fd53160794163db89b827c6c506a7d
routing_nominal_history,routing_nominal_history:seed96100000:epoch80,80,20,discovery,96400000,u_0.70,0.7,66068138.27604477,0.3902439024390244,38.0,0.03164556962025317,800405b9f74aaa90d90ba641e3d644c477fd53160794163db89b827c6c506a7d
routing_nominal_history,routing_nominal_history:seed96100000:epoch80,80,20,discovery,96400000,u_0.80,0.8,67269028.37511107,0.3902439024390244,36.0,0.029069767441860465,800405b9f74aaa90d90ba641e3d644c477fd53160794163db89b827c6c506a7d
routing_nominal_history,routing_nominal_history:seed96100000:epoch80,80,20,discovery,96400000,u_0.90,0.9,70224685.80583149,0.3902439024390244,36.0,0.027624309392265192,800405b9f74aaa90d90ba641e3d644c477fd53160794163db89b827c6c506a7d
routing_nominal_history,routing_nominal_history:seed96100000:epoch80,80,20,discovery,96400000,u_1.00,1.0,72132741.79140499,0.3902439024390244,34.0,0.025510204081632654,800405b9f74aaa90d90ba641e3d644c477fd53160794163db89b827c6c506a7d
routing_nominal_history,routing_nominal_history:seed96100000:epoch80,80,20,discovery,96400001,anchor,-1.0,63725682.75703111,0.3902439024390244,46.0,0.06578947368421052,800405b9f74aaa90d90ba641e3d644c477fd53160794163db89b827c6c506a7d
routing_nominal_history,routing_nominal_history:seed96100000:epoch80,80,20,discovery,96400001,u_0.00,0.0,63725682.75703111,0.3902439024390244,46.0,0.06578947368421052,800405b9f74aaa90d90ba641e3d644c477fd53160794163db89b827c6c506a7d
routing_nominal_history,routing_nominal_history:seed96100000:epoch80,80,20,discovery,96400001,u_0.10,0.1,63403381.965134405,0.3902439024390244,45.0,0.05813953488372093,800405b9f74aaa90d90ba641e3d644c477fd53160794163db89b827c6c506a7d
routing_nominal_history,routing_nominal_history:seed96100000:epoch80,80,20,discovery,96400001,u_0.20,0.2,63107885.98614871,0.3902439024390244,44.0,0.052083333333333336,800405b9f74aaa90d90ba641e3d644c477fd53160794163db89b827c6c506a7d
routing_nominal_history,routing_nominal_history:seed96100000:epoch80,80,20,discovery,96400001,u_0.30,0.3,61799843.451912135,0.3902439024390244,41.0,0.044642857142857144,800405b9f74aaa90d90ba641e3d644c477fd53160794163db89b827c6c506a7d
routing_nominal_history,routing_nominal_history:seed96100000:epoch80,80,20,discovery,96400001,u_0.40,0.4,61485853.266015194,0.3902439024390244,39.0,0.03968253968253968,800405b9f74aaa90d90ba641e3d644c477fd53160794163db89b827c6c506a7d
routing_nominal_history,routing_nominal_history:seed96100000:epoch80,80,20,discovery,96400001,u_0.50,0.5,62650262.89140499,0.3902439024390244,39.0,0.03571428571428571,800405b9f74aaa90d90ba641e3d644c477fd53160794163db89b827c6c506a7d
routing_nominal_history,routing_nominal_history:seed96100000:epoch80,80,20,discovery,96400001,u_0.60,0.6,64469760.52808151,0.3902439024390244,39.0,0.03355704697986577,800405b9f74aaa90d90ba641e3d644c477fd53160794163db89b827c6c506a7d
routing_nominal_history,routing_nominal_history:seed96100000:epoch80,80,20,discovery,96400001,u_0.70,0.7,66068138.27604477,0.3902439024390244,38.0,0.03164556962025317,800405b9f74aaa90d90ba641e3d644c477fd53160794163db89b827c6c506a7d
routing_nominal_history,routing_nominal_history:seed96100000:epoch80,80,20,discovery,96400001,u_0.80,0.8,67269028.37511107,0.3902439024390244,36.0,0.029069767441860465,800405b9f74aaa90d90ba641e3d644c477fd53160794163db89b827c6c506a7d
routing_nominal_history,routing_nominal_history:seed96100000:epoch80,80,20,discovery,96400001,u_0.90,0.9,70224685.80583149,0.3902439024390244,36.0,0.027624309392265192,800405b9f74aaa90d90ba641e3d644c477fd53160794163db89b827c6c506a7d
routing_nominal_history,routing_nominal_history:seed96100000:epoch80,80,20,discovery,96400001,u_1.00,1.0,72132741.79140499,0.3902439024390244,34.0,0.025510204081632654,800405b9f74aaa90d90ba641e3d644c477fd53160794163db89b827c6c506a7d
routing_nominal_history,routing_nominal_history:seed96100000:epoch80,80,20,discovery,96400002,anchor,-1.0,63725682.75703111,0.3902439024390244,46.0,0.06578947368421052,800405b9f74aaa90d90ba641e3d644c477fd53160794163db89b827c6c506a7d
routing_nominal_history,routing_nominal_history:seed96100000:epoch80,80,20,discovery,96400002,u_0.00,0.0,63725682.75703111,0.3902439024390244,46.0,0.06578947368421052,800405b9f74aaa90d90ba641e3d644c477fd53160794163db89b827c6c506a7d
routing_nominal_history,routing_nominal_history:seed96100000:epoch80,80,20,discovery,96400002,u_0.10,0.1,63403381.965134405,0.3902439024390244,45.0,0.05813953488372093,800405b9f74aaa90d90ba641e3d644c477fd53160794163db89b827c6c506a7d
routing_nominal_history,routing_nominal_history:seed96100000:epoch80,80,20,discovery,96400002,u_0.20,0.2,63107885.98614871,0.3902439024390244,44.0,0.052083333333333336,800405b9f74aaa90d90ba641e3d644c477fd53160794163db89b827c6c506a7d
routing_nominal_history,routing_nominal_history:seed96100000:epoch80,80,20,discovery,96400002,u_0.30,0.3,61799843.451912135,0.3902439024390244,41.0,0.044642857142857144,800405b9f74aaa90d90ba641e3d644c477fd53160794163db89b827c6c506a7d
routing_nominal_history,routing_nominal_history:seed96100000:epoch80,80,20,discovery,96400002,u_0.40,0.4,61485853.266015194,0.3902439024390244,39.0,0.03968253968253968,800405b9f74aaa90d90ba641e3d644c477fd53160794163db89b827c6c506a7d
routing_nominal_history,routing_nominal_history:seed96100000:epoch80,80,20,discovery,96400002,u_0.50,0.5,62650262.89140499,0.3902439024390244,39.0,0.03571428571428571,800405b9f74aaa90d90ba641e3d644c477fd53160794163db89b827c6c506a7d
routing_nominal_history,routing_nominal_history:seed96100000:epoch80,80,20,discovery,96400002,u_0.60,0.6,64469760.52808151,0.3902439024390244,39.0,0.03355704697986577,800405b9f74aaa90d90ba641e3d644c477fd53160794163db89b827c6c506a7d
routing_nominal_history,routing_nominal_history:seed96100000:epoch80,80,20,discovery,96400002,u_0.70,0.7,66068138.27604477,0.3902439024390244,38.0,0.03164556962025317,800405b9f74aaa90d90ba641e3d644c477fd53160794163db89b827c6c506a7d
routing_nominal_history,routing_nominal_history:seed96100000:epoch80,80,20,discovery,96400002,u_0.80,0.8,67269028.37511107,0.3902439024390244,36.0,0.029069767441860465,800405b9f74aaa90d90ba641e3d644c477fd53160794163db89b827c6c506a7d
routing_nominal_history,routing_nominal_history:seed96100000:epoch80,80,20,discovery,96400002,u_0.90,0.9,70224685.80583149,0.3902439024390244,36.0,0.027624309392265192,800405b9f74aaa90d90ba641e3d644c477fd53160794163db89b827c6c506a7d
routing_nominal_history,routing_nominal_history:seed96100000:epoch80,80,20,discovery,96400002,u_1.00,1.0,72132741.79140499,0.3902439024390244,34.0,0.025510204081632654,800405b9f74aaa90d90ba641e3d644c477fd53160794163db89b827c6c506a7d
routing_nominal_history,routing_nominal_history:seed96100000:epoch80,80,20,validation,96500000,anchor,-1.0,63725682.75703111,0.3902439024390244,46.0,0.06578947368421052,800405b9f74aaa90d90ba641e3d644c477fd53160794163db89b827c6c506a7d
routing_nominal_history,routing_nominal_history:seed96100000:epoch80,80,20,validation,96500000,u_0.00,0.0,63725682.75703111,0.3902439024390244,46.0,0.06578947368421052,800405b9f74aaa90d90ba641e3d644c477fd53160794163db89b827c6c506a7d
routing_nominal_history,routing_nominal_history:seed96100000:epoch80,80,20,validation,96500000,u_0.10,0.1,63403381.965134405,0.3902439024390244,45.0,0.05813953488372093,800405b9f74aaa90d90ba641e3d644c477fd53160794163db89b827c6c506a7d
routing_nominal_history,routing_nominal_history:seed96100000:epoch80,80,20,validation,96500000,u_0.20,0.2,63107885.98614871,0.3902439024390244,44.0,0.052083333333333336,800405b9f74aaa90d90ba641e3d644c477fd53160794163db89b827c6c506a7d
routing_nominal_history,routing_nominal_history:seed96100000:epoch80,80,20,validation,96500000,u_0.30,0.3,61799843.451912135,0.3902439024390244,41.0,0.044642857142857144,800405b9f74aaa90d90ba641e3d644c477fd53160794163db89b827c6c506a7d
routing_nominal_history,routing_nominal_history:seed96100000:epoch80,80,20,validation,96500000,u_0.40,0.4,61485853.266015194,0.3902439024390244,39.0,0.03968253968253968,800405b9f74aaa90d90ba641e3d644c477fd53160794163db89b827c6c506a7d
routing_nominal_history,routing_nominal_history:seed96100000:epoch80,80,20,validation,96500000,u_0.50,0.5,62650262.89140499,0.3902439024390244,39.0,0.03571428571428571,800405b9f74aaa90d90ba641e3d644c477fd53160794163db89b827c6c506a7d
routing_nominal_history,routing_nominal_history:seed96100000:epoch80,80,20,validation,96500000,u_0.60,0.6,64469760.52808151,0.3902439024390244,39.0,0.03355704697986577,800405b9f74aaa90d90ba641e3d644c477fd53160794163db89b827c6c506a7d
routing_nominal_history,routing_nominal_history:seed96100000:epoch80,80,20,validation,96500000,u_0.70,0.7,66068138.27604477,0.3902439024390244,38.0,0.03164556962025317,800405b9f74aaa90d90ba641e3d644c477fd53160794163db89b827c6c506a7d
routing_nominal_history,routing_nominal_history:seed96100000:epoch80,80,20,validation,96500000,u_0.80,0.8,67269028.37511107,0.3902439024390244,36.0,0.029069767441860465,800405b9f74aaa90d90ba641e3d644c477fd53160794163db89b827c6c506a7d
routing_nominal_history,routing_nominal_history:seed96100000:epoch80,80,20,validation,96500000,u_0.90,0.9,70224685.80583149,0.3902439024390244,36.0,0.027624309392265192,800405b9f74aaa90d90ba641e3d644c477fd53160794163db89b827c6c506a7d
routing_nominal_history,routing_nominal_history:seed96100000:epoch80,80,20,validation,96500000,u_1.00,1.0,72132741.79140499,0.3902439024390244,34.0,0.025510204081632654,800405b9f74aaa90d90ba641e3d644c477fd53160794163db89b827c6c506a7d
routing_nominal_history,routing_nominal_history:seed96100000:epoch80,80,20,validation,96500001,anchor,-1.0,63725682.75703111,0.3902439024390244,46.0,0.06578947368421052,800405b9f74aaa90d90ba641e3d644c477fd53160794163db89b827c6c506a7d
routing_nominal_history,routing_nominal_history:seed96100000:epoch80,80,20,validation,96500001,u_0.00,0.0,63725682.75703111,0.3902439024390244,46.0,0.06578947368421052,800405b9f74aaa90d90ba641e3d644c477fd53160794163db89b827c6c506a7d
routing_nominal_history,routing_nominal_history:seed96100000:epoch80,80,20,validation,96500001,u_0.10,0.1,63403381.965134405,0.3902439024390244,45.0,0.05813953488372093,800405b9f74aaa90d90ba641e3d644c477fd53160794163db89b827c6c506a7d
routing_nominal_history,routing_nominal_history:seed96100000:epoch80,80,20,validation,96500001,u_0.20,0.2,63107885.98614871,0.3902439024390244,44.0,0.052083333333333336,800405b9f74aaa90d90ba641e3d644c477fd53160794163db89b827c6c506a7d
routing_nominal_history,routing_nominal_history:seed96100000:epoch80,80,20,validation,96500001,u_0.30,0.3,61799843.451912135,0.3902439024390244,41.0,0.044642857142857144,800405b9f74aaa90d90ba641e3d644c477fd53160794163db89b827c6c506a7d
routing_nominal_history,routing_nominal_history:seed96100000:epoch80,80,20,validation,96500001,u_0.40,0.4,61485853.266015194,0.3902439024390244,39.0,0.03968253968253968,800405b9f74aaa90d90ba641e3d644c477fd53160794163db89b827c6c506a7d
routing_nominal_history,routing_nominal_history:seed96100000:epoch80,80,20,validation,96500001,u_0.50,0.5,62650262.89140499,0.3902439024390244,39.0,0.03571428571428571,800405b9f74aaa90d90ba641e3d644c477fd53160794163db89b827c6c506a7d
routing_nominal_history,routing_nominal_history:seed96100000:epoch80,80,20,validation,96500001,u_0.60,0.6,64469760.52808151,0.3902439024390244,39.0,0.03355704697986577,800405b9f74aaa90d90ba641e3d644c477fd53160794163db89b827c6c506a7d
routing_nominal_history,routing_nominal_history:seed96100000:epoch80,80,20,validation,96500001,u_0.70,0.7,66068138.27604477,0.3902439024390244,38.0,0.03164556962025317,800405b9f74aaa90d90ba641e3d644c477fd53160794163db89b827c6c506a7d
routing_nominal_history,routing_nominal_history:seed96100000:epoch80,80,20,validation,96500001,u_0.80,0.8,67269028.37511107,0.3902439024390244,36.0,0.029069767441860465,800405b9f74aaa90d90ba641e3d644c477fd53160794163db89b827c6c506a7d
routing_nominal_history,routing_nominal_history:seed96100000:epoch80,80,20,validation,96500001,u_0.90,0.9,70224685.80583149,0.3902439024390244,36.0,0.027624309392265192,800405b9f74aaa90d90ba641e3d644c477fd53160794163db89b827c6c506a7d
routing_nominal_history,routing_nominal_history:seed96100000:epoch80,80,20,validation,96500001,u_1.00,1.0,72132741.79140499,0.3902439024390244,34.0,0.025510204081632654,800405b9f74aaa90d90ba641e3d644c477fd53160794163db89b827c6c506a7d
routing_nominal_history,routing_nominal_history:seed96100000:epoch80,80,20,validation,96500002,anchor,-1.0,63725682.75703111,0.3902439024390244,46.0,0.06578947368421052,800405b9f74aaa90d90ba641e3d644c477fd53160794163db89b827c6c506a7d
routing_nominal_history,routing_nominal_history:seed96100000:epoch80,80,20,validation,96500002,u_0.00,0.0,63725682.75703111,0.3902439024390244,46.0,0.06578947368421052,800405b9f74aaa90d90ba641e3d644c477fd53160794163db89b827c6c506a7d
routing_nominal_history,routing_nominal_history:seed96100000:epoch80,80,20,validation,96500002,u_0.10,0.1,63403381.965134405,0.3902439024390244,45.0,0.05813953488372093,800405b9f74aaa90d90ba641e3d644c477fd53160794163db89b827c6c506a7d
routing_nominal_history,routing_nominal_history:seed96100000:epoch80,80,20,validation,96500002,u_0.20,0.2,63107885.98614871,0.3902439024390244,44.0,0.052083333333333336,800405b9f74aaa90d90ba641e3d644c477fd53160794163db89b827c6c506a7d
routing_nominal_history,routing_nominal_history:seed96100000:epoch80,80,20,validation,96500002,u_0.30,0.3,61799843.451912135,0.3902439024390244,41.0,0.044642857142857144,800405b9f74aaa90d90ba641e3d644c477fd53160794163db89b827c6c506a7d
routing_nominal_history,routing_nominal_history:seed96100000:epoch80,80,20,validation,96500002,u_0.40,0.4,61485853.266015194,0.3902439024390244,39.0,0.03968253968253968,800405b9f74aaa90d90ba641e3d644c477fd53160794163db89b827c6c506a7d
routing_nominal_history,routing_nominal_history:seed96100000:epoch80,80,20,validation,96500002,u_0.50,0.5,62650262.89140499,0.3902439024390244,39.0,0.03571428571428571,800405b9f74aaa90d90ba641e3d644c477fd53160794163db89b827c6c506a7d
routing_nominal_history,routing_nominal_history:seed96100000:epoch80,80,20,validation,96500002,u_0.60,0.6,64469760.52808151,0.3902439024390244,39.0,0.03355704697986577,800405b9f74aaa90d90ba641e3d644c477fd53160794163db89b827c6c506a7d
routing_nominal_history,routing_nominal_history:seed96100000:epoch80,80,20,validation,96500002,u_0.70,0.7,66068138.27604477,0.3902439024390244,38.0,0.03164556962025317,800405b9f74aaa90d90ba641e3d644c477fd53160794163db89b827c6c506a7d
routing_nominal_history,routing_nominal_history:seed96100000:epoch80,80,20,validation,96500002,u_0.80,0.8,67269028.37511107,0.3902439024390244,36.0,0.029069767441860465,800405b9f74aaa90d90ba641e3d644c477fd53160794163db89b827c6c506a7d
routing_nominal_history,routing_nominal_history:seed96100000:epoch80,80,20,validation,96500002,u_0.90,0.9,70224685.80583149,0.3902439024390244,36.0,0.027624309392265192,800405b9f74aaa90d90ba641e3d644c477fd53160794163db89b827c6c506a7d
routing_nominal_history,routing_nominal_history:seed96100000:epoch80,80,20,validation,96500002,u_1.00,1.0,72132741.79140499,0.3902439024390244,34.0,0.025510204081632654,800405b9f74aaa90d90ba641e3d644c477fd53160794163db89b827c6c506a7d
routing_nominal_history,routing_nominal_history:seed96100000:epoch80,80,20,validation,96500003,anchor,-1.0,63725682.75703111,0.3902439024390244,46.0,0.06578947368421052,800405b9f74aaa90d90ba641e3d644c477fd53160794163db89b827c6c506a7d
routing_nominal_history,routing_nominal_history:seed96100000:epoch80,80,20,validation,96500003,u_0.00,0.0,63725682.75703111,0.3902439024390244,46.0,0.06578947368421052,800405b9f74aaa90d90ba641e3d644c477fd53160794163db89b827c6c506a7d
routing_nominal_history,routing_nominal_history:seed96100000:epoch80,80,20,validation,96500003,u_0.10,0.1,63403381.965134405,0.3902439024390244,45.0,0.05813953488372093,800405b9f74aaa90d90ba641e3d644c477fd53160794163db89b827c6c506a7d
routing_nominal_history,routing_nominal_history:seed96100000:epoch80,80,20,validation,96500003,u_0.20,0.2,63107885.98614871,0.3902439024390244,44.0,0.052083333333333336,800405b9f74aaa90d90ba641e3d644c477fd53160794163db89b827c6c506a7d
routing_nominal_history,routing_nominal_history:seed96100000:epoch80,80,20,validation,96500003,u_0.30,0.3,61799843.451912135,0.3902439024390244,41.0,0.044642857142857144,800405b9f74aaa90d90ba641e3d644c477fd53160794163db89b827c6c506a7d
routing_nominal_history,routing_nominal_history:seed96100000:epoch80,80,20,validation,96500003,u_0.40,0.4,61485853.266015194,0.3902439024390244,39.0,0.03968253968253968,800405b9f74aaa90d90ba641e3d644c477fd53160794163db89b827c6c506a7d
routing_nominal_history,routing_nominal_history:seed96100000:epoch80,80,20,validation,96500003,u_0.50,0.5,62650262.89140499,0.3902439024390244,39.0,0.03571428571428571,800405b9f74aaa90d90ba641e3d644c477fd53160794163db89b827c6c506a7d
routing_nominal_history,routing_nominal_history:seed96100000:epoch80,80,20,validation,96500003,u_0.60,0.6,64469760.52808151,0.3902439024390244,39.0,0.03355704697986577,800405b9f74aaa90d90ba641e3d644c477fd53160794163db89b827c6c506a7d
routing_nominal_history,routing_nominal_history:seed96100000:epoch80,80,20,validation,96500003,u_0.70,0.7,66068138.27604477,0.3902439024390244,38.0,0.03164556962025317,800405b9f74aaa90d90ba641e3d644c477fd53160794163db89b827c6c506a7d
routing_nominal_history,routing_nominal_history:seed96100000:epoch80,80,20,validation,96500003,u_0.80,0.8,67269028.37511107,0.3902439024390244,36.0,0.029069767441860465,800405b9f74aaa90d90ba641e3d644c477fd53160794163db89b827c6c506a7d
routing_nominal_history,routing_nominal_history:seed96100000:epoch80,80,20,validation,96500003,u_0.90,0.9,70224685.80583149,0.3902439024390244,36.0,0.027624309392265192,800405b9f74aaa90d90ba641e3d644c477fd53160794163db89b827c6c506a7d
routing_nominal_history,routing_nominal_history:seed96100000:epoch80,80,20,validation,96500003,u_1.00,1.0,72132741.79140499,0.3902439024390244,34.0,0.025510204081632654,800405b9f74aaa90d90ba641e3d644c477fd53160794163db89b827c6c506a7d
routing_nominal_history,routing_nominal_history:seed96100000:epoch80,80,20,validation,96500004,anchor,-1.0,63725682.75703111,0.3902439024390244,46.0,0.06578947368421052,800405b9f74aaa90d90ba641e3d644c477fd53160794163db89b827c6c506a7d
routing_nominal_history,routing_nominal_history:seed96100000:epoch80,80,20,validation,96500004,u_0.00,0.0,63725682.75703111,0.3902439024390244,46.0,0.06578947368421052,800405b9f74aaa90d90ba641e3d644c477fd53160794163db89b827c6c506a7d
routing_nominal_history,routing_nominal_history:seed96100000:epoch80,80,20,validation,96500004,u_0.10,0.1,63403381.965134405,0.3902439024390244,45.0,0.05813953488372093,800405b9f74aaa90d90ba641e3d644c477fd53160794163db89b827c6c506a7d
routing_nominal_history,routing_nominal_history:seed96100000:epoch80,80,20,validation,96500004,u_0.20,0.2,63107885.98614871,0.3902439024390244,44.0,0.052083333333333336,800405b9f74aaa90d90ba641e3d644c477fd53160794163db89b827c6c506a7d
routing_nominal_history,routing_nominal_history:seed96100000:epoch80,80,20,validation,96500004,u_0.30,0.3,61799843.451912135,0.3902439024390244,41.0,0.044642857142857144,800405b9f74aaa90d90ba641e3d644c477fd53160794163db89b827c6c506a7d
routing_nominal_history,routing_nominal_history:seed96100000:epoch80,80,20,validation,96500004,u_0.40,0.4,61485853.266015194,0.3902439024390244,39.0,0.03968253968253968,800405b9f74aaa90d90ba641e3d644c477fd53160794163db89b827c6c506a7d
routing_nominal_history,routing_nominal_history:seed96100000:epoch80,80,20,validation,96500004,u_0.50,0.5,62650262.89140499,0.3902439024390244,39.0,0.03571428571428571,800405b9f74aaa90d90ba641e3d644c477fd53160794163db89b827c6c506a7d
routing_nominal_history,routing_nominal_history:seed96100000:epoch80,80,20,validation,96500004,u_0.60,0.6,64469760.52808151,0.3902439024390244,39.0,0.03355704697986577,800405b9f74aaa90d90ba641e3d644c477fd53160794163db89b827c6c506a7d
routing_nominal_history,routing_nominal_history:seed96100000:epoch80,80,20,validation,96500004,u_0.70,0.7,66068138.27604477,0.3902439024390244,38.0,0.03164556962025317,800405b9f74aaa90d90ba641e3d644c477fd53160794163db89b827c6c506a7d
routing_nominal_history,routing_nominal_history:seed96100000:epoch80,80,20,validation,96500004,u_0.80,0.8,67269028.37511107,0.3902439024390244,36.0,0.029069767441860465,800405b9f74aaa90d90ba641e3d644c477fd53160794163db89b827c6c506a7d
routing_nominal_history,routing_nominal_history:seed96100000:epoch80,80,20,validation,96500004,u_0.90,0.9,70224685.80583149,0.3902439024390244,36.0,0.027624309392265192,800405b9f74aaa90d90ba641e3d644c477fd53160794163db89b827c6c506a7d
routing_nominal_history,routing_nominal_history:seed96100000:epoch80,80,20,validation,96500004,u_1.00,1.0,72132741.79140499,0.3902439024390244,34.0,0.025510204081632654,800405b9f74aaa90d90ba641e3d644c477fd53160794163db89b827c6c506a7d
routing_nominal_history,routing_nominal_history:seed96100001:epoch30,30,20,discovery,96400000,anchor,-1.0,1380621934.631401,0.4792555253974409,1259.0,0.10433504775900074,800405b9f74aaa90d90ba641e3d644c477fd53160794163db89b827c6c506a7d
routing_nominal_history,routing_nominal_history:seed96100001:epoch30,30,20,discovery,96400000,u_0.00,0.0,1380621934.631401,0.4792555253974409,1259.0,0.10433504775900074,800405b9f74aaa90d90ba641e3d644c477fd53160794163db89b827c6c506a7d
routing_nominal_history,routing_nominal_history:seed96100001:epoch30,30,20,discovery,96400000,u_0.10,0.1,1376506623.2511964,0.4827452500969368,1253.0,0.10299488677867057,800405b9f74aaa90d90ba641e3d644c477fd53160794163db89b827c6c506a7d
routing_nominal_history,routing_nominal_history:seed96100001:epoch30,30,20,discovery,96400000,u_0.20,0.2,1368990613.249768,0.4870104691740985,1243.0,0.10079767947788253,800405b9f74aaa90d90ba641e3d644c477fd53160794163db89b827c6c506a7d
routing_nominal_history,routing_nominal_history:seed96100001:epoch30,30,20,discovery,96400000,u_0.30,0.3,1359010323.5602071,0.4943776657619232,1227.0,0.09547738693467336,800405b9f74aaa90d90ba641e3d644c477fd53160794163db89b827c6c506a7d
routing_nominal_history,routing_nominal_history:seed96100001:epoch30,30,20,discovery,96400000,u_0.40,0.4,1353614620.4435139,0.4986428848390849,1217.0,0.09723207948899928,800405b9f74aaa90d90ba641e3d644c477fd53160794163db89b827c6c506a7d
routing_nominal_history,routing_nominal_history:seed96100001:epoch30,30,20,discovery,96400000,u_0.50,0.5,1342051960.37423,0.5060100814269096,1199.0,0.09205903021784961,800405b9f74aaa90d90ba641e3d644c477fd53160794163db89b827c6c506a7d
routing_nominal_history,routing_nominal_history:seed96100001:epoch30,30,20,discovery,96400000,u_0.60,0.6,1334191041.8052118,0.5118262892594029,1184.0,0.08671328671328671,800405b9f74aaa90d90ba641e3d644c477fd53160794163db89b827c6c506a7d
routing_nominal_history,routing_nominal_history:seed96100001:epoch30,30,20,discovery,96400000,u_0.70,0.7,1331664286.6584747,0.5153160139588988,1179.0,0.08617095205003475,800405b9f74aaa90d90ba641e3d644c477fd53160794163db89b827c6c506a7d
routing_nominal_history,routing_nominal_history:seed96100001:epoch30,30,20,discovery,96400000,u_0.80,0.8,1325269854.4807723,0.5207444746025591,1165.0,0.08476912474155755,800405b9f74aaa90d90ba641e3d644c477fd53160794163db89b827c6c506a7d
routing_nominal_history,routing_nominal_history:seed96100001:epoch30,30,20,discovery,96400000,u_0.90,0.9,1328148511.6693268,0.5195812330360605,1162.0,0.08752584424534804,800405b9f74aaa90d90ba641e3d644c477fd53160794163db89b827c6c506a7d
routing_nominal_history,routing_nominal_history:seed96100001:epoch30,30,20,discovery,96400000,u_1.00,1.0,1328043294.8419278,0.5226832105467235,1151.0,0.08465244322092223,800405b9f74aaa90d90ba641e3d644c477fd53160794163db89b827c6c506a7d
routing_nominal_history,routing_nominal_history:seed96100001:epoch30,30,20,discovery,96400001,anchor,-1.0,1304581395.1736434,0.5042389987888575,1193.0,0.09184423218221896,800405b9f74aaa90d90ba641e3d644c477fd53160794163db89b827c6c506a7d
routing_nominal_history,routing_nominal_history:seed96100001:epoch30,30,20,discovery,96400001,u_0.00,0.0,1304581395.1736434,0.5042389987888575,1193.0,0.09184423218221896,800405b9f74aaa90d90ba641e3d644c477fd53160794163db89b827c6c506a7d
routing_nominal_history,routing_nominal_history:seed96100001:epoch30,30,20,discovery,96400001,u_0.10,0.1,1296906238.0367403,0.509083568833266,1184.0,0.09031318281136198,800405b9f74aaa90d90ba641e3d644c477fd53160794163db89b827c6c506a7d
routing_nominal_history,routing_nominal_history:seed96100001:epoch30,30,20,discovery,96400001,u_0.20,0.2,1292104900.8212748,0.5127169963665724,1177.0,0.08972503617945007,800405b9f74aaa90d90ba641e3d644c477fd53160794163db89b827c6c506a7d
routing_nominal_history,routing_nominal_history:seed96100001:epoch30,30,20,discovery,96400001,u_0.30,0.3,1285155876.1956575,0.5187727089220832,1164.0,0.08758076094759512,800405b9f74aaa90d90ba641e3d644c477fd53160794163db89b827c6c506a7d
routing_nominal_history,routing_nominal_history:seed96100001:epoch30,30,20,discovery,96400001,u_0.40,0.4,1277345081.5559578,0.5244247073072265,1152.0,0.08475783475783476,800405b9f74aaa90d90ba641e3d644c477fd53160794163db89b827c6c506a7d
routing_nominal_history,routing_nominal_history:seed96100001:epoch30,30,20,discovery,96400001,u_0.50,0.5,1264973612.7609596,0.5320952765442067,1134.0,0.08115737473535639,800405b9f74aaa90d90ba641e3d644c477fd53160794163db89b827c6c506a7d
routing_nominal_history,routing_nominal_history:seed96100001:epoch30,30,20,discovery,96400001,u_0.60,0.6,1258433191.561901,0.5357287040775132,1124.0,0.07924263674614306,800405b9f74aaa90d90ba641e3d644c477fd53160794163db89b827c6c506a7d
routing_nominal_history,routing_nominal_history:seed96100001:epoch30,30,20,discovery,96400001,u_0.70,0.7,1255112423.9764025,0.5389584174404521,1117.0,0.0794425087108014,800405b9f74aaa90d90ba641e3d644c477fd53160794163db89b827c6c506a7d
routing_nominal_history,routing_nominal_history:seed96100001:epoch30,30,20,discovery,96400001,u_0.80,0.8,1251876250.7760954,0.5413807024626565,1113.0,0.08229598893499308,800405b9f74aaa90d90ba641e3d644c477fd53160794163db89b827c6c506a7d
routing_nominal_history,routing_nominal_history:seed96100001:epoch30,30,20,discovery,96400001,u_0.90,0.9,1246173670.656292,0.5458215583366977,1106.0,0.07977991746905089,800405b9f74aaa90d90ba641e3d644c477fd53160794163db89b827c6c506a7d
routing_nominal_history,routing_nominal_history:seed96100001:epoch30,30,20,discovery,96400001,u_1.00,1.0,1250736263.9002342,0.5470327008477998,1105.0,0.08156271418779987,800405b9f74aaa90d90ba641e3d644c477fd53160794163db89b827c6c506a7d
routing_nominal_history,routing_nominal_history:seed96100001:epoch30,30,20,discovery,96400002,anchor,-1.0,1421793408.2508538,0.46131062569418735,1278.0,0.08769344141488578,800405b9f74aaa90d90ba641e3d644c477fd53160794163db89b827c6c506a7d
routing_nominal_history,routing_nominal_history:seed96100001:epoch30,30,20,discovery,96400002,u_0.00,0.0,1421793408.2508538,0.46131062569418735,1278.0,0.08769344141488578,800405b9f74aaa90d90ba641e3d644c477fd53160794163db89b827c6c506a7d
routing_nominal_history,routing_nominal_history:seed96100001:epoch30,30,20,discovery,96400002,u_0.10,0.1,1419102439.957516,0.4631617919289152,1277.0,0.08857979502196194,800405b9f74aaa90d90ba641e3d644c477fd53160794163db89b827c6c506a7d
routing_nominal_history,routing_nominal_history:seed96100001:epoch30,30,20,discovery,96400002,u_0.20,0.2,1414458081.967382,0.466864124398371,1270.0,0.088,800405b9f74aaa90d90ba641e3d644c477fd53160794163db89b827c6c506a7d
routing_nominal_history,routing_nominal_history:seed96100001:epoch30,30,20,discovery,96400002,u_0.30,0.3,1406569847.835482,0.4724176231025546,1260.0,0.0871130309575234,800405b9f74aaa90d90ba641e3d644c477fd53160794163db89b827c6c506a7d
routing_nominal_history,routing_nominal_history:seed96100001:epoch30,30,20,discovery,96400002,u_0.40,0.4,1398892174.5683842,0.4794520547945205,1249.0,0.08547008547008547,800405b9f74aaa90d90ba641e3d644c477fd53160794163db89b827c6c506a7d
routing_nominal_history,routing_nominal_history:seed96100001:epoch30,30,20,discovery,96400002,u_0.50,0.5,1384429365.2306874,0.4857460199925953,1228.0,0.07795889440113395,800405b9f74aaa90d90ba641e3d644c477fd53160794163db89b827c6c506a7d
routing_nominal_history,routing_nominal_history:seed96100001:epoch30,30,20,discovery,96400002,u_0.60,0.6,1379887944.9131303,0.4890781192151055,1220.0,0.07746478873239436,800405b9f74aaa90d90ba641e3d644c477fd53160794163db89b827c6c506a7d
routing_nominal_history,routing_nominal_history:seed96100001:epoch30,30,20,discovery,96400002,u_0.70,0.7,1375155777.3696759,0.4931506849315068,1210.0,0.07557732680195942,800405b9f74aaa90d90ba641e3d644c477fd53160794163db89b827c6c506a7d
routing_nominal_history,routing_nominal_history:seed96100001:epoch30,30,20,discovery,96400002,u_0.80,0.8,1368689990.75111,0.4983339503887449,1197.0,0.07479224376731301,800405b9f74aaa90d90ba641e3d644c477fd53160794163db89b827c6c506a7d
routing_nominal_history,routing_nominal_history:seed96100001:epoch30,30,20,discovery,96400002,u_0.90,0.9,1363609203.0269916,0.5024065161051462,1186.0,0.07231404958677685,800405b9f74aaa90d90ba641e3d644c477fd53160794163db89b827c6c506a7d
routing_nominal_history,routing_nominal_history:seed96100001:epoch30,30,20,discovery,96400002,u_1.00,1.0,1359026949.3665617,0.5068493150684932,1174.0,0.06607019958706126,800405b9f74aaa90d90ba641e3d644c477fd53160794163db89b827c6c506a7d
routing_nominal_history,routing_nominal_history:seed96100001:epoch30,30,20,validation,96500000,anchor,-1.0,1577560787.7837749,0.44636296840558415,1487.0,0.11380323054331865,800405b9f74aaa90d90ba641e3d644c477fd53160794163db89b827c6c506a7d
routing_nominal_history,routing_nominal_history:seed96100001:epoch30,30,20,validation,96500000,u_0.00,0.0,1577560787.7837749,0.44636296840558415,1487.0,0.11380323054331865,800405b9f74aaa90d90ba641e3d644c477fd53160794163db89b827c6c506a7d
routing_nominal_history,routing_nominal_history:seed96100001:epoch30,30,20,validation,96500000,u_0.10,0.1,1569052513.4095342,0.4515062454077884,1474.0,0.11013858497447118,800405b9f74aaa90d90ba641e3d644c477fd53160794163db89b827c6c506a7d
routing_nominal_history,routing_nominal_history:seed96100001:epoch30,30,20,validation,96500000,u_0.20,0.2,1562450105.9124894,0.4559147685525349,1466.0,0.1085383502170767,800405b9f74aaa90d90ba641e3d644c477fd53160794163db89b827c6c506a7d
routing_nominal_history,routing_nominal_history:seed96100001:epoch30,30,20,validation,96500000,u_0.30,0.3,1550941730.3277788,0.46252755326965467,1450.0,0.10522548317823908,800405b9f74aaa90d90ba641e3d644c477fd53160794163db89b827c6c506a7d
routing_nominal_history,routing_nominal_history:seed96100001:epoch30,30,20,validation,96500000,u_0.40,0.4,1548592672.5563543,0.4662013225569434,1447.0,0.10582386363636363,800405b9f74aaa90d90ba641e3d644c477fd53160794163db89b827c6c506a7d
routing_nominal_history,routing_nominal_history:seed96100001:epoch30,30,20,validation,96500000,u_0.50,0.5,1536060662.9905164,0.47501836884643645,1426.0,0.10126582278481013,800405b9f74aaa90d90ba641e3d644c477fd53160794163db89b827c6c506a7d
routing_nominal_history,routing_nominal_history:seed96100001:epoch30,30,20,validation,96500000,u_0.60,0.6,1534110819.3116336,0.4757531227038942,1421.0,0.10146955913226033,800405b9f74aaa90d90ba641e3d644c477fd53160794163db89b827c6c506a7d
routing_nominal_history,routing_nominal_history:seed96100001:epoch30,30,20,validation,96500000,u_0.70,0.7,1529802569.6322248,0.47979426891991184,1410.0,0.09944367176634214,800405b9f74aaa90d90ba641e3d644c477fd53160794163db89b827c6c506a7d
routing_nominal_history,routing_nominal_history:seed96100001:epoch30,30,20,validation,96500000,u_0.80,0.8,1525340909.164756,0.4838354151359295,1398.0,0.1,800405b9f74aaa90d90ba641e3d644c477fd53160794163db89b827c6c506a7d
routing_nominal_history,routing_nominal_history:seed96100001:epoch30,30,20,validation,96500000,u_0.90,0.9,1525378659.6582427,0.4842027920646583,1395.0,0.1,800405b9f74aaa90d90ba641e3d644c477fd53160794163db89b827c6c506a7d
routing_nominal_history,routing_nominal_history:seed96100001:epoch30,30,20,validation,96500000,u_1.00,1.0,1527180802.343169,0.4856722997795738,1391.0,0.0993103448275862,800405b9f74aaa90d90ba641e3d644c477fd53160794163db89b827c6c506a7d
routing_nominal_history,routing_nominal_history:seed96100001:epoch30,30,20,validation,96500001,anchor,-1.0,1175102544.2484658,0.5393887214808437,1039.0,0.0867009551800147,800405b9f74aaa90d90ba641e3d644c477fd53160794163db89b827c6c506a7d
routing_nominal_history,routing_nominal_history:seed96100001:epoch30,30,20,validation,96500001,u_0.00,0.0,1175102544.2484658,0.5393887214808437,1039.0,0.0867009551800147,800405b9f74aaa90d90ba641e3d644c477fd53160794163db89b827c6c506a7d
routing_nominal_history,routing_nominal_history:seed96100001:epoch30,30,20,validation,96500001,u_0.10,0.1,1168689830.1067612,0.5445544554455446,1030.0,0.08394160583941605,800405b9f74aaa90d90ba641e3d644c477fd53160794163db89b827c6c506a7d
routing_nominal_history,routing_nominal_history:seed96100001:epoch30,30,20,validation,96500001,u_0.20,0.2,1164180206.858872,0.5484287559190701,1026.0,0.08405797101449275,800405b9f74aaa90d90ba641e3d644c477fd53160794163db89b827c6c506a7d
routing_nominal_history,routing_nominal_history:seed96100001:epoch30,30,20,validation,96500001,u_0.30,0.3,1153782299.266827,0.5561773568661214,1012.0,0.08117816091954023,800405b9f74aaa90d90ba641e3d644c477fd53160794163db89b827c6c506a7d
routing_nominal_history,routing_nominal_history:seed96100001:epoch30,30,20,validation,96500001,u_0.40,0.4,1145240543.2565415,0.5630650021523892,1002.0,0.07965860597439545,800405b9f74aaa90d90ba641e3d644c477fd53160794163db89b827c6c506a7d
routing_nominal_history,routing_nominal_history:seed96100001:epoch30,30,20,validation,96500001,u_0.50,0.5,1132961887.035774,0.5708136030994404,986.0,0.07545839210155147,800405b9f74aaa90d90ba641e3d644c477fd53160794163db89b827c6c506a7d
routing_nominal_history,routing_nominal_history:seed96100001:epoch30,30,20,validation,96500001,u_0.60,0.6,1123764297.4851906,0.5759793370641412,975.0,0.07217939733707078,800405b9f74aaa90d90ba641e3d644c477fd53160794163db89b827c6c506a7d
routing_nominal_history,routing_nominal_history:seed96100001:epoch30,30,20,validation,96500001,u_0.70,0.7,1119727719.2843783,0.5807145931984503,965.0,0.07033426183844012,800405b9f74aaa90d90ba641e3d644c477fd53160794163db89b827c6c506a7d
routing_nominal_history,routing_nominal_history:seed96100001:epoch30,30,20,validation,96500001,u_0.80,0.8,1112251578.8143573,0.5867412828239346,952.0,0.06970324361628709,800405b9f74aaa90d90ba641e3d644c477fd53160794163db89b827c6c506a7d
routing_nominal_history,routing_nominal_history:seed96100001:epoch30,30,20,validation,96500001,u_0.90,0.9,1107363825.276342,0.5914765389582437,942.0,0.0673076923076923,800405b9f74aaa90d90ba641e3d644c477fd53160794163db89b827c6c506a7d
routing_nominal_history,routing_nominal_history:seed96100001:epoch30,30,20,validation,96500001,u_1.00,1.0,1108493553.8533273,0.5931984502798106,936.0,0.06776180698151951,800405b9f74aaa90d90ba641e3d644c477fd53160794163db89b827c6c506a7d
routing_nominal_history,routing_nominal_history:seed96100001:epoch30,30,20,validation,96500002,anchor,-1.0,1372788823.3466103,0.4478041756659467,1188.0,0.09285187914517318,800405b9f74aaa90d90ba641e3d644c477fd53160794163db89b827c6c506a7d
routing_nominal_history,routing_nominal_history:seed96100001:epoch30,30,20,validation,96500002,u_0.00,0.0,1372788823.3466103,0.4478041756659467,1188.0,0.09285187914517318,800405b9f74aaa90d90ba641e3d644c477fd53160794163db89b827c6c506a7d
routing_nominal_history,routing_nominal_history:seed96100001:epoch30,30,20,validation,96500002,u_0.10,0.1,1366268907.3244762,0.45176385889128867,1179.0,0.09077598828696926,800405b9f74aaa90d90ba641e3d644c477fd53160794163db89b827c6c506a7d
routing_nominal_history,routing_nominal_history:seed96100001:epoch30,30,20,validation,96500002,u_0.20,0.2,1359756228.9354336,0.4560835133189345,1172.0,0.08938953488372094,800405b9f74aaa90d90ba641e3d644c477fd53160794163db89b827c6c506a7d
routing_nominal_history,routing_nominal_history:seed96100001:epoch30,30,20,validation,96500002,u_0.30,0.3,1347676177.1740007,0.462922966162707,1157.0,0.08405172413793104,800405b9f74aaa90d90ba641e3d644c477fd53160794163db89b827c6c506a7d
routing_nominal_history,routing_nominal_history:seed96100001:epoch30,30,20,validation,96500002,u_0.40,0.4,1340244363.704733,0.46904247660187187,1144.0,0.0811965811965812,800405b9f74aaa90d90ba641e3d644c477fd53160794163db89b827c6c506a7d
routing_nominal_history,routing_nominal_history:seed96100001:epoch30,30,20,validation,96500002,u_0.50,0.5,1327020484.1210043,0.4762419006479482,1125.0,0.07621736062103035,800405b9f74aaa90d90ba641e3d644c477fd53160794163db89b827c6c506a7d
routing_nominal_history,routing_nominal_history:seed96100001:epoch30,30,20,validation,96500002,u_0.60,0.6,1322219617.4780622,0.4787616990640749,1119.0,0.07649122807017544,800405b9f74aaa90d90ba641e3d644c477fd53160794163db89b827c6c506a7d
routing_nominal_history,routing_nominal_history:seed96100001:epoch30,30,20,validation,96500002,u_0.70,0.7,1317242025.2464726,0.48308135349172066,1110.0,0.07531380753138076,800405b9f74aaa90d90ba641e3d644c477fd53160794163db89b827c6c506a7d
routing_nominal_history,routing_nominal_history:seed96100001:epoch30,30,20,validation,96500002,u_0.80,0.8,1307586467.7489429,0.48812095032397407,1096.0,0.0746371803731859,800405b9f74aaa90d90ba641e3d644c477fd53160794163db89b827c6c506a7d
routing_nominal_history,routing_nominal_history:seed96100001:epoch30,30,20,validation,96500002,u_0.90,0.9,1306151895.5677924,0.4895608351331893,1090.0,0.07359009628610728,800405b9f74aaa90d90ba641e3d644c477fd53160794163db89b827c6c506a7d
routing_nominal_history,routing_nominal_history:seed96100001:epoch30,30,20,validation,96500002,u_1.00,1.0,1306182462.7572045,0.4924406047516199,1080.0,0.07137954701441318,800405b9f74aaa90d90ba641e3d644c477fd53160794163db89b827c6c506a7d
routing_nominal_history,routing_nominal_history:seed96100001:epoch30,30,20,validation,96500003,anchor,-1.0,1292845535.8490226,0.484695854320031,1147.0,0.08682855040470934,800405b9f74aaa90d90ba641e3d644c477fd53160794163db89b827c6c506a7d
routing_nominal_history,routing_nominal_history:seed96100001:epoch30,30,20,validation,96500003,u_0.00,0.0,1292845535.8490226,0.484695854320031,1147.0,0.08682855040470934,800405b9f74aaa90d90ba641e3d644c477fd53160794163db89b827c6c506a7d
routing_nominal_history,routing_nominal_history:seed96100001:epoch30,30,20,validation,96500003,u_0.10,0.1,1286847516.235044,0.48818287485470746,1141.0,0.08625730994152046,800405b9f74aaa90d90ba641e3d644c477fd53160794163db89b827c6c506a7d
routing_nominal_history,routing_nominal_history:seed96100001:epoch30,30,20,validation,96500003,u_0.20,0.2,1279813477.6161807,0.4932196822936846,1130.0,0.08345428156748912,800405b9f74aaa90d90ba641e3d644c477fd53160794163db89b827c6c506a7d
routing_nominal_history,routing_nominal_history:seed96100001:epoch30,30,20,validation,96500003,u_0.30,0.3,1269595397.3456137,0.5005811700891127,1114.0,0.07836089144500359,800405b9f74aaa90d90ba641e3d644c477fd53160794163db89b827c6c506a7d
routing_nominal_history,routing_nominal_history:seed96100001:epoch30,30,20,validation,96500003,u_0.40,0.4,1265675763.391924,0.5052305308020147,1110.0,0.08173418621179815,800405b9f74aaa90d90ba641e3d644c477fd53160794163db89b827c6c506a7d
routing_nominal_history,routing_nominal_history:seed96100001:epoch30,30,20,validation,96500003,u_0.50,0.5,1254306554.4386995,0.5125920185974429,1096.0,0.07892882311486962,800405b9f74aaa90d90ba641e3d644c477fd53160794163db89b827c6c506a7d
routing_nominal_history,routing_nominal_history:seed96100001:epoch30,30,20,validation,96500003,u_0.60,0.6,1250159629.0420651,0.5160790391321194,1090.0,0.07924263674614306,800405b9f74aaa90d90ba641e3d644c477fd53160794163db89b827c6c506a7d
routing_nominal_history,routing_nominal_history:seed96100001:epoch30,30,20,validation,96500003,u_0.70,0.7,1245063971.1018806,0.5203409531189461,1078.0,0.07719054242002782,800405b9f74aaa90d90ba641e3d644c477fd53160794163db89b827c6c506a7d
routing_nominal_history,routing_nominal_history:seed96100001:epoch30,30,20,validation,96500003,u_0.80,0.8,1237534577.3680933,0.5253777605579233,1063.0,0.07443142660234321,800405b9f74aaa90d90ba641e3d644c477fd53160794163db89b827c6c506a7d
routing_nominal_history,routing_nominal_history:seed96100001:epoch30,30,20,validation,96500003,u_0.90,0.9,1236453859.203462,0.5261526540100736,1058.0,0.0743801652892562,800405b9f74aaa90d90ba641e3d644c477fd53160794163db89b827c6c506a7d
routing_nominal_history,routing_nominal_history:seed96100001:epoch30,30,20,validation,96500003,u_1.00,1.0,1237665563.420369,0.5288647810925998,1051.0,0.07285223367697595,800405b9f74aaa90d90ba641e3d644c477fd53160794163db89b827c6c506a7d
routing_nominal_history,routing_nominal_history:seed96100001:epoch30,30,20,validation,96500004,anchor,-1.0,1356343109.7744253,0.48973143759873616,1225.0,0.09743589743589744,800405b9f74aaa90d90ba641e3d644c477fd53160794163db89b827c6c506a7d
routing_nominal_history,routing_nominal_history:seed96100001:epoch30,30,20,validation,96500004,u_0.00,0.0,1356343109.7744253,0.48973143759873616,1225.0,0.09743589743589744,800405b9f74aaa90d90ba641e3d644c477fd53160794163db89b827c6c506a7d
routing_nominal_history,routing_nominal_history:seed96100001:epoch30,30,20,validation,96500004,u_0.10,0.1,1348319893.8832037,0.495260663507109,1213.0,0.09256559766763849,800405b9f74aaa90d90ba641e3d644c477fd53160794163db89b827c6c506a7d
routing_nominal_history,routing_nominal_history:seed96100001:epoch30,30,20,validation,96500004,u_0.20,0.2,1345630313.196826,0.4976303317535545,1212.0,0.09347826086956522,800405b9f74aaa90d90ba641e3d644c477fd53160794163db89b827c6c506a7d
routing_nominal_history,routing_nominal_history:seed96100001:epoch30,30,20,validation,96500004,u_0.30,0.3,1336498592.2041476,0.5043443917851501,1201.0,0.08848920863309352,800405b9f74aaa90d90ba641e3d644c477fd53160794163db89b827c6c506a7d
routing_nominal_history,routing_nominal_history:seed96100001:epoch30,30,20,validation,96500004,u_0.40,0.4,1326056704.9879842,0.5118483412322274,1184.0,0.08553100498930863,800405b9f74aaa90d90ba641e3d644c477fd53160794163db89b827c6c506a7d
routing_nominal_history,routing_nominal_history:seed96100001:epoch30,30,20,validation,96500004,u_0.50,0.5,1314352633.9907875,0.518562401263823,1168.0,0.08180535966149506,800405b9f74aaa90d90ba641e3d644c477fd53160794163db89b827c6c506a7d
routing_nominal_history,routing_nominal_history:seed96100001:epoch30,30,20,validation,96500004,u_0.60,0.6,1309395997.5252242,0.5229067930489731,1160.0,0.08199018920812894,800405b9f74aaa90d90ba641e3d644c477fd53160794163db89b827c6c506a7d
routing_nominal_history,routing_nominal_history:seed96100001:epoch30,30,20,validation,96500004,u_0.70,0.7,1303744322.214137,0.5276461295418642,1147.0,0.07799442896935933,800405b9f74aaa90d90ba641e3d644c477fd53160794163db89b827c6c506a7d
routing_nominal_history,routing_nominal_history:seed96100001:epoch30,30,20,validation,96500004,u_0.80,0.8,1294745120.467187,0.5339652448657188,1133.0,0.07532826537664132,800405b9f74aaa90d90ba641e3d644c477fd53160794163db89b827c6c506a7d
routing_nominal_history,routing_nominal_history:seed96100001:epoch30,30,20,validation,96500004,u_0.90,0.9,1297124665.7842896,0.5339652448657188,1131.0,0.07607192254495158,800405b9f74aaa90d90ba641e3d644c477fd53160794163db89b827c6c506a7d
routing_nominal_history,routing_nominal_history:seed96100001:epoch30,30,20,validation,96500004,u_1.00,1.0,1298801327.4656408,0.5363349131121643,1125.0,0.07787732598208132,800405b9f74aaa90d90ba641e3d644c477fd53160794163db89b827c6c506a7d
routing_nominal_history,routing_nominal_history:seed96100001:epoch55,55,20,discovery,96400000,anchor,-1.0,73163358.07552473,0.6857142857142857,81.0,0.08620689655172414,800405b9f74aaa90d90ba641e3d644c477fd53160794163db89b827c6c506a7d
routing_nominal_history,routing_nominal_history:seed96100001:epoch55,55,20,discovery,96400000,u_0.00,0.0,73128358.07917756,0.6857142857142857,81.0,0.08771929824561403,800405b9f74aaa90d90ba641e3d644c477fd53160794163db89b827c6c506a7d
routing_nominal_history,routing_nominal_history:seed96100001:epoch55,55,20,discovery,96400000,u_0.10,0.1,72781057.21161821,0.6857142857142857,80.0,0.07575757575757576,800405b9f74aaa90d90ba641e3d644c477fd53160794163db89b827c6c506a7d
routing_nominal_history,routing_nominal_history:seed96100001:epoch55,55,20,discovery,96400000,u_0.20,0.2,73035401.19406159,0.6857142857142857,80.0,0.06578947368421052,800405b9f74aaa90d90ba641e3d644c477fd53160794163db89b827c6c506a7d
routing_nominal_history,routing_nominal_history:seed96100001:epoch55,55,20,discovery,96400000,u_0.30,0.3,70642897.76739319,0.6857142857142857,75.0,0.054945054945054944,800405b9f74aaa90d90ba641e3d644c477fd53160794163db89b827c6c506a7d
routing_nominal_history,routing_nominal_history:seed96100001:epoch55,55,20,discovery,96400000,u_0.40,0.4,69753794.17738552,0.6857142857142857,72.0,0.04716981132075472,800405b9f74aaa90d90ba641e3d644c477fd53160794163db89b827c6c506a7d
routing_nominal_history,routing_nominal_history:seed96100001:epoch55,55,20,discovery,96400000,u_0.50,0.5,68794117.80277531,0.6857142857142857,68.0,0.04201680672268908,800405b9f74aaa90d90ba641e3d644c477fd53160794163db89b827c6c506a7d
routing_nominal_history,routing_nominal_history:seed96100001:epoch55,55,20,discovery,96400000,u_0.60,0.6,70764450.63945183,0.6857142857142857,68.0,0.03968253968253968,800405b9f74aaa90d90ba641e3d644c477fd53160794163db89b827c6c506a7d
routing_nominal_history,routing_nominal_history:seed96100001:epoch55,55,20,discovery,96400000,u_0.70,0.7,73038229.8874151,0.6857142857142857,68.0,0.03731343283582089,800405b9f74aaa90d90ba641e3d644c477fd53160794163db89b827c6c506a7d
routing_nominal_history,routing_nominal_history:seed96100001:epoch55,55,20,discovery,96400000,u_0.80,0.8,74415228.78648141,0.6857142857142857,66.0,0.034482758620689655,800405b9f74aaa90d90ba641e3d644c477fd53160794163db89b827c6c506a7d
routing_nominal_history,routing_nominal_history:seed96100001:epoch55,55,20,discovery,96400000,u_0.90,0.9,77072428.71720183,0.6857142857142857,65.0,0.03333333333333333,800405b9f74aaa90d90ba641e3d644c477fd53160794163db89b827c6c506a7d
routing_nominal_history,routing_nominal_history:seed96100001:epoch55,55,20,discovery,96400000,u_1.00,1.0,77406512.20277531,0.6857142857142857,60.0,0.03067484662576687,800405b9f74aaa90d90ba641e3d644c477fd53160794163db89b827c6c506a7d
routing_nominal_history,routing_nominal_history:seed96100001:epoch55,55,20,discovery,96400001,anchor,-1.0,73163358.07552473,0.6857142857142857,81.0,0.08620689655172414,800405b9f74aaa90d90ba641e3d644c477fd53160794163db89b827c6c506a7d
routing_nominal_history,routing_nominal_history:seed96100001:epoch55,55,20,discovery,96400001,u_0.00,0.0,73128358.07917756,0.6857142857142857,81.0,0.08771929824561403,800405b9f74aaa90d90ba641e3d644c477fd53160794163db89b827c6c506a7d
routing_nominal_history,routing_nominal_history:seed96100001:epoch55,55,20,discovery,96400001,u_0.10,0.1,72781057.21161821,0.6857142857142857,80.0,0.07575757575757576,800405b9f74aaa90d90ba641e3d644c477fd53160794163db89b827c6c506a7d
routing_nominal_history,routing_nominal_history:seed96100001:epoch55,55,20,discovery,96400001,u_0.20,0.2,73035401.19406159,0.6857142857142857,80.0,0.06578947368421052,800405b9f74aaa90d90ba641e3d644c477fd53160794163db89b827c6c506a7d
routing_nominal_history,routing_nominal_history:seed96100001:epoch55,55,20,discovery,96400001,u_0.30,0.3,70642897.76739319,0.6857142857142857,75.0,0.054945054945054944,800405b9f74aaa90d90ba641e3d644c477fd53160794163db89b827c6c506a7d
routing_nominal_history,routing_nominal_history:seed96100001:epoch55,55,20,discovery,96400001,u_0.40,0.4,69753794.17738552,0.6857142857142857,72.0,0.04716981132075472,800405b9f74aaa90d90ba641e3d644c477fd53160794163db89b827c6c506a7d
routing_nominal_history,routing_nominal_history:seed96100001:epoch55,55,20,discovery,96400001,u_0.50,0.5,68794117.80277531,0.6857142857142857,68.0,0.04201680672268908,800405b9f74aaa90d90ba641e3d644c477fd53160794163db89b827c6c506a7d
routing_nominal_history,routing_nominal_history:seed96100001:epoch55,55,20,discovery,96400001,u_0.60,0.6,70764450.63945183,0.6857142857142857,68.0,0.03968253968253968,800405b9f74aaa90d90ba641e3d644c477fd53160794163db89b827c6c506a7d
routing_nominal_history,routing_nominal_history:seed96100001:epoch55,55,20,discovery,96400001,u_0.70,0.7,73038229.8874151,0.6857142857142857,68.0,0.03731343283582089,800405b9f74aaa90d90ba641e3d644c477fd53160794163db89b827c6c506a7d
routing_nominal_history,routing_nominal_history:seed96100001:epoch55,55,20,discovery,96400001,u_0.80,0.8,74415228.78648141,0.6857142857142857,66.0,0.034482758620689655,800405b9f74aaa90d90ba641e3d644c477fd53160794163db89b827c6c506a7d
routing_nominal_history,routing_nominal_history:seed96100001:epoch55,55,20,discovery,96400001,u_0.90,0.9,77072428.71720183,0.6857142857142857,65.0,0.03333333333333333,800405b9f74aaa90d90ba641e3d644c477fd53160794163db89b827c6c506a7d
routing_nominal_history,routing_nominal_history:seed96100001:epoch55,55,20,discovery,96400001,u_1.00,1.0,77406512.20277531,0.6857142857142857,60.0,0.03067484662576687,800405b9f74aaa90d90ba641e3d644c477fd53160794163db89b827c6c506a7d
routing_nominal_history,routing_nominal_history:seed96100001:epoch55,55,20,discovery,96400002,anchor,-1.0,73163358.07552473,0.6857142857142857,81.0,0.08620689655172414,800405b9f74aaa90d90ba641e3d644c477fd53160794163db89b827c6c506a7d
routing_nominal_history,routing_nominal_history:seed96100001:epoch55,55,20,discovery,96400002,u_0.00,0.0,73128358.07917756,0.6857142857142857,81.0,0.08771929824561403,800405b9f74aaa90d90ba641e3d644c477fd53160794163db89b827c6c506a7d
routing_nominal_history,routing_nominal_history:seed96100001:epoch55,55,20,discovery,96400002,u_0.10,0.1,72781057.21161821,0.6857142857142857,80.0,0.07575757575757576,800405b9f74aaa90d90ba641e3d644c477fd53160794163db89b827c6c506a7d
routing_nominal_history,routing_nominal_history:seed96100001:epoch55,55,20,discovery,96400002,u_0.20,0.2,73035401.19406159,0.6857142857142857,80.0,0.06578947368421052,800405b9f74aaa90d90ba641e3d644c477fd53160794163db89b827c6c506a7d
routing_nominal_history,routing_nominal_history:seed96100001:epoch55,55,20,discovery,96400002,u_0.30,0.3,70642897.76739319,0.6857142857142857,75.0,0.054945054945054944,800405b9f74aaa90d90ba641e3d644c477fd53160794163db89b827c6c506a7d
routing_nominal_history,routing_nominal_history:seed96100001:epoch55,55,20,discovery,96400002,u_0.40,0.4,69753794.17738552,0.6857142857142857,72.0,0.04716981132075472,800405b9f74aaa90d90ba641e3d644c477fd53160794163db89b827c6c506a7d
routing_nominal_history,routing_nominal_history:seed96100001:epoch55,55,20,discovery,96400002,u_0.50,0.5,68794117.80277531,0.6857142857142857,68.0,0.04201680672268908,800405b9f74aaa90d90ba641e3d644c477fd53160794163db89b827c6c506a7d
routing_nominal_history,routing_nominal_history:seed96100001:epoch55,55,20,discovery,96400002,u_0.60,0.6,70764450.63945183,0.6857142857142857,68.0,0.03968253968253968,800405b9f74aaa90d90ba641e3d644c477fd53160794163db89b827c6c506a7d
routing_nominal_history,routing_nominal_history:seed96100001:epoch55,55,20,discovery,96400002,u_0.70,0.7,73038229.8874151,0.6857142857142857,68.0,0.03731343283582089,800405b9f74aaa90d90ba641e3d644c477fd53160794163db89b827c6c506a7d
routing_nominal_history,routing_nominal_history:seed96100001:epoch55,55,20,discovery,96400002,u_0.80,0.8,74415228.78648141,0.6857142857142857,66.0,0.034482758620689655,800405b9f74aaa90d90ba641e3d644c477fd53160794163db89b827c6c506a7d
routing_nominal_history,routing_nominal_history:seed96100001:epoch55,55,20,discovery,96400002,u_0.90,0.9,77072428.71720183,0.6857142857142857,65.0,0.03333333333333333,800405b9f74aaa90d90ba641e3d644c477fd53160794163db89b827c6c506a7d
routing_nominal_history,routing_nominal_history:seed96100001:epoch55,55,20,discovery,96400002,u_1.00,1.0,77406512.20277531,0.6857142857142857,60.0,0.03067484662576687,800405b9f74aaa90d90ba641e3d644c477fd53160794163db89b827c6c506a7d
routing_nominal_history,routing_nominal_history:seed96100001:epoch55,55,20,validation,96500000,anchor,-1.0,73163358.07552473,0.6857142857142857,81.0,0.08620689655172414,800405b9f74aaa90d90ba641e3d644c477fd53160794163db89b827c6c506a7d
routing_nominal_history,routing_nominal_history:seed96100001:epoch55,55,20,validation,96500000,u_0.00,0.0,73128358.07917756,0.6857142857142857,81.0,0.08771929824561403,800405b9f74aaa90d90ba641e3d644c477fd53160794163db89b827c6c506a7d
routing_nominal_history,routing_nominal_history:seed96100001:epoch55,55,20,validation,96500000,u_0.10,0.1,72781057.21161821,0.6857142857142857,80.0,0.07575757575757576,800405b9f74aaa90d90ba641e3d644c477fd53160794163db89b827c6c506a7d
routing_nominal_history,routing_nominal_history:seed96100001:epoch55,55,20,validation,96500000,u_0.20,0.2,73035401.19406159,0.6857142857142857,80.0,0.06578947368421052,800405b9f74aaa90d90ba641e3d644c477fd53160794163db89b827c6c506a7d
routing_nominal_history,routing_nominal_history:seed96100001:epoch55,55,20,validation,96500000,u_0.30,0.3,70642897.76739319,0.6857142857142857,75.0,0.054945054945054944,800405b9f74aaa90d90ba641e3d644c477fd53160794163db89b827c6c506a7d
routing_nominal_history,routing_nominal_history:seed96100001:epoch55,55,20,validation,96500000,u_0.40,0.4,69753794.17738552,0.6857142857142857,72.0,0.04716981132075472,800405b9f74aaa90d90ba641e3d644c477fd53160794163db89b827c6c506a7d
routing_nominal_history,routing_nominal_history:seed96100001:epoch55,55,20,validation,96500000,u_0.50,0.5,68794117.80277531,0.6857142857142857,68.0,0.04201680672268908,800405b9f74aaa90d90ba641e3d644c477fd53160794163db89b827c6c506a7d
routing_nominal_history,routing_nominal_history:seed96100001:epoch55,55,20,validation,96500000,u_0.60,0.6,70764450.63945183,0.6857142857142857,68.0,0.03968253968253968,800405b9f74aaa90d90ba641e3d644c477fd53160794163db89b827c6c506a7d
routing_nominal_history,routing_nominal_history:seed96100001:epoch55,55,20,validation,96500000,u_0.70,0.7,73038229.8874151,0.6857142857142857,68.0,0.03731343283582089,800405b9f74aaa90d90ba641e3d644c477fd53160794163db89b827c6c506a7d
routing_nominal_history,routing_nominal_history:seed96100001:epoch55,55,20,validation,96500000,u_0.80,0.8,74415228.78648141,0.6857142857142857,66.0,0.034482758620689655,800405b9f74aaa90d90ba641e3d644c477fd53160794163db89b827c6c506a7d
routing_nominal_history,routing_nominal_history:seed96100001:epoch55,55,20,validation,96500000,u_0.90,0.9,77072428.71720183,0.6857142857142857,65.0,0.03333333333333333,800405b9f74aaa90d90ba641e3d644c477fd53160794163db89b827c6c506a7d
routing_nominal_history,routing_nominal_history:seed96100001:epoch55,55,20,validation,96500000,u_1.00,1.0,77406512.20277531,0.6857142857142857,60.0,0.03067484662576687,800405b9f74aaa90d90ba641e3d644c477fd53160794163db89b827c6c506a7d
routing_nominal_history,routing_nominal_history:seed96100001:epoch55,55,20,validation,96500001,anchor,-1.0,73163358.07552473,0.6857142857142857,81.0,0.08620689655172414,800405b9f74aaa90d90ba641e3d644c477fd53160794163db89b827c6c506a7d
routing_nominal_history,routing_nominal_history:seed96100001:epoch55,55,20,validation,96500001,u_0.00,0.0,73128358.07917756,0.6857142857142857,81.0,0.08771929824561403,800405b9f74aaa90d90ba641e3d644c477fd53160794163db89b827c6c506a7d
routing_nominal_history,routing_nominal_history:seed96100001:epoch55,55,20,validation,96500001,u_0.10,0.1,72781057.21161821,0.6857142857142857,80.0,0.07575757575757576,800405b9f74aaa90d90ba641e3d644c477fd53160794163db89b827c6c506a7d
routing_nominal_history,routing_nominal_history:seed96100001:epoch55,55,20,validation,96500001,u_0.20,0.2,73035401.19406159,0.6857142857142857,80.0,0.06578947368421052,800405b9f74aaa90d90ba641e3d644c477fd53160794163db89b827c6c506a7d
routing_nominal_history,routing_nominal_history:seed96100001:epoch55,55,20,validation,96500001,u_0.30,0.3,70642897.76739319,0.6857142857142857,75.0,0.054945054945054944,800405b9f74aaa90d90ba641e3d644c477fd53160794163db89b827c6c506a7d
routing_nominal_history,routing_nominal_history:seed96100001:epoch55,55,20,validation,96500001,u_0.40,0.4,69753794.17738552,0.6857142857142857,72.0,0.04716981132075472,800405b9f74aaa90d90ba641e3d644c477fd53160794163db89b827c6c506a7d
routing_nominal_history,routing_nominal_history:seed96100001:epoch55,55,20,validation,96500001,u_0.50,0.5,68794117.80277531,0.6857142857142857,68.0,0.04201680672268908,800405b9f74aaa90d90ba641e3d644c477fd53160794163db89b827c6c506a7d
routing_nominal_history,routing_nominal_history:seed96100001:epoch55,55,20,validation,96500001,u_0.60,0.6,70764450.63945183,0.6857142857142857,68.0,0.03968253968253968,800405b9f74aaa90d90ba641e3d644c477fd53160794163db89b827c6c506a7d
routing_nominal_history,routing_nominal_history:seed96100001:epoch55,55,20,validation,96500001,u_0.70,0.7,73038229.8874151,0.6857142857142857,68.0,0.03731343283582089,800405b9f74aaa90d90ba641e3d644c477fd53160794163db89b827c6c506a7d
routing_nominal_history,routing_nominal_history:seed96100001:epoch55,55,20,validation,96500001,u_0.80,0.8,74415228.78648141,0.6857142857142857,66.0,0.034482758620689655,800405b9f74aaa90d90ba641e3d644c477fd53160794163db89b827c6c506a7d
routing_nominal_history,routing_nominal_history:seed96100001:epoch55,55,20,validation,96500001,u_0.90,0.9,77072428.71720183,0.6857142857142857,65.0,0.03333333333333333,800405b9f74aaa90d90ba641e3d644c477fd53160794163db89b827c6c506a7d
routing_nominal_history,routing_nominal_history:seed96100001:epoch55,55,20,validation,96500001,u_1.00,1.0,77406512.20277531,0.6857142857142857,60.0,0.03067484662576687,800405b9f74aaa90d90ba641e3d644c477fd53160794163db89b827c6c506a7d
routing_nominal_history,routing_nominal_history:seed96100001:epoch55,55,20,validation,96500002,anchor,-1.0,73163358.07552473,0.6857142857142857,81.0,0.08620689655172414,800405b9f74aaa90d90ba641e3d644c477fd53160794163db89b827c6c506a7d
routing_nominal_history,routing_nominal_history:seed96100001:epoch55,55,20,validation,96500002,u_0.00,0.0,73128358.07917756,0.6857142857142857,81.0,0.08771929824561403,800405b9f74aaa90d90ba641e3d644c477fd53160794163db89b827c6c506a7d
routing_nominal_history,routing_nominal_history:seed96100001:epoch55,55,20,validation,96500002,u_0.10,0.1,72781057.21161821,0.6857142857142857,80.0,0.07575757575757576,800405b9f74aaa90d90ba641e3d644c477fd53160794163db89b827c6c506a7d
routing_nominal_history,routing_nominal_history:seed96100001:epoch55,55,20,validation,96500002,u_0.20,0.2,73035401.19406159,0.6857142857142857,80.0,0.06578947368421052,800405b9f74aaa90d90ba641e3d644c477fd53160794163db89b827c6c506a7d
routing_nominal_history,routing_nominal_history:seed96100001:epoch55,55,20,validation,96500002,u_0.30,0.3,70642897.76739319,0.6857142857142857,75.0,0.054945054945054944,800405b9f74aaa90d90ba641e3d644c477fd53160794163db89b827c6c506a7d
routing_nominal_history,routing_nominal_history:seed96100001:epoch55,55,20,validation,96500002,u_0.40,0.4,69753794.17738552,0.6857142857142857,72.0,0.04716981132075472,800405b9f74aaa90d90ba641e3d644c477fd53160794163db89b827c6c506a7d
routing_nominal_history,routing_nominal_history:seed96100001:epoch55,55,20,validation,96500002,u_0.50,0.5,68794117.80277531,0.6857142857142857,68.0,0.04201680672268908,800405b9f74aaa90d90ba641e3d644c477fd53160794163db89b827c6c506a7d
routing_nominal_history,routing_nominal_history:seed96100001:epoch55,55,20,validation,96500002,u_0.60,0.6,70764450.63945183,0.6857142857142857,68.0,0.03968253968253968,800405b9f74aaa90d90ba641e3d644c477fd53160794163db89b827c6c506a7d
routing_nominal_history,routing_nominal_history:seed96100001:epoch55,55,20,validation,96500002,u_0.70,0.7,73038229.8874151,0.6857142857142857,68.0,0.03731343283582089,800405b9f74aaa90d90ba641e3d644c477fd53160794163db89b827c6c506a7d
routing_nominal_history,routing_nominal_history:seed96100001:epoch55,55,20,validation,96500002,u_0.80,0.8,74415228.78648141,0.6857142857142857,66.0,0.034482758620689655,800405b9f74aaa90d90ba641e3d644c477fd53160794163db89b827c6c506a7d
routing_nominal_history,routing_nominal_history:seed96100001:epoch55,55,20,validation,96500002,u_0.90,0.9,77072428.71720183,0.6857142857142857,65.0,0.03333333333333333,800405b9f74aaa90d90ba641e3d644c477fd53160794163db89b827c6c506a7d
routing_nominal_history,routing_nominal_history:seed96100001:epoch55,55,20,validation,96500002,u_1.00,1.0,77406512.20277531,0.6857142857142857,60.0,0.03067484662576687,800405b9f74aaa90d90ba641e3d644c477fd53160794163db89b827c6c506a7d
routing_nominal_history,routing_nominal_history:seed96100001:epoch55,55,20,validation,96500003,anchor,-1.0,73163358.07552473,0.6857142857142857,81.0,0.08620689655172414,800405b9f74aaa90d90ba641e3d644c477fd53160794163db89b827c6c506a7d
routing_nominal_history,routing_nominal_history:seed96100001:epoch55,55,20,validation,96500003,u_0.00,0.0,73128358.07917756,0.6857142857142857,81.0,0.08771929824561403,800405b9f74aaa90d90ba641e3d644c477fd53160794163db89b827c6c506a7d
routing_nominal_history,routing_nominal_history:seed96100001:epoch55,55,20,validation,96500003,u_0.10,0.1,72781057.21161821,0.6857142857142857,80.0,0.07575757575757576,800405b9f74aaa90d90ba641e3d644c477fd53160794163db89b827c6c506a7d
routing_nominal_history,routing_nominal_history:seed96100001:epoch55,55,20,validation,96500003,u_0.20,0.2,73035401.19406159,0.6857142857142857,80.0,0.06578947368421052,800405b9f74aaa90d90ba641e3d644c477fd53160794163db89b827c6c506a7d
routing_nominal_history,routing_nominal_history:seed96100001:epoch55,55,20,validation,96500003,u_0.30,0.3,70642897.76739319,0.6857142857142857,75.0,0.054945054945054944,800405b9f74aaa90d90ba641e3d644c477fd53160794163db89b827c6c506a7d
routing_nominal_history,routing_nominal_history:seed96100001:epoch55,55,20,validation,96500003,u_0.40,0.4,69753794.17738552,0.6857142857142857,72.0,0.04716981132075472,800405b9f74aaa90d90ba641e3d644c477fd53160794163db89b827c6c506a7d
routing_nominal_history,routing_nominal_history:seed96100001:epoch55,55,20,validation,96500003,u_0.50,0.5,68794117.80277531,0.6857142857142857,68.0,0.04201680672268908,800405b9f74aaa90d90ba641e3d644c477fd53160794163db89b827c6c506a7d
routing_nominal_history,routing_nominal_history:seed96100001:epoch55,55,20,validation,96500003,u_0.60,0.6,70764450.63945183,0.6857142857142857,68.0,0.03968253968253968,800405b9f74aaa90d90ba641e3d644c477fd53160794163db89b827c6c506a7d
routing_nominal_history,routing_nominal_history:seed96100001:epoch55,55,20,validation,96500003,u_0.70,0.7,73038229.8874151,0.6857142857142857,68.0,0.03731343283582089,800405b9f74aaa90d90ba641e3d644c477fd53160794163db89b827c6c506a7d
routing_nominal_history,routing_nominal_history:seed96100001:epoch55,55,20,validation,96500003,u_0.80,0.8,74415228.78648141,0.6857142857142857,66.0,0.034482758620689655,800405b9f74aaa90d90ba641e3d644c477fd53160794163db89b827c6c506a7d
routing_nominal_history,routing_nominal_history:seed96100001:epoch55,55,20,validation,96500003,u_0.90,0.9,77072428.71720183,0.6857142857142857,65.0,0.03333333333333333,800405b9f74aaa90d90ba641e3d644c477fd53160794163db89b827c6c506a7d
routing_nominal_history,routing_nominal_history:seed96100001:epoch55,55,20,validation,96500003,u_1.00,1.0,77406512.20277531,0.6857142857142857,60.0,0.03067484662576687,800405b9f74aaa90d90ba641e3d644c477fd53160794163db89b827c6c506a7d
routing_nominal_history,routing_nominal_history:seed96100001:epoch55,55,20,validation,96500004,anchor,-1.0,73163358.07552473,0.6857142857142857,81.0,0.08620689655172414,800405b9f74aaa90d90ba641e3d644c477fd53160794163db89b827c6c506a7d
routing_nominal_history,routing_nominal_history:seed96100001:epoch55,55,20,validation,96500004,u_0.00,0.0,73128358.07917756,0.6857142857142857,81.0,0.08771929824561403,800405b9f74aaa90d90ba641e3d644c477fd53160794163db89b827c6c506a7d
routing_nominal_history,routing_nominal_history:seed96100001:epoch55,55,20,validation,96500004,u_0.10,0.1,72781057.21161821,0.6857142857142857,80.0,0.07575757575757576,800405b9f74aaa90d90ba641e3d644c477fd53160794163db89b827c6c506a7d
routing_nominal_history,routing_nominal_history:seed96100001:epoch55,55,20,validation,96500004,u_0.20,0.2,73035401.19406159,0.6857142857142857,80.0,0.06578947368421052,800405b9f74aaa90d90ba641e3d644c477fd53160794163db89b827c6c506a7d
routing_nominal_history,routing_nominal_history:seed96100001:epoch55,55,20,validation,96500004,u_0.30,0.3,70642897.76739319,0.6857142857142857,75.0,0.054945054945054944,800405b9f74aaa90d90ba641e3d644c477fd53160794163db89b827c6c506a7d
routing_nominal_history,routing_nominal_history:seed96100001:epoch55,55,20,validation,96500004,u_0.40,0.4,69753794.17738552,0.6857142857142857,72.0,0.04716981132075472,800405b9f74aaa90d90ba641e3d644c477fd53160794163db89b827c6c506a7d
routing_nominal_history,routing_nominal_history:seed96100001:epoch55,55,20,validation,96500004,u_0.50,0.5,68794117.80277531,0.6857142857142857,68.0,0.04201680672268908,800405b9f74aaa90d90ba641e3d644c477fd53160794163db89b827c6c506a7d
routing_nominal_history,routing_nominal_history:seed96100001:epoch55,55,20,validation,96500004,u_0.60,0.6,70764450.63945183,0.6857142857142857,68.0,0.03968253968253968,800405b9f74aaa90d90ba641e3d644c477fd53160794163db89b827c6c506a7d
routing_nominal_history,routing_nominal_history:seed96100001:epoch55,55,20,validation,96500004,u_0.70,0.7,73038229.8874151,0.6857142857142857,68.0,0.03731343283582089,800405b9f74aaa90d90ba641e3d644c477fd53160794163db89b827c6c506a7d
routing_nominal_history,routing_nominal_history:seed96100001:epoch55,55,20,validation,96500004,u_0.80,0.8,74415228.78648141,0.6857142857142857,66.0,0.034482758620689655,800405b9f74aaa90d90ba641e3d644c477fd53160794163db89b827c6c506a7d
routing_nominal_history,routing_nominal_history:seed96100001:epoch55,55,20,validation,96500004,u_0.90,0.9,77072428.71720183,0.6857142857142857,65.0,0.03333333333333333,800405b9f74aaa90d90ba641e3d644c477fd53160794163db89b827c6c506a7d
routing_nominal_history,routing_nominal_history:seed96100001:epoch55,55,20,validation,96500004,u_1.00,1.0,77406512.20277531,0.6857142857142857,60.0,0.03067484662576687,800405b9f74aaa90d90ba641e3d644c477fd53160794163db89b827c6c506a7d
routing_nominal_history,routing_nominal_history:seed96100001:epoch80,80,19,discovery,96400000,anchor,-1.0,95252794.83256684,0.42,97.0,0.1282051282051282,800405b9f74aaa90d90ba641e3d644c477fd53160794163db89b827c6c506a7d
routing_nominal_history,routing_nominal_history:seed96100001:epoch80,80,19,discovery,96400000,u_0.00,0.0,95252794.83256684,0.42,97.0,0.1282051282051282,800405b9f74aaa90d90ba641e3d644c477fd53160794163db89b827c6c506a7d
routing_nominal_history,routing_nominal_history:seed96100001:epoch80,80,19,discovery,96400000,u_0.10,0.1,94328942.0674408,0.42,95.0,0.11494252873563218,800405b9f74aaa90d90ba641e3d644c477fd53160794163db89b827c6c506a7d
routing_nominal_history,routing_nominal_history:seed96100001:epoch80,80,19,discovery,96400000,u_0.20,0.2,94028783.69425297,0.42,94.0,0.10416666666666667,800405b9f74aaa90d90ba641e3d644c477fd53160794163db89b827c6c506a7d
routing_nominal_history,routing_nominal_history:seed96100001:epoch80,80,19,discovery,96400000,u_0.30,0.3,92153233.76225233,0.42,90.0,0.09090909090909091,800405b9f74aaa90d90ba641e3d644c477fd53160794163db89b827c6c506a7d
routing_nominal_history,routing_nominal_history:seed96100001:epoch80,80,19,discovery,96400000,u_0.40,0.4,91289637.77121577,0.42,87.0,0.08064516129032258,800405b9f74aaa90d90ba641e3d644c477fd53160794163db89b827c6c506a7d
routing_nominal_history,routing_nominal_history:seed96100001:epoch80,80,19,discovery,96400000,u_0.50,0.5,90165367.79473552,0.42,83.0,0.07246376811594203,800405b9f74aaa90d90ba641e3d644c477fd53160794163db89b827c6c506a7d
routing_nominal_history,routing_nominal_history:seed96100001:epoch80,80,19,discovery,96400000,u_0.60,0.6,91418028.72870088,0.42,82.0,0.06896551724137931,800405b9f74aaa90d90ba641e3d644c477fd53160794163db89b827c6c506a7d
routing_nominal_history,routing_nominal_history:seed96100001:epoch80,80,19,discovery,96400000,u_0.70,0.7,91307448.77311182,0.42,78.0,0.06493506493506493,800405b9f74aaa90d90ba641e3d644c477fd53160794163db89b827c6c506a7d
routing_nominal_history,routing_nominal_history:seed96100001:epoch80,80,19,discovery,96400000,u_0.80,0.8,92434894.05002308,0.42,76.0,0.060240963855421686,800405b9f74aaa90d90ba641e3d644c477fd53160794163db89b827c6c506a7d
routing_nominal_history,routing_nominal_history:seed96100001:epoch80,80,19,discovery,96400000,u_0.90,0.9,94739028.3932705,0.42,75.0,0.05813953488372093,800405b9f74aaa90d90ba641e3d644c477fd53160794163db89b827c6c506a7d
routing_nominal_history,routing_nominal_history:seed96100001:epoch80,80,19,discovery,96400000,u_1.00,1.0,95554388.99473554,0.42,71.0,0.0546448087431694,800405b9f74aaa90d90ba641e3d644c477fd53160794163db89b827c6c506a7d
routing_nominal_history,routing_nominal_history:seed96100001:epoch80,80,19,discovery,96400001,anchor,-1.0,95252794.83256684,0.42,97.0,0.1282051282051282,800405b9f74aaa90d90ba641e3d644c477fd53160794163db89b827c6c506a7d
routing_nominal_history,routing_nominal_history:seed96100001:epoch80,80,19,discovery,96400001,u_0.00,0.0,95252794.83256684,0.42,97.0,0.1282051282051282,800405b9f74aaa90d90ba641e3d644c477fd53160794163db89b827c6c506a7d
routing_nominal_history,routing_nominal_history:seed96100001:epoch80,80,19,discovery,96400001,u_0.10,0.1,94328942.0674408,0.42,95.0,0.11494252873563218,800405b9f74aaa90d90ba641e3d644c477fd53160794163db89b827c6c506a7d
routing_nominal_history,routing_nominal_history:seed96100001:epoch80,80,19,discovery,96400001,u_0.20,0.2,94028783.69425297,0.42,94.0,0.10416666666666667,800405b9f74aaa90d90ba641e3d644c477fd53160794163db89b827c6c506a7d
routing_nominal_history,routing_nominal_history:seed96100001:epoch80,80,19,discovery,96400001,u_0.30,0.3,92153233.76225233,0.42,90.0,0.09090909090909091,800405b9f74aaa90d90ba641e3d644c477fd53160794163db89b827c6c506a7d
routing_nominal_history,routing_nominal_history:seed96100001:epoch80,80,19,discovery,96400001,u_0.40,0.4,91289637.77121577,0.42,87.0,0.08064516129032258,800405b9f74aaa90d90ba641e3d644c477fd53160794163db89b827c6c506a7d
routing_nominal_history,routing_nominal_history:seed96100001:epoch80,80,19,discovery,96400001,u_0.50,0.5,90165367.79473552,0.42,83.0,0.07246376811594203,800405b9f74aaa90d90ba641e3d644c477fd53160794163db89b827c6c506a7d
routing_nominal_history,routing_nominal_history:seed96100001:epoch80,80,19,discovery,96400001,u_0.60,0.6,91418028.72870088,0.42,82.0,0.06896551724137931,800405b9f74aaa90d90ba641e3d644c477fd53160794163db89b827c6c506a7d
routing_nominal_history,routing_nominal_history:seed96100001:epoch80,80,19,discovery,96400001,u_0.70,0.7,91307448.77311182,0.42,78.0,0.06493506493506493,800405b9f74aaa90d90ba641e3d644c477fd53160794163db89b827c6c506a7d
routing_nominal_history,routing_nominal_history:seed96100001:epoch80,80,19,discovery,96400001,u_0.80,0.8,92434894.05002308,0.42,76.0,0.060240963855421686,800405b9f74aaa90d90ba641e3d644c477fd53160794163db89b827c6c506a7d
routing_nominal_history,routing_nominal_history:seed96100001:epoch80,80,19,discovery,96400001,u_0.90,0.9,94739028.3932705,0.42,75.0,0.05813953488372093,800405b9f74aaa90d90ba641e3d644c477fd53160794163db89b827c6c506a7d
routing_nominal_history,routing_nominal_history:seed96100001:epoch80,80,19,discovery,96400001,u_1.00,1.0,95554388.99473554,0.42,71.0,0.0546448087431694,800405b9f74aaa90d90ba641e3d644c477fd53160794163db89b827c6c506a7d
routing_nominal_history,routing_nominal_history:seed96100001:epoch80,80,19,discovery,96400002,anchor,-1.0,95252794.83256684,0.42,97.0,0.1282051282051282,800405b9f74aaa90d90ba641e3d644c477fd53160794163db89b827c6c506a7d
routing_nominal_history,routing_nominal_history:seed96100001:epoch80,80,19,discovery,96400002,u_0.00,0.0,95252794.83256684,0.42,97.0,0.1282051282051282,800405b9f74aaa90d90ba641e3d644c477fd53160794163db89b827c6c506a7d
routing_nominal_history,routing_nominal_history:seed96100001:epoch80,80,19,discovery,96400002,u_0.10,0.1,94328942.0674408,0.42,95.0,0.11494252873563218,800405b9f74aaa90d90ba641e3d644c477fd53160794163db89b827c6c506a7d
routing_nominal_history,routing_nominal_history:seed96100001:epoch80,80,19,discovery,96400002,u_0.20,0.2,94028783.69425297,0.42,94.0,0.10416666666666667,800405b9f74aaa90d90ba641e3d644c477fd53160794163db89b827c6c506a7d
routing_nominal_history,routing_nominal_history:seed96100001:epoch80,80,19,discovery,96400002,u_0.30,0.3,92153233.76225233,0.42,90.0,0.09090909090909091,800405b9f74aaa90d90ba641e3d644c477fd53160794163db89b827c6c506a7d
routing_nominal_history,routing_nominal_history:seed96100001:epoch80,80,19,discovery,96400002,u_0.40,0.4,91289637.77121577,0.42,87.0,0.08064516129032258,800405b9f74aaa90d90ba641e3d644c477fd53160794163db89b827c6c506a7d
routing_nominal_history,routing_nominal_history:seed96100001:epoch80,80,19,discovery,96400002,u_0.50,0.5,90165367.79473552,0.42,83.0,0.07246376811594203,800405b9f74aaa90d90ba641e3d644c477fd53160794163db89b827c6c506a7d
routing_nominal_history,routing_nominal_history:seed96100001:epoch80,80,19,discovery,96400002,u_0.60,0.6,91418028.72870088,0.42,82.0,0.06896551724137931,800405b9f74aaa90d90ba641e3d644c477fd53160794163db89b827c6c506a7d
routing_nominal_history,routing_nominal_history:seed96100001:epoch80,80,19,discovery,96400002,u_0.70,0.7,91307448.77311182,0.42,78.0,0.06493506493506493,800405b9f74aaa90d90ba641e3d644c477fd53160794163db89b827c6c506a7d
routing_nominal_history,routing_nominal_history:seed96100001:epoch80,80,19,discovery,96400002,u_0.80,0.8,92434894.05002308,0.42,76.0,0.060240963855421686,800405b9f74aaa90d90ba641e3d644c477fd53160794163db89b827c6c506a7d
routing_nominal_history,routing_nominal_history:seed96100001:epoch80,80,19,discovery,96400002,u_0.90,0.9,94739028.3932705,0.42,75.0,0.05813953488372093,800405b9f74aaa90d90ba641e3d644c477fd53160794163db89b827c6c506a7d
routing_nominal_history,routing_nominal_history:seed96100001:epoch80,80,19,discovery,96400002,u_1.00,1.0,95554388.99473554,0.42,71.0,0.0546448087431694,800405b9f74aaa90d90ba641e3d644c477fd53160794163db89b827c6c506a7d
routing_nominal_history,routing_nominal_history:seed96100001:epoch80,80,19,validation,96500000,anchor,-1.0,95252794.83256684,0.42,97.0,0.1282051282051282,800405b9f74aaa90d90ba641e3d644c477fd53160794163db89b827c6c506a7d
routing_nominal_history,routing_nominal_history:seed96100001:epoch80,80,19,validation,96500000,u_0.00,0.0,95252794.83256684,0.42,97.0,0.1282051282051282,800405b9f74aaa90d90ba641e3d644c477fd53160794163db89b827c6c506a7d
routing_nominal_history,routing_nominal_history:seed96100001:epoch80,80,19,validation,96500000,u_0.10,0.1,94328942.0674408,0.42,95.0,0.11494252873563218,800405b9f74aaa90d90ba641e3d644c477fd53160794163db89b827c6c506a7d
routing_nominal_history,routing_nominal_history:seed96100001:epoch80,80,19,validation,96500000,u_0.20,0.2,94028783.69425297,0.42,94.0,0.10416666666666667,800405b9f74aaa90d90ba641e3d644c477fd53160794163db89b827c6c506a7d
routing_nominal_history,routing_nominal_history:seed96100001:epoch80,80,19,validation,96500000,u_0.30,0.3,92153233.76225233,0.42,90.0,0.09090909090909091,800405b9f74aaa90d90ba641e3d644c477fd53160794163db89b827c6c506a7d
routing_nominal_history,routing_nominal_history:seed96100001:epoch80,80,19,validation,96500000,u_0.40,0.4,91289637.77121577,0.42,87.0,0.08064516129032258,800405b9f74aaa90d90ba641e3d644c477fd53160794163db89b827c6c506a7d
routing_nominal_history,routing_nominal_history:seed96100001:epoch80,80,19,validation,96500000,u_0.50,0.5,90165367.79473552,0.42,83.0,0.07246376811594203,800405b9f74aaa90d90ba641e3d644c477fd53160794163db89b827c6c506a7d
routing_nominal_history,routing_nominal_history:seed96100001:epoch80,80,19,validation,96500000,u_0.60,0.6,91418028.72870088,0.42,82.0,0.06896551724137931,800405b9f74aaa90d90ba641e3d644c477fd53160794163db89b827c6c506a7d
routing_nominal_history,routing_nominal_history:seed96100001:epoch80,80,19,validation,96500000,u_0.70,0.7,91307448.77311182,0.42,78.0,0.06493506493506493,800405b9f74aaa90d90ba641e3d644c477fd53160794163db89b827c6c506a7d
routing_nominal_history,routing_nominal_history:seed96100001:epoch80,80,19,validation,96500000,u_0.80,0.8,92434894.05002308,0.42,76.0,0.060240963855421686,800405b9f74aaa90d90ba641e3d644c477fd53160794163db89b827c6c506a7d
routing_nominal_history,routing_nominal_history:seed96100001:epoch80,80,19,validation,96500000,u_0.90,0.9,94739028.3932705,0.42,75.0,0.05813953488372093,800405b9f74aaa90d90ba641e3d644c477fd53160794163db89b827c6c506a7d
routing_nominal_history,routing_nominal_history:seed96100001:epoch80,80,19,validation,96500000,u_1.00,1.0,95554388.99473554,0.42,71.0,0.0546448087431694,800405b9f74aaa90d90ba641e3d644c477fd53160794163db89b827c6c506a7d
routing_nominal_history,routing_nominal_history:seed96100001:epoch80,80,19,validation,96500001,anchor,-1.0,95252794.83256684,0.42,97.0,0.1282051282051282,800405b9f74aaa90d90ba641e3d644c477fd53160794163db89b827c6c506a7d
routing_nominal_history,routing_nominal_history:seed96100001:epoch80,80,19,validation,96500001,u_0.00,0.0,95252794.83256684,0.42,97.0,0.1282051282051282,800405b9f74aaa90d90ba641e3d644c477fd53160794163db89b827c6c506a7d
routing_nominal_history,routing_nominal_history:seed96100001:epoch80,80,19,validation,96500001,u_0.10,0.1,94328942.0674408,0.42,95.0,0.11494252873563218,800405b9f74aaa90d90ba641e3d644c477fd53160794163db89b827c6c506a7d
routing_nominal_history,routing_nominal_history:seed96100001:epoch80,80,19,validation,96500001,u_0.20,0.2,94028783.69425297,0.42,94.0,0.10416666666666667,800405b9f74aaa90d90ba641e3d644c477fd53160794163db89b827c6c506a7d
routing_nominal_history,routing_nominal_history:seed96100001:epoch80,80,19,validation,96500001,u_0.30,0.3,92153233.76225233,0.42,90.0,0.09090909090909091,800405b9f74aaa90d90ba641e3d644c477fd53160794163db89b827c6c506a7d
routing_nominal_history,routing_nominal_history:seed96100001:epoch80,80,19,validation,96500001,u_0.40,0.4,91289637.77121577,0.42,87.0,0.08064516129032258,800405b9f74aaa90d90ba641e3d644c477fd53160794163db89b827c6c506a7d
routing_nominal_history,routing_nominal_history:seed96100001:epoch80,80,19,validation,96500001,u_0.50,0.5,90165367.79473552,0.42,83.0,0.07246376811594203,800405b9f74aaa90d90ba641e3d644c477fd53160794163db89b827c6c506a7d
routing_nominal_history,routing_nominal_history:seed96100001:epoch80,80,19,validation,96500001,u_0.60,0.6,91418028.72870088,0.42,82.0,0.06896551724137931,800405b9f74aaa90d90ba641e3d644c477fd53160794163db89b827c6c506a7d
routing_nominal_history,routing_nominal_history:seed96100001:epoch80,80,19,validation,96500001,u_0.70,0.7,91307448.77311182,0.42,78.0,0.06493506493506493,800405b9f74aaa90d90ba641e3d644c477fd53160794163db89b827c6c506a7d
routing_nominal_history,routing_nominal_history:seed96100001:epoch80,80,19,validation,96500001,u_0.80,0.8,92434894.05002308,0.42,76.0,0.060240963855421686,800405b9f74aaa90d90ba641e3d644c477fd53160794163db89b827c6c506a7d
routing_nominal_history,routing_nominal_history:seed96100001:epoch80,80,19,validation,96500001,u_0.90,0.9,94739028.3932705,0.42,75.0,0.05813953488372093,800405b9f74aaa90d90ba641e3d644c477fd53160794163db89b827c6c506a7d
routing_nominal_history,routing_nominal_history:seed96100001:epoch80,80,19,validation,96500001,u_1.00,1.0,95554388.99473554,0.42,71.0,0.0546448087431694,800405b9f74aaa90d90ba641e3d644c477fd53160794163db89b827c6c506a7d
routing_nominal_history,routing_nominal_history:seed96100001:epoch80,80,19,validation,96500002,anchor,-1.0,95252794.83256684,0.42,97.0,0.1282051282051282,800405b9f74aaa90d90ba641e3d644c477fd53160794163db89b827c6c506a7d
routing_nominal_history,routing_nominal_history:seed96100001:epoch80,80,19,validation,96500002,u_0.00,0.0,95252794.83256684,0.42,97.0,0.1282051282051282,800405b9f74aaa90d90ba641e3d644c477fd53160794163db89b827c6c506a7d
routing_nominal_history,routing_nominal_history:seed96100001:epoch80,80,19,validation,96500002,u_0.10,0.1,94328942.0674408,0.42,95.0,0.11494252873563218,800405b9f74aaa90d90ba641e3d644c477fd53160794163db89b827c6c506a7d
routing_nominal_history,routing_nominal_history:seed96100001:epoch80,80,19,validation,96500002,u_0.20,0.2,94028783.69425297,0.42,94.0,0.10416666666666667,800405b9f74aaa90d90ba641e3d644c477fd53160794163db89b827c6c506a7d
routing_nominal_history,routing_nominal_history:seed96100001:epoch80,80,19,validation,96500002,u_0.30,0.3,92153233.76225233,0.42,90.0,0.09090909090909091,800405b9f74aaa90d90ba641e3d644c477fd53160794163db89b827c6c506a7d
routing_nominal_history,routing_nominal_history:seed96100001:epoch80,80,19,validation,96500002,u_0.40,0.4,91289637.77121577,0.42,87.0,0.08064516129032258,800405b9f74aaa90d90ba641e3d644c477fd53160794163db89b827c6c506a7d
routing_nominal_history,routing_nominal_history:seed96100001:epoch80,80,19,validation,96500002,u_0.50,0.5,90165367.79473552,0.42,83.0,0.07246376811594203,800405b9f74aaa90d90ba641e3d644c477fd53160794163db89b827c6c506a7d
routing_nominal_history,routing_nominal_history:seed96100001:epoch80,80,19,validation,96500002,u_0.60,0.6,91418028.72870088,0.42,82.0,0.06896551724137931,800405b9f74aaa90d90ba641e3d644c477fd53160794163db89b827c6c506a7d
routing_nominal_history,routing_nominal_history:seed96100001:epoch80,80,19,validation,96500002,u_0.70,0.7,91307448.77311182,0.42,78.0,0.06493506493506493,800405b9f74aaa90d90ba641e3d644c477fd53160794163db89b827c6c506a7d
routing_nominal_history,routing_nominal_history:seed96100001:epoch80,80,19,validation,96500002,u_0.80,0.8,92434894.05002308,0.42,76.0,0.060240963855421686,800405b9f74aaa90d90ba641e3d644c477fd53160794163db89b827c6c506a7d
routing_nominal_history,routing_nominal_history:seed96100001:epoch80,80,19,validation,96500002,u_0.90,0.9,94739028.3932705,0.42,75.0,0.05813953488372093,800405b9f74aaa90d90ba641e3d644c477fd53160794163db89b827c6c506a7d
routing_nominal_history,routing_nominal_history:seed96100001:epoch80,80,19,validation,96500002,u_1.00,1.0,95554388.99473554,0.42,71.0,0.0546448087431694,800405b9f74aaa90d90ba641e3d644c477fd53160794163db89b827c6c506a7d
routing_nominal_history,routing_nominal_history:seed96100001:epoch80,80,19,validation,96500003,anchor,-1.0,95252794.83256684,0.42,97.0,0.1282051282051282,800405b9f74aaa90d90ba641e3d644c477fd53160794163db89b827c6c506a7d
routing_nominal_history,routing_nominal_history:seed96100001:epoch80,80,19,validation,96500003,u_0.00,0.0,95252794.83256684,0.42,97.0,0.1282051282051282,800405b9f74aaa90d90ba641e3d644c477fd53160794163db89b827c6c506a7d
routing_nominal_history,routing_nominal_history:seed96100001:epoch80,80,19,validation,96500003,u_0.10,0.1,94328942.0674408,0.42,95.0,0.11494252873563218,800405b9f74aaa90d90ba641e3d644c477fd53160794163db89b827c6c506a7d
routing_nominal_history,routing_nominal_history:seed96100001:epoch80,80,19,validation,96500003,u_0.20,0.2,94028783.69425297,0.42,94.0,0.10416666666666667,800405b9f74aaa90d90ba641e3d644c477fd53160794163db89b827c6c506a7d
routing_nominal_history,routing_nominal_history:seed96100001:epoch80,80,19,validation,96500003,u_0.30,0.3,92153233.76225233,0.42,90.0,0.09090909090909091,800405b9f74aaa90d90ba641e3d644c477fd53160794163db89b827c6c506a7d
routing_nominal_history,routing_nominal_history:seed96100001:epoch80,80,19,validation,96500003,u_0.40,0.4,91289637.77121577,0.42,87.0,0.08064516129032258,800405b9f74aaa90d90ba641e3d644c477fd53160794163db89b827c6c506a7d
routing_nominal_history,routing_nominal_history:seed96100001:epoch80,80,19,validation,96500003,u_0.50,0.5,90165367.79473552,0.42,83.0,0.07246376811594203,800405b9f74aaa90d90ba641e3d644c477fd53160794163db89b827c6c506a7d
routing_nominal_history,routing_nominal_history:seed96100001:epoch80,80,19,validation,96500003,u_0.60,0.6,91418028.72870088,0.42,82.0,0.06896551724137931,800405b9f74aaa90d90ba641e3d644c477fd53160794163db89b827c6c506a7d
routing_nominal_history,routing_nominal_history:seed96100001:epoch80,80,19,validation,96500003,u_0.70,0.7,91307448.77311182,0.42,78.0,0.06493506493506493,800405b9f74aaa90d90ba641e3d644c477fd53160794163db89b827c6c506a7d
routing_nominal_history,routing_nominal_history:seed96100001:epoch80,80,19,validation,96500003,u_0.80,0.8,92434894.05002308,0.42,76.0,0.060240963855421686,800405b9f74aaa90d90ba641e3d644c477fd53160794163db89b827c6c506a7d
routing_nominal_history,routing_nominal_history:seed96100001:epoch80,80,19,validation,96500003,u_0.90,0.9,94739028.3932705,0.42,75.0,0.05813953488372093,800405b9f74aaa90d90ba641e3d644c477fd53160794163db89b827c6c506a7d
routing_nominal_history,routing_nominal_history:seed96100001:epoch80,80,19,validation,96500003,u_1.00,1.0,95554388.99473554,0.42,71.0,0.0546448087431694,800405b9f74aaa90d90ba641e3d644c477fd53160794163db89b827c6c506a7d
routing_nominal_history,routing_nominal_history:seed96100001:epoch80,80,19,validation,96500004,anchor,-1.0,95252794.83256684,0.42,97.0,0.1282051282051282,800405b9f74aaa90d90ba641e3d644c477fd53160794163db89b827c6c506a7d
routing_nominal_history,routing_nominal_history:seed96100001:epoch80,80,19,validation,96500004,u_0.00,0.0,95252794.83256684,0.42,97.0,0.1282051282051282,800405b9f74aaa90d90ba641e3d644c477fd53160794163db89b827c6c506a7d
routing_nominal_history,routing_nominal_history:seed96100001:epoch80,80,19,validation,96500004,u_0.10,0.1,94328942.0674408,0.42,95.0,0.11494252873563218,800405b9f74aaa90d90ba641e3d644c477fd53160794163db89b827c6c506a7d
routing_nominal_history,routing_nominal_history:seed96100001:epoch80,80,19,validation,96500004,u_0.20,0.2,94028783.69425297,0.42,94.0,0.10416666666666667,800405b9f74aaa90d90ba641e3d644c477fd53160794163db89b827c6c506a7d
routing_nominal_history,routing_nominal_history:seed96100001:epoch80,80,19,validation,96500004,u_0.30,0.3,92153233.76225233,0.42,90.0,0.09090909090909091,800405b9f74aaa90d90ba641e3d644c477fd53160794163db89b827c6c506a7d
routing_nominal_history,routing_nominal_history:seed96100001:epoch80,80,19,validation,96500004,u_0.40,0.4,91289637.77121577,0.42,87.0,0.08064516129032258,800405b9f74aaa90d90ba641e3d644c477fd53160794163db89b827c6c506a7d
routing_nominal_history,routing_nominal_history:seed96100001:epoch80,80,19,validation,96500004,u_0.50,0.5,90165367.79473552,0.42,83.0,0.07246376811594203,800405b9f74aaa90d90ba641e3d644c477fd53160794163db89b827c6c506a7d
routing_nominal_history,routing_nominal_history:seed96100001:epoch80,80,19,validation,96500004,u_0.60,0.6,91418028.72870088,0.42,82.0,0.06896551724137931,800405b9f74aaa90d90ba641e3d644c477fd53160794163db89b827c6c506a7d
routing_nominal_history,routing_nominal_history:seed96100001:epoch80,80,19,validation,96500004,u_0.70,0.7,91307448.77311182,0.42,78.0,0.06493506493506493,800405b9f74aaa90d90ba641e3d644c477fd53160794163db89b827c6c506a7d
routing_nominal_history,routing_nominal_history:seed96100001:epoch80,80,19,validation,96500004,u_0.80,0.8,92434894.05002308,0.42,76.0,0.060240963855421686,800405b9f74aaa90d90ba641e3d644c477fd53160794163db89b827c6c506a7d
routing_nominal_history,routing_nominal_history:seed96100001:epoch80,80,19,validation,96500004,u_0.90,0.9,94739028.3932705,0.42,75.0,0.05813953488372093,800405b9f74aaa90d90ba641e3d644c477fd53160794163db89b827c6c506a7d
routing_nominal_history,routing_nominal_history:seed96100001:epoch80,80,19,validation,96500004,u_1.00,1.0,95554388.99473554,0.42,71.0,0.0546448087431694,800405b9f74aaa90d90ba641e3d644c477fd53160794163db89b827c6c506a7d
routing_nominal_history,routing_nominal_history:seed96100002:epoch30,30,20,discovery,96400000,anchor,-1.0,1350625321.237192,0.518170681910984,1267.0,0.08945454545454545,800405b9f74aaa90d90ba641e3d644c477fd53160794163db89b827c6c506a7d
routing_nominal_history,routing_nominal_history:seed96100002:epoch30,30,20,discovery,96400000,u_0.00,0.0,1350625321.237192,0.518170681910984,1267.0,0.08945454545454545,800405b9f74aaa90d90ba641e3d644c477fd53160794163db89b827c6c506a7d
routing_nominal_history,routing_nominal_history:seed96100002:epoch30,30,20,discovery,96400000,u_0.10,0.1,1347656138.5914023,0.5214373213556553,1260.0,0.08946608946608947,800405b9f74aaa90d90ba641e3d644c477fd53160794163db89b827c6c506a7d
routing_nominal_history,routing_nominal_history:seed96100002:epoch30,30,20,discovery,96400000,u_0.20,0.2,1344162526.2105377,0.5255206206614945,1253.0,0.08947745168217609,800405b9f74aaa90d90ba641e3d644c477fd53160794163db89b827c6c506a7d
routing_nominal_history,routing_nominal_history:seed96100002:epoch30,30,20,discovery,96400000,u_0.30,0.3,1335269712.296588,0.5316455696202531,1239.0,0.08781869688385269,800405b9f74aaa90d90ba641e3d644c477fd53160794163db89b827c6c506a7d
routing_nominal_history,routing_nominal_history:seed96100002:epoch30,30,20,discovery,96400000,u_0.40,0.4,1338747557.3830645,0.5308289097590854,1239.0,0.08936170212765958,800405b9f74aaa90d90ba641e3d644c477fd53160794163db89b827c6c506a7d
routing_nominal_history,routing_nominal_history:seed96100002:epoch30,30,20,discovery,96400000,u_0.50,0.5,1329028133.7316573,0.5373621886484279,1222.0,0.08567415730337079,800405b9f74aaa90d90ba641e3d644c477fd53160794163db89b827c6c506a7d
routing_nominal_history,routing_nominal_history:seed96100002:epoch30,30,20,discovery,96400000,u_0.60,0.6,1318800259.295066,0.5434871376071866,1210.0,0.0808362369337979,800405b9f74aaa90d90ba641e3d644c477fd53160794163db89b827c6c506a7d
routing_nominal_history,routing_nominal_history:seed96100002:epoch30,30,20,discovery,96400000,u_0.70,0.7,1320666604.7275734,0.5438954675377705,1208.0,0.07902097902097902,800405b9f74aaa90d90ba641e3d644c477fd53160794163db89b827c6c506a7d
routing_nominal_history,routing_nominal_history:seed96100002:epoch30,30,20,discovery,96400000,u_0.80,0.8,1313797322.3943918,0.5492037566353614,1194.0,0.0769764216366158,800405b9f74aaa90d90ba641e3d644c477fd53160794163db89b827c6c506a7d
routing_nominal_history,routing_nominal_history:seed96100002:epoch30,30,20,discovery,96400000,u_0.90,0.9,1309915215.667469,0.5528787260106166,1185.0,0.07586206896551724,800405b9f74aaa90d90ba641e3d644c477fd53160794163db89b827c6c506a7d
routing_nominal_history,routing_nominal_history:seed96100002:epoch30,30,20,discovery,96400000,u_1.00,1.0,1314843486.5698264,0.5524703960800327,1183.0,0.07596685082872928,800405b9f74aaa90d90ba641e3d644c477fd53160794163db89b827c6c506a7d
routing_nominal_history,routing_nominal_history:seed96100002:epoch30,30,20,discovery,96400001,anchor,-1.0,1355178736.9104648,0.5253817581510524,1291.0,0.08868060562364816,800405b9f74aaa90d90ba641e3d644c477fd53160794163db89b827c6c506a7d
routing_nominal_history,routing_nominal_history:seed96100002:epoch30,30,20,discovery,96400001,u_0.00,0.0,1355178736.9104648,0.5253817581510524,1291.0,0.08868060562364816,800405b9f74aaa90d90ba641e3d644c477fd53160794163db89b827c6c506a7d
routing_nominal_history,routing_nominal_history:seed96100002:epoch30,30,20,discovery,96400001,u_0.10,0.1,1351977947.1165762,0.5286834502682625,1285.0,0.08960573476702509,800405b9f74aaa90d90ba641e3d644c477fd53160794163db89b827c6c506a7d
routing_nominal_history,routing_nominal_history:seed96100002:epoch30,30,20,discovery,96400001,u_0.20,0.2,1347700542.5222943,0.5323978539001238,1278.0,0.0903271692745377,800405b9f74aaa90d90ba641e3d644c477fd53160794163db89b827c6c506a7d
routing_nominal_history,routing_nominal_history:seed96100002:epoch30,30,20,discovery,96400001,u_0.30,0.3,1341005949.1086295,0.5377631035905902,1267.0,0.09014084507042254,800405b9f74aaa90d90ba641e3d644c477fd53160794163db89b827c6c506a7d
routing_nominal_history,routing_nominal_history:seed96100002:epoch30,30,20,discovery,96400001,u_0.40,0.4,1344018974.2765887,0.5377631035905902,1267.0,0.09007741027445461,800405b9f74aaa90d90ba641e3d644c477fd53160794163db89b827c6c506a7d
routing_nominal_history,routing_nominal_history:seed96100002:epoch30,30,20,discovery,96400001,u_0.50,0.5,1337540413.50338,0.5431283532810566,1255.0,0.08989547038327526,800405b9f74aaa90d90ba641e3d644c477fd53160794163db89b827c6c506a7d
routing_nominal_history,routing_nominal_history:seed96100002:epoch30,30,20,discovery,96400001,u_0.60,0.6,1332694625.2148886,0.5480808914568717,1244.0,0.08795013850415513,800405b9f74aaa90d90ba641e3d644c477fd53160794163db89b827c6c506a7d
routing_nominal_history,routing_nominal_history:seed96100002:epoch30,30,20,discovery,96400001,u_0.70,0.7,1344433908.4859977,0.5427156417664053,1253.0,0.09014675052410902,800405b9f74aaa90d90ba641e3d644c477fd53160794163db89b827c6c506a7d
routing_nominal_history,routing_nominal_history:seed96100002:epoch30,30,20,discovery,96400001,u_0.80,0.8,1337710200.8694522,0.5468427569129178,1242.0,0.08996539792387544,800405b9f74aaa90d90ba641e3d644c477fd53160794163db89b827c6c506a7d
routing_nominal_history,routing_nominal_history:seed96100002:epoch30,30,20,discovery,96400001,u_0.90,0.9,1335835854.6555872,0.5497317375154767,1236.0,0.09015829318651067,800405b9f74aaa90d90ba641e3d644c477fd53160794163db89b827c6c506a7d
routing_nominal_history,routing_nominal_history:seed96100002:epoch30,30,20,discovery,96400001,u_1.00,1.0,1341186007.8569093,0.5476681799422204,1239.0,0.0923501033769814,800405b9f74aaa90d90ba641e3d644c477fd53160794163db89b827c6c506a7d
routing_nominal_history,routing_nominal_history:seed96100002:epoch30,30,20,discovery,96400002,anchor,-1.0,1185593237.1144454,0.5563380281690141,1105.0,0.09282088469905729,800405b9f74aaa90d90ba641e3d644c477fd53160794163db89b827c6c506a7d
routing_nominal_history,routing_nominal_history:seed96100002:epoch30,30,20,discovery,96400002,u_0.00,0.0,1185593237.1144454,0.5563380281690141,1105.0,0.09282088469905729,800405b9f74aaa90d90ba641e3d644c477fd53160794163db89b827c6c506a7d
routing_nominal_history,routing_nominal_history:seed96100002:epoch30,30,20,discovery,96400002,u_0.10,0.1,1183124287.399478,0.5602992957746479,1100.0,0.09359251259899208,800405b9f74aaa90d90ba641e3d644c477fd53160794163db89b827c6c506a7d
routing_nominal_history,routing_nominal_history:seed96100002:epoch30,30,20,discovery,96400002,u_0.20,0.2,1176346057.6180665,0.565580985915493,1088.0,0.09343794579172611,800405b9f74aaa90d90ba641e3d644c477fd53160794163db89b827c6c506a7d
routing_nominal_history,routing_nominal_history:seed96100002:epoch30,30,20,discovery,96400002,u_0.30,0.3,1167332284.5664546,0.5735035211267606,1076.0,0.08923512747875353,800405b9f74aaa90d90ba641e3d644c477fd53160794163db89b827c6c506a7d
routing_nominal_history,routing_nominal_history:seed96100002:epoch30,30,20,discovery,96400002,u_0.40,0.4,1168875404.4467418,0.5735035211267606,1075.0,0.08936170212765958,800405b9f74aaa90d90ba641e3d644c477fd53160794163db89b827c6c506a7d
routing_nominal_history,routing_nominal_history:seed96100002:epoch30,30,20,discovery,96400002,u_0.50,0.5,1156292245.3560202,0.5818661971830986,1056.0,0.08362614195361912,800405b9f74aaa90d90ba641e3d644c477fd53160794163db89b827c6c506a7d
routing_nominal_history,routing_nominal_history:seed96100002:epoch30,30,20,discovery,96400002,u_0.60,0.6,1150382484.3937645,0.5867077464788732,1047.0,0.08170391061452514,800405b9f74aaa90d90ba641e3d644c477fd53160794163db89b827c6c506a7d
routing_nominal_history,routing_nominal_history:seed96100002:epoch30,30,20,discovery,96400002,u_0.70,0.7,1158084761.379875,0.5827464788732394,1053.0,0.08216292134831461,800405b9f74aaa90d90ba641e3d644c477fd53160794163db89b827c6c506a7d
routing_nominal_history,routing_nominal_history:seed96100002:epoch30,30,20,discovery,96400002,u_0.80,0.8,1152859913.3292596,0.585387323943662,1045.0,0.08350730688935282,800405b9f74aaa90d90ba641e3d644c477fd53160794163db89b827c6c506a7d
routing_nominal_history,routing_nominal_history:seed96100002:epoch30,30,20,discovery,96400002,u_0.90,0.9,1150550000.085685,0.5893485915492958,1038.0,0.08287292817679558,800405b9f74aaa90d90ba641e3d644c477fd53160794163db89b827c6c506a7d
routing_nominal_history,routing_nominal_history:seed96100002:epoch30,30,20,discovery,96400002,u_1.00,1.0,1158837126.6438546,0.5880281690140845,1045.0,0.08782849239280774,800405b9f74aaa90d90ba641e3d644c477fd53160794163db89b827c6c506a7d
routing_nominal_history,routing_nominal_history:seed96100002:epoch30,30,20,validation,96500000,anchor,-1.0,1259853283.6311083,0.5382674516400336,1156.0,0.08212209302325581,800405b9f74aaa90d90ba641e3d644c477fd53160794163db89b827c6c506a7d
routing_nominal_history,routing_nominal_history:seed96100002:epoch30,30,20,validation,96500000,u_0.00,0.0,1259853283.6311083,0.5382674516400336,1156.0,0.08212209302325581,800405b9f74aaa90d90ba641e3d644c477fd53160794163db89b827c6c506a7d
routing_nominal_history,routing_nominal_history:seed96100002:epoch30,30,20,validation,96500000,u_0.10,0.1,1255724214.456077,0.5428931875525652,1146.0,0.08080808080808081,800405b9f74aaa90d90ba641e3d644c477fd53160794163db89b827c6c506a7d
routing_nominal_history,routing_nominal_history:seed96100002:epoch30,30,20,validation,96500000,u_0.20,0.2,1251336497.794616,0.5479394449116904,1138.0,0.08082975679542204,800405b9f74aaa90d90ba641e3d644c477fd53160794163db89b827c6c506a7d
routing_nominal_history,routing_nominal_history:seed96100002:epoch30,30,20,validation,96500000,u_0.30,0.3,1242028693.7213864,0.5550883095037847,1122.0,0.07909604519774012,800405b9f74aaa90d90ba641e3d644c477fd53160794163db89b827c6c506a7d
routing_nominal_history,routing_nominal_history:seed96100002:epoch30,30,20,validation,96500000,u_0.40,0.4,1247197111.6233218,0.5538267451640033,1127.0,0.07883522727272728,800405b9f74aaa90d90ba641e3d644c477fd53160794163db89b827c6c506a7d
routing_nominal_history,routing_nominal_history:seed96100002:epoch30,30,20,validation,96500000,u_0.50,0.5,1232566493.248405,0.5626576955424727,1107.0,0.07438596491228071,800405b9f74aaa90d90ba641e3d644c477fd53160794163db89b827c6c506a7d
routing_nominal_history,routing_nominal_history:seed96100002:epoch30,30,20,validation,96500000,u_0.60,0.6,1229231062.3589063,0.563919259882254,1094.0,0.07590529247910864,800405b9f74aaa90d90ba641e3d644c477fd53160794163db89b827c6c506a7d
routing_nominal_history,routing_nominal_history:seed96100002:epoch30,30,20,validation,96500000,u_0.70,0.7,1237412851.7299519,0.5613961312026914,1098.0,0.07762237762237763,800405b9f74aaa90d90ba641e3d644c477fd53160794163db89b827c6c506a7d
routing_nominal_history,routing_nominal_history:seed96100002:epoch30,30,20,validation,96500000,u_0.80,0.8,1230396281.5117602,0.5672834314550042,1083.0,0.07356002775850104,800405b9f74aaa90d90ba641e3d644c477fd53160794163db89b827c6c506a7d
routing_nominal_history,routing_nominal_history:seed96100002:epoch30,30,20,validation,96500000,u_0.90,0.9,1227373716.602552,0.571488645920942,1074.0,0.07177363699102829,800405b9f74aaa90d90ba641e3d644c477fd53160794163db89b827c6c506a7d
routing_nominal_history,routing_nominal_history:seed96100002:epoch30,30,20,validation,96500000,u_1.00,1.0,1234911517.1615036,0.5702270815811606,1081.0,0.07335640138408304,800405b9f74aaa90d90ba641e3d644c477fd53160794163db89b827c6c506a7d
routing_nominal_history,routing_nominal_history:seed96100002:epoch30,30,20,validation,96500001,anchor,-1.0,1381575306.7488859,0.5152501016673444,1270.0,0.08761766835626358,800405b9f74aaa90d90ba641e3d644c477fd53160794163db89b827c6c506a7d
routing_nominal_history,routing_nominal_history:seed96100002:epoch30,30,20,validation,96500001,u_0.00,0.0,1381575306.7488859,0.5152501016673444,1270.0,0.08761766835626358,800405b9f74aaa90d90ba641e3d644c477fd53160794163db89b827c6c506a7d
routing_nominal_history,routing_nominal_history:seed96100002:epoch30,30,20,validation,96500001,u_0.10,0.1,1378210701.8161414,0.5201301342008947,1264.0,0.08758076094759512,800405b9f74aaa90d90ba641e3d644c477fd53160794163db89b827c6c506a7d
routing_nominal_history,routing_nominal_history:seed96100002:epoch30,30,20,validation,96500001,u_0.20,0.2,1374881462.4022622,0.524603497356649,1257.0,0.08701854493580599,800405b9f74aaa90d90ba641e3d644c477fd53160794163db89b827c6c506a7d
routing_nominal_history,routing_nominal_history:seed96100002:epoch30,30,20,validation,96500001,u_0.30,0.3,1363993390.9173055,0.5294835298901993,1243.0,0.08421797593772117,800405b9f74aaa90d90ba641e3d644c477fd53160794163db89b827c6c506a7d
routing_nominal_history,routing_nominal_history:seed96100002:epoch30,30,20,validation,96500001,u_0.40,0.4,1365713751.961341,0.5282635217568117,1248.0,0.08711048158640226,800405b9f74aaa90d90ba641e3d644c477fd53160794163db89b827c6c506a7d
routing_nominal_history,routing_nominal_history:seed96100002:epoch30,30,20,validation,96500001,u_0.50,0.5,1356227466.0935888,0.5347702318015454,1234.0,0.08409250175192712,800405b9f74aaa90d90ba641e3d644c477fd53160794163db89b827c6c506a7d
routing_nominal_history,routing_nominal_history:seed96100002:epoch30,30,20,validation,96500001,u_0.60,0.6,1348901946.950972,0.538430256201708,1223.0,0.08211551844119694,800405b9f74aaa90d90ba641e3d644c477fd53160794163db89b827c6c506a7d
routing_nominal_history,routing_nominal_history:seed96100002:epoch30,30,20,validation,96500001,u_0.70,0.7,1353318519.1212091,0.5392435949572997,1223.0,0.08013937282229965,800405b9f74aaa90d90ba641e3d644c477fd53160794163db89b827c6c506a7d
routing_nominal_history,routing_nominal_history:seed96100002:epoch30,30,20,validation,96500001,u_0.80,0.8,1348393520.1725678,0.5437169581130541,1211.0,0.0801658604008293,800405b9f74aaa90d90ba641e3d644c477fd53160794163db89b827c6c506a7d
routing_nominal_history,routing_nominal_history:seed96100002:epoch30,30,20,validation,96500001,u_0.90,0.9,1347725846.721662,0.546563643757625,1205.0,0.08041237113402062,800405b9f74aaa90d90ba641e3d644c477fd53160794163db89b827c6c506a7d
routing_nominal_history,routing_nominal_history:seed96100002:epoch30,30,20,validation,96500001,u_1.00,1.0,1352618867.4678602,0.546563643757625,1211.0,0.0800552104899931,800405b9f74aaa90d90ba641e3d644c477fd53160794163db89b827c6c506a7d
routing_nominal_history,routing_nominal_history:seed96100002:epoch30,30,20,validation,96500002,anchor,-1.0,1579359161.768049,0.4680045437334343,1492.0,0.10088365243004419,800405b9f74aaa90d90ba641e3d644c477fd53160794163db89b827c6c506a7d
routing_nominal_history,routing_nominal_history:seed96100002:epoch30,30,20,validation,96500002,u_0.00,0.0,1579359161.768049,0.4680045437334343,1492.0,0.10088365243004419,800405b9f74aaa90d90ba641e3d644c477fd53160794163db89b827c6c506a7d
routing_nominal_history,routing_nominal_history:seed96100002:epoch30,30,20,validation,96500002,u_0.10,0.1,1575292440.3264956,0.4714123438091632,1479.0,0.10087719298245613,800405b9f74aaa90d90ba641e3d644c477fd53160794163db89b827c6c506a7d
routing_nominal_history,routing_nominal_history:seed96100002:epoch30,30,20,validation,96500002,u_0.20,0.2,1571064546.3262353,0.47444149943203334,1473.0,0.10224800580130529,800405b9f74aaa90d90ba641e3d644c477fd53160794163db89b827c6c506a7d
routing_nominal_history,routing_nominal_history:seed96100002:epoch30,30,20,validation,96500002,u_0.30,0.3,1567823028.3251941,0.47860658841347975,1465.0,0.10337401292175162,800405b9f74aaa90d90ba641e3d644c477fd53160794163db89b827c6c506a7d
routing_nominal_history,routing_nominal_history:seed96100002:epoch30,30,20,validation,96500002,u_0.40,0.4,1570996878.618248,0.47860658841347975,1467.0,0.10143884892086331,800405b9f74aaa90d90ba641e3d644c477fd53160794163db89b827c6c506a7d
routing_nominal_history,routing_nominal_history:seed96100002:epoch30,30,20,validation,96500002,u_0.50,0.5,1560616963.5195885,0.48390761075350247,1457.0,0.09829059829059829,800405b9f74aaa90d90ba641e3d644c477fd53160794163db89b827c6c506a7d
routing_nominal_history,routing_nominal_history:seed96100002:epoch30,30,20,validation,96500002,u_0.60,0.6,1551977006.325287,0.4888299886406664,1444.0,0.09547383309759547,800405b9f74aaa90d90ba641e3d644c477fd53160794163db89b827c6c506a7d
routing_nominal_history,routing_nominal_history:seed96100002:epoch30,30,20,validation,96500002,u_0.70,0.7,1556485211.4293303,0.48845134418780767,1446.0,0.09588068181818182,800405b9f74aaa90d90ba641e3d644c477fd53160794163db89b827c6c506a7d
routing_nominal_history,routing_nominal_history:seed96100002:epoch30,30,20,validation,96500002,u_0.80,0.8,1558522910.6313841,0.49034456645210145,1437.0,0.09887005649717515,800405b9f74aaa90d90ba641e3d644c477fd53160794163db89b827c6c506a7d
routing_nominal_history,routing_nominal_history:seed96100002:epoch30,30,20,validation,96500002,u_0.90,0.9,1556432791.4477022,0.4933737220749716,1429.0,0.0986703988803359,800405b9f74aaa90d90ba641e3d644c477fd53160794163db89b827c6c506a7d
routing_nominal_history,routing_nominal_history:seed96100002:epoch30,30,20,validation,96500002,u_1.00,1.0,1564034868.5252872,0.49148049981067776,1435.0,0.10091100210231255,800405b9f74aaa90d90ba641e3d644c477fd53160794163db89b827c6c506a7d
routing_nominal_history,routing_nominal_history:seed96100002:epoch30,30,20,validation,96500003,anchor,-1.0,1191439195.2425528,0.5673854447439353,1127.0,0.09609826589595376,800405b9f74aaa90d90ba641e3d644c477fd53160794163db89b827c6c506a7d
routing_nominal_history,routing_nominal_history:seed96100002:epoch30,30,20,validation,96500003,u_0.00,0.0,1191439195.2425528,0.5673854447439353,1127.0,0.09609826589595376,800405b9f74aaa90d90ba641e3d644c477fd53160794163db89b827c6c506a7d
routing_nominal_history,routing_nominal_history:seed96100002:epoch30,30,20,validation,96500003,u_0.10,0.1,1186453725.807368,0.5723270440251572,1120.0,0.09339080459770115,800405b9f74aaa90d90ba641e3d644c477fd53160794163db89b827c6c506a7d
routing_nominal_history,routing_nominal_history:seed96100002:epoch30,30,20,validation,96500003,u_0.20,0.2,1182919998.4730594,0.5772686433063792,1111.0,0.09350463954318344,800405b9f74aaa90d90ba641e3d644c477fd53160794163db89b827c6c506a7d
routing_nominal_history,routing_nominal_history:seed96100002:epoch30,30,20,validation,96500003,u_0.30,0.3,1177983763.2360332,0.5822102425876011,1101.0,0.09533898305084745,800405b9f74aaa90d90ba641e3d644c477fd53160794163db89b827c6c506a7d
routing_nominal_history,routing_nominal_history:seed96100002:epoch30,30,20,validation,96500003,u_0.40,0.4,1182857733.334971,0.5822102425876011,1105.0,0.09547383309759547,800405b9f74aaa90d90ba641e3d644c477fd53160794163db89b827c6c506a7d
routing_nominal_history,routing_nominal_history:seed96100002:epoch30,30,20,validation,96500003,u_0.50,0.5,1175276954.812608,0.5876010781671159,1093.0,0.09410112359550561,800405b9f74aaa90d90ba641e3d644c477fd53160794163db89b827c6c506a7d
routing_nominal_history,routing_nominal_history:seed96100002:epoch30,30,20,validation,96500003,u_0.60,0.6,1163819524.458875,0.5943396226415094,1077.0,0.0890125173852573,800405b9f74aaa90d90ba641e3d644c477fd53160794163db89b827c6c506a7d
routing_nominal_history,routing_nominal_history:seed96100002:epoch30,30,20,validation,96500003,u_0.70,0.7,1165190325.4357202,0.5934411500449236,1075.0,0.08549404344779257,800405b9f74aaa90d90ba641e3d644c477fd53160794163db89b827c6c506a7d
routing_nominal_history,routing_nominal_history:seed96100002:epoch30,30,20,validation,96500003,u_0.80,0.8,1161569476.237382,0.5974842767295597,1065.0,0.08553546592489569,800405b9f74aaa90d90ba641e3d644c477fd53160794163db89b827c6c506a7d
routing_nominal_history,routing_nominal_history:seed96100002:epoch30,30,20,validation,96500003,u_0.90,0.9,1159866911.0267043,0.601078167115903,1059.0,0.0856945404284727,800405b9f74aaa90d90ba641e3d644c477fd53160794163db89b827c6c506a7d
routing_nominal_history,routing_nominal_history:seed96100002:epoch30,30,20,validation,96500003,u_1.00,1.0,1162237286.345972,0.6033243486073675,1055.0,0.08298755186721991,800405b9f74aaa90d90ba641e3d644c477fd53160794163db89b827c6c506a7d
routing_nominal_history,routing_nominal_history:seed96100002:epoch30,30,20,validation,96500004,anchor,-1.0,1321272614.7942264,0.5302581464240372,1255.0,0.09768451519536903,800405b9f74aaa90d90ba641e3d644c477fd53160794163db89b827c6c506a7d
routing_nominal_history,routing_nominal_history:seed96100002:epoch30,30,20,validation,96500004,u_0.00,0.0,1321272614.7942264,0.5302581464240372,1255.0,0.09768451519536903,800405b9f74aaa90d90ba641e3d644c477fd53160794163db89b827c6c506a7d
routing_nominal_history,routing_nominal_history:seed96100002:epoch30,30,20,validation,96500004,u_0.10,0.1,1319909916.277637,0.5336436732966567,1250.0,0.0996415770609319,800405b9f74aaa90d90ba641e3d644c477fd53160794163db89b827c6c506a7d
routing_nominal_history,routing_nominal_history:seed96100002:epoch30,30,20,validation,96500004,u_0.20,0.2,1311053645.837199,0.539568345323741,1238.0,0.09815078236130868,800405b9f74aaa90d90ba641e3d644c477fd53160794163db89b827c6c506a7d
routing_nominal_history,routing_nominal_history:seed96100002:epoch30,30,20,validation,96500004,u_0.30,0.3,1303427723.5200698,0.5463393990689801,1225.0,0.09570724841660802,800405b9f74aaa90d90ba641e3d644c477fd53160794163db89b827c6c506a7d
routing_nominal_history,routing_nominal_history:seed96100002:epoch30,30,20,validation,96500004,u_0.40,0.4,1307640889.001071,0.5446466356326704,1231.0,0.09695682944090588,800405b9f74aaa90d90ba641e3d644c477fd53160794163db89b827c6c506a7d
routing_nominal_history,routing_nominal_history:seed96100002:epoch30,30,20,validation,96500004,u_0.50,0.5,1295304620.5608175,0.5522640710960643,1215.0,0.09320252277505256,800405b9f74aaa90d90ba641e3d644c477fd53160794163db89b827c6c506a7d
routing_nominal_history,routing_nominal_history:seed96100002:epoch30,30,20,validation,96500004,u_0.60,0.6,1288700559.7834918,0.5569191705459162,1205.0,0.09166666666666666,800405b9f74aaa90d90ba641e3d644c477fd53160794163db89b827c6c506a7d
routing_nominal_history,routing_nominal_history:seed96100002:epoch30,30,20,validation,96500004,u_0.70,0.7,1297492632.3497615,0.5539568345323741,1214.0,0.09483960948396095,800405b9f74aaa90d90ba641e3d644c477fd53160794163db89b827c6c506a7d
routing_nominal_history,routing_nominal_history:seed96100002:epoch30,30,20,validation,96500004,u_0.80,0.8,1289798041.8219342,0.5603046974185357,1192.0,0.09053213545266067,800405b9f74aaa90d90ba641e3d644c477fd53160794163db89b827c6c506a7d
routing_nominal_history,routing_nominal_history:seed96100002:epoch30,30,20,validation,96500004,u_0.90,0.9,1286481135.6201162,0.5641134151502327,1184.0,0.08878183069511356,800405b9f74aaa90d90ba641e3d644c477fd53160794163db89b827c6c506a7d
routing_nominal_history,routing_nominal_history:seed96100002:epoch30,30,20,validation,96500004,u_1.00,1.0,1291268139.7952375,0.5641134151502327,1185.0,0.08953168044077135,800405b9f74aaa90d90ba641e3d644c477fd53160794163db89b827c6c506a7d
routing_nominal_history,routing_nominal_history:seed96100002:epoch55,55,17,discovery,96400000,anchor,-1.0,55141219.88836281,0.4380165289256198,44.0,0.05970149253731343,800405b9f74aaa90d90ba641e3d644c477fd53160794163db89b827c6c506a7d
routing_nominal_history,routing_nominal_history:seed96100002:epoch55,55,17,discovery,96400000,u_0.00,0.0,55141219.88836281,0.4380165289256198,44.0,0.05970149253731343,800405b9f74aaa90d90ba641e3d644c477fd53160794163db89b827c6c506a7d
routing_nominal_history,routing_nominal_history:seed96100002:epoch55,55,17,discovery,96400000,u_0.10,0.1,55312667.12026432,0.4380165289256198,44.0,0.05405405405405406,800405b9f74aaa90d90ba641e3d644c477fd53160794163db89b827c6c506a7d
routing_nominal_history,routing_nominal_history:seed96100002:epoch55,55,17,discovery,96400000,u_0.20,0.2,54458707.96205319,0.4380165289256198,42.0,0.04878048780487805,800405b9f74aaa90d90ba641e3d644c477fd53160794163db89b827c6c506a7d
routing_nominal_history,routing_nominal_history:seed96100002:epoch55,55,17,discovery,96400000,u_0.30,0.3,54168778.51793969,0.4380165289256198,41.0,0.043010752688172046,800405b9f74aaa90d90ba641e3d644c477fd53160794163db89b827c6c506a7d
routing_nominal_history,routing_nominal_history:seed96100002:epoch55,55,17,discovery,96400000,u_0.40,0.4,54764370.52867174,0.4380165289256198,41.0,0.038834951456310676,800405b9f74aaa90d90ba641e3d644c477fd53160794163db89b827c6c506a7d
routing_nominal_history,routing_nominal_history:seed96100002:epoch55,55,17,discovery,96400000,u_0.50,0.5,54495417.14790963,0.4380165289256198,39.0,0.03508771929824561,800405b9f74aaa90d90ba641e3d644c477fd53160794163db89b827c6c506a7d
routing_nominal_history,routing_nominal_history:seed96100002:epoch55,55,17,discovery,96400000,u_0.60,0.6,54762966.17565332,0.4380165289256198,37.0,0.03305785123966942,800405b9f74aaa90d90ba641e3d644c477fd53160794163db89b827c6c506a7d
routing_nominal_history,routing_nominal_history:seed96100002:epoch55,55,17,discovery,96400000,u_0.70,0.7,55315923.21190284,0.4380165289256198,35.0,0.03125,800405b9f74aaa90d90ba641e3d644c477fd53160794163db89b827c6c506a7d
routing_nominal_history,routing_nominal_history:seed96100002:epoch55,55,17,discovery,96400000,u_0.80,0.8,56053741.23790577,0.4380165289256198,33.0,0.029197080291970802,800405b9f74aaa90d90ba641e3d644c477fd53160794163db89b827c6c506a7d
routing_nominal_history,routing_nominal_history:seed96100002:epoch55,55,17,discovery,96400000,u_0.90,0.9,58377741.10991934,0.4380165289256198,33.0,0.028169014084507043,800405b9f74aaa90d90ba641e3d644c477fd53160794163db89b827c6c506a7d
routing_nominal_history,routing_nominal_history:seed96100002:epoch55,55,17,discovery,96400000,u_1.00,1.0,60160941.04790962,0.4380165289256198,32.0,0.02631578947368421,800405b9f74aaa90d90ba641e3d644c477fd53160794163db89b827c6c506a7d
routing_nominal_history,routing_nominal_history:seed96100002:epoch55,55,17,discovery,96400001,anchor,-1.0,55141219.88836281,0.4380165289256198,44.0,0.05970149253731343,800405b9f74aaa90d90ba641e3d644c477fd53160794163db89b827c6c506a7d
routing_nominal_history,routing_nominal_history:seed96100002:epoch55,55,17,discovery,96400001,u_0.00,0.0,55141219.88836281,0.4380165289256198,44.0,0.05970149253731343,800405b9f74aaa90d90ba641e3d644c477fd53160794163db89b827c6c506a7d
routing_nominal_history,routing_nominal_history:seed96100002:epoch55,55,17,discovery,96400001,u_0.10,0.1,55312667.12026432,0.4380165289256198,44.0,0.05405405405405406,800405b9f74aaa90d90ba641e3d644c477fd53160794163db89b827c6c506a7d
routing_nominal_history,routing_nominal_history:seed96100002:epoch55,55,17,discovery,96400001,u_0.20,0.2,54458707.96205319,0.4380165289256198,42.0,0.04878048780487805,800405b9f74aaa90d90ba641e3d644c477fd53160794163db89b827c6c506a7d
routing_nominal_history,routing_nominal_history:seed96100002:epoch55,55,17,discovery,96400001,u_0.30,0.3,54168778.51793969,0.4380165289256198,41.0,0.043010752688172046,800405b9f74aaa90d90ba641e3d644c477fd53160794163db89b827c6c506a7d
routing_nominal_history,routing_nominal_history:seed96100002:epoch55,55,17,discovery,96400001,u_0.40,0.4,54764370.52867174,0.4380165289256198,41.0,0.038834951456310676,800405b9f74aaa90d90ba641e3d644c477fd53160794163db89b827c6c506a7d
routing_nominal_history,routing_nominal_history:seed96100002:epoch55,55,17,discovery,96400001,u_0.50,0.5,54495417.14790963,0.4380165289256198,39.0,0.03508771929824561,800405b9f74aaa90d90ba641e3d644c477fd53160794163db89b827c6c506a7d
routing_nominal_history,routing_nominal_history:seed96100002:epoch55,55,17,discovery,96400001,u_0.60,0.6,54762966.17565332,0.4380165289256198,37.0,0.03305785123966942,800405b9f74aaa90d90ba641e3d644c477fd53160794163db89b827c6c506a7d
routing_nominal_history,routing_nominal_history:seed96100002:epoch55,55,17,discovery,96400001,u_0.70,0.7,55315923.21190284,0.4380165289256198,35.0,0.03125,800405b9f74aaa90d90ba641e3d644c477fd53160794163db89b827c6c506a7d
routing_nominal_history,routing_nominal_history:seed96100002:epoch55,55,17,discovery,96400001,u_0.80,0.8,56053741.23790577,0.4380165289256198,33.0,0.029197080291970802,800405b9f74aaa90d90ba641e3d644c477fd53160794163db89b827c6c506a7d
routing_nominal_history,routing_nominal_history:seed96100002:epoch55,55,17,discovery,96400001,u_0.90,0.9,58377741.10991934,0.4380165289256198,33.0,0.028169014084507043,800405b9f74aaa90d90ba641e3d644c477fd53160794163db89b827c6c506a7d
routing_nominal_history,routing_nominal_history:seed96100002:epoch55,55,17,discovery,96400001,u_1.00,1.0,60160941.04790962,0.4380165289256198,32.0,0.02631578947368421,800405b9f74aaa90d90ba641e3d644c477fd53160794163db89b827c6c506a7d
routing_nominal_history,routing_nominal_history:seed96100002:epoch55,55,17,discovery,96400002,anchor,-1.0,55141219.88836281,0.4380165289256198,44.0,0.05970149253731343,800405b9f74aaa90d90ba641e3d644c477fd53160794163db89b827c6c506a7d
routing_nominal_history,routing_nominal_history:seed96100002:epoch55,55,17,discovery,96400002,u_0.00,0.0,55141219.88836281,0.4380165289256198,44.0,0.05970149253731343,800405b9f74aaa90d90ba641e3d644c477fd53160794163db89b827c6c506a7d
routing_nominal_history,routing_nominal_history:seed96100002:epoch55,55,17,discovery,96400002,u_0.10,0.1,55312667.12026432,0.4380165289256198,44.0,0.05405405405405406,800405b9f74aaa90d90ba641e3d644c477fd53160794163db89b827c6c506a7d
routing_nominal_history,routing_nominal_history:seed96100002:epoch55,55,17,discovery,96400002,u_0.20,0.2,54458707.96205319,0.4380165289256198,42.0,0.04878048780487805,800405b9f74aaa90d90ba641e3d644c477fd53160794163db89b827c6c506a7d
routing_nominal_history,routing_nominal_history:seed96100002:epoch55,55,17,discovery,96400002,u_0.30,0.3,54168778.51793969,0.4380165289256198,41.0,0.043010752688172046,800405b9f74aaa90d90ba641e3d644c477fd53160794163db89b827c6c506a7d
routing_nominal_history,routing_nominal_history:seed96100002:epoch55,55,17,discovery,96400002,u_0.40,0.4,54764370.52867174,0.4380165289256198,41.0,0.038834951456310676,800405b9f74aaa90d90ba641e3d644c477fd53160794163db89b827c6c506a7d
routing_nominal_history,routing_nominal_history:seed96100002:epoch55,55,17,discovery,96400002,u_0.50,0.5,54495417.14790963,0.4380165289256198,39.0,0.03508771929824561,800405b9f74aaa90d90ba641e3d644c477fd53160794163db89b827c6c506a7d
routing_nominal_history,routing_nominal_history:seed96100002:epoch55,55,17,discovery,96400002,u_0.60,0.6,54762966.17565332,0.4380165289256198,37.0,0.03305785123966942,800405b9f74aaa90d90ba641e3d644c477fd53160794163db89b827c6c506a7d
routing_nominal_history,routing_nominal_history:seed96100002:epoch55,55,17,discovery,96400002,u_0.70,0.7,55315923.21190284,0.4380165289256198,35.0,0.03125,800405b9f74aaa90d90ba641e3d644c477fd53160794163db89b827c6c506a7d
routing_nominal_history,routing_nominal_history:seed96100002:epoch55,55,17,discovery,96400002,u_0.80,0.8,56053741.23790577,0.4380165289256198,33.0,0.029197080291970802,800405b9f74aaa90d90ba641e3d644c477fd53160794163db89b827c6c506a7d
routing_nominal_history,routing_nominal_history:seed96100002:epoch55,55,17,discovery,96400002,u_0.90,0.9,58377741.10991934,0.4380165289256198,33.0,0.028169014084507043,800405b9f74aaa90d90ba641e3d644c477fd53160794163db89b827c6c506a7d
routing_nominal_history,routing_nominal_history:seed96100002:epoch55,55,17,discovery,96400002,u_1.00,1.0,60160941.04790962,0.4380165289256198,32.0,0.02631578947368421,800405b9f74aaa90d90ba641e3d644c477fd53160794163db89b827c6c506a7d
routing_nominal_history,routing_nominal_history:seed96100002:epoch55,55,17,validation,96500000,anchor,-1.0,55141219.88836281,0.4380165289256198,44.0,0.05970149253731343,800405b9f74aaa90d90ba641e3d644c477fd53160794163db89b827c6c506a7d
routing_nominal_history,routing_nominal_history:seed96100002:epoch55,55,17,validation,96500000,u_0.00,0.0,55141219.88836281,0.4380165289256198,44.0,0.05970149253731343,800405b9f74aaa90d90ba641e3d644c477fd53160794163db89b827c6c506a7d
routing_nominal_history,routing_nominal_history:seed96100002:epoch55,55,17,validation,96500000,u_0.10,0.1,55312667.12026432,0.4380165289256198,44.0,0.05405405405405406,800405b9f74aaa90d90ba641e3d644c477fd53160794163db89b827c6c506a7d
routing_nominal_history,routing_nominal_history:seed96100002:epoch55,55,17,validation,96500000,u_0.20,0.2,54458707.96205319,0.4380165289256198,42.0,0.04878048780487805,800405b9f74aaa90d90ba641e3d644c477fd53160794163db89b827c6c506a7d
routing_nominal_history,routing_nominal_history:seed96100002:epoch55,55,17,validation,96500000,u_0.30,0.3,54168778.51793969,0.4380165289256198,41.0,0.043010752688172046,800405b9f74aaa90d90ba641e3d644c477fd53160794163db89b827c6c506a7d
routing_nominal_history,routing_nominal_history:seed96100002:epoch55,55,17,validation,96500000,u_0.40,0.4,54764370.52867174,0.4380165289256198,41.0,0.038834951456310676,800405b9f74aaa90d90ba641e3d644c477fd53160794163db89b827c6c506a7d
routing_nominal_history,routing_nominal_history:seed96100002:epoch55,55,17,validation,96500000,u_0.50,0.5,54495417.14790963,0.4380165289256198,39.0,0.03508771929824561,800405b9f74aaa90d90ba641e3d644c477fd53160794163db89b827c6c506a7d
routing_nominal_history,routing_nominal_history:seed96100002:epoch55,55,17,validation,96500000,u_0.60,0.6,54762966.17565332,0.4380165289256198,37.0,0.03305785123966942,800405b9f74aaa90d90ba641e3d644c477fd53160794163db89b827c6c506a7d
routing_nominal_history,routing_nominal_history:seed96100002:epoch55,55,17,validation,96500000,u_0.70,0.7,55315923.21190284,0.4380165289256198,35.0,0.03125,800405b9f74aaa90d90ba641e3d644c477fd53160794163db89b827c6c506a7d
routing_nominal_history,routing_nominal_history:seed96100002:epoch55,55,17,validation,96500000,u_0.80,0.8,56053741.23790577,0.4380165289256198,33.0,0.029197080291970802,800405b9f74aaa90d90ba641e3d644c477fd53160794163db89b827c6c506a7d
routing_nominal_history,routing_nominal_history:seed96100002:epoch55,55,17,validation,96500000,u_0.90,0.9,58377741.10991934,0.4380165289256198,33.0,0.028169014084507043,800405b9f74aaa90d90ba641e3d644c477fd53160794163db89b827c6c506a7d
routing_nominal_history,routing_nominal_history:seed96100002:epoch55,55,17,validation,96500000,u_1.00,1.0,60160941.04790962,0.4380165289256198,32.0,0.02631578947368421,800405b9f74aaa90d90ba641e3d644c477fd53160794163db89b827c6c506a7d
routing_nominal_history,routing_nominal_history:seed96100002:epoch55,55,17,validation,96500001,anchor,-1.0,55141219.88836281,0.4380165289256198,44.0,0.05970149253731343,800405b9f74aaa90d90ba641e3d644c477fd53160794163db89b827c6c506a7d
routing_nominal_history,routing_nominal_history:seed96100002:epoch55,55,17,validation,96500001,u_0.00,0.0,55141219.88836281,0.4380165289256198,44.0,0.05970149253731343,800405b9f74aaa90d90ba641e3d644c477fd53160794163db89b827c6c506a7d
routing_nominal_history,routing_nominal_history:seed96100002:epoch55,55,17,validation,96500001,u_0.10,0.1,55312667.12026432,0.4380165289256198,44.0,0.05405405405405406,800405b9f74aaa90d90ba641e3d644c477fd53160794163db89b827c6c506a7d
routing_nominal_history,routing_nominal_history:seed96100002:epoch55,55,17,validation,96500001,u_0.20,0.2,54458707.96205319,0.4380165289256198,42.0,0.04878048780487805,800405b9f74aaa90d90ba641e3d644c477fd53160794163db89b827c6c506a7d
routing_nominal_history,routing_nominal_history:seed96100002:epoch55,55,17,validation,96500001,u_0.30,0.3,54168778.51793969,0.4380165289256198,41.0,0.043010752688172046,800405b9f74aaa90d90ba641e3d644c477fd53160794163db89b827c6c506a7d
routing_nominal_history,routing_nominal_history:seed96100002:epoch55,55,17,validation,96500001,u_0.40,0.4,54764370.52867174,0.4380165289256198,41.0,0.038834951456310676,800405b9f74aaa90d90ba641e3d644c477fd53160794163db89b827c6c506a7d
routing_nominal_history,routing_nominal_history:seed96100002:epoch55,55,17,validation,96500001,u_0.50,0.5,54495417.14790963,0.4380165289256198,39.0,0.03508771929824561,800405b9f74aaa90d90ba641e3d644c477fd53160794163db89b827c6c506a7d
routing_nominal_history,routing_nominal_history:seed96100002:epoch55,55,17,validation,96500001,u_0.60,0.6,54762966.17565332,0.4380165289256198,37.0,0.03305785123966942,800405b9f74aaa90d90ba641e3d644c477fd53160794163db89b827c6c506a7d
routing_nominal_history,routing_nominal_history:seed96100002:epoch55,55,17,validation,96500001,u_0.70,0.7,55315923.21190284,0.4380165289256198,35.0,0.03125,800405b9f74aaa90d90ba641e3d644c477fd53160794163db89b827c6c506a7d
routing_nominal_history,routing_nominal_history:seed96100002:epoch55,55,17,validation,96500001,u_0.80,0.8,56053741.23790577,0.4380165289256198,33.0,0.029197080291970802,800405b9f74aaa90d90ba641e3d644c477fd53160794163db89b827c6c506a7d
routing_nominal_history,routing_nominal_history:seed96100002:epoch55,55,17,validation,96500001,u_0.90,0.9,58377741.10991934,0.4380165289256198,33.0,0.028169014084507043,800405b9f74aaa90d90ba641e3d644c477fd53160794163db89b827c6c506a7d
routing_nominal_history,routing_nominal_history:seed96100002:epoch55,55,17,validation,96500001,u_1.00,1.0,60160941.04790962,0.4380165289256198,32.0,0.02631578947368421,800405b9f74aaa90d90ba641e3d644c477fd53160794163db89b827c6c506a7d
routing_nominal_history,routing_nominal_history:seed96100002:epoch55,55,17,validation,96500002,anchor,-1.0,55141219.88836281,0.4380165289256198,44.0,0.05970149253731343,800405b9f74aaa90d90ba641e3d644c477fd53160794163db89b827c6c506a7d
routing_nominal_history,routing_nominal_history:seed96100002:epoch55,55,17,validation,96500002,u_0.00,0.0,55141219.88836281,0.4380165289256198,44.0,0.05970149253731343,800405b9f74aaa90d90ba641e3d644c477fd53160794163db89b827c6c506a7d
routing_nominal_history,routing_nominal_history:seed96100002:epoch55,55,17,validation,96500002,u_0.10,0.1,55312667.12026432,0.4380165289256198,44.0,0.05405405405405406,800405b9f74aaa90d90ba641e3d644c477fd53160794163db89b827c6c506a7d
routing_nominal_history,routing_nominal_history:seed96100002:epoch55,55,17,validation,96500002,u_0.20,0.2,54458707.96205319,0.4380165289256198,42.0,0.04878048780487805,800405b9f74aaa90d90ba641e3d644c477fd53160794163db89b827c6c506a7d
routing_nominal_history,routing_nominal_history:seed96100002:epoch55,55,17,validation,96500002,u_0.30,0.3,54168778.51793969,0.4380165289256198,41.0,0.043010752688172046,800405b9f74aaa90d90ba641e3d644c477fd53160794163db89b827c6c506a7d
routing_nominal_history,routing_nominal_history:seed96100002:epoch55,55,17,validation,96500002,u_0.40,0.4,54764370.52867174,0.4380165289256198,41.0,0.038834951456310676,800405b9f74aaa90d90ba641e3d644c477fd53160794163db89b827c6c506a7d
routing_nominal_history,routing_nominal_history:seed96100002:epoch55,55,17,validation,96500002,u_0.50,0.5,54495417.14790963,0.4380165289256198,39.0,0.03508771929824561,800405b9f74aaa90d90ba641e3d644c477fd53160794163db89b827c6c506a7d
routing_nominal_history,routing_nominal_history:seed96100002:epoch55,55,17,validation,96500002,u_0.60,0.6,54762966.17565332,0.4380165289256198,37.0,0.03305785123966942,800405b9f74aaa90d90ba641e3d644c477fd53160794163db89b827c6c506a7d
routing_nominal_history,routing_nominal_history:seed96100002:epoch55,55,17,validation,96500002,u_0.70,0.7,55315923.21190284,0.4380165289256198,35.0,0.03125,800405b9f74aaa90d90ba641e3d644c477fd53160794163db89b827c6c506a7d
routing_nominal_history,routing_nominal_history:seed96100002:epoch55,55,17,validation,96500002,u_0.80,0.8,56053741.23790577,0.4380165289256198,33.0,0.029197080291970802,800405b9f74aaa90d90ba641e3d644c477fd53160794163db89b827c6c506a7d
routing_nominal_history,routing_nominal_history:seed96100002:epoch55,55,17,validation,96500002,u_0.90,0.9,58377741.10991934,0.4380165289256198,33.0,0.028169014084507043,800405b9f74aaa90d90ba641e3d644c477fd53160794163db89b827c6c506a7d
routing_nominal_history,routing_nominal_history:seed96100002:epoch55,55,17,validation,96500002,u_1.00,1.0,60160941.04790962,0.4380165289256198,32.0,0.02631578947368421,800405b9f74aaa90d90ba641e3d644c477fd53160794163db89b827c6c506a7d
routing_nominal_history,routing_nominal_history:seed96100002:epoch55,55,17,validation,96500003,anchor,-1.0,55141219.88836281,0.4380165289256198,44.0,0.05970149253731343,800405b9f74aaa90d90ba641e3d644c477fd53160794163db89b827c6c506a7d
routing_nominal_history,routing_nominal_history:seed96100002:epoch55,55,17,validation,96500003,u_0.00,0.0,55141219.88836281,0.4380165289256198,44.0,0.05970149253731343,800405b9f74aaa90d90ba641e3d644c477fd53160794163db89b827c6c506a7d
routing_nominal_history,routing_nominal_history:seed96100002:epoch55,55,17,validation,96500003,u_0.10,0.1,55312667.12026432,0.4380165289256198,44.0,0.05405405405405406,800405b9f74aaa90d90ba641e3d644c477fd53160794163db89b827c6c506a7d
routing_nominal_history,routing_nominal_history:seed96100002:epoch55,55,17,validation,96500003,u_0.20,0.2,54458707.96205319,0.4380165289256198,42.0,0.04878048780487805,800405b9f74aaa90d90ba641e3d644c477fd53160794163db89b827c6c506a7d
routing_nominal_history,routing_nominal_history:seed96100002:epoch55,55,17,validation,96500003,u_0.30,0.3,54168778.51793969,0.4380165289256198,41.0,0.043010752688172046,800405b9f74aaa90d90ba641e3d644c477fd53160794163db89b827c6c506a7d
routing_nominal_history,routing_nominal_history:seed96100002:epoch55,55,17,validation,96500003,u_0.40,0.4,54764370.52867174,0.4380165289256198,41.0,0.038834951456310676,800405b9f74aaa90d90ba641e3d644c477fd53160794163db89b827c6c506a7d
routing_nominal_history,routing_nominal_history:seed96100002:epoch55,55,17,validation,96500003,u_0.50,0.5,54495417.14790963,0.4380165289256198,39.0,0.03508771929824561,800405b9f74aaa90d90ba641e3d644c477fd53160794163db89b827c6c506a7d
routing_nominal_history,routing_nominal_history:seed96100002:epoch55,55,17,validation,96500003,u_0.60,0.6,54762966.17565332,0.4380165289256198,37.0,0.03305785123966942,800405b9f74aaa90d90ba641e3d644c477fd53160794163db89b827c6c506a7d
routing_nominal_history,routing_nominal_history:seed96100002:epoch55,55,17,validation,96500003,u_0.70,0.7,55315923.21190284,0.4380165289256198,35.0,0.03125,800405b9f74aaa90d90ba641e3d644c477fd53160794163db89b827c6c506a7d
routing_nominal_history,routing_nominal_history:seed96100002:epoch55,55,17,validation,96500003,u_0.80,0.8,56053741.23790577,0.4380165289256198,33.0,0.029197080291970802,800405b9f74aaa90d90ba641e3d644c477fd53160794163db89b827c6c506a7d
routing_nominal_history,routing_nominal_history:seed96100002:epoch55,55,17,validation,96500003,u_0.90,0.9,58377741.10991934,0.4380165289256198,33.0,0.028169014084507043,800405b9f74aaa90d90ba641e3d644c477fd53160794163db89b827c6c506a7d
routing_nominal_history,routing_nominal_history:seed96100002:epoch55,55,17,validation,96500003,u_1.00,1.0,60160941.04790962,0.4380165289256198,32.0,0.02631578947368421,800405b9f74aaa90d90ba641e3d644c477fd53160794163db89b827c6c506a7d
routing_nominal_history,routing_nominal_history:seed96100002:epoch55,55,17,validation,96500004,anchor,-1.0,55141219.88836281,0.4380165289256198,44.0,0.05970149253731343,800405b9f74aaa90d90ba641e3d644c477fd53160794163db89b827c6c506a7d
routing_nominal_history,routing_nominal_history:seed96100002:epoch55,55,17,validation,96500004,u_0.00,0.0,55141219.88836281,0.4380165289256198,44.0,0.05970149253731343,800405b9f74aaa90d90ba641e3d644c477fd53160794163db89b827c6c506a7d
routing_nominal_history,routing_nominal_history:seed96100002:epoch55,55,17,validation,96500004,u_0.10,0.1,55312667.12026432,0.4380165289256198,44.0,0.05405405405405406,800405b9f74aaa90d90ba641e3d644c477fd53160794163db89b827c6c506a7d
routing_nominal_history,routing_nominal_history:seed96100002:epoch55,55,17,validation,96500004,u_0.20,0.2,54458707.96205319,0.4380165289256198,42.0,0.04878048780487805,800405b9f74aaa90d90ba641e3d644c477fd53160794163db89b827c6c506a7d
routing_nominal_history,routing_nominal_history:seed96100002:epoch55,55,17,validation,96500004,u_0.30,0.3,54168778.51793969,0.4380165289256198,41.0,0.043010752688172046,800405b9f74aaa90d90ba641e3d644c477fd53160794163db89b827c6c506a7d
routing_nominal_history,routing_nominal_history:seed96100002:epoch55,55,17,validation,96500004,u_0.40,0.4,54764370.52867174,0.4380165289256198,41.0,0.038834951456310676,800405b9f74aaa90d90ba641e3d644c477fd53160794163db89b827c6c506a7d
routing_nominal_history,routing_nominal_history:seed96100002:epoch55,55,17,validation,96500004,u_0.50,0.5,54495417.14790963,0.4380165289256198,39.0,0.03508771929824561,800405b9f74aaa90d90ba641e3d644c477fd53160794163db89b827c6c506a7d
routing_nominal_history,routing_nominal_history:seed96100002:epoch55,55,17,validation,96500004,u_0.60,0.6,54762966.17565332,0.4380165289256198,37.0,0.03305785123966942,800405b9f74aaa90d90ba641e3d644c477fd53160794163db89b827c6c506a7d
routing_nominal_history,routing_nominal_history:seed96100002:epoch55,55,17,validation,96500004,u_0.70,0.7,55315923.21190284,0.4380165289256198,35.0,0.03125,800405b9f74aaa90d90ba641e3d644c477fd53160794163db89b827c6c506a7d
routing_nominal_history,routing_nominal_history:seed96100002:epoch55,55,17,validation,96500004,u_0.80,0.8,56053741.23790577,0.4380165289256198,33.0,0.029197080291970802,800405b9f74aaa90d90ba641e3d644c477fd53160794163db89b827c6c506a7d
routing_nominal_history,routing_nominal_history:seed96100002:epoch55,55,17,validation,96500004,u_0.90,0.9,58377741.10991934,0.4380165289256198,33.0,0.028169014084507043,800405b9f74aaa90d90ba641e3d644c477fd53160794163db89b827c6c506a7d
routing_nominal_history,routing_nominal_history:seed96100002:epoch55,55,17,validation,96500004,u_1.00,1.0,60160941.04790962,0.4380165289256198,32.0,0.02631578947368421,800405b9f74aaa90d90ba641e3d644c477fd53160794163db89b827c6c506a7d
routing_nominal_history,routing_nominal_history:seed96100002:epoch80,80,20,discovery,96400000,anchor,-1.0,79203958.61969572,0.5,59.0,0.08196721311475409,800405b9f74aaa90d90ba641e3d644c477fd53160794163db89b827c6c506a7d
routing_nominal_history,routing_nominal_history:seed96100002:epoch80,80,20,discovery,96400000,u_0.00,0.0,79203958.61969572,0.5,59.0,0.08196721311475409,800405b9f74aaa90d90ba641e3d644c477fd53160794163db89b827c6c506a7d
routing_nominal_history,routing_nominal_history:seed96100002:epoch80,80,20,discovery,96400000,u_0.10,0.1,78418435.84801613,0.5,57.0,0.07042253521126761,800405b9f74aaa90d90ba641e3d644c477fd53160794163db89b827c6c506a7d
routing_nominal_history,routing_nominal_history:seed96100002:epoch80,80,20,discovery,96400000,u_0.20,0.2,78092775.77075917,0.5,56.0,0.06097560975609756,800405b9f74aaa90d90ba641e3d644c477fd53160794163db89b827c6c506a7d
routing_nominal_history,routing_nominal_history:seed96100002:epoch80,80,20,discovery,96400000,u_0.30,0.3,76799952.14409076,0.5,53.0,0.05154639175257732,800405b9f74aaa90d90ba641e3d644c477fd53160794163db89b827c6c506a7d
routing_nominal_history,routing_nominal_history:seed96100002:epoch80,80,20,discovery,96400000,u_0.40,0.4,76572579.95819381,0.5,51.0,0.04504504504504504,800405b9f74aaa90d90ba641e3d644c477fd53160794163db89b827c6c506a7d
routing_nominal_history,routing_nominal_history:seed96100002:epoch80,80,20,discovery,96400000,u_0.50,0.5,75598974.3835836,0.5,47.0,0.03968253968253968,800405b9f74aaa90d90ba641e3d644c477fd53160794163db89b827c6c506a7d
routing_nominal_history,routing_nominal_history:seed96100002:epoch80,80,20,discovery,96400000,u_0.60,0.6,76768084.92026013,0.5,46.0,0.0364963503649635,800405b9f74aaa90d90ba641e3d644c477fd53160794163db89b827c6c506a7d
routing_nominal_history,routing_nominal_history:seed96100002:epoch80,80,20,discovery,96400000,u_0.70,0.7,78391462.66822338,0.5,45.0,0.03424657534246575,800405b9f74aaa90d90ba641e3d644c477fd53160794163db89b827c6c506a7d
routing_nominal_history,routing_nominal_history:seed96100002:epoch80,80,20,discovery,96400000,u_0.80,0.8,80116919.0672897,0.5,44.0,0.031055900621118012,800405b9f74aaa90d90ba641e3d644c477fd53160794163db89b827c6c506a7d
routing_nominal_history,routing_nominal_history:seed96100002:epoch80,80,20,discovery,96400000,u_0.90,0.9,82422189.3980101,0.5,43.0,0.029069767441860465,800405b9f74aaa90d90ba641e3d644c477fd53160794163db89b827c6c506a7d
routing_nominal_history,routing_nominal_history:seed96100002:epoch80,80,20,discovery,96400000,u_1.00,1.0,82792617.28358361,0.5,38.0,0.026881720430107527,800405b9f74aaa90d90ba641e3d644c477fd53160794163db89b827c6c506a7d
routing_nominal_history,routing_nominal_history:seed96100002:epoch80,80,20,discovery,96400001,anchor,-1.0,79203958.61969572,0.5,59.0,0.08196721311475409,800405b9f74aaa90d90ba641e3d644c477fd53160794163db89b827c6c506a7d
routing_nominal_history,routing_nominal_history:seed96100002:epoch80,80,20,discovery,96400001,u_0.00,0.0,79203958.61969572,0.5,59.0,0.08196721311475409,800405b9f74aaa90d90ba641e3d644c477fd53160794163db89b827c6c506a7d
routing_nominal_history,routing_nominal_history:seed96100002:epoch80,80,20,discovery,96400001,u_0.10,0.1,78418435.84801613,0.5,57.0,0.07042253521126761,800405b9f74aaa90d90ba641e3d644c477fd53160794163db89b827c6c506a7d
routing_nominal_history,routing_nominal_history:seed96100002:epoch80,80,20,discovery,96400001,u_0.20,0.2,78092775.77075917,0.5,56.0,0.06097560975609756,800405b9f74aaa90d90ba641e3d644c477fd53160794163db89b827c6c506a7d
routing_nominal_history,routing_nominal_history:seed96100002:epoch80,80,20,discovery,96400001,u_0.30,0.3,76799952.14409076,0.5,53.0,0.05154639175257732,800405b9f74aaa90d90ba641e3d644c477fd53160794163db89b827c6c506a7d
routing_nominal_history,routing_nominal_history:seed96100002:epoch80,80,20,discovery,96400001,u_0.40,0.4,76572579.95819381,0.5,51.0,0.04504504504504504,800405b9f74aaa90d90ba641e3d644c477fd53160794163db89b827c6c506a7d
routing_nominal_history,routing_nominal_history:seed96100002:epoch80,80,20,discovery,96400001,u_0.50,0.5,75598974.3835836,0.5,47.0,0.03968253968253968,800405b9f74aaa90d90ba641e3d644c477fd53160794163db89b827c6c506a7d
routing_nominal_history,routing_nominal_history:seed96100002:epoch80,80,20,discovery,96400001,u_0.60,0.6,76768084.92026013,0.5,46.0,0.0364963503649635,800405b9f74aaa90d90ba641e3d644c477fd53160794163db89b827c6c506a7d
routing_nominal_history,routing_nominal_history:seed96100002:epoch80,80,20,discovery,96400001,u_0.70,0.7,78391462.66822338,0.5,45.0,0.03424657534246575,800405b9f74aaa90d90ba641e3d644c477fd53160794163db89b827c6c506a7d
routing_nominal_history,routing_nominal_history:seed96100002:epoch80,80,20,discovery,96400001,u_0.80,0.8,80116919.0672897,0.5,44.0,0.031055900621118012,800405b9f74aaa90d90ba641e3d644c477fd53160794163db89b827c6c506a7d
routing_nominal_history,routing_nominal_history:seed96100002:epoch80,80,20,discovery,96400001,u_0.90,0.9,82422189.3980101,0.5,43.0,0.029069767441860465,800405b9f74aaa90d90ba641e3d644c477fd53160794163db89b827c6c506a7d
routing_nominal_history,routing_nominal_history:seed96100002:epoch80,80,20,discovery,96400001,u_1.00,1.0,82792617.28358361,0.5,38.0,0.026881720430107527,800405b9f74aaa90d90ba641e3d644c477fd53160794163db89b827c6c506a7d
routing_nominal_history,routing_nominal_history:seed96100002:epoch80,80,20,discovery,96400002,anchor,-1.0,79203958.61969572,0.5,59.0,0.08196721311475409,800405b9f74aaa90d90ba641e3d644c477fd53160794163db89b827c6c506a7d
routing_nominal_history,routing_nominal_history:seed96100002:epoch80,80,20,discovery,96400002,u_0.00,0.0,79203958.61969572,0.5,59.0,0.08196721311475409,800405b9f74aaa90d90ba641e3d644c477fd53160794163db89b827c6c506a7d
routing_nominal_history,routing_nominal_history:seed96100002:epoch80,80,20,discovery,96400002,u_0.10,0.1,78418435.84801613,0.5,57.0,0.07042253521126761,800405b9f74aaa90d90ba641e3d644c477fd53160794163db89b827c6c506a7d
routing_nominal_history,routing_nominal_history:seed96100002:epoch80,80,20,discovery,96400002,u_0.20,0.2,78092775.77075917,0.5,56.0,0.06097560975609756,800405b9f74aaa90d90ba641e3d644c477fd53160794163db89b827c6c506a7d
routing_nominal_history,routing_nominal_history:seed96100002:epoch80,80,20,discovery,96400002,u_0.30,0.3,76799952.14409076,0.5,53.0,0.05154639175257732,800405b9f74aaa90d90ba641e3d644c477fd53160794163db89b827c6c506a7d
routing_nominal_history,routing_nominal_history:seed96100002:epoch80,80,20,discovery,96400002,u_0.40,0.4,76572579.95819381,0.5,51.0,0.04504504504504504,800405b9f74aaa90d90ba641e3d644c477fd53160794163db89b827c6c506a7d
routing_nominal_history,routing_nominal_history:seed96100002:epoch80,80,20,discovery,96400002,u_0.50,0.5,75598974.3835836,0.5,47.0,0.03968253968253968,800405b9f74aaa90d90ba641e3d644c477fd53160794163db89b827c6c506a7d
routing_nominal_history,routing_nominal_history:seed96100002:epoch80,80,20,discovery,96400002,u_0.60,0.6,76768084.92026013,0.5,46.0,0.0364963503649635,800405b9f74aaa90d90ba641e3d644c477fd53160794163db89b827c6c506a7d
routing_nominal_history,routing_nominal_history:seed96100002:epoch80,80,20,discovery,96400002,u_0.70,0.7,78391462.66822338,0.5,45.0,0.03424657534246575,800405b9f74aaa90d90ba641e3d644c477fd53160794163db89b827c6c506a7d
routing_nominal_history,routing_nominal_history:seed96100002:epoch80,80,20,discovery,96400002,u_0.80,0.8,80116919.0672897,0.5,44.0,0.031055900621118012,800405b9f74aaa90d90ba641e3d644c477fd53160794163db89b827c6c506a7d
routing_nominal_history,routing_nominal_history:seed96100002:epoch80,80,20,discovery,96400002,u_0.90,0.9,82422189.3980101,0.5,43.0,0.029069767441860465,800405b9f74aaa90d90ba641e3d644c477fd53160794163db89b827c6c506a7d
routing_nominal_history,routing_nominal_history:seed96100002:epoch80,80,20,discovery,96400002,u_1.00,1.0,82792617.28358361,0.5,38.0,0.026881720430107527,800405b9f74aaa90d90ba641e3d644c477fd53160794163db89b827c6c506a7d
routing_nominal_history,routing_nominal_history:seed96100002:epoch80,80,20,validation,96500000,anchor,-1.0,79203958.61969572,0.5,59.0,0.08196721311475409,800405b9f74aaa90d90ba641e3d644c477fd53160794163db89b827c6c506a7d
routing_nominal_history,routing_nominal_history:seed96100002:epoch80,80,20,validation,96500000,u_0.00,0.0,79203958.61969572,0.5,59.0,0.08196721311475409,800405b9f74aaa90d90ba641e3d644c477fd53160794163db89b827c6c506a7d
routing_nominal_history,routing_nominal_history:seed96100002:epoch80,80,20,validation,96500000,u_0.10,0.1,78418435.84801613,0.5,57.0,0.07042253521126761,800405b9f74aaa90d90ba641e3d644c477fd53160794163db89b827c6c506a7d
routing_nominal_history,routing_nominal_history:seed96100002:epoch80,80,20,validation,96500000,u_0.20,0.2,78092775.77075917,0.5,56.0,0.06097560975609756,800405b9f74aaa90d90ba641e3d644c477fd53160794163db89b827c6c506a7d
routing_nominal_history,routing_nominal_history:seed96100002:epoch80,80,20,validation,96500000,u_0.30,0.3,76799952.14409076,0.5,53.0,0.05154639175257732,800405b9f74aaa90d90ba641e3d644c477fd53160794163db89b827c6c506a7d
routing_nominal_history,routing_nominal_history:seed96100002:epoch80,80,20,validation,96500000,u_0.40,0.4,76572579.95819381,0.5,51.0,0.04504504504504504,800405b9f74aaa90d90ba641e3d644c477fd53160794163db89b827c6c506a7d
routing_nominal_history,routing_nominal_history:seed96100002:epoch80,80,20,validation,96500000,u_0.50,0.5,75598974.3835836,0.5,47.0,0.03968253968253968,800405b9f74aaa90d90ba641e3d644c477fd53160794163db89b827c6c506a7d
routing_nominal_history,routing_nominal_history:seed96100002:epoch80,80,20,validation,96500000,u_0.60,0.6,76768084.92026013,0.5,46.0,0.0364963503649635,800405b9f74aaa90d90ba641e3d644c477fd53160794163db89b827c6c506a7d
routing_nominal_history,routing_nominal_history:seed96100002:epoch80,80,20,validation,96500000,u_0.70,0.7,78391462.66822338,0.5,45.0,0.03424657534246575,800405b9f74aaa90d90ba641e3d644c477fd53160794163db89b827c6c506a7d
routing_nominal_history,routing_nominal_history:seed96100002:epoch80,80,20,validation,96500000,u_0.80,0.8,80116919.0672897,0.5,44.0,0.031055900621118012,800405b9f74aaa90d90ba641e3d644c477fd53160794163db89b827c6c506a7d
routing_nominal_history,routing_nominal_history:seed96100002:epoch80,80,20,validation,96500000,u_0.90,0.9,82422189.3980101,0.5,43.0,0.029069767441860465,800405b9f74aaa90d90ba641e3d644c477fd53160794163db89b827c6c506a7d
routing_nominal_history,routing_nominal_history:seed96100002:epoch80,80,20,validation,96500000,u_1.00,1.0,82792617.28358361,0.5,38.0,0.026881720430107527,800405b9f74aaa90d90ba641e3d644c477fd53160794163db89b827c6c506a7d
routing_nominal_history,routing_nominal_history:seed96100002:epoch80,80,20,validation,96500001,anchor,-1.0,79203958.61969572,0.5,59.0,0.08196721311475409,800405b9f74aaa90d90ba641e3d644c477fd53160794163db89b827c6c506a7d
routing_nominal_history,routing_nominal_history:seed96100002:epoch80,80,20,validation,96500001,u_0.00,0.0,79203958.61969572,0.5,59.0,0.08196721311475409,800405b9f74aaa90d90ba641e3d644c477fd53160794163db89b827c6c506a7d
routing_nominal_history,routing_nominal_history:seed96100002:epoch80,80,20,validation,96500001,u_0.10,0.1,78418435.84801613,0.5,57.0,0.07042253521126761,800405b9f74aaa90d90ba641e3d644c477fd53160794163db89b827c6c506a7d
routing_nominal_history,routing_nominal_history:seed96100002:epoch80,80,20,validation,96500001,u_0.20,0.2,78092775.77075917,0.5,56.0,0.06097560975609756,800405b9f74aaa90d90ba641e3d644c477fd53160794163db89b827c6c506a7d
routing_nominal_history,routing_nominal_history:seed96100002:epoch80,80,20,validation,96500001,u_0.30,0.3,76799952.14409076,0.5,53.0,0.05154639175257732,800405b9f74aaa90d90ba641e3d644c477fd53160794163db89b827c6c506a7d
routing_nominal_history,routing_nominal_history:seed96100002:epoch80,80,20,validation,96500001,u_0.40,0.4,76572579.95819381,0.5,51.0,0.04504504504504504,800405b9f74aaa90d90ba641e3d644c477fd53160794163db89b827c6c506a7d
routing_nominal_history,routing_nominal_history:seed96100002:epoch80,80,20,validation,96500001,u_0.50,0.5,75598974.3835836,0.5,47.0,0.03968253968253968,800405b9f74aaa90d90ba641e3d644c477fd53160794163db89b827c6c506a7d
routing_nominal_history,routing_nominal_history:seed96100002:epoch80,80,20,validation,96500001,u_0.60,0.6,76768084.92026013,0.5,46.0,0.0364963503649635,800405b9f74aaa90d90ba641e3d644c477fd53160794163db89b827c6c506a7d
routing_nominal_history,routing_nominal_history:seed96100002:epoch80,80,20,validation,96500001,u_0.70,0.7,78391462.66822338,0.5,45.0,0.03424657534246575,800405b9f74aaa90d90ba641e3d644c477fd53160794163db89b827c6c506a7d
routing_nominal_history,routing_nominal_history:seed96100002:epoch80,80,20,validation,96500001,u_0.80,0.8,80116919.0672897,0.5,44.0,0.031055900621118012,800405b9f74aaa90d90ba641e3d644c477fd53160794163db89b827c6c506a7d
routing_nominal_history,routing_nominal_history:seed96100002:epoch80,80,20,validation,96500001,u_0.90,0.9,82422189.3980101,0.5,43.0,0.029069767441860465,800405b9f74aaa90d90ba641e3d644c477fd53160794163db89b827c6c506a7d
routing_nominal_history,routing_nominal_history:seed96100002:epoch80,80,20,validation,96500001,u_1.00,1.0,82792617.28358361,0.5,38.0,0.026881720430107527,800405b9f74aaa90d90ba641e3d644c477fd53160794163db89b827c6c506a7d
routing_nominal_history,routing_nominal_history:seed96100002:epoch80,80,20,validation,96500002,anchor,-1.0,79203958.61969572,0.5,59.0,0.08196721311475409,800405b9f74aaa90d90ba641e3d644c477fd53160794163db89b827c6c506a7d
routing_nominal_history,routing_nominal_history:seed96100002:epoch80,80,20,validation,96500002,u_0.00,0.0,79203958.61969572,0.5,59.0,0.08196721311475409,800405b9f74aaa90d90ba641e3d644c477fd53160794163db89b827c6c506a7d
routing_nominal_history,routing_nominal_history:seed96100002:epoch80,80,20,validation,96500002,u_0.10,0.1,78418435.84801613,0.5,57.0,0.07042253521126761,800405b9f74aaa90d90ba641e3d644c477fd53160794163db89b827c6c506a7d
routing_nominal_history,routing_nominal_history:seed96100002:epoch80,80,20,validation,96500002,u_0.20,0.2,78092775.77075917,0.5,56.0,0.06097560975609756,800405b9f74aaa90d90ba641e3d644c477fd53160794163db89b827c6c506a7d
routing_nominal_history,routing_nominal_history:seed96100002:epoch80,80,20,validation,96500002,u_0.30,0.3,76799952.14409076,0.5,53.0,0.05154639175257732,800405b9f74aaa90d90ba641e3d644c477fd53160794163db89b827c6c506a7d
routing_nominal_history,routing_nominal_history:seed96100002:epoch80,80,20,validation,96500002,u_0.40,0.4,76572579.95819381,0.5,51.0,0.04504504504504504,800405b9f74aaa90d90ba641e3d644c477fd53160794163db89b827c6c506a7d
routing_nominal_history,routing_nominal_history:seed96100002:epoch80,80,20,validation,96500002,u_0.50,0.5,75598974.3835836,0.5,47.0,0.03968253968253968,800405b9f74aaa90d90ba641e3d644c477fd53160794163db89b827c6c506a7d
routing_nominal_history,routing_nominal_history:seed96100002:epoch80,80,20,validation,96500002,u_0.60,0.6,76768084.92026013,0.5,46.0,0.0364963503649635,800405b9f74aaa90d90ba641e3d644c477fd53160794163db89b827c6c506a7d
routing_nominal_history,routing_nominal_history:seed96100002:epoch80,80,20,validation,96500002,u_0.70,0.7,78391462.66822338,0.5,45.0,0.03424657534246575,800405b9f74aaa90d90ba641e3d644c477fd53160794163db89b827c6c506a7d
routing_nominal_history,routing_nominal_history:seed96100002:epoch80,80,20,validation,96500002,u_0.80,0.8,80116919.0672897,0.5,44.0,0.031055900621118012,800405b9f74aaa90d90ba641e3d644c477fd53160794163db89b827c6c506a7d
routing_nominal_history,routing_nominal_history:seed96100002:epoch80,80,20,validation,96500002,u_0.90,0.9,82422189.3980101,0.5,43.0,0.029069767441860465,800405b9f74aaa90d90ba641e3d644c477fd53160794163db89b827c6c506a7d
routing_nominal_history,routing_nominal_history:seed96100002:epoch80,80,20,validation,96500002,u_1.00,1.0,82792617.28358361,0.5,38.0,0.026881720430107527,800405b9f74aaa90d90ba641e3d644c477fd53160794163db89b827c6c506a7d
routing_nominal_history,routing_nominal_history:seed96100002:epoch80,80,20,validation,96500003,anchor,-1.0,79203958.61969572,0.5,59.0,0.08196721311475409,800405b9f74aaa90d90ba641e3d644c477fd53160794163db89b827c6c506a7d
routing_nominal_history,routing_nominal_history:seed96100002:epoch80,80,20,validation,96500003,u_0.00,0.0,79203958.61969572,0.5,59.0,0.08196721311475409,800405b9f74aaa90d90ba641e3d644c477fd53160794163db89b827c6c506a7d
routing_nominal_history,routing_nominal_history:seed96100002:epoch80,80,20,validation,96500003,u_0.10,0.1,78418435.84801613,0.5,57.0,0.07042253521126761,800405b9f74aaa90d90ba641e3d644c477fd53160794163db89b827c6c506a7d
routing_nominal_history,routing_nominal_history:seed96100002:epoch80,80,20,validation,96500003,u_0.20,0.2,78092775.77075917,0.5,56.0,0.06097560975609756,800405b9f74aaa90d90ba641e3d644c477fd53160794163db89b827c6c506a7d
routing_nominal_history,routing_nominal_history:seed96100002:epoch80,80,20,validation,96500003,u_0.30,0.3,76799952.14409076,0.5,53.0,0.05154639175257732,800405b9f74aaa90d90ba641e3d644c477fd53160794163db89b827c6c506a7d
routing_nominal_history,routing_nominal_history:seed96100002:epoch80,80,20,validation,96500003,u_0.40,0.4,76572579.95819381,0.5,51.0,0.04504504504504504,800405b9f74aaa90d90ba641e3d644c477fd53160794163db89b827c6c506a7d
routing_nominal_history,routing_nominal_history:seed96100002:epoch80,80,20,validation,96500003,u_0.50,0.5,75598974.3835836,0.5,47.0,0.03968253968253968,800405b9f74aaa90d90ba641e3d644c477fd53160794163db89b827c6c506a7d
routing_nominal_history,routing_nominal_history:seed96100002:epoch80,80,20,validation,96500003,u_0.60,0.6,76768084.92026013,0.5,46.0,0.0364963503649635,800405b9f74aaa90d90ba641e3d644c477fd53160794163db89b827c6c506a7d
routing_nominal_history,routing_nominal_history:seed96100002:epoch80,80,20,validation,96500003,u_0.70,0.7,78391462.66822338,0.5,45.0,0.03424657534246575,800405b9f74aaa90d90ba641e3d644c477fd53160794163db89b827c6c506a7d
routing_nominal_history,routing_nominal_history:seed96100002:epoch80,80,20,validation,96500003,u_0.80,0.8,80116919.0672897,0.5,44.0,0.031055900621118012,800405b9f74aaa90d90ba641e3d644c477fd53160794163db89b827c6c506a7d
routing_nominal_history,routing_nominal_history:seed96100002:epoch80,80,20,validation,96500003,u_0.90,0.9,82422189.3980101,0.5,43.0,0.029069767441860465,800405b9f74aaa90d90ba641e3d644c477fd53160794163db89b827c6c506a7d
routing_nominal_history,routing_nominal_history:seed96100002:epoch80,80,20,validation,96500003,u_1.00,1.0,82792617.28358361,0.5,38.0,0.026881720430107527,800405b9f74aaa90d90ba641e3d644c477fd53160794163db89b827c6c506a7d
routing_nominal_history,routing_nominal_history:seed96100002:epoch80,80,20,validation,96500004,anchor,-1.0,79203958.61969572,0.5,59.0,0.08196721311475409,800405b9f74aaa90d90ba641e3d644c477fd53160794163db89b827c6c506a7d
routing_nominal_history,routing_nominal_history:seed96100002:epoch80,80,20,validation,96500004,u_0.00,0.0,79203958.61969572,0.5,59.0,0.08196721311475409,800405b9f74aaa90d90ba641e3d644c477fd53160794163db89b827c6c506a7d
routing_nominal_history,routing_nominal_history:seed96100002:epoch80,80,20,validation,96500004,u_0.10,0.1,78418435.84801613,0.5,57.0,0.07042253521126761,800405b9f74aaa90d90ba641e3d644c477fd53160794163db89b827c6c506a7d
routing_nominal_history,routing_nominal_history:seed96100002:epoch80,80,20,validation,96500004,u_0.20,0.2,78092775.77075917,0.5,56.0,0.06097560975609756,800405b9f74aaa90d90ba641e3d644c477fd53160794163db89b827c6c506a7d
routing_nominal_history,routing_nominal_history:seed96100002:epoch80,80,20,validation,96500004,u_0.30,0.3,76799952.14409076,0.5,53.0,0.05154639175257732,800405b9f74aaa90d90ba641e3d644c477fd53160794163db89b827c6c506a7d
routing_nominal_history,routing_nominal_history:seed96100002:epoch80,80,20,validation,96500004,u_0.40,0.4,76572579.95819381,0.5,51.0,0.04504504504504504,800405b9f74aaa90d90ba641e3d644c477fd53160794163db89b827c6c506a7d
routing_nominal_history,routing_nominal_history:seed96100002:epoch80,80,20,validation,96500004,u_0.50,0.5,75598974.3835836,0.5,47.0,0.03968253968253968,800405b9f74aaa90d90ba641e3d644c477fd53160794163db89b827c6c506a7d
routing_nominal_history,routing_nominal_history:seed96100002:epoch80,80,20,validation,96500004,u_0.60,0.6,76768084.92026013,0.5,46.0,0.0364963503649635,800405b9f74aaa90d90ba641e3d644c477fd53160794163db89b827c6c506a7d
routing_nominal_history,routing_nominal_history:seed96100002:epoch80,80,20,validation,96500004,u_0.70,0.7,78391462.66822338,0.5,45.0,0.03424657534246575,800405b9f74aaa90d90ba641e3d644c477fd53160794163db89b827c6c506a7d
routing_nominal_history,routing_nominal_history:seed96100002:epoch80,80,20,validation,96500004,u_0.80,0.8,80116919.0672897,0.5,44.0,0.031055900621118012,800405b9f74aaa90d90ba641e3d644c477fd53160794163db89b827c6c506a7d
routing_nominal_history,routing_nominal_history:seed96100002:epoch80,80,20,validation,96500004,u_0.90,0.9,82422189.3980101,0.5,43.0,0.029069767441860465,800405b9f74aaa90d90ba641e3d644c477fd53160794163db89b827c6c506a7d
routing_nominal_history,routing_nominal_history:seed96100002:epoch80,80,20,validation,96500004,u_1.00,1.0,82792617.28358361,0.5,38.0,0.026881720430107527,800405b9f74aaa90d90ba641e3d644c477fd53160794163db89b827c6c506a7d
routing_abrupt_regime_shift,routing_abrupt_regime_shift:seed96100000:epoch30,30,20,discovery,96400000,anchor,-1.0,980878148.0967313,0.6185324553151458,859.0,0.06036363636363636,442b4f02bba381e49ce141b1f3250753918977d962b947e0d7d0b36030caec62
routing_abrupt_regime_shift,routing_abrupt_regime_shift:seed96100000:epoch30,30,20,discovery,96400000,u_0.00,0.0,980878148.0967313,0.6185324553151458,859.0,0.06036363636363636,442b4f02bba381e49ce141b1f3250753918977d962b947e0d7d0b36030caec62
routing_abrupt_regime_shift,routing_abrupt_regime_shift:seed96100000:epoch30,30,20,discovery,96400000,u_0.10,0.1,977476385.0783451,0.6227657572906867,856.0,0.06146059291395517,442b4f02bba381e49ce141b1f3250753918977d962b947e0d7d0b36030caec62
routing_abrupt_regime_shift,routing_abrupt_regime_shift:seed96100000:epoch30,30,20,discovery,96400000,u_0.20,0.2,971133792.1720725,0.6269990592662277,847.0,0.06169296987087518,442b4f02bba381e49ce141b1f3250753918977d962b947e0d7d0b36030caec62
routing_abrupt_regime_shift,routing_abrupt_regime_shift:seed96100000:epoch30,30,20,discovery,96400000,u_0.30,0.3,963647283.2000175,0.6331138287864534,836.0,0.06112295664534471,442b4f02bba381e49ce141b1f3250753918977d962b947e0d7d0b36030caec62
routing_abrupt_regime_shift,routing_abrupt_regime_shift:seed96100000:epoch30,30,20,discovery,96400000,u_0.40,0.4,962627572.5315479,0.6349952963311383,834.0,0.06227883934890304,442b4f02bba381e49ce141b1f3250753918977d962b947e0d7d0b36030caec62
routing_abrupt_regime_shift,routing_abrupt_regime_shift:seed96100000:epoch30,30,20,discovery,96400000,u_0.50,0.5,950343447.7367163,0.6429915333960489,819.0,0.05890603085553997,442b4f02bba381e49ce141b1f3250753918977d962b947e0d7d0b36030caec62
routing_abrupt_regime_shift,routing_abrupt_regime_shift:seed96100000:epoch30,30,20,discovery,96400000,u_0.60,0.6,944863640.7698232,0.647695202257761,809.0,0.0584958217270195,442b4f02bba381e49ce141b1f3250753918977d962b947e0d7d0b36030caec62
routing_abrupt_regime_shift,routing_abrupt_regime_shift:seed96100000:epoch30,30,20,discovery,96400000,u_0.70,0.7,943947678.7912748,0.6491063029162747,802.0,0.0584144645340751,442b4f02bba381e49ce141b1f3250753918977d962b947e0d7d0b36030caec62
routing_abrupt_regime_shift,routing_abrupt_regime_shift:seed96100000:epoch30,30,20,discovery,96400000,u_0.80,0.8,933681170.3330283,0.6566321730950141,787.0,0.05578512396694215,442b4f02bba381e49ce141b1f3250753918977d962b947e0d7d0b36030caec62
routing_abrupt_regime_shift,routing_abrupt_regime_shift:seed96100000:epoch30,30,20,discovery,96400000,u_0.90,0.9,931223548.179234,0.6599247412982127,781.0,0.055517477724468814,442b4f02bba381e49ce141b1f3250753918977d962b947e0d7d0b36030caec62
routing_abrupt_regime_shift,routing_abrupt_regime_shift:seed96100000:epoch30,30,20,discovery,96400000,u_1.00,1.0,932388706.2242293,0.6613358419567262,774.0,0.055441478439425054,442b4f02bba381e49ce141b1f3250753918977d962b947e0d7d0b36030caec62
routing_abrupt_regime_shift,routing_abrupt_regime_shift:seed96100000:epoch30,30,20,discovery,96400001,anchor,-1.0,994831138.7575665,0.6234567901234568,889.0,0.0660377358490566,442b4f02bba381e49ce141b1f3250753918977d962b947e0d7d0b36030caec62
routing_abrupt_regime_shift,routing_abrupt_regime_shift:seed96100000:epoch30,30,20,discovery,96400001,u_0.00,0.0,994831138.7575665,0.6234567901234568,889.0,0.0660377358490566,442b4f02bba381e49ce141b1f3250753918977d962b947e0d7d0b36030caec62
routing_abrupt_regime_shift,routing_abrupt_regime_shift:seed96100000:epoch30,30,20,discovery,96400001,u_0.10,0.1,986628639.9367635,0.6296296296296297,880.0,0.06268011527377522,442b4f02bba381e49ce141b1f3250753918977d962b947e0d7d0b36030caec62
routing_abrupt_regime_shift,routing_abrupt_regime_shift:seed96100000:epoch30,30,20,discovery,96400001,u_0.20,0.2,981675160.2577806,0.6339031339031339,875.0,0.06290207290922087,442b4f02bba381e49ce141b1f3250753918977d962b947e0d7d0b36030caec62
routing_abrupt_regime_shift,routing_abrupt_regime_shift:seed96100000:epoch30,30,20,discovery,96400001,u_0.30,0.3,974006393.2696246,0.6410256410256411,864.0,0.06170212765957447,442b4f02bba381e49ce141b1f3250753918977d962b947e0d7d0b36030caec62
routing_abrupt_regime_shift,routing_abrupt_regime_shift:seed96100000:epoch30,30,20,discovery,96400001,u_0.40,0.4,970193017.4688225,0.6429249762583096,855.0,0.062103034580098804,442b4f02bba381e49ce141b1f3250753918977d962b947e0d7d0b36030caec62
routing_abrupt_regime_shift,routing_abrupt_regime_shift:seed96100000:epoch30,30,20,discovery,96400001,u_0.50,0.5,962183421.8762324,0.6500474833808167,844.0,0.06219426974143955,442b4f02bba381e49ce141b1f3250753918977d962b947e0d7d0b36030caec62
routing_abrupt_regime_shift,routing_abrupt_regime_shift:seed96100000:epoch30,30,20,discovery,96400001,u_0.60,0.6,955678444.7741913,0.654320987654321,833.0,0.061153578874218205,442b4f02bba381e49ce141b1f3250753918977d962b947e0d7d0b36030caec62
routing_abrupt_regime_shift,routing_abrupt_regime_shift:seed96100000:epoch30,30,20,discovery,96400001,u_0.70,0.7,955223098.2326999,0.6557454890788225,827.0,0.06041666666666667,442b4f02bba381e49ce141b1f3250753918977d962b947e0d7d0b36030caec62
routing_abrupt_regime_shift,routing_abrupt_regime_shift:seed96100000:epoch30,30,20,discovery,96400001,u_0.80,0.8,946792140.696127,0.6657169990503324,812.0,0.05853994490358127,442b4f02bba381e49ce141b1f3250753918977d962b947e0d7d0b36030caec62
routing_abrupt_regime_shift,routing_abrupt_regime_shift:seed96100000:epoch30,30,20,discovery,96400001,u_0.90,0.9,945765384.3735379,0.6676163342830009,808.0,0.05716253443526171,442b4f02bba381e49ce141b1f3250753918977d962b947e0d7d0b36030caec62
routing_abrupt_regime_shift,routing_abrupt_regime_shift:seed96100000:epoch30,30,20,discovery,96400001,u_1.00,1.0,950991136.7907524,0.6680911680911681,805.0,0.059065934065934064,442b4f02bba381e49ce141b1f3250753918977d962b947e0d7d0b36030caec62
routing_abrupt_regime_shift,routing_abrupt_regime_shift:seed96100000:epoch30,30,20,discovery,96400002,anchor,-1.0,1020393554.9328749,0.6088578088578088,908.0,0.07028985507246377,442b4f02bba381e49ce141b1f3250753918977d962b947e0d7d0b36030caec62
routing_abrupt_regime_shift,routing_abrupt_regime_shift:seed96100000:epoch30,30,20,discovery,96400002,u_0.00,0.0,1020393554.9328749,0.6088578088578088,908.0,0.07028985507246377,442b4f02bba381e49ce141b1f3250753918977d962b947e0d7d0b36030caec62
routing_abrupt_regime_shift,routing_abrupt_regime_shift:seed96100000:epoch30,30,20,discovery,96400002,u_0.10,0.1,1011037028.71327,0.6167832167832168,899.0,0.06685837526959022,442b4f02bba381e49ce141b1f3250753918977d962b947e0d7d0b36030caec62
routing_abrupt_regime_shift,routing_abrupt_regime_shift:seed96100000:epoch30,30,20,discovery,96400002,u_0.20,0.2,1005661734.1212518,0.6219114219114219,892.0,0.06419400855920114,442b4f02bba381e49ce141b1f3250753918977d962b947e0d7d0b36030caec62
routing_abrupt_regime_shift,routing_abrupt_regime_shift:seed96100000:epoch30,30,20,discovery,96400002,u_0.30,0.3,1000477796.6433806,0.6275058275058275,883.0,0.06501766784452297,442b4f02bba381e49ce141b1f3250753918977d962b947e0d7d0b36030caec62
routing_abrupt_regime_shift,routing_abrupt_regime_shift:seed96100000:epoch30,30,20,discovery,96400002,u_0.40,0.4,996697891.3359545,0.6303030303030303,874.0,0.06558533145275035,442b4f02bba381e49ce141b1f3250753918977d962b947e0d7d0b36030caec62
routing_abrupt_regime_shift,routing_abrupt_regime_shift:seed96100000:epoch30,30,20,discovery,96400002,u_0.50,0.5,985975461.358096,0.6377622377622377,859.0,0.06289308176100629,442b4f02bba381e49ce141b1f3250753918977d962b947e0d7d0b36030caec62
routing_abrupt_regime_shift,routing_abrupt_regime_shift:seed96100000:epoch30,30,20,discovery,96400002,u_0.60,0.6,982184069.5340241,0.6414918414918415,852.0,0.06384455239417071,442b4f02bba381e49ce141b1f3250753918977d962b947e0d7d0b36030caec62
routing_abrupt_regime_shift,routing_abrupt_regime_shift:seed96100000:epoch30,30,20,discovery,96400002,u_0.70,0.7,980027520.8779161,0.6438228438228438,845.0,0.062370062370062374,442b4f02bba381e49ce141b1f3250753918977d962b947e0d7d0b36030caec62
routing_abrupt_regime_shift,routing_abrupt_regime_shift:seed96100000:epoch30,30,20,discovery,96400002,u_0.80,0.8,970235224.1313846,0.6512820512820513,829.0,0.060398078242964996,442b4f02bba381e49ce141b1f3250753918977d962b947e0d7d0b36030caec62
routing_abrupt_regime_shift,routing_abrupt_regime_shift:seed96100000:epoch30,30,20,discovery,96400002,u_0.90,0.9,968048731.0074264,0.6554778554778555,820.0,0.06147540983606557,442b4f02bba381e49ce141b1f3250753918977d962b947e0d7d0b36030caec62
routing_abrupt_regime_shift,routing_abrupt_regime_shift:seed96100000:epoch30,30,20,discovery,96400002,u_1.00,1.0,969457349.7964237,0.6568764568764569,814.0,0.06198910081743869,442b4f02bba381e49ce141b1f3250753918977d962b947e0d7d0b36030caec62
routing_abrupt_regime_shift,routing_abrupt_regime_shift:seed96100000:epoch30,30,20,validation,96500000,anchor,-1.0,919062095.5632453,0.6374521072796935,794.0,0.05021834061135371,442b4f02bba381e49ce141b1f3250753918977d962b947e0d7d0b36030caec62
routing_abrupt_regime_shift,routing_abrupt_regime_shift:seed96100000:epoch30,30,20,validation,96500000,u_0.00,0.0,919062095.5632453,0.6374521072796935,794.0,0.05021834061135371,442b4f02bba381e49ce141b1f3250753918977d962b947e0d7d0b36030caec62
routing_abrupt_regime_shift,routing_abrupt_regime_shift:seed96100000:epoch30,30,20,validation,96500000,u_0.10,0.1,914596114.8830321,0.6417624521072797,789.0,0.049819494584837545,442b4f02bba381e49ce141b1f3250753918977d962b947e0d7d0b36030caec62
routing_abrupt_regime_shift,routing_abrupt_regime_shift:seed96100000:epoch30,30,20,validation,96500000,u_0.20,0.2,906024776.7780412,0.6494252873563219,781.0,0.04522613065326633,442b4f02bba381e49ce141b1f3250753918977d962b947e0d7d0b36030caec62
routing_abrupt_regime_shift,routing_abrupt_regime_shift:seed96100000:epoch30,30,20,validation,96500000,u_0.30,0.3,898104528.2700331,0.6561302681992337,773.0,0.044096728307254626,442b4f02bba381e49ce141b1f3250753918977d962b947e0d7d0b36030caec62
routing_abrupt_regime_shift,routing_abrupt_regime_shift:seed96100000:epoch30,30,20,validation,96500000,u_0.40,0.4,893497343.289725,0.6594827586206896,767.0,0.045133991537376586,442b4f02bba381e49ce141b1f3250753918977d962b947e0d7d0b36030caec62
routing_abrupt_regime_shift,routing_abrupt_regime_shift:seed96100000:epoch30,30,20,validation,96500000,u_0.50,0.5,885454838.5919375,0.6652298850574713,756.0,0.045454545454545456,442b4f02bba381e49ce141b1f3250753918977d962b947e0d7d0b36030caec62
routing_abrupt_regime_shift,routing_abrupt_regime_shift:seed96100000:epoch30,30,20,validation,96500000,u_0.60,0.6,878461426.1271478,0.6695402298850575,748.0,0.045170257123002086,442b4f02bba381e49ce141b1f3250753918977d962b947e0d7d0b36030caec62
routing_abrupt_regime_shift,routing_abrupt_regime_shift:seed96100000:epoch30,30,20,validation,96500000,u_0.70,0.7,879128399.1472428,0.6700191570881227,745.0,0.04580152671755725,442b4f02bba381e49ce141b1f3250753918977d962b947e0d7d0b36030caec62
routing_abrupt_regime_shift,routing_abrupt_regime_shift:seed96100000:epoch30,30,20,validation,96500000,u_0.80,0.8,868907546.5280244,0.6781609195402298,730.0,0.04461221688400824,442b4f02bba381e49ce141b1f3250753918977d962b947e0d7d0b36030caec62
routing_abrupt_regime_shift,routing_abrupt_regime_shift:seed96100000:epoch30,30,20,validation,96500000,u_0.90,0.9,867037529.5598068,0.6815134099616859,724.0,0.04442925495557074,442b4f02bba381e49ce141b1f3250753918977d962b947e0d7d0b36030caec62
routing_abrupt_regime_shift,routing_abrupt_regime_shift:seed96100000:epoch30,30,20,validation,96500000,u_1.00,1.0,867539936.0532044,0.6843869731800766,718.0,0.044897959183673466,442b4f02bba381e49ce141b1f3250753918977d962b947e0d7d0b36030caec62
routing_abrupt_regime_shift,routing_abrupt_regime_shift:seed96100000:epoch30,30,20,validation,96500001,anchor,-1.0,1020415018.8023465,0.5959595959595959,883.0,0.0620384047267356,442b4f02bba381e49ce141b1f3250753918977d962b947e0d7d0b36030caec62
routing_abrupt_regime_shift,routing_abrupt_regime_shift:seed96100000:epoch30,30,20,validation,96500001,u_0.00,0.0,1020415018.8023465,0.5959595959595959,883.0,0.0620384047267356,442b4f02bba381e49ce141b1f3250753918977d962b947e0d7d0b36030caec62
routing_abrupt_regime_shift,routing_abrupt_regime_shift:seed96100000:epoch30,30,20,validation,96500001,u_0.10,0.1,1016001670.6502094,0.6005509641873278,879.0,0.061628760088041086,442b4f02bba381e49ce141b1f3250753918977d962b947e0d7d0b36030caec62
routing_abrupt_regime_shift,routing_abrupt_regime_shift:seed96100000:epoch30,30,20,validation,96500001,u_0.20,0.2,1009376805.2470512,0.6056014692378329,871.0,0.06040756914119359,442b4f02bba381e49ce141b1f3250753918977d962b947e0d7d0b36030caec62
routing_abrupt_regime_shift,routing_abrupt_regime_shift:seed96100000:epoch30,30,20,validation,96500001,u_0.30,0.3,1001749014.4639457,0.6124885215794307,858.0,0.05695746214852199,442b4f02bba381e49ce141b1f3250753918977d962b947e0d7d0b36030caec62
routing_abrupt_regime_shift,routing_abrupt_regime_shift:seed96100000:epoch30,30,20,validation,96500001,u_0.40,0.4,994182777.0320611,0.6193755739210285,848.0,0.0536480686695279,442b4f02bba381e49ce141b1f3250753918977d962b947e0d7d0b36030caec62
routing_abrupt_regime_shift,routing_abrupt_regime_shift:seed96100000:epoch30,30,20,validation,96500001,u_0.50,0.5,983565445.6821809,0.6267217630853994,833.0,0.05244507441530829,442b4f02bba381e49ce141b1f3250753918977d962b947e0d7d0b36030caec62
routing_abrupt_regime_shift,routing_abrupt_regime_shift:seed96100000:epoch30,30,20,validation,96500001,u_0.60,0.6,976800484.017108,0.630394857667585,823.0,0.05207600281491907,442b4f02bba381e49ce141b1f3250753918977d962b947e0d7d0b36030caec62
routing_abrupt_regime_shift,routing_abrupt_regime_shift:seed96100000:epoch30,30,20,validation,96500001,u_0.70,0.7,973827579.6349877,0.6336088154269972,818.0,0.05112044817927171,442b4f02bba381e49ce141b1f3250753918977d962b947e0d7d0b36030caec62
routing_abrupt_regime_shift,routing_abrupt_regime_shift:seed96100000:epoch30,30,20,validation,96500001,u_0.80,0.8,965308463.9962236,0.6418732782369146,804.0,0.04851004851004851,442b4f02bba381e49ce141b1f3250753918977d962b947e0d7d0b36030caec62
routing_abrupt_regime_shift,routing_abrupt_regime_shift:seed96100000:epoch30,30,20,validation,96500001,u_0.90,0.9,962232472.8956627,0.6455463728191001,798.0,0.04758620689655172,442b4f02bba381e49ce141b1f3250753918977d962b947e0d7d0b36030caec62
routing_abrupt_regime_shift,routing_abrupt_regime_shift:seed96100000:epoch30,30,20,validation,96500001,u_1.00,1.0,964448057.3866041,0.647842056932966,794.0,0.04869684499314129,442b4f02bba381e49ce141b1f3250753918977d962b947e0d7d0b36030caec62
routing_abrupt_regime_shift,routing_abrupt_regime_shift:seed96100000:epoch30,30,20,validation,96500002,anchor,-1.0,984398731.8468552,0.6140186915887851,871.0,0.061224489795918366,442b4f02bba381e49ce141b1f3250753918977d962b947e0d7d0b36030caec62
routing_abrupt_regime_shift,routing_abrupt_regime_shift:seed96100000:epoch30,30,20,validation,96500002,u_0.00,0.0,984398731.8468552,0.6140186915887851,871.0,0.061224489795918366,442b4f02bba381e49ce141b1f3250753918977d962b947e0d7d0b36030caec62
routing_abrupt_regime_shift,routing_abrupt_regime_shift:seed96100000:epoch30,30,20,validation,96500002,u_0.10,0.1,979911318.4048656,0.6172897196261682,867.0,0.06222865412445731,442b4f02bba381e49ce141b1f3250753918977d962b947e0d7d0b36030caec62
routing_abrupt_regime_shift,routing_abrupt_regime_shift:seed96100000:epoch30,30,20,validation,96500002,u_0.20,0.2,972059410.8763691,0.6233644859813084,857.0,0.05958363244795405,442b4f02bba381e49ce141b1f3250753918977d962b947e0d7d0b36030caec62
routing_abrupt_regime_shift,routing_abrupt_regime_shift:seed96100000:epoch30,30,20,validation,96500002,u_0.30,0.3,963104790.8714187,0.6299065420560748,845.0,0.05693950177935943,442b4f02bba381e49ce141b1f3250753918977d962b947e0d7d0b36030caec62
routing_abrupt_regime_shift,routing_abrupt_regime_shift:seed96100000:epoch30,30,20,validation,96500002,u_0.40,0.4,957250605.7503856,0.6350467289719626,836.0,0.056617126680820945,442b4f02bba381e49ce141b1f3250753918977d962b947e0d7d0b36030caec62
routing_abrupt_regime_shift,routing_abrupt_regime_shift:seed96100000:epoch30,30,20,validation,96500002,u_0.50,0.5,950087304.7867019,0.6420560747663552,827.0,0.056762438682550806,442b4f02bba381e49ce141b1f3250753918977d962b947e0d7d0b36030caec62
routing_abrupt_regime_shift,routing_abrupt_regime_shift:seed96100000:epoch30,30,20,validation,96500002,u_0.60,0.6,944046535.2168368,0.6467289719626168,818.0,0.05636743215031315,442b4f02bba381e49ce141b1f3250753918977d962b947e0d7d0b36030caec62
routing_abrupt_regime_shift,routing_abrupt_regime_shift:seed96100000:epoch30,30,20,validation,96500002,u_0.70,0.7,941884124.5488614,0.6495327102803738,814.0,0.05547850208044383,442b4f02bba381e49ce141b1f3250753918977d962b947e0d7d0b36030caec62
routing_abrupt_regime_shift,routing_abrupt_regime_shift:seed96100000:epoch30,30,20,validation,96500002,u_0.80,0.8,928617181.242583,0.6574766355140187,795.0,0.05147563486616335,442b4f02bba381e49ce141b1f3250753918977d962b947e0d7d0b36030caec62
routing_abrupt_regime_shift,routing_abrupt_regime_shift:seed96100000:epoch30,30,20,validation,96500002,u_0.90,0.9,925577913.8678937,0.6607476635514019,788.0,0.05122950819672131,442b4f02bba381e49ce141b1f3250753918977d962b947e0d7d0b36030caec62
routing_abrupt_regime_shift,routing_abrupt_regime_shift:seed96100000:epoch30,30,20,validation,96500002,u_1.00,1.0,928217121.1757327,0.6621495327102803,783.0,0.05129958960328317,442b4f02bba381e49ce141b1f3250753918977d962b947e0d7d0b36030caec62
routing_abrupt_regime_shift,routing_abrupt_regime_shift:seed96100000:epoch30,30,20,validation,96500003,anchor,-1.0,952818048.035608,0.629277566539924,829.0,0.05511240029006526,442b4f02bba381e49ce141b1f3250753918977d962b947e0d7d0b36030caec62
routing_abrupt_regime_shift,routing_abrupt_regime_shift:seed96100000:epoch30,30,20,validation,96500003,u_0.00,0.0,952818048.035608,0.629277566539924,829.0,0.05511240029006526,442b4f02bba381e49ce141b1f3250753918977d962b947e0d7d0b36030caec62
routing_abrupt_regime_shift,routing_abrupt_regime_shift:seed96100000:epoch30,30,20,validation,96500003,u_0.10,0.1,948768267.5693579,0.6340304182509505,824.0,0.0547945205479452,442b4f02bba381e49ce141b1f3250753918977d962b947e0d7d0b36030caec62
routing_abrupt_regime_shift,routing_abrupt_regime_shift:seed96100000:epoch30,30,20,validation,96500003,u_0.20,0.2,944723894.5364236,0.6359315589353612,820.0,0.05531609195402299,442b4f02bba381e49ce141b1f3250753918977d962b947e0d7d0b36030caec62
routing_abrupt_regime_shift,routing_abrupt_regime_shift:seed96100000:epoch30,30,20,validation,96500003,u_0.30,0.3,934316012.8270667,0.6444866920152091,807.0,0.051994301994301995,442b4f02bba381e49ce141b1f3250753918977d962b947e0d7d0b36030caec62
routing_abrupt_regime_shift,routing_abrupt_regime_shift:seed96100000:epoch30,30,20,validation,96500003,u_0.40,0.4,927651502.8170923,0.6492395437262357,795.0,0.049680624556423,442b4f02bba381e49ce141b1f3250753918977d962b947e0d7d0b36030caec62
routing_abrupt_regime_shift,routing_abrupt_regime_shift:seed96100000:epoch30,30,20,validation,96500003,u_0.50,0.5,915933524.4813389,0.6577946768060836,779.0,0.04781997187060478,442b4f02bba381e49ce141b1f3250753918977d962b947e0d7d0b36030caec62
routing_abrupt_regime_shift,routing_abrupt_regime_shift:seed96100000:epoch30,30,20,validation,96500003,u_0.60,0.6,910967874.7939126,0.6611216730038023,772.0,0.04951185495118549,442b4f02bba381e49ce141b1f3250753918977d962b947e0d7d0b36030caec62
routing_abrupt_regime_shift,routing_abrupt_regime_shift:seed96100000:epoch30,30,20,validation,96500003,u_0.70,0.7,910341988.2424281,0.6630228136882129,767.0,0.04871259568545581,442b4f02bba381e49ce141b1f3250753918977d962b947e0d7d0b36030caec62
routing_abrupt_regime_shift,routing_abrupt_regime_shift:seed96100000:epoch30,30,20,validation,96500003,u_0.80,0.8,895854302.3922069,0.6739543726235742,745.0,0.04598490048043926,442b4f02bba381e49ce141b1f3250753918977d962b947e0d7d0b36030caec62
routing_abrupt_regime_shift,routing_abrupt_regime_shift:seed96100000:epoch30,30,20,validation,96500003,u_0.90,0.9,893543160.989764,0.6772813688212928,738.0,0.045765027322404374,442b4f02bba381e49ce141b1f3250753918977d962b947e0d7d0b36030caec62
routing_abrupt_regime_shift,routing_abrupt_regime_shift:seed96100000:epoch30,30,20,validation,96500003,u_1.00,1.0,895786173.3038992,0.6791825095057035,731.0,0.04564032697547684,442b4f02bba381e49ce141b1f3250753918977d962b947e0d7d0b36030caec62
routing_abrupt_regime_shift,routing_abrupt_regime_shift:seed96100000:epoch30,30,20,validation,96500004,anchor,-1.0,976486182.7667825,0.63331737673528,873.0,0.05745454545454545,442b4f02bba381e49ce141b1f3250753918977d962b947e0d7d0b36030caec62
routing_abrupt_regime_shift,routing_abrupt_regime_shift:seed96100000:epoch30,30,20,validation,96500004,u_0.00,0.0,976486182.7667825,0.63331737673528,873.0,0.05745454545454545,442b4f02bba381e49ce141b1f3250753918977d962b947e0d7d0b36030caec62
routing_abrupt_regime_shift,routing_abrupt_regime_shift:seed96100000:epoch30,30,20,validation,96500004,u_0.10,0.1,968000543.6781765,0.6395404499760651,859.0,0.05415162454873646,442b4f02bba381e49ce141b1f3250753918977d962b947e0d7d0b36030caec62
routing_abrupt_regime_shift,routing_abrupt_regime_shift:seed96100000:epoch30,30,20,validation,96500004,u_0.20,0.2,961952071.4267433,0.6438487314504547,854.0,0.054441260744985676,442b4f02bba381e49ce141b1f3250753918977d962b947e0d7d0b36030caec62
routing_abrupt_regime_shift,routing_abrupt_regime_shift:seed96100000:epoch30,30,20,validation,96500004,u_0.30,0.3,952603875.3573152,0.6524652943992341,842.0,0.0511000709723208,442b4f02bba381e49ce141b1f3250753918977d962b947e0d7d0b36030caec62
routing_abrupt_regime_shift,routing_abrupt_regime_shift:seed96100000:epoch30,30,20,validation,96500004,u_0.40,0.4,947100307.952737,0.6572522738152226,833.0,0.048797736916548796,442b4f02bba381e49ce141b1f3250753918977d962b947e0d7d0b36030caec62
routing_abrupt_regime_shift,routing_abrupt_regime_shift:seed96100000:epoch30,30,20,validation,96500004,u_0.50,0.5,936892470.6928669,0.6644327429392054,823.0,0.046951646811492644,442b4f02bba381e49ce141b1f3250753918977d962b947e0d7d0b36030caec62
routing_abrupt_regime_shift,routing_abrupt_regime_shift:seed96100000:epoch30,30,20,validation,96500004,u_0.60,0.6,931272721.2781948,0.6692197223551939,813.0,0.04662491301322199,442b4f02bba381e49ce141b1f3250753918977d962b947e0d7d0b36030caec62
routing_abrupt_regime_shift,routing_abrupt_regime_shift:seed96100000:epoch30,30,20,validation,96500004,u_0.70,0.7,929050215.7350641,0.6716132120631881,806.0,0.046560111188325225,442b4f02bba381e49ce141b1f3250753918977d962b947e0d7d0b36030caec62
routing_abrupt_regime_shift,routing_abrupt_regime_shift:seed96100000:epoch30,30,20,validation,96500004,u_0.80,0.8,919635848.0724905,0.678314983245572,791.0,0.04470426409903714,442b4f02bba381e49ce141b1f3250753918977d962b947e0d7d0b36030caec62
routing_abrupt_regime_shift,routing_abrupt_regime_shift:seed96100000:epoch30,30,20,validation,96500004,u_0.90,0.9,915769556.5813898,0.6826232647199617,783.0,0.043121149897330596,442b4f02bba381e49ce141b1f3250753918977d962b947e0d7d0b36030caec62
routing_abrupt_regime_shift,routing_abrupt_regime_shift:seed96100000:epoch30,30,20,validation,96500004,u_1.00,1.0,914954029.8902082,0.6859741503111536,773.0,0.040983606557377046,442b4f02bba381e49ce141b1f3250753918977d962b947e0d7d0b36030caec62
routing_abrupt_regime_shift,routing_abrupt_regime_shift:seed96100000:epoch55,55,19,discovery,96400000,anchor,-1.0,42318849.38148922,0.6320754716981132,34.0,0.057971014492753624,442b4f02bba381e49ce141b1f3250753918977d962b947e0d7d0b36030caec62
routing_abrupt_regime_shift,routing_abrupt_regime_shift:seed96100000:epoch55,55,19,discovery,96400000,u_0.00,0.0,42318849.38148922,0.6320754716981132,34.0,0.057971014492753624,442b4f02bba381e49ce141b1f3250753918977d962b947e0d7d0b36030caec62
routing_abrupt_regime_shift,routing_abrupt_regime_shift:seed96100000:epoch55,55,19,discovery,96400000,u_0.10,0.1,41411880.63345432,0.6320754716981132,32.0,0.05063291139240506,442b4f02bba381e49ce141b1f3250753918977d962b947e0d7d0b36030caec62
routing_abrupt_regime_shift,routing_abrupt_regime_shift:seed96100000:epoch55,55,19,discovery,96400000,u_0.20,0.2,40494496.68180689,0.6320754716981132,30.0,0.044444444444444446,442b4f02bba381e49ce141b1f3250753918977d962b947e0d7d0b36030caec62
routing_abrupt_regime_shift,routing_abrupt_regime_shift:seed96100000:epoch55,55,19,discovery,96400000,u_0.30,0.3,39802846.553523794,0.6320754716981132,28.0,0.038461538461538464,442b4f02bba381e49ce141b1f3250753918977d962b947e0d7d0b36030caec62
routing_abrupt_regime_shift,routing_abrupt_regime_shift:seed96100000:epoch55,55,19,discovery,96400000,u_0.40,0.4,38333180.5684464,0.6320754716981132,24.0,0.03389830508474576,442b4f02bba381e49ce141b1f3250753918977d962b947e0d7d0b36030caec62
routing_abrupt_regime_shift,routing_abrupt_regime_shift:seed96100000:epoch55,55,19,discovery,96400000,u_0.50,0.5,38934698.293321736,0.6320754716981132,23.0,0.030303030303030304,442b4f02bba381e49ce141b1f3250753918977d962b947e0d7d0b36030caec62
routing_abrupt_regime_shift,routing_abrupt_regime_shift:seed96100000:epoch55,55,19,discovery,96400000,u_0.60,0.6,39508860.92927353,0.6320754716981132,21.0,0.027972027972027972,442b4f02bba381e49ce141b1f3250753918977d962b947e0d7d0b36030caec62
routing_abrupt_regime_shift,routing_abrupt_regime_shift:seed96100000:epoch55,55,19,discovery,96400000,u_0.70,0.7,40055668.476301774,0.6320754716981132,18.0,0.026490066225165563,442b4f02bba381e49ce141b1f3250753918977d962b947e0d7d0b36030caec62
routing_abrupt_regime_shift,routing_abrupt_regime_shift:seed96100000:epoch55,55,19,discovery,96400000,u_0.80,0.8,40672498.66954769,0.6320754716981132,15.0,0.024242424242424242,442b4f02bba381e49ce141b1f3250753918977d962b947e0d7d0b36030caec62
routing_abrupt_regime_shift,routing_abrupt_regime_shift:seed96100000:epoch55,55,19,discovery,96400000,u_0.90,0.9,42961781.00358761,0.6320754716981132,14.0,0.022727272727272728,442b4f02bba381e49ce141b1f3250753918977d962b947e0d7d0b36030caec62
routing_abrupt_regime_shift,routing_abrupt_regime_shift:seed96100000:epoch55,55,19,discovery,96400000,u_1.00,1.0,44947325.793321736,0.6320754716981132,12.0,0.02127659574468085,442b4f02bba381e49ce141b1f3250753918977d962b947e0d7d0b36030caec62
routing_abrupt_regime_shift,routing_abrupt_regime_shift:seed96100000:epoch55,55,19,discovery,96400001,anchor,-1.0,42318849.38148922,0.6320754716981132,34.0,0.057971014492753624,442b4f02bba381e49ce141b1f3250753918977d962b947e0d7d0b36030caec62
routing_abrupt_regime_shift,routing_abrupt_regime_shift:seed96100000:epoch55,55,19,discovery,96400001,u_0.00,0.0,42318849.38148922,0.6320754716981132,34.0,0.057971014492753624,442b4f02bba381e49ce141b1f3250753918977d962b947e0d7d0b36030caec62
routing_abrupt_regime_shift,routing_abrupt_regime_shift:seed96100000:epoch55,55,19,discovery,96400001,u_0.10,0.1,41411880.63345432,0.6320754716981132,32.0,0.05063291139240506,442b4f02bba381e49ce141b1f3250753918977d962b947e0d7d0b36030caec62
routing_abrupt_regime_shift,routing_abrupt_regime_shift:seed96100000:epoch55,55,19,discovery,96400001,u_0.20,0.2,40494496.68180689,0.6320754716981132,30.0,0.044444444444444446,442b4f02bba381e49ce141b1f3250753918977d962b947e0d7d0b36030caec62
routing_abrupt_regime_shift,routing_abrupt_regime_shift:seed96100000:epoch55,55,19,discovery,96400001,u_0.30,0.3,39802846.553523794,0.6320754716981132,28.0,0.038461538461538464,442b4f02bba381e49ce141b1f3250753918977d962b947e0d7d0b36030caec62
routing_abrupt_regime_shift,routing_abrupt_regime_shift:seed96100000:epoch55,55,19,discovery,96400001,u_0.40,0.4,38333180.5684464,0.6320754716981132,24.0,0.03389830508474576,442b4f02bba381e49ce141b1f3250753918977d962b947e0d7d0b36030caec62
routing_abrupt_regime_shift,routing_abrupt_regime_shift:seed96100000:epoch55,55,19,discovery,96400001,u_0.50,0.5,38934698.293321736,0.6320754716981132,23.0,0.030303030303030304,442b4f02bba381e49ce141b1f3250753918977d962b947e0d7d0b36030caec62
routing_abrupt_regime_shift,routing_abrupt_regime_shift:seed96100000:epoch55,55,19,discovery,96400001,u_0.60,0.6,39508860.92927353,0.6320754716981132,21.0,0.027972027972027972,442b4f02bba381e49ce141b1f3250753918977d962b947e0d7d0b36030caec62
routing_abrupt_regime_shift,routing_abrupt_regime_shift:seed96100000:epoch55,55,19,discovery,96400001,u_0.70,0.7,40055668.476301774,0.6320754716981132,18.0,0.026490066225165563,442b4f02bba381e49ce141b1f3250753918977d962b947e0d7d0b36030caec62
routing_abrupt_regime_shift,routing_abrupt_regime_shift:seed96100000:epoch55,55,19,discovery,96400001,u_0.80,0.8,40672498.66954769,0.6320754716981132,15.0,0.024242424242424242,442b4f02bba381e49ce141b1f3250753918977d962b947e0d7d0b36030caec62
routing_abrupt_regime_shift,routing_abrupt_regime_shift:seed96100000:epoch55,55,19,discovery,96400001,u_0.90,0.9,42961781.00358761,0.6320754716981132,14.0,0.022727272727272728,442b4f02bba381e49ce141b1f3250753918977d962b947e0d7d0b36030caec62
routing_abrupt_regime_shift,routing_abrupt_regime_shift:seed96100000:epoch55,55,19,discovery,96400001,u_1.00,1.0,44947325.793321736,0.6320754716981132,12.0,0.02127659574468085,442b4f02bba381e49ce141b1f3250753918977d962b947e0d7d0b36030caec62
routing_abrupt_regime_shift,routing_abrupt_regime_shift:seed96100000:epoch55,55,19,discovery,96400002,anchor,-1.0,42318849.38148922,0.6320754716981132,34.0,0.057971014492753624,442b4f02bba381e49ce141b1f3250753918977d962b947e0d7d0b36030caec62
routing_abrupt_regime_shift,routing_abrupt_regime_shift:seed96100000:epoch55,55,19,discovery,96400002,u_0.00,0.0,42318849.38148922,0.6320754716981132,34.0,0.057971014492753624,442b4f02bba381e49ce141b1f3250753918977d962b947e0d7d0b36030caec62
routing_abrupt_regime_shift,routing_abrupt_regime_shift:seed96100000:epoch55,55,19,discovery,96400002,u_0.10,0.1,41411880.63345432,0.6320754716981132,32.0,0.05063291139240506,442b4f02bba381e49ce141b1f3250753918977d962b947e0d7d0b36030caec62
routing_abrupt_regime_shift,routing_abrupt_regime_shift:seed96100000:epoch55,55,19,discovery,96400002,u_0.20,0.2,40494496.68180689,0.6320754716981132,30.0,0.044444444444444446,442b4f02bba381e49ce141b1f3250753918977d962b947e0d7d0b36030caec62
routing_abrupt_regime_shift,routing_abrupt_regime_shift:seed96100000:epoch55,55,19,discovery,96400002,u_0.30,0.3,39802846.553523794,0.6320754716981132,28.0,0.038461538461538464,442b4f02bba381e49ce141b1f3250753918977d962b947e0d7d0b36030caec62
routing_abrupt_regime_shift,routing_abrupt_regime_shift:seed96100000:epoch55,55,19,discovery,96400002,u_0.40,0.4,38333180.5684464,0.6320754716981132,24.0,0.03389830508474576,442b4f02bba381e49ce141b1f3250753918977d962b947e0d7d0b36030caec62
routing_abrupt_regime_shift,routing_abrupt_regime_shift:seed96100000:epoch55,55,19,discovery,96400002,u_0.50,0.5,38934698.293321736,0.6320754716981132,23.0,0.030303030303030304,442b4f02bba381e49ce141b1f3250753918977d962b947e0d7d0b36030caec62
routing_abrupt_regime_shift,routing_abrupt_regime_shift:seed96100000:epoch55,55,19,discovery,96400002,u_0.60,0.6,39508860.92927353,0.6320754716981132,21.0,0.027972027972027972,442b4f02bba381e49ce141b1f3250753918977d962b947e0d7d0b36030caec62
routing_abrupt_regime_shift,routing_abrupt_regime_shift:seed96100000:epoch55,55,19,discovery,96400002,u_0.70,0.7,40055668.476301774,0.6320754716981132,18.0,0.026490066225165563,442b4f02bba381e49ce141b1f3250753918977d962b947e0d7d0b36030caec62
routing_abrupt_regime_shift,routing_abrupt_regime_shift:seed96100000:epoch55,55,19,discovery,96400002,u_0.80,0.8,40672498.66954769,0.6320754716981132,15.0,0.024242424242424242,442b4f02bba381e49ce141b1f3250753918977d962b947e0d7d0b36030caec62
routing_abrupt_regime_shift,routing_abrupt_regime_shift:seed96100000:epoch55,55,19,discovery,96400002,u_0.90,0.9,42961781.00358761,0.6320754716981132,14.0,0.022727272727272728,442b4f02bba381e49ce141b1f3250753918977d962b947e0d7d0b36030caec62
routing_abrupt_regime_shift,routing_abrupt_regime_shift:seed96100000:epoch55,55,19,discovery,96400002,u_1.00,1.0,44947325.793321736,0.6320754716981132,12.0,0.02127659574468085,442b4f02bba381e49ce141b1f3250753918977d962b947e0d7d0b36030caec62
routing_abrupt_regime_shift,routing_abrupt_regime_shift:seed96100000:epoch55,55,19,validation,96500000,anchor,-1.0,42318849.38148922,0.6320754716981132,34.0,0.057971014492753624,442b4f02bba381e49ce141b1f3250753918977d962b947e0d7d0b36030caec62
routing_abrupt_regime_shift,routing_abrupt_regime_shift:seed96100000:epoch55,55,19,validation,96500000,u_0.00,0.0,42318849.38148922,0.6320754716981132,34.0,0.057971014492753624,442b4f02bba381e49ce141b1f3250753918977d962b947e0d7d0b36030caec62
routing_abrupt_regime_shift,routing_abrupt_regime_shift:seed96100000:epoch55,55,19,validation,96500000,u_0.10,0.1,41411880.63345432,0.6320754716981132,32.0,0.05063291139240506,442b4f02bba381e49ce141b1f3250753918977d962b947e0d7d0b36030caec62
routing_abrupt_regime_shift,routing_abrupt_regime_shift:seed96100000:epoch55,55,19,validation,96500000,u_0.20,0.2,40494496.68180689,0.6320754716981132,30.0,0.044444444444444446,442b4f02bba381e49ce141b1f3250753918977d962b947e0d7d0b36030caec62
routing_abrupt_regime_shift,routing_abrupt_regime_shift:seed96100000:epoch55,55,19,validation,96500000,u_0.30,0.3,39802846.553523794,0.6320754716981132,28.0,0.038461538461538464,442b4f02bba381e49ce141b1f3250753918977d962b947e0d7d0b36030caec62
routing_abrupt_regime_shift,routing_abrupt_regime_shift:seed96100000:epoch55,55,19,validation,96500000,u_0.40,0.4,38333180.5684464,0.6320754716981132,24.0,0.03389830508474576,442b4f02bba381e49ce141b1f3250753918977d962b947e0d7d0b36030caec62
routing_abrupt_regime_shift,routing_abrupt_regime_shift:seed96100000:epoch55,55,19,validation,96500000,u_0.50,0.5,38934698.293321736,0.6320754716981132,23.0,0.030303030303030304,442b4f02bba381e49ce141b1f3250753918977d962b947e0d7d0b36030caec62
routing_abrupt_regime_shift,routing_abrupt_regime_shift:seed96100000:epoch55,55,19,validation,96500000,u_0.60,0.6,39508860.92927353,0.6320754716981132,21.0,0.027972027972027972,442b4f02bba381e49ce141b1f3250753918977d962b947e0d7d0b36030caec62
routing_abrupt_regime_shift,routing_abrupt_regime_shift:seed96100000:epoch55,55,19,validation,96500000,u_0.70,0.7,40055668.476301774,0.6320754716981132,18.0,0.026490066225165563,442b4f02bba381e49ce141b1f3250753918977d962b947e0d7d0b36030caec62
routing_abrupt_regime_shift,routing_abrupt_regime_shift:seed96100000:epoch55,55,19,validation,96500000,u_0.80,0.8,40672498.66954769,0.6320754716981132,15.0,0.024242424242424242,442b4f02bba381e49ce141b1f3250753918977d962b947e0d7d0b36030caec62
routing_abrupt_regime_shift,routing_abrupt_regime_shift:seed96100000:epoch55,55,19,validation,96500000,u_0.90,0.9,42961781.00358761,0.6320754716981132,14.0,0.022727272727272728,442b4f02bba381e49ce141b1f3250753918977d962b947e0d7d0b36030caec62
routing_abrupt_regime_shift,routing_abrupt_regime_shift:seed96100000:epoch55,55,19,validation,96500000,u_1.00,1.0,44947325.793321736,0.6320754716981132,12.0,0.02127659574468085,442b4f02bba381e49ce141b1f3250753918977d962b947e0d7d0b36030caec62
routing_abrupt_regime_shift,routing_abrupt_regime_shift:seed96100000:epoch55,55,19,validation,96500001,anchor,-1.0,42318849.38148922,0.6320754716981132,34.0,0.057971014492753624,442b4f02bba381e49ce141b1f3250753918977d962b947e0d7d0b36030caec62
routing_abrupt_regime_shift,routing_abrupt_regime_shift:seed96100000:epoch55,55,19,validation,96500001,u_0.00,0.0,42318849.38148922,0.6320754716981132,34.0,0.057971014492753624,442b4f02bba381e49ce141b1f3250753918977d962b947e0d7d0b36030caec62
routing_abrupt_regime_shift,routing_abrupt_regime_shift:seed96100000:epoch55,55,19,validation,96500001,u_0.10,0.1,41411880.63345432,0.6320754716981132,32.0,0.05063291139240506,442b4f02bba381e49ce141b1f3250753918977d962b947e0d7d0b36030caec62
routing_abrupt_regime_shift,routing_abrupt_regime_shift:seed96100000:epoch55,55,19,validation,96500001,u_0.20,0.2,40494496.68180689,0.6320754716981132,30.0,0.044444444444444446,442b4f02bba381e49ce141b1f3250753918977d962b947e0d7d0b36030caec62
routing_abrupt_regime_shift,routing_abrupt_regime_shift:seed96100000:epoch55,55,19,validation,96500001,u_0.30,0.3,39802846.553523794,0.6320754716981132,28.0,0.038461538461538464,442b4f02bba381e49ce141b1f3250753918977d962b947e0d7d0b36030caec62
routing_abrupt_regime_shift,routing_abrupt_regime_shift:seed96100000:epoch55,55,19,validation,96500001,u_0.40,0.4,38333180.5684464,0.6320754716981132,24.0,0.03389830508474576,442b4f02bba381e49ce141b1f3250753918977d962b947e0d7d0b36030caec62
routing_abrupt_regime_shift,routing_abrupt_regime_shift:seed96100000:epoch55,55,19,validation,96500001,u_0.50,0.5,38934698.293321736,0.6320754716981132,23.0,0.030303030303030304,442b4f02bba381e49ce141b1f3250753918977d962b947e0d7d0b36030caec62
routing_abrupt_regime_shift,routing_abrupt_regime_shift:seed96100000:epoch55,55,19,validation,96500001,u_0.60,0.6,39508860.92927353,0.6320754716981132,21.0,0.027972027972027972,442b4f02bba381e49ce141b1f3250753918977d962b947e0d7d0b36030caec62
routing_abrupt_regime_shift,routing_abrupt_regime_shift:seed96100000:epoch55,55,19,validation,96500001,u_0.70,0.7,40055668.476301774,0.6320754716981132,18.0,0.026490066225165563,442b4f02bba381e49ce141b1f3250753918977d962b947e0d7d0b36030caec62
routing_abrupt_regime_shift,routing_abrupt_regime_shift:seed96100000:epoch55,55,19,validation,96500001,u_0.80,0.8,40672498.66954769,0.6320754716981132,15.0,0.024242424242424242,442b4f02bba381e49ce141b1f3250753918977d962b947e0d7d0b36030caec62
routing_abrupt_regime_shift,routing_abrupt_regime_shift:seed96100000:epoch55,55,19,validation,96500001,u_0.90,0.9,42961781.00358761,0.6320754716981132,14.0,0.022727272727272728,442b4f02bba381e49ce141b1f3250753918977d962b947e0d7d0b36030caec62
routing_abrupt_regime_shift,routing_abrupt_regime_shift:seed96100000:epoch55,55,19,validation,96500001,u_1.00,1.0,44947325.793321736,0.6320754716981132,12.0,0.02127659574468085,442b4f02bba381e49ce141b1f3250753918977d962b947e0d7d0b36030caec62
routing_abrupt_regime_shift,routing_abrupt_regime_shift:seed96100000:epoch55,55,19,validation,96500002,anchor,-1.0,42318849.38148922,0.6320754716981132,34.0,0.057971014492753624,442b4f02bba381e49ce141b1f3250753918977d962b947e0d7d0b36030caec62
routing_abrupt_regime_shift,routing_abrupt_regime_shift:seed96100000:epoch55,55,19,validation,96500002,u_0.00,0.0,42318849.38148922,0.6320754716981132,34.0,0.057971014492753624,442b4f02bba381e49ce141b1f3250753918977d962b947e0d7d0b36030caec62
routing_abrupt_regime_shift,routing_abrupt_regime_shift:seed96100000:epoch55,55,19,validation,96500002,u_0.10,0.1,41411880.63345432,0.6320754716981132,32.0,0.05063291139240506,442b4f02bba381e49ce141b1f3250753918977d962b947e0d7d0b36030caec62
routing_abrupt_regime_shift,routing_abrupt_regime_shift:seed96100000:epoch55,55,19,validation,96500002,u_0.20,0.2,40494496.68180689,0.6320754716981132,30.0,0.044444444444444446,442b4f02bba381e49ce141b1f3250753918977d962b947e0d7d0b36030caec62
routing_abrupt_regime_shift,routing_abrupt_regime_shift:seed96100000:epoch55,55,19,validation,96500002,u_0.30,0.3,39802846.553523794,0.6320754716981132,28.0,0.038461538461538464,442b4f02bba381e49ce141b1f3250753918977d962b947e0d7d0b36030caec62
routing_abrupt_regime_shift,routing_abrupt_regime_shift:seed96100000:epoch55,55,19,validation,96500002,u_0.40,0.4,38333180.5684464,0.6320754716981132,24.0,0.03389830508474576,442b4f02bba381e49ce141b1f3250753918977d962b947e0d7d0b36030caec62
routing_abrupt_regime_shift,routing_abrupt_regime_shift:seed96100000:epoch55,55,19,validation,96500002,u_0.50,0.5,38934698.293321736,0.6320754716981132,23.0,0.030303030303030304,442b4f02bba381e49ce141b1f3250753918977d962b947e0d7d0b36030caec62
routing_abrupt_regime_shift,routing_abrupt_regime_shift:seed96100000:epoch55,55,19,validation,96500002,u_0.60,0.6,39508860.92927353,0.6320754716981132,21.0,0.027972027972027972,442b4f02bba381e49ce141b1f3250753918977d962b947e0d7d0b36030caec62
routing_abrupt_regime_shift,routing_abrupt_regime_shift:seed96100000:epoch55,55,19,validation,96500002,u_0.70,0.7,40055668.476301774,0.6320754716981132,18.0,0.026490066225165563,442b4f02bba381e49ce141b1f3250753918977d962b947e0d7d0b36030caec62
routing_abrupt_regime_shift,routing_abrupt_regime_shift:seed96100000:epoch55,55,19,validation,96500002,u_0.80,0.8,40672498.66954769,0.6320754716981132,15.0,0.024242424242424242,442b4f02bba381e49ce141b1f3250753918977d962b947e0d7d0b36030caec62
routing_abrupt_regime_shift,routing_abrupt_regime_shift:seed96100000:epoch55,55,19,validation,96500002,u_0.90,0.9,42961781.00358761,0.6320754716981132,14.0,0.022727272727272728,442b4f02bba381e49ce141b1f3250753918977d962b947e0d7d0b36030caec62
routing_abrupt_regime_shift,routing_abrupt_regime_shift:seed96100000:epoch55,55,19,validation,96500002,u_1.00,1.0,44947325.793321736,0.6320754716981132,12.0,0.02127659574468085,442b4f02bba381e49ce141b1f3250753918977d962b947e0d7d0b36030caec62
routing_abrupt_regime_shift,routing_abrupt_regime_shift:seed96100000:epoch55,55,19,validation,96500003,anchor,-1.0,42318849.38148922,0.6320754716981132,34.0,0.057971014492753624,442b4f02bba381e49ce141b1f3250753918977d962b947e0d7d0b36030caec62
routing_abrupt_regime_shift,routing_abrupt_regime_shift:seed96100000:epoch55,55,19,validation,96500003,u_0.00,0.0,42318849.38148922,0.6320754716981132,34.0,0.057971014492753624,442b4f02bba381e49ce141b1f3250753918977d962b947e0d7d0b36030caec62
routing_abrupt_regime_shift,routing_abrupt_regime_shift:seed96100000:epoch55,55,19,validation,96500003,u_0.10,0.1,41411880.63345432,0.6320754716981132,32.0,0.05063291139240506,442b4f02bba381e49ce141b1f3250753918977d962b947e0d7d0b36030caec62
routing_abrupt_regime_shift,routing_abrupt_regime_shift:seed96100000:epoch55,55,19,validation,96500003,u_0.20,0.2,40494496.68180689,0.6320754716981132,30.0,0.044444444444444446,442b4f02bba381e49ce141b1f3250753918977d962b947e0d7d0b36030caec62
routing_abrupt_regime_shift,routing_abrupt_regime_shift:seed96100000:epoch55,55,19,validation,96500003,u_0.30,0.3,39802846.553523794,0.6320754716981132,28.0,0.038461538461538464,442b4f02bba381e49ce141b1f3250753918977d962b947e0d7d0b36030caec62
routing_abrupt_regime_shift,routing_abrupt_regime_shift:seed96100000:epoch55,55,19,validation,96500003,u_0.40,0.4,38333180.5684464,0.6320754716981132,24.0,0.03389830508474576,442b4f02bba381e49ce141b1f3250753918977d962b947e0d7d0b36030caec62
routing_abrupt_regime_shift,routing_abrupt_regime_shift:seed96100000:epoch55,55,19,validation,96500003,u_0.50,0.5,38934698.293321736,0.6320754716981132,23.0,0.030303030303030304,442b4f02bba381e49ce141b1f3250753918977d962b947e0d7d0b36030caec62
routing_abrupt_regime_shift,routing_abrupt_regime_shift:seed96100000:epoch55,55,19,validation,96500003,u_0.60,0.6,39508860.92927353,0.6320754716981132,21.0,0.027972027972027972,442b4f02bba381e49ce141b1f3250753918977d962b947e0d7d0b36030caec62
routing_abrupt_regime_shift,routing_abrupt_regime_shift:seed96100000:epoch55,55,19,validation,96500003,u_0.70,0.7,40055668.476301774,0.6320754716981132,18.0,0.026490066225165563,442b4f02bba381e49ce141b1f3250753918977d962b947e0d7d0b36030caec62
routing_abrupt_regime_shift,routing_abrupt_regime_shift:seed96100000:epoch55,55,19,validation,96500003,u_0.80,0.8,40672498.66954769,0.6320754716981132,15.0,0.024242424242424242,442b4f02bba381e49ce141b1f3250753918977d962b947e0d7d0b36030caec62
routing_abrupt_regime_shift,routing_abrupt_regime_shift:seed96100000:epoch55,55,19,validation,96500003,u_0.90,0.9,42961781.00358761,0.6320754716981132,14.0,0.022727272727272728,442b4f02bba381e49ce141b1f3250753918977d962b947e0d7d0b36030caec62
routing_abrupt_regime_shift,routing_abrupt_regime_shift:seed96100000:epoch55,55,19,validation,96500003,u_1.00,1.0,44947325.793321736,0.6320754716981132,12.0,0.02127659574468085,442b4f02bba381e49ce141b1f3250753918977d962b947e0d7d0b36030caec62
routing_abrupt_regime_shift,routing_abrupt_regime_shift:seed96100000:epoch55,55,19,validation,96500004,anchor,-1.0,42318849.38148922,0.6320754716981132,34.0,0.057971014492753624,442b4f02bba381e49ce141b1f3250753918977d962b947e0d7d0b36030caec62
routing_abrupt_regime_shift,routing_abrupt_regime_shift:seed96100000:epoch55,55,19,validation,96500004,u_0.00,0.0,42318849.38148922,0.6320754716981132,34.0,0.057971014492753624,442b4f02bba381e49ce141b1f3250753918977d962b947e0d7d0b36030caec62
routing_abrupt_regime_shift,routing_abrupt_regime_shift:seed96100000:epoch55,55,19,validation,96500004,u_0.10,0.1,41411880.63345432,0.6320754716981132,32.0,0.05063291139240506,442b4f02bba381e49ce141b1f3250753918977d962b947e0d7d0b36030caec62
routing_abrupt_regime_shift,routing_abrupt_regime_shift:seed96100000:epoch55,55,19,validation,96500004,u_0.20,0.2,40494496.68180689,0.6320754716981132,30.0,0.044444444444444446,442b4f02bba381e49ce141b1f3250753918977d962b947e0d7d0b36030caec62
routing_abrupt_regime_shift,routing_abrupt_regime_shift:seed96100000:epoch55,55,19,validation,96500004,u_0.30,0.3,39802846.553523794,0.6320754716981132,28.0,0.038461538461538464,442b4f02bba381e49ce141b1f3250753918977d962b947e0d7d0b36030caec62
routing_abrupt_regime_shift,routing_abrupt_regime_shift:seed96100000:epoch55,55,19,validation,96500004,u_0.40,0.4,38333180.5684464,0.6320754716981132,24.0,0.03389830508474576,442b4f02bba381e49ce141b1f3250753918977d962b947e0d7d0b36030caec62
routing_abrupt_regime_shift,routing_abrupt_regime_shift:seed96100000:epoch55,55,19,validation,96500004,u_0.50,0.5,38934698.293321736,0.6320754716981132,23.0,0.030303030303030304,442b4f02bba381e49ce141b1f3250753918977d962b947e0d7d0b36030caec62
routing_abrupt_regime_shift,routing_abrupt_regime_shift:seed96100000:epoch55,55,19,validation,96500004,u_0.60,0.6,39508860.92927353,0.6320754716981132,21.0,0.027972027972027972,442b4f02bba381e49ce141b1f3250753918977d962b947e0d7d0b36030caec62
routing_abrupt_regime_shift,routing_abrupt_regime_shift:seed96100000:epoch55,55,19,validation,96500004,u_0.70,0.7,40055668.476301774,0.6320754716981132,18.0,0.026490066225165563,442b4f02bba381e49ce141b1f3250753918977d962b947e0d7d0b36030caec62
routing_abrupt_regime_shift,routing_abrupt_regime_shift:seed96100000:epoch55,55,19,validation,96500004,u_0.80,0.8,40672498.66954769,0.6320754716981132,15.0,0.024242424242424242,442b4f02bba381e49ce141b1f3250753918977d962b947e0d7d0b36030caec62
routing_abrupt_regime_shift,routing_abrupt_regime_shift:seed96100000:epoch55,55,19,validation,96500004,u_0.90,0.9,42961781.00358761,0.6320754716981132,14.0,0.022727272727272728,442b4f02bba381e49ce141b1f3250753918977d962b947e0d7d0b36030caec62
routing_abrupt_regime_shift,routing_abrupt_regime_shift:seed96100000:epoch55,55,19,validation,96500004,u_1.00,1.0,44947325.793321736,0.6320754716981132,12.0,0.02127659574468085,442b4f02bba381e49ce141b1f3250753918977d962b947e0d7d0b36030caec62
routing_abrupt_regime_shift,routing_abrupt_regime_shift:seed96100000:epoch80,80,19,discovery,96400000,anchor,-1.0,45230525.24665585,0.5051546391752577,40.0,0.08823529411764706,442b4f02bba381e49ce141b1f3250753918977d962b947e0d7d0b36030caec62
routing_abrupt_regime_shift,routing_abrupt_regime_shift:seed96100000:epoch80,80,19,discovery,96400000,u_0.00,0.0,45230525.24665585,0.5051546391752577,40.0,0.08823529411764706,442b4f02bba381e49ce141b1f3250753918977d962b947e0d7d0b36030caec62
routing_abrupt_regime_shift,routing_abrupt_regime_shift:seed96100000:epoch80,80,19,discovery,96400000,u_0.10,0.1,45451764.29830767,0.5051546391752577,40.0,0.07692307692307693,442b4f02bba381e49ce141b1f3250753918977d962b947e0d7d0b36030caec62
routing_abrupt_regime_shift,routing_abrupt_regime_shift:seed96100000:epoch80,80,19,discovery,96400000,u_0.20,0.2,44046688.52023394,0.5051546391752577,37.0,0.06818181818181818,442b4f02bba381e49ce141b1f3250753918977d962b947e0d7d0b36030caec62
routing_abrupt_regime_shift,routing_abrupt_regime_shift:seed96100000:epoch80,80,19,discovery,96400000,u_0.30,0.3,41166133.19262675,0.5051546391752577,31.0,0.05825242718446602,442b4f02bba381e49ce141b1f3250753918977d962b947e0d7d0b36030caec62
routing_abrupt_regime_shift,routing_abrupt_regime_shift:seed96100000:epoch80,80,19,discovery,96400000,u_0.40,0.4,40310203.107679166,0.5051546391752577,28.0,0.05128205128205128,442b4f02bba381e49ce141b1f3250753918977d962b947e0d7d0b36030caec62
routing_abrupt_regime_shift,routing_abrupt_regime_shift:seed96100000:epoch80,80,19,discovery,96400000,u_0.50,0.5,38179887.732787326,0.5051546391752577,22.0,0.045454545454545456,442b4f02bba381e49ce141b1f3250753918977d962b947e0d7d0b36030caec62
routing_abrupt_regime_shift,routing_abrupt_regime_shift:seed96100000:epoch80,80,19,discovery,96400000,u_0.60,0.6,39924811.76907493,0.5051546391752577,22.0,0.04225352112676056,442b4f02bba381e49ce141b1f3250753918977d962b947e0d7d0b36030caec62
routing_abrupt_regime_shift,routing_abrupt_regime_shift:seed96100000:epoch80,80,19,discovery,96400000,u_0.70,0.7,40445609.71654199,0.5051546391752577,19.0,0.039735099337748346,442b4f02bba381e49ce141b1f3250753918977d962b947e0d7d0b36030caec62
routing_abrupt_regime_shift,routing_abrupt_regime_shift:seed96100000:epoch80,80,19,discovery,96400000,u_0.80,0.8,42789953.21252375,0.5051546391752577,19.0,0.036585365853658534,442b4f02bba381e49ce141b1f3250753918977d962b947e0d7d0b36030caec62
routing_abrupt_regime_shift,routing_abrupt_regime_shift:seed96100000:epoch80,80,19,discovery,96400000,u_0.90,0.9,45710510.645014435,0.5051546391752577,19.0,0.03468208092485549,442b4f02bba381e49ce141b1f3250753918977d962b947e0d7d0b36030caec62
routing_abrupt_regime_shift,routing_abrupt_regime_shift:seed96100000:epoch80,80,19,discovery,96400000,u_1.00,1.0,47155573.93278733,0.5051546391752577,16.0,0.03225806451612903,442b4f02bba381e49ce141b1f3250753918977d962b947e0d7d0b36030caec62
routing_abrupt_regime_shift,routing_abrupt_regime_shift:seed96100000:epoch80,80,19,discovery,96400001,anchor,-1.0,45230525.24665585,0.5051546391752577,40.0,0.08823529411764706,442b4f02bba381e49ce141b1f3250753918977d962b947e0d7d0b36030caec62
routing_abrupt_regime_shift,routing_abrupt_regime_shift:seed96100000:epoch80,80,19,discovery,96400001,u_0.00,0.0,45230525.24665585,0.5051546391752577,40.0,0.08823529411764706,442b4f02bba381e49ce141b1f3250753918977d962b947e0d7d0b36030caec62
routing_abrupt_regime_shift,routing_abrupt_regime_shift:seed96100000:epoch80,80,19,discovery,96400001,u_0.10,0.1,45451764.29830767,0.5051546391752577,40.0,0.07692307692307693,442b4f02bba381e49ce141b1f3250753918977d962b947e0d7d0b36030caec62
routing_abrupt_regime_shift,routing_abrupt_regime_shift:seed96100000:epoch80,80,19,discovery,96400001,u_0.20,0.2,44046688.52023394,0.5051546391752577,37.0,0.06818181818181818,442b4f02bba381e49ce141b1f3250753918977d962b947e0d7d0b36030caec62
routing_abrupt_regime_shift,routing_abrupt_regime_shift:seed96100000:epoch80,80,19,discovery,96400001,u_0.30,0.3,41166133.19262675,0.5051546391752577,31.0,0.05825242718446602,442b4f02bba381e49ce141b1f3250753918977d962b947e0d7d0b36030caec62
routing_abrupt_regime_shift,routing_abrupt_regime_shift:seed96100000:epoch80,80,19,discovery,96400001,u_0.40,0.4,40310203.107679166,0.5051546391752577,28.0,0.05128205128205128,442b4f02bba381e49ce141b1f3250753918977d962b947e0d7d0b36030caec62
routing_abrupt_regime_shift,routing_abrupt_regime_shift:seed96100000:epoch80,80,19,discovery,96400001,u_0.50,0.5,38179887.732787326,0.5051546391752577,22.0,0.045454545454545456,442b4f02bba381e49ce141b1f3250753918977d962b947e0d7d0b36030caec62
routing_abrupt_regime_shift,routing_abrupt_regime_shift:seed96100000:epoch80,80,19,discovery,96400001,u_0.60,0.6,39924811.76907493,0.5051546391752577,22.0,0.04225352112676056,442b4f02bba381e49ce141b1f3250753918977d962b947e0d7d0b36030caec62
routing_abrupt_regime_shift,routing_abrupt_regime_shift:seed96100000:epoch80,80,19,discovery,96400001,u_0.70,0.7,40445609.71654199,0.5051546391752577,19.0,0.039735099337748346,442b4f02bba381e49ce141b1f3250753918977d962b947e0d7d0b36030caec62
routing_abrupt_regime_shift,routing_abrupt_regime_shift:seed96100000:epoch80,80,19,discovery,96400001,u_0.80,0.8,42789953.21252375,0.5051546391752577,19.0,0.036585365853658534,442b4f02bba381e49ce141b1f3250753918977d962b947e0d7d0b36030caec62
routing_abrupt_regime_shift,routing_abrupt_regime_shift:seed96100000:epoch80,80,19,discovery,96400001,u_0.90,0.9,45710510.645014435,0.5051546391752577,19.0,0.03468208092485549,442b4f02bba381e49ce141b1f3250753918977d962b947e0d7d0b36030caec62
routing_abrupt_regime_shift,routing_abrupt_regime_shift:seed96100000:epoch80,80,19,discovery,96400001,u_1.00,1.0,47155573.93278733,0.5051546391752577,16.0,0.03225806451612903,442b4f02bba381e49ce141b1f3250753918977d962b947e0d7d0b36030caec62
routing_abrupt_regime_shift,routing_abrupt_regime_shift:seed96100000:epoch80,80,19,discovery,96400002,anchor,-1.0,45230525.24665585,0.5051546391752577,40.0,0.08823529411764706,442b4f02bba381e49ce141b1f3250753918977d962b947e0d7d0b36030caec62
routing_abrupt_regime_shift,routing_abrupt_regime_shift:seed96100000:epoch80,80,19,discovery,96400002,u_0.00,0.0,45230525.24665585,0.5051546391752577,40.0,0.08823529411764706,442b4f02bba381e49ce141b1f3250753918977d962b947e0d7d0b36030caec62
routing_abrupt_regime_shift,routing_abrupt_regime_shift:seed96100000:epoch80,80,19,discovery,96400002,u_0.10,0.1,45451764.29830767,0.5051546391752577,40.0,0.07692307692307693,442b4f02bba381e49ce141b1f3250753918977d962b947e0d7d0b36030caec62
routing_abrupt_regime_shift,routing_abrupt_regime_shift:seed96100000:epoch80,80,19,discovery,96400002,u_0.20,0.2,44046688.52023394,0.5051546391752577,37.0,0.06818181818181818,442b4f02bba381e49ce141b1f3250753918977d962b947e0d7d0b36030caec62
routing_abrupt_regime_shift,routing_abrupt_regime_shift:seed96100000:epoch80,80,19,discovery,96400002,u_0.30,0.3,41166133.19262675,0.5051546391752577,31.0,0.05825242718446602,442b4f02bba381e49ce141b1f3250753918977d962b947e0d7d0b36030caec62
routing_abrupt_regime_shift,routing_abrupt_regime_shift:seed96100000:epoch80,80,19,discovery,96400002,u_0.40,0.4,40310203.107679166,0.5051546391752577,28.0,0.05128205128205128,442b4f02bba381e49ce141b1f3250753918977d962b947e0d7d0b36030caec62
routing_abrupt_regime_shift,routing_abrupt_regime_shift:seed96100000:epoch80,80,19,discovery,96400002,u_0.50,0.5,38179887.732787326,0.5051546391752577,22.0,0.045454545454545456,442b4f02bba381e49ce141b1f3250753918977d962b947e0d7d0b36030caec62
routing_abrupt_regime_shift,routing_abrupt_regime_shift:seed96100000:epoch80,80,19,discovery,96400002,u_0.60,0.6,39924811.76907493,0.5051546391752577,22.0,0.04225352112676056,442b4f02bba381e49ce141b1f3250753918977d962b947e0d7d0b36030caec62
routing_abrupt_regime_shift,routing_abrupt_regime_shift:seed96100000:epoch80,80,19,discovery,96400002,u_0.70,0.7,40445609.71654199,0.5051546391752577,19.0,0.039735099337748346,442b4f02bba381e49ce141b1f3250753918977d962b947e0d7d0b36030caec62
routing_abrupt_regime_shift,routing_abrupt_regime_shift:seed96100000:epoch80,80,19,discovery,96400002,u_0.80,0.8,42789953.21252375,0.5051546391752577,19.0,0.036585365853658534,442b4f02bba381e49ce141b1f3250753918977d962b947e0d7d0b36030caec62
routing_abrupt_regime_shift,routing_abrupt_regime_shift:seed96100000:epoch80,80,19,discovery,96400002,u_0.90,0.9,45710510.645014435,0.5051546391752577,19.0,0.03468208092485549,442b4f02bba381e49ce141b1f3250753918977d962b947e0d7d0b36030caec62
routing_abrupt_regime_shift,routing_abrupt_regime_shift:seed96100000:epoch80,80,19,discovery,96400002,u_1.00,1.0,47155573.93278733,0.5051546391752577,16.0,0.03225806451612903,442b4f02bba381e49ce141b1f3250753918977d962b947e0d7d0b36030caec62
routing_abrupt_regime_shift,routing_abrupt_regime_shift:seed96100000:epoch80,80,19,validation,96500000,anchor,-1.0,45230525.24665585,0.5051546391752577,40.0,0.08823529411764706,442b4f02bba381e49ce141b1f3250753918977d962b947e0d7d0b36030caec62
routing_abrupt_regime_shift,routing_abrupt_regime_shift:seed96100000:epoch80,80,19,validation,96500000,u_0.00,0.0,45230525.24665585,0.5051546391752577,40.0,0.08823529411764706,442b4f02bba381e49ce141b1f3250753918977d962b947e0d7d0b36030caec62
routing_abrupt_regime_shift,routing_abrupt_regime_shift:seed96100000:epoch80,80,19,validation,96500000,u_0.10,0.1,45451764.29830767,0.5051546391752577,40.0,0.07692307692307693,442b4f02bba381e49ce141b1f3250753918977d962b947e0d7d0b36030caec62
routing_abrupt_regime_shift,routing_abrupt_regime_shift:seed96100000:epoch80,80,19,validation,96500000,u_0.20,0.2,44046688.52023394,0.5051546391752577,37.0,0.06818181818181818,442b4f02bba381e49ce141b1f3250753918977d962b947e0d7d0b36030caec62
routing_abrupt_regime_shift,routing_abrupt_regime_shift:seed96100000:epoch80,80,19,validation,96500000,u_0.30,0.3,41166133.19262675,0.5051546391752577,31.0,0.05825242718446602,442b4f02bba381e49ce141b1f3250753918977d962b947e0d7d0b36030caec62
routing_abrupt_regime_shift,routing_abrupt_regime_shift:seed96100000:epoch80,80,19,validation,96500000,u_0.40,0.4,40310203.107679166,0.5051546391752577,28.0,0.05128205128205128,442b4f02bba381e49ce141b1f3250753918977d962b947e0d7d0b36030caec62
routing_abrupt_regime_shift,routing_abrupt_regime_shift:seed96100000:epoch80,80,19,validation,96500000,u_0.50,0.5,38179887.732787326,0.5051546391752577,22.0,0.045454545454545456,442b4f02bba381e49ce141b1f3250753918977d962b947e0d7d0b36030caec62
routing_abrupt_regime_shift,routing_abrupt_regime_shift:seed96100000:epoch80,80,19,validation,96500000,u_0.60,0.6,39924811.76907493,0.5051546391752577,22.0,0.04225352112676056,442b4f02bba381e49ce141b1f3250753918977d962b947e0d7d0b36030caec62
routing_abrupt_regime_shift,routing_abrupt_regime_shift:seed96100000:epoch80,80,19,validation,96500000,u_0.70,0.7,40445609.71654199,0.5051546391752577,19.0,0.039735099337748346,442b4f02bba381e49ce141b1f3250753918977d962b947e0d7d0b36030caec62
routing_abrupt_regime_shift,routing_abrupt_regime_shift:seed96100000:epoch80,80,19,validation,96500000,u_0.80,0.8,42789953.21252375,0.5051546391752577,19.0,0.036585365853658534,442b4f02bba381e49ce141b1f3250753918977d962b947e0d7d0b36030caec62
routing_abrupt_regime_shift,routing_abrupt_regime_shift:seed96100000:epoch80,80,19,validation,96500000,u_0.90,0.9,45710510.645014435,0.5051546391752577,19.0,0.03468208092485549,442b4f02bba381e49ce141b1f3250753918977d962b947e0d7d0b36030caec62
routing_abrupt_regime_shift,routing_abrupt_regime_shift:seed96100000:epoch80,80,19,validation,96500000,u_1.00,1.0,47155573.93278733,0.5051546391752577,16.0,0.03225806451612903,442b4f02bba381e49ce141b1f3250753918977d962b947e0d7d0b36030caec62
routing_abrupt_regime_shift,routing_abrupt_regime_shift:seed96100000:epoch80,80,19,validation,96500001,anchor,-1.0,45230525.24665585,0.5051546391752577,40.0,0.08823529411764706,442b4f02bba381e49ce141b1f3250753918977d962b947e0d7d0b36030caec62
routing_abrupt_regime_shift,routing_abrupt_regime_shift:seed96100000:epoch80,80,19,validation,96500001,u_0.00,0.0,45230525.24665585,0.5051546391752577,40.0,0.08823529411764706,442b4f02bba381e49ce141b1f3250753918977d962b947e0d7d0b36030caec62
routing_abrupt_regime_shift,routing_abrupt_regime_shift:seed96100000:epoch80,80,19,validation,96500001,u_0.10,0.1,45451764.29830767,0.5051546391752577,40.0,0.07692307692307693,442b4f02bba381e49ce141b1f3250753918977d962b947e0d7d0b36030caec62
routing_abrupt_regime_shift,routing_abrupt_regime_shift:seed96100000:epoch80,80,19,validation,96500001,u_0.20,0.2,44046688.52023394,0.5051546391752577,37.0,0.06818181818181818,442b4f02bba381e49ce141b1f3250753918977d962b947e0d7d0b36030caec62
routing_abrupt_regime_shift,routing_abrupt_regime_shift:seed96100000:epoch80,80,19,validation,96500001,u_0.30,0.3,41166133.19262675,0.5051546391752577,31.0,0.05825242718446602,442b4f02bba381e49ce141b1f3250753918977d962b947e0d7d0b36030caec62
routing_abrupt_regime_shift,routing_abrupt_regime_shift:seed96100000:epoch80,80,19,validation,96500001,u_0.40,0.4,40310203.107679166,0.5051546391752577,28.0,0.05128205128205128,442b4f02bba381e49ce141b1f3250753918977d962b947e0d7d0b36030caec62
routing_abrupt_regime_shift,routing_abrupt_regime_shift:seed96100000:epoch80,80,19,validation,96500001,u_0.50,0.5,38179887.732787326,0.5051546391752577,22.0,0.045454545454545456,442b4f02bba381e49ce141b1f3250753918977d962b947e0d7d0b36030caec62
routing_abrupt_regime_shift,routing_abrupt_regime_shift:seed96100000:epoch80,80,19,validation,96500001,u_0.60,0.6,39924811.76907493,0.5051546391752577,22.0,0.04225352112676056,442b4f02bba381e49ce141b1f3250753918977d962b947e0d7d0b36030caec62
routing_abrupt_regime_shift,routing_abrupt_regime_shift:seed96100000:epoch80,80,19,validation,96500001,u_0.70,0.7,40445609.71654199,0.5051546391752577,19.0,0.039735099337748346,442b4f02bba381e49ce141b1f3250753918977d962b947e0d7d0b36030caec62
routing_abrupt_regime_shift,routing_abrupt_regime_shift:seed96100000:epoch80,80,19,validation,96500001,u_0.80,0.8,42789953.21252375,0.5051546391752577,19.0,0.036585365853658534,442b4f02bba381e49ce141b1f3250753918977d962b947e0d7d0b36030caec62
routing_abrupt_regime_shift,routing_abrupt_regime_shift:seed96100000:epoch80,80,19,validation,96500001,u_0.90,0.9,45710510.645014435,0.5051546391752577,19.0,0.03468208092485549,442b4f02bba381e49ce141b1f3250753918977d962b947e0d7d0b36030caec62
routing_abrupt_regime_shift,routing_abrupt_regime_shift:seed96100000:epoch80,80,19,validation,96500001,u_1.00,1.0,47155573.93278733,0.5051546391752577,16.0,0.03225806451612903,442b4f02bba381e49ce141b1f3250753918977d962b947e0d7d0b36030caec62
routing_abrupt_regime_shift,routing_abrupt_regime_shift:seed96100000:epoch80,80,19,validation,96500002,anchor,-1.0,45230525.24665585,0.5051546391752577,40.0,0.08823529411764706,442b4f02bba381e49ce141b1f3250753918977d962b947e0d7d0b36030caec62
routing_abrupt_regime_shift,routing_abrupt_regime_shift:seed96100000:epoch80,80,19,validation,96500002,u_0.00,0.0,45230525.24665585,0.5051546391752577,40.0,0.08823529411764706,442b4f02bba381e49ce141b1f3250753918977d962b947e0d7d0b36030caec62
routing_abrupt_regime_shift,routing_abrupt_regime_shift:seed96100000:epoch80,80,19,validation,96500002,u_0.10,0.1,45451764.29830767,0.5051546391752577,40.0,0.07692307692307693,442b4f02bba381e49ce141b1f3250753918977d962b947e0d7d0b36030caec62
routing_abrupt_regime_shift,routing_abrupt_regime_shift:seed96100000:epoch80,80,19,validation,96500002,u_0.20,0.2,44046688.52023394,0.5051546391752577,37.0,0.06818181818181818,442b4f02bba381e49ce141b1f3250753918977d962b947e0d7d0b36030caec62
routing_abrupt_regime_shift,routing_abrupt_regime_shift:seed96100000:epoch80,80,19,validation,96500002,u_0.30,0.3,41166133.19262675,0.5051546391752577,31.0,0.05825242718446602,442b4f02bba381e49ce141b1f3250753918977d962b947e0d7d0b36030caec62
routing_abrupt_regime_shift,routing_abrupt_regime_shift:seed96100000:epoch80,80,19,validation,96500002,u_0.40,0.4,40310203.107679166,0.5051546391752577,28.0,0.05128205128205128,442b4f02bba381e49ce141b1f3250753918977d962b947e0d7d0b36030caec62
routing_abrupt_regime_shift,routing_abrupt_regime_shift:seed96100000:epoch80,80,19,validation,96500002,u_0.50,0.5,38179887.732787326,0.5051546391752577,22.0,0.045454545454545456,442b4f02bba381e49ce141b1f3250753918977d962b947e0d7d0b36030caec62
routing_abrupt_regime_shift,routing_abrupt_regime_shift:seed96100000:epoch80,80,19,validation,96500002,u_0.60,0.6,39924811.76907493,0.5051546391752577,22.0,0.04225352112676056,442b4f02bba381e49ce141b1f3250753918977d962b947e0d7d0b36030caec62
routing_abrupt_regime_shift,routing_abrupt_regime_shift:seed96100000:epoch80,80,19,validation,96500002,u_0.70,0.7,40445609.71654199,0.5051546391752577,19.0,0.039735099337748346,442b4f02bba381e49ce141b1f3250753918977d962b947e0d7d0b36030caec62
routing_abrupt_regime_shift,routing_abrupt_regime_shift:seed96100000:epoch80,80,19,validation,96500002,u_0.80,0.8,42789953.21252375,0.5051546391752577,19.0,0.036585365853658534,442b4f02bba381e49ce141b1f3250753918977d962b947e0d7d0b36030caec62
routing_abrupt_regime_shift,routing_abrupt_regime_shift:seed96100000:epoch80,80,19,validation,96500002,u_0.90,0.9,45710510.645014435,0.5051546391752577,19.0,0.03468208092485549,442b4f02bba381e49ce141b1f3250753918977d962b947e0d7d0b36030caec62
routing_abrupt_regime_shift,routing_abrupt_regime_shift:seed96100000:epoch80,80,19,validation,96500002,u_1.00,1.0,47155573.93278733,0.5051546391752577,16.0,0.03225806451612903,442b4f02bba381e49ce141b1f3250753918977d962b947e0d7d0b36030caec62
routing_abrupt_regime_shift,routing_abrupt_regime_shift:seed96100000:epoch80,80,19,validation,96500003,anchor,-1.0,45230525.24665585,0.5051546391752577,40.0,0.08823529411764706,442b4f02bba381e49ce141b1f3250753918977d962b947e0d7d0b36030caec62
routing_abrupt_regime_shift,routing_abrupt_regime_shift:seed96100000:epoch80,80,19,validation,96500003,u_0.00,0.0,45230525.24665585,0.5051546391752577,40.0,0.08823529411764706,442b4f02bba381e49ce141b1f3250753918977d962b947e0d7d0b36030caec62
routing_abrupt_regime_shift,routing_abrupt_regime_shift:seed96100000:epoch80,80,19,validation,96500003,u_0.10,0.1,45451764.29830767,0.5051546391752577,40.0,0.07692307692307693,442b4f02bba381e49ce141b1f3250753918977d962b947e0d7d0b36030caec62
routing_abrupt_regime_shift,routing_abrupt_regime_shift:seed96100000:epoch80,80,19,validation,96500003,u_0.20,0.2,44046688.52023394,0.5051546391752577,37.0,0.06818181818181818,442b4f02bba381e49ce141b1f3250753918977d962b947e0d7d0b36030caec62
routing_abrupt_regime_shift,routing_abrupt_regime_shift:seed96100000:epoch80,80,19,validation,96500003,u_0.30,0.3,41166133.19262675,0.5051546391752577,31.0,0.05825242718446602,442b4f02bba381e49ce141b1f3250753918977d962b947e0d7d0b36030caec62
routing_abrupt_regime_shift,routing_abrupt_regime_shift:seed96100000:epoch80,80,19,validation,96500003,u_0.40,0.4,40310203.107679166,0.5051546391752577,28.0,0.05128205128205128,442b4f02bba381e49ce141b1f3250753918977d962b947e0d7d0b36030caec62
routing_abrupt_regime_shift,routing_abrupt_regime_shift:seed96100000:epoch80,80,19,validation,96500003,u_0.50,0.5,38179887.732787326,0.5051546391752577,22.0,0.045454545454545456,442b4f02bba381e49ce141b1f3250753918977d962b947e0d7d0b36030caec62
routing_abrupt_regime_shift,routing_abrupt_regime_shift:seed96100000:epoch80,80,19,validation,96500003,u_0.60,0.6,39924811.76907493,0.5051546391752577,22.0,0.04225352112676056,442b4f02bba381e49ce141b1f3250753918977d962b947e0d7d0b36030caec62
routing_abrupt_regime_shift,routing_abrupt_regime_shift:seed96100000:epoch80,80,19,validation,96500003,u_0.70,0.7,40445609.71654199,0.5051546391752577,19.0,0.039735099337748346,442b4f02bba381e49ce141b1f3250753918977d962b947e0d7d0b36030caec62
routing_abrupt_regime_shift,routing_abrupt_regime_shift:seed96100000:epoch80,80,19,validation,96500003,u_0.80,0.8,42789953.21252375,0.5051546391752577,19.0,0.036585365853658534,442b4f02bba381e49ce141b1f3250753918977d962b947e0d7d0b36030caec62
routing_abrupt_regime_shift,routing_abrupt_regime_shift:seed96100000:epoch80,80,19,validation,96500003,u_0.90,0.9,45710510.645014435,0.5051546391752577,19.0,0.03468208092485549,442b4f02bba381e49ce141b1f3250753918977d962b947e0d7d0b36030caec62
routing_abrupt_regime_shift,routing_abrupt_regime_shift:seed96100000:epoch80,80,19,validation,96500003,u_1.00,1.0,47155573.93278733,0.5051546391752577,16.0,0.03225806451612903,442b4f02bba381e49ce141b1f3250753918977d962b947e0d7d0b36030caec62
routing_abrupt_regime_shift,routing_abrupt_regime_shift:seed96100000:epoch80,80,19,validation,96500004,anchor,-1.0,45230525.24665585,0.5051546391752577,40.0,0.08823529411764706,442b4f02bba381e49ce141b1f3250753918977d962b947e0d7d0b36030caec62
routing_abrupt_regime_shift,routing_abrupt_regime_shift:seed96100000:epoch80,80,19,validation,96500004,u_0.00,0.0,45230525.24665585,0.5051546391752577,40.0,0.08823529411764706,442b4f02bba381e49ce141b1f3250753918977d962b947e0d7d0b36030caec62
routing_abrupt_regime_shift,routing_abrupt_regime_shift:seed96100000:epoch80,80,19,validation,96500004,u_0.10,0.1,45451764.29830767,0.5051546391752577,40.0,0.07692307692307693,442b4f02bba381e49ce141b1f3250753918977d962b947e0d7d0b36030caec62
routing_abrupt_regime_shift,routing_abrupt_regime_shift:seed96100000:epoch80,80,19,validation,96500004,u_0.20,0.2,44046688.52023394,0.5051546391752577,37.0,0.06818181818181818,442b4f02bba381e49ce141b1f3250753918977d962b947e0d7d0b36030caec62
routing_abrupt_regime_shift,routing_abrupt_regime_shift:seed96100000:epoch80,80,19,validation,96500004,u_0.30,0.3,41166133.19262675,0.5051546391752577,31.0,0.05825242718446602,442b4f02bba381e49ce141b1f3250753918977d962b947e0d7d0b36030caec62
routing_abrupt_regime_shift,routing_abrupt_regime_shift:seed96100000:epoch80,80,19,validation,96500004,u_0.40,0.4,40310203.107679166,0.5051546391752577,28.0,0.05128205128205128,442b4f02bba381e49ce141b1f3250753918977d962b947e0d7d0b36030caec62
routing_abrupt_regime_shift,routing_abrupt_regime_shift:seed96100000:epoch80,80,19,validation,96500004,u_0.50,0.5,38179887.732787326,0.5051546391752577,22.0,0.045454545454545456,442b4f02bba381e49ce141b1f3250753918977d962b947e0d7d0b36030caec62
routing_abrupt_regime_shift,routing_abrupt_regime_shift:seed96100000:epoch80,80,19,validation,96500004,u_0.60,0.6,39924811.76907493,0.5051546391752577,22.0,0.04225352112676056,442b4f02bba381e49ce141b1f3250753918977d962b947e0d7d0b36030caec62
routing_abrupt_regime_shift,routing_abrupt_regime_shift:seed96100000:epoch80,80,19,validation,96500004,u_0.70,0.7,40445609.71654199,0.5051546391752577,19.0,0.039735099337748346,442b4f02bba381e49ce141b1f3250753918977d962b947e0d7d0b36030caec62
routing_abrupt_regime_shift,routing_abrupt_regime_shift:seed96100000:epoch80,80,19,validation,96500004,u_0.80,0.8,42789953.21252375,0.5051546391752577,19.0,0.036585365853658534,442b4f02bba381e49ce141b1f3250753918977d962b947e0d7d0b36030caec62
routing_abrupt_regime_shift,routing_abrupt_regime_shift:seed96100000:epoch80,80,19,validation,96500004,u_0.90,0.9,45710510.645014435,0.5051546391752577,19.0,0.03468208092485549,442b4f02bba381e49ce141b1f3250753918977d962b947e0d7d0b36030caec62
routing_abrupt_regime_shift,routing_abrupt_regime_shift:seed96100000:epoch80,80,19,validation,96500004,u_1.00,1.0,47155573.93278733,0.5051546391752577,16.0,0.03225806451612903,442b4f02bba381e49ce141b1f3250753918977d962b947e0d7d0b36030caec62
routing_abrupt_regime_shift,routing_abrupt_regime_shift:seed96100001:epoch30,30,19,discovery,96400000,anchor,-1.0,958486602.8383378,0.6098823529411764,809.0,0.05429200293470286,442b4f02bba381e49ce141b1f3250753918977d962b947e0d7d0b36030caec62
routing_abrupt_regime_shift,routing_abrupt_regime_shift:seed96100001:epoch30,30,19,discovery,96400000,u_0.00,0.0,958486602.8383378,0.6098823529411764,809.0,0.05429200293470286,442b4f02bba381e49ce141b1f3250753918977d962b947e0d7d0b36030caec62
routing_abrupt_regime_shift,routing_abrupt_regime_shift:seed96100001:epoch30,30,19,discovery,96400000,u_0.10,0.1,955082311.7841799,0.6141176470588235,804.0,0.05328467153284672,442b4f02bba381e49ce141b1f3250753918977d962b947e0d7d0b36030caec62
routing_abrupt_regime_shift,routing_abrupt_regime_shift:seed96100001:epoch30,30,19,discovery,96400000,u_0.20,0.2,950714212.7481356,0.6183529411764705,799.0,0.05228758169934641,442b4f02bba381e49ce141b1f3250753918977d962b947e0d7d0b36030caec62
routing_abrupt_regime_shift,routing_abrupt_regime_shift:seed96100001:epoch30,30,19,discovery,96400000,u_0.30,0.3,944499327.3347337,0.624,791.0,0.05187319884726225,442b4f02bba381e49ce141b1f3250753918977d962b947e0d7d0b36030caec62
routing_abrupt_regime_shift,routing_abrupt_regime_shift:seed96100001:epoch30,30,19,discovery,96400000,u_0.40,0.4,941125640.2236114,0.6301176470588236,784.0,0.052254831782390834,442b4f02bba381e49ce141b1f3250753918977d962b947e0d7d0b36030caec62
routing_abrupt_regime_shift,routing_abrupt_regime_shift:seed96100001:epoch30,30,19,discovery,96400000,u_0.50,0.5,931411164.2927032,0.6367058823529411,769.0,0.049680624556423,442b4f02bba381e49ce141b1f3250753918977d962b947e0d7d0b36030caec62
routing_abrupt_regime_shift,routing_abrupt_regime_shift:seed96100001:epoch30,30,19,discovery,96400000,u_0.60,0.6,926747000.3192971,0.64,762.0,0.04943502824858757,442b4f02bba381e49ce141b1f3250753918977d962b947e0d7d0b36030caec62
routing_abrupt_regime_shift,routing_abrupt_regime_shift:seed96100001:epoch30,30,19,discovery,96400000,u_0.70,0.7,924723989.2471716,0.6428235294117647,756.0,0.04788732394366197,442b4f02bba381e49ce141b1f3250753918977d962b947e0d7d0b36030caec62
routing_abrupt_regime_shift,routing_abrupt_regime_shift:seed96100001:epoch30,30,19,discovery,96400000,u_0.80,0.8,917485690.4063,0.6489411764705882,744.0,0.04612159329140461,442b4f02bba381e49ce141b1f3250753918977d962b947e0d7d0b36030caec62
routing_abrupt_regime_shift,routing_abrupt_regime_shift:seed96100001:epoch30,30,19,discovery,96400000,u_0.90,0.9,913801725.623076,0.6531764705882352,737.0,0.04592901878914405,442b4f02bba381e49ce141b1f3250753918977d962b947e0d7d0b36030caec62
routing_abrupt_regime_shift,routing_abrupt_regime_shift:seed96100001:epoch30,30,19,discovery,96400000,u_1.00,1.0,913141778.9057693,0.6578823529411765,727.0,0.04362880886426593,442b4f02bba381e49ce141b1f3250753918977d962b947e0d7d0b36030caec62
routing_abrupt_regime_shift,routing_abrupt_regime_shift:seed96100001:epoch30,30,19,discovery,96400001,anchor,-1.0,1007776681.0479505,0.5975261655566128,889.0,0.0659090909090909,442b4f02bba381e49ce141b1f3250753918977d962b947e0d7d0b36030caec62
routing_abrupt_regime_shift,routing_abrupt_regime_shift:seed96100001:epoch30,30,19,discovery,96400001,u_0.00,0.0,1007776681.0479505,0.5975261655566128,889.0,0.0659090909090909,442b4f02bba381e49ce141b1f3250753918977d962b947e0d7d0b36030caec62
routing_abrupt_regime_shift,routing_abrupt_regime_shift:seed96100001:epoch30,30,19,discovery,96400001,u_0.10,0.1,1006483241.6173487,0.5999048525214081,888.0,0.06847253574115876,442b4f02bba381e49ce141b1f3250753918977d962b947e0d7d0b36030caec62
routing_abrupt_regime_shift,routing_abrupt_regime_shift:seed96100001:epoch30,30,19,discovery,96400001,u_0.20,0.2,1002920352.2478298,0.6032350142721218,883.0,0.0687593423019432,442b4f02bba381e49ce141b1f3250753918977d962b947e0d7d0b36030caec62
routing_abrupt_regime_shift,routing_abrupt_regime_shift:seed96100001:epoch30,30,19,discovery,96400001,u_0.30,0.3,996981538.5249662,0.6089438629876308,874.0,0.0688378978534419,442b4f02bba381e49ce141b1f3250753918977d962b947e0d7d0b36030caec62
routing_abrupt_regime_shift,routing_abrupt_regime_shift:seed96100001:epoch30,30,19,discovery,96400001,u_0.40,0.4,994340272.4595873,0.6113225499524263,872.0,0.06947524020694752,442b4f02bba381e49ce141b1f3250753918977d962b947e0d7d0b36030caec62
routing_abrupt_regime_shift,routing_abrupt_regime_shift:seed96100001:epoch30,30,19,discovery,96400001,u_0.50,0.5,985309727.4790893,0.6179828734538535,858.0,0.0673992673992674,442b4f02bba381e49ce141b1f3250753918977d962b947e0d7d0b36030caec62
routing_abrupt_regime_shift,routing_abrupt_regime_shift:seed96100001:epoch30,30,19,discovery,96400001,u_0.60,0.6,982025469.9108725,0.621313035204567,852.0,0.06705539358600583,442b4f02bba381e49ce141b1f3250753918977d962b947e0d7d0b36030caec62
routing_abrupt_regime_shift,routing_abrupt_regime_shift:seed96100001:epoch30,30,19,discovery,96400001,u_0.70,0.7,978733311.7675004,0.6246431969552807,846.0,0.06671501087744743,442b4f02bba381e49ce141b1f3250753918977d962b947e0d7d0b36030caec62
routing_abrupt_regime_shift,routing_abrupt_regime_shift:seed96100001:epoch30,30,19,discovery,96400001,u_0.80,0.8,974385746.6112354,0.6298763082778306,837.0,0.06618705035971223,442b4f02bba381e49ce141b1f3250753918977d962b947e0d7d0b36030caec62
routing_abrupt_regime_shift,routing_abrupt_regime_shift:seed96100001:epoch30,30,19,discovery,96400001,u_0.90,0.9,970912185.0039238,0.6346336822074216,829.0,0.0659025787965616,442b4f02bba381e49ce141b1f3250753918977d962b947e0d7d0b36030caec62
routing_abrupt_regime_shift,routing_abrupt_regime_shift:seed96100001:epoch30,30,19,discovery,96400001,u_1.00,1.0,960833904.4002746,0.6436726926736441,811.0,0.06227883934890304,442b4f02bba381e49ce141b1f3250753918977d962b947e0d7d0b36030caec62
routing_abrupt_regime_shift,routing_abrupt_regime_shift:seed96100001:epoch30,30,19,discovery,96400002,anchor,-1.0,915925732.8847214,0.6207878500237304,772.0,0.0525164113785558,442b4f02bba381e49ce141b1f3250753918977d962b947e0d7d0b36030caec62
routing_abrupt_regime_shift,routing_abrupt_regime_shift:seed96100001:epoch30,30,19,discovery,96400002,u_0.00,0.0,915925732.8847214,0.6207878500237304,772.0,0.0525164113785558,442b4f02bba381e49ce141b1f3250753918977d962b947e0d7d0b36030caec62
routing_abrupt_regime_shift,routing_abrupt_regime_shift:seed96100001:epoch30,30,19,discovery,96400002,u_0.10,0.1,910775347.1153928,0.6245847176079734,767.0,0.05221174764321972,442b4f02bba381e49ce141b1f3250753918977d962b947e0d7d0b36030caec62
routing_abrupt_regime_shift,routing_abrupt_regime_shift:seed96100001:epoch30,30,19,discovery,96400002,u_0.20,0.2,906712939.2764851,0.6288561936402468,762.0,0.05187319884726225,442b4f02bba381e49ce141b1f3250753918977d962b947e0d7d0b36030caec62
routing_abrupt_regime_shift,routing_abrupt_regime_shift:seed96100001:epoch30,30,19,discovery,96400002,u_0.30,0.3,898475484.2267841,0.634076886568581,750.0,0.05071428571428571,442b4f02bba381e49ce141b1f3250753918977d962b947e0d7d0b36030caec62
routing_abrupt_regime_shift,routing_abrupt_regime_shift:seed96100001:epoch30,30,19,discovery,96400002,u_0.40,0.4,896891743.5603458,0.6378737541528239,743.0,0.05046197583511016,442b4f02bba381e49ce141b1f3250753918977d962b947e0d7d0b36030caec62
routing_abrupt_regime_shift,routing_abrupt_regime_shift:seed96100001:epoch30,30,19,discovery,96400002,u_0.50,0.5,890961569.5654665,0.6435690555291884,734.0,0.05003523608174771,442b4f02bba381e49ce141b1f3250753918977d962b947e0d7d0b36030caec62
routing_abrupt_regime_shift,routing_abrupt_regime_shift:seed96100001:epoch30,30,19,discovery,96400002,u_0.60,0.6,886529624.4771466,0.6473659231134314,725.0,0.04908835904628331,442b4f02bba381e49ce141b1f3250753918977d962b947e0d7d0b36030caec62
routing_abrupt_regime_shift,routing_abrupt_regime_shift:seed96100001:epoch30,30,19,discovery,96400002,u_0.70,0.7,887593088.3144076,0.6487897484575226,721.0,0.049019607843137254,442b4f02bba381e49ce141b1f3250753918977d962b947e0d7d0b36030caec62
routing_abrupt_regime_shift,routing_abrupt_regime_shift:seed96100001:epoch30,30,19,discovery,96400002,u_0.80,0.8,876754885.072158,0.6568580920740389,705.0,0.04447533009034051,442b4f02bba381e49ce141b1f3250753918977d962b947e0d7d0b36030caec62
routing_abrupt_regime_shift,routing_abrupt_regime_shift:seed96100001:epoch30,30,19,discovery,96400002,u_0.90,0.9,874944426.8741764,0.6592311343141908,700.0,0.04498269896193772,442b4f02bba381e49ce141b1f3250753918977d962b947e0d7d0b36030caec62
routing_abrupt_regime_shift,routing_abrupt_regime_shift:seed96100001:epoch30,30,19,discovery,96400002,u_1.00,1.0,872739859.6173768,0.6635026103464642,688.0,0.043418332184700204,442b4f02bba381e49ce141b1f3250753918977d962b947e0d7d0b36030caec62
routing_abrupt_regime_shift,routing_abrupt_regime_shift:seed96100001:epoch30,30,19,validation,96500000,anchor,-1.0,905087824.1018295,0.6368038740920097,763.0,0.04319180087847731,442b4f02bba381e49ce141b1f3250753918977d962b947e0d7d0b36030caec62
routing_abrupt_regime_shift,routing_abrupt_regime_shift:seed96100001:epoch30,30,19,validation,96500000,u_0.00,0.0,905087824.1018295,0.6368038740920097,763.0,0.04319180087847731,442b4f02bba381e49ce141b1f3250753918977d962b947e0d7d0b36030caec62
routing_abrupt_regime_shift,routing_abrupt_regime_shift:seed96100001:epoch30,30,19,validation,96500000,u_0.10,0.1,901038259.4586493,0.6411622276029055,757.0,0.04290909090909091,442b4f02bba381e49ce141b1f3250753918977d962b947e0d7d0b36030caec62
routing_abrupt_regime_shift,routing_abrupt_regime_shift:seed96100001:epoch30,30,19,validation,96500000,u_0.20,0.2,896236629.8431349,0.6455205811138015,753.0,0.04263005780346821,442b4f02bba381e49ce141b1f3250753918977d962b947e0d7d0b36030caec62
routing_abrupt_regime_shift,routing_abrupt_regime_shift:seed96100001:epoch30,30,19,validation,96500000,u_0.30,0.3,891791059.0050865,0.6508474576271186,744.0,0.04512893982808023,442b4f02bba381e49ce141b1f3250753918977d962b947e0d7d0b36030caec62
routing_abrupt_regime_shift,routing_abrupt_regime_shift:seed96100001:epoch30,30,19,validation,96500000,u_0.40,0.4,887641318.4954692,0.6547215496368038,736.0,0.043509272467902996,442b4f02bba381e49ce141b1f3250753918977d962b947e0d7d0b36030caec62
routing_abrupt_regime_shift,routing_abrupt_regime_shift:seed96100001:epoch30,30,19,validation,96500000,u_0.50,0.5,879031007.691444,0.661501210653753,723.0,0.04172560113154172,442b4f02bba381e49ce141b1f3250753918977d962b947e0d7d0b36030caec62
routing_abrupt_regime_shift,routing_abrupt_regime_shift:seed96100001:epoch30,30,19,validation,96500000,u_0.60,0.6,875094937.4335746,0.6648910411622276,716.0,0.04152005629838142,442b4f02bba381e49ce141b1f3250753918977d962b947e0d7d0b36030caec62
routing_abrupt_regime_shift,routing_abrupt_regime_shift:seed96100001:epoch30,30,19,validation,96500000,u_0.70,0.7,878239922.0127246,0.6648910411622276,716.0,0.04292751583391977,442b4f02bba381e49ce141b1f3250753918977d962b947e0d7d0b36030caec62
routing_abrupt_regime_shift,routing_abrupt_regime_shift:seed96100001:epoch30,30,19,validation,96500000,u_0.80,0.8,871680257.5002332,0.6716707021791768,705.0,0.040502793296089384,442b4f02bba381e49ce141b1f3250753918977d962b947e0d7d0b36030caec62
routing_abrupt_regime_shift,routing_abrupt_regime_shift:seed96100001:epoch30,30,19,validation,96500000,u_0.90,0.9,868780335.5128096,0.6750605326876513,698.0,0.039638386648122394,442b4f02bba381e49ce141b1f3250753918977d962b947e0d7d0b36030caec62
routing_abrupt_regime_shift,routing_abrupt_regime_shift:seed96100001:epoch30,30,19,validation,96500000,u_1.00,1.0,864887578.7374393,0.6808716707021791,686.0,0.03731859018659295,442b4f02bba381e49ce141b1f3250753918977d962b947e0d7d0b36030caec62
routing_abrupt_regime_shift,routing_abrupt_regime_shift:seed96100001:epoch30,30,19,validation,96500001,anchor,-1.0,905459493.5881332,0.6272640610104862,746.0,0.040875912408759124,442b4f02bba381e49ce141b1f3250753918977d962b947e0d7d0b36030caec62
routing_abrupt_regime_shift,routing_abrupt_regime_shift:seed96100001:epoch30,30,19,validation,96500001,u_0.00,0.0,905459493.5881332,0.6272640610104862,746.0,0.040875912408759124,442b4f02bba381e49ce141b1f3250753918977d962b947e0d7d0b36030caec62
routing_abrupt_regime_shift,routing_abrupt_regime_shift:seed96100001:epoch30,30,19,validation,96500001,u_0.10,0.1,901489733.5790391,0.6310772163965681,741.0,0.041364296081277216,442b4f02bba381e49ce141b1f3250753918977d962b947e0d7d0b36030caec62
routing_abrupt_regime_shift,routing_abrupt_regime_shift:seed96100001:epoch30,30,19,validation,96500001,u_0.20,0.2,895292914.1174918,0.6358436606291706,735.0,0.04175665946724262,442b4f02bba381e49ce141b1f3250753918977d962b947e0d7d0b36030caec62
routing_abrupt_regime_shift,routing_abrupt_regime_shift:seed96100001:epoch30,30,19,validation,96500001,u_0.30,0.3,891526209.5992591,0.6410867492850334,729.0,0.04285714285714286,442b4f02bba381e49ce141b1f3250753918977d962b947e0d7d0b36030caec62
routing_abrupt_regime_shift,routing_abrupt_regime_shift:seed96100001:epoch30,30,19,validation,96500001,u_0.40,0.4,888785481.7099018,0.6448999046711154,725.0,0.044096728307254626,442b4f02bba381e49ce141b1f3250753918977d962b947e0d7d0b36030caec62
routing_abrupt_regime_shift,routing_abrupt_regime_shift:seed96100001:epoch30,30,19,validation,96500001,u_0.50,0.5,882582490.853782,0.6506196377502383,715.0,0.04372355430183357,442b4f02bba381e49ce141b1f3250753918977d962b947e0d7d0b36030caec62
routing_abrupt_regime_shift,routing_abrupt_regime_shift:seed96100001:epoch30,30,19,validation,96500001,u_0.60,0.6,878344990.8872725,0.6544327931363203,708.0,0.04280701754385965,442b4f02bba381e49ce141b1f3250753918977d962b947e0d7d0b36030caec62
routing_abrupt_regime_shift,routing_abrupt_regime_shift:seed96100001:epoch30,30,19,validation,96500001,u_0.70,0.7,880178666.0678996,0.6563393708293613,705.0,0.04131652661064426,442b4f02bba381e49ce141b1f3250753918977d962b947e0d7d0b36030caec62
routing_abrupt_regime_shift,routing_abrupt_regime_shift:seed96100001:epoch30,30,19,validation,96500001,u_0.80,0.8,875575222.551588,0.6620591039084843,696.0,0.0423905489923558,442b4f02bba381e49ce141b1f3250753918977d962b947e0d7d0b36030caec62
routing_abrupt_regime_shift,routing_abrupt_regime_shift:seed96100001:epoch30,30,19,validation,96500001,u_0.90,0.9,871249315.5871446,0.6663489037178265,688.0,0.04013840830449827,442b4f02bba381e49ce141b1f3250753918977d962b947e0d7d0b36030caec62
routing_abrupt_regime_shift,routing_abrupt_regime_shift:seed96100001:epoch30,30,19,validation,96500001,u_1.00,1.0,870261502.6484748,0.6706387035271687,680.0,0.039283252929014474,442b4f02bba381e49ce141b1f3250753918977d962b947e0d7d0b36030caec62
routing_abrupt_regime_shift,routing_abrupt_regime_shift:seed96100001:epoch30,30,19,validation,96500002,anchor,-1.0,967428913.7835354,0.6077788191190253,833.0,0.05324580598103574,442b4f02bba381e49ce141b1f3250753918977d962b947e0d7d0b36030caec62
routing_abrupt_regime_shift,routing_abrupt_regime_shift:seed96100001:epoch30,30,19,validation,96500002,u_0.00,0.0,967428913.7835354,0.6077788191190253,833.0,0.05324580598103574,442b4f02bba381e49ce141b1f3250753918977d962b947e0d7d0b36030caec62
routing_abrupt_regime_shift,routing_abrupt_regime_shift:seed96100001:epoch30,30,19,validation,96500002,u_0.10,0.1,961741762.090241,0.612933458294283,826.0,0.05144927536231884,442b4f02bba381e49ce141b1f3250753918977d962b947e0d7d0b36030caec62
routing_abrupt_regime_shift,routing_abrupt_regime_shift:seed96100001:epoch30,30,19,validation,96500002,u_0.20,0.2,958289736.6346774,0.6162136832239925,821.0,0.05255579553635709,442b4f02bba381e49ce141b1f3250753918977d962b947e0d7d0b36030caec62
routing_abrupt_regime_shift,routing_abrupt_regime_shift:seed96100001:epoch30,30,19,validation,96500002,u_0.30,0.3,951464508.9370688,0.6227741330834115,810.0,0.052105638829407566,442b4f02bba381e49ce141b1f3250753918977d962b947e0d7d0b36030caec62
routing_abrupt_regime_shift,routing_abrupt_regime_shift:seed96100001:epoch30,30,19,validation,96500002,u_0.40,0.4,948802895.5389906,0.6260543580131209,804.0,0.05263157894736842,442b4f02bba381e49ce141b1f3250753918977d962b947e0d7d0b36030caec62
routing_abrupt_regime_shift,routing_abrupt_regime_shift:seed96100001:epoch30,30,19,validation,96500002,u_0.50,0.5,940799866.499015,0.6316776007497656,793.0,0.05222300635144672,442b4f02bba381e49ce141b1f3250753918977d962b947e0d7d0b36030caec62
routing_abrupt_regime_shift,routing_abrupt_regime_shift:seed96100001:epoch30,30,19,validation,96500002,u_0.60,0.6,936955768.8980002,0.6349578256794751,786.0,0.05196629213483146,442b4f02bba381e49ce141b1f3250753918977d962b947e0d7d0b36030caec62
routing_abrupt_regime_shift,routing_abrupt_regime_shift:seed96100001:epoch30,30,19,validation,96500002,u_0.70,0.7,937240008.7709556,0.6373008434864105,782.0,0.05056179775280899,442b4f02bba381e49ce141b1f3250753918977d962b947e0d7d0b36030caec62
routing_abrupt_regime_shift,routing_abrupt_regime_shift:seed96100001:epoch30,30,19,validation,96500002,u_0.80,0.8,932112573.5822731,0.6424554826616682,771.0,0.050174216027874564,442b4f02bba381e49ce141b1f3250753918977d962b947e0d7d0b36030caec62
routing_abrupt_regime_shift,routing_abrupt_regime_shift:seed96100001:epoch30,30,19,validation,96500002,u_0.90,0.9,930423624.8043513,0.6452671040299907,765.0,0.04996530187369882,442b4f02bba381e49ce141b1f3250753918977d962b947e0d7d0b36030caec62
routing_abrupt_regime_shift,routing_abrupt_regime_shift:seed96100001:epoch30,30,19,validation,96500002,u_1.00,1.0,928768695.5017049,0.6494845360824743,755.0,0.04834254143646409,442b4f02bba381e49ce141b1f3250753918977d962b947e0d7d0b36030caec62
routing_abrupt_regime_shift,routing_abrupt_regime_shift:seed96100001:epoch30,30,19,validation,96500003,anchor,-1.0,934447549.6718348,0.6195238095238095,787.0,0.04933726067746686,442b4f02bba381e49ce141b1f3250753918977d962b947e0d7d0b36030caec62
routing_abrupt_regime_shift,routing_abrupt_regime_shift:seed96100001:epoch30,30,19,validation,96500003,u_0.00,0.0,934447549.6718348,0.6195238095238095,787.0,0.04933726067746686,442b4f02bba381e49ce141b1f3250753918977d962b947e0d7d0b36030caec62
routing_abrupt_regime_shift,routing_abrupt_regime_shift:seed96100001:epoch30,30,19,validation,96500003,u_0.10,0.1,926800669.8839571,0.6252380952380953,778.0,0.046120058565153735,442b4f02bba381e49ce141b1f3250753918977d962b947e0d7d0b36030caec62
routing_abrupt_regime_shift,routing_abrupt_regime_shift:seed96100001:epoch30,30,19,validation,96500003,u_0.20,0.2,921300717.7846644,0.6290476190476191,770.0,0.04654545454545454,442b4f02bba381e49ce141b1f3250753918977d962b947e0d7d0b36030caec62
routing_abrupt_regime_shift,routing_abrupt_regime_shift:seed96100001:epoch30,30,19,validation,96500003,u_0.30,0.3,918297117.4208984,0.6323809523809524,764.0,0.05043227665706052,442b4f02bba381e49ce141b1f3250753918977d962b947e0d7d0b36030caec62
routing_abrupt_regime_shift,routing_abrupt_regime_shift:seed96100001:epoch30,30,19,validation,96500003,u_0.40,0.4,906226489.6186267,0.64,746.0,0.04853675945753034,442b4f02bba381e49ce141b1f3250753918977d962b947e0d7d0b36030caec62
routing_abrupt_regime_shift,routing_abrupt_regime_shift:seed96100001:epoch30,30,19,validation,96500003,u_0.50,0.5,901310917.9628826,0.6447619047619048,737.0,0.04953998584571833,442b4f02bba381e49ce141b1f3250753918977d962b947e0d7d0b36030caec62
routing_abrupt_regime_shift,routing_abrupt_regime_shift:seed96100001:epoch30,30,19,validation,96500003,u_0.60,0.6,896746361.0711039,0.6480952380952381,730.0,0.04929577464788732,442b4f02bba381e49ce141b1f3250753918977d962b947e0d7d0b36030caec62
routing_abrupt_regime_shift,routing_abrupt_regime_shift:seed96100001:epoch30,30,19,validation,96500003,u_0.70,0.7,893558874.6517915,0.6533333333333333,720.0,0.046951646811492644,442b4f02bba381e49ce141b1f3250753918977d962b947e0d7d0b36030caec62
routing_abrupt_regime_shift,routing_abrupt_regime_shift:seed96100001:epoch30,30,19,validation,96500003,u_0.80,0.8,888588339.6693485,0.6585714285714286,711.0,0.04659248956884562,442b4f02bba381e49ce141b1f3250753918977d962b947e0d7d0b36030caec62
routing_abrupt_regime_shift,routing_abrupt_regime_shift:seed96100001:epoch30,30,19,validation,96500003,u_0.90,0.9,886538799.793923,0.6614285714285715,705.0,0.046398891966759004,442b4f02bba381e49ce141b1f3250753918977d962b947e0d7d0b36030caec62
routing_abrupt_regime_shift,routing_abrupt_regime_shift:seed96100001:epoch30,30,19,validation,96500003,u_1.00,1.0,889586127.1125381,0.6623809523809524,703.0,0.04765193370165746,442b4f02bba381e49ce141b1f3250753918977d962b947e0d7d0b36030caec62
routing_abrupt_regime_shift,routing_abrupt_regime_shift:seed96100001:epoch30,30,19,validation,96500004,anchor,-1.0,914393017.6064824,0.6317061382310295,775.0,0.048458149779735685,442b4f02bba381e49ce141b1f3250753918977d962b947e0d7d0b36030caec62
routing_abrupt_regime_shift,routing_abrupt_regime_shift:seed96100001:epoch30,30,19,validation,96500004,u_0.00,0.0,914393017.6064824,0.6317061382310295,775.0,0.048458149779735685,442b4f02bba381e49ce141b1f3250753918977d962b947e0d7d0b36030caec62
routing_abrupt_regime_shift,routing_abrupt_regime_shift:seed96100001:epoch30,30,19,validation,96500004,u_0.10,0.1,909642545.5926987,0.6370227162880618,771.0,0.04674945215485756,442b4f02bba381e49ce141b1f3250753918977d962b947e0d7d0b36030caec62
routing_abrupt_regime_shift,routing_abrupt_regime_shift:seed96100001:epoch30,30,19,validation,96500004,u_0.20,0.2,902836691.9766895,0.6428226196230062,762.0,0.04634322954380883,442b4f02bba381e49ce141b1f3250753918977d962b947e0d7d0b36030caec62
routing_abrupt_regime_shift,routing_abrupt_regime_shift:seed96100001:epoch30,30,19,validation,96500004,u_0.30,0.3,895114423.8609557,0.6491058482358627,752.0,0.046628407460545196,442b4f02bba381e49ce141b1f3250753918977d962b947e0d7d0b36030caec62
routing_abrupt_regime_shift,routing_abrupt_regime_shift:seed96100001:epoch30,30,19,validation,96500004,u_0.40,0.4,889436996.62839,0.653455775737071,744.0,0.04487179487179487,442b4f02bba381e49ce141b1f3250753918977d962b947e0d7d0b36030caec62
routing_abrupt_regime_shift,routing_abrupt_regime_shift:seed96100001:epoch30,30,19,validation,96500004,u_0.50,0.5,881989586.5455093,0.6597390043499275,732.0,0.043785310734463276,442b4f02bba381e49ce141b1f3250753918977d962b947e0d7d0b36030caec62
routing_abrupt_regime_shift,routing_abrupt_regime_shift:seed96100001:epoch30,30,19,validation,96500004,u_0.60,0.6,876462197.0515866,0.6640889318511358,723.0,0.0421644413211525,442b4f02bba381e49ce141b1f3250753918977d962b947e0d7d0b36030caec62
routing_abrupt_regime_shift,routing_abrupt_regime_shift:seed96100001:epoch30,30,19,validation,96500004,u_0.70,0.7,880850714.6911669,0.6631222812953117,725.0,0.043631245601688955,442b4f02bba381e49ce141b1f3250753918977d962b947e0d7d0b36030caec62
routing_abrupt_regime_shift,routing_abrupt_regime_shift:seed96100001:epoch30,30,19,validation,96500004,u_0.80,0.8,873925395.0544577,0.6689221846302562,713.0,0.04259776536312849,442b4f02bba381e49ce141b1f3250753918977d962b947e0d7d0b36030caec62
routing_abrupt_regime_shift,routing_abrupt_regime_shift:seed96100001:epoch30,30,19,validation,96500004,u_0.90,0.9,872734269.5183892,0.6713388110198163,709.0,0.043115438108484005,442b4f02bba381e49ce141b1f3250753918977d962b947e0d7d0b36030caec62
routing_abrupt_regime_shift,routing_abrupt_regime_shift:seed96100001:epoch30,30,19,validation,96500004,u_1.00,1.0,872993774.0848577,0.6747220879652006,705.0,0.0442294402211472,442b4f02bba381e49ce141b1f3250753918977d962b947e0d7d0b36030caec62
routing_abrupt_regime_shift,routing_abrupt_regime_shift:seed96100001:epoch55,55,20,discovery,96400000,anchor,-1.0,48371944.106236726,0.638095238095238,43.0,0.06779661016949153,442b4f02bba381e49ce141b1f3250753918977d962b947e0d7d0b36030caec62
routing_abrupt_regime_shift,routing_abrupt_regime_shift:seed96100001:epoch55,55,20,discovery,96400000,u_0.00,0.0,48371944.106236726,0.638095238095238,43.0,0.06779661016949153,442b4f02bba381e49ce141b1f3250753918977d962b947e0d7d0b36030caec62
routing_abrupt_regime_shift,routing_abrupt_regime_shift:seed96100001:epoch55,55,20,discovery,96400000,u_0.10,0.1,46949963.430436894,0.638095238095238,40.0,0.057971014492753624,442b4f02bba381e49ce141b1f3250753918977d962b947e0d7d0b36030caec62
routing_abrupt_regime_shift,routing_abrupt_regime_shift:seed96100001:epoch55,55,20,discovery,96400000,u_0.20,0.2,45554787.65145121,0.638095238095238,37.0,0.05063291139240506,442b4f02bba381e49ce141b1f3250753918977d962b947e0d7d0b36030caec62
routing_abrupt_regime_shift,routing_abrupt_regime_shift:seed96100001:epoch55,55,20,discovery,96400000,u_0.30,0.3,43162284.224782795,0.638095238095238,32.0,0.0425531914893617,442b4f02bba381e49ce141b1f3250753918977d962b947e0d7d0b36030caec62
routing_abrupt_regime_shift,routing_abrupt_regime_shift:seed96100001:epoch55,55,20,discovery,96400000,u_0.40,0.4,42798020.49095073,0.638095238095238,30.0,0.03669724770642202,442b4f02bba381e49ce141b1f3250753918977d962b947e0d7d0b36030caec62
routing_abrupt_regime_shift,routing_abrupt_regime_shift:seed96100001:epoch55,55,20,discovery,96400000,u_0.50,0.5,41737796.91634053,0.638095238095238,26.0,0.03225806451612903,442b4f02bba381e49ce141b1f3250753918977d962b947e0d7d0b36030caec62
routing_abrupt_regime_shift,routing_abrupt_regime_shift:seed96100001:epoch55,55,20,discovery,96400000,u_0.60,0.6,42957181.05301705,0.638095238095238,25.0,0.029850746268656716,442b4f02bba381e49ce141b1f3250753918977d962b947e0d7d0b36030caec62
routing_abrupt_regime_shift,routing_abrupt_regime_shift:seed96100001:epoch55,55,20,discovery,96400000,u_0.70,0.7,44555285.20098032,0.638095238095238,24.0,0.027777777777777776,442b4f02bba381e49ce141b1f3250753918977d962b947e0d7d0b36030caec62
routing_abrupt_regime_shift,routing_abrupt_regime_shift:seed96100001:epoch55,55,20,discovery,96400000,u_0.80,0.8,45730901.70004663,0.638095238095238,22.0,0.025157232704402517,442b4f02bba381e49ce141b1f3250753918977d962b947e0d7d0b36030caec62
routing_abrupt_regime_shift,routing_abrupt_regime_shift:seed96100001:epoch55,55,20,discovery,96400000,u_0.90,0.9,48086445.63076705,0.638095238095238,21.0,0.023668639053254437,442b4f02bba381e49ce141b1f3250753918977d962b947e0d7d0b36030caec62
routing_abrupt_regime_shift,routing_abrupt_regime_shift:seed96100001:epoch55,55,20,discovery,96400000,u_1.00,1.0,48919821.81634053,0.638095238095238,17.0,0.021739130434782608,442b4f02bba381e49ce141b1f3250753918977d962b947e0d7d0b36030caec62
routing_abrupt_regime_shift,routing_abrupt_regime_shift:seed96100001:epoch55,55,20,discovery,96400001,anchor,-1.0,48371944.106236726,0.638095238095238,43.0,0.06779661016949153,442b4f02bba381e49ce141b1f3250753918977d962b947e0d7d0b36030caec62
routing_abrupt_regime_shift,routing_abrupt_regime_shift:seed96100001:epoch55,55,20,discovery,96400001,u_0.00,0.0,48371944.106236726,0.638095238095238,43.0,0.06779661016949153,442b4f02bba381e49ce141b1f3250753918977d962b947e0d7d0b36030caec62
routing_abrupt_regime_shift,routing_abrupt_regime_shift:seed96100001:epoch55,55,20,discovery,96400001,u_0.10,0.1,46949963.430436894,0.638095238095238,40.0,0.057971014492753624,442b4f02bba381e49ce141b1f3250753918977d962b947e0d7d0b36030caec62
routing_abrupt_regime_shift,routing_abrupt_regime_shift:seed96100001:epoch55,55,20,discovery,96400001,u_0.20,0.2,45554787.65145121,0.638095238095238,37.0,0.05063291139240506,442b4f02bba381e49ce141b1f3250753918977d962b947e0d7d0b36030caec62
routing_abrupt_regime_shift,routing_abrupt_regime_shift:seed96100001:epoch55,55,20,discovery,96400001,u_0.30,0.3,43162284.224782795,0.638095238095238,32.0,0.0425531914893617,442b4f02bba381e49ce141b1f3250753918977d962b947e0d7d0b36030caec62
routing_abrupt_regime_shift,routing_abrupt_regime_shift:seed96100001:epoch55,55,20,discovery,96400001,u_0.40,0.4,42798020.49095073,0.638095238095238,30.0,0.03669724770642202,442b4f02bba381e49ce141b1f3250753918977d962b947e0d7d0b36030caec62
routing_abrupt_regime_shift,routing_abrupt_regime_shift:seed96100001:epoch55,55,20,discovery,96400001,u_0.50,0.5,41737796.91634053,0.638095238095238,26.0,0.03225806451612903,442b4f02bba381e49ce141b1f3250753918977d962b947e0d7d0b36030caec62
routing_abrupt_regime_shift,routing_abrupt_regime_shift:seed96100001:epoch55,55,20,discovery,96400001,u_0.60,0.6,42957181.05301705,0.638095238095238,25.0,0.029850746268656716,442b4f02bba381e49ce141b1f3250753918977d962b947e0d7d0b36030caec62
routing_abrupt_regime_shift,routing_abrupt_regime_shift:seed96100001:epoch55,55,20,discovery,96400001,u_0.70,0.7,44555285.20098032,0.638095238095238,24.0,0.027777777777777776,442b4f02bba381e49ce141b1f3250753918977d962b947e0d7d0b36030caec62
routing_abrupt_regime_shift,routing_abrupt_regime_shift:seed96100001:epoch55,55,20,discovery,96400001,u_0.80,0.8,45730901.70004663,0.638095238095238,22.0,0.025157232704402517,442b4f02bba381e49ce141b1f3250753918977d962b947e0d7d0b36030caec62
routing_abrupt_regime_shift,routing_abrupt_regime_shift:seed96100001:epoch55,55,20,discovery,96400001,u_0.90,0.9,48086445.63076705,0.638095238095238,21.0,0.023668639053254437,442b4f02bba381e49ce141b1f3250753918977d962b947e0d7d0b36030caec62
routing_abrupt_regime_shift,routing_abrupt_regime_shift:seed96100001:epoch55,55,20,discovery,96400001,u_1.00,1.0,48919821.81634053,0.638095238095238,17.0,0.021739130434782608,442b4f02bba381e49ce141b1f3250753918977d962b947e0d7d0b36030caec62
routing_abrupt_regime_shift,routing_abrupt_regime_shift:seed96100001:epoch55,55,20,discovery,96400002,anchor,-1.0,48371944.106236726,0.638095238095238,43.0,0.06779661016949153,442b4f02bba381e49ce141b1f3250753918977d962b947e0d7d0b36030caec62
routing_abrupt_regime_shift,routing_abrupt_regime_shift:seed96100001:epoch55,55,20,discovery,96400002,u_0.00,0.0,48371944.106236726,0.638095238095238,43.0,0.06779661016949153,442b4f02bba381e49ce141b1f3250753918977d962b947e0d7d0b36030caec62
routing_abrupt_regime_shift,routing_abrupt_regime_shift:seed96100001:epoch55,55,20,discovery,96400002,u_0.10,0.1,46949963.430436894,0.638095238095238,40.0,0.057971014492753624,442b4f02bba381e49ce141b1f3250753918977d962b947e0d7d0b36030caec62
routing_abrupt_regime_shift,routing_abrupt_regime_shift:seed96100001:epoch55,55,20,discovery,96400002,u_0.20,0.2,45554787.65145121,0.638095238095238,37.0,0.05063291139240506,442b4f02bba381e49ce141b1f3250753918977d962b947e0d7d0b36030caec62
routing_abrupt_regime_shift,routing_abrupt_regime_shift:seed96100001:epoch55,55,20,discovery,96400002,u_0.30,0.3,43162284.224782795,0.638095238095238,32.0,0.0425531914893617,442b4f02bba381e49ce141b1f3250753918977d962b947e0d7d0b36030caec62
routing_abrupt_regime_shift,routing_abrupt_regime_shift:seed96100001:epoch55,55,20,discovery,96400002,u_0.40,0.4,42798020.49095073,0.638095238095238,30.0,0.03669724770642202,442b4f02bba381e49ce141b1f3250753918977d962b947e0d7d0b36030caec62
routing_abrupt_regime_shift,routing_abrupt_regime_shift:seed96100001:epoch55,55,20,discovery,96400002,u_0.50,0.5,41737796.91634053,0.638095238095238,26.0,0.03225806451612903,442b4f02bba381e49ce141b1f3250753918977d962b947e0d7d0b36030caec62
routing_abrupt_regime_shift,routing_abrupt_regime_shift:seed96100001:epoch55,55,20,discovery,96400002,u_0.60,0.6,42957181.05301705,0.638095238095238,25.0,0.029850746268656716,442b4f02bba381e49ce141b1f3250753918977d962b947e0d7d0b36030caec62
routing_abrupt_regime_shift,routing_abrupt_regime_shift:seed96100001:epoch55,55,20,discovery,96400002,u_0.70,0.7,44555285.20098032,0.638095238095238,24.0,0.027777777777777776,442b4f02bba381e49ce141b1f3250753918977d962b947e0d7d0b36030caec62
routing_abrupt_regime_shift,routing_abrupt_regime_shift:seed96100001:epoch55,55,20,discovery,96400002,u_0.80,0.8,45730901.70004663,0.638095238095238,22.0,0.025157232704402517,442b4f02bba381e49ce141b1f3250753918977d962b947e0d7d0b36030caec62
routing_abrupt_regime_shift,routing_abrupt_regime_shift:seed96100001:epoch55,55,20,discovery,96400002,u_0.90,0.9,48086445.63076705,0.638095238095238,21.0,0.023668639053254437,442b4f02bba381e49ce141b1f3250753918977d962b947e0d7d0b36030caec62
routing_abrupt_regime_shift,routing_abrupt_regime_shift:seed96100001:epoch55,55,20,discovery,96400002,u_1.00,1.0,48919821.81634053,0.638095238095238,17.0,0.021739130434782608,442b4f02bba381e49ce141b1f3250753918977d962b947e0d7d0b36030caec62
routing_abrupt_regime_shift,routing_abrupt_regime_shift:seed96100001:epoch55,55,20,validation,96500000,anchor,-1.0,48371944.106236726,0.638095238095238,43.0,0.06779661016949153,442b4f02bba381e49ce141b1f3250753918977d962b947e0d7d0b36030caec62
routing_abrupt_regime_shift,routing_abrupt_regime_shift:seed96100001:epoch55,55,20,validation,96500000,u_0.00,0.0,48371944.106236726,0.638095238095238,43.0,0.06779661016949153,442b4f02bba381e49ce141b1f3250753918977d962b947e0d7d0b36030caec62
routing_abrupt_regime_shift,routing_abrupt_regime_shift:seed96100001:epoch55,55,20,validation,96500000,u_0.10,0.1,46949963.430436894,0.638095238095238,40.0,0.057971014492753624,442b4f02bba381e49ce141b1f3250753918977d962b947e0d7d0b36030caec62
routing_abrupt_regime_shift,routing_abrupt_regime_shift:seed96100001:epoch55,55,20,validation,96500000,u_0.20,0.2,45554787.65145121,0.638095238095238,37.0,0.05063291139240506,442b4f02bba381e49ce141b1f3250753918977d962b947e0d7d0b36030caec62
routing_abrupt_regime_shift,routing_abrupt_regime_shift:seed96100001:epoch55,55,20,validation,96500000,u_0.30,0.3,43162284.224782795,0.638095238095238,32.0,0.0425531914893617,442b4f02bba381e49ce141b1f3250753918977d962b947e0d7d0b36030caec62
routing_abrupt_regime_shift,routing_abrupt_regime_shift:seed96100001:epoch55,55,20,validation,96500000,u_0.40,0.4,42798020.49095073,0.638095238095238,30.0,0.03669724770642202,442b4f02bba381e49ce141b1f3250753918977d962b947e0d7d0b36030caec62
routing_abrupt_regime_shift,routing_abrupt_regime_shift:seed96100001:epoch55,55,20,validation,96500000,u_0.50,0.5,41737796.91634053,0.638095238095238,26.0,0.03225806451612903,442b4f02bba381e49ce141b1f3250753918977d962b947e0d7d0b36030caec62
routing_abrupt_regime_shift,routing_abrupt_regime_shift:seed96100001:epoch55,55,20,validation,96500000,u_0.60,0.6,42957181.05301705,0.638095238095238,25.0,0.029850746268656716,442b4f02bba381e49ce141b1f3250753918977d962b947e0d7d0b36030caec62
routing_abrupt_regime_shift,routing_abrupt_regime_shift:seed96100001:epoch55,55,20,validation,96500000,u_0.70,0.7,44555285.20098032,0.638095238095238,24.0,0.027777777777777776,442b4f02bba381e49ce141b1f3250753918977d962b947e0d7d0b36030caec62
routing_abrupt_regime_shift,routing_abrupt_regime_shift:seed96100001:epoch55,55,20,validation,96500000,u_0.80,0.8,45730901.70004663,0.638095238095238,22.0,0.025157232704402517,442b4f02bba381e49ce141b1f3250753918977d962b947e0d7d0b36030caec62
routing_abrupt_regime_shift,routing_abrupt_regime_shift:seed96100001:epoch55,55,20,validation,96500000,u_0.90,0.9,48086445.63076705,0.638095238095238,21.0,0.023668639053254437,442b4f02bba381e49ce141b1f3250753918977d962b947e0d7d0b36030caec62
routing_abrupt_regime_shift,routing_abrupt_regime_shift:seed96100001:epoch55,55,20,validation,96500000,u_1.00,1.0,48919821.81634053,0.638095238095238,17.0,0.021739130434782608,442b4f02bba381e49ce141b1f3250753918977d962b947e0d7d0b36030caec62
routing_abrupt_regime_shift,routing_abrupt_regime_shift:seed96100001:epoch55,55,20,validation,96500001,anchor,-1.0,48371944.106236726,0.638095238095238,43.0,0.06779661016949153,442b4f02bba381e49ce141b1f3250753918977d962b947e0d7d0b36030caec62
routing_abrupt_regime_shift,routing_abrupt_regime_shift:seed96100001:epoch55,55,20,validation,96500001,u_0.00,0.0,48371944.106236726,0.638095238095238,43.0,0.06779661016949153,442b4f02bba381e49ce141b1f3250753918977d962b947e0d7d0b36030caec62
routing_abrupt_regime_shift,routing_abrupt_regime_shift:seed96100001:epoch55,55,20,validation,96500001,u_0.10,0.1,46949963.430436894,0.638095238095238,40.0,0.057971014492753624,442b4f02bba381e49ce141b1f3250753918977d962b947e0d7d0b36030caec62
routing_abrupt_regime_shift,routing_abrupt_regime_shift:seed96100001:epoch55,55,20,validation,96500001,u_0.20,0.2,45554787.65145121,0.638095238095238,37.0,0.05063291139240506,442b4f02bba381e49ce141b1f3250753918977d962b947e0d7d0b36030caec62
routing_abrupt_regime_shift,routing_abrupt_regime_shift:seed96100001:epoch55,55,20,validation,96500001,u_0.30,0.3,43162284.224782795,0.638095238095238,32.0,0.0425531914893617,442b4f02bba381e49ce141b1f3250753918977d962b947e0d7d0b36030caec62
routing_abrupt_regime_shift,routing_abrupt_regime_shift:seed96100001:epoch55,55,20,validation,96500001,u_0.40,0.4,42798020.49095073,0.638095238095238,30.0,0.03669724770642202,442b4f02bba381e49ce141b1f3250753918977d962b947e0d7d0b36030caec62
routing_abrupt_regime_shift,routing_abrupt_regime_shift:seed96100001:epoch55,55,20,validation,96500001,u_0.50,0.5,41737796.91634053,0.638095238095238,26.0,0.03225806451612903,442b4f02bba381e49ce141b1f3250753918977d962b947e0d7d0b36030caec62
routing_abrupt_regime_shift,routing_abrupt_regime_shift:seed96100001:epoch55,55,20,validation,96500001,u_0.60,0.6,42957181.05301705,0.638095238095238,25.0,0.029850746268656716,442b4f02bba381e49ce141b1f3250753918977d962b947e0d7d0b36030caec62
routing_abrupt_regime_shift,routing_abrupt_regime_shift:seed96100001:epoch55,55,20,validation,96500001,u_0.70,0.7,44555285.20098032,0.638095238095238,24.0,0.027777777777777776,442b4f02bba381e49ce141b1f3250753918977d962b947e0d7d0b36030caec62
routing_abrupt_regime_shift,routing_abrupt_regime_shift:seed96100001:epoch55,55,20,validation,96500001,u_0.80,0.8,45730901.70004663,0.638095238095238,22.0,0.025157232704402517,442b4f02bba381e49ce141b1f3250753918977d962b947e0d7d0b36030caec62
routing_abrupt_regime_shift,routing_abrupt_regime_shift:seed96100001:epoch55,55,20,validation,96500001,u_0.90,0.9,48086445.63076705,0.638095238095238,21.0,0.023668639053254437,442b4f02bba381e49ce141b1f3250753918977d962b947e0d7d0b36030caec62
routing_abrupt_regime_shift,routing_abrupt_regime_shift:seed96100001:epoch55,55,20,validation,96500001,u_1.00,1.0,48919821.81634053,0.638095238095238,17.0,0.021739130434782608,442b4f02bba381e49ce141b1f3250753918977d962b947e0d7d0b36030caec62
routing_abrupt_regime_shift,routing_abrupt_regime_shift:seed96100001:epoch55,55,20,validation,96500002,anchor,-1.0,48371944.106236726,0.638095238095238,43.0,0.06779661016949153,442b4f02bba381e49ce141b1f3250753918977d962b947e0d7d0b36030caec62
routing_abrupt_regime_shift,routing_abrupt_regime_shift:seed96100001:epoch55,55,20,validation,96500002,u_0.00,0.0,48371944.106236726,0.638095238095238,43.0,0.06779661016949153,442b4f02bba381e49ce141b1f3250753918977d962b947e0d7d0b36030caec62
routing_abrupt_regime_shift,routing_abrupt_regime_shift:seed96100001:epoch55,55,20,validation,96500002,u_0.10,0.1,46949963.430436894,0.638095238095238,40.0,0.057971014492753624,442b4f02bba381e49ce141b1f3250753918977d962b947e0d7d0b36030caec62
routing_abrupt_regime_shift,routing_abrupt_regime_shift:seed96100001:epoch55,55,20,validation,96500002,u_0.20,0.2,45554787.65145121,0.638095238095238,37.0,0.05063291139240506,442b4f02bba381e49ce141b1f3250753918977d962b947e0d7d0b36030caec62
routing_abrupt_regime_shift,routing_abrupt_regime_shift:seed96100001:epoch55,55,20,validation,96500002,u_0.30,0.3,43162284.224782795,0.638095238095238,32.0,0.0425531914893617,442b4f02bba381e49ce141b1f3250753918977d962b947e0d7d0b36030caec62
routing_abrupt_regime_shift,routing_abrupt_regime_shift:seed96100001:epoch55,55,20,validation,96500002,u_0.40,0.4,42798020.49095073,0.638095238095238,30.0,0.03669724770642202,442b4f02bba381e49ce141b1f3250753918977d962b947e0d7d0b36030caec62
routing_abrupt_regime_shift,routing_abrupt_regime_shift:seed96100001:epoch55,55,20,validation,96500002,u_0.50,0.5,41737796.91634053,0.638095238095238,26.0,0.03225806451612903,442b4f02bba381e49ce141b1f3250753918977d962b947e0d7d0b36030caec62
routing_abrupt_regime_shift,routing_abrupt_regime_shift:seed96100001:epoch55,55,20,validation,96500002,u_0.60,0.6,42957181.05301705,0.638095238095238,25.0,0.029850746268656716,442b4f02bba381e49ce141b1f3250753918977d962b947e0d7d0b36030caec62
routing_abrupt_regime_shift,routing_abrupt_regime_shift:seed96100001:epoch55,55,20,validation,96500002,u_0.70,0.7,44555285.20098032,0.638095238095238,24.0,0.027777777777777776,442b4f02bba381e49ce141b1f3250753918977d962b947e0d7d0b36030caec62
routing_abrupt_regime_shift,routing_abrupt_regime_shift:seed96100001:epoch55,55,20,validation,96500002,u_0.80,0.8,45730901.70004663,0.638095238095238,22.0,0.025157232704402517,442b4f02bba381e49ce141b1f3250753918977d962b947e0d7d0b36030caec62
routing_abrupt_regime_shift,routing_abrupt_regime_shift:seed96100001:epoch55,55,20,validation,96500002,u_0.90,0.9,48086445.63076705,0.638095238095238,21.0,0.023668639053254437,442b4f02bba381e49ce141b1f3250753918977d962b947e0d7d0b36030caec62
routing_abrupt_regime_shift,routing_abrupt_regime_shift:seed96100001:epoch55,55,20,validation,96500002,u_1.00,1.0,48919821.81634053,0.638095238095238,17.0,0.021739130434782608,442b4f02bba381e49ce141b1f3250753918977d962b947e0d7d0b36030caec62
routing_abrupt_regime_shift,routing_abrupt_regime_shift:seed96100001:epoch55,55,20,validation,96500003,anchor,-1.0,48371944.106236726,0.638095238095238,43.0,0.06779661016949153,442b4f02bba381e49ce141b1f3250753918977d962b947e0d7d0b36030caec62
routing_abrupt_regime_shift,routing_abrupt_regime_shift:seed96100001:epoch55,55,20,validation,96500003,u_0.00,0.0,48371944.106236726,0.638095238095238,43.0,0.06779661016949153,442b4f02bba381e49ce141b1f3250753918977d962b947e0d7d0b36030caec62
routing_abrupt_regime_shift,routing_abrupt_regime_shift:seed96100001:epoch55,55,20,validation,96500003,u_0.10,0.1,46949963.430436894,0.638095238095238,40.0,0.057971014492753624,442b4f02bba381e49ce141b1f3250753918977d962b947e0d7d0b36030caec62
routing_abrupt_regime_shift,routing_abrupt_regime_shift:seed96100001:epoch55,55,20,validation,96500003,u_0.20,0.2,45554787.65145121,0.638095238095238,37.0,0.05063291139240506,442b4f02bba381e49ce141b1f3250753918977d962b947e0d7d0b36030caec62
routing_abrupt_regime_shift,routing_abrupt_regime_shift:seed96100001:epoch55,55,20,validation,96500003,u_0.30,0.3,43162284.224782795,0.638095238095238,32.0,0.0425531914893617,442b4f02bba381e49ce141b1f3250753918977d962b947e0d7d0b36030caec62
routing_abrupt_regime_shift,routing_abrupt_regime_shift:seed96100001:epoch55,55,20,validation,96500003,u_0.40,0.4,42798020.49095073,0.638095238095238,30.0,0.03669724770642202,442b4f02bba381e49ce141b1f3250753918977d962b947e0d7d0b36030caec62
routing_abrupt_regime_shift,routing_abrupt_regime_shift:seed96100001:epoch55,55,20,validation,96500003,u_0.50,0.5,41737796.91634053,0.638095238095238,26.0,0.03225806451612903,442b4f02bba381e49ce141b1f3250753918977d962b947e0d7d0b36030caec62
routing_abrupt_regime_shift,routing_abrupt_regime_shift:seed96100001:epoch55,55,20,validation,96500003,u_0.60,0.6,42957181.05301705,0.638095238095238,25.0,0.029850746268656716,442b4f02bba381e49ce141b1f3250753918977d962b947e0d7d0b36030caec62
routing_abrupt_regime_shift,routing_abrupt_regime_shift:seed96100001:epoch55,55,20,validation,96500003,u_0.70,0.7,44555285.20098032,0.638095238095238,24.0,0.027777777777777776,442b4f02bba381e49ce141b1f3250753918977d962b947e0d7d0b36030caec62
routing_abrupt_regime_shift,routing_abrupt_regime_shift:seed96100001:epoch55,55,20,validation,96500003,u_0.80,0.8,45730901.70004663,0.638095238095238,22.0,0.025157232704402517,442b4f02bba381e49ce141b1f3250753918977d962b947e0d7d0b36030caec62
routing_abrupt_regime_shift,routing_abrupt_regime_shift:seed96100001:epoch55,55,20,validation,96500003,u_0.90,0.9,48086445.63076705,0.638095238095238,21.0,0.023668639053254437,442b4f02bba381e49ce141b1f3250753918977d962b947e0d7d0b36030caec62
routing_abrupt_regime_shift,routing_abrupt_regime_shift:seed96100001:epoch55,55,20,validation,96500003,u_1.00,1.0,48919821.81634053,0.638095238095238,17.0,0.021739130434782608,442b4f02bba381e49ce141b1f3250753918977d962b947e0d7d0b36030caec62
routing_abrupt_regime_shift,routing_abrupt_regime_shift:seed96100001:epoch55,55,20,validation,96500004,anchor,-1.0,48371944.106236726,0.638095238095238,43.0,0.06779661016949153,442b4f02bba381e49ce141b1f3250753918977d962b947e0d7d0b36030caec62
routing_abrupt_regime_shift,routing_abrupt_regime_shift:seed96100001:epoch55,55,20,validation,96500004,u_0.00,0.0,48371944.106236726,0.638095238095238,43.0,0.06779661016949153,442b4f02bba381e49ce141b1f3250753918977d962b947e0d7d0b36030caec62
routing_abrupt_regime_shift,routing_abrupt_regime_shift:seed96100001:epoch55,55,20,validation,96500004,u_0.10,0.1,46949963.430436894,0.638095238095238,40.0,0.057971014492753624,442b4f02bba381e49ce141b1f3250753918977d962b947e0d7d0b36030caec62
routing_abrupt_regime_shift,routing_abrupt_regime_shift:seed96100001:epoch55,55,20,validation,96500004,u_0.20,0.2,45554787.65145121,0.638095238095238,37.0,0.05063291139240506,442b4f02bba381e49ce141b1f3250753918977d962b947e0d7d0b36030caec62
routing_abrupt_regime_shift,routing_abrupt_regime_shift:seed96100001:epoch55,55,20,validation,96500004,u_0.30,0.3,43162284.224782795,0.638095238095238,32.0,0.0425531914893617,442b4f02bba381e49ce141b1f3250753918977d962b947e0d7d0b36030caec62
routing_abrupt_regime_shift,routing_abrupt_regime_shift:seed96100001:epoch55,55,20,validation,96500004,u_0.40,0.4,42798020.49095073,0.638095238095238,30.0,0.03669724770642202,442b4f02bba381e49ce141b1f3250753918977d962b947e0d7d0b36030caec62
routing_abrupt_regime_shift,routing_abrupt_regime_shift:seed96100001:epoch55,55,20,validation,96500004,u_0.50,0.5,41737796.91634053,0.638095238095238,26.0,0.03225806451612903,442b4f02bba381e49ce141b1f3250753918977d962b947e0d7d0b36030caec62
routing_abrupt_regime_shift,routing_abrupt_regime_shift:seed96100001:epoch55,55,20,validation,96500004,u_0.60,0.6,42957181.05301705,0.638095238095238,25.0,0.029850746268656716,442b4f02bba381e49ce141b1f3250753918977d962b947e0d7d0b36030caec62
routing_abrupt_regime_shift,routing_abrupt_regime_shift:seed96100001:epoch55,55,20,validation,96500004,u_0.70,0.7,44555285.20098032,0.638095238095238,24.0,0.027777777777777776,442b4f02bba381e49ce141b1f3250753918977d962b947e0d7d0b36030caec62
routing_abrupt_regime_shift,routing_abrupt_regime_shift:seed96100001:epoch55,55,20,validation,96500004,u_0.80,0.8,45730901.70004663,0.638095238095238,22.0,0.025157232704402517,442b4f02bba381e49ce141b1f3250753918977d962b947e0d7d0b36030caec62
routing_abrupt_regime_shift,routing_abrupt_regime_shift:seed96100001:epoch55,55,20,validation,96500004,u_0.90,0.9,48086445.63076705,0.638095238095238,21.0,0.023668639053254437,442b4f02bba381e49ce141b1f3250753918977d962b947e0d7d0b36030caec62
routing_abrupt_regime_shift,routing_abrupt_regime_shift:seed96100001:epoch55,55,20,validation,96500004,u_1.00,1.0,48919821.81634053,0.638095238095238,17.0,0.021739130434782608,442b4f02bba381e49ce141b1f3250753918977d962b947e0d7d0b36030caec62
routing_abrupt_regime_shift,routing_abrupt_regime_shift:seed96100001:epoch80,80,20,discovery,96400000,anchor,-1.0,49091327.40286403,0.5952380952380952,42.0,0.14925373134328357,442b4f02bba381e49ce141b1f3250753918977d962b947e0d7d0b36030caec62
routing_abrupt_regime_shift,routing_abrupt_regime_shift:seed96100001:epoch80,80,20,discovery,96400000,u_0.00,0.0,49091327.40286403,0.5952380952380952,42.0,0.14925373134328357,442b4f02bba381e49ce141b1f3250753918977d962b947e0d7d0b36030caec62
routing_abrupt_regime_shift,routing_abrupt_regime_shift:seed96100001:epoch80,80,20,discovery,96400000,u_0.10,0.1,46569666.927064195,0.5952380952380952,37.0,0.12987012987012986,442b4f02bba381e49ce141b1f3250753918977d962b947e0d7d0b36030caec62
routing_abrupt_regime_shift,routing_abrupt_regime_shift:seed96100001:epoch80,80,20,discovery,96400000,u_0.20,0.2,46274170.94807851,0.5952380952380952,36.0,0.11494252873563218,442b4f02bba381e49ce141b1f3250753918977d962b947e0d7d0b36030caec62
routing_abrupt_regime_shift,routing_abrupt_regime_shift:seed96100001:epoch80,80,20,discovery,96400000,u_0.30,0.3,44981347.321410105,0.5952380952380952,33.0,0.09803921568627451,442b4f02bba381e49ce141b1f3250753918977d962b947e0d7d0b36030caec62
routing_abrupt_regime_shift,routing_abrupt_regime_shift:seed96100001:epoch80,80,20,discovery,96400000,u_0.40,0.4,44067243.68757804,0.5952380952380952,30.0,0.08547008547008547,442b4f02bba381e49ce141b1f3250753918977d962b947e0d7d0b36030caec62
routing_abrupt_regime_shift,routing_abrupt_regime_shift:seed96100001:epoch80,80,20,discovery,96400000,u_0.50,0.5,44106699.91296783,0.5952380952380952,28.0,0.07575757575757576,442b4f02bba381e49ce141b1f3250753918977d962b947e0d7d0b36030caec62
routing_abrupt_regime_shift,routing_abrupt_regime_shift:seed96100001:epoch80,80,20,discovery,96400000,u_0.60,0.6,45875923.94964436,0.5952380952380952,28.0,0.07042253521126761,442b4f02bba381e49ce141b1f3250753918977d962b947e0d7d0b36030caec62
routing_abrupt_regime_shift,routing_abrupt_regime_shift:seed96100001:epoch80,80,20,discovery,96400000,u_0.70,0.7,46899188.19760762,0.5952380952380952,26.0,0.06578947368421052,442b4f02bba381e49ce141b1f3250753918977d962b947e0d7d0b36030caec62
routing_abrupt_regime_shift,routing_abrupt_regime_shift:seed96100001:epoch80,80,20,discovery,96400000,u_0.80,0.8,48599644.59667392,0.5952380952380952,25.0,0.059880239520958084,442b4f02bba381e49ce141b1f3250753918977d962b947e0d7d0b36030caec62
routing_abrupt_regime_shift,routing_abrupt_regime_shift:seed96100001:epoch80,80,20,discovery,96400000,u_0.90,0.9,51505028.427394345,0.5952380952380952,25.0,0.05649717514124294,442b4f02bba381e49ce141b1f3250753918977d962b947e0d7d0b36030caec62
routing_abrupt_regime_shift,routing_abrupt_regime_shift:seed96100001:epoch80,80,20,discovery,96400000,u_1.00,1.0,52400022.612967834,0.5952380952380952,21.0,0.052083333333333336,442b4f02bba381e49ce141b1f3250753918977d962b947e0d7d0b36030caec62
routing_abrupt_regime_shift,routing_abrupt_regime_shift:seed96100001:epoch80,80,20,discovery,96400001,anchor,-1.0,49091327.40286403,0.5952380952380952,42.0,0.14925373134328357,442b4f02bba381e49ce141b1f3250753918977d962b947e0d7d0b36030caec62
routing_abrupt_regime_shift,routing_abrupt_regime_shift:seed96100001:epoch80,80,20,discovery,96400001,u_0.00,0.0,49091327.40286403,0.5952380952380952,42.0,0.14925373134328357,442b4f02bba381e49ce141b1f3250753918977d962b947e0d7d0b36030caec62
routing_abrupt_regime_shift,routing_abrupt_regime_shift:seed96100001:epoch80,80,20,discovery,96400001,u_0.10,0.1,46569666.927064195,0.5952380952380952,37.0,0.12987012987012986,442b4f02bba381e49ce141b1f3250753918977d962b947e0d7d0b36030caec62
routing_abrupt_regime_shift,routing_abrupt_regime_shift:seed96100001:epoch80,80,20,discovery,96400001,u_0.20,0.2,46274170.94807851,0.5952380952380952,36.0,0.11494252873563218,442b4f02bba381e49ce141b1f3250753918977d962b947e0d7d0b36030caec62
routing_abrupt_regime_shift,routing_abrupt_regime_shift:seed96100001:epoch80,80,20,discovery,96400001,u_0.30,0.3,44981347.321410105,0.5952380952380952,33.0,0.09803921568627451,442b4f02bba381e49ce141b1f3250753918977d962b947e0d7d0b36030caec62
routing_abrupt_regime_shift,routing_abrupt_regime_shift:seed96100001:epoch80,80,20,discovery,96400001,u_0.40,0.4,44067243.68757804,0.5952380952380952,30.0,0.08547008547008547,442b4f02bba381e49ce141b1f3250753918977d962b947e0d7d0b36030caec62
routing_abrupt_regime_shift,routing_abrupt_regime_shift:seed96100001:epoch80,80,20,discovery,96400001,u_0.50,0.5,44106699.91296783,0.5952380952380952,28.0,0.07575757575757576,442b4f02bba381e49ce141b1f3250753918977d962b947e0d7d0b36030caec62
routing_abrupt_regime_shift,routing_abrupt_regime_shift:seed96100001:epoch80,80,20,discovery,96400001,u_0.60,0.6,45875923.94964436,0.5952380952380952,28.0,0.07042253521126761,442b4f02bba381e49ce141b1f3250753918977d962b947e0d7d0b36030caec62
routing_abrupt_regime_shift,routing_abrupt_regime_shift:seed96100001:epoch80,80,20,discovery,96400001,u_0.70,0.7,46899188.19760762,0.5952380952380952,26.0,0.06578947368421052,442b4f02bba381e49ce141b1f3250753918977d962b947e0d7d0b36030caec62
routing_abrupt_regime_shift,routing_abrupt_regime_shift:seed96100001:epoch80,80,20,discovery,96400001,u_0.80,0.8,48599644.59667392,0.5952380952380952,25.0,0.059880239520958084,442b4f02bba381e49ce141b1f3250753918977d962b947e0d7d0b36030caec62
routing_abrupt_regime_shift,routing_abrupt_regime_shift:seed96100001:epoch80,80,20,discovery,96400001,u_0.90,0.9,51505028.427394345,0.5952380952380952,25.0,0.05649717514124294,442b4f02bba381e49ce141b1f3250753918977d962b947e0d7d0b36030caec62
routing_abrupt_regime_shift,routing_abrupt_regime_shift:seed96100001:epoch80,80,20,discovery,96400001,u_1.00,1.0,52400022.612967834,0.5952380952380952,21.0,0.052083333333333336,442b4f02bba381e49ce141b1f3250753918977d962b947e0d7d0b36030caec62
routing_abrupt_regime_shift,routing_abrupt_regime_shift:seed96100001:epoch80,80,20,discovery,96400002,anchor,-1.0,49091327.40286403,0.5952380952380952,42.0,0.14925373134328357,442b4f02bba381e49ce141b1f3250753918977d962b947e0d7d0b36030caec62
routing_abrupt_regime_shift,routing_abrupt_regime_shift:seed96100001:epoch80,80,20,discovery,96400002,u_0.00,0.0,49091327.40286403,0.5952380952380952,42.0,0.14925373134328357,442b4f02bba381e49ce141b1f3250753918977d962b947e0d7d0b36030caec62
routing_abrupt_regime_shift,routing_abrupt_regime_shift:seed96100001:epoch80,80,20,discovery,96400002,u_0.10,0.1,46569666.927064195,0.5952380952380952,37.0,0.12987012987012986,442b4f02bba381e49ce141b1f3250753918977d962b947e0d7d0b36030caec62
routing_abrupt_regime_shift,routing_abrupt_regime_shift:seed96100001:epoch80,80,20,discovery,96400002,u_0.20,0.2,46274170.94807851,0.5952380952380952,36.0,0.11494252873563218,442b4f02bba381e49ce141b1f3250753918977d962b947e0d7d0b36030caec62
routing_abrupt_regime_shift,routing_abrupt_regime_shift:seed96100001:epoch80,80,20,discovery,96400002,u_0.30,0.3,44981347.321410105,0.5952380952380952,33.0,0.09803921568627451,442b4f02bba381e49ce141b1f3250753918977d962b947e0d7d0b36030caec62
routing_abrupt_regime_shift,routing_abrupt_regime_shift:seed96100001:epoch80,80,20,discovery,96400002,u_0.40,0.4,44067243.68757804,0.5952380952380952,30.0,0.08547008547008547,442b4f02bba381e49ce141b1f3250753918977d962b947e0d7d0b36030caec62
routing_abrupt_regime_shift,routing_abrupt_regime_shift:seed96100001:epoch80,80,20,discovery,96400002,u_0.50,0.5,44106699.91296783,0.5952380952380952,28.0,0.07575757575757576,442b4f02bba381e49ce141b1f3250753918977d962b947e0d7d0b36030caec62
routing_abrupt_regime_shift,routing_abrupt_regime_shift:seed96100001:epoch80,80,20,discovery,96400002,u_0.60,0.6,45875923.94964436,0.5952380952380952,28.0,0.07042253521126761,442b4f02bba381e49ce141b1f3250753918977d962b947e0d7d0b36030caec62
routing_abrupt_regime_shift,routing_abrupt_regime_shift:seed96100001:epoch80,80,20,discovery,96400002,u_0.70,0.7,46899188.19760762,0.5952380952380952,26.0,0.06578947368421052,442b4f02bba381e49ce141b1f3250753918977d962b947e0d7d0b36030caec62
routing_abrupt_regime_shift,routing_abrupt_regime_shift:seed96100001:epoch80,80,20,discovery,96400002,u_0.80,0.8,48599644.59667392,0.5952380952380952,25.0,0.059880239520958084,442b4f02bba381e49ce141b1f3250753918977d962b947e0d7d0b36030caec62
routing_abrupt_regime_shift,routing_abrupt_regime_shift:seed96100001:epoch80,80,20,discovery,96400002,u_0.90,0.9,51505028.427394345,0.5952380952380952,25.0,0.05649717514124294,442b4f02bba381e49ce141b1f3250753918977d962b947e0d7d0b36030caec62
routing_abrupt_regime_shift,routing_abrupt_regime_shift:seed96100001:epoch80,80,20,discovery,96400002,u_1.00,1.0,52400022.612967834,0.5952380952380952,21.0,0.052083333333333336,442b4f02bba381e49ce141b1f3250753918977d962b947e0d7d0b36030caec62
routing_abrupt_regime_shift,routing_abrupt_regime_shift:seed96100001:epoch80,80,20,validation,96500000,anchor,-1.0,49091327.40286403,0.5952380952380952,42.0,0.14925373134328357,442b4f02bba381e49ce141b1f3250753918977d962b947e0d7d0b36030caec62
routing_abrupt_regime_shift,routing_abrupt_regime_shift:seed96100001:epoch80,80,20,validation,96500000,u_0.00,0.0,49091327.40286403,0.5952380952380952,42.0,0.14925373134328357,442b4f02bba381e49ce141b1f3250753918977d962b947e0d7d0b36030caec62
routing_abrupt_regime_shift,routing_abrupt_regime_shift:seed96100001:epoch80,80,20,validation,96500000,u_0.10,0.1,46569666.927064195,0.5952380952380952,37.0,0.12987012987012986,442b4f02bba381e49ce141b1f3250753918977d962b947e0d7d0b36030caec62
routing_abrupt_regime_shift,routing_abrupt_regime_shift:seed96100001:epoch80,80,20,validation,96500000,u_0.20,0.2,46274170.94807851,0.5952380952380952,36.0,0.11494252873563218,442b4f02bba381e49ce141b1f3250753918977d962b947e0d7d0b36030caec62
routing_abrupt_regime_shift,routing_abrupt_regime_shift:seed96100001:epoch80,80,20,validation,96500000,u_0.30,0.3,44981347.321410105,0.5952380952380952,33.0,0.09803921568627451,442b4f02bba381e49ce141b1f3250753918977d962b947e0d7d0b36030caec62
routing_abrupt_regime_shift,routing_abrupt_regime_shift:seed96100001:epoch80,80,20,validation,96500000,u_0.40,0.4,44067243.68757804,0.5952380952380952,30.0,0.08547008547008547,442b4f02bba381e49ce141b1f3250753918977d962b947e0d7d0b36030caec62
routing_abrupt_regime_shift,routing_abrupt_regime_shift:seed96100001:epoch80,80,20,validation,96500000,u_0.50,0.5,44106699.91296783,0.5952380952380952,28.0,0.07575757575757576,442b4f02bba381e49ce141b1f3250753918977d962b947e0d7d0b36030caec62
routing_abrupt_regime_shift,routing_abrupt_regime_shift:seed96100001:epoch80,80,20,validation,96500000,u_0.60,0.6,45875923.94964436,0.5952380952380952,28.0,0.07042253521126761,442b4f02bba381e49ce141b1f3250753918977d962b947e0d7d0b36030caec62
routing_abrupt_regime_shift,routing_abrupt_regime_shift:seed96100001:epoch80,80,20,validation,96500000,u_0.70,0.7,46899188.19760762,0.5952380952380952,26.0,0.06578947368421052,442b4f02bba381e49ce141b1f3250753918977d962b947e0d7d0b36030caec62
routing_abrupt_regime_shift,routing_abrupt_regime_shift:seed96100001:epoch80,80,20,validation,96500000,u_0.80,0.8,48599644.59667392,0.5952380952380952,25.0,0.059880239520958084,442b4f02bba381e49ce141b1f3250753918977d962b947e0d7d0b36030caec62
routing_abrupt_regime_shift,routing_abrupt_regime_shift:seed96100001:epoch80,80,20,validation,96500000,u_0.90,0.9,51505028.427394345,0.5952380952380952,25.0,0.05649717514124294,442b4f02bba381e49ce141b1f3250753918977d962b947e0d7d0b36030caec62
routing_abrupt_regime_shift,routing_abrupt_regime_shift:seed96100001:epoch80,80,20,validation,96500000,u_1.00,1.0,52400022.612967834,0.5952380952380952,21.0,0.052083333333333336,442b4f02bba381e49ce141b1f3250753918977d962b947e0d7d0b36030caec62
routing_abrupt_regime_shift,routing_abrupt_regime_shift:seed96100001:epoch80,80,20,validation,96500001,anchor,-1.0,49091327.40286403,0.5952380952380952,42.0,0.14925373134328357,442b4f02bba381e49ce141b1f3250753918977d962b947e0d7d0b36030caec62
routing_abrupt_regime_shift,routing_abrupt_regime_shift:seed96100001:epoch80,80,20,validation,96500001,u_0.00,0.0,49091327.40286403,0.5952380952380952,42.0,0.14925373134328357,442b4f02bba381e49ce141b1f3250753918977d962b947e0d7d0b36030caec62
routing_abrupt_regime_shift,routing_abrupt_regime_shift:seed96100001:epoch80,80,20,validation,96500001,u_0.10,0.1,46569666.927064195,0.5952380952380952,37.0,0.12987012987012986,442b4f02bba381e49ce141b1f3250753918977d962b947e0d7d0b36030caec62
routing_abrupt_regime_shift,routing_abrupt_regime_shift:seed96100001:epoch80,80,20,validation,96500001,u_0.20,0.2,46274170.94807851,0.5952380952380952,36.0,0.11494252873563218,442b4f02bba381e49ce141b1f3250753918977d962b947e0d7d0b36030caec62
routing_abrupt_regime_shift,routing_abrupt_regime_shift:seed96100001:epoch80,80,20,validation,96500001,u_0.30,0.3,44981347.321410105,0.5952380952380952,33.0,0.09803921568627451,442b4f02bba381e49ce141b1f3250753918977d962b947e0d7d0b36030caec62
routing_abrupt_regime_shift,routing_abrupt_regime_shift:seed96100001:epoch80,80,20,validation,96500001,u_0.40,0.4,44067243.68757804,0.5952380952380952,30.0,0.08547008547008547,442b4f02bba381e49ce141b1f3250753918977d962b947e0d7d0b36030caec62
routing_abrupt_regime_shift,routing_abrupt_regime_shift:seed96100001:epoch80,80,20,validation,96500001,u_0.50,0.5,44106699.91296783,0.5952380952380952,28.0,0.07575757575757576,442b4f02bba381e49ce141b1f3250753918977d962b947e0d7d0b36030caec62
routing_abrupt_regime_shift,routing_abrupt_regime_shift:seed96100001:epoch80,80,20,validation,96500001,u_0.60,0.6,45875923.94964436,0.5952380952380952,28.0,0.07042253521126761,442b4f02bba381e49ce141b1f3250753918977d962b947e0d7d0b36030caec62
routing_abrupt_regime_shift,routing_abrupt_regime_shift:seed96100001:epoch80,80,20,validation,96500001,u_0.70,0.7,46899188.19760762,0.5952380952380952,26.0,0.06578947368421052,442b4f02bba381e49ce141b1f3250753918977d962b947e0d7d0b36030caec62
routing_abrupt_regime_shift,routing_abrupt_regime_shift:seed96100001:epoch80,80,20,validation,96500001,u_0.80,0.8,48599644.59667392,0.5952380952380952,25.0,0.059880239520958084,442b4f02bba381e49ce141b1f3250753918977d962b947e0d7d0b36030caec62
routing_abrupt_regime_shift,routing_abrupt_regime_shift:seed96100001:epoch80,80,20,validation,96500001,u_0.90,0.9,51505028.427394345,0.5952380952380952,25.0,0.05649717514124294,442b4f02bba381e49ce141b1f3250753918977d962b947e0d7d0b36030caec62
routing_abrupt_regime_shift,routing_abrupt_regime_shift:seed96100001:epoch80,80,20,validation,96500001,u_1.00,1.0,52400022.612967834,0.5952380952380952,21.0,0.052083333333333336,442b4f02bba381e49ce141b1f3250753918977d962b947e0d7d0b36030caec62
routing_abrupt_regime_shift,routing_abrupt_regime_shift:seed96100001:epoch80,80,20,validation,96500002,anchor,-1.0,49091327.40286403,0.5952380952380952,42.0,0.14925373134328357,442b4f02bba381e49ce141b1f3250753918977d962b947e0d7d0b36030caec62
routing_abrupt_regime_shift,routing_abrupt_regime_shift:seed96100001:epoch80,80,20,validation,96500002,u_0.00,0.0,49091327.40286403,0.5952380952380952,42.0,0.14925373134328357,442b4f02bba381e49ce141b1f3250753918977d962b947e0d7d0b36030caec62
routing_abrupt_regime_shift,routing_abrupt_regime_shift:seed96100001:epoch80,80,20,validation,96500002,u_0.10,0.1,46569666.927064195,0.5952380952380952,37.0,0.12987012987012986,442b4f02bba381e49ce141b1f3250753918977d962b947e0d7d0b36030caec62
routing_abrupt_regime_shift,routing_abrupt_regime_shift:seed96100001:epoch80,80,20,validation,96500002,u_0.20,0.2,46274170.94807851,0.5952380952380952,36.0,0.11494252873563218,442b4f02bba381e49ce141b1f3250753918977d962b947e0d7d0b36030caec62
routing_abrupt_regime_shift,routing_abrupt_regime_shift:seed96100001:epoch80,80,20,validation,96500002,u_0.30,0.3,44981347.321410105,0.5952380952380952,33.0,0.09803921568627451,442b4f02bba381e49ce141b1f3250753918977d962b947e0d7d0b36030caec62
routing_abrupt_regime_shift,routing_abrupt_regime_shift:seed96100001:epoch80,80,20,validation,96500002,u_0.40,0.4,44067243.68757804,0.5952380952380952,30.0,0.08547008547008547,442b4f02bba381e49ce141b1f3250753918977d962b947e0d7d0b36030caec62
routing_abrupt_regime_shift,routing_abrupt_regime_shift:seed96100001:epoch80,80,20,validation,96500002,u_0.50,0.5,44106699.91296783,0.5952380952380952,28.0,0.07575757575757576,442b4f02bba381e49ce141b1f3250753918977d962b947e0d7d0b36030caec62
routing_abrupt_regime_shift,routing_abrupt_regime_shift:seed96100001:epoch80,80,20,validation,96500002,u_0.60,0.6,45875923.94964436,0.5952380952380952,28.0,0.07042253521126761,442b4f02bba381e49ce141b1f3250753918977d962b947e0d7d0b36030caec62
routing_abrupt_regime_shift,routing_abrupt_regime_shift:seed96100001:epoch80,80,20,validation,96500002,u_0.70,0.7,46899188.19760762,0.5952380952380952,26.0,0.06578947368421052,442b4f02bba381e49ce141b1f3250753918977d962b947e0d7d0b36030caec62
routing_abrupt_regime_shift,routing_abrupt_regime_shift:seed96100001:epoch80,80,20,validation,96500002,u_0.80,0.8,48599644.59667392,0.5952380952380952,25.0,0.059880239520958084,442b4f02bba381e49ce141b1f3250753918977d962b947e0d7d0b36030caec62
routing_abrupt_regime_shift,routing_abrupt_regime_shift:seed96100001:epoch80,80,20,validation,96500002,u_0.90,0.9,51505028.427394345,0.5952380952380952,25.0,0.05649717514124294,442b4f02bba381e49ce141b1f3250753918977d962b947e0d7d0b36030caec62
routing_abrupt_regime_shift,routing_abrupt_regime_shift:seed96100001:epoch80,80,20,validation,96500002,u_1.00,1.0,52400022.612967834,0.5952380952380952,21.0,0.052083333333333336,442b4f02bba381e49ce141b1f3250753918977d962b947e0d7d0b36030caec62
routing_abrupt_regime_shift,routing_abrupt_regime_shift:seed96100001:epoch80,80,20,validation,96500003,anchor,-1.0,49091327.40286403,0.5952380952380952,42.0,0.14925373134328357,442b4f02bba381e49ce141b1f3250753918977d962b947e0d7d0b36030caec62
routing_abrupt_regime_shift,routing_abrupt_regime_shift:seed96100001:epoch80,80,20,validation,96500003,u_0.00,0.0,49091327.40286403,0.5952380952380952,42.0,0.14925373134328357,442b4f02bba381e49ce141b1f3250753918977d962b947e0d7d0b36030caec62
routing_abrupt_regime_shift,routing_abrupt_regime_shift:seed96100001:epoch80,80,20,validation,96500003,u_0.10,0.1,46569666.927064195,0.5952380952380952,37.0,0.12987012987012986,442b4f02bba381e49ce141b1f3250753918977d962b947e0d7d0b36030caec62
routing_abrupt_regime_shift,routing_abrupt_regime_shift:seed96100001:epoch80,80,20,validation,96500003,u_0.20,0.2,46274170.94807851,0.5952380952380952,36.0,0.11494252873563218,442b4f02bba381e49ce141b1f3250753918977d962b947e0d7d0b36030caec62
routing_abrupt_regime_shift,routing_abrupt_regime_shift:seed96100001:epoch80,80,20,validation,96500003,u_0.30,0.3,44981347.321410105,0.5952380952380952,33.0,0.09803921568627451,442b4f02bba381e49ce141b1f3250753918977d962b947e0d7d0b36030caec62
routing_abrupt_regime_shift,routing_abrupt_regime_shift:seed96100001:epoch80,80,20,validation,96500003,u_0.40,0.4,44067243.68757804,0.5952380952380952,30.0,0.08547008547008547,442b4f02bba381e49ce141b1f3250753918977d962b947e0d7d0b36030caec62
routing_abrupt_regime_shift,routing_abrupt_regime_shift:seed96100001:epoch80,80,20,validation,96500003,u_0.50,0.5,44106699.91296783,0.5952380952380952,28.0,0.07575757575757576,442b4f02bba381e49ce141b1f3250753918977d962b947e0d7d0b36030caec62
routing_abrupt_regime_shift,routing_abrupt_regime_shift:seed96100001:epoch80,80,20,validation,96500003,u_0.60,0.6,45875923.94964436,0.5952380952380952,28.0,0.07042253521126761,442b4f02bba381e49ce141b1f3250753918977d962b947e0d7d0b36030caec62
routing_abrupt_regime_shift,routing_abrupt_regime_shift:seed96100001:epoch80,80,20,validation,96500003,u_0.70,0.7,46899188.19760762,0.5952380952380952,26.0,0.06578947368421052,442b4f02bba381e49ce141b1f3250753918977d962b947e0d7d0b36030caec62
routing_abrupt_regime_shift,routing_abrupt_regime_shift:seed96100001:epoch80,80,20,validation,96500003,u_0.80,0.8,48599644.59667392,0.5952380952380952,25.0,0.059880239520958084,442b4f02bba381e49ce141b1f3250753918977d962b947e0d7d0b36030caec62
routing_abrupt_regime_shift,routing_abrupt_regime_shift:seed96100001:epoch80,80,20,validation,96500003,u_0.90,0.9,51505028.427394345,0.5952380952380952,25.0,0.05649717514124294,442b4f02bba381e49ce141b1f3250753918977d962b947e0d7d0b36030caec62
routing_abrupt_regime_shift,routing_abrupt_regime_shift:seed96100001:epoch80,80,20,validation,96500003,u_1.00,1.0,52400022.612967834,0.5952380952380952,21.0,0.052083333333333336,442b4f02bba381e49ce141b1f3250753918977d962b947e0d7d0b36030caec62
routing_abrupt_regime_shift,routing_abrupt_regime_shift:seed96100001:epoch80,80,20,validation,96500004,anchor,-1.0,49091327.40286403,0.5952380952380952,42.0,0.14925373134328357,442b4f02bba381e49ce141b1f3250753918977d962b947e0d7d0b36030caec62
routing_abrupt_regime_shift,routing_abrupt_regime_shift:seed96100001:epoch80,80,20,validation,96500004,u_0.00,0.0,49091327.40286403,0.5952380952380952,42.0,0.14925373134328357,442b4f02bba381e49ce141b1f3250753918977d962b947e0d7d0b36030caec62
routing_abrupt_regime_shift,routing_abrupt_regime_shift:seed96100001:epoch80,80,20,validation,96500004,u_0.10,0.1,46569666.927064195,0.5952380952380952,37.0,0.12987012987012986,442b4f02bba381e49ce141b1f3250753918977d962b947e0d7d0b36030caec62
routing_abrupt_regime_shift,routing_abrupt_regime_shift:seed96100001:epoch80,80,20,validation,96500004,u_0.20,0.2,46274170.94807851,0.5952380952380952,36.0,0.11494252873563218,442b4f02bba381e49ce141b1f3250753918977d962b947e0d7d0b36030caec62
routing_abrupt_regime_shift,routing_abrupt_regime_shift:seed96100001:epoch80,80,20,validation,96500004,u_0.30,0.3,44981347.321410105,0.5952380952380952,33.0,0.09803921568627451,442b4f02bba381e49ce141b1f3250753918977d962b947e0d7d0b36030caec62
routing_abrupt_regime_shift,routing_abrupt_regime_shift:seed96100001:epoch80,80,20,validation,96500004,u_0.40,0.4,44067243.68757804,0.5952380952380952,30.0,0.08547008547008547,442b4f02bba381e49ce141b1f3250753918977d962b947e0d7d0b36030caec62
routing_abrupt_regime_shift,routing_abrupt_regime_shift:seed96100001:epoch80,80,20,validation,96500004,u_0.50,0.5,44106699.91296783,0.5952380952380952,28.0,0.07575757575757576,442b4f02bba381e49ce141b1f3250753918977d962b947e0d7d0b36030caec62
routing_abrupt_regime_shift,routing_abrupt_regime_shift:seed96100001:epoch80,80,20,validation,96500004,u_0.60,0.6,45875923.94964436,0.5952380952380952,28.0,0.07042253521126761,442b4f02bba381e49ce141b1f3250753918977d962b947e0d7d0b36030caec62
routing_abrupt_regime_shift,routing_abrupt_regime_shift:seed96100001:epoch80,80,20,validation,96500004,u_0.70,0.7,46899188.19760762,0.5952380952380952,26.0,0.06578947368421052,442b4f02bba381e49ce141b1f3250753918977d962b947e0d7d0b36030caec62
routing_abrupt_regime_shift,routing_abrupt_regime_shift:seed96100001:epoch80,80,20,validation,96500004,u_0.80,0.8,48599644.59667392,0.5952380952380952,25.0,0.059880239520958084,442b4f02bba381e49ce141b1f3250753918977d962b947e0d7d0b36030caec62
routing_abrupt_regime_shift,routing_abrupt_regime_shift:seed96100001:epoch80,80,20,validation,96500004,u_0.90,0.9,51505028.427394345,0.5952380952380952,25.0,0.05649717514124294,442b4f02bba381e49ce141b1f3250753918977d962b947e0d7d0b36030caec62
routing_abrupt_regime_shift,routing_abrupt_regime_shift:seed96100001:epoch80,80,20,validation,96500004,u_1.00,1.0,52400022.612967834,0.5952380952380952,21.0,0.052083333333333336,442b4f02bba381e49ce141b1f3250753918977d962b947e0d7d0b36030caec62
routing_abrupt_regime_shift,routing_abrupt_regime_shift:seed96100002:epoch30,30,20,discovery,96400000,anchor,-1.0,895672960.2643044,0.6435969868173258,752.0,0.05146036161335188,442b4f02bba381e49ce141b1f3250753918977d962b947e0d7d0b36030caec62
routing_abrupt_regime_shift,routing_abrupt_regime_shift:seed96100002:epoch30,30,20,discovery,96400000,u_0.00,0.0,895752712.7021725,0.6435969868173258,752.0,0.05146036161335188,442b4f02bba381e49ce141b1f3250753918977d962b947e0d7d0b36030caec62
routing_abrupt_regime_shift,routing_abrupt_regime_shift:seed96100002:epoch30,30,20,discovery,96400000,u_0.10,0.1,892974406.3760571,0.646421845574388,748.0,0.05255878284923928,442b4f02bba381e49ce141b1f3250753918977d962b947e0d7d0b36030caec62
routing_abrupt_regime_shift,routing_abrupt_regime_shift:seed96100002:epoch30,30,20,discovery,96400000,u_0.20,0.2,884196061.807617,0.6520715630885122,737.0,0.05017182130584193,442b4f02bba381e49ce141b1f3250753918977d962b947e0d7d0b36030caec62
routing_abrupt_regime_shift,routing_abrupt_regime_shift:seed96100002:epoch30,30,20,discovery,96400000,u_0.30,0.3,876188586.9913026,0.658662900188324,726.0,0.04904632152588556,442b4f02bba381e49ce141b1f3250753918977d962b947e0d7d0b36030caec62
routing_abrupt_regime_shift,routing_abrupt_regime_shift:seed96100002:epoch30,30,20,discovery,96400000,u_0.40,0.4,881697572.6058315,0.6572504708097928,729.0,0.049829351535836175,442b4f02bba381e49ce141b1f3250753918977d962b947e0d7d0b36030caec62
routing_abrupt_regime_shift,routing_abrupt_regime_shift:seed96100002:epoch30,30,20,discovery,96400000,u_0.50,0.5,874819210.8744587,0.6624293785310734,718.0,0.05006765899864682,442b4f02bba381e49ce141b1f3250753918977d962b947e0d7d0b36030caec62
routing_abrupt_regime_shift,routing_abrupt_regime_shift:seed96100002:epoch30,30,20,discovery,96400000,u_0.60,0.6,869650007.7627598,0.666195856873823,710.0,0.04979811574697174,442b4f02bba381e49ce141b1f3250753918977d962b947e0d7d0b36030caec62
routing_abrupt_regime_shift,routing_abrupt_regime_shift:seed96100002:epoch30,30,20,discovery,96400000,u_0.70,0.7,869555825.7428979,0.6680790960451978,705.0,0.04781144781144781,442b4f02bba381e49ce141b1f3250753918977d962b947e0d7d0b36030caec62
routing_abrupt_regime_shift,routing_abrupt_regime_shift:seed96100002:epoch30,30,20,discovery,96400000,u_0.80,0.8,863554154.2102776,0.673728813559322,696.0,0.046822742474916385,442b4f02bba381e49ce141b1f3250753918977d962b947e0d7d0b36030caec62
routing_abrupt_regime_shift,routing_abrupt_regime_shift:seed96100002:epoch30,30,20,discovery,96400000,u_0.90,0.9,859685126.0655499,0.6774952919020716,687.0,0.04590818363273453,442b4f02bba381e49ce141b1f3250753918977d962b947e0d7d0b36030caec62
routing_abrupt_regime_shift,routing_abrupt_regime_shift:seed96100002:epoch30,30,20,discovery,96400000,u_1.00,1.0,857530162.9929395,0.6831450094161958,677.0,0.0411413404114134,442b4f02bba381e49ce141b1f3250753918977d962b947e0d7d0b36030caec62
routing_abrupt_regime_shift,routing_abrupt_regime_shift:seed96100002:epoch30,30,20,discovery,96400001,anchor,-1.0,934802610.154132,0.6371428571428571,808.0,0.05924339757316203,442b4f02bba381e49ce141b1f3250753918977d962b947e0d7d0b36030caec62
routing_abrupt_regime_shift,routing_abrupt_regime_shift:seed96100002:epoch30,30,20,discovery,96400001,u_0.00,0.0,935877249.7680115,0.6366666666666667,809.0,0.05928571428571429,442b4f02bba381e49ce141b1f3250753918977d962b947e0d7d0b36030caec62
routing_abrupt_regime_shift,routing_abrupt_regime_shift:seed96100002:epoch30,30,20,discovery,96400001,u_0.10,0.1,930651612.5345855,0.6409523809523809,803.0,0.05823863636363636,442b4f02bba381e49ce141b1f3250753918977d962b947e0d7d0b36030caec62
routing_abrupt_regime_shift,routing_abrupt_regime_shift:seed96100002:epoch30,30,20,discovery,96400001,u_0.20,0.2,927464787.1124873,0.6457142857142857,799.0,0.05782792665726375,442b4f02bba381e49ce141b1f3250753918977d962b947e0d7d0b36030caec62
routing_abrupt_regime_shift,routing_abrupt_regime_shift:seed96100002:epoch30,30,20,discovery,96400001,u_0.30,0.3,919840073.374568,0.650952380952381,787.0,0.057960893854748605,442b4f02bba381e49ce141b1f3250753918977d962b947e0d7d0b36030caec62
routing_abrupt_regime_shift,routing_abrupt_regime_shift:seed96100002:epoch30,30,20,discovery,96400001,u_0.40,0.4,919505408.9818456,0.6514285714285715,785.0,0.0573025856044724,442b4f02bba381e49ce141b1f3250753918977d962b947e0d7d0b36030caec62
routing_abrupt_regime_shift,routing_abrupt_regime_shift:seed96100002:epoch30,30,20,discovery,96400001,u_0.50,0.5,913119464.3687665,0.6566666666666666,776.0,0.0574792243767313,442b4f02bba381e49ce141b1f3250753918977d962b947e0d7d0b36030caec62
routing_abrupt_regime_shift,routing_abrupt_regime_shift:seed96100002:epoch30,30,20,discovery,96400001,u_0.60,0.6,910421970.0023876,0.6595238095238095,771.0,0.057891109579600274,442b4f02bba381e49ce141b1f3250753918977d962b947e0d7d0b36030caec62
routing_abrupt_regime_shift,routing_abrupt_regime_shift:seed96100002:epoch30,30,20,discovery,96400001,u_0.70,0.7,921046472.4461917,0.6571428571428571,777.0,0.060041407867494824,442b4f02bba381e49ce141b1f3250753918977d962b947e0d7d0b36030caec62
routing_abrupt_regime_shift,routing_abrupt_regime_shift:seed96100002:epoch30,30,20,discovery,96400001,u_0.80,0.8,914057822.9022415,0.6638095238095238,764.0,0.0568882796435915,442b4f02bba381e49ce141b1f3250753918977d962b947e0d7d0b36030caec62
routing_abrupt_regime_shift,routing_abrupt_regime_shift:seed96100002:epoch30,30,20,discovery,96400001,u_0.90,0.9,910381819.8527546,0.6676190476190477,756.0,0.05657805044308112,442b4f02bba381e49ce141b1f3250753918977d962b947e0d7d0b36030caec62
routing_abrupt_regime_shift,routing_abrupt_regime_shift:seed96100002:epoch30,30,20,discovery,96400001,u_1.00,1.0,907874154.8639232,0.6704761904761904,750.0,0.05634758995247793,442b4f02bba381e49ce141b1f3250753918977d962b947e0d7d0b36030caec62
routing_abrupt_regime_shift,routing_abrupt_regime_shift:seed96100002:epoch30,30,20,discovery,96400002,anchor,-1.0,916177662.4374665,0.6435921421889617,790.0,0.05910652920962199,442b4f02bba381e49ce141b1f3250753918977d962b947e0d7d0b36030caec62
routing_abrupt_regime_shift,routing_abrupt_regime_shift:seed96100002:epoch30,30,20,discovery,96400002,u_0.00,0.0,916898244.910518,0.6431244153414406,791.0,0.059147180192572216,442b4f02bba381e49ce141b1f3250753918977d962b947e0d7d0b36030caec62
routing_abrupt_regime_shift,routing_abrupt_regime_shift:seed96100002:epoch30,30,20,discovery,96400002,u_0.10,0.1,911300746.000262,0.6487371375116932,783.0,0.05673274094326726,442b4f02bba381e49ce141b1f3250753918977d962b947e0d7d0b36030caec62
routing_abrupt_regime_shift,routing_abrupt_regime_shift:seed96100002:epoch30,30,20,discovery,96400002,u_0.20,0.2,905007917.6556187,0.6548175865294668,773.0,0.05431093007467753,442b4f02bba381e49ce141b1f3250753918977d962b947e0d7d0b36030caec62
routing_abrupt_regime_shift,routing_abrupt_regime_shift:seed96100002:epoch30,30,20,discovery,96400002,u_0.30,0.3,899457044.6975384,0.6594948550046773,764.0,0.05652759084791386,442b4f02bba381e49ce141b1f3250753918977d962b947e0d7d0b36030caec62
routing_abrupt_regime_shift,routing_abrupt_regime_shift:seed96100002:epoch30,30,20,discovery,96400002,u_0.40,0.4,901309650.335898,0.6590271281571563,759.0,0.05787348586810229,442b4f02bba381e49ce141b1f3250753918977d962b947e0d7d0b36030caec62
routing_abrupt_regime_shift,routing_abrupt_regime_shift:seed96100002:epoch30,30,20,discovery,96400002,u_0.50,0.5,895515453.1353208,0.6637043966323667,749.0,0.059372915276851235,442b4f02bba381e49ce141b1f3250753918977d962b947e0d7d0b36030caec62
routing_abrupt_regime_shift,routing_abrupt_regime_shift:seed96100002:epoch30,30,20,discovery,96400002,u_0.60,0.6,889997570.0992256,0.6679139382600561,740.0,0.058394160583941604,442b4f02bba381e49ce141b1f3250753918977d962b947e0d7d0b36030caec62
routing_abrupt_regime_shift,routing_abrupt_regime_shift:seed96100002:epoch30,30,20,discovery,96400002,u_0.70,0.7,894880704.704645,0.666510757717493,734.0,0.05729513657561625,442b4f02bba381e49ce141b1f3250753918977d962b947e0d7d0b36030caec62
routing_abrupt_regime_shift,routing_abrupt_regime_shift:seed96100002:epoch30,30,20,discovery,96400002,u_0.80,0.8,887225911.5478228,0.6721234798877456,721.0,0.05493050959629384,442b4f02bba381e49ce141b1f3250753918977d962b947e0d7d0b36030caec62
routing_abrupt_regime_shift,routing_abrupt_regime_shift:seed96100002:epoch30,30,20,discovery,96400002,u_0.90,0.9,884081183.2488462,0.6758652946679139,713.0,0.053982883475971036,442b4f02bba381e49ce141b1f3250753918977d962b947e0d7d0b36030caec62
routing_abrupt_regime_shift,routing_abrupt_regime_shift:seed96100002:epoch30,30,20,discovery,96400002,u_1.00,1.0,888797147.7723889,0.6758652946679139,707.0,0.052770448548812667,442b4f02bba381e49ce141b1f3250753918977d962b947e0d7d0b36030caec62
routing_abrupt_regime_shift,routing_abrupt_regime_shift:seed96100002:epoch30,30,20,validation,96500000,anchor,-1.0,829358968.8331167,0.6760426770126091,693.0,0.038781163434903045,442b4f02bba381e49ce141b1f3250753918977d962b947e0d7d0b36030caec62
routing_abrupt_regime_shift,routing_abrupt_regime_shift:seed96100002:epoch30,30,20,validation,96500000,u_0.00,0.0,829505171.030907,0.6755577109602328,693.0,0.039473684210526314,442b4f02bba381e49ce141b1f3250753918977d962b947e0d7d0b36030caec62
routing_abrupt_regime_shift,routing_abrupt_regime_shift:seed96100002:epoch30,30,20,validation,96500000,u_0.10,0.1,825456490.4139004,0.6804073714839961,688.0,0.03787878787878788,442b4f02bba381e49ce141b1f3250753918977d962b947e0d7d0b36030caec62
routing_abrupt_regime_shift,routing_abrupt_regime_shift:seed96100002:epoch30,30,20,validation,96500000,u_0.20,0.2,821442494.8449899,0.6847720659553831,681.0,0.038303693570451436,442b4f02bba381e49ce141b1f3250753918977d962b947e0d7d0b36030caec62
routing_abrupt_regime_shift,routing_abrupt_regime_shift:seed96100002:epoch30,30,20,validation,96500000,u_0.30,0.3,811247921.0849336,0.6925315227934045,667.0,0.03593220338983051,442b4f02bba381e49ce141b1f3250753918977d962b947e0d7d0b36030caec62
routing_abrupt_regime_shift,routing_abrupt_regime_shift:seed96100002:epoch30,30,20,validation,96500000,u_0.40,0.4,809831417.6488864,0.6944713870029098,662.0,0.037761294672960216,442b4f02bba381e49ce141b1f3250753918977d962b947e0d7d0b36030caec62
routing_abrupt_regime_shift,routing_abrupt_regime_shift:seed96100002:epoch30,30,20,validation,96500000,u_0.50,0.5,802606569.9914569,0.6998060135790495,651.0,0.038101604278074866,442b4f02bba381e49ce141b1f3250753918977d962b947e0d7d0b36030caec62
routing_abrupt_regime_shift,routing_abrupt_regime_shift:seed96100002:epoch30,30,20,validation,96500000,u_0.60,0.6,796726841.882373,0.7041707080504365,642.0,0.03723404255319149,442b4f02bba381e49ce141b1f3250753918977d962b947e0d7d0b36030caec62
routing_abrupt_regime_shift,routing_abrupt_regime_shift:seed96100002:epoch30,30,20,validation,96500000,u_0.70,0.7,803357481.2831514,0.7022308438409312,645.0,0.03614457831325301,442b4f02bba381e49ce141b1f3250753918977d962b947e0d7d0b36030caec62
routing_abrupt_regime_shift,routing_abrupt_regime_shift:seed96100002:epoch30,30,20,validation,96500000,u_0.80,0.8,796392889.4103199,0.7080504364694471,633.0,0.034574468085106384,442b4f02bba381e49ce141b1f3250753918977d962b947e0d7d0b36030caec62
routing_abrupt_regime_shift,routing_abrupt_regime_shift:seed96100002:epoch30,30,20,validation,96500000,u_0.90,0.9,794061104.0484933,0.7114451988360815,626.0,0.03441429516876241,442b4f02bba381e49ce141b1f3250753918977d962b947e0d7d0b36030caec62
routing_abrupt_regime_shift,routing_abrupt_regime_shift:seed96100002:epoch30,30,20,validation,96500000,u_1.00,1.0,798773342.0604744,0.7119301648884578,629.0,0.03368560105680317,442b4f02bba381e49ce141b1f3250753918977d962b947e0d7d0b36030caec62
routing_abrupt_regime_shift,routing_abrupt_regime_shift:seed96100002:epoch30,30,20,validation,96500001,anchor,-1.0,837666757.6699094,0.6593511450381679,685.0,0.04450625869262865,442b4f02bba381e49ce141b1f3250753918977d962b947e0d7d0b36030caec62
routing_abrupt_regime_shift,routing_abrupt_regime_shift:seed96100002:epoch30,30,20,validation,96500001,u_0.00,0.0,838800705.193963,0.6583969465648855,685.0,0.04456824512534819,442b4f02bba381e49ce141b1f3250753918977d962b947e0d7d0b36030caec62
routing_abrupt_regime_shift,routing_abrupt_regime_shift:seed96100002:epoch30,30,20,validation,96500001,u_0.10,0.1,832625881.072479,0.6631679389312977,678.0,0.04426002766251729,442b4f02bba381e49ce141b1f3250753918977d962b947e0d7d0b36030caec62
routing_abrupt_regime_shift,routing_abrupt_regime_shift:seed96100002:epoch30,30,20,validation,96500001,u_0.20,0.2,824976579.9428648,0.6693702290076335,667.0,0.04318026045236463,442b4f02bba381e49ce141b1f3250753918977d962b947e0d7d0b36030caec62
routing_abrupt_regime_shift,routing_abrupt_regime_shift:seed96100002:epoch30,30,20,validation,96500001,u_0.30,0.3,813475015.4607787,0.6784351145038168,652.0,0.03804347826086957,442b4f02bba381e49ce141b1f3250753918977d962b947e0d7d0b36030caec62
routing_abrupt_regime_shift,routing_abrupt_regime_shift:seed96100002:epoch30,30,20,validation,96500001,u_0.40,0.4,812810076.120583,0.6803435114503816,651.0,0.03989181879648411,442b4f02bba381e49ce141b1f3250753918977d962b947e0d7d0b36030caec62
routing_abrupt_regime_shift,routing_abrupt_regime_shift:seed96100002:epoch30,30,20,validation,96500001,u_0.50,0.5,808036070.6838558,0.6851145038167938,644.0,0.04155495978552279,442b4f02bba381e49ce141b1f3250753918977d962b947e0d7d0b36030caec62
routing_abrupt_regime_shift,routing_abrupt_regime_shift:seed96100002:epoch30,30,20,validation,96500001,u_0.60,0.6,802765127.739759,0.6894083969465649,636.0,0.04061251664447404,442b4f02bba381e49ce141b1f3250753918977d962b947e0d7d0b36030caec62
routing_abrupt_regime_shift,routing_abrupt_regime_shift:seed96100002:epoch30,30,20,validation,96500001,u_0.70,0.7,809651818.8882462,0.6865458015267175,638.0,0.04074816299265197,442b4f02bba381e49ce141b1f3250753918977d962b947e0d7d0b36030caec62
routing_abrupt_regime_shift,routing_abrupt_regime_shift:seed96100002:epoch30,30,20,validation,96500001,u_0.80,0.8,805719446.2712567,0.6908396946564885,632.0,0.0411413404114134,442b4f02bba381e49ce141b1f3250753918977d962b947e0d7d0b36030caec62
routing_abrupt_regime_shift,routing_abrupt_regime_shift:seed96100002:epoch30,30,20,validation,96500001,u_0.90,0.9,803897233.3860655,0.6937022900763359,627.0,0.042244224422442245,442b4f02bba381e49ce141b1f3250753918977d962b947e0d7d0b36030caec62
routing_abrupt_regime_shift,routing_abrupt_regime_shift:seed96100002:epoch30,30,20,validation,96500001,u_1.00,1.0,806778753.4359701,0.6970419847328244,624.0,0.03889255108767304,442b4f02bba381e49ce141b1f3250753918977d962b947e0d7d0b36030caec62
routing_abrupt_regime_shift,routing_abrupt_regime_shift:seed96100002:epoch30,30,20,validation,96500002,anchor,-1.0,884790563.2228689,0.6499531396438613,740.0,0.045548654244306416,442b4f02bba381e49ce141b1f3250753918977d962b947e0d7d0b36030caec62
routing_abrupt_regime_shift,routing_abrupt_regime_shift:seed96100002:epoch30,30,20,validation,96500002,u_0.00,0.0,885673142.6097434,0.6490159325210871,740.0,0.04558011049723757,442b4f02bba381e49ce141b1f3250753918977d962b947e0d7d0b36030caec62
routing_abrupt_regime_shift,routing_abrupt_regime_shift:seed96100002:epoch30,30,20,validation,96500002,u_0.10,0.1,880159850.7497983,0.6537019681349578,735.0,0.045298558682223745,442b4f02bba381e49ce141b1f3250753918977d962b947e0d7d0b36030caec62
routing_abrupt_regime_shift,routing_abrupt_regime_shift:seed96100002:epoch30,30,20,validation,96500002,u_0.20,0.2,876085763.095622,0.6583880037488284,729.0,0.04628999319264806,442b4f02bba381e49ce141b1f3250753918977d962b947e0d7d0b36030caec62
routing_abrupt_regime_shift,routing_abrupt_regime_shift:seed96100002:epoch30,30,20,validation,96500002,u_0.30,0.3,864783987.2909994,0.6663542642924086,711.0,0.0431266846361186,442b4f02bba381e49ce141b1f3250753918977d962b947e0d7d0b36030caec62
routing_abrupt_regime_shift,routing_abrupt_regime_shift:seed96100002:epoch30,30,20,validation,96500002,u_0.40,0.4,867146550.3919377,0.6663542642924086,711.0,0.046464646464646465,442b4f02bba381e49ce141b1f3250753918977d962b947e0d7d0b36030caec62
routing_abrupt_regime_shift,routing_abrupt_regime_shift:seed96100002:epoch30,30,20,validation,96500002,u_0.50,0.5,861333361.6939015,0.6715089034676663,701.0,0.04739652870493992,442b4f02bba381e49ce141b1f3250753918977d962b947e0d7d0b36030caec62
routing_abrupt_regime_shift,routing_abrupt_regime_shift:seed96100002:epoch30,30,20,validation,96500002,u_0.60,0.6,855904967.2901034,0.6752577319587629,695.0,0.047113470471134705,442b4f02bba381e49ce141b1f3250753918977d962b947e0d7d0b36030caec62
routing_abrupt_regime_shift,routing_abrupt_regime_shift:seed96100002:epoch30,30,20,validation,96500002,u_0.70,0.7,864771047.578445,0.6724461105904405,700.0,0.048,442b4f02bba381e49ce141b1f3250753918977d962b947e0d7d0b36030caec62
routing_abrupt_regime_shift,routing_abrupt_regime_shift:seed96100002:epoch30,30,20,validation,96500002,u_0.80,0.8,858158166.4660769,0.6780693533270853,688.0,0.04698874917273329,442b4f02bba381e49ce141b1f3250753918977d962b947e0d7d0b36030caec62
routing_abrupt_regime_shift,routing_abrupt_regime_shift:seed96100002:epoch30,30,20,validation,96500002,u_0.90,0.9,855313740.0952086,0.6813495782567948,681.0,0.046772068511198944,442b4f02bba381e49ce141b1f3250753918977d962b947e0d7d0b36030caec62
routing_abrupt_regime_shift,routing_abrupt_regime_shift:seed96100002:epoch30,30,20,validation,96500002,u_1.00,1.0,862374653.2147739,0.6804123711340206,681.0,0.04686468646864687,442b4f02bba381e49ce141b1f3250753918977d962b947e0d7d0b36030caec62
routing_abrupt_regime_shift,routing_abrupt_regime_shift:seed96100002:epoch30,30,20,validation,96500003,anchor,-1.0,965211015.708901,0.6124206708975521,808.0,0.05289492494639028,442b4f02bba381e49ce141b1f3250753918977d962b947e0d7d0b36030caec62
routing_abrupt_regime_shift,routing_abrupt_regime_shift:seed96100002:epoch30,30,20,validation,96500003,u_0.00,0.0,966935929.0678401,0.6115140525838622,810.0,0.0536480686695279,442b4f02bba381e49ce141b1f3250753918977d962b947e0d7d0b36030caec62
routing_abrupt_regime_shift,routing_abrupt_regime_shift:seed96100002:epoch30,30,20,validation,96500003,u_0.10,0.1,959181799.9794161,0.6169537624660019,801.0,0.0511727078891258,442b4f02bba381e49ce141b1f3250753918977d962b947e0d7d0b36030caec62
routing_abrupt_regime_shift,routing_abrupt_regime_shift:seed96100002:epoch30,30,20,validation,96500003,u_0.20,0.2,956520675.7298995,0.6196736174070716,795.0,0.051663128096249115,442b4f02bba381e49ce141b1f3250753918977d962b947e0d7d0b36030caec62
routing_abrupt_regime_shift,routing_abrupt_regime_shift:seed96100002:epoch30,30,20,validation,96500003,u_0.30,0.3,951953393.9204506,0.6237533998186764,788.0,0.05333333333333334,442b4f02bba381e49ce141b1f3250753918977d962b947e0d7d0b36030caec62
routing_abrupt_regime_shift,routing_abrupt_regime_shift:seed96100002:epoch30,30,20,validation,96500003,u_0.40,0.4,941917512.9412376,0.6314596554850408,778.0,0.05186721991701245,442b4f02bba381e49ce141b1f3250753918977d962b947e0d7d0b36030caec62
routing_abrupt_regime_shift,routing_abrupt_regime_shift:seed96100002:epoch30,30,20,validation,96500003,u_0.50,0.5,934707408.1594242,0.6359927470534905,767.0,0.05277587388622344,442b4f02bba381e49ce141b1f3250753918977d962b947e0d7d0b36030caec62
routing_abrupt_regime_shift,routing_abrupt_regime_shift:seed96100002:epoch30,30,20,validation,96500003,u_0.60,0.6,928111780.5933716,0.641885766092475,759.0,0.05227427019687712,442b4f02bba381e49ce141b1f3250753918977d962b947e0d7d0b36030caec62
routing_abrupt_regime_shift,routing_abrupt_regime_shift:seed96100002:epoch30,30,20,validation,96500003,u_0.70,0.7,924513141.48539,0.6464188576609248,751.0,0.051712558764271326,442b4f02bba381e49ce141b1f3250753918977d962b947e0d7d0b36030caec62
routing_abrupt_regime_shift,routing_abrupt_regime_shift:seed96100002:epoch30,30,20,validation,96500003,u_0.80,0.8,917992156.1340227,0.6509519492293744,740.0,0.051333333333333335,442b4f02bba381e49ce141b1f3250753918977d962b947e0d7d0b36030caec62
routing_abrupt_regime_shift,routing_abrupt_regime_shift:seed96100002:epoch30,30,20,validation,96500003,u_0.90,0.9,915496417.9406265,0.6541251133272892,733.0,0.051094890510948905,442b4f02bba381e49ce141b1f3250753918977d962b947e0d7d0b36030caec62
routing_abrupt_regime_shift,routing_abrupt_regime_shift:seed96100002:epoch30,30,20,validation,96500003,u_1.00,1.0,917760305.6242524,0.655938349954669,726.0,0.05019815059445178,442b4f02bba381e49ce141b1f3250753918977d962b947e0d7d0b36030caec62
routing_abrupt_regime_shift,routing_abrupt_regime_shift:seed96100002:epoch30,30,20,validation,96500004,anchor,-1.0,874933573.9225421,0.6500484027105518,723.0,0.04250720461095101,442b4f02bba381e49ce141b1f3250753918977d962b947e0d7d0b36030caec62
routing_abrupt_regime_shift,routing_abrupt_regime_shift:seed96100002:epoch30,30,20,validation,96500004,u_0.00,0.0,875555751.2874725,0.6495643756050339,724.0,0.04253785147801009,442b4f02bba381e49ce141b1f3250753918977d962b947e0d7d0b36030caec62
routing_abrupt_regime_shift,routing_abrupt_regime_shift:seed96100002:epoch30,30,20,validation,96500004,u_0.10,0.1,868198706.6827517,0.6548886737657309,715.0,0.04083094555873926,442b4f02bba381e49ce141b1f3250753918977d962b947e0d7d0b36030caec62
routing_abrupt_regime_shift,routing_abrupt_regime_shift:seed96100002:epoch30,30,20,validation,96500004,u_0.20,0.2,864983431.4280839,0.6582768635043562,712.0,0.04267425320056899,442b4f02bba381e49ce141b1f3250753918977d962b947e0d7d0b36030caec62
routing_abrupt_regime_shift,routing_abrupt_regime_shift:seed96100002:epoch30,30,20,validation,96500004,u_0.30,0.3,855657833.7296464,0.665053242981607,701.0,0.0408738548273432,442b4f02bba381e49ce141b1f3250753918977d962b947e0d7d0b36030caec62
routing_abrupt_regime_shift,routing_abrupt_regime_shift:seed96100002:epoch30,30,20,validation,96500004,u_0.40,0.4,849777372.9652541,0.6713455953533398,696.0,0.041811846689895474,442b4f02bba381e49ce141b1f3250753918977d962b947e0d7d0b36030caec62
routing_abrupt_regime_shift,routing_abrupt_regime_shift:seed96100002:epoch30,30,20,validation,96500004,u_0.50,0.5,843785684.333414,0.6771539206195547,685.0,0.04212707182320442,442b4f02bba381e49ce141b1f3250753918977d962b947e0d7d0b36030caec62
routing_abrupt_regime_shift,routing_abrupt_regime_shift:seed96100002:epoch30,30,20,validation,96500004,u_0.60,0.6,837998215.6826117,0.6819941916747337,678.0,0.04246575342465753,442b4f02bba381e49ce141b1f3250753918977d962b947e0d7d0b36030caec62
routing_abrupt_regime_shift,routing_abrupt_regime_shift:seed96100002:epoch30,30,20,validation,96500004,u_0.70,0.7,842413186.5029459,0.6824782187802517,677.0,0.04249485949280329,442b4f02bba381e49ce141b1f3250753918977d962b947e0d7d0b36030caec62
routing_abrupt_regime_shift,routing_abrupt_regime_shift:seed96100002:epoch30,30,20,validation,96500004,u_0.80,0.8,837530629.4133554,0.6873184898354308,669.0,0.04418762746430999,442b4f02bba381e49ce141b1f3250753918977d962b947e0d7d0b36030caec62
routing_abrupt_regime_shift,routing_abrupt_regime_shift:seed96100002:epoch30,30,20,validation,96500004,u_0.90,0.9,834232437.9683067,0.691190706679574,660.0,0.043272481406355645,442b4f02bba381e49ce141b1f3250753918977d962b947e0d7d0b36030caec62
routing_abrupt_regime_shift,routing_abrupt_regime_shift:seed96100002:epoch30,30,20,validation,96500004,u_1.00,1.0,835405914.3277247,0.6931268151016456,657.0,0.04441453566621804,442b4f02bba381e49ce141b1f3250753918977d962b947e0d7d0b36030caec62
routing_abrupt_regime_shift,routing_abrupt_regime_shift:seed96100002:epoch55,55,20,discovery,96400000,anchor,-1.0,46499240.939435884,0.6363636363636364,39.0,0.058823529411764705,442b4f02bba381e49ce141b1f3250753918977d962b947e0d7d0b36030caec62
routing_abrupt_regime_shift,routing_abrupt_regime_shift:seed96100002:epoch55,55,20,discovery,96400000,u_0.00,0.0,46499240.939435884,0.6363636363636364,39.0,0.058823529411764705,442b4f02bba381e49ce141b1f3250753918977d962b947e0d7d0b36030caec62
routing_abrupt_regime_shift,routing_abrupt_regime_shift:seed96100002:epoch55,55,20,discovery,96400000,u_0.10,0.1,46176940.066632584,0.6363636363636364,38.0,0.05194805194805195,442b4f02bba381e49ce141b1f3250753918977d962b947e0d7d0b36030caec62
routing_abrupt_regime_shift,routing_abrupt_regime_shift:seed96100002:epoch55,55,20,discovery,96400000,u_0.20,0.2,45301440.15155383,0.6363636363636364,36.0,0.045454545454545456,442b4f02bba381e49ce141b1f3250753918977d962b947e0d7d0b36030caec62
routing_abrupt_regime_shift,routing_abrupt_regime_shift:seed96100002:epoch55,55,20,discovery,96400000,u_0.30,0.3,44558456.42488542,0.6363636363636364,34.0,0.038834951456310676,442b4f02bba381e49ce141b1f3250753918977d962b947e0d7d0b36030caec62
routing_abrupt_regime_shift,routing_abrupt_regime_shift:seed96100002:epoch55,55,20,discovery,96400000,u_0.40,0.4,43694626.34011218,0.6363636363636364,31.0,0.03418803418803419,442b4f02bba381e49ce141b1f3250753918977d962b947e0d7d0b36030caec62
routing_abrupt_regime_shift,routing_abrupt_regime_shift:seed96100002:epoch55,55,20,discovery,96400000,u_0.50,0.5,44283922.46550197,0.6363636363636364,30.0,0.030303030303030304,442b4f02bba381e49ce141b1f3250753918977d962b947e0d7d0b36030caec62
routing_abrupt_regime_shift,routing_abrupt_regime_shift:seed96100002:epoch55,55,20,discovery,96400000,u_0.60,0.6,44353353.20217849,0.6363636363636364,27.0,0.027972027972027972,442b4f02bba381e49ce141b1f3250753918977d962b947e0d7d0b36030caec62
routing_abrupt_regime_shift,routing_abrupt_regime_shift:seed96100002:epoch55,55,20,discovery,96400000,u_0.70,0.7,44352211.250141755,0.6363636363636364,23.0,0.02631578947368421,442b4f02bba381e49ce141b1f3250753918977d962b947e0d7d0b36030caec62
routing_abrupt_regime_shift,routing_abrupt_regime_shift:seed96100002:epoch55,55,20,discovery,96400000,u_0.80,0.8,46077667.64920807,0.6363636363636364,22.0,0.023952095808383235,442b4f02bba381e49ce141b1f3250753918977d962b947e0d7d0b36030caec62
routing_abrupt_regime_shift,routing_abrupt_regime_shift:seed96100002:epoch55,55,20,discovery,96400000,u_0.90,0.9,48382937.97992849,0.6363636363636364,21.0,0.02247191011235955,442b4f02bba381e49ce141b1f3250753918977d962b947e0d7d0b36030caec62
routing_abrupt_regime_shift,routing_abrupt_regime_shift:seed96100002:epoch55,55,20,discovery,96400000,u_1.00,1.0,50366267.56550197,0.6363636363636364,19.0,0.020833333333333332,442b4f02bba381e49ce141b1f3250753918977d962b947e0d7d0b36030caec62
routing_abrupt_regime_shift,routing_abrupt_regime_shift:seed96100002:epoch55,55,20,discovery,96400001,anchor,-1.0,46499240.939435884,0.6363636363636364,39.0,0.058823529411764705,442b4f02bba381e49ce141b1f3250753918977d962b947e0d7d0b36030caec62
routing_abrupt_regime_shift,routing_abrupt_regime_shift:seed96100002:epoch55,55,20,discovery,96400001,u_0.00,0.0,46499240.939435884,0.6363636363636364,39.0,0.058823529411764705,442b4f02bba381e49ce141b1f3250753918977d962b947e0d7d0b36030caec62
routing_abrupt_regime_shift,routing_abrupt_regime_shift:seed96100002:epoch55,55,20,discovery,96400001,u_0.10,0.1,46176940.066632584,0.6363636363636364,38.0,0.05194805194805195,442b4f02bba381e49ce141b1f3250753918977d962b947e0d7d0b36030caec62
routing_abrupt_regime_shift,routing_abrupt_regime_shift:seed96100002:epoch55,55,20,discovery,96400001,u_0.20,0.2,45301440.15155383,0.6363636363636364,36.0,0.045454545454545456,442b4f02bba381e49ce141b1f3250753918977d962b947e0d7d0b36030caec62
routing_abrupt_regime_shift,routing_abrupt_regime_shift:seed96100002:epoch55,55,20,discovery,96400001,u_0.30,0.3,44558456.42488542,0.6363636363636364,34.0,0.038834951456310676,442b4f02bba381e49ce141b1f3250753918977d962b947e0d7d0b36030caec62
routing_abrupt_regime_shift,routing_abrupt_regime_shift:seed96100002:epoch55,55,20,discovery,96400001,u_0.40,0.4,43694626.34011218,0.6363636363636364,31.0,0.03418803418803419,442b4f02bba381e49ce141b1f3250753918977d962b947e0d7d0b36030caec62
routing_abrupt_regime_shift,routing_abrupt_regime_shift:seed96100002:epoch55,55,20,discovery,96400001,u_0.50,0.5,44283922.46550197,0.6363636363636364,30.0,0.030303030303030304,442b4f02bba381e49ce141b1f3250753918977d962b947e0d7d0b36030caec62
routing_abrupt_regime_shift,routing_abrupt_regime_shift:seed96100002:epoch55,55,20,discovery,96400001,u_0.60,0.6,44353353.20217849,0.6363636363636364,27.0,0.027972027972027972,442b4f02bba381e49ce141b1f3250753918977d962b947e0d7d0b36030caec62
routing_abrupt_regime_shift,routing_abrupt_regime_shift:seed96100002:epoch55,55,20,discovery,96400001,u_0.70,0.7,44352211.250141755,0.6363636363636364,23.0,0.02631578947368421,442b4f02bba381e49ce141b1f3250753918977d962b947e0d7d0b36030caec62
routing_abrupt_regime_shift,routing_abrupt_regime_shift:seed96100002:epoch55,55,20,discovery,96400001,u_0.80,0.8,46077667.64920807,0.6363636363636364,22.0,0.023952095808383235,442b4f02bba381e49ce141b1f3250753918977d962b947e0d7d0b36030caec62
routing_abrupt_regime_shift,routing_abrupt_regime_shift:seed96100002:epoch55,55,20,discovery,96400001,u_0.90,0.9,48382937.97992849,0.6363636363636364,21.0,0.02247191011235955,442b4f02bba381e49ce141b1f3250753918977d962b947e0d7d0b36030caec62
routing_abrupt_regime_shift,routing_abrupt_regime_shift:seed96100002:epoch55,55,20,discovery,96400001,u_1.00,1.0,50366267.56550197,0.6363636363636364,19.0,0.020833333333333332,442b4f02bba381e49ce141b1f3250753918977d962b947e0d7d0b36030caec62
routing_abrupt_regime_shift,routing_abrupt_regime_shift:seed96100002:epoch55,55,20,discovery,96400002,anchor,-1.0,46499240.939435884,0.6363636363636364,39.0,0.058823529411764705,442b4f02bba381e49ce141b1f3250753918977d962b947e0d7d0b36030caec62
routing_abrupt_regime_shift,routing_abrupt_regime_shift:seed96100002:epoch55,55,20,discovery,96400002,u_0.00,0.0,46499240.939435884,0.6363636363636364,39.0,0.058823529411764705,442b4f02bba381e49ce141b1f3250753918977d962b947e0d7d0b36030caec62
routing_abrupt_regime_shift,routing_abrupt_regime_shift:seed96100002:epoch55,55,20,discovery,96400002,u_0.10,0.1,46176940.066632584,0.6363636363636364,38.0,0.05194805194805195,442b4f02bba381e49ce141b1f3250753918977d962b947e0d7d0b36030caec62
routing_abrupt_regime_shift,routing_abrupt_regime_shift:seed96100002:epoch55,55,20,discovery,96400002,u_0.20,0.2,45301440.15155383,0.6363636363636364,36.0,0.045454545454545456,442b4f02bba381e49ce141b1f3250753918977d962b947e0d7d0b36030caec62
routing_abrupt_regime_shift,routing_abrupt_regime_shift:seed96100002:epoch55,55,20,discovery,96400002,u_0.30,0.3,44558456.42488542,0.6363636363636364,34.0,0.038834951456310676,442b4f02bba381e49ce141b1f3250753918977d962b947e0d7d0b36030caec62
routing_abrupt_regime_shift,routing_abrupt_regime_shift:seed96100002:epoch55,55,20,discovery,96400002,u_0.40,0.4,43694626.34011218,0.6363636363636364,31.0,0.03418803418803419,442b4f02bba381e49ce141b1f3250753918977d962b947e0d7d0b36030caec62
routing_abrupt_regime_shift,routing_abrupt_regime_shift:seed96100002:epoch55,55,20,discovery,96400002,u_0.50,0.5,44283922.46550197,0.6363636363636364,30.0,0.030303030303030304,442b4f02bba381e49ce141b1f3250753918977d962b947e0d7d0b36030caec62
routing_abrupt_regime_shift,routing_abrupt_regime_shift:seed96100002:epoch55,55,20,discovery,96400002,u_0.60,0.6,44353353.20217849,0.6363636363636364,27.0,0.027972027972027972,442b4f02bba381e49ce141b1f3250753918977d962b947e0d7d0b36030caec62
routing_abrupt_regime_shift,routing_abrupt_regime_shift:seed96100002:epoch55,55,20,discovery,96400002,u_0.70,0.7,44352211.250141755,0.6363636363636364,23.0,0.02631578947368421,442b4f02bba381e49ce141b1f3250753918977d962b947e0d7d0b36030caec62
routing_abrupt_regime_shift,routing_abrupt_regime_shift:seed96100002:epoch55,55,20,discovery,96400002,u_0.80,0.8,46077667.64920807,0.6363636363636364,22.0,0.023952095808383235,442b4f02bba381e49ce141b1f3250753918977d962b947e0d7d0b36030caec62
routing_abrupt_regime_shift,routing_abrupt_regime_shift:seed96100002:epoch55,55,20,discovery,96400002,u_0.90,0.9,48382937.97992849,0.6363636363636364,21.0,0.02247191011235955,442b4f02bba381e49ce141b1f3250753918977d962b947e0d7d0b36030caec62
routing_abrupt_regime_shift,routing_abrupt_regime_shift:seed96100002:epoch55,55,20,discovery,96400002,u_1.00,1.0,50366267.56550197,0.6363636363636364,19.0,0.020833333333333332,442b4f02bba381e49ce141b1f3250753918977d962b947e0d7d0b36030caec62
routing_abrupt_regime_shift,routing_abrupt_regime_shift:seed96100002:epoch55,55,20,validation,96500000,anchor,-1.0,46499240.939435884,0.6363636363636364,39.0,0.058823529411764705,442b4f02bba381e49ce141b1f3250753918977d962b947e0d7d0b36030caec62
routing_abrupt_regime_shift,routing_abrupt_regime_shift:seed96100002:epoch55,55,20,validation,96500000,u_0.00,0.0,46499240.939435884,0.6363636363636364,39.0,0.058823529411764705,442b4f02bba381e49ce141b1f3250753918977d962b947e0d7d0b36030caec62
routing_abrupt_regime_shift,routing_abrupt_regime_shift:seed96100002:epoch55,55,20,validation,96500000,u_0.10,0.1,46176940.066632584,0.6363636363636364,38.0,0.05194805194805195,442b4f02bba381e49ce141b1f3250753918977d962b947e0d7d0b36030caec62
routing_abrupt_regime_shift,routing_abrupt_regime_shift:seed96100002:epoch55,55,20,validation,96500000,u_0.20,0.2,45301440.15155383,0.6363636363636364,36.0,0.045454545454545456,442b4f02bba381e49ce141b1f3250753918977d962b947e0d7d0b36030caec62
routing_abrupt_regime_shift,routing_abrupt_regime_shift:seed96100002:epoch55,55,20,validation,96500000,u_0.30,0.3,44558456.42488542,0.6363636363636364,34.0,0.038834951456310676,442b4f02bba381e49ce141b1f3250753918977d962b947e0d7d0b36030caec62
routing_abrupt_regime_shift,routing_abrupt_regime_shift:seed96100002:epoch55,55,20,validation,96500000,u_0.40,0.4,43694626.34011218,0.6363636363636364,31.0,0.03418803418803419,442b4f02bba381e49ce141b1f3250753918977d962b947e0d7d0b36030caec62
routing_abrupt_regime_shift,routing_abrupt_regime_shift:seed96100002:epoch55,55,20,validation,96500000,u_0.50,0.5,44283922.46550197,0.6363636363636364,30.0,0.030303030303030304,442b4f02bba381e49ce141b1f3250753918977d962b947e0d7d0b36030caec62
routing_abrupt_regime_shift,routing_abrupt_regime_shift:seed96100002:epoch55,55,20,validation,96500000,u_0.60,0.6,44353353.20217849,0.6363636363636364,27.0,0.027972027972027972,442b4f02bba381e49ce141b1f3250753918977d962b947e0d7d0b36030caec62
routing_abrupt_regime_shift,routing_abrupt_regime_shift:seed96100002:epoch55,55,20,validation,96500000,u_0.70,0.7,44352211.250141755,0.6363636363636364,23.0,0.02631578947368421,442b4f02bba381e49ce141b1f3250753918977d962b947e0d7d0b36030caec62
routing_abrupt_regime_shift,routing_abrupt_regime_shift:seed96100002:epoch55,55,20,validation,96500000,u_0.80,0.8,46077667.64920807,0.6363636363636364,22.0,0.023952095808383235,442b4f02bba381e49ce141b1f3250753918977d962b947e0d7d0b36030caec62
routing_abrupt_regime_shift,routing_abrupt_regime_shift:seed96100002:epoch55,55,20,validation,96500000,u_0.90,0.9,48382937.97992849,0.6363636363636364,21.0,0.02247191011235955,442b4f02bba381e49ce141b1f3250753918977d962b947e0d7d0b36030caec62
routing_abrupt_regime_shift,routing_abrupt_regime_shift:seed96100002:epoch55,55,20,validation,96500000,u_1.00,1.0,50366267.56550197,0.6363636363636364,19.0,0.020833333333333332,442b4f02bba381e49ce141b1f3250753918977d962b947e0d7d0b36030caec62
routing_abrupt_regime_shift,routing_abrupt_regime_shift:seed96100002:epoch55,55,20,validation,96500001,anchor,-1.0,46499240.939435884,0.6363636363636364,39.0,0.058823529411764705,442b4f02bba381e49ce141b1f3250753918977d962b947e0d7d0b36030caec62
routing_abrupt_regime_shift,routing_abrupt_regime_shift:seed96100002:epoch55,55,20,validation,96500001,u_0.00,0.0,46499240.939435884,0.6363636363636364,39.0,0.058823529411764705,442b4f02bba381e49ce141b1f3250753918977d962b947e0d7d0b36030caec62
routing_abrupt_regime_shift,routing_abrupt_regime_shift:seed96100002:epoch55,55,20,validation,96500001,u_0.10,0.1,46176940.066632584,0.6363636363636364,38.0,0.05194805194805195,442b4f02bba381e49ce141b1f3250753918977d962b947e0d7d0b36030caec62
routing_abrupt_regime_shift,routing_abrupt_regime_shift:seed96100002:epoch55,55,20,validation,96500001,u_0.20,0.2,45301440.15155383,0.6363636363636364,36.0,0.045454545454545456,442b4f02bba381e49ce141b1f3250753918977d962b947e0d7d0b36030caec62
routing_abrupt_regime_shift,routing_abrupt_regime_shift:seed96100002:epoch55,55,20,validation,96500001,u_0.30,0.3,44558456.42488542,0.6363636363636364,34.0,0.038834951456310676,442b4f02bba381e49ce141b1f3250753918977d962b947e0d7d0b36030caec62
routing_abrupt_regime_shift,routing_abrupt_regime_shift:seed96100002:epoch55,55,20,validation,96500001,u_0.40,0.4,43694626.34011218,0.6363636363636364,31.0,0.03418803418803419,442b4f02bba381e49ce141b1f3250753918977d962b947e0d7d0b36030caec62
routing_abrupt_regime_shift,routing_abrupt_regime_shift:seed96100002:epoch55,55,20,validation,96500001,u_0.50,0.5,44283922.46550197,0.6363636363636364,30.0,0.030303030303030304,442b4f02bba381e49ce141b1f3250753918977d962b947e0d7d0b36030caec62
routing_abrupt_regime_shift,routing_abrupt_regime_shift:seed96100002:epoch55,55,20,validation,96500001,u_0.60,0.6,44353353.20217849,0.6363636363636364,27.0,0.027972027972027972,442b4f02bba381e49ce141b1f3250753918977d962b947e0d7d0b36030caec62
routing_abrupt_regime_shift,routing_abrupt_regime_shift:seed96100002:epoch55,55,20,validation,96500001,u_0.70,0.7,44352211.250141755,0.6363636363636364,23.0,0.02631578947368421,442b4f02bba381e49ce141b1f3250753918977d962b947e0d7d0b36030caec62
routing_abrupt_regime_shift,routing_abrupt_regime_shift:seed96100002:epoch55,55,20,validation,96500001,u_0.80,0.8,46077667.64920807,0.6363636363636364,22.0,0.023952095808383235,442b4f02bba381e49ce141b1f3250753918977d962b947e0d7d0b36030caec62
routing_abrupt_regime_shift,routing_abrupt_regime_shift:seed96100002:epoch55,55,20,validation,96500001,u_0.90,0.9,48382937.97992849,0.6363636363636364,21.0,0.02247191011235955,442b4f02bba381e49ce141b1f3250753918977d962b947e0d7d0b36030caec62
routing_abrupt_regime_shift,routing_abrupt_regime_shift:seed96100002:epoch55,55,20,validation,96500001,u_1.00,1.0,50366267.56550197,0.6363636363636364,19.0,0.020833333333333332,442b4f02bba381e49ce141b1f3250753918977d962b947e0d7d0b36030caec62
routing_abrupt_regime_shift,routing_abrupt_regime_shift:seed96100002:epoch55,55,20,validation,96500002,anchor,-1.0,46499240.939435884,0.6363636363636364,39.0,0.058823529411764705,442b4f02bba381e49ce141b1f3250753918977d962b947e0d7d0b36030caec62
routing_abrupt_regime_shift,routing_abrupt_regime_shift:seed96100002:epoch55,55,20,validation,96500002,u_0.00,0.0,46499240.939435884,0.6363636363636364,39.0,0.058823529411764705,442b4f02bba381e49ce141b1f3250753918977d962b947e0d7d0b36030caec62
routing_abrupt_regime_shift,routing_abrupt_regime_shift:seed96100002:epoch55,55,20,validation,96500002,u_0.10,0.1,46176940.066632584,0.6363636363636364,38.0,0.05194805194805195,442b4f02bba381e49ce141b1f3250753918977d962b947e0d7d0b36030caec62
routing_abrupt_regime_shift,routing_abrupt_regime_shift:seed96100002:epoch55,55,20,validation,96500002,u_0.20,0.2,45301440.15155383,0.6363636363636364,36.0,0.045454545454545456,442b4f02bba381e49ce141b1f3250753918977d962b947e0d7d0b36030caec62
routing_abrupt_regime_shift,routing_abrupt_regime_shift:seed96100002:epoch55,55,20,validation,96500002,u_0.30,0.3,44558456.42488542,0.6363636363636364,34.0,0.038834951456310676,442b4f02bba381e49ce141b1f3250753918977d962b947e0d7d0b36030caec62
routing_abrupt_regime_shift,routing_abrupt_regime_shift:seed96100002:epoch55,55,20,validation,96500002,u_0.40,0.4,43694626.34011218,0.6363636363636364,31.0,0.03418803418803419,442b4f02bba381e49ce141b1f3250753918977d962b947e0d7d0b36030caec62
routing_abrupt_regime_shift,routing_abrupt_regime_shift:seed96100002:epoch55,55,20,validation,96500002,u_0.50,0.5,44283922.46550197,0.6363636363636364,30.0,0.030303030303030304,442b4f02bba381e49ce141b1f3250753918977d962b947e0d7d0b36030caec62
routing_abrupt_regime_shift,routing_abrupt_regime_shift:seed96100002:epoch55,55,20,validation,96500002,u_0.60,0.6,44353353.20217849,0.6363636363636364,27.0,0.027972027972027972,442b4f02bba381e49ce141b1f3250753918977d962b947e0d7d0b36030caec62
routing_abrupt_regime_shift,routing_abrupt_regime_shift:seed96100002:epoch55,55,20,validation,96500002,u_0.70,0.7,44352211.250141755,0.6363636363636364,23.0,0.02631578947368421,442b4f02bba381e49ce141b1f3250753918977d962b947e0d7d0b36030caec62
routing_abrupt_regime_shift,routing_abrupt_regime_shift:seed96100002:epoch55,55,20,validation,96500002,u_0.80,0.8,46077667.64920807,0.6363636363636364,22.0,0.023952095808383235,442b4f02bba381e49ce141b1f3250753918977d962b947e0d7d0b36030caec62
routing_abrupt_regime_shift,routing_abrupt_regime_shift:seed96100002:epoch55,55,20,validation,96500002,u_0.90,0.9,48382937.97992849,0.6363636363636364,21.0,0.02247191011235955,442b4f02bba381e49ce141b1f3250753918977d962b947e0d7d0b36030caec62
routing_abrupt_regime_shift,routing_abrupt_regime_shift:seed96100002:epoch55,55,20,validation,96500002,u_1.00,1.0,50366267.56550197,0.6363636363636364,19.0,0.020833333333333332,442b4f02bba381e49ce141b1f3250753918977d962b947e0d7d0b36030caec62
routing_abrupt_regime_shift,routing_abrupt_regime_shift:seed96100002:epoch55,55,20,validation,96500003,anchor,-1.0,46499240.939435884,0.6363636363636364,39.0,0.058823529411764705,442b4f02bba381e49ce141b1f3250753918977d962b947e0d7d0b36030caec62
routing_abrupt_regime_shift,routing_abrupt_regime_shift:seed96100002:epoch55,55,20,validation,96500003,u_0.00,0.0,46499240.939435884,0.6363636363636364,39.0,0.058823529411764705,442b4f02bba381e49ce141b1f3250753918977d962b947e0d7d0b36030caec62
routing_abrupt_regime_shift,routing_abrupt_regime_shift:seed96100002:epoch55,55,20,validation,96500003,u_0.10,0.1,46176940.066632584,0.6363636363636364,38.0,0.05194805194805195,442b4f02bba381e49ce141b1f3250753918977d962b947e0d7d0b36030caec62
routing_abrupt_regime_shift,routing_abrupt_regime_shift:seed96100002:epoch55,55,20,validation,96500003,u_0.20,0.2,45301440.15155383,0.6363636363636364,36.0,0.045454545454545456,442b4f02bba381e49ce141b1f3250753918977d962b947e0d7d0b36030caec62
routing_abrupt_regime_shift,routing_abrupt_regime_shift:seed96100002:epoch55,55,20,validation,96500003,u_0.30,0.3,44558456.42488542,0.6363636363636364,34.0,0.038834951456310676,442b4f02bba381e49ce141b1f3250753918977d962b947e0d7d0b36030caec62
routing_abrupt_regime_shift,routing_abrupt_regime_shift:seed96100002:epoch55,55,20,validation,96500003,u_0.40,0.4,43694626.34011218,0.6363636363636364,31.0,0.03418803418803419,442b4f02bba381e49ce141b1f3250753918977d962b947e0d7d0b36030caec62
routing_abrupt_regime_shift,routing_abrupt_regime_shift:seed96100002:epoch55,55,20,validation,96500003,u_0.50,0.5,44283922.46550197,0.6363636363636364,30.0,0.030303030303030304,442b4f02bba381e49ce141b1f3250753918977d962b947e0d7d0b36030caec62
routing_abrupt_regime_shift,routing_abrupt_regime_shift:seed96100002:epoch55,55,20,validation,96500003,u_0.60,0.6,44353353.20217849,0.6363636363636364,27.0,0.027972027972027972,442b4f02bba381e49ce141b1f3250753918977d962b947e0d7d0b36030caec62
routing_abrupt_regime_shift,routing_abrupt_regime_shift:seed96100002:epoch55,55,20,validation,96500003,u_0.70,0.7,44352211.250141755,0.6363636363636364,23.0,0.02631578947368421,442b4f02bba381e49ce141b1f3250753918977d962b947e0d7d0b36030caec62
routing_abrupt_regime_shift,routing_abrupt_regime_shift:seed96100002:epoch55,55,20,validation,96500003,u_0.80,0.8,46077667.64920807,0.6363636363636364,22.0,0.023952095808383235,442b4f02bba381e49ce141b1f3250753918977d962b947e0d7d0b36030caec62
routing_abrupt_regime_shift,routing_abrupt_regime_shift:seed96100002:epoch55,55,20,validation,96500003,u_0.90,0.9,48382937.97992849,0.6363636363636364,21.0,0.02247191011235955,442b4f02bba381e49ce141b1f3250753918977d962b947e0d7d0b36030caec62
routing_abrupt_regime_shift,routing_abrupt_regime_shift:seed96100002:epoch55,55,20,validation,96500003,u_1.00,1.0,50366267.56550197,0.6363636363636364,19.0,0.020833333333333332,442b4f02bba381e49ce141b1f3250753918977d962b947e0d7d0b36030caec62
routing_abrupt_regime_shift,routing_abrupt_regime_shift:seed96100002:epoch55,55,20,validation,96500004,anchor,-1.0,46499240.939435884,0.6363636363636364,39.0,0.058823529411764705,442b4f02bba381e49ce141b1f3250753918977d962b947e0d7d0b36030caec62
routing_abrupt_regime_shift,routing_abrupt_regime_shift:seed96100002:epoch55,55,20,validation,96500004,u_0.00,0.0,46499240.939435884,0.6363636363636364,39.0,0.058823529411764705,442b4f02bba381e49ce141b1f3250753918977d962b947e0d7d0b36030caec62
routing_abrupt_regime_shift,routing_abrupt_regime_shift:seed96100002:epoch55,55,20,validation,96500004,u_0.10,0.1,46176940.066632584,0.6363636363636364,38.0,0.05194805194805195,442b4f02bba381e49ce141b1f3250753918977d962b947e0d7d0b36030caec62
routing_abrupt_regime_shift,routing_abrupt_regime_shift:seed96100002:epoch55,55,20,validation,96500004,u_0.20,0.2,45301440.15155383,0.6363636363636364,36.0,0.045454545454545456,442b4f02bba381e49ce141b1f3250753918977d962b947e0d7d0b36030caec62
routing_abrupt_regime_shift,routing_abrupt_regime_shift:seed96100002:epoch55,55,20,validation,96500004,u_0.30,0.3,44558456.42488542,0.6363636363636364,34.0,0.038834951456310676,442b4f02bba381e49ce141b1f3250753918977d962b947e0d7d0b36030caec62
routing_abrupt_regime_shift,routing_abrupt_regime_shift:seed96100002:epoch55,55,20,validation,96500004,u_0.40,0.4,43694626.34011218,0.6363636363636364,31.0,0.03418803418803419,442b4f02bba381e49ce141b1f3250753918977d962b947e0d7d0b36030caec62
routing_abrupt_regime_shift,routing_abrupt_regime_shift:seed96100002:epoch55,55,20,validation,96500004,u_0.50,0.5,44283922.46550197,0.6363636363636364,30.0,0.030303030303030304,442b4f02bba381e49ce141b1f3250753918977d962b947e0d7d0b36030caec62
routing_abrupt_regime_shift,routing_abrupt_regime_shift:seed96100002:epoch55,55,20,validation,96500004,u_0.60,0.6,44353353.20217849,0.6363636363636364,27.0,0.027972027972027972,442b4f02bba381e49ce141b1f3250753918977d962b947e0d7d0b36030caec62
routing_abrupt_regime_shift,routing_abrupt_regime_shift:seed96100002:epoch55,55,20,validation,96500004,u_0.70,0.7,44352211.250141755,0.6363636363636364,23.0,0.02631578947368421,442b4f02bba381e49ce141b1f3250753918977d962b947e0d7d0b36030caec62
routing_abrupt_regime_shift,routing_abrupt_regime_shift:seed96100002:epoch55,55,20,validation,96500004,u_0.80,0.8,46077667.64920807,0.6363636363636364,22.0,0.023952095808383235,442b4f02bba381e49ce141b1f3250753918977d962b947e0d7d0b36030caec62
routing_abrupt_regime_shift,routing_abrupt_regime_shift:seed96100002:epoch55,55,20,validation,96500004,u_0.90,0.9,48382937.97992849,0.6363636363636364,21.0,0.02247191011235955,442b4f02bba381e49ce141b1f3250753918977d962b947e0d7d0b36030caec62
routing_abrupt_regime_shift,routing_abrupt_regime_shift:seed96100002:epoch55,55,20,validation,96500004,u_1.00,1.0,50366267.56550197,0.6363636363636364,19.0,0.020833333333333332,442b4f02bba381e49ce141b1f3250753918977d962b947e0d7d0b36030caec62
routing_abrupt_regime_shift,routing_abrupt_regime_shift:seed96100002:epoch80,80,20,discovery,96400000,anchor,-1.0,49609216.84421343,0.5670103092783505,39.0,0.05970149253731343,442b4f02bba381e49ce141b1f3250753918977d962b947e0d7d0b36030caec62
routing_abrupt_regime_shift,routing_abrupt_regime_shift:seed96100002:epoch80,80,20,discovery,96400000,u_0.00,0.0,49609216.84421343,0.5670103092783505,39.0,0.05970149253731343,442b4f02bba381e49ce141b1f3250753918977d962b947e0d7d0b36030caec62
routing_abrupt_regime_shift,routing_abrupt_regime_shift:seed96100002:epoch80,80,20,discovery,96400000,u_0.10,0.1,49786755.87141014,0.5670103092783505,39.0,0.05263157894736842,442b4f02bba381e49ce141b1f3250753918977d962b947e0d7d0b36030caec62
routing_abrupt_regime_shift,routing_abrupt_regime_shift:seed96100002:epoch80,80,20,discovery,96400000,u_0.20,0.2,48911255.95633139,0.5670103092783505,37.0,0.04597701149425287,442b4f02bba381e49ce141b1f3250753918977d962b947e0d7d0b36030caec62
routing_abrupt_regime_shift,routing_abrupt_regime_shift:seed96100002:epoch80,80,20,discovery,96400000,u_0.30,0.3,47618432.32966298,0.5670103092783505,34.0,0.0392156862745098,442b4f02bba381e49ce141b1f3250753918977d962b947e0d7d0b36030caec62
routing_abrupt_regime_shift,routing_abrupt_regime_shift:seed96100002:epoch80,80,20,discovery,96400000,u_0.40,0.4,47879282.04488973,0.5670103092783505,33.0,0.034482758620689655,442b4f02bba381e49ce141b1f3250753918977d962b947e0d7d0b36030caec62
routing_abrupt_regime_shift,routing_abrupt_regime_shift:seed96100002:epoch80,80,20,discovery,96400000,u_0.50,0.5,48418578.17027952,0.5670103092783505,32.0,0.030534351145038167,442b4f02bba381e49ce141b1f3250753918977d962b947e0d7d0b36030caec62
routing_abrupt_regime_shift,routing_abrupt_regime_shift:seed96100002:epoch80,80,20,discovery,96400000,u_0.60,0.6,49037848.80695605,0.5670103092783505,30.0,0.028169014084507043,442b4f02bba381e49ce141b1f3250753918977d962b947e0d7d0b36030caec62
routing_abrupt_regime_shift,routing_abrupt_regime_shift:seed96100002:epoch80,80,20,discovery,96400000,u_0.70,0.7,50136386.65491931,0.5670103092783505,28.0,0.026490066225165563,442b4f02bba381e49ce141b1f3250753918977d962b947e0d7d0b36030caec62
routing_abrupt_regime_shift,routing_abrupt_regime_shift:seed96100002:epoch80,80,20,discovery,96400000,u_0.80,0.8,51861843.05398562,0.5670103092783505,27.0,0.024096385542168676,442b4f02bba381e49ce141b1f3250753918977d962b947e0d7d0b36030caec62
routing_abrupt_regime_shift,routing_abrupt_regime_shift:seed96100002:epoch80,80,20,discovery,96400000,u_0.90,0.9,54716953.28470604,0.5670103092783505,27.0,0.022598870056497175,442b4f02bba381e49ce141b1f3250753918977d962b947e0d7d0b36030caec62
routing_abrupt_regime_shift,routing_abrupt_regime_shift:seed96100002:epoch80,80,20,discovery,96400000,u_1.00,1.0,55662221.070279524,0.5670103092783505,23.0,0.020942408376963352,442b4f02bba381e49ce141b1f3250753918977d962b947e0d7d0b36030caec62
routing_abrupt_regime_shift,routing_abrupt_regime_shift:seed96100002:epoch80,80,20,discovery,96400001,anchor,-1.0,49609216.84421343,0.5670103092783505,39.0,0.05970149253731343,442b4f02bba381e49ce141b1f3250753918977d962b947e0d7d0b36030caec62
routing_abrupt_regime_shift,routing_abrupt_regime_shift:seed96100002:epoch80,80,20,discovery,96400001,u_0.00,0.0,49609216.84421343,0.5670103092783505,39.0,0.05970149253731343,442b4f02bba381e49ce141b1f3250753918977d962b947e0d7d0b36030caec62
routing_abrupt_regime_shift,routing_abrupt_regime_shift:seed96100002:epoch80,80,20,discovery,96400001,u_0.10,0.1,49786755.87141014,0.5670103092783505,39.0,0.05263157894736842,442b4f02bba381e49ce141b1f3250753918977d962b947e0d7d0b36030caec62
routing_abrupt_regime_shift,routing_abrupt_regime_shift:seed96100002:epoch80,80,20,discovery,96400001,u_0.20,0.2,48911255.95633139,0.5670103092783505,37.0,0.04597701149425287,442b4f02bba381e49ce141b1f3250753918977d962b947e0d7d0b36030caec62
routing_abrupt_regime_shift,routing_abrupt_regime_shift:seed96100002:epoch80,80,20,discovery,96400001,u_0.30,0.3,47618432.32966298,0.5670103092783505,34.0,0.0392156862745098,442b4f02bba381e49ce141b1f3250753918977d962b947e0d7d0b36030caec62
routing_abrupt_regime_shift,routing_abrupt_regime_shift:seed96100002:epoch80,80,20,discovery,96400001,u_0.40,0.4,47879282.04488973,0.5670103092783505,33.0,0.034482758620689655,442b4f02bba381e49ce141b1f3250753918977d962b947e0d7d0b36030caec62
routing_abrupt_regime_shift,routing_abrupt_regime_shift:seed96100002:epoch80,80,20,discovery,96400001,u_0.50,0.5,48418578.17027952,0.5670103092783505,32.0,0.030534351145038167,442b4f02bba381e49ce141b1f3250753918977d962b947e0d7d0b36030caec62
routing_abrupt_regime_shift,routing_abrupt_regime_shift:seed96100002:epoch80,80,20,discovery,96400001,u_0.60,0.6,49037848.80695605,0.5670103092783505,30.0,0.028169014084507043,442b4f02bba381e49ce141b1f3250753918977d962b947e0d7d0b36030caec62
routing_abrupt_regime_shift,routing_abrupt_regime_shift:seed96100002:epoch80,80,20,discovery,96400001,u_0.70,0.7,50136386.65491931,0.5670103092783505,28.0,0.026490066225165563,442b4f02bba381e49ce141b1f3250753918977d962b947e0d7d0b36030caec62
routing_abrupt_regime_shift,routing_abrupt_regime_shift:seed96100002:epoch80,80,20,discovery,96400001,u_0.80,0.8,51861843.05398562,0.5670103092783505,27.0,0.024096385542168676,442b4f02bba381e49ce141b1f3250753918977d962b947e0d7d0b36030caec62
routing_abrupt_regime_shift,routing_abrupt_regime_shift:seed96100002:epoch80,80,20,discovery,96400001,u_0.90,0.9,54716953.28470604,0.5670103092783505,27.0,0.022598870056497175,442b4f02bba381e49ce141b1f3250753918977d962b947e0d7d0b36030caec62
routing_abrupt_regime_shift,routing_abrupt_regime_shift:seed96100002:epoch80,80,20,discovery,96400001,u_1.00,1.0,55662221.070279524,0.5670103092783505,23.0,0.020942408376963352,442b4f02bba381e49ce141b1f3250753918977d962b947e0d7d0b36030caec62
routing_abrupt_regime_shift,routing_abrupt_regime_shift:seed96100002:epoch80,80,20,discovery,96400002,anchor,-1.0,49609216.84421343,0.5670103092783505,39.0,0.05970149253731343,442b4f02bba381e49ce141b1f3250753918977d962b947e0d7d0b36030caec62
routing_abrupt_regime_shift,routing_abrupt_regime_shift:seed96100002:epoch80,80,20,discovery,96400002,u_0.00,0.0,49609216.84421343,0.5670103092783505,39.0,0.05970149253731343,442b4f02bba381e49ce141b1f3250753918977d962b947e0d7d0b36030caec62
routing_abrupt_regime_shift,routing_abrupt_regime_shift:seed96100002:epoch80,80,20,discovery,96400002,u_0.10,0.1,49786755.87141014,0.5670103092783505,39.0,0.05263157894736842,442b4f02bba381e49ce141b1f3250753918977d962b947e0d7d0b36030caec62
routing_abrupt_regime_shift,routing_abrupt_regime_shift:seed96100002:epoch80,80,20,discovery,96400002,u_0.20,0.2,48911255.95633139,0.5670103092783505,37.0,0.04597701149425287,442b4f02bba381e49ce141b1f3250753918977d962b947e0d7d0b36030caec62
routing_abrupt_regime_shift,routing_abrupt_regime_shift:seed96100002:epoch80,80,20,discovery,96400002,u_0.30,0.3,47618432.32966298,0.5670103092783505,34.0,0.0392156862745098,442b4f02bba381e49ce141b1f3250753918977d962b947e0d7d0b36030caec62
routing_abrupt_regime_shift,routing_abrupt_regime_shift:seed96100002:epoch80,80,20,discovery,96400002,u_0.40,0.4,47879282.04488973,0.5670103092783505,33.0,0.034482758620689655,442b4f02bba381e49ce141b1f3250753918977d962b947e0d7d0b36030caec62
routing_abrupt_regime_shift,routing_abrupt_regime_shift:seed96100002:epoch80,80,20,discovery,96400002,u_0.50,0.5,48418578.17027952,0.5670103092783505,32.0,0.030534351145038167,442b4f02bba381e49ce141b1f3250753918977d962b947e0d7d0b36030caec62
routing_abrupt_regime_shift,routing_abrupt_regime_shift:seed96100002:epoch80,80,20,discovery,96400002,u_0.60,0.6,49037848.80695605,0.5670103092783505,30.0,0.028169014084507043,442b4f02bba381e49ce141b1f3250753918977d962b947e0d7d0b36030caec62
routing_abrupt_regime_shift,routing_abrupt_regime_shift:seed96100002:epoch80,80,20,discovery,96400002,u_0.70,0.7,50136386.65491931,0.5670103092783505,28.0,0.026490066225165563,442b4f02bba381e49ce141b1f3250753918977d962b947e0d7d0b36030caec62
routing_abrupt_regime_shift,routing_abrupt_regime_shift:seed96100002:epoch80,80,20,discovery,96400002,u_0.80,0.8,51861843.05398562,0.5670103092783505,27.0,0.024096385542168676,442b4f02bba381e49ce141b1f3250753918977d962b947e0d7d0b36030caec62
routing_abrupt_regime_shift,routing_abrupt_regime_shift:seed96100002:epoch80,80,20,discovery,96400002,u_0.90,0.9,54716953.28470604,0.5670103092783505,27.0,0.022598870056497175,442b4f02bba381e49ce141b1f3250753918977d962b947e0d7d0b36030caec62
routing_abrupt_regime_shift,routing_abrupt_regime_shift:seed96100002:epoch80,80,20,discovery,96400002,u_1.00,1.0,55662221.070279524,0.5670103092783505,23.0,0.020942408376963352,442b4f02bba381e49ce141b1f3250753918977d962b947e0d7d0b36030caec62
routing_abrupt_regime_shift,routing_abrupt_regime_shift:seed96100002:epoch80,80,20,validation,96500000,anchor,-1.0,49609216.84421343,0.5670103092783505,39.0,0.05970149253731343,442b4f02bba381e49ce141b1f3250753918977d962b947e0d7d0b36030caec62
routing_abrupt_regime_shift,routing_abrupt_regime_shift:seed96100002:epoch80,80,20,validation,96500000,u_0.00,0.0,49609216.84421343,0.5670103092783505,39.0,0.05970149253731343,442b4f02bba381e49ce141b1f3250753918977d962b947e0d7d0b36030caec62
routing_abrupt_regime_shift,routing_abrupt_regime_shift:seed96100002:epoch80,80,20,validation,96500000,u_0.10,0.1,49786755.87141014,0.5670103092783505,39.0,0.05263157894736842,442b4f02bba381e49ce141b1f3250753918977d962b947e0d7d0b36030caec62
routing_abrupt_regime_shift,routing_abrupt_regime_shift:seed96100002:epoch80,80,20,validation,96500000,u_0.20,0.2,48911255.95633139,0.5670103092783505,37.0,0.04597701149425287,442b4f02bba381e49ce141b1f3250753918977d962b947e0d7d0b36030caec62
routing_abrupt_regime_shift,routing_abrupt_regime_shift:seed96100002:epoch80,80,20,validation,96500000,u_0.30,0.3,47618432.32966298,0.5670103092783505,34.0,0.0392156862745098,442b4f02bba381e49ce141b1f3250753918977d962b947e0d7d0b36030caec62
routing_abrupt_regime_shift,routing_abrupt_regime_shift:seed96100002:epoch80,80,20,validation,96500000,u_0.40,0.4,47879282.04488973,0.5670103092783505,33.0,0.034482758620689655,442b4f02bba381e49ce141b1f3250753918977d962b947e0d7d0b36030caec62
routing_abrupt_regime_shift,routing_abrupt_regime_shift:seed96100002:epoch80,80,20,validation,96500000,u_0.50,0.5,48418578.17027952,0.5670103092783505,32.0,0.030534351145038167,442b4f02bba381e49ce141b1f3250753918977d962b947e0d7d0b36030caec62
routing_abrupt_regime_shift,routing_abrupt_regime_shift:seed96100002:epoch80,80,20,validation,96500000,u_0.60,0.6,49037848.80695605,0.5670103092783505,30.0,0.028169014084507043,442b4f02bba381e49ce141b1f3250753918977d962b947e0d7d0b36030caec62
routing_abrupt_regime_shift,routing_abrupt_regime_shift:seed96100002:epoch80,80,20,validation,96500000,u_0.70,0.7,50136386.65491931,0.5670103092783505,28.0,0.026490066225165563,442b4f02bba381e49ce141b1f3250753918977d962b947e0d7d0b36030caec62
routing_abrupt_regime_shift,routing_abrupt_regime_shift:seed96100002:epoch80,80,20,validation,96500000,u_0.80,0.8,51861843.05398562,0.5670103092783505,27.0,0.024096385542168676,442b4f02bba381e49ce141b1f3250753918977d962b947e0d7d0b36030caec62
routing_abrupt_regime_shift,routing_abrupt_regime_shift:seed96100002:epoch80,80,20,validation,96500000,u_0.90,0.9,54716953.28470604,0.5670103092783505,27.0,0.022598870056497175,442b4f02bba381e49ce141b1f3250753918977d962b947e0d7d0b36030caec62
routing_abrupt_regime_shift,routing_abrupt_regime_shift:seed96100002:epoch80,80,20,validation,96500000,u_1.00,1.0,55662221.070279524,0.5670103092783505,23.0,0.020942408376963352,442b4f02bba381e49ce141b1f3250753918977d962b947e0d7d0b36030caec62
routing_abrupt_regime_shift,routing_abrupt_regime_shift:seed96100002:epoch80,80,20,validation,96500001,anchor,-1.0,49609216.84421343,0.5670103092783505,39.0,0.05970149253731343,442b4f02bba381e49ce141b1f3250753918977d962b947e0d7d0b36030caec62
routing_abrupt_regime_shift,routing_abrupt_regime_shift:seed96100002:epoch80,80,20,validation,96500001,u_0.00,0.0,49609216.84421343,0.5670103092783505,39.0,0.05970149253731343,442b4f02bba381e49ce141b1f3250753918977d962b947e0d7d0b36030caec62
routing_abrupt_regime_shift,routing_abrupt_regime_shift:seed96100002:epoch80,80,20,validation,96500001,u_0.10,0.1,49786755.87141014,0.5670103092783505,39.0,0.05263157894736842,442b4f02bba381e49ce141b1f3250753918977d962b947e0d7d0b36030caec62
routing_abrupt_regime_shift,routing_abrupt_regime_shift:seed96100002:epoch80,80,20,validation,96500001,u_0.20,0.2,48911255.95633139,0.5670103092783505,37.0,0.04597701149425287,442b4f02bba381e49ce141b1f3250753918977d962b947e0d7d0b36030caec62
routing_abrupt_regime_shift,routing_abrupt_regime_shift:seed96100002:epoch80,80,20,validation,96500001,u_0.30,0.3,47618432.32966298,0.5670103092783505,34.0,0.0392156862745098,442b4f02bba381e49ce141b1f3250753918977d962b947e0d7d0b36030caec62
routing_abrupt_regime_shift,routing_abrupt_regime_shift:seed96100002:epoch80,80,20,validation,96500001,u_0.40,0.4,47879282.04488973,0.5670103092783505,33.0,0.034482758620689655,442b4f02bba381e49ce141b1f3250753918977d962b947e0d7d0b36030caec62
routing_abrupt_regime_shift,routing_abrupt_regime_shift:seed96100002:epoch80,80,20,validation,96500001,u_0.50,0.5,48418578.17027952,0.5670103092783505,32.0,0.030534351145038167,442b4f02bba381e49ce141b1f3250753918977d962b947e0d7d0b36030caec62
routing_abrupt_regime_shift,routing_abrupt_regime_shift:seed96100002:epoch80,80,20,validation,96500001,u_0.60,0.6,49037848.80695605,0.5670103092783505,30.0,0.028169014084507043,442b4f02bba381e49ce141b1f3250753918977d962b947e0d7d0b36030caec62
routing_abrupt_regime_shift,routing_abrupt_regime_shift:seed96100002:epoch80,80,20,validation,96500001,u_0.70,0.7,50136386.65491931,0.5670103092783505,28.0,0.026490066225165563,442b4f02bba381e49ce141b1f3250753918977d962b947e0d7d0b36030caec62
routing_abrupt_regime_shift,routing_abrupt_regime_shift:seed96100002:epoch80,80,20,validation,96500001,u_0.80,0.8,51861843.05398562,0.5670103092783505,27.0,0.024096385542168676,442b4f02bba381e49ce141b1f3250753918977d962b947e0d7d0b36030caec62
routing_abrupt_regime_shift,routing_abrupt_regime_shift:seed96100002:epoch80,80,20,validation,96500001,u_0.90,0.9,54716953.28470604,0.5670103092783505,27.0,0.022598870056497175,442b4f02bba381e49ce141b1f3250753918977d962b947e0d7d0b36030caec62
routing_abrupt_regime_shift,routing_abrupt_regime_shift:seed96100002:epoch80,80,20,validation,96500001,u_1.00,1.0,55662221.070279524,0.5670103092783505,23.0,0.020942408376963352,442b4f02bba381e49ce141b1f3250753918977d962b947e0d7d0b36030caec62
routing_abrupt_regime_shift,routing_abrupt_regime_shift:seed96100002:epoch80,80,20,validation,96500002,anchor,-1.0,49609216.84421343,0.5670103092783505,39.0,0.05970149253731343,442b4f02bba381e49ce141b1f3250753918977d962b947e0d7d0b36030caec62
routing_abrupt_regime_shift,routing_abrupt_regime_shift:seed96100002:epoch80,80,20,validation,96500002,u_0.00,0.0,49609216.84421343,0.5670103092783505,39.0,0.05970149253731343,442b4f02bba381e49ce141b1f3250753918977d962b947e0d7d0b36030caec62
routing_abrupt_regime_shift,routing_abrupt_regime_shift:seed96100002:epoch80,80,20,validation,96500002,u_0.10,0.1,49786755.87141014,0.5670103092783505,39.0,0.05263157894736842,442b4f02bba381e49ce141b1f3250753918977d962b947e0d7d0b36030caec62
routing_abrupt_regime_shift,routing_abrupt_regime_shift:seed96100002:epoch80,80,20,validation,96500002,u_0.20,0.2,48911255.95633139,0.5670103092783505,37.0,0.04597701149425287,442b4f02bba381e49ce141b1f3250753918977d962b947e0d7d0b36030caec62
routing_abrupt_regime_shift,routing_abrupt_regime_shift:seed96100002:epoch80,80,20,validation,96500002,u_0.30,0.3,47618432.32966298,0.5670103092783505,34.0,0.0392156862745098,442b4f02bba381e49ce141b1f3250753918977d962b947e0d7d0b36030caec62
routing_abrupt_regime_shift,routing_abrupt_regime_shift:seed96100002:epoch80,80,20,validation,96500002,u_0.40,0.4,47879282.04488973,0.5670103092783505,33.0,0.034482758620689655,442b4f02bba381e49ce141b1f3250753918977d962b947e0d7d0b36030caec62
routing_abrupt_regime_shift,routing_abrupt_regime_shift:seed96100002:epoch80,80,20,validation,96500002,u_0.50,0.5,48418578.17027952,0.5670103092783505,32.0,0.030534351145038167,442b4f02bba381e49ce141b1f3250753918977d962b947e0d7d0b36030caec62
routing_abrupt_regime_shift,routing_abrupt_regime_shift:seed96100002:epoch80,80,20,validation,96500002,u_0.60,0.6,49037848.80695605,0.5670103092783505,30.0,0.028169014084507043,442b4f02bba381e49ce141b1f3250753918977d962b947e0d7d0b36030caec62
routing_abrupt_regime_shift,routing_abrupt_regime_shift:seed96100002:epoch80,80,20,validation,96500002,u_0.70,0.7,50136386.65491931,0.5670103092783505,28.0,0.026490066225165563,442b4f02bba381e49ce141b1f3250753918977d962b947e0d7d0b36030caec62
routing_abrupt_regime_shift,routing_abrupt_regime_shift:seed96100002:epoch80,80,20,validation,96500002,u_0.80,0.8,51861843.05398562,0.5670103092783505,27.0,0.024096385542168676,442b4f02bba381e49ce141b1f3250753918977d962b947e0d7d0b36030caec62
routing_abrupt_regime_shift,routing_abrupt_regime_shift:seed96100002:epoch80,80,20,validation,96500002,u_0.90,0.9,54716953.28470604,0.5670103092783505,27.0,0.022598870056497175,442b4f02bba381e49ce141b1f3250753918977d962b947e0d7d0b36030caec62
routing_abrupt_regime_shift,routing_abrupt_regime_shift:seed96100002:epoch80,80,20,validation,96500002,u_1.00,1.0,55662221.070279524,0.5670103092783505,23.0,0.020942408376963352,442b4f02bba381e49ce141b1f3250753918977d962b947e0d7d0b36030caec62
routing_abrupt_regime_shift,routing_abrupt_regime_shift:seed96100002:epoch80,80,20,validation,96500003,anchor,-1.0,49609216.84421343,0.5670103092783505,39.0,0.05970149253731343,442b4f02bba381e49ce141b1f3250753918977d962b947e0d7d0b36030caec62
routing_abrupt_regime_shift,routing_abrupt_regime_shift:seed96100002:epoch80,80,20,validation,96500003,u_0.00,0.0,49609216.84421343,0.5670103092783505,39.0,0.05970149253731343,442b4f02bba381e49ce141b1f3250753918977d962b947e0d7d0b36030caec62
routing_abrupt_regime_shift,routing_abrupt_regime_shift:seed96100002:epoch80,80,20,validation,96500003,u_0.10,0.1,49786755.87141014,0.5670103092783505,39.0,0.05263157894736842,442b4f02bba381e49ce141b1f3250753918977d962b947e0d7d0b36030caec62
routing_abrupt_regime_shift,routing_abrupt_regime_shift:seed96100002:epoch80,80,20,validation,96500003,u_0.20,0.2,48911255.95633139,0.5670103092783505,37.0,0.04597701149425287,442b4f02bba381e49ce141b1f3250753918977d962b947e0d7d0b36030caec62
routing_abrupt_regime_shift,routing_abrupt_regime_shift:seed96100002:epoch80,80,20,validation,96500003,u_0.30,0.3,47618432.32966298,0.5670103092783505,34.0,0.0392156862745098,442b4f02bba381e49ce141b1f3250753918977d962b947e0d7d0b36030caec62
routing_abrupt_regime_shift,routing_abrupt_regime_shift:seed96100002:epoch80,80,20,validation,96500003,u_0.40,0.4,47879282.04488973,0.5670103092783505,33.0,0.034482758620689655,442b4f02bba381e49ce141b1f3250753918977d962b947e0d7d0b36030caec62
routing_abrupt_regime_shift,routing_abrupt_regime_shift:seed96100002:epoch80,80,20,validation,96500003,u_0.50,0.5,48418578.17027952,0.5670103092783505,32.0,0.030534351145038167,442b4f02bba381e49ce141b1f3250753918977d962b947e0d7d0b36030caec62
routing_abrupt_regime_shift,routing_abrupt_regime_shift:seed96100002:epoch80,80,20,validation,96500003,u_0.60,0.6,49037848.80695605,0.5670103092783505,30.0,0.028169014084507043,442b4f02bba381e49ce141b1f3250753918977d962b947e0d7d0b36030caec62
routing_abrupt_regime_shift,routing_abrupt_regime_shift:seed96100002:epoch80,80,20,validation,96500003,u_0.70,0.7,50136386.65491931,0.5670103092783505,28.0,0.026490066225165563,442b4f02bba381e49ce141b1f3250753918977d962b947e0d7d0b36030caec62
routing_abrupt_regime_shift,routing_abrupt_regime_shift:seed96100002:epoch80,80,20,validation,96500003,u_0.80,0.8,51861843.05398562,0.5670103092783505,27.0,0.024096385542168676,442b4f02bba381e49ce141b1f3250753918977d962b947e0d7d0b36030caec62
routing_abrupt_regime_shift,routing_abrupt_regime_shift:seed96100002:epoch80,80,20,validation,96500003,u_0.90,0.9,54716953.28470604,0.5670103092783505,27.0,0.022598870056497175,442b4f02bba381e49ce141b1f3250753918977d962b947e0d7d0b36030caec62
routing_abrupt_regime_shift,routing_abrupt_regime_shift:seed96100002:epoch80,80,20,validation,96500003,u_1.00,1.0,55662221.070279524,0.5670103092783505,23.0,0.020942408376963352,442b4f02bba381e49ce141b1f3250753918977d962b947e0d7d0b36030caec62
routing_abrupt_regime_shift,routing_abrupt_regime_shift:seed96100002:epoch80,80,20,validation,96500004,anchor,-1.0,49609216.84421343,0.5670103092783505,39.0,0.05970149253731343,442b4f02bba381e49ce141b1f3250753918977d962b947e0d7d0b36030caec62
routing_abrupt_regime_shift,routing_abrupt_regime_shift:seed96100002:epoch80,80,20,validation,96500004,u_0.00,0.0,49609216.84421343,0.5670103092783505,39.0,0.05970149253731343,442b4f02bba381e49ce141b1f3250753918977d962b947e0d7d0b36030caec62
routing_abrupt_regime_shift,routing_abrupt_regime_shift:seed96100002:epoch80,80,20,validation,96500004,u_0.10,0.1,49786755.87141014,0.5670103092783505,39.0,0.05263157894736842,442b4f02bba381e49ce141b1f3250753918977d962b947e0d7d0b36030caec62
routing_abrupt_regime_shift,routing_abrupt_regime_shift:seed96100002:epoch80,80,20,validation,96500004,u_0.20,0.2,48911255.95633139,0.5670103092783505,37.0,0.04597701149425287,442b4f02bba381e49ce141b1f3250753918977d962b947e0d7d0b36030caec62
routing_abrupt_regime_shift,routing_abrupt_regime_shift:seed96100002:epoch80,80,20,validation,96500004,u_0.30,0.3,47618432.32966298,0.5670103092783505,34.0,0.0392156862745098,442b4f02bba381e49ce141b1f3250753918977d962b947e0d7d0b36030caec62
routing_abrupt_regime_shift,routing_abrupt_regime_shift:seed96100002:epoch80,80,20,validation,96500004,u_0.40,0.4,47879282.04488973,0.5670103092783505,33.0,0.034482758620689655,442b4f02bba381e49ce141b1f3250753918977d962b947e0d7d0b36030caec62
routing_abrupt_regime_shift,routing_abrupt_regime_shift:seed96100002:epoch80,80,20,validation,96500004,u_0.50,0.5,48418578.17027952,0.5670103092783505,32.0,0.030534351145038167,442b4f02bba381e49ce141b1f3250753918977d962b947e0d7d0b36030caec62
routing_abrupt_regime_shift,routing_abrupt_regime_shift:seed96100002:epoch80,80,20,validation,96500004,u_0.60,0.6,49037848.80695605,0.5670103092783505,30.0,0.028169014084507043,442b4f02bba381e49ce141b1f3250753918977d962b947e0d7d0b36030caec62
routing_abrupt_regime_shift,routing_abrupt_regime_shift:seed96100002:epoch80,80,20,validation,96500004,u_0.70,0.7,50136386.65491931,0.5670103092783505,28.0,0.026490066225165563,442b4f02bba381e49ce141b1f3250753918977d962b947e0d7d0b36030caec62
routing_abrupt_regime_shift,routing_abrupt_regime_shift:seed96100002:epoch80,80,20,validation,96500004,u_0.80,0.8,51861843.05398562,0.5670103092783505,27.0,0.024096385542168676,442b4f02bba381e49ce141b1f3250753918977d962b947e0d7d0b36030caec62
routing_abrupt_regime_shift,routing_abrupt_regime_shift:seed96100002:epoch80,80,20,validation,96500004,u_0.90,0.9,54716953.28470604,0.5670103092783505,27.0,0.022598870056497175,442b4f02bba381e49ce141b1f3250753918977d962b947e0d7d0b36030caec62
routing_abrupt_regime_shift,routing_abrupt_regime_shift:seed96100002:epoch80,80,20,validation,96500004,u_1.00,1.0,55662221.070279524,0.5670103092783505,23.0,0.020942408376963352,442b4f02bba381e49ce141b1f3250753918977d962b947e0d7d0b36030caec62
routing_compound_regional_stress,routing_compound_regional_stress:seed96100000:epoch30,30,18,discovery,96400000,anchor,-1.0,2432457859.204724,0.3277239018824872,2401.0,0.18181818181818182,76e93fce97e67d1fdab3ec1bb06097dc544e906f7ab895f33802c2e42f31ff54
routing_compound_regional_stress,routing_compound_regional_stress:seed96100000:epoch30,30,18,discovery,96400000,u_0.00,0.0,2432457859.204724,0.3277239018824872,2401.0,0.18181818181818182,76e93fce97e67d1fdab3ec1bb06097dc544e906f7ab895f33802c2e42f31ff54
routing_compound_regional_stress,routing_compound_regional_stress:seed96100000:epoch30,30,18,discovery,96400000,u_0.10,0.1,2430755030.17431,0.32857957786651454,2401.0,0.18518518518518517,76e93fce97e67d1fdab3ec1bb06097dc544e906f7ab895f33802c2e42f31ff54
routing_compound_regional_stress,routing_compound_regional_stress:seed96100000:epoch30,30,18,discovery,96400000,u_0.20,0.2,2425140003.173132,0.33057615516257843,2395.0,0.1812274368231047,76e93fce97e67d1fdab3ec1bb06097dc544e906f7ab895f33802c2e42f31ff54
routing_compound_regional_stress,routing_compound_regional_stress:seed96100000:epoch30,30,18,discovery,96400000,u_0.30,0.3,2413309192.989357,0.3357102110667427,2382.0,0.17587939698492464,76e93fce97e67d1fdab3ec1bb06097dc544e906f7ab895f33802c2e42f31ff54
routing_compound_regional_stress,routing_compound_regional_stress:seed96100000:epoch30,30,18,discovery,96400000,u_0.40,0.4,2419647407.4347878,0.3345693097547062,2383.0,0.17790530846484937,76e93fce97e67d1fdab3ec1bb06097dc544e906f7ab895f33802c2e42f31ff54
routing_compound_regional_stress,routing_compound_regional_stress:seed96100000:epoch30,30,18,discovery,96400000,u_0.50,0.5,2411260961.6444483,0.3379920136908157,2372.0,0.1745014245014245,76e93fce97e67d1fdab3ec1bb06097dc544e906f7ab895f33802c2e42f31ff54
routing_compound_regional_stress,routing_compound_regional_stress:seed96100000:epoch30,30,18,discovery,96400000,u_0.60,0.6,2409086728.3119435,0.33884768967484313,2367.0,0.17459190915542938,76e93fce97e67d1fdab3ec1bb06097dc544e906f7ab895f33802c2e42f31ff54
routing_compound_regional_stress,routing_compound_regional_stress:seed96100000:epoch30,30,18,discovery,96400000,u_0.70,0.7,2414956034.9647994,0.3379920136908157,2375.0,0.17403708987161198,76e93fce97e67d1fdab3ec1bb06097dc544e906f7ab895f33802c2e42f31ff54
routing_compound_regional_stress,routing_compound_regional_stress:seed96100000:epoch30,30,18,discovery,96400000,u_0.80,0.8,2408335220.2457337,0.34227039361095263,2360.0,0.16962384669978708,76e93fce97e67d1fdab3ec1bb06097dc544e906f7ab895f33802c2e42f31ff54
routing_compound_regional_stress,routing_compound_regional_stress:seed96100000:epoch30,30,18,discovery,96400000,u_0.90,0.9,2405573012.0608735,0.3439817455790074,2348.0,0.17183098591549295,76e93fce97e67d1fdab3ec1bb06097dc544e906f7ab895f33802c2e42f31ff54
routing_compound_regional_stress,routing_compound_regional_stress:seed96100000:epoch30,30,18,discovery,96400000,u_1.00,1.0,2402899734.9580197,0.34654877353108954,2341.0,0.1697054698457223,76e93fce97e67d1fdab3ec1bb06097dc544e906f7ab895f33802c2e42f31ff54
routing_compound_regional_stress,routing_compound_regional_stress:seed96100000:epoch30,30,18,discovery,96400001,anchor,-1.0,1680536793.2247224,0.4202950701691256,1690.0,0.1581259150805271,76e93fce97e67d1fdab3ec1bb06097dc544e906f7ab895f33802c2e42f31ff54
routing_compound_regional_stress,routing_compound_regional_stress:seed96100000:epoch30,30,18,discovery,96400001,u_0.00,0.0,1680536793.2247224,0.4202950701691256,1690.0,0.1581259150805271,76e93fce97e67d1fdab3ec1bb06097dc544e906f7ab895f33802c2e42f31ff54
routing_compound_regional_stress,routing_compound_regional_stress:seed96100000:epoch30,30,18,discovery,96400001,u_0.10,0.1,1677784514.9580386,0.42245412018711764,1685.0,0.1562043795620438,76e93fce97e67d1fdab3ec1bb06097dc544e906f7ab895f33802c2e42f31ff54
routing_compound_regional_stress,routing_compound_regional_stress:seed96100000:epoch30,30,18,discovery,96400001,u_0.20,0.2,1674766304.2881365,0.4264123785534365,1681.0,0.15602322206095792,76e93fce97e67d1fdab3ec1bb06097dc544e906f7ab895f33802c2e42f31ff54
routing_compound_regional_stress,routing_compound_regional_stress:seed96100000:epoch30,30,18,discovery,96400001,u_0.30,0.3,1671500095.3362222,0.43073047858942065,1676.0,0.15501081470800288,76e93fce97e67d1fdab3ec1bb06097dc544e906f7ab895f33802c2e42f31ff54
routing_compound_regional_stress,routing_compound_regional_stress:seed96100000:epoch30,30,18,discovery,96400001,u_0.40,0.4,1671804085.0993419,0.43001079525008995,1675.0,0.1540130151843818,76e93fce97e67d1fdab3ec1bb06097dc544e906f7ab895f33802c2e42f31ff54
routing_compound_regional_stress,routing_compound_regional_stress:seed96100000:epoch30,30,18,discovery,96400001,u_0.50,0.5,1671336900.8782103,0.431090320259086,1671.0,0.15694744420446363,76e93fce97e67d1fdab3ec1bb06097dc544e906f7ab895f33802c2e42f31ff54
routing_compound_regional_stress,routing_compound_regional_stress:seed96100000:epoch30,30,18,discovery,96400001,u_0.60,0.6,1668880977.6425798,0.43360921194674346,1667.0,0.15710186513629842,76e93fce97e67d1fdab3ec1bb06097dc544e906f7ab895f33802c2e42f31ff54
routing_compound_regional_stress,routing_compound_regional_stress:seed96100000:epoch30,30,18,discovery,96400001,u_0.70,0.7,1675001480.2450047,0.43216984526808205,1674.0,0.15959741193386054,76e93fce97e67d1fdab3ec1bb06097dc544e906f7ab895f33802c2e42f31ff54
routing_compound_regional_stress,routing_compound_regional_stress:seed96100000:epoch30,30,18,discovery,96400001,u_0.80,0.8,1662445045.574611,0.4400863620007197,1654.0,0.1472480343102216,76e93fce97e67d1fdab3ec1bb06097dc544e906f7ab895f33802c2e42f31ff54
routing_compound_regional_stress,routing_compound_regional_stress:seed96100000:epoch30,30,18,discovery,96400001,u_0.90,0.9,1660924513.6220617,0.4418855703490464,1650.0,0.14540270848182466,76e93fce97e67d1fdab3ec1bb06097dc544e906f7ab895f33802c2e42f31ff54
routing_compound_regional_stress,routing_compound_regional_stress:seed96100000:epoch30,30,18,discovery,96400001,u_1.00,1.0,1659237907.951947,0.4440446203670385,1642.0,0.1457000710732054,76e93fce97e67d1fdab3ec1bb06097dc544e906f7ab895f33802c2e42f31ff54
routing_compound_regional_stress,routing_compound_regional_stress:seed96100000:epoch30,30,18,discovery,96400002,anchor,-1.0,1806191856.400866,0.4063786008230453,1827.0,0.15144927536231884,76e93fce97e67d1fdab3ec1bb06097dc544e906f7ab895f33802c2e42f31ff54
routing_compound_regional_stress,routing_compound_regional_stress:seed96100000:epoch30,30,18,discovery,96400002,u_0.00,0.0,1806191856.400866,0.4063786008230453,1827.0,0.15144927536231884,76e93fce97e67d1fdab3ec1bb06097dc544e906f7ab895f33802c2e42f31ff54
routing_compound_regional_stress,routing_compound_regional_stress:seed96100000:epoch30,30,18,discovery,96400002,u_0.10,0.1,1801105163.3287208,0.4101508916323731,1819.0,0.14780100937274693,76e93fce97e67d1fdab3ec1bb06097dc544e906f7ab895f33802c2e42f31ff54
routing_compound_regional_stress,routing_compound_regional_stress:seed96100000:epoch30,30,18,discovery,96400002,u_0.20,0.2,1798226016.1407337,0.4122085048010974,1813.0,0.14809489575844717,76e93fce97e67d1fdab3ec1bb06097dc544e906f7ab895f33802c2e42f31ff54
routing_compound_regional_stress,routing_compound_regional_stress:seed96100000:epoch30,30,18,discovery,96400002,u_0.30,0.3,1792669926.3926773,0.41460905349794236,1808.0,0.1472480343102216,76e93fce97e67d1fdab3ec1bb06097dc544e906f7ab895f33802c2e42f31ff54
routing_compound_regional_stress,routing_compound_regional_stress:seed96100000:epoch30,30,18,discovery,96400002,u_0.40,0.4,1793137882.9430723,0.41460905349794236,1810.0,0.15166548547129696,76e93fce97e67d1fdab3ec1bb06097dc544e906f7ab895f33802c2e42f31ff54
routing_compound_regional_stress,routing_compound_regional_stress:seed96100000:epoch30,30,18,discovery,96400002,u_0.50,0.5,1786072909.956893,0.41941015089163236,1792.0,0.1477832512315271,76e93fce97e67d1fdab3ec1bb06097dc544e906f7ab895f33802c2e42f31ff54
routing_compound_regional_stress,routing_compound_regional_stress:seed96100000:epoch30,30,18,discovery,96400002,u_0.60,0.6,1784009512.1050086,0.4207818930041152,1790.0,0.14567206192821958,76e93fce97e67d1fdab3ec1bb06097dc544e906f7ab895f33802c2e42f31ff54
routing_compound_regional_stress,routing_compound_regional_stress:seed96100000:epoch30,30,18,discovery,96400002,u_0.70,0.7,1789059163.146139,0.4204389574759945,1792.0,0.1477832512315271,76e93fce97e67d1fdab3ec1bb06097dc544e906f7ab895f33802c2e42f31ff54
routing_compound_regional_stress,routing_compound_regional_stress:seed96100000:epoch30,30,18,discovery,96400002,u_0.80,0.8,1784400158.0853138,0.4231824417009602,1786.0,0.14485654303708886,76e93fce97e67d1fdab3ec1bb06097dc544e906f7ab895f33802c2e42f31ff54
routing_compound_regional_stress,routing_compound_regional_stress:seed96100000:epoch30,30,18,discovery,96400002,u_0.90,0.9,1783540243.6127858,0.4252400548696845,1777.0,0.14455307262569833,76e93fce97e67d1fdab3ec1bb06097dc544e906f7ab895f33802c2e42f31ff54
routing_compound_regional_stress,routing_compound_regional_stress:seed96100000:epoch30,30,18,discovery,96400002,u_1.00,1.0,1785747733.5023744,0.42626886145404663,1779.0,0.14623955431754876,76e93fce97e67d1fdab3ec1bb06097dc544e906f7ab895f33802c2e42f31ff54
routing_compound_regional_stress,routing_compound_regional_stress:seed96100000:epoch30,30,18,validation,96500000,anchor,-1.0,2537650046.932727,0.29531936901991207,2506.0,0.1873198847262248,76e93fce97e67d1fdab3ec1bb06097dc544e906f7ab895f33802c2e42f31ff54
routing_compound_regional_stress,routing_compound_regional_stress:seed96100000:epoch30,30,18,validation,96500000,u_0.00,0.0,2537650046.932727,0.29531936901991207,2506.0,0.1873198847262248,76e93fce97e67d1fdab3ec1bb06097dc544e906f7ab895f33802c2e42f31ff54
routing_compound_regional_stress,routing_compound_regional_stress:seed96100000:epoch30,30,18,validation,96500000,u_0.10,0.1,2534917518.653373,0.2968709594000517,2500.0,0.18624641833810887,76e93fce97e67d1fdab3ec1bb06097dc544e906f7ab895f33802c2e42f31ff54
routing_compound_regional_stress,routing_compound_regional_stress:seed96100000:epoch30,30,18,validation,96500000,u_0.20,0.2,2532109884.7817435,0.29893974657357125,2496.0,0.18486795146324053,76e93fce97e67d1fdab3ec1bb06097dc544e906f7ab895f33802c2e42f31ff54
routing_compound_regional_stress,routing_compound_regional_stress:seed96100000:epoch30,30,18,validation,96500000,u_0.30,0.3,2531479835.1813583,0.29893974657357125,2499.0,0.18763326226012794,76e93fce97e67d1fdab3ec1bb06097dc544e906f7ab895f33802c2e42f31ff54
routing_compound_regional_stress,routing_compound_regional_stress:seed96100000:epoch30,30,18,validation,96500000,u_0.40,0.4,2525586883.5625825,0.30152573054047066,2490.0,0.18458274398868457,76e93fce97e67d1fdab3ec1bb06097dc544e906f7ab895f33802c2e42f31ff54
routing_compound_regional_stress,routing_compound_regional_stress:seed96100000:epoch30,30,18,validation,96500000,u_0.50,0.5,2524256159.755431,0.30333591931730025,2485.0,0.18419195483415668,76e93fce97e67d1fdab3ec1bb06097dc544e906f7ab895f33802c2e42f31ff54
routing_compound_regional_stress,routing_compound_regional_stress:seed96100000:epoch30,30,18,validation,96500000,u_0.60,0.6,2521475784.439608,0.30333591931730025,2481.0,0.18552354181307099,76e93fce97e67d1fdab3ec1bb06097dc544e906f7ab895f33802c2e42f31ff54
routing_compound_regional_stress,routing_compound_regional_stress:seed96100000:epoch30,30,18,validation,96500000,u_0.70,0.7,2524675227.584412,0.30333591931730025,2482.0,0.18653576437587657,76e93fce97e67d1fdab3ec1bb06097dc544e906f7ab895f33802c2e42f31ff54
routing_compound_regional_stress,routing_compound_regional_stress:seed96100000:epoch30,30,18,validation,96500000,u_0.80,0.8,2516281748.668288,0.30721489526764933,2467.0,0.18118466898954705,76e93fce97e67d1fdab3ec1bb06097dc544e906f7ab895f33802c2e42f31ff54
routing_compound_regional_stress,routing_compound_regional_stress:seed96100000:epoch30,30,18,validation,96500000,u_0.90,0.9,2515580169.103201,0.30850788725109907,2464.0,0.1808066759388039,76e93fce97e67d1fdab3ec1bb06097dc544e906f7ab895f33802c2e42f31ff54
routing_compound_regional_stress,routing_compound_regional_stress:seed96100000:epoch30,30,18,validation,96500000,u_1.00,1.0,2515626408.641841,0.3092836824411689,2463.0,0.18087318087318088,76e93fce97e67d1fdab3ec1bb06097dc544e906f7ab895f33802c2e42f31ff54
routing_compound_regional_stress,routing_compound_regional_stress:seed96100000:epoch30,30,18,validation,96500001,anchor,-1.0,2038910954.6784782,0.3491686460807601,1994.0,0.14977973568281938,76e93fce97e67d1fdab3ec1bb06097dc544e906f7ab895f33802c2e42f31ff54
routing_compound_regional_stress,routing_compound_regional_stress:seed96100000:epoch30,30,18,validation,96500001,u_0.00,0.0,2038910954.6784782,0.3491686460807601,1994.0,0.14977973568281938,76e93fce97e67d1fdab3ec1bb06097dc544e906f7ab895f33802c2e42f31ff54
routing_compound_regional_stress,routing_compound_regional_stress:seed96100000:epoch30,30,18,validation,96500001,u_0.10,0.1,2031638109.5496962,0.35451306413301664,1986.0,0.14596949891067537,76e93fce97e67d1fdab3ec1bb06097dc544e906f7ab895f33802c2e42f31ff54
routing_compound_regional_stress,routing_compound_regional_stress:seed96100000:epoch30,30,18,validation,96500001,u_0.20,0.2,2032795626.9963748,0.3527315914489311,1988.0,0.14981818181818182,76e93fce97e67d1fdab3ec1bb06097dc544e906f7ab895f33802c2e42f31ff54
routing_compound_regional_stress,routing_compound_regional_stress:seed96100000:epoch30,30,18,validation,96500001,u_0.30,0.3,2027397673.141317,0.35688836104513066,1981.0,0.14769452449567724,76e93fce97e67d1fdab3ec1bb06097dc544e906f7ab895f33802c2e42f31ff54
routing_compound_regional_stress,routing_compound_regional_stress:seed96100000:epoch30,30,18,validation,96500001,u_0.40,0.4,2030566399.5244813,0.3554038004750594,1985.0,0.15028901734104047,76e93fce97e67d1fdab3ec1bb06097dc544e906f7ab895f33802c2e42f31ff54
routing_compound_regional_stress,routing_compound_regional_stress:seed96100000:epoch30,30,18,validation,96500001,u_0.50,0.5,2023336463.403131,0.3601543942992874,1971.0,0.1449067431850789,76e93fce97e67d1fdab3ec1bb06097dc544e906f7ab895f33802c2e42f31ff54
routing_compound_regional_stress,routing_compound_regional_stress:seed96100000:epoch30,30,18,validation,96500001,u_0.60,0.6,2020409408.2621918,0.36193586698337293,1965.0,0.14449213161659513,76e93fce97e67d1fdab3ec1bb06097dc544e906f7ab895f33802c2e42f31ff54
routing_compound_regional_stress,routing_compound_regional_stress:seed96100000:epoch30,30,18,validation,96500001,u_0.70,0.7,2023130673.1788824,0.36223277909738716,1963.0,0.1457142857142857,76e93fce97e67d1fdab3ec1bb06097dc544e906f7ab895f33802c2e42f31ff54
routing_compound_regional_stress,routing_compound_regional_stress:seed96100000:epoch30,30,18,validation,96500001,u_0.80,0.8,2016242804.8527308,0.36431116389548696,1952.0,0.14457831325301204,76e93fce97e67d1fdab3ec1bb06097dc544e906f7ab895f33802c2e42f31ff54
routing_compound_regional_stress,routing_compound_regional_stress:seed96100000:epoch30,30,18,validation,96500001,u_0.90,0.9,2015941967.538564,0.36490498812351546,1951.0,0.1425531914893617,76e93fce97e67d1fdab3ec1bb06097dc544e906f7ab895f33802c2e42f31ff54
routing_compound_regional_stress,routing_compound_regional_stress:seed96100000:epoch30,30,18,validation,96500001,u_1.00,1.0,2022229205.6850948,0.3640142517814727,1955.0,0.14578910120311395,76e93fce97e67d1fdab3ec1bb06097dc544e906f7ab895f33802c2e42f31ff54
routing_compound_regional_stress,routing_compound_regional_stress:seed96100000:epoch30,30,18,validation,96500002,anchor,-1.0,2209800263.418175,0.3376042908224076,2252.0,0.1903367496339678,76e93fce97e67d1fdab3ec1bb06097dc544e906f7ab895f33802c2e42f31ff54
routing_compound_regional_stress,routing_compound_regional_stress:seed96100000:epoch30,30,18,validation,96500002,u_0.00,0.0,2209800263.418175,0.3376042908224076,2252.0,0.1903367496339678,76e93fce97e67d1fdab3ec1bb06097dc544e906f7ab895f33802c2e42f31ff54
routing_compound_regional_stress,routing_compound_regional_stress:seed96100000:epoch30,30,18,validation,96500002,u_0.10,0.1,2205837290.882799,0.33820023837902263,2247.0,0.18950437317784258,76e93fce97e67d1fdab3ec1bb06097dc544e906f7ab895f33802c2e42f31ff54
routing_compound_regional_stress,routing_compound_regional_stress:seed96100000:epoch30,30,18,validation,96500002,u_0.20,0.2,2203865250.25572,0.3390941597139452,2243.0,0.18968023255813954,76e93fce97e67d1fdab3ec1bb06097dc544e906f7ab895f33802c2e42f31ff54
routing_compound_regional_stress,routing_compound_regional_stress:seed96100000:epoch30,30,18,validation,96500002,u_0.30,0.3,2191564846.239291,0.34445768772348034,2227.0,0.18162083936324167,76e93fce97e67d1fdab3ec1bb06097dc544e906f7ab895f33802c2e42f31ff54
routing_compound_regional_stress,routing_compound_regional_stress:seed96100000:epoch30,30,18,validation,96500002,u_0.40,0.4,2191300807.0932364,0.3447556615017878,2222.0,0.18240807498197548,76e93fce97e67d1fdab3ec1bb06097dc544e906f7ab895f33802c2e42f31ff54
routing_compound_regional_stress,routing_compound_regional_stress:seed96100000:epoch30,30,18,validation,96500002,u_0.50,0.5,2184996360.226692,0.3492252681764005,2209.0,0.1806543385490754,76e93fce97e67d1fdab3ec1bb06097dc544e906f7ab895f33802c2e42f31ff54
routing_compound_regional_stress,routing_compound_regional_stress:seed96100000:epoch30,30,18,validation,96500002,u_0.60,0.6,2184119759.063161,0.34892729439809295,2208.0,0.1825284090909091,76e93fce97e67d1fdab3ec1bb06097dc544e906f7ab895f33802c2e42f31ff54
routing_compound_regional_stress,routing_compound_regional_stress:seed96100000:epoch30,30,18,validation,96500002,u_0.70,0.7,2187703689.2785044,0.3498212157330155,2210.0,0.18265813788201848,76e93fce97e67d1fdab3ec1bb06097dc544e906f7ab895f33802c2e42f31ff54
routing_compound_regional_stress,routing_compound_regional_stress:seed96100000:epoch30,30,18,validation,96500002,u_0.80,0.8,2185408502.2004447,0.35190703218116803,2202.0,0.1794326241134752,76e93fce97e67d1fdab3ec1bb06097dc544e906f7ab895f33802c2e42f31ff54
routing_compound_regional_stress,routing_compound_regional_stress:seed96100000:epoch30,30,18,validation,96500002,u_0.90,0.9,2179925549.2131057,0.3548867699642431,2192.0,0.17733990147783252,76e93fce97e67d1fdab3ec1bb06097dc544e906f7ab895f33802c2e42f31ff54
routing_compound_regional_stress,routing_compound_regional_stress:seed96100000:epoch30,30,18,validation,96500002,u_1.00,1.0,2182002371.3886523,0.3563766388557807,2191.0,0.1763879128601546,76e93fce97e67d1fdab3ec1bb06097dc544e906f7ab895f33802c2e42f31ff54
routing_compound_regional_stress,routing_compound_regional_stress:seed96100000:epoch30,30,18,validation,96500003,anchor,-1.0,1738226773.9763918,0.406984785615491,1745.0,0.15654718361375275,76e93fce97e67d1fdab3ec1bb06097dc544e906f7ab895f33802c2e42f31ff54
routing_compound_regional_stress,routing_compound_regional_stress:seed96100000:epoch30,30,18,validation,96500003,u_0.00,0.0,1738226773.9763918,0.406984785615491,1745.0,0.15654718361375275,76e93fce97e67d1fdab3ec1bb06097dc544e906f7ab895f33802c2e42f31ff54
routing_compound_regional_stress,routing_compound_regional_stress:seed96100000:epoch30,30,18,validation,96500003,u_0.10,0.1,1738362869.8573353,0.40594744121715076,1743.0,0.1562043795620438,76e93fce97e67d1fdab3ec1bb06097dc544e906f7ab895f33802c2e42f31ff54
routing_compound_regional_stress,routing_compound_regional_stress:seed96100000:epoch30,30,18,validation,96500003,u_0.20,0.2,1733218373.8904707,0.4087136929460581,1736.0,0.15429403202328967,76e93fce97e67d1fdab3ec1bb06097dc544e906f7ab895f33802c2e42f31ff54
routing_compound_regional_stress,routing_compound_regional_stress:seed96100000:epoch30,30,18,validation,96500003,u_0.30,0.3,1727813241.7441123,0.4132088520055325,1728.0,0.15340086830680175,76e93fce97e67d1fdab3ec1bb06097dc544e906f7ab895f33802c2e42f31ff54
routing_compound_regional_stress,routing_compound_regional_stress:seed96100000:epoch30,30,18,validation,96500003,u_0.40,0.4,1725796693.5761297,0.415283540802213,1719.0,0.1505763688760807,76e93fce97e67d1fdab3ec1bb06097dc544e906f7ab895f33802c2e42f31ff54
routing_compound_regional_stress,routing_compound_regional_stress:seed96100000:epoch30,30,18,validation,96500003,u_0.50,0.5,1719355620.0911138,0.4190871369294606,1706.0,0.1473533619456366,76e93fce97e67d1fdab3ec1bb06097dc544e906f7ab895f33802c2e42f31ff54
routing_compound_regional_stress,routing_compound_regional_stress:seed96100000:epoch30,30,18,validation,96500003,u_0.60,0.6,1719211102.508203,0.42047026279391425,1703.0,0.14764621968616262,76e93fce97e67d1fdab3ec1bb06097dc544e906f7ab895f33802c2e42f31ff54
routing_compound_regional_stress,routing_compound_regional_stress:seed96100000:epoch30,30,18,validation,96500003,u_0.70,0.7,1724122090.1453664,0.419432918395574,1705.0,0.14785714285714285,76e93fce97e67d1fdab3ec1bb06097dc544e906f7ab895f33802c2e42f31ff54
routing_compound_regional_stress,routing_compound_regional_stress:seed96100000:epoch30,30,18,validation,96500003,u_0.80,0.8,1721068935.854639,0.42081604426002767,1701.0,0.14864864864864866,76e93fce97e67d1fdab3ec1bb06097dc544e906f7ab895f33802c2e42f31ff54
routing_compound_regional_stress,routing_compound_regional_stress:seed96100000:epoch30,30,18,validation,96500003,u_0.90,0.9,1716692912.343699,0.423582295988935,1695.0,0.14578910120311395,76e93fce97e67d1fdab3ec1bb06097dc544e906f7ab895f33802c2e42f31ff54
routing_compound_regional_stress,routing_compound_regional_stress:seed96100000:epoch30,30,18,validation,96500003,u_1.00,1.0,1717670726.924506,0.4256569847856155,1689.0,0.14336158192090395,76e93fce97e67d1fdab3ec1bb06097dc544e906f7ab895f33802c2e42f31ff54
routing_compound_regional_stress,routing_compound_regional_stress:seed96100000:epoch30,30,18,validation,96500004,anchor,-1.0,1939265281.5409129,0.3685770750988142,1971.0,0.17992565055762083,76e93fce97e67d1fdab3ec1bb06097dc544e906f7ab895f33802c2e42f31ff54
routing_compound_regional_stress,routing_compound_regional_stress:seed96100000:epoch30,30,18,validation,96500004,u_0.00,0.0,1939265281.5409129,0.3685770750988142,1971.0,0.17992565055762083,76e93fce97e67d1fdab3ec1bb06097dc544e906f7ab895f33802c2e42f31ff54
routing_compound_regional_stress,routing_compound_regional_stress:seed96100000:epoch30,30,18,validation,96500004,u_0.10,0.1,1929012433.9209976,0.3738471673254282,1958.0,0.1778104335047759,76e93fce97e67d1fdab3ec1bb06097dc544e906f7ab895f33802c2e42f31ff54
routing_compound_regional_stress,routing_compound_regional_stress:seed96100000:epoch30,30,18,validation,96500004,u_0.20,0.2,1923141184.4580324,0.37648221343873517,1950.0,0.17531044558071585,76e93fce97e67d1fdab3ec1bb06097dc544e906f7ab895f33802c2e42f31ff54
routing_compound_regional_stress,routing_compound_regional_stress:seed96100000:epoch30,30,18,validation,96500004,u_0.30,0.3,1912522990.7619174,0.3824110671936759,1936.0,0.17126269956458637,76e93fce97e67d1fdab3ec1bb06097dc544e906f7ab895f33802c2e42f31ff54
routing_compound_regional_stress,routing_compound_regional_stress:seed96100000:epoch30,30,18,validation,96500004,u_0.40,0.4,1916651609.4364889,0.383399209486166,1933.0,0.17451122375090514,76e93fce97e67d1fdab3ec1bb06097dc544e906f7ab895f33802c2e42f31ff54
routing_compound_regional_stress,routing_compound_regional_stress:seed96100000:epoch30,30,18,validation,96500004,u_0.50,0.5,1910084272.1950288,0.3883399209486166,1920.0,0.16990640748740102,76e93fce97e67d1fdab3ec1bb06097dc544e906f7ab895f33802c2e42f31ff54
routing_compound_regional_stress,routing_compound_regional_stress:seed96100000:epoch30,30,18,validation,96500004,u_0.60,0.6,1910572112.5934184,0.38899868247694336,1920.0,0.17169540229885058,76e93fce97e67d1fdab3ec1bb06097dc544e906f7ab895f33802c2e42f31ff54
routing_compound_regional_stress,routing_compound_regional_stress:seed96100000:epoch30,30,18,validation,96500004,u_0.70,0.7,1915501806.1712353,0.38702239789196313,1923.0,0.17385057471264367,76e93fce97e67d1fdab3ec1bb06097dc544e906f7ab895f33802c2e42f31ff54
routing_compound_regional_stress,routing_compound_regional_stress:seed96100000:epoch30,30,18,validation,96500004,u_0.80,0.8,1910131511.8684225,0.3916337285902503,1909.0,0.1679771265189421,76e93fce97e67d1fdab3ec1bb06097dc544e906f7ab895f33802c2e42f31ff54
routing_compound_regional_stress,routing_compound_regional_stress:seed96100000:epoch30,30,18,validation,96500004,u_0.90,0.9,1907421119.9444466,0.3929512516469038,1905.0,0.16927453769559034,76e93fce97e67d1fdab3ec1bb06097dc544e906f7ab895f33802c2e42f31ff54
routing_compound_regional_stress,routing_compound_regional_stress:seed96100000:epoch30,30,18,validation,96500004,u_1.00,1.0,1907364746.7007039,0.3942687747035573,1898.0,0.1669034090909091,76e93fce97e67d1fdab3ec1bb06097dc544e906f7ab895f33802c2e42f31ff54
routing_compound_regional_stress,routing_compound_regional_stress:seed96100000:epoch55,55,14,discovery,96400000,anchor,-1.0,113293529.53461844,0.33043478260869563,119.0,0.17333333333333334,76e93fce97e67d1fdab3ec1bb06097dc544e906f7ab895f33802c2e42f31ff54
routing_compound_regional_stress,routing_compound_regional_stress:seed96100000:epoch55,55,14,discovery,96400000,u_0.00,0.0,113277329.53461844,0.33043478260869563,119.0,0.17333333333333334,76e93fce97e67d1fdab3ec1bb06097dc544e906f7ab895f33802c2e42f31ff54
routing_compound_regional_stress,routing_compound_regional_stress:seed96100000:epoch55,55,14,discovery,96400000,u_0.10,0.1,112371257.6609343,0.33043478260869563,117.0,0.16455696202531644,76e93fce97e67d1fdab3ec1bb06097dc544e906f7ab895f33802c2e42f31ff54
routing_compound_regional_stress,routing_compound_regional_stress:seed96100000:epoch55,55,14,discovery,96400000,u_0.20,0.2,112639134.42334476,0.33043478260869563,117.0,0.16049382716049382,76e93fce97e67d1fdab3ec1bb06097dc544e906f7ab895f33802c2e42f31ff54
routing_compound_regional_stress,routing_compound_regional_stress:seed96100000:epoch55,55,14,discovery,96400000,u_0.30,0.3,112305892.95926395,0.33043478260869563,116.0,0.14942528735632185,76e93fce97e67d1fdab3ec1bb06097dc544e906f7ab895f33802c2e42f31ff54
routing_compound_regional_stress,routing_compound_regional_stress:seed96100000:epoch55,55,14,discovery,96400000,u_0.40,0.4,111436123.06605639,0.33043478260869563,114.0,0.13978494623655913,76e93fce97e67d1fdab3ec1bb06097dc544e906f7ab895f33802c2e42f31ff54
routing_compound_regional_stress,routing_compound_regional_stress:seed96100000:epoch55,55,14,discovery,96400000,u_0.50,0.5,111427513.57805873,0.33043478260869563,113.0,0.13131313131313133,76e93fce97e67d1fdab3ec1bb06097dc544e906f7ab895f33802c2e42f31ff54
routing_compound_regional_stress,routing_compound_regional_stress:seed96100000:epoch55,55,14,discovery,96400000,u_0.60,0.6,112444927.995271,0.33043478260869563,113.0,0.13,76e93fce97e67d1fdab3ec1bb06097dc544e906f7ab895f33802c2e42f31ff54
routing_compound_regional_stress,routing_compound_regional_stress:seed96100000:epoch55,55,14,discovery,96400000,u_0.70,0.7,112286497.71769321,0.33043478260869563,111.0,0.12380952380952381,76e93fce97e67d1fdab3ec1bb06097dc544e906f7ab895f33802c2e42f31ff54
routing_compound_regional_stress,routing_compound_regional_stress:seed96100000:epoch55,55,14,discovery,96400000,u_0.80,0.8,113402176.25743629,0.33043478260869563,111.0,0.11711711711711711,76e93fce97e67d1fdab3ec1bb06097dc544e906f7ab895f33802c2e42f31ff54
routing_compound_regional_stress,routing_compound_regional_stress:seed96100000:epoch55,55,14,discovery,96400000,u_0.90,0.9,114944038.57816735,0.33043478260869563,111.0,0.11607142857142858,76e93fce97e67d1fdab3ec1bb06097dc544e906f7ab895f33802c2e42f31ff54
routing_compound_regional_stress,routing_compound_regional_stress:seed96100000:epoch55,55,14,discovery,96400000,u_1.00,1.0,114447518.27805874,0.33043478260869563,108.0,0.10655737704918032,76e93fce97e67d1fdab3ec1bb06097dc544e906f7ab895f33802c2e42f31ff54
routing_compound_regional_stress,routing_compound_regional_stress:seed96100000:epoch55,55,14,discovery,96400001,anchor,-1.0,113293529.53461844,0.33043478260869563,119.0,0.17333333333333334,76e93fce97e67d1fdab3ec1bb06097dc544e906f7ab895f33802c2e42f31ff54
routing_compound_regional_stress,routing_compound_regional_stress:seed96100000:epoch55,55,14,discovery,96400001,u_0.00,0.0,113277329.53461844,0.33043478260869563,119.0,0.17333333333333334,76e93fce97e67d1fdab3ec1bb06097dc544e906f7ab895f33802c2e42f31ff54
routing_compound_regional_stress,routing_compound_regional_stress:seed96100000:epoch55,55,14,discovery,96400001,u_0.10,0.1,112371257.6609343,0.33043478260869563,117.0,0.16455696202531644,76e93fce97e67d1fdab3ec1bb06097dc544e906f7ab895f33802c2e42f31ff54
routing_compound_regional_stress,routing_compound_regional_stress:seed96100000:epoch55,55,14,discovery,96400001,u_0.20,0.2,112639134.42334476,0.33043478260869563,117.0,0.16049382716049382,76e93fce97e67d1fdab3ec1bb06097dc544e906f7ab895f33802c2e42f31ff54
routing_compound_regional_stress,routing_compound_regional_stress:seed96100000:epoch55,55,14,discovery,96400001,u_0.30,0.3,112305892.95926395,0.33043478260869563,116.0,0.14942528735632185,76e93fce97e67d1fdab3ec1bb06097dc544e906f7ab895f33802c2e42f31ff54
routing_compound_regional_stress,routing_compound_regional_stress:seed96100000:epoch55,55,14,discovery,96400001,u_0.40,0.4,111436123.06605639,0.33043478260869563,114.0,0.13978494623655913,76e93fce97e67d1fdab3ec1bb06097dc544e906f7ab895f33802c2e42f31ff54
routing_compound_regional_stress,routing_compound_regional_stress:seed96100000:epoch55,55,14,discovery,96400001,u_0.50,0.5,111427513.57805873,0.33043478260869563,113.0,0.13131313131313133,76e93fce97e67d1fdab3ec1bb06097dc544e906f7ab895f33802c2e42f31ff54
routing_compound_regional_stress,routing_compound_regional_stress:seed96100000:epoch55,55,14,discovery,96400001,u_0.60,0.6,112444927.995271,0.33043478260869563,113.0,0.13,76e93fce97e67d1fdab3ec1bb06097dc544e906f7ab895f33802c2e42f31ff54
routing_compound_regional_stress,routing_compound_regional_stress:seed96100000:epoch55,55,14,discovery,96400001,u_0.70,0.7,112286497.71769321,0.33043478260869563,111.0,0.12380952380952381,76e93fce97e67d1fdab3ec1bb06097dc544e906f7ab895f33802c2e42f31ff54
routing_compound_regional_stress,routing_compound_regional_stress:seed96100000:epoch55,55,14,discovery,96400001,u_0.80,0.8,113402176.25743629,0.33043478260869563,111.0,0.11711711711711711,76e93fce97e67d1fdab3ec1bb06097dc544e906f7ab895f33802c2e42f31ff54
routing_compound_regional_stress,routing_compound_regional_stress:seed96100000:epoch55,55,14,discovery,96400001,u_0.90,0.9,114944038.57816735,0.33043478260869563,111.0,0.11607142857142858,76e93fce97e67d1fdab3ec1bb06097dc544e906f7ab895f33802c2e42f31ff54
routing_compound_regional_stress,routing_compound_regional_stress:seed96100000:epoch55,55,14,discovery,96400001,u_1.00,1.0,114447518.27805874,0.33043478260869563,108.0,0.10655737704918032,76e93fce97e67d1fdab3ec1bb06097dc544e906f7ab895f33802c2e42f31ff54
routing_compound_regional_stress,routing_compound_regional_stress:seed96100000:epoch55,55,14,discovery,96400002,anchor,-1.0,113293529.53461844,0.33043478260869563,119.0,0.17333333333333334,76e93fce97e67d1fdab3ec1bb06097dc544e906f7ab895f33802c2e42f31ff54
routing_compound_regional_stress,routing_compound_regional_stress:seed96100000:epoch55,55,14,discovery,96400002,u_0.00,0.0,113277329.53461844,0.33043478260869563,119.0,0.17333333333333334,76e93fce97e67d1fdab3ec1bb06097dc544e906f7ab895f33802c2e42f31ff54
routing_compound_regional_stress,routing_compound_regional_stress:seed96100000:epoch55,55,14,discovery,96400002,u_0.10,0.1,112371257.6609343,0.33043478260869563,117.0,0.16455696202531644,76e93fce97e67d1fdab3ec1bb06097dc544e906f7ab895f33802c2e42f31ff54
routing_compound_regional_stress,routing_compound_regional_stress:seed96100000:epoch55,55,14,discovery,96400002,u_0.20,0.2,112639134.42334476,0.33043478260869563,117.0,0.16049382716049382,76e93fce97e67d1fdab3ec1bb06097dc544e906f7ab895f33802c2e42f31ff54
routing_compound_regional_stress,routing_compound_regional_stress:seed96100000:epoch55,55,14,discovery,96400002,u_0.30,0.3,112305892.95926395,0.33043478260869563,116.0,0.14942528735632185,76e93fce97e67d1fdab3ec1bb06097dc544e906f7ab895f33802c2e42f31ff54
routing_compound_regional_stress,routing_compound_regional_stress:seed96100000:epoch55,55,14,discovery,96400002,u_0.40,0.4,111436123.06605639,0.33043478260869563,114.0,0.13978494623655913,76e93fce97e67d1fdab3ec1bb06097dc544e906f7ab895f33802c2e42f31ff54
routing_compound_regional_stress,routing_compound_regional_stress:seed96100000:epoch55,55,14,discovery,96400002,u_0.50,0.5,111427513.57805873,0.33043478260869563,113.0,0.13131313131313133,76e93fce97e67d1fdab3ec1bb06097dc544e906f7ab895f33802c2e42f31ff54
routing_compound_regional_stress,routing_compound_regional_stress:seed96100000:epoch55,55,14,discovery,96400002,u_0.60,0.6,112444927.995271,0.33043478260869563,113.0,0.13,76e93fce97e67d1fdab3ec1bb06097dc544e906f7ab895f33802c2e42f31ff54
routing_compound_regional_stress,routing_compound_regional_stress:seed96100000:epoch55,55,14,discovery,96400002,u_0.70,0.7,112286497.71769321,0.33043478260869563,111.0,0.12380952380952381,76e93fce97e67d1fdab3ec1bb06097dc544e906f7ab895f33802c2e42f31ff54
routing_compound_regional_stress,routing_compound_regional_stress:seed96100000:epoch55,55,14,discovery,96400002,u_0.80,0.8,113402176.25743629,0.33043478260869563,111.0,0.11711711711711711,76e93fce97e67d1fdab3ec1bb06097dc544e906f7ab895f33802c2e42f31ff54
routing_compound_regional_stress,routing_compound_regional_stress:seed96100000:epoch55,55,14,discovery,96400002,u_0.90,0.9,114944038.57816735,0.33043478260869563,111.0,0.11607142857142858,76e93fce97e67d1fdab3ec1bb06097dc544e906f7ab895f33802c2e42f31ff54
routing_compound_regional_stress,routing_compound_regional_stress:seed96100000:epoch55,55,14,discovery,96400002,u_1.00,1.0,114447518.27805874,0.33043478260869563,108.0,0.10655737704918032,76e93fce97e67d1fdab3ec1bb06097dc544e906f7ab895f33802c2e42f31ff54
routing_compound_regional_stress,routing_compound_regional_stress:seed96100000:epoch55,55,14,validation,96500000,anchor,-1.0,113293529.53461844,0.33043478260869563,119.0,0.17333333333333334,76e93fce97e67d1fdab3ec1bb06097dc544e906f7ab895f33802c2e42f31ff54
routing_compound_regional_stress,routing_compound_regional_stress:seed96100000:epoch55,55,14,validation,96500000,u_0.00,0.0,113277329.53461844,0.33043478260869563,119.0,0.17333333333333334,76e93fce97e67d1fdab3ec1bb06097dc544e906f7ab895f33802c2e42f31ff54
routing_compound_regional_stress,routing_compound_regional_stress:seed96100000:epoch55,55,14,validation,96500000,u_0.10,0.1,112371257.6609343,0.33043478260869563,117.0,0.16455696202531644,76e93fce97e67d1fdab3ec1bb06097dc544e906f7ab895f33802c2e42f31ff54
routing_compound_regional_stress,routing_compound_regional_stress:seed96100000:epoch55,55,14,validation,96500000,u_0.20,0.2,112639134.42334476,0.33043478260869563,117.0,0.16049382716049382,76e93fce97e67d1fdab3ec1bb06097dc544e906f7ab895f33802c2e42f31ff54
routing_compound_regional_stress,routing_compound_regional_stress:seed96100000:epoch55,55,14,validation,96500000,u_0.30,0.3,112305892.95926395,0.33043478260869563,116.0,0.14942528735632185,76e93fce97e67d1fdab3ec1bb06097dc544e906f7ab895f33802c2e42f31ff54
routing_compound_regional_stress,routing_compound_regional_stress:seed96100000:epoch55,55,14,validation,96500000,u_0.40,0.4,111436123.06605639,0.33043478260869563,114.0,0.13978494623655913,76e93fce97e67d1fdab3ec1bb06097dc544e906f7ab895f33802c2e42f31ff54
routing_compound_regional_stress,routing_compound_regional_stress:seed96100000:epoch55,55,14,validation,96500000,u_0.50,0.5,111427513.57805873,0.33043478260869563,113.0,0.13131313131313133,76e93fce97e67d1fdab3ec1bb06097dc544e906f7ab895f33802c2e42f31ff54
routing_compound_regional_stress,routing_compound_regional_stress:seed96100000:epoch55,55,14,validation,96500000,u_0.60,0.6,112444927.995271,0.33043478260869563,113.0,0.13,76e93fce97e67d1fdab3ec1bb06097dc544e906f7ab895f33802c2e42f31ff54
routing_compound_regional_stress,routing_compound_regional_stress:seed96100000:epoch55,55,14,validation,96500000,u_0.70,0.7,112286497.71769321,0.33043478260869563,111.0,0.12380952380952381,76e93fce97e67d1fdab3ec1bb06097dc544e906f7ab895f33802c2e42f31ff54
routing_compound_regional_stress,routing_compound_regional_stress:seed96100000:epoch55,55,14,validation,96500000,u_0.80,0.8,113402176.25743629,0.33043478260869563,111.0,0.11711711711711711,76e93fce97e67d1fdab3ec1bb06097dc544e906f7ab895f33802c2e42f31ff54
routing_compound_regional_stress,routing_compound_regional_stress:seed96100000:epoch55,55,14,validation,96500000,u_0.90,0.9,114944038.57816735,0.33043478260869563,111.0,0.11607142857142858,76e93fce97e67d1fdab3ec1bb06097dc544e906f7ab895f33802c2e42f31ff54
routing_compound_regional_stress,routing_compound_regional_stress:seed96100000:epoch55,55,14,validation,96500000,u_1.00,1.0,114447518.27805874,0.33043478260869563,108.0,0.10655737704918032,76e93fce97e67d1fdab3ec1bb06097dc544e906f7ab895f33802c2e42f31ff54
routing_compound_regional_stress,routing_compound_regional_stress:seed96100000:epoch55,55,14,validation,96500001,anchor,-1.0,113293529.53461844,0.33043478260869563,119.0,0.17333333333333334,76e93fce97e67d1fdab3ec1bb06097dc544e906f7ab895f33802c2e42f31ff54
routing_compound_regional_stress,routing_compound_regional_stress:seed96100000:epoch55,55,14,validation,96500001,u_0.00,0.0,113277329.53461844,0.33043478260869563,119.0,0.17333333333333334,76e93fce97e67d1fdab3ec1bb06097dc544e906f7ab895f33802c2e42f31ff54
routing_compound_regional_stress,routing_compound_regional_stress:seed96100000:epoch55,55,14,validation,96500001,u_0.10,0.1,112371257.6609343,0.33043478260869563,117.0,0.16455696202531644,76e93fce97e67d1fdab3ec1bb06097dc544e906f7ab895f33802c2e42f31ff54
routing_compound_regional_stress,routing_compound_regional_stress:seed96100000:epoch55,55,14,validation,96500001,u_0.20,0.2,112639134.42334476,0.33043478260869563,117.0,0.16049382716049382,76e93fce97e67d1fdab3ec1bb06097dc544e906f7ab895f33802c2e42f31ff54
routing_compound_regional_stress,routing_compound_regional_stress:seed96100000:epoch55,55,14,validation,96500001,u_0.30,0.3,112305892.95926395,0.33043478260869563,116.0,0.14942528735632185,76e93fce97e67d1fdab3ec1bb06097dc544e906f7ab895f33802c2e42f31ff54
routing_compound_regional_stress,routing_compound_regional_stress:seed96100000:epoch55,55,14,validation,96500001,u_0.40,0.4,111436123.06605639,0.33043478260869563,114.0,0.13978494623655913,76e93fce97e67d1fdab3ec1bb06097dc544e906f7ab895f33802c2e42f31ff54
routing_compound_regional_stress,routing_compound_regional_stress:seed96100000:epoch55,55,14,validation,96500001,u_0.50,0.5,111427513.57805873,0.33043478260869563,113.0,0.13131313131313133,76e93fce97e67d1fdab3ec1bb06097dc544e906f7ab895f33802c2e42f31ff54
routing_compound_regional_stress,routing_compound_regional_stress:seed96100000:epoch55,55,14,validation,96500001,u_0.60,0.6,112444927.995271,0.33043478260869563,113.0,0.13,76e93fce97e67d1fdab3ec1bb06097dc544e906f7ab895f33802c2e42f31ff54
routing_compound_regional_stress,routing_compound_regional_stress:seed96100000:epoch55,55,14,validation,96500001,u_0.70,0.7,112286497.71769321,0.33043478260869563,111.0,0.12380952380952381,76e93fce97e67d1fdab3ec1bb06097dc544e906f7ab895f33802c2e42f31ff54
routing_compound_regional_stress,routing_compound_regional_stress:seed96100000:epoch55,55,14,validation,96500001,u_0.80,0.8,113402176.25743629,0.33043478260869563,111.0,0.11711711711711711,76e93fce97e67d1fdab3ec1bb06097dc544e906f7ab895f33802c2e42f31ff54
routing_compound_regional_stress,routing_compound_regional_stress:seed96100000:epoch55,55,14,validation,96500001,u_0.90,0.9,114944038.57816735,0.33043478260869563,111.0,0.11607142857142858,76e93fce97e67d1fdab3ec1bb06097dc544e906f7ab895f33802c2e42f31ff54
routing_compound_regional_stress,routing_compound_regional_stress:seed96100000:epoch55,55,14,validation,96500001,u_1.00,1.0,114447518.27805874,0.33043478260869563,108.0,0.10655737704918032,76e93fce97e67d1fdab3ec1bb06097dc544e906f7ab895f33802c2e42f31ff54
routing_compound_regional_stress,routing_compound_regional_stress:seed96100000:epoch55,55,14,validation,96500002,anchor,-1.0,113293529.53461844,0.33043478260869563,119.0,0.17333333333333334,76e93fce97e67d1fdab3ec1bb06097dc544e906f7ab895f33802c2e42f31ff54
routing_compound_regional_stress,routing_compound_regional_stress:seed96100000:epoch55,55,14,validation,96500002,u_0.00,0.0,113277329.53461844,0.33043478260869563,119.0,0.17333333333333334,76e93fce97e67d1fdab3ec1bb06097dc544e906f7ab895f33802c2e42f31ff54
routing_compound_regional_stress,routing_compound_regional_stress:seed96100000:epoch55,55,14,validation,96500002,u_0.10,0.1,112371257.6609343,0.33043478260869563,117.0,0.16455696202531644,76e93fce97e67d1fdab3ec1bb06097dc544e906f7ab895f33802c2e42f31ff54
routing_compound_regional_stress,routing_compound_regional_stress:seed96100000:epoch55,55,14,validation,96500002,u_0.20,0.2,112639134.42334476,0.33043478260869563,117.0,0.16049382716049382,76e93fce97e67d1fdab3ec1bb06097dc544e906f7ab895f33802c2e42f31ff54
routing_compound_regional_stress,routing_compound_regional_stress:seed96100000:epoch55,55,14,validation,96500002,u_0.30,0.3,112305892.95926395,0.33043478260869563,116.0,0.14942528735632185,76e93fce97e67d1fdab3ec1bb06097dc544e906f7ab895f33802c2e42f31ff54
routing_compound_regional_stress,routing_compound_regional_stress:seed96100000:epoch55,55,14,validation,96500002,u_0.40,0.4,111436123.06605639,0.33043478260869563,114.0,0.13978494623655913,76e93fce97e67d1fdab3ec1bb06097dc544e906f7ab895f33802c2e42f31ff54
routing_compound_regional_stress,routing_compound_regional_stress:seed96100000:epoch55,55,14,validation,96500002,u_0.50,0.5,111427513.57805873,0.33043478260869563,113.0,0.13131313131313133,76e93fce97e67d1fdab3ec1bb06097dc544e906f7ab895f33802c2e42f31ff54
routing_compound_regional_stress,routing_compound_regional_stress:seed96100000:epoch55,55,14,validation,96500002,u_0.60,0.6,112444927.995271,0.33043478260869563,113.0,0.13,76e93fce97e67d1fdab3ec1bb06097dc544e906f7ab895f33802c2e42f31ff54
routing_compound_regional_stress,routing_compound_regional_stress:seed96100000:epoch55,55,14,validation,96500002,u_0.70,0.7,112286497.71769321,0.33043478260869563,111.0,0.12380952380952381,76e93fce97e67d1fdab3ec1bb06097dc544e906f7ab895f33802c2e42f31ff54
routing_compound_regional_stress,routing_compound_regional_stress:seed96100000:epoch55,55,14,validation,96500002,u_0.80,0.8,113402176.25743629,0.33043478260869563,111.0,0.11711711711711711,76e93fce97e67d1fdab3ec1bb06097dc544e906f7ab895f33802c2e42f31ff54
routing_compound_regional_stress,routing_compound_regional_stress:seed96100000:epoch55,55,14,validation,96500002,u_0.90,0.9,114944038.57816735,0.33043478260869563,111.0,0.11607142857142858,76e93fce97e67d1fdab3ec1bb06097dc544e906f7ab895f33802c2e42f31ff54
routing_compound_regional_stress,routing_compound_regional_stress:seed96100000:epoch55,55,14,validation,96500002,u_1.00,1.0,114447518.27805874,0.33043478260869563,108.0,0.10655737704918032,76e93fce97e67d1fdab3ec1bb06097dc544e906f7ab895f33802c2e42f31ff54
routing_compound_regional_stress,routing_compound_regional_stress:seed96100000:epoch55,55,14,validation,96500003,anchor,-1.0,113293529.53461844,0.33043478260869563,119.0,0.17333333333333334,76e93fce97e67d1fdab3ec1bb06097dc544e906f7ab895f33802c2e42f31ff54
routing_compound_regional_stress,routing_compound_regional_stress:seed96100000:epoch55,55,14,validation,96500003,u_0.00,0.0,113277329.53461844,0.33043478260869563,119.0,0.17333333333333334,76e93fce97e67d1fdab3ec1bb06097dc544e906f7ab895f33802c2e42f31ff54
routing_compound_regional_stress,routing_compound_regional_stress:seed96100000:epoch55,55,14,validation,96500003,u_0.10,0.1,112371257.6609343,0.33043478260869563,117.0,0.16455696202531644,76e93fce97e67d1fdab3ec1bb06097dc544e906f7ab895f33802c2e42f31ff54
routing_compound_regional_stress,routing_compound_regional_stress:seed96100000:epoch55,55,14,validation,96500003,u_0.20,0.2,112639134.42334476,0.33043478260869563,117.0,0.16049382716049382,76e93fce97e67d1fdab3ec1bb06097dc544e906f7ab895f33802c2e42f31ff54
routing_compound_regional_stress,routing_compound_regional_stress:seed96100000:epoch55,55,14,validation,96500003,u_0.30,0.3,112305892.95926395,0.33043478260869563,116.0,0.14942528735632185,76e93fce97e67d1fdab3ec1bb06097dc544e906f7ab895f33802c2e42f31ff54
routing_compound_regional_stress,routing_compound_regional_stress:seed96100000:epoch55,55,14,validation,96500003,u_0.40,0.4,111436123.06605639,0.33043478260869563,114.0,0.13978494623655913,76e93fce97e67d1fdab3ec1bb06097dc544e906f7ab895f33802c2e42f31ff54
routing_compound_regional_stress,routing_compound_regional_stress:seed96100000:epoch55,55,14,validation,96500003,u_0.50,0.5,111427513.57805873,0.33043478260869563,113.0,0.13131313131313133,76e93fce97e67d1fdab3ec1bb06097dc544e906f7ab895f33802c2e42f31ff54
routing_compound_regional_stress,routing_compound_regional_stress:seed96100000:epoch55,55,14,validation,96500003,u_0.60,0.6,112444927.995271,0.33043478260869563,113.0,0.13,76e93fce97e67d1fdab3ec1bb06097dc544e906f7ab895f33802c2e42f31ff54
routing_compound_regional_stress,routing_compound_regional_stress:seed96100000:epoch55,55,14,validation,96500003,u_0.70,0.7,112286497.71769321,0.33043478260869563,111.0,0.12380952380952381,76e93fce97e67d1fdab3ec1bb06097dc544e906f7ab895f33802c2e42f31ff54
routing_compound_regional_stress,routing_compound_regional_stress:seed96100000:epoch55,55,14,validation,96500003,u_0.80,0.8,113402176.25743629,0.33043478260869563,111.0,0.11711711711711711,76e93fce97e67d1fdab3ec1bb06097dc544e906f7ab895f33802c2e42f31ff54
routing_compound_regional_stress,routing_compound_regional_stress:seed96100000:epoch55,55,14,validation,96500003,u_0.90,0.9,114944038.57816735,0.33043478260869563,111.0,0.11607142857142858,76e93fce97e67d1fdab3ec1bb06097dc544e906f7ab895f33802c2e42f31ff54
routing_compound_regional_stress,routing_compound_regional_stress:seed96100000:epoch55,55,14,validation,96500003,u_1.00,1.0,114447518.27805874,0.33043478260869563,108.0,0.10655737704918032,76e93fce97e67d1fdab3ec1bb06097dc544e906f7ab895f33802c2e42f31ff54
routing_compound_regional_stress,routing_compound_regional_stress:seed96100000:epoch55,55,14,validation,96500004,anchor,-1.0,113293529.53461844,0.33043478260869563,119.0,0.17333333333333334,76e93fce97e67d1fdab3ec1bb06097dc544e906f7ab895f33802c2e42f31ff54
routing_compound_regional_stress,routing_compound_regional_stress:seed96100000:epoch55,55,14,validation,96500004,u_0.00,0.0,113277329.53461844,0.33043478260869563,119.0,0.17333333333333334,76e93fce97e67d1fdab3ec1bb06097dc544e906f7ab895f33802c2e42f31ff54
routing_compound_regional_stress,routing_compound_regional_stress:seed96100000:epoch55,55,14,validation,96500004,u_0.10,0.1,112371257.6609343,0.33043478260869563,117.0,0.16455696202531644,76e93fce97e67d1fdab3ec1bb06097dc544e906f7ab895f33802c2e42f31ff54
routing_compound_regional_stress,routing_compound_regional_stress:seed96100000:epoch55,55,14,validation,96500004,u_0.20,0.2,112639134.42334476,0.33043478260869563,117.0,0.16049382716049382,76e93fce97e67d1fdab3ec1bb06097dc544e906f7ab895f33802c2e42f31ff54
routing_compound_regional_stress,routing_compound_regional_stress:seed96100000:epoch55,55,14,validation,96500004,u_0.30,0.3,112305892.95926395,0.33043478260869563,116.0,0.14942528735632185,76e93fce97e67d1fdab3ec1bb06097dc544e906f7ab895f33802c2e42f31ff54
routing_compound_regional_stress,routing_compound_regional_stress:seed96100000:epoch55,55,14,validation,96500004,u_0.40,0.4,111436123.06605639,0.33043478260869563,114.0,0.13978494623655913,76e93fce97e67d1fdab3ec1bb06097dc544e906f7ab895f33802c2e42f31ff54
routing_compound_regional_stress,routing_compound_regional_stress:seed96100000:epoch55,55,14,validation,96500004,u_0.50,0.5,111427513.57805873,0.33043478260869563,113.0,0.13131313131313133,76e93fce97e67d1fdab3ec1bb06097dc544e906f7ab895f33802c2e42f31ff54
routing_compound_regional_stress,routing_compound_regional_stress:seed96100000:epoch55,55,14,validation,96500004,u_0.60,0.6,112444927.995271,0.33043478260869563,113.0,0.13,76e93fce97e67d1fdab3ec1bb06097dc544e906f7ab895f33802c2e42f31ff54
routing_compound_regional_stress,routing_compound_regional_stress:seed96100000:epoch55,55,14,validation,96500004,u_0.70,0.7,112286497.71769321,0.33043478260869563,111.0,0.12380952380952381,76e93fce97e67d1fdab3ec1bb06097dc544e906f7ab895f33802c2e42f31ff54
routing_compound_regional_stress,routing_compound_regional_stress:seed96100000:epoch55,55,14,validation,96500004,u_0.80,0.8,113402176.25743629,0.33043478260869563,111.0,0.11711711711711711,76e93fce97e67d1fdab3ec1bb06097dc544e906f7ab895f33802c2e42f31ff54
routing_compound_regional_stress,routing_compound_regional_stress:seed96100000:epoch55,55,14,validation,96500004,u_0.90,0.9,114944038.57816735,0.33043478260869563,111.0,0.11607142857142858,76e93fce97e67d1fdab3ec1bb06097dc544e906f7ab895f33802c2e42f31ff54
routing_compound_regional_stress,routing_compound_regional_stress:seed96100000:epoch55,55,14,validation,96500004,u_1.00,1.0,114447518.27805874,0.33043478260869563,108.0,0.10655737704918032,76e93fce97e67d1fdab3ec1bb06097dc544e906f7ab895f33802c2e42f31ff54
routing_compound_regional_stress,routing_compound_regional_stress:seed96100000:epoch80,80,16,discovery,96400000,anchor,-1.0,116891664.83664253,0.31690140845070425,132.0,0.2711864406779661,76e93fce97e67d1fdab3ec1bb06097dc544e906f7ab895f33802c2e42f31ff54
routing_compound_regional_stress,routing_compound_regional_stress:seed96100000:epoch80,80,16,discovery,96400000,u_0.00,0.0,116875464.84780052,0.31690140845070425,132.0,0.2711864406779661,76e93fce97e67d1fdab3ec1bb06097dc544e906f7ab895f33802c2e42f31ff54
routing_compound_regional_stress,routing_compound_regional_stress:seed96100000:epoch80,80,16,discovery,96400000,u_0.10,0.1,115972543.37711743,0.31690140845070425,130.0,0.23880597014925373,76e93fce97e67d1fdab3ec1bb06097dc544e906f7ab895f33802c2e42f31ff54
routing_compound_regional_stress,routing_compound_regional_stress:seed96100000:epoch80,80,16,discovery,96400000,u_0.20,0.2,116249759.32793215,0.31690140845070425,130.0,0.2222222222222222,76e93fce97e67d1fdab3ec1bb06097dc544e906f7ab895f33802c2e42f31ff54
routing_compound_regional_stress,routing_compound_regional_stress:seed96100000:epoch80,80,16,discovery,96400000,u_0.30,0.3,115508012.37489039,0.31690140845070425,128.0,0.20253164556962025,76e93fce97e67d1fdab3ec1bb06097dc544e906f7ab895f33802c2e42f31ff54
routing_compound_regional_stress,routing_compound_regional_stress:seed96100000:epoch80,80,16,discovery,96400000,u_0.40,0.4,114347142.28374061,0.31690140845070425,125.0,0.18181818181818182,76e93fce97e67d1fdab3ec1bb06097dc544e906f7ab895f33802c2e42f31ff54
routing_compound_regional_stress,routing_compound_regional_stress:seed96100000:epoch80,80,16,discovery,96400000,u_0.50,0.5,114067923.29948302,0.31690140845070425,123.0,0.16842105263157894,76e93fce97e67d1fdab3ec1bb06097dc544e906f7ab895f33802c2e42f31ff54
routing_compound_regional_stress,routing_compound_regional_stress:seed96100000:epoch80,80,16,discovery,96400000,u_0.60,0.6,115295454.52211764,0.31690140845070425,123.0,0.16326530612244897,76e93fce97e67d1fdab3ec1bb06097dc544e906f7ab895f33802c2e42f31ff54
routing_compound_regional_stress,routing_compound_regional_stress:seed96100000:epoch80,80,16,discovery,96400000,u_0.70,0.7,115004182.85164447,0.31690140845070425,120.0,0.1553398058252427,76e93fce97e67d1fdab3ec1bb06097dc544e906f7ab895f33802c2e42f31ff54
routing_compound_regional_stress,routing_compound_regional_stress:seed96100000:epoch80,80,16,discovery,96400000,u_0.80,0.8,115443741.63569766,0.31690140845070425,118.0,0.14678899082568808,76e93fce97e67d1fdab3ec1bb06097dc544e906f7ab895f33802c2e42f31ff54
routing_compound_regional_stress,routing_compound_regional_stress:seed96100000:epoch80,80,16,discovery,96400000,u_0.90,0.9,117365064.73137474,0.31690140845070425,118.0,0.14285714285714285,76e93fce97e67d1fdab3ec1bb06097dc544e906f7ab895f33802c2e42f31ff54
routing_compound_regional_stress,routing_compound_regional_stress:seed96100000:epoch80,80,16,discovery,96400000,u_1.00,1.0,118041056.79948303,0.31690140845070425,116.0,0.13114754098360656,76e93fce97e67d1fdab3ec1bb06097dc544e906f7ab895f33802c2e42f31ff54
routing_compound_regional_stress,routing_compound_regional_stress:seed96100000:epoch80,80,16,discovery,96400001,anchor,-1.0,116891664.83664253,0.31690140845070425,132.0,0.2711864406779661,76e93fce97e67d1fdab3ec1bb06097dc544e906f7ab895f33802c2e42f31ff54
routing_compound_regional_stress,routing_compound_regional_stress:seed96100000:epoch80,80,16,discovery,96400001,u_0.00,0.0,116875464.84780052,0.31690140845070425,132.0,0.2711864406779661,76e93fce97e67d1fdab3ec1bb06097dc544e906f7ab895f33802c2e42f31ff54
routing_compound_regional_stress,routing_compound_regional_stress:seed96100000:epoch80,80,16,discovery,96400001,u_0.10,0.1,115972543.37711743,0.31690140845070425,130.0,0.23880597014925373,76e93fce97e67d1fdab3ec1bb06097dc544e906f7ab895f33802c2e42f31ff54
routing_compound_regional_stress,routing_compound_regional_stress:seed96100000:epoch80,80,16,discovery,96400001,u_0.20,0.2,116249759.32793215,0.31690140845070425,130.0,0.2222222222222222,76e93fce97e67d1fdab3ec1bb06097dc544e906f7ab895f33802c2e42f31ff54
routing_compound_regional_stress,routing_compound_regional_stress:seed96100000:epoch80,80,16,discovery,96400001,u_0.30,0.3,115508012.37489039,0.31690140845070425,128.0,0.20253164556962025,76e93fce97e67d1fdab3ec1bb06097dc544e906f7ab895f33802c2e42f31ff54
routing_compound_regional_stress,routing_compound_regional_stress:seed96100000:epoch80,80,16,discovery,96400001,u_0.40,0.4,114347142.28374061,0.31690140845070425,125.0,0.18181818181818182,76e93fce97e67d1fdab3ec1bb06097dc544e906f7ab895f33802c2e42f31ff54
routing_compound_regional_stress,routing_compound_regional_stress:seed96100000:epoch80,80,16,discovery,96400001,u_0.50,0.5,114067923.29948302,0.31690140845070425,123.0,0.16842105263157894,76e93fce97e67d1fdab3ec1bb06097dc544e906f7ab895f33802c2e42f31ff54
routing_compound_regional_stress,routing_compound_regional_stress:seed96100000:epoch80,80,16,discovery,96400001,u_0.60,0.6,115295454.52211764,0.31690140845070425,123.0,0.16326530612244897,76e93fce97e67d1fdab3ec1bb06097dc544e906f7ab895f33802c2e42f31ff54
routing_compound_regional_stress,routing_compound_regional_stress:seed96100000:epoch80,80,16,discovery,96400001,u_0.70,0.7,115004182.85164447,0.31690140845070425,120.0,0.1553398058252427,76e93fce97e67d1fdab3ec1bb06097dc544e906f7ab895f33802c2e42f31ff54
routing_compound_regional_stress,routing_compound_regional_stress:seed96100000:epoch80,80,16,discovery,96400001,u_0.80,0.8,115443741.63569766,0.31690140845070425,118.0,0.14678899082568808,76e93fce97e67d1fdab3ec1bb06097dc544e906f7ab895f33802c2e42f31ff54
routing_compound_regional_stress,routing_compound_regional_stress:seed96100000:epoch80,80,16,discovery,96400001,u_0.90,0.9,117365064.73137474,0.31690140845070425,118.0,0.14285714285714285,76e93fce97e67d1fdab3ec1bb06097dc544e906f7ab895f33802c2e42f31ff54
routing_compound_regional_stress,routing_compound_regional_stress:seed96100000:epoch80,80,16,discovery,96400001,u_1.00,1.0,118041056.79948303,0.31690140845070425,116.0,0.13114754098360656,76e93fce97e67d1fdab3ec1bb06097dc544e906f7ab895f33802c2e42f31ff54
routing_compound_regional_stress,routing_compound_regional_stress:seed96100000:epoch80,80,16,discovery,96400002,anchor,-1.0,116891664.83664253,0.31690140845070425,132.0,0.2711864406779661,76e93fce97e67d1fdab3ec1bb06097dc544e906f7ab895f33802c2e42f31ff54
routing_compound_regional_stress,routing_compound_regional_stress:seed96100000:epoch80,80,16,discovery,96400002,u_0.00,0.0,116875464.84780052,0.31690140845070425,132.0,0.2711864406779661,76e93fce97e67d1fdab3ec1bb06097dc544e906f7ab895f33802c2e42f31ff54
routing_compound_regional_stress,routing_compound_regional_stress:seed96100000:epoch80,80,16,discovery,96400002,u_0.10,0.1,115972543.37711743,0.31690140845070425,130.0,0.23880597014925373,76e93fce97e67d1fdab3ec1bb06097dc544e906f7ab895f33802c2e42f31ff54
routing_compound_regional_stress,routing_compound_regional_stress:seed96100000:epoch80,80,16,discovery,96400002,u_0.20,0.2,116249759.32793215,0.31690140845070425,130.0,0.2222222222222222,76e93fce97e67d1fdab3ec1bb06097dc544e906f7ab895f33802c2e42f31ff54
routing_compound_regional_stress,routing_compound_regional_stress:seed96100000:epoch80,80,16,discovery,96400002,u_0.30,0.3,115508012.37489039,0.31690140845070425,128.0,0.20253164556962025,76e93fce97e67d1fdab3ec1bb06097dc544e906f7ab895f33802c2e42f31ff54
routing_compound_regional_stress,routing_compound_regional_stress:seed96100000:epoch80,80,16,discovery,96400002,u_0.40,0.4,114347142.28374061,0.31690140845070425,125.0,0.18181818181818182,76e93fce97e67d1fdab3ec1bb06097dc544e906f7ab895f33802c2e42f31ff54
routing_compound_regional_stress,routing_compound_regional_stress:seed96100000:epoch80,80,16,discovery,96400002,u_0.50,0.5,114067923.29948302,0.31690140845070425,123.0,0.16842105263157894,76e93fce97e67d1fdab3ec1bb06097dc544e906f7ab895f33802c2e42f31ff54
routing_compound_regional_stress,routing_compound_regional_stress:seed96100000:epoch80,80,16,discovery,96400002,u_0.60,0.6,115295454.52211764,0.31690140845070425,123.0,0.16326530612244897,76e93fce97e67d1fdab3ec1bb06097dc544e906f7ab895f33802c2e42f31ff54
routing_compound_regional_stress,routing_compound_regional_stress:seed96100000:epoch80,80,16,discovery,96400002,u_0.70,0.7,115004182.85164447,0.31690140845070425,120.0,0.1553398058252427,76e93fce97e67d1fdab3ec1bb06097dc544e906f7ab895f33802c2e42f31ff54
routing_compound_regional_stress,routing_compound_regional_stress:seed96100000:epoch80,80,16,discovery,96400002,u_0.80,0.8,115443741.63569766,0.31690140845070425,118.0,0.14678899082568808,76e93fce97e67d1fdab3ec1bb06097dc544e906f7ab895f33802c2e42f31ff54
routing_compound_regional_stress,routing_compound_regional_stress:seed96100000:epoch80,80,16,discovery,96400002,u_0.90,0.9,117365064.73137474,0.31690140845070425,118.0,0.14285714285714285,76e93fce97e67d1fdab3ec1bb06097dc544e906f7ab895f33802c2e42f31ff54
routing_compound_regional_stress,routing_compound_regional_stress:seed96100000:epoch80,80,16,discovery,96400002,u_1.00,1.0,118041056.79948303,0.31690140845070425,116.0,0.13114754098360656,76e93fce97e67d1fdab3ec1bb06097dc544e906f7ab895f33802c2e42f31ff54
routing_compound_regional_stress,routing_compound_regional_stress:seed96100000:epoch80,80,16,validation,96500000,anchor,-1.0,116891664.83664253,0.31690140845070425,132.0,0.2711864406779661,76e93fce97e67d1fdab3ec1bb06097dc544e906f7ab895f33802c2e42f31ff54
routing_compound_regional_stress,routing_compound_regional_stress:seed96100000:epoch80,80,16,validation,96500000,u_0.00,0.0,116875464.84780052,0.31690140845070425,132.0,0.2711864406779661,76e93fce97e67d1fdab3ec1bb06097dc544e906f7ab895f33802c2e42f31ff54
routing_compound_regional_stress,routing_compound_regional_stress:seed96100000:epoch80,80,16,validation,96500000,u_0.10,0.1,115972543.37711743,0.31690140845070425,130.0,0.23880597014925373,76e93fce97e67d1fdab3ec1bb06097dc544e906f7ab895f33802c2e42f31ff54
routing_compound_regional_stress,routing_compound_regional_stress:seed96100000:epoch80,80,16,validation,96500000,u_0.20,0.2,116249759.32793215,0.31690140845070425,130.0,0.2222222222222222,76e93fce97e67d1fdab3ec1bb06097dc544e906f7ab895f33802c2e42f31ff54
routing_compound_regional_stress,routing_compound_regional_stress:seed96100000:epoch80,80,16,validation,96500000,u_0.30,0.3,115508012.37489039,0.31690140845070425,128.0,0.20253164556962025,76e93fce97e67d1fdab3ec1bb06097dc544e906f7ab895f33802c2e42f31ff54
routing_compound_regional_stress,routing_compound_regional_stress:seed96100000:epoch80,80,16,validation,96500000,u_0.40,0.4,114347142.28374061,0.31690140845070425,125.0,0.18181818181818182,76e93fce97e67d1fdab3ec1bb06097dc544e906f7ab895f33802c2e42f31ff54
routing_compound_regional_stress,routing_compound_regional_stress:seed96100000:epoch80,80,16,validation,96500000,u_0.50,0.5,114067923.29948302,0.31690140845070425,123.0,0.16842105263157894,76e93fce97e67d1fdab3ec1bb06097dc544e906f7ab895f33802c2e42f31ff54
routing_compound_regional_stress,routing_compound_regional_stress:seed96100000:epoch80,80,16,validation,96500000,u_0.60,0.6,115295454.52211764,0.31690140845070425,123.0,0.16326530612244897,76e93fce97e67d1fdab3ec1bb06097dc544e906f7ab895f33802c2e42f31ff54
routing_compound_regional_stress,routing_compound_regional_stress:seed96100000:epoch80,80,16,validation,96500000,u_0.70,0.7,115004182.85164447,0.31690140845070425,120.0,0.1553398058252427,76e93fce97e67d1fdab3ec1bb06097dc544e906f7ab895f33802c2e42f31ff54
routing_compound_regional_stress,routing_compound_regional_stress:seed96100000:epoch80,80,16,validation,96500000,u_0.80,0.8,115443741.63569766,0.31690140845070425,118.0,0.14678899082568808,76e93fce97e67d1fdab3ec1bb06097dc544e906f7ab895f33802c2e42f31ff54
routing_compound_regional_stress,routing_compound_regional_stress:seed96100000:epoch80,80,16,validation,96500000,u_0.90,0.9,117365064.73137474,0.31690140845070425,118.0,0.14285714285714285,76e93fce97e67d1fdab3ec1bb06097dc544e906f7ab895f33802c2e42f31ff54
routing_compound_regional_stress,routing_compound_regional_stress:seed96100000:epoch80,80,16,validation,96500000,u_1.00,1.0,118041056.79948303,0.31690140845070425,116.0,0.13114754098360656,76e93fce97e67d1fdab3ec1bb06097dc544e906f7ab895f33802c2e42f31ff54
routing_compound_regional_stress,routing_compound_regional_stress:seed96100000:epoch80,80,16,validation,96500001,anchor,-1.0,116891664.83664253,0.31690140845070425,132.0,0.2711864406779661,76e93fce97e67d1fdab3ec1bb06097dc544e906f7ab895f33802c2e42f31ff54
routing_compound_regional_stress,routing_compound_regional_stress:seed96100000:epoch80,80,16,validation,96500001,u_0.00,0.0,116875464.84780052,0.31690140845070425,132.0,0.2711864406779661,76e93fce97e67d1fdab3ec1bb06097dc544e906f7ab895f33802c2e42f31ff54
routing_compound_regional_stress,routing_compound_regional_stress:seed96100000:epoch80,80,16,validation,96500001,u_0.10,0.1,115972543.37711743,0.31690140845070425,130.0,0.23880597014925373,76e93fce97e67d1fdab3ec1bb06097dc544e906f7ab895f33802c2e42f31ff54
routing_compound_regional_stress,routing_compound_regional_stress:seed96100000:epoch80,80,16,validation,96500001,u_0.20,0.2,116249759.32793215,0.31690140845070425,130.0,0.2222222222222222,76e93fce97e67d1fdab3ec1bb06097dc544e906f7ab895f33802c2e42f31ff54
routing_compound_regional_stress,routing_compound_regional_stress:seed96100000:epoch80,80,16,validation,96500001,u_0.30,0.3,115508012.37489039,0.31690140845070425,128.0,0.20253164556962025,76e93fce97e67d1fdab3ec1bb06097dc544e906f7ab895f33802c2e42f31ff54
routing_compound_regional_stress,routing_compound_regional_stress:seed96100000:epoch80,80,16,validation,96500001,u_0.40,0.4,114347142.28374061,0.31690140845070425,125.0,0.18181818181818182,76e93fce97e67d1fdab3ec1bb06097dc544e906f7ab895f33802c2e42f31ff54
routing_compound_regional_stress,routing_compound_regional_stress:seed96100000:epoch80,80,16,validation,96500001,u_0.50,0.5,114067923.29948302,0.31690140845070425,123.0,0.16842105263157894,76e93fce97e67d1fdab3ec1bb06097dc544e906f7ab895f33802c2e42f31ff54
routing_compound_regional_stress,routing_compound_regional_stress:seed96100000:epoch80,80,16,validation,96500001,u_0.60,0.6,115295454.52211764,0.31690140845070425,123.0,0.16326530612244897,76e93fce97e67d1fdab3ec1bb06097dc544e906f7ab895f33802c2e42f31ff54
routing_compound_regional_stress,routing_compound_regional_stress:seed96100000:epoch80,80,16,validation,96500001,u_0.70,0.7,115004182.85164447,0.31690140845070425,120.0,0.1553398058252427,76e93fce97e67d1fdab3ec1bb06097dc544e906f7ab895f33802c2e42f31ff54
routing_compound_regional_stress,routing_compound_regional_stress:seed96100000:epoch80,80,16,validation,96500001,u_0.80,0.8,115443741.63569766,0.31690140845070425,118.0,0.14678899082568808,76e93fce97e67d1fdab3ec1bb06097dc544e906f7ab895f33802c2e42f31ff54
routing_compound_regional_stress,routing_compound_regional_stress:seed96100000:epoch80,80,16,validation,96500001,u_0.90,0.9,117365064.73137474,0.31690140845070425,118.0,0.14285714285714285,76e93fce97e67d1fdab3ec1bb06097dc544e906f7ab895f33802c2e42f31ff54
routing_compound_regional_stress,routing_compound_regional_stress:seed96100000:epoch80,80,16,validation,96500001,u_1.00,1.0,118041056.79948303,0.31690140845070425,116.0,0.13114754098360656,76e93fce97e67d1fdab3ec1bb06097dc544e906f7ab895f33802c2e42f31ff54
routing_compound_regional_stress,routing_compound_regional_stress:seed96100000:epoch80,80,16,validation,96500002,anchor,-1.0,116891664.83664253,0.31690140845070425,132.0,0.2711864406779661,76e93fce97e67d1fdab3ec1bb06097dc544e906f7ab895f33802c2e42f31ff54
routing_compound_regional_stress,routing_compound_regional_stress:seed96100000:epoch80,80,16,validation,96500002,u_0.00,0.0,116875464.84780052,0.31690140845070425,132.0,0.2711864406779661,76e93fce97e67d1fdab3ec1bb06097dc544e906f7ab895f33802c2e42f31ff54
routing_compound_regional_stress,routing_compound_regional_stress:seed96100000:epoch80,80,16,validation,96500002,u_0.10,0.1,115972543.37711743,0.31690140845070425,130.0,0.23880597014925373,76e93fce97e67d1fdab3ec1bb06097dc544e906f7ab895f33802c2e42f31ff54
routing_compound_regional_stress,routing_compound_regional_stress:seed96100000:epoch80,80,16,validation,96500002,u_0.20,0.2,116249759.32793215,0.31690140845070425,130.0,0.2222222222222222,76e93fce97e67d1fdab3ec1bb06097dc544e906f7ab895f33802c2e42f31ff54
routing_compound_regional_stress,routing_compound_regional_stress:seed96100000:epoch80,80,16,validation,96500002,u_0.30,0.3,115508012.37489039,0.31690140845070425,128.0,0.20253164556962025,76e93fce97e67d1fdab3ec1bb06097dc544e906f7ab895f33802c2e42f31ff54
routing_compound_regional_stress,routing_compound_regional_stress:seed96100000:epoch80,80,16,validation,96500002,u_0.40,0.4,114347142.28374061,0.31690140845070425,125.0,0.18181818181818182,76e93fce97e67d1fdab3ec1bb06097dc544e906f7ab895f33802c2e42f31ff54
routing_compound_regional_stress,routing_compound_regional_stress:seed96100000:epoch80,80,16,validation,96500002,u_0.50,0.5,114067923.29948302,0.31690140845070425,123.0,0.16842105263157894,76e93fce97e67d1fdab3ec1bb06097dc544e906f7ab895f33802c2e42f31ff54
routing_compound_regional_stress,routing_compound_regional_stress:seed96100000:epoch80,80,16,validation,96500002,u_0.60,0.6,115295454.52211764,0.31690140845070425,123.0,0.16326530612244897,76e93fce97e67d1fdab3ec1bb06097dc544e906f7ab895f33802c2e42f31ff54
routing_compound_regional_stress,routing_compound_regional_stress:seed96100000:epoch80,80,16,validation,96500002,u_0.70,0.7,115004182.85164447,0.31690140845070425,120.0,0.1553398058252427,76e93fce97e67d1fdab3ec1bb06097dc544e906f7ab895f33802c2e42f31ff54
routing_compound_regional_stress,routing_compound_regional_stress:seed96100000:epoch80,80,16,validation,96500002,u_0.80,0.8,115443741.63569766,0.31690140845070425,118.0,0.14678899082568808,76e93fce97e67d1fdab3ec1bb06097dc544e906f7ab895f33802c2e42f31ff54
routing_compound_regional_stress,routing_compound_regional_stress:seed96100000:epoch80,80,16,validation,96500002,u_0.90,0.9,117365064.73137474,0.31690140845070425,118.0,0.14285714285714285,76e93fce97e67d1fdab3ec1bb06097dc544e906f7ab895f33802c2e42f31ff54
routing_compound_regional_stress,routing_compound_regional_stress:seed96100000:epoch80,80,16,validation,96500002,u_1.00,1.0,118041056.79948303,0.31690140845070425,116.0,0.13114754098360656,76e93fce97e67d1fdab3ec1bb06097dc544e906f7ab895f33802c2e42f31ff54
routing_compound_regional_stress,routing_compound_regional_stress:seed96100000:epoch80,80,16,validation,96500003,anchor,-1.0,116891664.83664253,0.31690140845070425,132.0,0.2711864406779661,76e93fce97e67d1fdab3ec1bb06097dc544e906f7ab895f33802c2e42f31ff54
routing_compound_regional_stress,routing_compound_regional_stress:seed96100000:epoch80,80,16,validation,96500003,u_0.00,0.0,116875464.84780052,0.31690140845070425,132.0,0.2711864406779661,76e93fce97e67d1fdab3ec1bb06097dc544e906f7ab895f33802c2e42f31ff54
routing_compound_regional_stress,routing_compound_regional_stress:seed96100000:epoch80,80,16,validation,96500003,u_0.10,0.1,115972543.37711743,0.31690140845070425,130.0,0.23880597014925373,76e93fce97e67d1fdab3ec1bb06097dc544e906f7ab895f33802c2e42f31ff54
routing_compound_regional_stress,routing_compound_regional_stress:seed96100000:epoch80,80,16,validation,96500003,u_0.20,0.2,116249759.32793215,0.31690140845070425,130.0,0.2222222222222222,76e93fce97e67d1fdab3ec1bb06097dc544e906f7ab895f33802c2e42f31ff54
routing_compound_regional_stress,routing_compound_regional_stress:seed96100000:epoch80,80,16,validation,96500003,u_0.30,0.3,115508012.37489039,0.31690140845070425,128.0,0.20253164556962025,76e93fce97e67d1fdab3ec1bb06097dc544e906f7ab895f33802c2e42f31ff54
routing_compound_regional_stress,routing_compound_regional_stress:seed96100000:epoch80,80,16,validation,96500003,u_0.40,0.4,114347142.28374061,0.31690140845070425,125.0,0.18181818181818182,76e93fce97e67d1fdab3ec1bb06097dc544e906f7ab895f33802c2e42f31ff54
routing_compound_regional_stress,routing_compound_regional_stress:seed96100000:epoch80,80,16,validation,96500003,u_0.50,0.5,114067923.29948302,0.31690140845070425,123.0,0.16842105263157894,76e93fce97e67d1fdab3ec1bb06097dc544e906f7ab895f33802c2e42f31ff54
routing_compound_regional_stress,routing_compound_regional_stress:seed96100000:epoch80,80,16,validation,96500003,u_0.60,0.6,115295454.52211764,0.31690140845070425,123.0,0.16326530612244897,76e93fce97e67d1fdab3ec1bb06097dc544e906f7ab895f33802c2e42f31ff54
routing_compound_regional_stress,routing_compound_regional_stress:seed96100000:epoch80,80,16,validation,96500003,u_0.70,0.7,115004182.85164447,0.31690140845070425,120.0,0.1553398058252427,76e93fce97e67d1fdab3ec1bb06097dc544e906f7ab895f33802c2e42f31ff54
routing_compound_regional_stress,routing_compound_regional_stress:seed96100000:epoch80,80,16,validation,96500003,u_0.80,0.8,115443741.63569766,0.31690140845070425,118.0,0.14678899082568808,76e93fce97e67d1fdab3ec1bb06097dc544e906f7ab895f33802c2e42f31ff54
routing_compound_regional_stress,routing_compound_regional_stress:seed96100000:epoch80,80,16,validation,96500003,u_0.90,0.9,117365064.73137474,0.31690140845070425,118.0,0.14285714285714285,76e93fce97e67d1fdab3ec1bb06097dc544e906f7ab895f33802c2e42f31ff54
routing_compound_regional_stress,routing_compound_regional_stress:seed96100000:epoch80,80,16,validation,96500003,u_1.00,1.0,118041056.79948303,0.31690140845070425,116.0,0.13114754098360656,76e93fce97e67d1fdab3ec1bb06097dc544e906f7ab895f33802c2e42f31ff54
routing_compound_regional_stress,routing_compound_regional_stress:seed96100000:epoch80,80,16,validation,96500004,anchor,-1.0,116891664.83664253,0.31690140845070425,132.0,0.2711864406779661,76e93fce97e67d1fdab3ec1bb06097dc544e906f7ab895f33802c2e42f31ff54
routing_compound_regional_stress,routing_compound_regional_stress:seed96100000:epoch80,80,16,validation,96500004,u_0.00,0.0,116875464.84780052,0.31690140845070425,132.0,0.2711864406779661,76e93fce97e67d1fdab3ec1bb06097dc544e906f7ab895f33802c2e42f31ff54
routing_compound_regional_stress,routing_compound_regional_stress:seed96100000:epoch80,80,16,validation,96500004,u_0.10,0.1,115972543.37711743,0.31690140845070425,130.0,0.23880597014925373,76e93fce97e67d1fdab3ec1bb06097dc544e906f7ab895f33802c2e42f31ff54
routing_compound_regional_stress,routing_compound_regional_stress:seed96100000:epoch80,80,16,validation,96500004,u_0.20,0.2,116249759.32793215,0.31690140845070425,130.0,0.2222222222222222,76e93fce97e67d1fdab3ec1bb06097dc544e906f7ab895f33802c2e42f31ff54
routing_compound_regional_stress,routing_compound_regional_stress:seed96100000:epoch80,80,16,validation,96500004,u_0.30,0.3,115508012.37489039,0.31690140845070425,128.0,0.20253164556962025,76e93fce97e67d1fdab3ec1bb06097dc544e906f7ab895f33802c2e42f31ff54
routing_compound_regional_stress,routing_compound_regional_stress:seed96100000:epoch80,80,16,validation,96500004,u_0.40,0.4,114347142.28374061,0.31690140845070425,125.0,0.18181818181818182,76e93fce97e67d1fdab3ec1bb06097dc544e906f7ab895f33802c2e42f31ff54
routing_compound_regional_stress,routing_compound_regional_stress:seed96100000:epoch80,80,16,validation,96500004,u_0.50,0.5,114067923.29948302,0.31690140845070425,123.0,0.16842105263157894,76e93fce97e67d1fdab3ec1bb06097dc544e906f7ab895f33802c2e42f31ff54
routing_compound_regional_stress,routing_compound_regional_stress:seed96100000:epoch80,80,16,validation,96500004,u_0.60,0.6,115295454.52211764,0.31690140845070425,123.0,0.16326530612244897,76e93fce97e67d1fdab3ec1bb06097dc544e906f7ab895f33802c2e42f31ff54
routing_compound_regional_stress,routing_compound_regional_stress:seed96100000:epoch80,80,16,validation,96500004,u_0.70,0.7,115004182.85164447,0.31690140845070425,120.0,0.1553398058252427,76e93fce97e67d1fdab3ec1bb06097dc544e906f7ab895f33802c2e42f31ff54
routing_compound_regional_stress,routing_compound_regional_stress:seed96100000:epoch80,80,16,validation,96500004,u_0.80,0.8,115443741.63569766,0.31690140845070425,118.0,0.14678899082568808,76e93fce97e67d1fdab3ec1bb06097dc544e906f7ab895f33802c2e42f31ff54
routing_compound_regional_stress,routing_compound_regional_stress:seed96100000:epoch80,80,16,validation,96500004,u_0.90,0.9,117365064.73137474,0.31690140845070425,118.0,0.14285714285714285,76e93fce97e67d1fdab3ec1bb06097dc544e906f7ab895f33802c2e42f31ff54
routing_compound_regional_stress,routing_compound_regional_stress:seed96100000:epoch80,80,16,validation,96500004,u_1.00,1.0,118041056.79948303,0.31690140845070425,116.0,0.13114754098360656,76e93fce97e67d1fdab3ec1bb06097dc544e906f7ab895f33802c2e42f31ff54
routing_compound_regional_stress,routing_compound_regional_stress:seed96100001:epoch30,30,15,discovery,96400000,anchor,-1.0,2473812102.780748,0.31380526173040413,2417.0,0.1686046511627907,76e93fce97e67d1fdab3ec1bb06097dc544e906f7ab895f33802c2e42f31ff54
routing_compound_regional_stress,routing_compound_regional_stress:seed96100001:epoch30,30,15,discovery,96400000,u_0.00,0.0,2473812102.780748,0.31380526173040413,2417.0,0.1686046511627907,76e93fce97e67d1fdab3ec1bb06097dc544e906f7ab895f33802c2e42f31ff54
routing_compound_regional_stress,routing_compound_regional_stress:seed96100001:epoch30,30,15,discovery,96400000,u_0.10,0.1,2467640638.2694607,0.3159750474640629,2410.0,0.1660623640319072,76e93fce97e67d1fdab3ec1bb06097dc544e906f7ab895f33802c2e42f31ff54
routing_compound_regional_stress,routing_compound_regional_stress:seed96100001:epoch30,30,15,discovery,96400000,u_0.20,0.2,2465482385.0317955,0.3170599403308923,2406.0,0.16413593637020968,76e93fce97e67d1fdab3ec1bb06097dc544e906f7ab895f33802c2e42f31ff54
routing_compound_regional_stress,routing_compound_regional_stress:seed96100001:epoch30,30,15,discovery,96400000,u_0.30,0.3,2462615487.6003304,0.31922972606455113,2400.0,0.16571018651362984,76e93fce97e67d1fdab3ec1bb06097dc544e906f7ab895f33802c2e42f31ff54
routing_compound_regional_stress,routing_compound_regional_stress:seed96100001:epoch30,30,15,discovery,96400000,u_0.40,0.4,2466119188.5370183,0.31733116354759966,2407.0,0.16702508960573476,76e93fce97e67d1fdab3ec1bb06097dc544e906f7ab895f33802c2e42f31ff54
routing_compound_regional_stress,routing_compound_regional_stress:seed96100001:epoch30,30,15,discovery,96400000,u_0.50,0.5,2467396471.5354424,0.3178736099810144,2403.0,0.16987865810135616,76e93fce97e67d1fdab3ec1bb06097dc544e906f7ab895f33802c2e42f31ff54
routing_compound_regional_stress,routing_compound_regional_stress:seed96100001:epoch30,30,15,discovery,96400000,u_0.60,0.6,2468045804.061103,0.31814483319772174,2402.0,0.16975748930099857,76e93fce97e67d1fdab3ec1bb06097dc544e906f7ab895f33802c2e42f31ff54
routing_compound_regional_stress,routing_compound_regional_stress:seed96100001:epoch30,30,15,discovery,96400000,u_0.70,0.7,2472215128.5671782,0.31733116354759966,2406.0,0.17142857142857143,76e93fce97e67d1fdab3ec1bb06097dc544e906f7ab895f33802c2e42f31ff54
routing_compound_regional_stress,routing_compound_regional_stress:seed96100001:epoch30,30,15,discovery,96400000,u_0.80,0.8,2469048904.262299,0.3186872796311364,2401.0,0.1701067615658363,76e93fce97e67d1fdab3ec1bb06097dc544e906f7ab895f33802c2e42f31ff54
routing_compound_regional_stress,routing_compound_regional_stress:seed96100001:epoch30,30,15,discovery,96400000,u_0.90,0.9,2471288805.0541563,0.3186872796311364,2401.0,0.17069701280227595,76e93fce97e67d1fdab3ec1bb06097dc544e906f7ab895f33802c2e42f31ff54
routing_compound_regional_stress,routing_compound_regional_stress:seed96100001:epoch30,30,15,discovery,96400000,u_1.00,1.0,2472900279.2561665,0.31922972606455113,2399.0,0.16998577524893316,76e93fce97e67d1fdab3ec1bb06097dc544e906f7ab895f33802c2e42f31ff54
routing_compound_regional_stress,routing_compound_regional_stress:seed96100001:epoch30,30,15,discovery,96400001,anchor,-1.0,1653030048.450815,0.4354048964218456,1695.0,0.14050822122571002,76e93fce97e67d1fdab3ec1bb06097dc544e906f7ab895f33802c2e42f31ff54
routing_compound_regional_stress,routing_compound_regional_stress:seed96100001:epoch30,30,15,discovery,96400001,u_0.00,0.0,1653030048.450815,0.4354048964218456,1695.0,0.14050822122571002,76e93fce97e67d1fdab3ec1bb06097dc544e906f7ab895f33802c2e42f31ff54
routing_compound_regional_stress,routing_compound_regional_stress:seed96100001:epoch30,30,15,discovery,96400001,u_0.10,0.1,1649673135.7452781,0.43653483992467046,1692.0,0.13859910581222057,76e93fce97e67d1fdab3ec1bb06097dc544e906f7ab895f33802c2e42f31ff54
routing_compound_regional_stress,routing_compound_regional_stress:seed96100001:epoch30,30,15,discovery,96400001,u_0.20,0.2,1652504271.7873514,0.4350282485875706,1697.0,0.14423791821561338,76e93fce97e67d1fdab3ec1bb06097dc544e906f7ab895f33802c2e42f31ff54
routing_compound_regional_stress,routing_compound_regional_stress:seed96100001:epoch30,30,15,discovery,96400001,u_0.30,0.3,1647133049.4107594,0.4369114877589454,1691.0,0.1426448736998514,76e93fce97e67d1fdab3ec1bb06097dc544e906f7ab895f33802c2e42f31ff54
routing_compound_regional_stress,routing_compound_regional_stress:seed96100001:epoch30,30,15,discovery,96400001,u_0.40,0.4,1645628471.394093,0.4387947269303202,1687.0,0.14010378057820608,76e93fce97e67d1fdab3ec1bb06097dc544e906f7ab895f33802c2e42f31ff54
routing_compound_regional_stress,routing_compound_regional_stress:seed96100001:epoch30,30,15,discovery,96400001,u_0.50,0.5,1639625491.3807354,0.4429378531073446,1676.0,0.1364306784660767,76e93fce97e67d1fdab3ec1bb06097dc544e906f7ab895f33802c2e42f31ff54
routing_compound_regional_stress,routing_compound_regional_stress:seed96100001:epoch30,30,15,discovery,96400001,u_0.60,0.6,1640172157.4345138,0.44331450094161956,1675.0,0.1363301400147384,76e93fce97e67d1fdab3ec1bb06097dc544e906f7ab895f33802c2e42f31ff54
routing_compound_regional_stress,routing_compound_regional_stress:seed96100001:epoch30,30,15,discovery,96400001,u_0.70,0.7,1643510222.919761,0.4429378531073446,1676.0,0.13663220088626293,76e93fce97e67d1fdab3ec1bb06097dc544e906f7ab895f33802c2e42f31ff54
routing_compound_regional_stress,routing_compound_regional_stress:seed96100001:epoch30,30,15,discovery,96400001,u_0.80,0.8,1638884167.6630375,0.4463276836158192,1665.0,0.13499633162142333,76e93fce97e67d1fdab3ec1bb06097dc544e906f7ab895f33802c2e42f31ff54
routing_compound_regional_stress,routing_compound_regional_stress:seed96100001:epoch30,30,15,discovery,96400001,u_0.90,0.9,1639994579.95337,0.44670433145009414,1664.0,0.13426265590608952,76e93fce97e67d1fdab3ec1bb06097dc544e906f7ab895f33802c2e42f31ff54
routing_compound_regional_stress,routing_compound_regional_stress:seed96100001:epoch30,30,15,discovery,96400001,u_1.00,1.0,1638871922.6194656,0.4497175141242938,1659.0,0.12986060161408658,76e93fce97e67d1fdab3ec1bb06097dc544e906f7ab895f33802c2e42f31ff54
routing_compound_regional_stress,routing_compound_regional_stress:seed96100001:epoch30,30,15,discovery,96400002,anchor,-1.0,2220805547.0519314,0.3472716488730724,2187.0,0.15573179524152847,76e93fce97e67d1fdab3ec1bb06097dc544e906f7ab895f33802c2e42f31ff54
routing_compound_regional_stress,routing_compound_regional_stress:seed96100001:epoch30,30,15,discovery,96400002,u_0.00,0.0,2220805547.0519314,0.3472716488730724,2187.0,0.15573179524152847,76e93fce97e67d1fdab3ec1bb06097dc544e906f7ab895f33802c2e42f31ff54
routing_compound_regional_stress,routing_compound_regional_stress:seed96100001:epoch30,30,15,discovery,96400002,u_0.10,0.1,2215209368.1493125,0.3502372479240807,2181.0,0.15456506110711718,76e93fce97e67d1fdab3ec1bb06097dc544e906f7ab895f33802c2e42f31ff54
routing_compound_regional_stress,routing_compound_regional_stress:seed96100001:epoch30,30,15,discovery,96400002,u_0.20,0.2,2209293196.351378,0.35231316725978645,2172.0,0.14942528735632185,76e93fce97e67d1fdab3ec1bb06097dc544e906f7ab895f33802c2e42f31ff54
routing_compound_regional_stress,routing_compound_regional_stress:seed96100001:epoch30,30,15,discovery,96400002,u_0.30,0.3,2207042269.208216,0.3537959667852906,2172.0,0.15092989985693847,76e93fce97e67d1fdab3ec1bb06097dc544e906f7ab895f33802c2e42f31ff54
routing_compound_regional_stress,routing_compound_regional_stress:seed96100001:epoch30,30,15,discovery,96400002,u_0.40,0.4,2213175808.7702856,0.351423487544484,2181.0,0.15736766809728184,76e93fce97e67d1fdab3ec1bb06097dc544e906f7ab895f33802c2e42f31ff54
routing_compound_regional_stress,routing_compound_regional_stress:seed96100001:epoch30,30,15,discovery,96400002,u_0.50,0.5,2214387649.924654,0.35231316725978645,2180.0,0.15714285714285714,76e93fce97e67d1fdab3ec1bb06097dc544e906f7ab895f33802c2e42f31ff54
routing_compound_regional_stress,routing_compound_regional_stress:seed96100001:epoch30,30,15,discovery,96400002,u_0.60,0.6,2215781493.5987597,0.3526097271648873,2179.0,0.15691868758915833,76e93fce97e67d1fdab3ec1bb06097dc544e906f7ab895f33802c2e42f31ff54
routing_compound_regional_stress,routing_compound_regional_stress:seed96100001:epoch30,30,15,discovery,96400002,u_0.70,0.7,2219555822.0442824,0.3517200474495848,2183.0,0.15868477483917084,76e93fce97e67d1fdab3ec1bb06097dc544e906f7ab895f33802c2e42f31ff54
routing_compound_regional_stress,routing_compound_regional_stress:seed96100001:epoch30,30,15,discovery,96400002,u_0.80,0.8,2215850147.598713,0.3540925266903915,2176.0,0.15647226173541964,76e93fce97e67d1fdab3ec1bb06097dc544e906f7ab895f33802c2e42f31ff54
routing_compound_regional_stress,routing_compound_regional_stress:seed96100001:epoch30,30,15,discovery,96400002,u_0.90,0.9,2217262020.8341765,0.3543890865954923,2175.0,0.15636105188343993,76e93fce97e67d1fdab3ec1bb06097dc544e906f7ab895f33802c2e42f31ff54
routing_compound_regional_stress,routing_compound_regional_stress:seed96100001:epoch30,30,15,discovery,96400002,u_1.00,1.0,2220919874.3779397,0.3540925266903915,2177.0,0.15838068181818182,76e93fce97e67d1fdab3ec1bb06097dc544e906f7ab895f33802c2e42f31ff54
routing_compound_regional_stress,routing_compound_regional_stress:seed96100001:epoch30,30,15,validation,96500000,anchor,-1.0,2289125906.8918657,0.3507440024293957,2289.0,0.16521106259097526,76e93fce97e67d1fdab3ec1bb06097dc544e906f7ab895f33802c2e42f31ff54
routing_compound_regional_stress,routing_compound_regional_stress:seed96100001:epoch30,30,15,validation,96500000,u_0.00,0.0,2289125906.8918657,0.3507440024293957,2289.0,0.16521106259097526,76e93fce97e67d1fdab3ec1bb06097dc544e906f7ab895f33802c2e42f31ff54
routing_compound_regional_stress,routing_compound_regional_stress:seed96100001:epoch30,30,15,validation,96500000,u_0.10,0.1,2286204563.454431,0.35226237473428484,2288.0,0.16521106259097526,76e93fce97e67d1fdab3ec1bb06097dc544e906f7ab895f33802c2e42f31ff54
routing_compound_regional_stress,routing_compound_regional_stress:seed96100001:epoch30,30,15,validation,96500000,u_0.20,0.2,2288598050.707547,0.35226237473428484,2297.0,0.16775599128540306,76e93fce97e67d1fdab3ec1bb06097dc544e906f7ab895f33802c2e42f31ff54
routing_compound_regional_stress,routing_compound_regional_stress:seed96100001:epoch30,30,15,validation,96500000,u_0.30,0.3,2281395606.2061105,0.3565138171879745,2284.0,0.1643835616438356,76e93fce97e67d1fdab3ec1bb06097dc544e906f7ab895f33802c2e42f31ff54
routing_compound_regional_stress,routing_compound_regional_stress:seed96100001:epoch30,30,15,validation,96500000,u_0.40,0.4,2292713165.7917924,0.35226237473428484,2298.0,0.17341040462427745,76e93fce97e67d1fdab3ec1bb06097dc544e906f7ab895f33802c2e42f31ff54
routing_compound_regional_stress,routing_compound_regional_stress:seed96100001:epoch30,30,15,validation,96500000,u_0.50,0.5,2291590771.733888,0.35165502581232916,2294.0,0.1768511861969806,76e93fce97e67d1fdab3ec1bb06097dc544e906f7ab895f33802c2e42f31ff54
routing_compound_regional_stress,routing_compound_regional_stress:seed96100001:epoch30,30,15,validation,96500000,u_0.60,0.6,2293635037.1221814,0.35135135135135137,2295.0,0.17875089734386218,76e93fce97e67d1fdab3ec1bb06097dc544e906f7ab895f33802c2e42f31ff54
routing_compound_regional_stress,routing_compound_regional_stress:seed96100001:epoch30,30,15,validation,96500000,u_0.70,0.7,2297493589.574823,0.35104767689037353,2297.0,0.17913669064748203,76e93fce97e67d1fdab3ec1bb06097dc544e906f7ab895f33802c2e42f31ff54
routing_compound_regional_stress,routing_compound_regional_stress:seed96100001:epoch30,30,15,validation,96500000,u_0.80,0.8,2294399311.974197,0.35347707257819616,2288.0,0.17844396859386152,76e93fce97e67d1fdab3ec1bb06097dc544e906f7ab895f33802c2e42f31ff54
routing_compound_regional_stress,routing_compound_regional_stress:seed96100001:epoch30,30,15,validation,96500000,u_0.90,0.9,2295525900.3369517,0.353780747039174,2287.0,0.1783166904422254,76e93fce97e67d1fdab3ec1bb06097dc544e906f7ab895f33802c2e42f31ff54
routing_compound_regional_stress,routing_compound_regional_stress:seed96100001:epoch30,30,15,validation,96500000,u_1.00,1.0,2292551215.410244,0.3577285150318858,2277.0,0.1708185053380783,76e93fce97e67d1fdab3ec1bb06097dc544e906f7ab895f33802c2e42f31ff54
routing_compound_regional_stress,routing_compound_regional_stress:seed96100001:epoch30,30,15,validation,96500001,anchor,-1.0,2393754964.6819873,0.3189219539584503,2388.0,0.17690058479532164,76e93fce97e67d1fdab3ec1bb06097dc544e906f7ab895f33802c2e42f31ff54
routing_compound_regional_stress,routing_compound_regional_stress:seed96100001:epoch30,30,15,validation,96500001,u_0.00,0.0,2393754964.6819873,0.3189219539584503,2388.0,0.17690058479532164,76e93fce97e67d1fdab3ec1bb06097dc544e906f7ab895f33802c2e42f31ff54
routing_compound_regional_stress,routing_compound_regional_stress:seed96100001:epoch30,30,15,validation,96500001,u_0.10,0.1,2389787818.2836456,0.32004491858506456,2383.0,0.175054704595186,76e93fce97e67d1fdab3ec1bb06097dc544e906f7ab895f33802c2e42f31ff54
routing_compound_regional_stress,routing_compound_regional_stress:seed96100001:epoch30,30,15,validation,96500001,u_0.20,0.2,2384481817.1483994,0.3222908478382931,2374.0,0.1730909090909091,76e93fce97e67d1fdab3ec1bb06097dc544e906f7ab895f33802c2e42f31ff54
routing_compound_regional_stress,routing_compound_regional_stress:seed96100001:epoch30,30,15,validation,96500001,u_0.30,0.3,2379170619.041044,0.32537900056148233,2368.0,0.17136659436008678,76e93fce97e67d1fdab3ec1bb06097dc544e906f7ab895f33802c2e42f31ff54
routing_compound_regional_stress,routing_compound_regional_stress:seed96100001:epoch30,30,15,validation,96500001,u_0.40,0.4,2387493506.355917,0.32201010668163954,2379.0,0.17630057803468208,76e93fce97e67d1fdab3ec1bb06097dc544e906f7ab895f33802c2e42f31ff54
routing_compound_regional_stress,routing_compound_regional_stress:seed96100001:epoch30,30,15,validation,96500001,u_0.50,0.5,2385078819.139087,0.3236945536215609,2376.0,0.17638588912886968,76e93fce97e67d1fdab3ec1bb06097dc544e906f7ab895f33802c2e42f31ff54
routing_compound_regional_stress,routing_compound_regional_stress:seed96100001:epoch30,30,15,validation,96500001,u_0.60,0.6,2385996133.004611,0.32397529477821446,2375.0,0.17625899280575538,76e93fce97e67d1fdab3ec1bb06097dc544e906f7ab895f33802c2e42f31ff54
routing_compound_regional_stress,routing_compound_regional_stress:seed96100001:epoch30,30,15,validation,96500001,u_0.70,0.7,2390984128.158031,0.3228523301516002,2379.0,0.1780821917808219,76e93fce97e67d1fdab3ec1bb06097dc544e906f7ab895f33802c2e42f31ff54
routing_compound_regional_stress,routing_compound_regional_stress:seed96100001:epoch30,30,15,validation,96500001,u_0.80,0.8,2384752181.846118,0.32594048287478944,2365.0,0.17655468191565404,76e93fce97e67d1fdab3ec1bb06097dc544e906f7ab895f33802c2e42f31ff54
routing_compound_regional_stress,routing_compound_regional_stress:seed96100001:epoch30,30,15,validation,96500001,u_0.90,0.9,2385769535.4688067,0.326221224031443,2364.0,0.17642857142857143,76e93fce97e67d1fdab3ec1bb06097dc544e906f7ab895f33802c2e42f31ff54
routing_compound_regional_stress,routing_compound_regional_stress:seed96100001:epoch30,30,15,validation,96500001,u_1.00,1.0,2387376774.722377,0.32734418865805726,2362.0,0.17558886509635974,76e93fce97e67d1fdab3ec1bb06097dc544e906f7ab895f33802c2e42f31ff54
routing_compound_regional_stress,routing_compound_regional_stress:seed96100001:epoch30,30,15,validation,96500002,anchor,-1.0,2103178607.3823698,0.3615503875968992,2122.0,0.15904139433551198,76e93fce97e67d1fdab3ec1bb06097dc544e906f7ab895f33802c2e42f31ff54
routing_compound_regional_stress,routing_compound_regional_stress:seed96100001:epoch30,30,15,validation,96500002,u_0.00,0.0,2103178607.3823698,0.3615503875968992,2122.0,0.15904139433551198,76e93fce97e67d1fdab3ec1bb06097dc544e906f7ab895f33802c2e42f31ff54
routing_compound_regional_stress,routing_compound_regional_stress:seed96100001:epoch30,30,15,validation,96500002,u_0.10,0.1,2101989702.569039,0.3621705426356589,2123.0,0.16002896451846488,76e93fce97e67d1fdab3ec1bb06097dc544e906f7ab895f33802c2e42f31ff54
routing_compound_regional_stress,routing_compound_regional_stress:seed96100001:epoch30,30,15,validation,96500002,u_0.20,0.2,2098001255.7702856,0.364031007751938,2119.0,0.15800865800865802,76e93fce97e67d1fdab3ec1bb06097dc544e906f7ab895f33802c2e42f31ff54
routing_compound_regional_stress,routing_compound_regional_stress:seed96100001:epoch30,30,15,validation,96500002,u_0.30,0.3,2093461008.833939,0.36589147286821705,2113.0,0.15793251974156497,76e93fce97e67d1fdab3ec1bb06097dc544e906f7ab895f33802c2e42f31ff54
routing_compound_regional_stress,routing_compound_regional_stress:seed96100001:epoch30,30,15,validation,96500002,u_0.40,0.4,2095777529.5827103,0.3643410852713178,2115.0,0.15876436781609196,76e93fce97e67d1fdab3ec1bb06097dc544e906f7ab895f33802c2e42f31ff54
routing_compound_regional_stress,routing_compound_regional_stress:seed96100001:epoch30,30,15,validation,96500002,u_0.50,0.5,2095621199.7290986,0.36465116279069765,2110.0,0.1563845050215208,76e93fce97e67d1fdab3ec1bb06097dc544e906f7ab895f33802c2e42f31ff54
routing_compound_regional_stress,routing_compound_regional_stress:seed96100001:epoch30,30,15,validation,96500002,u_0.60,0.6,2096254567.32674,0.36496124031007754,2109.0,0.1556671449067432,76e93fce97e67d1fdab3ec1bb06097dc544e906f7ab895f33802c2e42f31ff54
routing_compound_regional_stress,routing_compound_regional_stress:seed96100001:epoch30,30,15,validation,96500002,u_0.70,0.7,2099686922.27812,0.36465116279069765,2112.0,0.15550755939524838,76e93fce97e67d1fdab3ec1bb06097dc544e906f7ab895f33802c2e42f31ff54
routing_compound_regional_stress,routing_compound_regional_stress:seed96100001:epoch30,30,15,validation,96500002,u_0.80,0.8,2098329796.019496,0.3665116279069767,2106.0,0.15472779369627507,76e93fce97e67d1fdab3ec1bb06097dc544e906f7ab895f33802c2e42f31ff54
routing_compound_regional_stress,routing_compound_regional_stress:seed96100001:epoch30,30,15,validation,96500002,u_0.90,0.9,2099363767.1851885,0.36713178294573645,2105.0,0.15461703650680028,76e93fce97e67d1fdab3ec1bb06097dc544e906f7ab895f33802c2e42f31ff54
routing_compound_regional_stress,routing_compound_regional_stress:seed96100001:epoch30,30,15,validation,96500002,u_1.00,1.0,2100810572.4222484,0.36806201550387596,2104.0,0.15379113018597998,76e93fce97e67d1fdab3ec1bb06097dc544e906f7ab895f33802c2e42f31ff54
routing_compound_regional_stress,routing_compound_regional_stress:seed96100001:epoch30,30,15,validation,96500003,anchor,-1.0,2130973666.4581497,0.37110481586402266,2120.0,0.15014577259475217,76e93fce97e67d1fdab3ec1bb06097dc544e906f7ab895f33802c2e42f31ff54
routing_compound_regional_stress,routing_compound_regional_stress:seed96100001:epoch30,30,15,validation,96500003,u_0.00,0.0,2130973666.4581497,0.37110481586402266,2120.0,0.15014577259475217,76e93fce97e67d1fdab3ec1bb06097dc544e906f7ab895f33802c2e42f31ff54
routing_compound_regional_stress,routing_compound_regional_stress:seed96100001:epoch30,30,15,validation,96500003,u_0.10,0.1,2128342946.964231,0.37299338999055714,2115.0,0.1503267973856209,76e93fce97e67d1fdab3ec1bb06097dc544e906f7ab895f33802c2e42f31ff54
routing_compound_regional_stress,routing_compound_regional_stress:seed96100001:epoch30,30,15,validation,96500003,u_0.20,0.2,2127406700.4531488,0.37393767705382436,2113.0,0.1510115606936416,76e93fce97e67d1fdab3ec1bb06097dc544e906f7ab895f33802c2e42f31ff54
routing_compound_regional_stress,routing_compound_regional_stress:seed96100001:epoch30,30,15,validation,96500003,u_0.30,0.3,2121895749.0441828,0.37708530059804846,2100.0,0.15257879656160458,76e93fce97e67d1fdab3ec1bb06097dc544e906f7ab895f33802c2e42f31ff54
routing_compound_regional_stress,routing_compound_regional_stress:seed96100001:epoch30,30,15,validation,96500003,u_0.40,0.4,2127186784.7208514,0.37551148882593643,2106.0,0.15604867573371511,76e93fce97e67d1fdab3ec1bb06097dc544e906f7ab895f33802c2e42f31ff54
routing_compound_regional_stress,routing_compound_regional_stress:seed96100001:epoch30,30,15,validation,96500003,u_0.50,0.5,2124039563.6594014,0.37708530059804846,2097.0,0.15466856735566642,76e93fce97e67d1fdab3ec1bb06097dc544e906f7ab895f33802c2e42f31ff54
routing_compound_regional_stress,routing_compound_regional_stress:seed96100001:epoch30,30,15,validation,96500003,u_0.60,0.6,2124714283.4305089,0.37740006295247086,2096.0,0.15455840455840456,76e93fce97e67d1fdab3ec1bb06097dc544e906f7ab895f33802c2e42f31ff54
routing_compound_regional_stress,routing_compound_regional_stress:seed96100001:epoch30,30,15,validation,96500003,u_0.70,0.7,2129184616.3865075,0.37645577588920365,2100.0,0.15560314061384725,76e93fce97e67d1fdab3ec1bb06097dc544e906f7ab895f33802c2e42f31ff54
routing_compound_regional_stress,routing_compound_regional_stress:seed96100001:epoch30,30,15,validation,96500003,u_0.80,0.8,2127003361.8646808,0.37834435001573813,2095.0,0.15493958777540867,76e93fce97e67d1fdab3ec1bb06097dc544e906f7ab895f33802c2e42f31ff54
routing_compound_regional_stress,routing_compound_regional_stress:seed96100001:epoch30,30,15,validation,96500003,u_0.90,0.9,2128415235.1092293,0.37865911237016053,2094.0,0.15482954545454544,76e93fce97e67d1fdab3ec1bb06097dc544e906f7ab895f33802c2e42f31ff54
routing_compound_regional_stress,routing_compound_regional_stress:seed96100001:epoch30,30,15,validation,96500003,u_1.00,1.0,2131915167.355417,0.37960339943342775,2092.0,0.1540099361249113,76e93fce97e67d1fdab3ec1bb06097dc544e906f7ab895f33802c2e42f31ff54
routing_compound_regional_stress,routing_compound_regional_stress:seed96100001:epoch30,30,15,validation,96500004,anchor,-1.0,2067637305.0981784,0.3656763590391909,2095.0,0.16715116279069767,76e93fce97e67d1fdab3ec1bb06097dc544e906f7ab895f33802c2e42f31ff54
routing_compound_regional_stress,routing_compound_regional_stress:seed96100001:epoch30,30,15,validation,96500004,u_0.00,0.0,2067637305.0981784,0.3656763590391909,2095.0,0.16715116279069767,76e93fce97e67d1fdab3ec1bb06097dc544e906f7ab895f33802c2e42f31ff54
routing_compound_regional_stress,routing_compound_regional_stress:seed96100001:epoch30,30,15,validation,96500004,u_0.10,0.1,2060870020.309435,0.36820480404551204,2085.0,0.16171138506163887,76e93fce97e67d1fdab3ec1bb06097dc544e906f7ab895f33802c2e42f31ff54
routing_compound_regional_stress,routing_compound_regional_stress:seed96100001:epoch30,30,15,validation,96500004,u_0.20,0.2,2058801564.096146,0.3697850821744627,2079.0,0.16257225433526012,76e93fce97e67d1fdab3ec1bb06097dc544e906f7ab895f33802c2e42f31ff54
routing_compound_regional_stress,routing_compound_regional_stress:seed96100001:epoch30,30,15,validation,96500004,u_0.30,0.3,2050510068.1535828,0.3751580278128951,2061.0,0.15865039483129936,76e93fce97e67d1fdab3ec1bb06097dc544e906f7ab895f33802c2e42f31ff54
routing_compound_regional_stress,routing_compound_regional_stress:seed96100001:epoch30,30,15,validation,96500004,u_0.40,0.4,2057110157.5758638,0.3713653603034134,2069.0,0.16355810616929697,76e93fce97e67d1fdab3ec1bb06097dc544e906f7ab895f33802c2e42f31ff54
routing_compound_regional_stress,routing_compound_regional_stress:seed96100001:epoch30,30,15,validation,96500004,u_0.50,0.5,2055206157.5603743,0.37357774968394436,2062.0,0.16212338593974174,76e93fce97e67d1fdab3ec1bb06097dc544e906f7ab895f33802c2e42f31ff54
routing_compound_regional_stress,routing_compound_regional_stress:seed96100001:epoch30,30,15,validation,96500004,u_0.60,0.6,2054870601.379847,0.3745259165613148,2059.0,0.16008614501076812,76e93fce97e67d1fdab3ec1bb06097dc544e906f7ab895f33802c2e42f31ff54
routing_compound_regional_stress,routing_compound_regional_stress:seed96100001:epoch30,30,15,validation,96500004,u_0.70,0.7,2058437575.590516,0.3745259165613148,2063.0,0.15959741193386054,76e93fce97e67d1fdab3ec1bb06097dc544e906f7ab895f33802c2e42f31ff54
routing_compound_regional_stress,routing_compound_regional_stress:seed96100001:epoch30,30,15,validation,96500004,u_0.80,0.8,2056441299.4030693,0.37610619469026546,2060.0,0.15962777380100215,76e93fce97e67d1fdab3ec1bb06097dc544e906f7ab895f33802c2e42f31ff54
routing_compound_regional_stress,routing_compound_regional_stress:seed96100001:epoch30,30,15,validation,96500004,u_0.90,0.9,2057079346.3482766,0.37673830594184576,2057.0,0.15962777380100215,76e93fce97e67d1fdab3ec1bb06097dc544e906f7ab895f33802c2e42f31ff54
routing_compound_regional_stress,routing_compound_regional_stress:seed96100001:epoch30,30,15,validation,96500004,u_1.00,1.0,2059392184.3025587,0.37642225031605564,2058.0,0.16045845272206305,76e93fce97e67d1fdab3ec1bb06097dc544e906f7ab895f33802c2e42f31ff54
routing_compound_regional_stress,routing_compound_regional_stress:seed96100001:epoch55,55,16,discovery,96400000,anchor,-1.0,80847270.87533423,0.3010204081632653,64.0,0.14814814814814814,76e93fce97e67d1fdab3ec1bb06097dc544e906f7ab895f33802c2e42f31ff54
routing_compound_regional_stress,routing_compound_regional_stress:seed96100001:epoch55,55,16,discovery,96400000,u_0.00,0.0,80828835.01204848,0.3010204081632653,64.0,0.1509433962264151,76e93fce97e67d1fdab3ec1bb06097dc544e906f7ab895f33802c2e42f31ff54
routing_compound_regional_stress,routing_compound_regional_stress:seed96100001:epoch55,55,16,discovery,96400000,u_0.10,0.1,81009871.72743069,0.3010204081632653,64.0,0.13559322033898305,76e93fce97e67d1fdab3ec1bb06097dc544e906f7ab895f33802c2e42f31ff54
routing_compound_regional_stress,routing_compound_regional_stress:seed96100001:epoch55,55,16,discovery,96400000,u_0.20,0.2,80821575.77163646,0.3010204081632653,63.0,0.125,76e93fce97e67d1fdab3ec1bb06097dc544e906f7ab895f33802c2e42f31ff54
routing_compound_regional_stress,routing_compound_regional_stress:seed96100001:epoch55,55,16,discovery,96400000,u_0.30,0.3,79573300.92363912,0.3010204081632653,60.0,0.11267605633802817,76e93fce97e67d1fdab3ec1bb06097dc544e906f7ab895f33802c2e42f31ff54
routing_compound_regional_stress,routing_compound_regional_stress:seed96100001:epoch55,55,16,discovery,96400000,u_0.40,0.4,78752741.72951588,0.3010204081632653,57.0,0.1038961038961039,76e93fce97e67d1fdab3ec1bb06097dc544e906f7ab895f33802c2e42f31ff54
routing_compound_regional_stress,routing_compound_regional_stress:seed96100001:epoch55,55,16,discovery,96400000,u_0.50,0.5,79236068.24742553,0.3010204081632653,56.0,0.0963855421686747,76e93fce97e67d1fdab3ec1bb06097dc544e906f7ab895f33802c2e42f31ff54
routing_compound_regional_stress,routing_compound_regional_stress:seed96100001:epoch55,55,16,discovery,96400000,u_0.60,0.6,80786426.67325734,0.3010204081632653,56.0,0.09523809523809523,76e93fce97e67d1fdab3ec1bb06097dc544e906f7ab895f33802c2e42f31ff54
routing_compound_regional_stress,routing_compound_regional_stress:seed96100001:epoch55,55,16,discovery,96400000,u_0.70,0.7,80813613.00701132,0.3010204081632653,53.0,0.0898876404494382,76e93fce97e67d1fdab3ec1bb06097dc544e906f7ab895f33802c2e42f31ff54
routing_compound_regional_stress,routing_compound_regional_stress:seed96100001:epoch55,55,16,discovery,96400000,u_0.80,0.8,82119699.71745744,0.3010204081632653,52.0,0.08421052631578947,76e93fce97e67d1fdab3ec1bb06097dc544e906f7ab895f33802c2e42f31ff54
routing_compound_regional_stress,routing_compound_regional_stress:seed96100001:epoch55,55,16,discovery,96400000,u_0.90,0.9,83917690.09828582,0.3010204081632653,51.0,0.08333333333333333,76e93fce97e67d1fdab3ec1bb06097dc544e906f7ab895f33802c2e42f31ff54
routing_compound_regional_stress,routing_compound_regional_stress:seed96100001:epoch55,55,16,discovery,96400000,u_1.00,1.0,84904216.54742552,0.3010204081632653,49.0,0.07476635514018691,76e93fce97e67d1fdab3ec1bb06097dc544e906f7ab895f33802c2e42f31ff54
routing_compound_regional_stress,routing_compound_regional_stress:seed96100001:epoch55,55,16,discovery,96400001,anchor,-1.0,80847270.87533423,0.3010204081632653,64.0,0.14814814814814814,76e93fce97e67d1fdab3ec1bb06097dc544e906f7ab895f33802c2e42f31ff54
routing_compound_regional_stress,routing_compound_regional_stress:seed96100001:epoch55,55,16,discovery,96400001,u_0.00,0.0,80828835.01204848,0.3010204081632653,64.0,0.1509433962264151,76e93fce97e67d1fdab3ec1bb06097dc544e906f7ab895f33802c2e42f31ff54
routing_compound_regional_stress,routing_compound_regional_stress:seed96100001:epoch55,55,16,discovery,96400001,u_0.10,0.1,81009871.72743069,0.3010204081632653,64.0,0.13559322033898305,76e93fce97e67d1fdab3ec1bb06097dc544e906f7ab895f33802c2e42f31ff54
routing_compound_regional_stress,routing_compound_regional_stress:seed96100001:epoch55,55,16,discovery,96400001,u_0.20,0.2,80821575.77163646,0.3010204081632653,63.0,0.125,76e93fce97e67d1fdab3ec1bb06097dc544e906f7ab895f33802c2e42f31ff54
routing_compound_regional_stress,routing_compound_regional_stress:seed96100001:epoch55,55,16,discovery,96400001,u_0.30,0.3,79573300.92363912,0.3010204081632653,60.0,0.11267605633802817,76e93fce97e67d1fdab3ec1bb06097dc544e906f7ab895f33802c2e42f31ff54
routing_compound_regional_stress,routing_compound_regional_stress:seed96100001:epoch55,55,16,discovery,96400001,u_0.40,0.4,78752741.72951588,0.3010204081632653,57.0,0.1038961038961039,76e93fce97e67d1fdab3ec1bb06097dc544e906f7ab895f33802c2e42f31ff54
routing_compound_regional_stress,routing_compound_regional_stress:seed96100001:epoch55,55,16,discovery,96400001,u_0.50,0.5,79236068.24742553,0.3010204081632653,56.0,0.0963855421686747,76e93fce97e67d1fdab3ec1bb06097dc544e906f7ab895f33802c2e42f31ff54
routing_compound_regional_stress,routing_compound_regional_stress:seed96100001:epoch55,55,16,discovery,96400001,u_0.60,0.6,80786426.67325734,0.3010204081632653,56.0,0.09523809523809523,76e93fce97e67d1fdab3ec1bb06097dc544e906f7ab895f33802c2e42f31ff54
routing_compound_regional_stress,routing_compound_regional_stress:seed96100001:epoch55,55,16,discovery,96400001,u_0.70,0.7,80813613.00701132,0.3010204081632653,53.0,0.0898876404494382,76e93fce97e67d1fdab3ec1bb06097dc544e906f7ab895f33802c2e42f31ff54
routing_compound_regional_stress,routing_compound_regional_stress:seed96100001:epoch55,55,16,discovery,96400001,u_0.80,0.8,82119699.71745744,0.3010204081632653,52.0,0.08421052631578947,76e93fce97e67d1fdab3ec1bb06097dc544e906f7ab895f33802c2e42f31ff54
routing_compound_regional_stress,routing_compound_regional_stress:seed96100001:epoch55,55,16,discovery,96400001,u_0.90,0.9,83917690.09828582,0.3010204081632653,51.0,0.08333333333333333,76e93fce97e67d1fdab3ec1bb06097dc544e906f7ab895f33802c2e42f31ff54
routing_compound_regional_stress,routing_compound_regional_stress:seed96100001:epoch55,55,16,discovery,96400001,u_1.00,1.0,84904216.54742552,0.3010204081632653,49.0,0.07476635514018691,76e93fce97e67d1fdab3ec1bb06097dc544e906f7ab895f33802c2e42f31ff54
routing_compound_regional_stress,routing_compound_regional_stress:seed96100001:epoch55,55,16,discovery,96400002,anchor,-1.0,80847270.87533423,0.3010204081632653,64.0,0.14814814814814814,76e93fce97e67d1fdab3ec1bb06097dc544e906f7ab895f33802c2e42f31ff54
routing_compound_regional_stress,routing_compound_regional_stress:seed96100001:epoch55,55,16,discovery,96400002,u_0.00,0.0,80828835.01204848,0.3010204081632653,64.0,0.1509433962264151,76e93fce97e67d1fdab3ec1bb06097dc544e906f7ab895f33802c2e42f31ff54
routing_compound_regional_stress,routing_compound_regional_stress:seed96100001:epoch55,55,16,discovery,96400002,u_0.10,0.1,81009871.72743069,0.3010204081632653,64.0,0.13559322033898305,76e93fce97e67d1fdab3ec1bb06097dc544e906f7ab895f33802c2e42f31ff54
routing_compound_regional_stress,routing_compound_regional_stress:seed96100001:epoch55,55,16,discovery,96400002,u_0.20,0.2,80821575.77163646,0.3010204081632653,63.0,0.125,76e93fce97e67d1fdab3ec1bb06097dc544e906f7ab895f33802c2e42f31ff54
routing_compound_regional_stress,routing_compound_regional_stress:seed96100001:epoch55,55,16,discovery,96400002,u_0.30,0.3,79573300.92363912,0.3010204081632653,60.0,0.11267605633802817,76e93fce97e67d1fdab3ec1bb06097dc544e906f7ab895f33802c2e42f31ff54
routing_compound_regional_stress,routing_compound_regional_stress:seed96100001:epoch55,55,16,discovery,96400002,u_0.40,0.4,78752741.72951588,0.3010204081632653,57.0,0.1038961038961039,76e93fce97e67d1fdab3ec1bb06097dc544e906f7ab895f33802c2e42f31ff54
routing_compound_regional_stress,routing_compound_regional_stress:seed96100001:epoch55,55,16,discovery,96400002,u_0.50,0.5,79236068.24742553,0.3010204081632653,56.0,0.0963855421686747,76e93fce97e67d1fdab3ec1bb06097dc544e906f7ab895f33802c2e42f31ff54
routing_compound_regional_stress,routing_compound_regional_stress:seed96100001:epoch55,55,16,discovery,96400002,u_0.60,0.6,80786426.67325734,0.3010204081632653,56.0,0.09523809523809523,76e93fce97e67d1fdab3ec1bb06097dc544e906f7ab895f33802c2e42f31ff54
routing_compound_regional_stress,routing_compound_regional_stress:seed96100001:epoch55,55,16,discovery,96400002,u_0.70,0.7,80813613.00701132,0.3010204081632653,53.0,0.0898876404494382,76e93fce97e67d1fdab3ec1bb06097dc544e906f7ab895f33802c2e42f31ff54
routing_compound_regional_stress,routing_compound_regional_stress:seed96100001:epoch55,55,16,discovery,96400002,u_0.80,0.8,82119699.71745744,0.3010204081632653,52.0,0.08421052631578947,76e93fce97e67d1fdab3ec1bb06097dc544e906f7ab895f33802c2e42f31ff54
routing_compound_regional_stress,routing_compound_regional_stress:seed96100001:epoch55,55,16,discovery,96400002,u_0.90,0.9,83917690.09828582,0.3010204081632653,51.0,0.08333333333333333,76e93fce97e67d1fdab3ec1bb06097dc544e906f7ab895f33802c2e42f31ff54
routing_compound_regional_stress,routing_compound_regional_stress:seed96100001:epoch55,55,16,discovery,96400002,u_1.00,1.0,84904216.54742552,0.3010204081632653,49.0,0.07476635514018691,76e93fce97e67d1fdab3ec1bb06097dc544e906f7ab895f33802c2e42f31ff54
routing_compound_regional_stress,routing_compound_regional_stress:seed96100001:epoch55,55,16,validation,96500000,anchor,-1.0,80847270.87533423,0.3010204081632653,64.0,0.14814814814814814,76e93fce97e67d1fdab3ec1bb06097dc544e906f7ab895f33802c2e42f31ff54
routing_compound_regional_stress,routing_compound_regional_stress:seed96100001:epoch55,55,16,validation,96500000,u_0.00,0.0,80828835.01204848,0.3010204081632653,64.0,0.1509433962264151,76e93fce97e67d1fdab3ec1bb06097dc544e906f7ab895f33802c2e42f31ff54
routing_compound_regional_stress,routing_compound_regional_stress:seed96100001:epoch55,55,16,validation,96500000,u_0.10,0.1,81009871.72743069,0.3010204081632653,64.0,0.13559322033898305,76e93fce97e67d1fdab3ec1bb06097dc544e906f7ab895f33802c2e42f31ff54
routing_compound_regional_stress,routing_compound_regional_stress:seed96100001:epoch55,55,16,validation,96500000,u_0.20,0.2,80821575.77163646,0.3010204081632653,63.0,0.125,76e93fce97e67d1fdab3ec1bb06097dc544e906f7ab895f33802c2e42f31ff54
routing_compound_regional_stress,routing_compound_regional_stress:seed96100001:epoch55,55,16,validation,96500000,u_0.30,0.3,79573300.92363912,0.3010204081632653,60.0,0.11267605633802817,76e93fce97e67d1fdab3ec1bb06097dc544e906f7ab895f33802c2e42f31ff54
routing_compound_regional_stress,routing_compound_regional_stress:seed96100001:epoch55,55,16,validation,96500000,u_0.40,0.4,78752741.72951588,0.3010204081632653,57.0,0.1038961038961039,76e93fce97e67d1fdab3ec1bb06097dc544e906f7ab895f33802c2e42f31ff54
routing_compound_regional_stress,routing_compound_regional_stress:seed96100001:epoch55,55,16,validation,96500000,u_0.50,0.5,79236068.24742553,0.3010204081632653,56.0,0.0963855421686747,76e93fce97e67d1fdab3ec1bb06097dc544e906f7ab895f33802c2e42f31ff54
routing_compound_regional_stress,routing_compound_regional_stress:seed96100001:epoch55,55,16,validation,96500000,u_0.60,0.6,80786426.67325734,0.3010204081632653,56.0,0.09523809523809523,76e93fce97e67d1fdab3ec1bb06097dc544e906f7ab895f33802c2e42f31ff54
routing_compound_regional_stress,routing_compound_regional_stress:seed96100001:epoch55,55,16,validation,96500000,u_0.70,0.7,80813613.00701132,0.3010204081632653,53.0,0.0898876404494382,76e93fce97e67d1fdab3ec1bb06097dc544e906f7ab895f33802c2e42f31ff54
routing_compound_regional_stress,routing_compound_regional_stress:seed96100001:epoch55,55,16,validation,96500000,u_0.80,0.8,82119699.71745744,0.3010204081632653,52.0,0.08421052631578947,76e93fce97e67d1fdab3ec1bb06097dc544e906f7ab895f33802c2e42f31ff54
routing_compound_regional_stress,routing_compound_regional_stress:seed96100001:epoch55,55,16,validation,96500000,u_0.90,0.9,83917690.09828582,0.3010204081632653,51.0,0.08333333333333333,76e93fce97e67d1fdab3ec1bb06097dc544e906f7ab895f33802c2e42f31ff54
routing_compound_regional_stress,routing_compound_regional_stress:seed96100001:epoch55,55,16,validation,96500000,u_1.00,1.0,84904216.54742552,0.3010204081632653,49.0,0.07476635514018691,76e93fce97e67d1fdab3ec1bb06097dc544e906f7ab895f33802c2e42f31ff54
routing_compound_regional_stress,routing_compound_regional_stress:seed96100001:epoch55,55,16,validation,96500001,anchor,-1.0,80847270.87533423,0.3010204081632653,64.0,0.14814814814814814,76e93fce97e67d1fdab3ec1bb06097dc544e906f7ab895f33802c2e42f31ff54
routing_compound_regional_stress,routing_compound_regional_stress:seed96100001:epoch55,55,16,validation,96500001,u_0.00,0.0,80828835.01204848,0.3010204081632653,64.0,0.1509433962264151,76e93fce97e67d1fdab3ec1bb06097dc544e906f7ab895f33802c2e42f31ff54
routing_compound_regional_stress,routing_compound_regional_stress:seed96100001:epoch55,55,16,validation,96500001,u_0.10,0.1,81009871.72743069,0.3010204081632653,64.0,0.13559322033898305,76e93fce97e67d1fdab3ec1bb06097dc544e906f7ab895f33802c2e42f31ff54
routing_compound_regional_stress,routing_compound_regional_stress:seed96100001:epoch55,55,16,validation,96500001,u_0.20,0.2,80821575.77163646,0.3010204081632653,63.0,0.125,76e93fce97e67d1fdab3ec1bb06097dc544e906f7ab895f33802c2e42f31ff54
routing_compound_regional_stress,routing_compound_regional_stress:seed96100001:epoch55,55,16,validation,96500001,u_0.30,0.3,79573300.92363912,0.3010204081632653,60.0,0.11267605633802817,76e93fce97e67d1fdab3ec1bb06097dc544e906f7ab895f33802c2e42f31ff54
routing_compound_regional_stress,routing_compound_regional_stress:seed96100001:epoch55,55,16,validation,96500001,u_0.40,0.4,78752741.72951588,0.3010204081632653,57.0,0.1038961038961039,76e93fce97e67d1fdab3ec1bb06097dc544e906f7ab895f33802c2e42f31ff54
routing_compound_regional_stress,routing_compound_regional_stress:seed96100001:epoch55,55,16,validation,96500001,u_0.50,0.5,79236068.24742553,0.3010204081632653,56.0,0.0963855421686747,76e93fce97e67d1fdab3ec1bb06097dc544e906f7ab895f33802c2e42f31ff54
routing_compound_regional_stress,routing_compound_regional_stress:seed96100001:epoch55,55,16,validation,96500001,u_0.60,0.6,80786426.67325734,0.3010204081632653,56.0,0.09523809523809523,76e93fce97e67d1fdab3ec1bb06097dc544e906f7ab895f33802c2e42f31ff54
routing_compound_regional_stress,routing_compound_regional_stress:seed96100001:epoch55,55,16,validation,96500001,u_0.70,0.7,80813613.00701132,0.3010204081632653,53.0,0.0898876404494382,76e93fce97e67d1fdab3ec1bb06097dc544e906f7ab895f33802c2e42f31ff54
routing_compound_regional_stress,routing_compound_regional_stress:seed96100001:epoch55,55,16,validation,96500001,u_0.80,0.8,82119699.71745744,0.3010204081632653,52.0,0.08421052631578947,76e93fce97e67d1fdab3ec1bb06097dc544e906f7ab895f33802c2e42f31ff54
routing_compound_regional_stress,routing_compound_regional_stress:seed96100001:epoch55,55,16,validation,96500001,u_0.90,0.9,83917690.09828582,0.3010204081632653,51.0,0.08333333333333333,76e93fce97e67d1fdab3ec1bb06097dc544e906f7ab895f33802c2e42f31ff54
routing_compound_regional_stress,routing_compound_regional_stress:seed96100001:epoch55,55,16,validation,96500001,u_1.00,1.0,84904216.54742552,0.3010204081632653,49.0,0.07476635514018691,76e93fce97e67d1fdab3ec1bb06097dc544e906f7ab895f33802c2e42f31ff54
routing_compound_regional_stress,routing_compound_regional_stress:seed96100001:epoch55,55,16,validation,96500002,anchor,-1.0,80847270.87533423,0.3010204081632653,64.0,0.14814814814814814,76e93fce97e67d1fdab3ec1bb06097dc544e906f7ab895f33802c2e42f31ff54
routing_compound_regional_stress,routing_compound_regional_stress:seed96100001:epoch55,55,16,validation,96500002,u_0.00,0.0,80828835.01204848,0.3010204081632653,64.0,0.1509433962264151,76e93fce97e67d1fdab3ec1bb06097dc544e906f7ab895f33802c2e42f31ff54
routing_compound_regional_stress,routing_compound_regional_stress:seed96100001:epoch55,55,16,validation,96500002,u_0.10,0.1,81009871.72743069,0.3010204081632653,64.0,0.13559322033898305,76e93fce97e67d1fdab3ec1bb06097dc544e906f7ab895f33802c2e42f31ff54
routing_compound_regional_stress,routing_compound_regional_stress:seed96100001:epoch55,55,16,validation,96500002,u_0.20,0.2,80821575.77163646,0.3010204081632653,63.0,0.125,76e93fce97e67d1fdab3ec1bb06097dc544e906f7ab895f33802c2e42f31ff54
routing_compound_regional_stress,routing_compound_regional_stress:seed96100001:epoch55,55,16,validation,96500002,u_0.30,0.3,79573300.92363912,0.3010204081632653,60.0,0.11267605633802817,76e93fce97e67d1fdab3ec1bb06097dc544e906f7ab895f33802c2e42f31ff54
routing_compound_regional_stress,routing_compound_regional_stress:seed96100001:epoch55,55,16,validation,96500002,u_0.40,0.4,78752741.72951588,0.3010204081632653,57.0,0.1038961038961039,76e93fce97e67d1fdab3ec1bb06097dc544e906f7ab895f33802c2e42f31ff54
routing_compound_regional_stress,routing_compound_regional_stress:seed96100001:epoch55,55,16,validation,96500002,u_0.50,0.5,79236068.24742553,0.3010204081632653,56.0,0.0963855421686747,76e93fce97e67d1fdab3ec1bb06097dc544e906f7ab895f33802c2e42f31ff54
routing_compound_regional_stress,routing_compound_regional_stress:seed96100001:epoch55,55,16,validation,96500002,u_0.60,0.6,80786426.67325734,0.3010204081632653,56.0,0.09523809523809523,76e93fce97e67d1fdab3ec1bb06097dc544e906f7ab895f33802c2e42f31ff54
routing_compound_regional_stress,routing_compound_regional_stress:seed96100001:epoch55,55,16,validation,96500002,u_0.70,0.7,80813613.00701132,0.3010204081632653,53.0,0.0898876404494382,76e93fce97e67d1fdab3ec1bb06097dc544e906f7ab895f33802c2e42f31ff54
routing_compound_regional_stress,routing_compound_regional_stress:seed96100001:epoch55,55,16,validation,96500002,u_0.80,0.8,82119699.71745744,0.3010204081632653,52.0,0.08421052631578947,76e93fce97e67d1fdab3ec1bb06097dc544e906f7ab895f33802c2e42f31ff54
routing_compound_regional_stress,routing_compound_regional_stress:seed96100001:epoch55,55,16,validation,96500002,u_0.90,0.9,83917690.09828582,0.3010204081632653,51.0,0.08333333333333333,76e93fce97e67d1fdab3ec1bb06097dc544e906f7ab895f33802c2e42f31ff54
routing_compound_regional_stress,routing_compound_regional_stress:seed96100001:epoch55,55,16,validation,96500002,u_1.00,1.0,84904216.54742552,0.3010204081632653,49.0,0.07476635514018691,76e93fce97e67d1fdab3ec1bb06097dc544e906f7ab895f33802c2e42f31ff54
routing_compound_regional_stress,routing_compound_regional_stress:seed96100001:epoch55,55,16,validation,96500003,anchor,-1.0,80847270.87533423,0.3010204081632653,64.0,0.14814814814814814,76e93fce97e67d1fdab3ec1bb06097dc544e906f7ab895f33802c2e42f31ff54
routing_compound_regional_stress,routing_compound_regional_stress:seed96100001:epoch55,55,16,validation,96500003,u_0.00,0.0,80828835.01204848,0.3010204081632653,64.0,0.1509433962264151,76e93fce97e67d1fdab3ec1bb06097dc544e906f7ab895f33802c2e42f31ff54
routing_compound_regional_stress,routing_compound_regional_stress:seed96100001:epoch55,55,16,validation,96500003,u_0.10,0.1,81009871.72743069,0.3010204081632653,64.0,0.13559322033898305,76e93fce97e67d1fdab3ec1bb06097dc544e906f7ab895f33802c2e42f31ff54
routing_compound_regional_stress,routing_compound_regional_stress:seed96100001:epoch55,55,16,validation,96500003,u_0.20,0.2,80821575.77163646,0.3010204081632653,63.0,0.125,76e93fce97e67d1fdab3ec1bb06097dc544e906f7ab895f33802c2e42f31ff54
routing_compound_regional_stress,routing_compound_regional_stress:seed96100001:epoch55,55,16,validation,96500003,u_0.30,0.3,79573300.92363912,0.3010204081632653,60.0,0.11267605633802817,76e93fce97e67d1fdab3ec1bb06097dc544e906f7ab895f33802c2e42f31ff54
routing_compound_regional_stress,routing_compound_regional_stress:seed96100001:epoch55,55,16,validation,96500003,u_0.40,0.4,78752741.72951588,0.3010204081632653,57.0,0.1038961038961039,76e93fce97e67d1fdab3ec1bb06097dc544e906f7ab895f33802c2e42f31ff54
routing_compound_regional_stress,routing_compound_regional_stress:seed96100001:epoch55,55,16,validation,96500003,u_0.50,0.5,79236068.24742553,0.3010204081632653,56.0,0.0963855421686747,76e93fce97e67d1fdab3ec1bb06097dc544e906f7ab895f33802c2e42f31ff54
routing_compound_regional_stress,routing_compound_regional_stress:seed96100001:epoch55,55,16,validation,96500003,u_0.60,0.6,80786426.67325734,0.3010204081632653,56.0,0.09523809523809523,76e93fce97e67d1fdab3ec1bb06097dc544e906f7ab895f33802c2e42f31ff54
routing_compound_regional_stress,routing_compound_regional_stress:seed96100001:epoch55,55,16,validation,96500003,u_0.70,0.7,80813613.00701132,0.3010204081632653,53.0,0.0898876404494382,76e93fce97e67d1fdab3ec1bb06097dc544e906f7ab895f33802c2e42f31ff54
routing_compound_regional_stress,routing_compound_regional_stress:seed96100001:epoch55,55,16,validation,96500003,u_0.80,0.8,82119699.71745744,0.3010204081632653,52.0,0.08421052631578947,76e93fce97e67d1fdab3ec1bb06097dc544e906f7ab895f33802c2e42f31ff54
routing_compound_regional_stress,routing_compound_regional_stress:seed96100001:epoch55,55,16,validation,96500003,u_0.90,0.9,83917690.09828582,0.3010204081632653,51.0,0.08333333333333333,76e93fce97e67d1fdab3ec1bb06097dc544e906f7ab895f33802c2e42f31ff54
routing_compound_regional_stress,routing_compound_regional_stress:seed96100001:epoch55,55,16,validation,96500003,u_1.00,1.0,84904216.54742552,0.3010204081632653,49.0,0.07476635514018691,76e93fce97e67d1fdab3ec1bb06097dc544e906f7ab895f33802c2e42f31ff54
routing_compound_regional_stress,routing_compound_regional_stress:seed96100001:epoch55,55,16,validation,96500004,anchor,-1.0,80847270.87533423,0.3010204081632653,64.0,0.14814814814814814,76e93fce97e67d1fdab3ec1bb06097dc544e906f7ab895f33802c2e42f31ff54
routing_compound_regional_stress,routing_compound_regional_stress:seed96100001:epoch55,55,16,validation,96500004,u_0.00,0.0,80828835.01204848,0.3010204081632653,64.0,0.1509433962264151,76e93fce97e67d1fdab3ec1bb06097dc544e906f7ab895f33802c2e42f31ff54
routing_compound_regional_stress,routing_compound_regional_stress:seed96100001:epoch55,55,16,validation,96500004,u_0.10,0.1,81009871.72743069,0.3010204081632653,64.0,0.13559322033898305,76e93fce97e67d1fdab3ec1bb06097dc544e906f7ab895f33802c2e42f31ff54
routing_compound_regional_stress,routing_compound_regional_stress:seed96100001:epoch55,55,16,validation,96500004,u_0.20,0.2,80821575.77163646,0.3010204081632653,63.0,0.125,76e93fce97e67d1fdab3ec1bb06097dc544e906f7ab895f33802c2e42f31ff54
routing_compound_regional_stress,routing_compound_regional_stress:seed96100001:epoch55,55,16,validation,96500004,u_0.30,0.3,79573300.92363912,0.3010204081632653,60.0,0.11267605633802817,76e93fce97e67d1fdab3ec1bb06097dc544e906f7ab895f33802c2e42f31ff54
routing_compound_regional_stress,routing_compound_regional_stress:seed96100001:epoch55,55,16,validation,96500004,u_0.40,0.4,78752741.72951588,0.3010204081632653,57.0,0.1038961038961039,76e93fce97e67d1fdab3ec1bb06097dc544e906f7ab895f33802c2e42f31ff54
routing_compound_regional_stress,routing_compound_regional_stress:seed96100001:epoch55,55,16,validation,96500004,u_0.50,0.5,79236068.24742553,0.3010204081632653,56.0,0.0963855421686747,76e93fce97e67d1fdab3ec1bb06097dc544e906f7ab895f33802c2e42f31ff54
routing_compound_regional_stress,routing_compound_regional_stress:seed96100001:epoch55,55,16,validation,96500004,u_0.60,0.6,80786426.67325734,0.3010204081632653,56.0,0.09523809523809523,76e93fce97e67d1fdab3ec1bb06097dc544e906f7ab895f33802c2e42f31ff54
routing_compound_regional_stress,routing_compound_regional_stress:seed96100001:epoch55,55,16,validation,96500004,u_0.70,0.7,80813613.00701132,0.3010204081632653,53.0,0.0898876404494382,76e93fce97e67d1fdab3ec1bb06097dc544e906f7ab895f33802c2e42f31ff54
routing_compound_regional_stress,routing_compound_regional_stress:seed96100001:epoch55,55,16,validation,96500004,u_0.80,0.8,82119699.71745744,0.3010204081632653,52.0,0.08421052631578947,76e93fce97e67d1fdab3ec1bb06097dc544e906f7ab895f33802c2e42f31ff54
routing_compound_regional_stress,routing_compound_regional_stress:seed96100001:epoch55,55,16,validation,96500004,u_0.90,0.9,83917690.09828582,0.3010204081632653,51.0,0.08333333333333333,76e93fce97e67d1fdab3ec1bb06097dc544e906f7ab895f33802c2e42f31ff54
routing_compound_regional_stress,routing_compound_regional_stress:seed96100001:epoch55,55,16,validation,96500004,u_1.00,1.0,84904216.54742552,0.3010204081632653,49.0,0.07476635514018691,76e93fce97e67d1fdab3ec1bb06097dc544e906f7ab895f33802c2e42f31ff54
routing_compound_regional_stress,routing_compound_regional_stress:seed96100001:epoch80,80,14,discovery,96400000,anchor,-1.0,131570602.29267251,0.3177570093457944,151.0,0.21818181818181817,76e93fce97e67d1fdab3ec1bb06097dc544e906f7ab895f33802c2e42f31ff54
routing_compound_regional_stress,routing_compound_regional_stress:seed96100001:epoch80,80,14,discovery,96400000,u_0.00,0.0,131570602.29267251,0.3177570093457944,151.0,0.21818181818181817,76e93fce97e67d1fdab3ec1bb06097dc544e906f7ab895f33802c2e42f31ff54
routing_compound_regional_stress,routing_compound_regional_stress:seed96100001:epoch80,80,14,discovery,96400000,u_0.10,0.1,131710001.87199658,0.3177570093457944,151.0,0.2033898305084746,76e93fce97e67d1fdab3ec1bb06097dc544e906f7ab895f33802c2e42f31ff54
routing_compound_regional_stress,routing_compound_regional_stress:seed96100001:epoch80,80,14,discovery,96400000,u_0.20,0.2,131392525.13275479,0.3177570093457944,150.0,0.1935483870967742,76e93fce97e67d1fdab3ec1bb06097dc544e906f7ab895f33802c2e42f31ff54
routing_compound_regional_stress,routing_compound_regional_stress:seed96100001:epoch80,80,14,discovery,96400000,u_0.30,0.3,131032410.0697478,0.3177570093457944,149.0,0.17391304347826086,76e93fce97e67d1fdab3ec1bb06097dc544e906f7ab895f33802c2e42f31ff54
routing_compound_regional_stress,routing_compound_regional_stress:seed96100001:epoch80,80,14,discovery,96400000,u_0.40,0.4,130781091.64388166,0.3177570093457944,148.0,0.15789473684210525,76e93fce97e67d1fdab3ec1bb06097dc544e906f7ab895f33802c2e42f31ff54
routing_compound_regional_stress,routing_compound_regional_stress:seed96100001:epoch80,80,14,discovery,96400000,u_0.50,0.5,130313322.25642583,0.3177570093457944,146.0,0.14634146341463414,76e93fce97e67d1fdab3ec1bb06097dc544e906f7ab895f33802c2e42f31ff54
routing_compound_regional_stress,routing_compound_regional_stress:seed96100001:epoch80,80,14,discovery,96400000,u_0.60,0.6,131430330.2744374,0.3177570093457944,146.0,0.14634146341463414,76e93fce97e67d1fdab3ec1bb06097dc544e906f7ab895f33802c2e42f31ff54
routing_compound_regional_stress,routing_compound_regional_stress:seed96100001:epoch80,80,14,discovery,96400000,u_0.70,0.7,130255407.19791637,0.3177570093457944,142.0,0.13793103448275862,76e93fce97e67d1fdab3ec1bb06097dc544e906f7ab895f33802c2e42f31ff54
routing_compound_regional_stress,routing_compound_regional_stress:seed96100001:epoch80,80,14,discovery,96400000,u_0.80,0.8,130938119.4442577,0.3177570093457944,141.0,0.13043478260869565,76e93fce97e67d1fdab3ec1bb06097dc544e906f7ab895f33802c2e42f31ff54
routing_compound_regional_stress,routing_compound_regional_stress:seed96100001:epoch80,80,14,discovery,96400000,u_0.90,0.9,132605495.3612766,0.3177570093457944,141.0,0.13043478260869565,76e93fce97e67d1fdab3ec1bb06097dc544e906f7ab895f33802c2e42f31ff54
routing_compound_regional_stress,routing_compound_regional_stress:seed96100001:epoch80,80,14,discovery,96400000,u_1.00,1.0,132167794.05642581,0.3177570093457944,138.0,0.11764705882352941,76e93fce97e67d1fdab3ec1bb06097dc544e906f7ab895f33802c2e42f31ff54
routing_compound_regional_stress,routing_compound_regional_stress:seed96100001:epoch80,80,14,discovery,96400001,anchor,-1.0,131570602.29267251,0.3177570093457944,151.0,0.21818181818181817,76e93fce97e67d1fdab3ec1bb06097dc544e906f7ab895f33802c2e42f31ff54
routing_compound_regional_stress,routing_compound_regional_stress:seed96100001:epoch80,80,14,discovery,96400001,u_0.00,0.0,131570602.29267251,0.3177570093457944,151.0,0.21818181818181817,76e93fce97e67d1fdab3ec1bb06097dc544e906f7ab895f33802c2e42f31ff54
routing_compound_regional_stress,routing_compound_regional_stress:seed96100001:epoch80,80,14,discovery,96400001,u_0.10,0.1,131710001.87199658,0.3177570093457944,151.0,0.2033898305084746,76e93fce97e67d1fdab3ec1bb06097dc544e906f7ab895f33802c2e42f31ff54
routing_compound_regional_stress,routing_compound_regional_stress:seed96100001:epoch80,80,14,discovery,96400001,u_0.20,0.2,131392525.13275479,0.3177570093457944,150.0,0.1935483870967742,76e93fce97e67d1fdab3ec1bb06097dc544e906f7ab895f33802c2e42f31ff54
routing_compound_regional_stress,routing_compound_regional_stress:seed96100001:epoch80,80,14,discovery,96400001,u_0.30,0.3,131032410.0697478,0.3177570093457944,149.0,0.17391304347826086,76e93fce97e67d1fdab3ec1bb06097dc544e906f7ab895f33802c2e42f31ff54
routing_compound_regional_stress,routing_compound_regional_stress:seed96100001:epoch80,80,14,discovery,96400001,u_0.40,0.4,130781091.64388166,0.3177570093457944,148.0,0.15789473684210525,76e93fce97e67d1fdab3ec1bb06097dc544e906f7ab895f33802c2e42f31ff54
routing_compound_regional_stress,routing_compound_regional_stress:seed96100001:epoch80,80,14,discovery,96400001,u_0.50,0.5,130313322.25642583,0.3177570093457944,146.0,0.14634146341463414,76e93fce97e67d1fdab3ec1bb06097dc544e906f7ab895f33802c2e42f31ff54
routing_compound_regional_stress,routing_compound_regional_stress:seed96100001:epoch80,80,14,discovery,96400001,u_0.60,0.6,131430330.2744374,0.3177570093457944,146.0,0.14634146341463414,76e93fce97e67d1fdab3ec1bb06097dc544e906f7ab895f33802c2e42f31ff54
routing_compound_regional_stress,routing_compound_regional_stress:seed96100001:epoch80,80,14,discovery,96400001,u_0.70,0.7,130255407.19791637,0.3177570093457944,142.0,0.13793103448275862,76e93fce97e67d1fdab3ec1bb06097dc544e906f7ab895f33802c2e42f31ff54
routing_compound_regional_stress,routing_compound_regional_stress:seed96100001:epoch80,80,14,discovery,96400001,u_0.80,0.8,130938119.4442577,0.3177570093457944,141.0,0.13043478260869565,76e93fce97e67d1fdab3ec1bb06097dc544e906f7ab895f33802c2e42f31ff54
routing_compound_regional_stress,routing_compound_regional_stress:seed96100001:epoch80,80,14,discovery,96400001,u_0.90,0.9,132605495.3612766,0.3177570093457944,141.0,0.13043478260869565,76e93fce97e67d1fdab3ec1bb06097dc544e906f7ab895f33802c2e42f31ff54
routing_compound_regional_stress,routing_compound_regional_stress:seed96100001:epoch80,80,14,discovery,96400001,u_1.00,1.0,132167794.05642581,0.3177570093457944,138.0,0.11764705882352941,76e93fce97e67d1fdab3ec1bb06097dc544e906f7ab895f33802c2e42f31ff54
routing_compound_regional_stress,routing_compound_regional_stress:seed96100001:epoch80,80,14,discovery,96400002,anchor,-1.0,131570602.29267251,0.3177570093457944,151.0,0.21818181818181817,76e93fce97e67d1fdab3ec1bb06097dc544e906f7ab895f33802c2e42f31ff54
routing_compound_regional_stress,routing_compound_regional_stress:seed96100001:epoch80,80,14,discovery,96400002,u_0.00,0.0,131570602.29267251,0.3177570093457944,151.0,0.21818181818181817,76e93fce97e67d1fdab3ec1bb06097dc544e906f7ab895f33802c2e42f31ff54
routing_compound_regional_stress,routing_compound_regional_stress:seed96100001:epoch80,80,14,discovery,96400002,u_0.10,0.1,131710001.87199658,0.3177570093457944,151.0,0.2033898305084746,76e93fce97e67d1fdab3ec1bb06097dc544e906f7ab895f33802c2e42f31ff54
routing_compound_regional_stress,routing_compound_regional_stress:seed96100001:epoch80,80,14,discovery,96400002,u_0.20,0.2,131392525.13275479,0.3177570093457944,150.0,0.1935483870967742,76e93fce97e67d1fdab3ec1bb06097dc544e906f7ab895f33802c2e42f31ff54
routing_compound_regional_stress,routing_compound_regional_stress:seed96100001:epoch80,80,14,discovery,96400002,u_0.30,0.3,131032410.0697478,0.3177570093457944,149.0,0.17391304347826086,76e93fce97e67d1fdab3ec1bb06097dc544e906f7ab895f33802c2e42f31ff54
routing_compound_regional_stress,routing_compound_regional_stress:seed96100001:epoch80,80,14,discovery,96400002,u_0.40,0.4,130781091.64388166,0.3177570093457944,148.0,0.15789473684210525,76e93fce97e67d1fdab3ec1bb06097dc544e906f7ab895f33802c2e42f31ff54
routing_compound_regional_stress,routing_compound_regional_stress:seed96100001:epoch80,80,14,discovery,96400002,u_0.50,0.5,130313322.25642583,0.3177570093457944,146.0,0.14634146341463414,76e93fce97e67d1fdab3ec1bb06097dc544e906f7ab895f33802c2e42f31ff54
routing_compound_regional_stress,routing_compound_regional_stress:seed96100001:epoch80,80,14,discovery,96400002,u_0.60,0.6,131430330.2744374,0.3177570093457944,146.0,0.14634146341463414,76e93fce97e67d1fdab3ec1bb06097dc544e906f7ab895f33802c2e42f31ff54
routing_compound_regional_stress,routing_compound_regional_stress:seed96100001:epoch80,80,14,discovery,96400002,u_0.70,0.7,130255407.19791637,0.3177570093457944,142.0,0.13793103448275862,76e93fce97e67d1fdab3ec1bb06097dc544e906f7ab895f33802c2e42f31ff54
routing_compound_regional_stress,routing_compound_regional_stress:seed96100001:epoch80,80,14,discovery,96400002,u_0.80,0.8,130938119.4442577,0.3177570093457944,141.0,0.13043478260869565,76e93fce97e67d1fdab3ec1bb06097dc544e906f7ab895f33802c2e42f31ff54
routing_compound_regional_stress,routing_compound_regional_stress:seed96100001:epoch80,80,14,discovery,96400002,u_0.90,0.9,132605495.3612766,0.3177570093457944,141.0,0.13043478260869565,76e93fce97e67d1fdab3ec1bb06097dc544e906f7ab895f33802c2e42f31ff54
routing_compound_regional_stress,routing_compound_regional_stress:seed96100001:epoch80,80,14,discovery,96400002,u_1.00,1.0,132167794.05642581,0.3177570093457944,138.0,0.11764705882352941,76e93fce97e67d1fdab3ec1bb06097dc544e906f7ab895f33802c2e42f31ff54
routing_compound_regional_stress,routing_compound_regional_stress:seed96100001:epoch80,80,14,validation,96500000,anchor,-1.0,131570602.29267251,0.3177570093457944,151.0,0.21818181818181817,76e93fce97e67d1fdab3ec1bb06097dc544e906f7ab895f33802c2e42f31ff54
routing_compound_regional_stress,routing_compound_regional_stress:seed96100001:epoch80,80,14,validation,96500000,u_0.00,0.0,131570602.29267251,0.3177570093457944,151.0,0.21818181818181817,76e93fce97e67d1fdab3ec1bb06097dc544e906f7ab895f33802c2e42f31ff54
routing_compound_regional_stress,routing_compound_regional_stress:seed96100001:epoch80,80,14,validation,96500000,u_0.10,0.1,131710001.87199658,0.3177570093457944,151.0,0.2033898305084746,76e93fce97e67d1fdab3ec1bb06097dc544e906f7ab895f33802c2e42f31ff54
routing_compound_regional_stress,routing_compound_regional_stress:seed96100001:epoch80,80,14,validation,96500000,u_0.20,0.2,131392525.13275479,0.3177570093457944,150.0,0.1935483870967742,76e93fce97e67d1fdab3ec1bb06097dc544e906f7ab895f33802c2e42f31ff54
routing_compound_regional_stress,routing_compound_regional_stress:seed96100001:epoch80,80,14,validation,96500000,u_0.30,0.3,131032410.0697478,0.3177570093457944,149.0,0.17391304347826086,76e93fce97e67d1fdab3ec1bb06097dc544e906f7ab895f33802c2e42f31ff54
routing_compound_regional_stress,routing_compound_regional_stress:seed96100001:epoch80,80,14,validation,96500000,u_0.40,0.4,130781091.64388166,0.3177570093457944,148.0,0.15789473684210525,76e93fce97e67d1fdab3ec1bb06097dc544e906f7ab895f33802c2e42f31ff54
routing_compound_regional_stress,routing_compound_regional_stress:seed96100001:epoch80,80,14,validation,96500000,u_0.50,0.5,130313322.25642583,0.3177570093457944,146.0,0.14634146341463414,76e93fce97e67d1fdab3ec1bb06097dc544e906f7ab895f33802c2e42f31ff54
routing_compound_regional_stress,routing_compound_regional_stress:seed96100001:epoch80,80,14,validation,96500000,u_0.60,0.6,131430330.2744374,0.3177570093457944,146.0,0.14634146341463414,76e93fce97e67d1fdab3ec1bb06097dc544e906f7ab895f33802c2e42f31ff54
routing_compound_regional_stress,routing_compound_regional_stress:seed96100001:epoch80,80,14,validation,96500000,u_0.70,0.7,130255407.19791637,0.3177570093457944,142.0,0.13793103448275862,76e93fce97e67d1fdab3ec1bb06097dc544e906f7ab895f33802c2e42f31ff54
routing_compound_regional_stress,routing_compound_regional_stress:seed96100001:epoch80,80,14,validation,96500000,u_0.80,0.8,130938119.4442577,0.3177570093457944,141.0,0.13043478260869565,76e93fce97e67d1fdab3ec1bb06097dc544e906f7ab895f33802c2e42f31ff54
routing_compound_regional_stress,routing_compound_regional_stress:seed96100001:epoch80,80,14,validation,96500000,u_0.90,0.9,132605495.3612766,0.3177570093457944,141.0,0.13043478260869565,76e93fce97e67d1fdab3ec1bb06097dc544e906f7ab895f33802c2e42f31ff54
routing_compound_regional_stress,routing_compound_regional_stress:seed96100001:epoch80,80,14,validation,96500000,u_1.00,1.0,132167794.05642581,0.3177570093457944,138.0,0.11764705882352941,76e93fce97e67d1fdab3ec1bb06097dc544e906f7ab895f33802c2e42f31ff54
routing_compound_regional_stress,routing_compound_regional_stress:seed96100001:epoch80,80,14,validation,96500001,anchor,-1.0,131570602.29267251,0.3177570093457944,151.0,0.21818181818181817,76e93fce97e67d1fdab3ec1bb06097dc544e906f7ab895f33802c2e42f31ff54
routing_compound_regional_stress,routing_compound_regional_stress:seed96100001:epoch80,80,14,validation,96500001,u_0.00,0.0,131570602.29267251,0.3177570093457944,151.0,0.21818181818181817,76e93fce97e67d1fdab3ec1bb06097dc544e906f7ab895f33802c2e42f31ff54
routing_compound_regional_stress,routing_compound_regional_stress:seed96100001:epoch80,80,14,validation,96500001,u_0.10,0.1,131710001.87199658,0.3177570093457944,151.0,0.2033898305084746,76e93fce97e67d1fdab3ec1bb06097dc544e906f7ab895f33802c2e42f31ff54
routing_compound_regional_stress,routing_compound_regional_stress:seed96100001:epoch80,80,14,validation,96500001,u_0.20,0.2,131392525.13275479,0.3177570093457944,150.0,0.1935483870967742,76e93fce97e67d1fdab3ec1bb06097dc544e906f7ab895f33802c2e42f31ff54
routing_compound_regional_stress,routing_compound_regional_stress:seed96100001:epoch80,80,14,validation,96500001,u_0.30,0.3,131032410.0697478,0.3177570093457944,149.0,0.17391304347826086,76e93fce97e67d1fdab3ec1bb06097dc544e906f7ab895f33802c2e42f31ff54
routing_compound_regional_stress,routing_compound_regional_stress:seed96100001:epoch80,80,14,validation,96500001,u_0.40,0.4,130781091.64388166,0.3177570093457944,148.0,0.15789473684210525,76e93fce97e67d1fdab3ec1bb06097dc544e906f7ab895f33802c2e42f31ff54
routing_compound_regional_stress,routing_compound_regional_stress:seed96100001:epoch80,80,14,validation,96500001,u_0.50,0.5,130313322.25642583,0.3177570093457944,146.0,0.14634146341463414,76e93fce97e67d1fdab3ec1bb06097dc544e906f7ab895f33802c2e42f31ff54
routing_compound_regional_stress,routing_compound_regional_stress:seed96100001:epoch80,80,14,validation,96500001,u_0.60,0.6,131430330.2744374,0.3177570093457944,146.0,0.14634146341463414,76e93fce97e67d1fdab3ec1bb06097dc544e906f7ab895f33802c2e42f31ff54
routing_compound_regional_stress,routing_compound_regional_stress:seed96100001:epoch80,80,14,validation,96500001,u_0.70,0.7,130255407.19791637,0.3177570093457944,142.0,0.13793103448275862,76e93fce97e67d1fdab3ec1bb06097dc544e906f7ab895f33802c2e42f31ff54
routing_compound_regional_stress,routing_compound_regional_stress:seed96100001:epoch80,80,14,validation,96500001,u_0.80,0.8,130938119.4442577,0.3177570093457944,141.0,0.13043478260869565,76e93fce97e67d1fdab3ec1bb06097dc544e906f7ab895f33802c2e42f31ff54
routing_compound_regional_stress,routing_compound_regional_stress:seed96100001:epoch80,80,14,validation,96500001,u_0.90,0.9,132605495.3612766,0.3177570093457944,141.0,0.13043478260869565,76e93fce97e67d1fdab3ec1bb06097dc544e906f7ab895f33802c2e42f31ff54
routing_compound_regional_stress,routing_compound_regional_stress:seed96100001:epoch80,80,14,validation,96500001,u_1.00,1.0,132167794.05642581,0.3177570093457944,138.0,0.11764705882352941,76e93fce97e67d1fdab3ec1bb06097dc544e906f7ab895f33802c2e42f31ff54
routing_compound_regional_stress,routing_compound_regional_stress:seed96100001:epoch80,80,14,validation,96500002,anchor,-1.0,131570602.29267251,0.3177570093457944,151.0,0.21818181818181817,76e93fce97e67d1fdab3ec1bb06097dc544e906f7ab895f33802c2e42f31ff54
routing_compound_regional_stress,routing_compound_regional_stress:seed96100001:epoch80,80,14,validation,96500002,u_0.00,0.0,131570602.29267251,0.3177570093457944,151.0,0.21818181818181817,76e93fce97e67d1fdab3ec1bb06097dc544e906f7ab895f33802c2e42f31ff54
routing_compound_regional_stress,routing_compound_regional_stress:seed96100001:epoch80,80,14,validation,96500002,u_0.10,0.1,131710001.87199658,0.3177570093457944,151.0,0.2033898305084746,76e93fce97e67d1fdab3ec1bb06097dc544e906f7ab895f33802c2e42f31ff54
routing_compound_regional_stress,routing_compound_regional_stress:seed96100001:epoch80,80,14,validation,96500002,u_0.20,0.2,131392525.13275479,0.3177570093457944,150.0,0.1935483870967742,76e93fce97e67d1fdab3ec1bb06097dc544e906f7ab895f33802c2e42f31ff54
routing_compound_regional_stress,routing_compound_regional_stress:seed96100001:epoch80,80,14,validation,96500002,u_0.30,0.3,131032410.0697478,0.3177570093457944,149.0,0.17391304347826086,76e93fce97e67d1fdab3ec1bb06097dc544e906f7ab895f33802c2e42f31ff54
routing_compound_regional_stress,routing_compound_regional_stress:seed96100001:epoch80,80,14,validation,96500002,u_0.40,0.4,130781091.64388166,0.3177570093457944,148.0,0.15789473684210525,76e93fce97e67d1fdab3ec1bb06097dc544e906f7ab895f33802c2e42f31ff54
routing_compound_regional_stress,routing_compound_regional_stress:seed96100001:epoch80,80,14,validation,96500002,u_0.50,0.5,130313322.25642583,0.3177570093457944,146.0,0.14634146341463414,76e93fce97e67d1fdab3ec1bb06097dc544e906f7ab895f33802c2e42f31ff54
routing_compound_regional_stress,routing_compound_regional_stress:seed96100001:epoch80,80,14,validation,96500002,u_0.60,0.6,131430330.2744374,0.3177570093457944,146.0,0.14634146341463414,76e93fce97e67d1fdab3ec1bb06097dc544e906f7ab895f33802c2e42f31ff54
routing_compound_regional_stress,routing_compound_regional_stress:seed96100001:epoch80,80,14,validation,96500002,u_0.70,0.7,130255407.19791637,0.3177570093457944,142.0,0.13793103448275862,76e93fce97e67d1fdab3ec1bb06097dc544e906f7ab895f33802c2e42f31ff54
routing_compound_regional_stress,routing_compound_regional_stress:seed96100001:epoch80,80,14,validation,96500002,u_0.80,0.8,130938119.4442577,0.3177570093457944,141.0,0.13043478260869565,76e93fce97e67d1fdab3ec1bb06097dc544e906f7ab895f33802c2e42f31ff54
routing_compound_regional_stress,routing_compound_regional_stress:seed96100001:epoch80,80,14,validation,96500002,u_0.90,0.9,132605495.3612766,0.3177570093457944,141.0,0.13043478260869565,76e93fce97e67d1fdab3ec1bb06097dc544e906f7ab895f33802c2e42f31ff54
routing_compound_regional_stress,routing_compound_regional_stress:seed96100001:epoch80,80,14,validation,96500002,u_1.00,1.0,132167794.05642581,0.3177570093457944,138.0,0.11764705882352941,76e93fce97e67d1fdab3ec1bb06097dc544e906f7ab895f33802c2e42f31ff54
routing_compound_regional_stress,routing_compound_regional_stress:seed96100001:epoch80,80,14,validation,96500003,anchor,-1.0,131570602.29267251,0.3177570093457944,151.0,0.21818181818181817,76e93fce97e67d1fdab3ec1bb06097dc544e906f7ab895f33802c2e42f31ff54
routing_compound_regional_stress,routing_compound_regional_stress:seed96100001:epoch80,80,14,validation,96500003,u_0.00,0.0,131570602.29267251,0.3177570093457944,151.0,0.21818181818181817,76e93fce97e67d1fdab3ec1bb06097dc544e906f7ab895f33802c2e42f31ff54
routing_compound_regional_stress,routing_compound_regional_stress:seed96100001:epoch80,80,14,validation,96500003,u_0.10,0.1,131710001.87199658,0.3177570093457944,151.0,0.2033898305084746,76e93fce97e67d1fdab3ec1bb06097dc544e906f7ab895f33802c2e42f31ff54
routing_compound_regional_stress,routing_compound_regional_stress:seed96100001:epoch80,80,14,validation,96500003,u_0.20,0.2,131392525.13275479,0.3177570093457944,150.0,0.1935483870967742,76e93fce97e67d1fdab3ec1bb06097dc544e906f7ab895f33802c2e42f31ff54
routing_compound_regional_stress,routing_compound_regional_stress:seed96100001:epoch80,80,14,validation,96500003,u_0.30,0.3,131032410.0697478,0.3177570093457944,149.0,0.17391304347826086,76e93fce97e67d1fdab3ec1bb06097dc544e906f7ab895f33802c2e42f31ff54
routing_compound_regional_stress,routing_compound_regional_stress:seed96100001:epoch80,80,14,validation,96500003,u_0.40,0.4,130781091.64388166,0.3177570093457944,148.0,0.15789473684210525,76e93fce97e67d1fdab3ec1bb06097dc544e906f7ab895f33802c2e42f31ff54
routing_compound_regional_stress,routing_compound_regional_stress:seed96100001:epoch80,80,14,validation,96500003,u_0.50,0.5,130313322.25642583,0.3177570093457944,146.0,0.14634146341463414,76e93fce97e67d1fdab3ec1bb06097dc544e906f7ab895f33802c2e42f31ff54
routing_compound_regional_stress,routing_compound_regional_stress:seed96100001:epoch80,80,14,validation,96500003,u_0.60,0.6,131430330.2744374,0.3177570093457944,146.0,0.14634146341463414,76e93fce97e67d1fdab3ec1bb06097dc544e906f7ab895f33802c2e42f31ff54
routing_compound_regional_stress,routing_compound_regional_stress:seed96100001:epoch80,80,14,validation,96500003,u_0.70,0.7,130255407.19791637,0.3177570093457944,142.0,0.13793103448275862,76e93fce97e67d1fdab3ec1bb06097dc544e906f7ab895f33802c2e42f31ff54
routing_compound_regional_stress,routing_compound_regional_stress:seed96100001:epoch80,80,14,validation,96500003,u_0.80,0.8,130938119.4442577,0.3177570093457944,141.0,0.13043478260869565,76e93fce97e67d1fdab3ec1bb06097dc544e906f7ab895f33802c2e42f31ff54
routing_compound_regional_stress,routing_compound_regional_stress:seed96100001:epoch80,80,14,validation,96500003,u_0.90,0.9,132605495.3612766,0.3177570093457944,141.0,0.13043478260869565,76e93fce97e67d1fdab3ec1bb06097dc544e906f7ab895f33802c2e42f31ff54
routing_compound_regional_stress,routing_compound_regional_stress:seed96100001:epoch80,80,14,validation,96500003,u_1.00,1.0,132167794.05642581,0.3177570093457944,138.0,0.11764705882352941,76e93fce97e67d1fdab3ec1bb06097dc544e906f7ab895f33802c2e42f31ff54
routing_compound_regional_stress,routing_compound_regional_stress:seed96100001:epoch80,80,14,validation,96500004,anchor,-1.0,131570602.29267251,0.3177570093457944,151.0,0.21818181818181817,76e93fce97e67d1fdab3ec1bb06097dc544e906f7ab895f33802c2e42f31ff54
routing_compound_regional_stress,routing_compound_regional_stress:seed96100001:epoch80,80,14,validation,96500004,u_0.00,0.0,131570602.29267251,0.3177570093457944,151.0,0.21818181818181817,76e93fce97e67d1fdab3ec1bb06097dc544e906f7ab895f33802c2e42f31ff54
routing_compound_regional_stress,routing_compound_regional_stress:seed96100001:epoch80,80,14,validation,96500004,u_0.10,0.1,131710001.87199658,0.3177570093457944,151.0,0.2033898305084746,76e93fce97e67d1fdab3ec1bb06097dc544e906f7ab895f33802c2e42f31ff54
routing_compound_regional_stress,routing_compound_regional_stress:seed96100001:epoch80,80,14,validation,96500004,u_0.20,0.2,131392525.13275479,0.3177570093457944,150.0,0.1935483870967742,76e93fce97e67d1fdab3ec1bb06097dc544e906f7ab895f33802c2e42f31ff54
routing_compound_regional_stress,routing_compound_regional_stress:seed96100001:epoch80,80,14,validation,96500004,u_0.30,0.3,131032410.0697478,0.3177570093457944,149.0,0.17391304347826086,76e93fce97e67d1fdab3ec1bb06097dc544e906f7ab895f33802c2e42f31ff54
routing_compound_regional_stress,routing_compound_regional_stress:seed96100001:epoch80,80,14,validation,96500004,u_0.40,0.4,130781091.64388166,0.3177570093457944,148.0,0.15789473684210525,76e93fce97e67d1fdab3ec1bb06097dc544e906f7ab895f33802c2e42f31ff54
routing_compound_regional_stress,routing_compound_regional_stress:seed96100001:epoch80,80,14,validation,96500004,u_0.50,0.5,130313322.25642583,0.3177570093457944,146.0,0.14634146341463414,76e93fce97e67d1fdab3ec1bb06097dc544e906f7ab895f33802c2e42f31ff54
routing_compound_regional_stress,routing_compound_regional_stress:seed96100001:epoch80,80,14,validation,96500004,u_0.60,0.6,131430330.2744374,0.3177570093457944,146.0,0.14634146341463414,76e93fce97e67d1fdab3ec1bb06097dc544e906f7ab895f33802c2e42f31ff54
routing_compound_regional_stress,routing_compound_regional_stress:seed96100001:epoch80,80,14,validation,96500004,u_0.70,0.7,130255407.19791637,0.3177570093457944,142.0,0.13793103448275862,76e93fce97e67d1fdab3ec1bb06097dc544e906f7ab895f33802c2e42f31ff54
routing_compound_regional_stress,routing_compound_regional_stress:seed96100001:epoch80,80,14,validation,96500004,u_0.80,0.8,130938119.4442577,0.3177570093457944,141.0,0.13043478260869565,76e93fce97e67d1fdab3ec1bb06097dc544e906f7ab895f33802c2e42f31ff54
routing_compound_regional_stress,routing_compound_regional_stress:seed96100001:epoch80,80,14,validation,96500004,u_0.90,0.9,132605495.3612766,0.3177570093457944,141.0,0.13043478260869565,76e93fce97e67d1fdab3ec1bb06097dc544e906f7ab895f33802c2e42f31ff54
routing_compound_regional_stress,routing_compound_regional_stress:seed96100001:epoch80,80,14,validation,96500004,u_1.00,1.0,132167794.05642581,0.3177570093457944,138.0,0.11764705882352941,76e93fce97e67d1fdab3ec1bb06097dc544e906f7ab895f33802c2e42f31ff54
routing_compound_regional_stress,routing_compound_regional_stress:seed96100002:epoch30,30,19,discovery,96400000,anchor,-1.0,2206899145.526247,0.3765911207699472,2189.0,0.1440738112136267,76e93fce97e67d1fdab3ec1bb06097dc544e906f7ab895f33802c2e42f31ff54
routing_compound_regional_stress,routing_compound_regional_stress:seed96100002:epoch30,30,19,discovery,96400000,u_0.00,0.0,2208996968.425673,0.37472834523439924,2194.0,0.1455965909090909,76e93fce97e67d1fdab3ec1bb06097dc544e906f7ab895f33802c2e42f31ff54
routing_compound_regional_stress,routing_compound_regional_stress:seed96100002:epoch30,30,19,discovery,96400000,u_0.10,0.1,2203484248.2034693,0.3775225085377212,2185.0,0.14305949008498584,76e93fce97e67d1fdab3ec1bb06097dc544e906f7ab895f33802c2e42f31ff54
routing_compound_regional_stress,routing_compound_regional_stress:seed96100002:epoch30,30,19,discovery,96400000,u_0.20,0.2,2203599807.5564876,0.37907482148401117,2182.0,0.14305949008498584,76e93fce97e67d1fdab3ec1bb06097dc544e906f7ab895f33802c2e42f31ff54
routing_compound_regional_stress,routing_compound_regional_stress:seed96100002:epoch30,30,19,discovery,96400000,u_0.30,0.3,2199123141.568641,0.3815585221980751,2178.0,0.14526315789473684,76e93fce97e67d1fdab3ec1bb06097dc544e906f7ab895f33802c2e42f31ff54
routing_compound_regional_stress,routing_compound_regional_stress:seed96100002:epoch30,30,19,discovery,96400000,u_0.40,0.4,2200383839.685923,0.3818689847873331,2175.0,0.14866760168302945,76e93fce97e67d1fdab3ec1bb06097dc544e906f7ab895f33802c2e42f31ff54
routing_compound_regional_stress,routing_compound_regional_stress:seed96100002:epoch30,30,19,discovery,96400000,u_0.50,0.5,2197038050.7779865,0.3852840732691711,2166.0,0.1475295755045233,76e93fce97e67d1fdab3ec1bb06097dc544e906f7ab895f33802c2e42f31ff54
routing_compound_regional_stress,routing_compound_regional_stress:seed96100002:epoch30,30,19,discovery,96400000,u_0.60,0.6,2194836039.2432523,0.386525923626203,2164.0,0.14909847434119278,76e93fce97e67d1fdab3ec1bb06097dc544e906f7ab895f33802c2e42f31ff54
routing_compound_regional_stress,routing_compound_regional_stress:seed96100002:epoch30,30,19,discovery,96400000,u_0.70,0.7,2204737679.1689076,0.3834212977336231,2175.0,0.15223463687150837,76e93fce97e67d1fdab3ec1bb06097dc544e906f7ab895f33802c2e42f31ff54
routing_compound_regional_stress,routing_compound_regional_stress:seed96100002:epoch30,30,19,discovery,96400000,u_0.80,0.8,2201748356.1858587,0.3849736106799131,2170.0,0.14912891986062718,76e93fce97e67d1fdab3ec1bb06097dc544e906f7ab895f33802c2e42f31ff54
routing_compound_regional_stress,routing_compound_regional_stress:seed96100002:epoch30,30,19,discovery,96400000,u_0.90,0.9,2207941248.5207257,0.3837317603228811,2174.0,0.15034965034965034,76e93fce97e67d1fdab3ec1bb06097dc544e906f7ab895f33802c2e42f31ff54
routing_compound_regional_stress,routing_compound_regional_stress:seed96100002:epoch30,30,19,discovery,96400000,u_1.00,1.0,2210683333.5381045,0.3849736106799131,2171.0,0.14912891986062718,76e93fce97e67d1fdab3ec1bb06097dc544e906f7ab895f33802c2e42f31ff54
routing_compound_regional_stress,routing_compound_regional_stress:seed96100002:epoch30,30,19,discovery,96400001,anchor,-1.0,2327923976.1933293,0.3363189829529038,2359.0,0.18246110325318246,76e93fce97e67d1fdab3ec1bb06097dc544e906f7ab895f33802c2e42f31ff54
routing_compound_regional_stress,routing_compound_regional_stress:seed96100002:epoch30,30,19,discovery,96400001,u_0.00,0.0,2329085287.4201617,0.3360300491187518,2361.0,0.1825284090909091,76e93fce97e67d1fdab3ec1bb06097dc544e906f7ab895f33802c2e42f31ff54
routing_compound_regional_stress,routing_compound_regional_stress:seed96100002:epoch30,30,19,discovery,96400001,u_0.10,0.1,2324796268.5934663,0.3374747182895117,2353.0,0.18169014084507043,76e93fce97e67d1fdab3ec1bb06097dc544e906f7ab895f33802c2e42f31ff54
routing_compound_regional_stress,routing_compound_regional_stress:seed96100002:epoch30,30,19,discovery,96400001,u_0.20,0.2,2314980024.764506,0.3412308581334874,2346.0,0.17849613492621222,76e93fce97e67d1fdab3ec1bb06097dc544e906f7ab895f33802c2e42f31ff54
routing_compound_regional_stress,routing_compound_regional_stress:seed96100002:epoch30,30,19,discovery,96400001,u_0.30,0.3,2308566802.4812675,0.3444091303091592,2336.0,0.17342657342657342,76e93fce97e67d1fdab3ec1bb06097dc544e906f7ab895f33802c2e42f31ff54
routing_compound_regional_stress,routing_compound_regional_stress:seed96100002:epoch30,30,19,discovery,96400001,u_0.40,0.4,2315367416.320489,0.34238659347009537,2343.0,0.1800981079187106,76e93fce97e67d1fdab3ec1bb06097dc544e906f7ab895f33802c2e42f31ff54
routing_compound_regional_stress,routing_compound_regional_stress:seed96100002:epoch30,30,19,discovery,96400001,u_0.50,0.5,2313104899.40653,0.3432533949725513,2337.0,0.17827298050139276,76e93fce97e67d1fdab3ec1bb06097dc544e906f7ab895f33802c2e42f31ff54
routing_compound_regional_stress,routing_compound_regional_stress:seed96100002:epoch30,30,19,discovery,96400001,u_0.60,0.6,2308755043.076739,0.34527593181161514,2329.0,0.17626648160999306,76e93fce97e67d1fdab3ec1bb06097dc544e906f7ab895f33802c2e42f31ff54
routing_compound_regional_stress,routing_compound_regional_stress:seed96100002:epoch30,30,19,discovery,96400001,u_0.70,0.7,2317733259.571655,0.34267552730424733,2338.0,0.1799163179916318,76e93fce97e67d1fdab3ec1bb06097dc544e906f7ab895f33802c2e42f31ff54
routing_compound_regional_stress,routing_compound_regional_stress:seed96100002:epoch30,30,19,discovery,96400001,u_0.80,0.8,2313438762.5501924,0.347009534816527,2327.0,0.18018018018018017,76e93fce97e67d1fdab3ec1bb06097dc544e906f7ab895f33802c2e42f31ff54
routing_compound_regional_stress,routing_compound_regional_stress:seed96100002:epoch30,30,19,discovery,96400001,u_0.90,0.9,2317329429.7453904,0.347587402484831,2322.0,0.18313752591568763,76e93fce97e67d1fdab3ec1bb06097dc544e906f7ab895f33802c2e42f31ff54
routing_compound_regional_stress,routing_compound_regional_stress:seed96100002:epoch30,30,19,discovery,96400001,u_1.00,1.0,2323298187.746441,0.3487431378214389,2320.0,0.18055555555555555,76e93fce97e67d1fdab3ec1bb06097dc544e906f7ab895f33802c2e42f31ff54
routing_compound_regional_stress,routing_compound_regional_stress:seed96100002:epoch30,30,19,discovery,96400002,anchor,-1.0,1828316151.1850417,0.40019505851755527,1795.0,0.1240086517664023,76e93fce97e67d1fdab3ec1bb06097dc544e906f7ab895f33802c2e42f31ff54
routing_compound_regional_stress,routing_compound_regional_stress:seed96100002:epoch30,30,19,discovery,96400002,u_0.00,0.0,1830090329.4287426,0.3992197659297789,1798.0,0.12554112554112554,76e93fce97e67d1fdab3ec1bb06097dc544e906f7ab895f33802c2e42f31ff54
routing_compound_regional_stress,routing_compound_regional_stress:seed96100002:epoch30,30,19,discovery,96400002,u_0.10,0.1,1827168415.863486,0.3992197659297789,1799.0,0.12661870503597122,76e93fce97e67d1fdab3ec1bb06097dc544e906f7ab895f33802c2e42f31ff54
routing_compound_regional_stress,routing_compound_regional_stress:seed96100002:epoch30,30,19,discovery,96400002,u_0.20,0.2,1816071047.4441636,0.40507152145643693,1781.0,0.12,76e93fce97e67d1fdab3ec1bb06097dc544e906f7ab895f33802c2e42f31ff54
routing_compound_regional_stress,routing_compound_regional_stress:seed96100002:epoch30,30,19,discovery,96400002,u_0.30,0.3,1816180221.702299,0.4044213263979194,1779.0,0.12313167259786477,76e93fce97e67d1fdab3ec1bb06097dc544e906f7ab895f33802c2e42f31ff54
routing_compound_regional_stress,routing_compound_regional_stress:seed96100002:epoch30,30,19,discovery,96400002,u_0.40,0.4,1816570652.1529338,0.4044213263979194,1780.0,0.1268603827072998,76e93fce97e67d1fdab3ec1bb06097dc544e906f7ab895f33802c2e42f31ff54
routing_compound_regional_stress,routing_compound_regional_stress:seed96100002:epoch30,30,19,discovery,96400002,u_0.50,0.5,1817197497.5212111,0.40539661898569573,1777.0,0.12561750176429076,76e93fce97e67d1fdab3ec1bb06097dc544e906f7ab895f33802c2e42f31ff54
routing_compound_regional_stress,routing_compound_regional_stress:seed96100002:epoch30,30,19,discovery,96400002,u_0.60,0.6,1814392546.6449876,0.40734720416124837,1770.0,0.12473572938689217,76e93fce97e67d1fdab3ec1bb06097dc544e906f7ab895f33802c2e42f31ff54
routing_compound_regional_stress,routing_compound_regional_stress:seed96100002:epoch30,30,19,discovery,96400002,u_0.70,0.7,1827381405.9310815,0.40312093628088425,1784.0,0.12916962384669978,76e93fce97e67d1fdab3ec1bb06097dc544e906f7ab895f33802c2e42f31ff54
routing_compound_regional_stress,routing_compound_regional_stress:seed96100002:epoch30,30,19,discovery,96400002,u_0.80,0.8,1826840241.050456,0.40474642392717813,1780.0,0.13074204946996468,76e93fce97e67d1fdab3ec1bb06097dc544e906f7ab895f33802c2e42f31ff54
routing_compound_regional_stress,routing_compound_regional_stress:seed96100002:epoch30,30,19,discovery,96400002,u_0.90,0.9,1829774526.9768798,0.4057217165149545,1778.0,0.13394109396914447,76e93fce97e67d1fdab3ec1bb06097dc544e906f7ab895f33802c2e42f31ff54
routing_compound_regional_stress,routing_compound_regional_stress:seed96100002:epoch30,30,19,discovery,96400002,u_1.00,1.0,1824475217.6153631,0.4102730819245774,1765.0,0.12403100775193798,76e93fce97e67d1fdab3ec1bb06097dc544e906f7ab895f33802c2e42f31ff54
routing_compound_regional_stress,routing_compound_regional_stress:seed96100002:epoch30,30,19,validation,96500000,anchor,-1.0,2446886919.3190184,0.3226703755215577,2351.0,0.1717171717171717,76e93fce97e67d1fdab3ec1bb06097dc544e906f7ab895f33802c2e42f31ff54
routing_compound_regional_stress,routing_compound_regional_stress:seed96100002:epoch30,30,19,validation,96500000,u_0.00,0.0,2453031999.130703,0.3207232267037552,2360.0,0.17281272595806219,76e93fce97e67d1fdab3ec1bb06097dc544e906f7ab895f33802c2e42f31ff54
routing_compound_regional_stress,routing_compound_regional_stress:seed96100002:epoch30,30,19,validation,96500000,u_0.10,0.1,2446123843.839694,0.32322670375521556,2353.0,0.17134629229661627,76e93fce97e67d1fdab3ec1bb06097dc544e906f7ab895f33802c2e42f31ff54
routing_compound_regional_stress,routing_compound_regional_stress:seed96100002:epoch30,30,19,validation,96500000,u_0.20,0.2,2443104590.104324,0.32489568845618916,2347.0,0.17036506800286327,76e93fce97e67d1fdab3ec1bb06097dc544e906f7ab895f33802c2e42f31ff54
routing_compound_regional_stress,routing_compound_regional_stress:seed96100002:epoch30,30,19,validation,96500000,u_0.30,0.3,2439061054.216617,0.3262865090403338,2340.0,0.17,76e93fce97e67d1fdab3ec1bb06097dc544e906f7ab895f33802c2e42f31ff54
routing_compound_regional_stress,routing_compound_regional_stress:seed96100002:epoch30,30,19,validation,96500000,u_0.40,0.4,2435452545.0322022,0.32962447844228093,2334.0,0.16950354609929077,76e93fce97e67d1fdab3ec1bb06097dc544e906f7ab895f33802c2e42f31ff54
routing_compound_regional_stress,routing_compound_regional_stress:seed96100002:epoch30,30,19,validation,96500000,u_0.50,0.5,2424487697.8059373,0.3340751043115438,2317.0,0.16361071932299012,76e93fce97e67d1fdab3ec1bb06097dc544e906f7ab895f33802c2e42f31ff54
routing_compound_regional_stress,routing_compound_regional_stress:seed96100002:epoch30,30,19,validation,96500000,u_0.60,0.6,2417497528.99423,0.33936022253129344,2303.0,0.16295264623955433,76e93fce97e67d1fdab3ec1bb06097dc544e906f7ab895f33802c2e42f31ff54
routing_compound_regional_stress,routing_compound_regional_stress:seed96100002:epoch30,30,19,validation,96500000,u_0.70,0.7,2422289399.3928337,0.33713490959666204,2313.0,0.1640953716690042,76e93fce97e67d1fdab3ec1bb06097dc544e906f7ab895f33802c2e42f31ff54
routing_compound_regional_stress,routing_compound_regional_stress:seed96100002:epoch30,30,19,validation,96500000,u_0.80,0.8,2421228374.7392707,0.33713490959666204,2311.0,0.1589310829817159,76e93fce97e67d1fdab3ec1bb06097dc544e906f7ab895f33802c2e42f31ff54
routing_compound_regional_stress,routing_compound_regional_stress:seed96100002:epoch30,30,19,validation,96500000,u_0.90,0.9,2425601093.498516,0.3357440890125174,2314.0,0.16280701754385965,76e93fce97e67d1fdab3ec1bb06097dc544e906f7ab895f33802c2e42f31ff54
routing_compound_regional_stress,routing_compound_regional_stress:seed96100002:epoch30,30,19,validation,96500000,u_1.00,1.0,2426470499.759866,0.33741307371349094,2308.0,0.16491963661774983,76e93fce97e67d1fdab3ec1bb06097dc544e906f7ab895f33802c2e42f31ff54
routing_compound_regional_stress,routing_compound_regional_stress:seed96100002:epoch30,30,19,validation,96500001,anchor,-1.0,2112086160.6095228,0.3622167789344764,2069.0,0.15467625899280577,76e93fce97e67d1fdab3ec1bb06097dc544e906f7ab895f33802c2e42f31ff54
routing_compound_regional_stress,routing_compound_regional_stress:seed96100002:epoch30,30,19,validation,96500001,u_0.00,0.0,2112599851.07784,0.3622167789344764,2069.0,0.15306859205776174,76e93fce97e67d1fdab3ec1bb06097dc544e906f7ab895f33802c2e42f31ff54
routing_compound_regional_stress,routing_compound_regional_stress:seed96100002:epoch30,30,19,validation,96500001,u_0.10,0.1,2106770364.952147,0.3658909981628904,2059.0,0.15246957766642805,76e93fce97e67d1fdab3ec1bb06097dc544e906f7ab895f33802c2e42f31ff54
routing_compound_regional_stress,routing_compound_regional_stress:seed96100002:epoch30,30,19,validation,96500001,u_0.20,0.2,2105311120.9624727,0.3668095529699939,2057.0,0.15236051502145923,76e93fce97e67d1fdab3ec1bb06097dc544e906f7ab895f33802c2e42f31ff54
routing_compound_regional_stress,routing_compound_regional_stress:seed96100002:epoch30,30,19,validation,96500001,u_0.30,0.3,2106550782.1966424,0.3674219228413962,2058.0,0.155049786628734,76e93fce97e67d1fdab3ec1bb06097dc544e906f7ab895f33802c2e42f31ff54
routing_compound_regional_stress,routing_compound_regional_stress:seed96100002:epoch30,30,19,validation,96500001,u_0.40,0.4,2095874133.9710472,0.37140232700551135,2042.0,0.15166548547129696,76e93fce97e67d1fdab3ec1bb06097dc544e906f7ab895f33802c2e42f31ff54
routing_compound_regional_stress,routing_compound_regional_stress:seed96100002:epoch30,30,19,validation,96500001,u_0.50,0.5,2094909122.6310081,0.3735456215554195,2038.0,0.15260196905766527,76e93fce97e67d1fdab3ec1bb06097dc544e906f7ab895f33802c2e42f31ff54
routing_compound_regional_stress,routing_compound_regional_stress:seed96100002:epoch30,30,19,validation,96500001,u_0.60,0.6,2091963067.0237002,0.37538273116962645,2036.0,0.15276804484933426,76e93fce97e67d1fdab3ec1bb06097dc544e906f7ab895f33802c2e42f31ff54
routing_compound_regional_stress,routing_compound_regional_stress:seed96100002:epoch30,30,19,validation,96500001,u_0.70,0.7,2100741726.3761568,0.37262706674831597,2046.0,0.15455187014820043,76e93fce97e67d1fdab3ec1bb06097dc544e906f7ab895f33802c2e42f31ff54
routing_compound_regional_stress,routing_compound_regional_stress:seed96100002:epoch30,30,19,validation,96500001,u_0.80,0.8,2099828905.8380418,0.37446417636252294,2041.0,0.15627189908899788,76e93fce97e67d1fdab3ec1bb06097dc544e906f7ab895f33802c2e42f31ff54
routing_compound_regional_stress,routing_compound_regional_stress:seed96100002:epoch30,30,19,validation,96500001,u_0.90,0.9,2095774702.52731,0.37691365584813225,2031.0,0.15271966527196654,76e93fce97e67d1fdab3ec1bb06097dc544e906f7ab895f33802c2e42f31ff54
routing_compound_regional_stress,routing_compound_regional_stress:seed96100002:epoch30,30,19,validation,96500001,u_1.00,1.0,2099794958.941785,0.37875076546233927,2028.0,0.15202231520223153,76e93fce97e67d1fdab3ec1bb06097dc544e906f7ab895f33802c2e42f31ff54
routing_compound_regional_stress,routing_compound_regional_stress:seed96100002:epoch30,30,19,validation,96500002,anchor,-1.0,1809712547.9912589,0.41725601131541723,1825.0,0.1432791728212703,76e93fce97e67d1fdab3ec1bb06097dc544e906f7ab895f33802c2e42f31ff54
routing_compound_regional_stress,routing_compound_regional_stress:seed96100002:epoch30,30,19,validation,96500002,u_0.00,0.0,1812685460.0523353,0.4161951909476662,1830.0,0.1447562776957164,76e93fce97e67d1fdab3ec1bb06097dc544e906f7ab895f33802c2e42f31ff54
routing_compound_regional_stress,routing_compound_regional_stress:seed96100002:epoch30,30,19,validation,96500002,u_0.10,0.1,1808661187.1365838,0.4176096181046676,1826.0,0.14116777531411678,76e93fce97e67d1fdab3ec1bb06097dc544e906f7ab895f33802c2e42f31ff54
routing_compound_regional_stress,routing_compound_regional_stress:seed96100002:epoch30,30,19,validation,96500002,u_0.20,0.2,1805644806.8780925,0.4200848656294201,1822.0,0.14317180616740088,76e93fce97e67d1fdab3ec1bb06097dc544e906f7ab895f33802c2e42f31ff54
routing_compound_regional_stress,routing_compound_regional_stress:seed96100002:epoch30,30,19,validation,96500002,u_0.30,0.3,1800010439.0245938,0.42185289957567185,1817.0,0.14410480349344978,76e93fce97e67d1fdab3ec1bb06097dc544e906f7ab895f33802c2e42f31ff54
routing_compound_regional_stress,routing_compound_regional_stress:seed96100002:epoch30,30,19,validation,96500002,u_0.40,0.4,1798663479.5233173,0.42468175388967466,1807.0,0.1406816533720087,76e93fce97e67d1fdab3ec1bb06097dc544e906f7ab895f33802c2e42f31ff54
routing_compound_regional_stress,routing_compound_regional_stress:seed96100002:epoch30,30,19,validation,96500002,u_0.50,0.5,1792974765.0113251,0.42892503536067894,1800.0,0.1377072819033886,76e93fce97e67d1fdab3ec1bb06097dc544e906f7ab895f33802c2e42f31ff54
routing_compound_regional_stress,routing_compound_regional_stress:seed96100002:epoch30,30,19,validation,96500002,u_0.60,0.6,1793321741.5857563,0.42857142857142855,1800.0,0.14059120403749098,76e93fce97e67d1fdab3ec1bb06097dc544e906f7ab895f33802c2e42f31ff54
routing_compound_regional_stress,routing_compound_regional_stress:seed96100002:epoch30,30,19,validation,96500002,u_0.70,0.7,1805432636.083669,0.423974540311174,1814.0,0.14462209302325582,76e93fce97e67d1fdab3ec1bb06097dc544e906f7ab895f33802c2e42f31ff54
routing_compound_regional_stress,routing_compound_regional_stress:seed96100002:epoch30,30,19,validation,96500002,u_0.80,0.8,1805439963.9516504,0.42751060820367753,1811.0,0.14244186046511628,76e93fce97e67d1fdab3ec1bb06097dc544e906f7ab895f33802c2e42f31ff54
routing_compound_regional_stress,routing_compound_regional_stress:seed96100002:epoch30,30,19,validation,96500002,u_0.90,0.9,1805289357.0117996,0.42715700141442714,1807.0,0.14192614047791455,76e93fce97e67d1fdab3ec1bb06097dc544e906f7ab895f33802c2e42f31ff54
routing_compound_regional_stress,routing_compound_regional_stress:seed96100002:epoch30,30,19,validation,96500002,u_1.00,1.0,1809644003.0746675,0.42644978783592646,1807.0,0.1427536231884058,76e93fce97e67d1fdab3ec1bb06097dc544e906f7ab895f33802c2e42f31ff54
routing_compound_regional_stress,routing_compound_regional_stress:seed96100002:epoch30,30,19,validation,96500003,anchor,-1.0,1978005722.1153479,0.39218958611481974,1998.0,0.16292541636495295,76e93fce97e67d1fdab3ec1bb06097dc544e906f7ab895f33802c2e42f31ff54
routing_compound_regional_stress,routing_compound_regional_stress:seed96100002:epoch30,30,19,validation,96500003,u_0.00,0.0,1977738489.5783706,0.3918558077436582,1999.0,0.16171138506163887,76e93fce97e67d1fdab3ec1bb06097dc544e906f7ab895f33802c2e42f31ff54
routing_compound_regional_stress,routing_compound_regional_stress:seed96100002:epoch30,30,19,validation,96500003,u_0.10,0.1,1975229101.0635865,0.39152202937249664,1996.0,0.1613603473227207,76e93fce97e67d1fdab3ec1bb06097dc544e906f7ab895f33802c2e42f31ff54
routing_compound_regional_stress,routing_compound_regional_stress:seed96100002:epoch30,30,19,validation,96500003,u_0.20,0.2,1967625316.481716,0.3965287049399199,1985.0,0.157514450867052,76e93fce97e67d1fdab3ec1bb06097dc544e906f7ab895f33802c2e42f31ff54
routing_compound_regional_stress,routing_compound_regional_stress:seed96100002:epoch30,30,19,validation,96500003,u_0.30,0.3,1968558665.2617633,0.3965287049399199,1983.0,0.15925394548063126,76e93fce97e67d1fdab3ec1bb06097dc544e906f7ab895f33802c2e42f31ff54
routing_compound_regional_stress,routing_compound_regional_stress:seed96100002:epoch30,30,19,validation,96500003,u_0.40,0.4,1970118632.7819855,0.3951935914552737,1985.0,0.16452074391988555,76e93fce97e67d1fdab3ec1bb06097dc544e906f7ab895f33802c2e42f31ff54
routing_compound_regional_stress,routing_compound_regional_stress:seed96100002:epoch30,30,19,validation,96500003,u_0.50,0.5,1969380110.3381863,0.3961949265687583,1980.0,0.16476462196861627,76e93fce97e67d1fdab3ec1bb06097dc544e906f7ab895f33802c2e42f31ff54
routing_compound_regional_stress,routing_compound_regional_stress:seed96100002:epoch30,30,19,validation,96500003,u_0.60,0.6,1964422209.155243,0.3991989319092123,1972.0,0.16181689141234917,76e93fce97e67d1fdab3ec1bb06097dc544e906f7ab895f33802c2e42f31ff54
routing_compound_regional_stress,routing_compound_regional_stress:seed96100002:epoch30,30,19,validation,96500003,u_0.70,0.7,1975111259.5766122,0.3951935914552737,1986.0,0.16726233023588277,76e93fce97e67d1fdab3ec1bb06097dc544e906f7ab895f33802c2e42f31ff54
routing_compound_regional_stress,routing_compound_regional_stress:seed96100002:epoch30,30,19,validation,96500003,u_0.80,0.8,1973666579.236999,0.3961949265687583,1983.0,0.16476462196861627,76e93fce97e67d1fdab3ec1bb06097dc544e906f7ab895f33802c2e42f31ff54
routing_compound_regional_stress,routing_compound_regional_stress:seed96100002:epoch30,30,19,validation,96500003,u_0.90,0.9,1977198397.4422708,0.3978638184245661,1983.0,0.16571834992887624,76e93fce97e67d1fdab3ec1bb06097dc544e906f7ab895f33802c2e42f31ff54
routing_compound_regional_stress,routing_compound_regional_stress:seed96100002:epoch30,30,19,validation,96500003,u_1.00,1.0,1971036125.9448578,0.4022029372496662,1970.0,0.16277423920736023,76e93fce97e67d1fdab3ec1bb06097dc544e906f7ab895f33802c2e42f31ff54
routing_compound_regional_stress,routing_compound_regional_stress:seed96100002:epoch30,30,19,validation,96500004,anchor,-1.0,2263810425.965273,0.34848037769253465,2228.0,0.157514450867052,76e93fce97e67d1fdab3ec1bb06097dc544e906f7ab895f33802c2e42f31ff54
routing_compound_regional_stress,routing_compound_regional_stress:seed96100002:epoch30,30,19,validation,96500004,u_0.00,0.0,2266720979.6921,0.3475951608143995,2233.0,0.1551347414420976,76e93fce97e67d1fdab3ec1bb06097dc544e906f7ab895f33802c2e42f31ff54
routing_compound_regional_stress,routing_compound_regional_stress:seed96100002:epoch30,30,19,validation,96500004,u_0.10,0.1,2263288553.615915,0.35025081144880493,2223.0,0.15434782608695652,76e93fce97e67d1fdab3ec1bb06097dc544e906f7ab895f33802c2e42f31ff54
routing_compound_regional_stress,routing_compound_regional_stress:seed96100002:epoch30,30,19,validation,96500004,u_0.20,0.2,2258676748.042547,0.3508409560342284,2218.0,0.15600287562904386,76e93fce97e67d1fdab3ec1bb06097dc544e906f7ab895f33802c2e42f31ff54
routing_compound_regional_stress,routing_compound_regional_stress:seed96100002:epoch30,30,19,validation,96500004,u_0.30,0.3,2255372087.786241,0.3532015343759221,2212.0,0.1552217453505007,76e93fce97e67d1fdab3ec1bb06097dc544e906f7ab895f33802c2e42f31ff54
routing_compound_regional_stress,routing_compound_regional_stress:seed96100002:epoch30,30,19,validation,96500004,u_0.40,0.4,2256359949.6395297,0.3549719681321924,2208.0,0.15620542082738945,76e93fce97e67d1fdab3ec1bb06097dc544e906f7ab895f33802c2e42f31ff54
routing_compound_regional_stress,routing_compound_regional_stress:seed96100002:epoch30,30,19,validation,96500004,u_0.50,0.5,2258174626.516392,0.3549719681321924,2208.0,0.15800711743772242,76e93fce97e67d1fdab3ec1bb06097dc544e906f7ab895f33802c2e42f31ff54
routing_compound_regional_stress,routing_compound_regional_stress:seed96100002:epoch30,30,19,validation,96500004,u_0.60,0.6,2252499577.2626085,0.3576276187665978,2204.0,0.15711252653927812,76e93fce97e67d1fdab3ec1bb06097dc544e906f7ab895f33802c2e42f31ff54
routing_compound_regional_stress,routing_compound_regional_stress:seed96100002:epoch30,30,19,validation,96500004,u_0.70,0.7,2264128571.638339,0.35379167896134556,2218.0,0.16108339272986458,76e93fce97e67d1fdab3ec1bb06097dc544e906f7ab895f33802c2e42f31ff54
routing_compound_regional_stress,routing_compound_regional_stress:seed96100002:epoch30,30,19,validation,96500004,u_0.80,0.8,2259357674.115665,0.3573325464738861,2206.0,0.1566265060240964,76e93fce97e67d1fdab3ec1bb06097dc544e906f7ab895f33802c2e42f31ff54
routing_compound_regional_stress,routing_compound_regional_stress:seed96100002:epoch30,30,19,validation,96500004,u_0.90,0.9,2259300613.55115,0.35851283564473296,2203.0,0.15640481245576787,76e93fce97e67d1fdab3ec1bb06097dc544e906f7ab895f33802c2e42f31ff54
routing_compound_regional_stress,routing_compound_regional_stress:seed96100002:epoch30,30,19,validation,96500004,u_1.00,1.0,2260632912.2538524,0.3596931248155798,2199.0,0.15726375176304655,76e93fce97e67d1fdab3ec1bb06097dc544e906f7ab895f33802c2e42f31ff54
routing_compound_regional_stress,routing_compound_regional_stress:seed96100002:epoch55,55,17,discovery,96400000,anchor,-1.0,96705040.21777962,0.3184713375796178,99.0,0.19718309859154928,76e93fce97e67d1fdab3ec1bb06097dc544e906f7ab895f33802c2e42f31ff54
routing_compound_regional_stress,routing_compound_regional_stress:seed96100002:epoch55,55,17,discovery,96400000,u_0.00,0.0,96597825.15846851,0.3184713375796178,99.0,0.21212121212121213,76e93fce97e67d1fdab3ec1bb06097dc544e906f7ab895f33802c2e42f31ff54
routing_compound_regional_stress,routing_compound_regional_stress:seed96100002:epoch55,55,17,discovery,96400000,u_0.10,0.1,96224605.29905894,0.3184713375796178,98.0,0.1917808219178082,76e93fce97e67d1fdab3ec1bb06097dc544e906f7ab895f33802c2e42f31ff54
routing_compound_regional_stress,routing_compound_regional_stress:seed96100002:epoch55,55,17,discovery,96400000,u_0.20,0.2,95557825.7408403,0.3184713375796178,96.0,0.175,76e93fce97e67d1fdab3ec1bb06097dc544e906f7ab895f33802c2e42f31ff54
routing_compound_regional_stress,routing_compound_regional_stress:seed96100002:epoch55,55,17,discovery,96400000,u_0.30,0.3,95368457.8967268,0.3184713375796178,95.0,0.15555555555555556,76e93fce97e67d1fdab3ec1bb06097dc544e906f7ab895f33802c2e42f31ff54
routing_compound_regional_stress,routing_compound_regional_stress:seed96100002:epoch55,55,17,discovery,96400000,u_0.40,0.4,95539757.20745885,0.3184713375796178,94.0,0.14285714285714285,76e93fce97e67d1fdab3ec1bb06097dc544e906f7ab895f33802c2e42f31ff54
routing_compound_regional_stress,routing_compound_regional_stress:seed96100002:epoch55,55,17,discovery,96400000,u_0.50,0.5,94458562.82669672,0.3184713375796178,90.0,0.1320754716981132,76e93fce97e67d1fdab3ec1bb06097dc544e906f7ab895f33802c2e42f31ff54
routing_compound_regional_stress,routing_compound_regional_stress:seed96100002:epoch55,55,17,discovery,96400000,u_0.60,0.6,95976612.45444043,0.3184713375796178,90.0,0.12727272727272726,76e93fce97e67d1fdab3ec1bb06097dc544e906f7ab895f33802c2e42f31ff54
routing_compound_regional_stress,routing_compound_regional_stress:seed96100002:epoch55,55,17,discovery,96400000,u_0.70,0.7,96030003.19068995,0.3184713375796178,87.0,0.1206896551724138,76e93fce97e67d1fdab3ec1bb06097dc544e906f7ab895f33802c2e42f31ff54
routing_compound_regional_stress,routing_compound_regional_stress:seed96100002:epoch55,55,17,discovery,96400000,u_0.80,0.8,97943350.61669287,0.3184713375796178,87.0,0.11290322580645161,76e93fce97e67d1fdab3ec1bb06097dc544e906f7ab895f33802c2e42f31ff54
routing_compound_regional_stress,routing_compound_regional_stress:seed96100002:epoch55,55,17,discovery,96400000,u_0.90,0.9,99954949.38870645,0.3184713375796178,86.0,0.1111111111111111,76e93fce97e67d1fdab3ec1bb06097dc544e906f7ab895f33802c2e42f31ff54
routing_compound_regional_stress,routing_compound_regional_stress:seed96100002:epoch55,55,17,discovery,96400000,u_1.00,1.0,100113903.22669673,0.3184713375796178,82.0,0.1037037037037037,76e93fce97e67d1fdab3ec1bb06097dc544e906f7ab895f33802c2e42f31ff54
routing_compound_regional_stress,routing_compound_regional_stress:seed96100002:epoch55,55,17,discovery,96400001,anchor,-1.0,96705040.21777962,0.3184713375796178,99.0,0.19718309859154928,76e93fce97e67d1fdab3ec1bb06097dc544e906f7ab895f33802c2e42f31ff54
routing_compound_regional_stress,routing_compound_regional_stress:seed96100002:epoch55,55,17,discovery,96400001,u_0.00,0.0,96597825.15846851,0.3184713375796178,99.0,0.21212121212121213,76e93fce97e67d1fdab3ec1bb06097dc544e906f7ab895f33802c2e42f31ff54
routing_compound_regional_stress,routing_compound_regional_stress:seed96100002:epoch55,55,17,discovery,96400001,u_0.10,0.1,96224605.29905894,0.3184713375796178,98.0,0.1917808219178082,76e93fce97e67d1fdab3ec1bb06097dc544e906f7ab895f33802c2e42f31ff54
routing_compound_regional_stress,routing_compound_regional_stress:seed96100002:epoch55,55,17,discovery,96400001,u_0.20,0.2,95557825.7408403,0.3184713375796178,96.0,0.175,76e93fce97e67d1fdab3ec1bb06097dc544e906f7ab895f33802c2e42f31ff54
routing_compound_regional_stress,routing_compound_regional_stress:seed96100002:epoch55,55,17,discovery,96400001,u_0.30,0.3,95368457.8967268,0.3184713375796178,95.0,0.15555555555555556,76e93fce97e67d1fdab3ec1bb06097dc544e906f7ab895f33802c2e42f31ff54
routing_compound_regional_stress,routing_compound_regional_stress:seed96100002:epoch55,55,17,discovery,96400001,u_0.40,0.4,95539757.20745885,0.3184713375796178,94.0,0.14285714285714285,76e93fce97e67d1fdab3ec1bb06097dc544e906f7ab895f33802c2e42f31ff54
routing_compound_regional_stress,routing_compound_regional_stress:seed96100002:epoch55,55,17,discovery,96400001,u_0.50,0.5,94458562.82669672,0.3184713375796178,90.0,0.1320754716981132,76e93fce97e67d1fdab3ec1bb06097dc544e906f7ab895f33802c2e42f31ff54
routing_compound_regional_stress,routing_compound_regional_stress:seed96100002:epoch55,55,17,discovery,96400001,u_0.60,0.6,95976612.45444043,0.3184713375796178,90.0,0.12727272727272726,76e93fce97e67d1fdab3ec1bb06097dc544e906f7ab895f33802c2e42f31ff54
routing_compound_regional_stress,routing_compound_regional_stress:seed96100002:epoch55,55,17,discovery,96400001,u_0.70,0.7,96030003.19068995,0.3184713375796178,87.0,0.1206896551724138,76e93fce97e67d1fdab3ec1bb06097dc544e906f7ab895f33802c2e42f31ff54
routing_compound_regional_stress,routing_compound_regional_stress:seed96100002:epoch55,55,17,discovery,96400001,u_0.80,0.8,97943350.61669287,0.3184713375796178,87.0,0.11290322580645161,76e93fce97e67d1fdab3ec1bb06097dc544e906f7ab895f33802c2e42f31ff54
routing_compound_regional_stress,routing_compound_regional_stress:seed96100002:epoch55,55,17,discovery,96400001,u_0.90,0.9,99954949.38870645,0.3184713375796178,86.0,0.1111111111111111,76e93fce97e67d1fdab3ec1bb06097dc544e906f7ab895f33802c2e42f31ff54
routing_compound_regional_stress,routing_compound_regional_stress:seed96100002:epoch55,55,17,discovery,96400001,u_1.00,1.0,100113903.22669673,0.3184713375796178,82.0,0.1037037037037037,76e93fce97e67d1fdab3ec1bb06097dc544e906f7ab895f33802c2e42f31ff54
routing_compound_regional_stress,routing_compound_regional_stress:seed96100002:epoch55,55,17,discovery,96400002,anchor,-1.0,96705040.21777962,0.3184713375796178,99.0,0.19718309859154928,76e93fce97e67d1fdab3ec1bb06097dc544e906f7ab895f33802c2e42f31ff54
routing_compound_regional_stress,routing_compound_regional_stress:seed96100002:epoch55,55,17,discovery,96400002,u_0.00,0.0,96597825.15846851,0.3184713375796178,99.0,0.21212121212121213,76e93fce97e67d1fdab3ec1bb06097dc544e906f7ab895f33802c2e42f31ff54
routing_compound_regional_stress,routing_compound_regional_stress:seed96100002:epoch55,55,17,discovery,96400002,u_0.10,0.1,96224605.29905894,0.3184713375796178,98.0,0.1917808219178082,76e93fce97e67d1fdab3ec1bb06097dc544e906f7ab895f33802c2e42f31ff54
routing_compound_regional_stress,routing_compound_regional_stress:seed96100002:epoch55,55,17,discovery,96400002,u_0.20,0.2,95557825.7408403,0.3184713375796178,96.0,0.175,76e93fce97e67d1fdab3ec1bb06097dc544e906f7ab895f33802c2e42f31ff54
routing_compound_regional_stress,routing_compound_regional_stress:seed96100002:epoch55,55,17,discovery,96400002,u_0.30,0.3,95368457.8967268,0.3184713375796178,95.0,0.15555555555555556,76e93fce97e67d1fdab3ec1bb06097dc544e906f7ab895f33802c2e42f31ff54
routing_compound_regional_stress,routing_compound_regional_stress:seed96100002:epoch55,55,17,discovery,96400002,u_0.40,0.4,95539757.20745885,0.3184713375796178,94.0,0.14285714285714285,76e93fce97e67d1fdab3ec1bb06097dc544e906f7ab895f33802c2e42f31ff54
routing_compound_regional_stress,routing_compound_regional_stress:seed96100002:epoch55,55,17,discovery,96400002,u_0.50,0.5,94458562.82669672,0.3184713375796178,90.0,0.1320754716981132,76e93fce97e67d1fdab3ec1bb06097dc544e906f7ab895f33802c2e42f31ff54
routing_compound_regional_stress,routing_compound_regional_stress:seed96100002:epoch55,55,17,discovery,96400002,u_0.60,0.6,95976612.45444043,0.3184713375796178,90.0,0.12727272727272726,76e93fce97e67d1fdab3ec1bb06097dc544e906f7ab895f33802c2e42f31ff54
routing_compound_regional_stress,routing_compound_regional_stress:seed96100002:epoch55,55,17,discovery,96400002,u_0.70,0.7,96030003.19068995,0.3184713375796178,87.0,0.1206896551724138,76e93fce97e67d1fdab3ec1bb06097dc544e906f7ab895f33802c2e42f31ff54
routing_compound_regional_stress,routing_compound_regional_stress:seed96100002:epoch55,55,17,discovery,96400002,u_0.80,0.8,97943350.61669287,0.3184713375796178,87.0,0.11290322580645161,76e93fce97e67d1fdab3ec1bb06097dc544e906f7ab895f33802c2e42f31ff54
routing_compound_regional_stress,routing_compound_regional_stress:seed96100002:epoch55,55,17,discovery,96400002,u_0.90,0.9,99954949.38870645,0.3184713375796178,86.0,0.1111111111111111,76e93fce97e67d1fdab3ec1bb06097dc544e906f7ab895f33802c2e42f31ff54
routing_compound_regional_stress,routing_compound_regional_stress:seed96100002:epoch55,55,17,discovery,96400002,u_1.00,1.0,100113903.22669673,0.3184713375796178,82.0,0.1037037037037037,76e93fce97e67d1fdab3ec1bb06097dc544e906f7ab895f33802c2e42f31ff54
routing_compound_regional_stress,routing_compound_regional_stress:seed96100002:epoch55,55,17,validation,96500000,anchor,-1.0,96705040.21777962,0.3184713375796178,99.0,0.19718309859154928,76e93fce97e67d1fdab3ec1bb06097dc544e906f7ab895f33802c2e42f31ff54
routing_compound_regional_stress,routing_compound_regional_stress:seed96100002:epoch55,55,17,validation,96500000,u_0.00,0.0,96597825.15846851,0.3184713375796178,99.0,0.21212121212121213,76e93fce97e67d1fdab3ec1bb06097dc544e906f7ab895f33802c2e42f31ff54
routing_compound_regional_stress,routing_compound_regional_stress:seed96100002:epoch55,55,17,validation,96500000,u_0.10,0.1,96224605.29905894,0.3184713375796178,98.0,0.1917808219178082,76e93fce97e67d1fdab3ec1bb06097dc544e906f7ab895f33802c2e42f31ff54
routing_compound_regional_stress,routing_compound_regional_stress:seed96100002:epoch55,55,17,validation,96500000,u_0.20,0.2,95557825.7408403,0.3184713375796178,96.0,0.175,76e93fce97e67d1fdab3ec1bb06097dc544e906f7ab895f33802c2e42f31ff54
routing_compound_regional_stress,routing_compound_regional_stress:seed96100002:epoch55,55,17,validation,96500000,u_0.30,0.3,95368457.8967268,0.3184713375796178,95.0,0.15555555555555556,76e93fce97e67d1fdab3ec1bb06097dc544e906f7ab895f33802c2e42f31ff54
routing_compound_regional_stress,routing_compound_regional_stress:seed96100002:epoch55,55,17,validation,96500000,u_0.40,0.4,95539757.20745885,0.3184713375796178,94.0,0.14285714285714285,76e93fce97e67d1fdab3ec1bb06097dc544e906f7ab895f33802c2e42f31ff54
routing_compound_regional_stress,routing_compound_regional_stress:seed96100002:epoch55,55,17,validation,96500000,u_0.50,0.5,94458562.82669672,0.3184713375796178,90.0,0.1320754716981132,76e93fce97e67d1fdab3ec1bb06097dc544e906f7ab895f33802c2e42f31ff54
routing_compound_regional_stress,routing_compound_regional_stress:seed96100002:epoch55,55,17,validation,96500000,u_0.60,0.6,95976612.45444043,0.3184713375796178,90.0,0.12727272727272726,76e93fce97e67d1fdab3ec1bb06097dc544e906f7ab895f33802c2e42f31ff54
routing_compound_regional_stress,routing_compound_regional_stress:seed96100002:epoch55,55,17,validation,96500000,u_0.70,0.7,96030003.19068995,0.3184713375796178,87.0,0.1206896551724138,76e93fce97e67d1fdab3ec1bb06097dc544e906f7ab895f33802c2e42f31ff54
routing_compound_regional_stress,routing_compound_regional_stress:seed96100002:epoch55,55,17,validation,96500000,u_0.80,0.8,97943350.61669287,0.3184713375796178,87.0,0.11290322580645161,76e93fce97e67d1fdab3ec1bb06097dc544e906f7ab895f33802c2e42f31ff54
routing_compound_regional_stress,routing_compound_regional_stress:seed96100002:epoch55,55,17,validation,96500000,u_0.90,0.9,99954949.38870645,0.3184713375796178,86.0,0.1111111111111111,76e93fce97e67d1fdab3ec1bb06097dc544e906f7ab895f33802c2e42f31ff54
routing_compound_regional_stress,routing_compound_regional_stress:seed96100002:epoch55,55,17,validation,96500000,u_1.00,1.0,100113903.22669673,0.3184713375796178,82.0,0.1037037037037037,76e93fce97e67d1fdab3ec1bb06097dc544e906f7ab895f33802c2e42f31ff54
routing_compound_regional_stress,routing_compound_regional_stress:seed96100002:epoch55,55,17,validation,96500001,anchor,-1.0,96705040.21777962,0.3184713375796178,99.0,0.19718309859154928,76e93fce97e67d1fdab3ec1bb06097dc544e906f7ab895f33802c2e42f31ff54
routing_compound_regional_stress,routing_compound_regional_stress:seed96100002:epoch55,55,17,validation,96500001,u_0.00,0.0,96597825.15846851,0.3184713375796178,99.0,0.21212121212121213,76e93fce97e67d1fdab3ec1bb06097dc544e906f7ab895f33802c2e42f31ff54
routing_compound_regional_stress,routing_compound_regional_stress:seed96100002:epoch55,55,17,validation,96500001,u_0.10,0.1,96224605.29905894,0.3184713375796178,98.0,0.1917808219178082,76e93fce97e67d1fdab3ec1bb06097dc544e906f7ab895f33802c2e42f31ff54
routing_compound_regional_stress,routing_compound_regional_stress:seed96100002:epoch55,55,17,validation,96500001,u_0.20,0.2,95557825.7408403,0.3184713375796178,96.0,0.175,76e93fce97e67d1fdab3ec1bb06097dc544e906f7ab895f33802c2e42f31ff54
routing_compound_regional_stress,routing_compound_regional_stress:seed96100002:epoch55,55,17,validation,96500001,u_0.30,0.3,95368457.8967268,0.3184713375796178,95.0,0.15555555555555556,76e93fce97e67d1fdab3ec1bb06097dc544e906f7ab895f33802c2e42f31ff54
routing_compound_regional_stress,routing_compound_regional_stress:seed96100002:epoch55,55,17,validation,96500001,u_0.40,0.4,95539757.20745885,0.3184713375796178,94.0,0.14285714285714285,76e93fce97e67d1fdab3ec1bb06097dc544e906f7ab895f33802c2e42f31ff54
routing_compound_regional_stress,routing_compound_regional_stress:seed96100002:epoch55,55,17,validation,96500001,u_0.50,0.5,94458562.82669672,0.3184713375796178,90.0,0.1320754716981132,76e93fce97e67d1fdab3ec1bb06097dc544e906f7ab895f33802c2e42f31ff54
routing_compound_regional_stress,routing_compound_regional_stress:seed96100002:epoch55,55,17,validation,96500001,u_0.60,0.6,95976612.45444043,0.3184713375796178,90.0,0.12727272727272726,76e93fce97e67d1fdab3ec1bb06097dc544e906f7ab895f33802c2e42f31ff54
routing_compound_regional_stress,routing_compound_regional_stress:seed96100002:epoch55,55,17,validation,96500001,u_0.70,0.7,96030003.19068995,0.3184713375796178,87.0,0.1206896551724138,76e93fce97e67d1fdab3ec1bb06097dc544e906f7ab895f33802c2e42f31ff54
routing_compound_regional_stress,routing_compound_regional_stress:seed96100002:epoch55,55,17,validation,96500001,u_0.80,0.8,97943350.61669287,0.3184713375796178,87.0,0.11290322580645161,76e93fce97e67d1fdab3ec1bb06097dc544e906f7ab895f33802c2e42f31ff54
routing_compound_regional_stress,routing_compound_regional_stress:seed96100002:epoch55,55,17,validation,96500001,u_0.90,0.9,99954949.38870645,0.3184713375796178,86.0,0.1111111111111111,76e93fce97e67d1fdab3ec1bb06097dc544e906f7ab895f33802c2e42f31ff54
routing_compound_regional_stress,routing_compound_regional_stress:seed96100002:epoch55,55,17,validation,96500001,u_1.00,1.0,100113903.22669673,0.3184713375796178,82.0,0.1037037037037037,76e93fce97e67d1fdab3ec1bb06097dc544e906f7ab895f33802c2e42f31ff54
routing_compound_regional_stress,routing_compound_regional_stress:seed96100002:epoch55,55,17,validation,96500002,anchor,-1.0,96705040.21777962,0.3184713375796178,99.0,0.19718309859154928,76e93fce97e67d1fdab3ec1bb06097dc544e906f7ab895f33802c2e42f31ff54
routing_compound_regional_stress,routing_compound_regional_stress:seed96100002:epoch55,55,17,validation,96500002,u_0.00,0.0,96597825.15846851,0.3184713375796178,99.0,0.21212121212121213,76e93fce97e67d1fdab3ec1bb06097dc544e906f7ab895f33802c2e42f31ff54
routing_compound_regional_stress,routing_compound_regional_stress:seed96100002:epoch55,55,17,validation,96500002,u_0.10,0.1,96224605.29905894,0.3184713375796178,98.0,0.1917808219178082,76e93fce97e67d1fdab3ec1bb06097dc544e906f7ab895f33802c2e42f31ff54
routing_compound_regional_stress,routing_compound_regional_stress:seed96100002:epoch55,55,17,validation,96500002,u_0.20,0.2,95557825.7408403,0.3184713375796178,96.0,0.175,76e93fce97e67d1fdab3ec1bb06097dc544e906f7ab895f33802c2e42f31ff54
routing_compound_regional_stress,routing_compound_regional_stress:seed96100002:epoch55,55,17,validation,96500002,u_0.30,0.3,95368457.8967268,0.3184713375796178,95.0,0.15555555555555556,76e93fce97e67d1fdab3ec1bb06097dc544e906f7ab895f33802c2e42f31ff54
routing_compound_regional_stress,routing_compound_regional_stress:seed96100002:epoch55,55,17,validation,96500002,u_0.40,0.4,95539757.20745885,0.3184713375796178,94.0,0.14285714285714285,76e93fce97e67d1fdab3ec1bb06097dc544e906f7ab895f33802c2e42f31ff54
routing_compound_regional_stress,routing_compound_regional_stress:seed96100002:epoch55,55,17,validation,96500002,u_0.50,0.5,94458562.82669672,0.3184713375796178,90.0,0.1320754716981132,76e93fce97e67d1fdab3ec1bb06097dc544e906f7ab895f33802c2e42f31ff54
routing_compound_regional_stress,routing_compound_regional_stress:seed96100002:epoch55,55,17,validation,96500002,u_0.60,0.6,95976612.45444043,0.3184713375796178,90.0,0.12727272727272726,76e93fce97e67d1fdab3ec1bb06097dc544e906f7ab895f33802c2e42f31ff54
routing_compound_regional_stress,routing_compound_regional_stress:seed96100002:epoch55,55,17,validation,96500002,u_0.70,0.7,96030003.19068995,0.3184713375796178,87.0,0.1206896551724138,76e93fce97e67d1fdab3ec1bb06097dc544e906f7ab895f33802c2e42f31ff54
routing_compound_regional_stress,routing_compound_regional_stress:seed96100002:epoch55,55,17,validation,96500002,u_0.80,0.8,97943350.61669287,0.3184713375796178,87.0,0.11290322580645161,76e93fce97e67d1fdab3ec1bb06097dc544e906f7ab895f33802c2e42f31ff54
routing_compound_regional_stress,routing_compound_regional_stress:seed96100002:epoch55,55,17,validation,96500002,u_0.90,0.9,99954949.38870645,0.3184713375796178,86.0,0.1111111111111111,76e93fce97e67d1fdab3ec1bb06097dc544e906f7ab895f33802c2e42f31ff54
routing_compound_regional_stress,routing_compound_regional_stress:seed96100002:epoch55,55,17,validation,96500002,u_1.00,1.0,100113903.22669673,0.3184713375796178,82.0,0.1037037037037037,76e93fce97e67d1fdab3ec1bb06097dc544e906f7ab895f33802c2e42f31ff54
routing_compound_regional_stress,routing_compound_regional_stress:seed96100002:epoch55,55,17,validation,96500003,anchor,-1.0,96705040.21777962,0.3184713375796178,99.0,0.19718309859154928,76e93fce97e67d1fdab3ec1bb06097dc544e906f7ab895f33802c2e42f31ff54
routing_compound_regional_stress,routing_compound_regional_stress:seed96100002:epoch55,55,17,validation,96500003,u_0.00,0.0,96597825.15846851,0.3184713375796178,99.0,0.21212121212121213,76e93fce97e67d1fdab3ec1bb06097dc544e906f7ab895f33802c2e42f31ff54
routing_compound_regional_stress,routing_compound_regional_stress:seed96100002:epoch55,55,17,validation,96500003,u_0.10,0.1,96224605.29905894,0.3184713375796178,98.0,0.1917808219178082,76e93fce97e67d1fdab3ec1bb06097dc544e906f7ab895f33802c2e42f31ff54
routing_compound_regional_stress,routing_compound_regional_stress:seed96100002:epoch55,55,17,validation,96500003,u_0.20,0.2,95557825.7408403,0.3184713375796178,96.0,0.175,76e93fce97e67d1fdab3ec1bb06097dc544e906f7ab895f33802c2e42f31ff54
routing_compound_regional_stress,routing_compound_regional_stress:seed96100002:epoch55,55,17,validation,96500003,u_0.30,0.3,95368457.8967268,0.3184713375796178,95.0,0.15555555555555556,76e93fce97e67d1fdab3ec1bb06097dc544e906f7ab895f33802c2e42f31ff54
routing_compound_regional_stress,routing_compound_regional_stress:seed96100002:epoch55,55,17,validation,96500003,u_0.40,0.4,95539757.20745885,0.3184713375796178,94.0,0.14285714285714285,76e93fce97e67d1fdab3ec1bb06097dc544e906f7ab895f33802c2e42f31ff54
routing_compound_regional_stress,routing_compound_regional_stress:seed96100002:epoch55,55,17,validation,96500003,u_0.50,0.5,94458562.82669672,0.3184713375796178,90.0,0.1320754716981132,76e93fce97e67d1fdab3ec1bb06097dc544e906f7ab895f33802c2e42f31ff54
routing_compound_regional_stress,routing_compound_regional_stress:seed96100002:epoch55,55,17,validation,96500003,u_0.60,0.6,95976612.45444043,0.3184713375796178,90.0,0.12727272727272726,76e93fce97e67d1fdab3ec1bb06097dc544e906f7ab895f33802c2e42f31ff54
routing_compound_regional_stress,routing_compound_regional_stress:seed96100002:epoch55,55,17,validation,96500003,u_0.70,0.7,96030003.19068995,0.3184713375796178,87.0,0.1206896551724138,76e93fce97e67d1fdab3ec1bb06097dc544e906f7ab895f33802c2e42f31ff54
routing_compound_regional_stress,routing_compound_regional_stress:seed96100002:epoch55,55,17,validation,96500003,u_0.80,0.8,97943350.61669287,0.3184713375796178,87.0,0.11290322580645161,76e93fce97e67d1fdab3ec1bb06097dc544e906f7ab895f33802c2e42f31ff54
routing_compound_regional_stress,routing_compound_regional_stress:seed96100002:epoch55,55,17,validation,96500003,u_0.90,0.9,99954949.38870645,0.3184713375796178,86.0,0.1111111111111111,76e93fce97e67d1fdab3ec1bb06097dc544e906f7ab895f33802c2e42f31ff54
routing_compound_regional_stress,routing_compound_regional_stress:seed96100002:epoch55,55,17,validation,96500003,u_1.00,1.0,100113903.22669673,0.3184713375796178,82.0,0.1037037037037037,76e93fce97e67d1fdab3ec1bb06097dc544e906f7ab895f33802c2e42f31ff54
routing_compound_regional_stress,routing_compound_regional_stress:seed96100002:epoch55,55,17,validation,96500004,anchor,-1.0,96705040.21777962,0.3184713375796178,99.0,0.19718309859154928,76e93fce97e67d1fdab3ec1bb06097dc544e906f7ab895f33802c2e42f31ff54
routing_compound_regional_stress,routing_compound_regional_stress:seed96100002:epoch55,55,17,validation,96500004,u_0.00,0.0,96597825.15846851,0.3184713375796178,99.0,0.21212121212121213,76e93fce97e67d1fdab3ec1bb06097dc544e906f7ab895f33802c2e42f31ff54
routing_compound_regional_stress,routing_compound_regional_stress:seed96100002:epoch55,55,17,validation,96500004,u_0.10,0.1,96224605.29905894,0.3184713375796178,98.0,0.1917808219178082,76e93fce97e67d1fdab3ec1bb06097dc544e906f7ab895f33802c2e42f31ff54
routing_compound_regional_stress,routing_compound_regional_stress:seed96100002:epoch55,55,17,validation,96500004,u_0.20,0.2,95557825.7408403,0.3184713375796178,96.0,0.175,76e93fce97e67d1fdab3ec1bb06097dc544e906f7ab895f33802c2e42f31ff54
routing_compound_regional_stress,routing_compound_regional_stress:seed96100002:epoch55,55,17,validation,96500004,u_0.30,0.3,95368457.8967268,0.3184713375796178,95.0,0.15555555555555556,76e93fce97e67d1fdab3ec1bb06097dc544e906f7ab895f33802c2e42f31ff54
routing_compound_regional_stress,routing_compound_regional_stress:seed96100002:epoch55,55,17,validation,96500004,u_0.40,0.4,95539757.20745885,0.3184713375796178,94.0,0.14285714285714285,76e93fce97e67d1fdab3ec1bb06097dc544e906f7ab895f33802c2e42f31ff54
routing_compound_regional_stress,routing_compound_regional_stress:seed96100002:epoch55,55,17,validation,96500004,u_0.50,0.5,94458562.82669672,0.3184713375796178,90.0,0.1320754716981132,76e93fce97e67d1fdab3ec1bb06097dc544e906f7ab895f33802c2e42f31ff54
routing_compound_regional_stress,routing_compound_regional_stress:seed96100002:epoch55,55,17,validation,96500004,u_0.60,0.6,95976612.45444043,0.3184713375796178,90.0,0.12727272727272726,76e93fce97e67d1fdab3ec1bb06097dc544e906f7ab895f33802c2e42f31ff54
routing_compound_regional_stress,routing_compound_regional_stress:seed96100002:epoch55,55,17,validation,96500004,u_0.70,0.7,96030003.19068995,0.3184713375796178,87.0,0.1206896551724138,76e93fce97e67d1fdab3ec1bb06097dc544e906f7ab895f33802c2e42f31ff54
routing_compound_regional_stress,routing_compound_regional_stress:seed96100002:epoch55,55,17,validation,96500004,u_0.80,0.8,97943350.61669287,0.3184713375796178,87.0,0.11290322580645161,76e93fce97e67d1fdab3ec1bb06097dc544e906f7ab895f33802c2e42f31ff54
routing_compound_regional_stress,routing_compound_regional_stress:seed96100002:epoch55,55,17,validation,96500004,u_0.90,0.9,99954949.38870645,0.3184713375796178,86.0,0.1111111111111111,76e93fce97e67d1fdab3ec1bb06097dc544e906f7ab895f33802c2e42f31ff54
routing_compound_regional_stress,routing_compound_regional_stress:seed96100002:epoch55,55,17,validation,96500004,u_1.00,1.0,100113903.22669673,0.3184713375796178,82.0,0.1037037037037037,76e93fce97e67d1fdab3ec1bb06097dc544e906f7ab895f33802c2e42f31ff54
routing_compound_regional_stress,routing_compound_regional_stress:seed96100002:epoch80,80,13,discovery,96400000,anchor,-1.0,141407337.74182028,0.38016528925619836,153.0,0.27586206896551724,76e93fce97e67d1fdab3ec1bb06097dc544e906f7ab895f33802c2e42f31ff54
routing_compound_regional_stress,routing_compound_regional_stress:seed96100002:epoch80,80,13,discovery,96400000,u_0.00,0.0,141407337.74182028,0.38016528925619836,153.0,0.27586206896551724,76e93fce97e67d1fdab3ec1bb06097dc544e906f7ab895f33802c2e42f31ff54
routing_compound_regional_stress,routing_compound_regional_stress:seed96100002:epoch80,80,13,discovery,96400000,u_0.10,0.1,140945185.46403092,0.38016528925619836,152.0,0.25806451612903225,76e93fce97e67d1fdab3ec1bb06097dc544e906f7ab895f33802c2e42f31ff54
routing_compound_regional_stress,routing_compound_regional_stress:seed96100002:epoch80,80,13,discovery,96400000,u_0.20,0.2,139992882.23231572,0.38016528925619836,150.0,0.24242424242424243,76e93fce97e67d1fdab3ec1bb06097dc544e906f7ab895f33802c2e42f31ff54
routing_compound_regional_stress,routing_compound_regional_stress:seed96100002:epoch80,80,13,discovery,96400000,u_0.30,0.3,138974493.66922048,0.38016528925619836,148.0,0.21621621621621623,76e93fce97e67d1fdab3ec1bb06097dc544e906f7ab895f33802c2e42f31ff54
routing_compound_regional_stress,routing_compound_regional_stress:seed96100002:epoch80,80,13,discovery,96400000,u_0.40,0.4,138086837.67526832,0.38016528925619836,146.0,0.19753086419753085,76e93fce97e67d1fdab3ec1bb06097dc544e906f7ab895f33802c2e42f31ff54
routing_compound_regional_stress,routing_compound_regional_stress:seed96100002:epoch80,80,13,discovery,96400000,u_0.50,0.5,137429201.08594245,0.38016528925619836,144.0,0.1797752808988764,76e93fce97e67d1fdab3ec1bb06097dc544e906f7ab895f33802c2e42f31ff54
routing_compound_regional_stress,routing_compound_regional_stress:seed96100002:epoch80,80,13,discovery,96400000,u_0.60,0.6,137677844.30124283,0.38016528925619836,143.0,0.17204301075268819,76e93fce97e67d1fdab3ec1bb06097dc544e906f7ab895f33802c2e42f31ff54
routing_compound_regional_stress,routing_compound_regional_stress:seed96100002:epoch80,80,13,discovery,96400000,u_0.70,0.7,137381431.52116948,0.38016528925619836,141.0,0.16326530612244897,76e93fce97e67d1fdab3ec1bb06097dc544e906f7ab895f33802c2e42f31ff54
routing_compound_regional_stress,routing_compound_regional_stress:seed96100002:epoch80,80,13,discovery,96400000,u_0.80,0.8,137239750.24535578,0.38016528925619836,139.0,0.15384615384615385,76e93fce97e67d1fdab3ec1bb06097dc544e906f7ab895f33802c2e42f31ff54
routing_compound_regional_stress,routing_compound_regional_stress:seed96100002:epoch80,80,13,discovery,96400000,u_0.90,0.9,138529188.47490165,0.38016528925619836,139.0,0.1509433962264151,76e93fce97e67d1fdab3ec1bb06097dc544e906f7ab895f33802c2e42f31ff54
routing_compound_regional_stress,routing_compound_regional_stress:seed96100002:epoch80,80,13,discovery,96400000,u_1.00,1.0,137972537.28594244,0.38016528925619836,136.0,0.1391304347826087,76e93fce97e67d1fdab3ec1bb06097dc544e906f7ab895f33802c2e42f31ff54
routing_compound_regional_stress,routing_compound_regional_stress:seed96100002:epoch80,80,13,discovery,96400001,anchor,-1.0,141407337.74182028,0.38016528925619836,153.0,0.27586206896551724,76e93fce97e67d1fdab3ec1bb06097dc544e906f7ab895f33802c2e42f31ff54
routing_compound_regional_stress,routing_compound_regional_stress:seed96100002:epoch80,80,13,discovery,96400001,u_0.00,0.0,141407337.74182028,0.38016528925619836,153.0,0.27586206896551724,76e93fce97e67d1fdab3ec1bb06097dc544e906f7ab895f33802c2e42f31ff54
routing_compound_regional_stress,routing_compound_regional_stress:seed96100002:epoch80,80,13,discovery,96400001,u_0.10,0.1,140945185.46403092,0.38016528925619836,152.0,0.25806451612903225,76e93fce97e67d1fdab3ec1bb06097dc544e906f7ab895f33802c2e42f31ff54
routing_compound_regional_stress,routing_compound_regional_stress:seed96100002:epoch80,80,13,discovery,96400001,u_0.20,0.2,139992882.23231572,0.38016528925619836,150.0,0.24242424242424243,76e93fce97e67d1fdab3ec1bb06097dc544e906f7ab895f33802c2e42f31ff54
routing_compound_regional_stress,routing_compound_regional_stress:seed96100002:epoch80,80,13,discovery,96400001,u_0.30,0.3,138974493.66922048,0.38016528925619836,148.0,0.21621621621621623,76e93fce97e67d1fdab3ec1bb06097dc544e906f7ab895f33802c2e42f31ff54
routing_compound_regional_stress,routing_compound_regional_stress:seed96100002:epoch80,80,13,discovery,96400001,u_0.40,0.4,138086837.67526832,0.38016528925619836,146.0,0.19753086419753085,76e93fce97e67d1fdab3ec1bb06097dc544e906f7ab895f33802c2e42f31ff54
routing_compound_regional_stress,routing_compound_regional_stress:seed96100002:epoch80,80,13,discovery,96400001,u_0.50,0.5,137429201.08594245,0.38016528925619836,144.0,0.1797752808988764,76e93fce97e67d1fdab3ec1bb06097dc544e906f7ab895f33802c2e42f31ff54
routing_compound_regional_stress,routing_compound_regional_stress:seed96100002:epoch80,80,13,discovery,96400001,u_0.60,0.6,137677844.30124283,0.38016528925619836,143.0,0.17204301075268819,76e93fce97e67d1fdab3ec1bb06097dc544e906f7ab895f33802c2e42f31ff54
routing_compound_regional_stress,routing_compound_regional_stress:seed96100002:epoch80,80,13,discovery,96400001,u_0.70,0.7,137381431.52116948,0.38016528925619836,141.0,0.16326530612244897,76e93fce97e67d1fdab3ec1bb06097dc544e906f7ab895f33802c2e42f31ff54
routing_compound_regional_stress,routing_compound_regional_stress:seed96100002:epoch80,80,13,discovery,96400001,u_0.80,0.8,137239750.24535578,0.38016528925619836,139.0,0.15384615384615385,76e93fce97e67d1fdab3ec1bb06097dc544e906f7ab895f33802c2e42f31ff54
routing_compound_regional_stress,routing_compound_regional_stress:seed96100002:epoch80,80,13,discovery,96400001,u_0.90,0.9,138529188.47490165,0.38016528925619836,139.0,0.1509433962264151,76e93fce97e67d1fdab3ec1bb06097dc544e906f7ab895f33802c2e42f31ff54
routing_compound_regional_stress,routing_compound_regional_stress:seed96100002:epoch80,80,13,discovery,96400001,u_1.00,1.0,137972537.28594244,0.38016528925619836,136.0,0.1391304347826087,76e93fce97e67d1fdab3ec1bb06097dc544e906f7ab895f33802c2e42f31ff54
routing_compound_regional_stress,routing_compound_regional_stress:seed96100002:epoch80,80,13,discovery,96400002,anchor,-1.0,141407337.74182028,0.38016528925619836,153.0,0.27586206896551724,76e93fce97e67d1fdab3ec1bb06097dc544e906f7ab895f33802c2e42f31ff54
routing_compound_regional_stress,routing_compound_regional_stress:seed96100002:epoch80,80,13,discovery,96400002,u_0.00,0.0,141407337.74182028,0.38016528925619836,153.0,0.27586206896551724,76e93fce97e67d1fdab3ec1bb06097dc544e906f7ab895f33802c2e42f31ff54
routing_compound_regional_stress,routing_compound_regional_stress:seed96100002:epoch80,80,13,discovery,96400002,u_0.10,0.1,140945185.46403092,0.38016528925619836,152.0,0.25806451612903225,76e93fce97e67d1fdab3ec1bb06097dc544e906f7ab895f33802c2e42f31ff54
routing_compound_regional_stress,routing_compound_regional_stress:seed96100002:epoch80,80,13,discovery,96400002,u_0.20,0.2,139992882.23231572,0.38016528925619836,150.0,0.24242424242424243,76e93fce97e67d1fdab3ec1bb06097dc544e906f7ab895f33802c2e42f31ff54
routing_compound_regional_stress,routing_compound_regional_stress:seed96100002:epoch80,80,13,discovery,96400002,u_0.30,0.3,138974493.66922048,0.38016528925619836,148.0,0.21621621621621623,76e93fce97e67d1fdab3ec1bb06097dc544e906f7ab895f33802c2e42f31ff54
routing_compound_regional_stress,routing_compound_regional_stress:seed96100002:epoch80,80,13,discovery,96400002,u_0.40,0.4,138086837.67526832,0.38016528925619836,146.0,0.19753086419753085,76e93fce97e67d1fdab3ec1bb06097dc544e906f7ab895f33802c2e42f31ff54
routing_compound_regional_stress,routing_compound_regional_stress:seed96100002:epoch80,80,13,discovery,96400002,u_0.50,0.5,137429201.08594245,0.38016528925619836,144.0,0.1797752808988764,76e93fce97e67d1fdab3ec1bb06097dc544e906f7ab895f33802c2e42f31ff54
routing_compound_regional_stress,routing_compound_regional_stress:seed96100002:epoch80,80,13,discovery,96400002,u_0.60,0.6,137677844.30124283,0.38016528925619836,143.0,0.17204301075268819,76e93fce97e67d1fdab3ec1bb06097dc544e906f7ab895f33802c2e42f31ff54
routing_compound_regional_stress,routing_compound_regional_stress:seed96100002:epoch80,80,13,discovery,96400002,u_0.70,0.7,137381431.52116948,0.38016528925619836,141.0,0.16326530612244897,76e93fce97e67d1fdab3ec1bb06097dc544e906f7ab895f33802c2e42f31ff54
routing_compound_regional_stress,routing_compound_regional_stress:seed96100002:epoch80,80,13,discovery,96400002,u_0.80,0.8,137239750.24535578,0.38016528925619836,139.0,0.15384615384615385,76e93fce97e67d1fdab3ec1bb06097dc544e906f7ab895f33802c2e42f31ff54
routing_compound_regional_stress,routing_compound_regional_stress:seed96100002:epoch80,80,13,discovery,96400002,u_0.90,0.9,138529188.47490165,0.38016528925619836,139.0,0.1509433962264151,76e93fce97e67d1fdab3ec1bb06097dc544e906f7ab895f33802c2e42f31ff54
routing_compound_regional_stress,routing_compound_regional_stress:seed96100002:epoch80,80,13,discovery,96400002,u_1.00,1.0,137972537.28594244,0.38016528925619836,136.0,0.1391304347826087,76e93fce97e67d1fdab3ec1bb06097dc544e906f7ab895f33802c2e42f31ff54
routing_compound_regional_stress,routing_compound_regional_stress:seed96100002:epoch80,80,13,validation,96500000,anchor,-1.0,141407337.74182028,0.38016528925619836,153.0,0.27586206896551724,76e93fce97e67d1fdab3ec1bb06097dc544e906f7ab895f33802c2e42f31ff54
routing_compound_regional_stress,routing_compound_regional_stress:seed96100002:epoch80,80,13,validation,96500000,u_0.00,0.0,141407337.74182028,0.38016528925619836,153.0,0.27586206896551724,76e93fce97e67d1fdab3ec1bb06097dc544e906f7ab895f33802c2e42f31ff54
routing_compound_regional_stress,routing_compound_regional_stress:seed96100002:epoch80,80,13,validation,96500000,u_0.10,0.1,140945185.46403092,0.38016528925619836,152.0,0.25806451612903225,76e93fce97e67d1fdab3ec1bb06097dc544e906f7ab895f33802c2e42f31ff54
routing_compound_regional_stress,routing_compound_regional_stress:seed96100002:epoch80,80,13,validation,96500000,u_0.20,0.2,139992882.23231572,0.38016528925619836,150.0,0.24242424242424243,76e93fce97e67d1fdab3ec1bb06097dc544e906f7ab895f33802c2e42f31ff54
routing_compound_regional_stress,routing_compound_regional_stress:seed96100002:epoch80,80,13,validation,96500000,u_0.30,0.3,138974493.66922048,0.38016528925619836,148.0,0.21621621621621623,76e93fce97e67d1fdab3ec1bb06097dc544e906f7ab895f33802c2e42f31ff54
routing_compound_regional_stress,routing_compound_regional_stress:seed96100002:epoch80,80,13,validation,96500000,u_0.40,0.4,138086837.67526832,0.38016528925619836,146.0,0.19753086419753085,76e93fce97e67d1fdab3ec1bb06097dc544e906f7ab895f33802c2e42f31ff54
routing_compound_regional_stress,routing_compound_regional_stress:seed96100002:epoch80,80,13,validation,96500000,u_0.50,0.5,137429201.08594245,0.38016528925619836,144.0,0.1797752808988764,76e93fce97e67d1fdab3ec1bb06097dc544e906f7ab895f33802c2e42f31ff54
routing_compound_regional_stress,routing_compound_regional_stress:seed96100002:epoch80,80,13,validation,96500000,u_0.60,0.6,137677844.30124283,0.38016528925619836,143.0,0.17204301075268819,76e93fce97e67d1fdab3ec1bb06097dc544e906f7ab895f33802c2e42f31ff54
routing_compound_regional_stress,routing_compound_regional_stress:seed96100002:epoch80,80,13,validation,96500000,u_0.70,0.7,137381431.52116948,0.38016528925619836,141.0,0.16326530612244897,76e93fce97e67d1fdab3ec1bb06097dc544e906f7ab895f33802c2e42f31ff54
routing_compound_regional_stress,routing_compound_regional_stress:seed96100002:epoch80,80,13,validation,96500000,u_0.80,0.8,137239750.24535578,0.38016528925619836,139.0,0.15384615384615385,76e93fce97e67d1fdab3ec1bb06097dc544e906f7ab895f33802c2e42f31ff54
routing_compound_regional_stress,routing_compound_regional_stress:seed96100002:epoch80,80,13,validation,96500000,u_0.90,0.9,138529188.47490165,0.38016528925619836,139.0,0.1509433962264151,76e93fce97e67d1fdab3ec1bb06097dc544e906f7ab895f33802c2e42f31ff54
routing_compound_regional_stress,routing_compound_regional_stress:seed96100002:epoch80,80,13,validation,96500000,u_1.00,1.0,137972537.28594244,0.38016528925619836,136.0,0.1391304347826087,76e93fce97e67d1fdab3ec1bb06097dc544e906f7ab895f33802c2e42f31ff54
routing_compound_regional_stress,routing_compound_regional_stress:seed96100002:epoch80,80,13,validation,96500001,anchor,-1.0,141407337.74182028,0.38016528925619836,153.0,0.27586206896551724,76e93fce97e67d1fdab3ec1bb06097dc544e906f7ab895f33802c2e42f31ff54
routing_compound_regional_stress,routing_compound_regional_stress:seed96100002:epoch80,80,13,validation,96500001,u_0.00,0.0,141407337.74182028,0.38016528925619836,153.0,0.27586206896551724,76e93fce97e67d1fdab3ec1bb06097dc544e906f7ab895f33802c2e42f31ff54
routing_compound_regional_stress,routing_compound_regional_stress:seed96100002:epoch80,80,13,validation,96500001,u_0.10,0.1,140945185.46403092,0.38016528925619836,152.0,0.25806451612903225,76e93fce97e67d1fdab3ec1bb06097dc544e906f7ab895f33802c2e42f31ff54
routing_compound_regional_stress,routing_compound_regional_stress:seed96100002:epoch80,80,13,validation,96500001,u_0.20,0.2,139992882.23231572,0.38016528925619836,150.0,0.24242424242424243,76e93fce97e67d1fdab3ec1bb06097dc544e906f7ab895f33802c2e42f31ff54
routing_compound_regional_stress,routing_compound_regional_stress:seed96100002:epoch80,80,13,validation,96500001,u_0.30,0.3,138974493.66922048,0.38016528925619836,148.0,0.21621621621621623,76e93fce97e67d1fdab3ec1bb06097dc544e906f7ab895f33802c2e42f31ff54
routing_compound_regional_stress,routing_compound_regional_stress:seed96100002:epoch80,80,13,validation,96500001,u_0.40,0.4,138086837.67526832,0.38016528925619836,146.0,0.19753086419753085,76e93fce97e67d1fdab3ec1bb06097dc544e906f7ab895f33802c2e42f31ff54
routing_compound_regional_stress,routing_compound_regional_stress:seed96100002:epoch80,80,13,validation,96500001,u_0.50,0.5,137429201.08594245,0.38016528925619836,144.0,0.1797752808988764,76e93fce97e67d1fdab3ec1bb06097dc544e906f7ab895f33802c2e42f31ff54
routing_compound_regional_stress,routing_compound_regional_stress:seed96100002:epoch80,80,13,validation,96500001,u_0.60,0.6,137677844.30124283,0.38016528925619836,143.0,0.17204301075268819,76e93fce97e67d1fdab3ec1bb06097dc544e906f7ab895f33802c2e42f31ff54
routing_compound_regional_stress,routing_compound_regional_stress:seed96100002:epoch80,80,13,validation,96500001,u_0.70,0.7,137381431.52116948,0.38016528925619836,141.0,0.16326530612244897,76e93fce97e67d1fdab3ec1bb06097dc544e906f7ab895f33802c2e42f31ff54
routing_compound_regional_stress,routing_compound_regional_stress:seed96100002:epoch80,80,13,validation,96500001,u_0.80,0.8,137239750.24535578,0.38016528925619836,139.0,0.15384615384615385,76e93fce97e67d1fdab3ec1bb06097dc544e906f7ab895f33802c2e42f31ff54
routing_compound_regional_stress,routing_compound_regional_stress:seed96100002:epoch80,80,13,validation,96500001,u_0.90,0.9,138529188.47490165,0.38016528925619836,139.0,0.1509433962264151,76e93fce97e67d1fdab3ec1bb06097dc544e906f7ab895f33802c2e42f31ff54
routing_compound_regional_stress,routing_compound_regional_stress:seed96100002:epoch80,80,13,validation,96500001,u_1.00,1.0,137972537.28594244,0.38016528925619836,136.0,0.1391304347826087,76e93fce97e67d1fdab3ec1bb06097dc544e906f7ab895f33802c2e42f31ff54
routing_compound_regional_stress,routing_compound_regional_stress:seed96100002:epoch80,80,13,validation,96500002,anchor,-1.0,141407337.74182028,0.38016528925619836,153.0,0.27586206896551724,76e93fce97e67d1fdab3ec1bb06097dc544e906f7ab895f33802c2e42f31ff54
routing_compound_regional_stress,routing_compound_regional_stress:seed96100002:epoch80,80,13,validation,96500002,u_0.00,0.0,141407337.74182028,0.38016528925619836,153.0,0.27586206896551724,76e93fce97e67d1fdab3ec1bb06097dc544e906f7ab895f33802c2e42f31ff54
routing_compound_regional_stress,routing_compound_regional_stress:seed96100002:epoch80,80,13,validation,96500002,u_0.10,0.1,140945185.46403092,0.38016528925619836,152.0,0.25806451612903225,76e93fce97e67d1fdab3ec1bb06097dc544e906f7ab895f33802c2e42f31ff54
routing_compound_regional_stress,routing_compound_regional_stress:seed96100002:epoch80,80,13,validation,96500002,u_0.20,0.2,139992882.23231572,0.38016528925619836,150.0,0.24242424242424243,76e93fce97e67d1fdab3ec1bb06097dc544e906f7ab895f33802c2e42f31ff54
routing_compound_regional_stress,routing_compound_regional_stress:seed96100002:epoch80,80,13,validation,96500002,u_0.30,0.3,138974493.66922048,0.38016528925619836,148.0,0.21621621621621623,76e93fce97e67d1fdab3ec1bb06097dc544e906f7ab895f33802c2e42f31ff54
routing_compound_regional_stress,routing_compound_regional_stress:seed96100002:epoch80,80,13,validation,96500002,u_0.40,0.4,138086837.67526832,0.38016528925619836,146.0,0.19753086419753085,76e93fce97e67d1fdab3ec1bb06097dc544e906f7ab895f33802c2e42f31ff54
routing_compound_regional_stress,routing_compound_regional_stress:seed96100002:epoch80,80,13,validation,96500002,u_0.50,0.5,137429201.08594245,0.38016528925619836,144.0,0.1797752808988764,76e93fce97e67d1fdab3ec1bb06097dc544e906f7ab895f33802c2e42f31ff54
routing_compound_regional_stress,routing_compound_regional_stress:seed96100002:epoch80,80,13,validation,96500002,u_0.60,0.6,137677844.30124283,0.38016528925619836,143.0,0.17204301075268819,76e93fce97e67d1fdab3ec1bb06097dc544e906f7ab895f33802c2e42f31ff54
routing_compound_regional_stress,routing_compound_regional_stress:seed96100002:epoch80,80,13,validation,96500002,u_0.70,0.7,137381431.52116948,0.38016528925619836,141.0,0.16326530612244897,76e93fce97e67d1fdab3ec1bb06097dc544e906f7ab895f33802c2e42f31ff54
routing_compound_regional_stress,routing_compound_regional_stress:seed96100002:epoch80,80,13,validation,96500002,u_0.80,0.8,137239750.24535578,0.38016528925619836,139.0,0.15384615384615385,76e93fce97e67d1fdab3ec1bb06097dc544e906f7ab895f33802c2e42f31ff54
routing_compound_regional_stress,routing_compound_regional_stress:seed96100002:epoch80,80,13,validation,96500002,u_0.90,0.9,138529188.47490165,0.38016528925619836,139.0,0.1509433962264151,76e93fce97e67d1fdab3ec1bb06097dc544e906f7ab895f33802c2e42f31ff54
routing_compound_regional_stress,routing_compound_regional_stress:seed96100002:epoch80,80,13,validation,96500002,u_1.00,1.0,137972537.28594244,0.38016528925619836,136.0,0.1391304347826087,76e93fce97e67d1fdab3ec1bb06097dc544e906f7ab895f33802c2e42f31ff54
routing_compound_regional_stress,routing_compound_regional_stress:seed96100002:epoch80,80,13,validation,96500003,anchor,-1.0,141407337.74182028,0.38016528925619836,153.0,0.27586206896551724,76e93fce97e67d1fdab3ec1bb06097dc544e906f7ab895f33802c2e42f31ff54
routing_compound_regional_stress,routing_compound_regional_stress:seed96100002:epoch80,80,13,validation,96500003,u_0.00,0.0,141407337.74182028,0.38016528925619836,153.0,0.27586206896551724,76e93fce97e67d1fdab3ec1bb06097dc544e906f7ab895f33802c2e42f31ff54
routing_compound_regional_stress,routing_compound_regional_stress:seed96100002:epoch80,80,13,validation,96500003,u_0.10,0.1,140945185.46403092,0.38016528925619836,152.0,0.25806451612903225,76e93fce97e67d1fdab3ec1bb06097dc544e906f7ab895f33802c2e42f31ff54
routing_compound_regional_stress,routing_compound_regional_stress:seed96100002:epoch80,80,13,validation,96500003,u_0.20,0.2,139992882.23231572,0.38016528925619836,150.0,0.24242424242424243,76e93fce97e67d1fdab3ec1bb06097dc544e906f7ab895f33802c2e42f31ff54
routing_compound_regional_stress,routing_compound_regional_stress:seed96100002:epoch80,80,13,validation,96500003,u_0.30,0.3,138974493.66922048,0.38016528925619836,148.0,0.21621621621621623,76e93fce97e67d1fdab3ec1bb06097dc544e906f7ab895f33802c2e42f31ff54
routing_compound_regional_stress,routing_compound_regional_stress:seed96100002:epoch80,80,13,validation,96500003,u_0.40,0.4,138086837.67526832,0.38016528925619836,146.0,0.19753086419753085,76e93fce97e67d1fdab3ec1bb06097dc544e906f7ab895f33802c2e42f31ff54
routing_compound_regional_stress,routing_compound_regional_stress:seed96100002:epoch80,80,13,validation,96500003,u_0.50,0.5,137429201.08594245,0.38016528925619836,144.0,0.1797752808988764,76e93fce97e67d1fdab3ec1bb06097dc544e906f7ab895f33802c2e42f31ff54
routing_compound_regional_stress,routing_compound_regional_stress:seed96100002:epoch80,80,13,validation,96500003,u_0.60,0.6,137677844.30124283,0.38016528925619836,143.0,0.17204301075268819,76e93fce97e67d1fdab3ec1bb06097dc544e906f7ab895f33802c2e42f31ff54
routing_compound_regional_stress,routing_compound_regional_stress:seed96100002:epoch80,80,13,validation,96500003,u_0.70,0.7,137381431.52116948,0.38016528925619836,141.0,0.16326530612244897,76e93fce97e67d1fdab3ec1bb06097dc544e906f7ab895f33802c2e42f31ff54
routing_compound_regional_stress,routing_compound_regional_stress:seed96100002:epoch80,80,13,validation,96500003,u_0.80,0.8,137239750.24535578,0.38016528925619836,139.0,0.15384615384615385,76e93fce97e67d1fdab3ec1bb06097dc544e906f7ab895f33802c2e42f31ff54
routing_compound_regional_stress,routing_compound_regional_stress:seed96100002:epoch80,80,13,validation,96500003,u_0.90,0.9,138529188.47490165,0.38016528925619836,139.0,0.1509433962264151,76e93fce97e67d1fdab3ec1bb06097dc544e906f7ab895f33802c2e42f31ff54
routing_compound_regional_stress,routing_compound_regional_stress:seed96100002:epoch80,80,13,validation,96500003,u_1.00,1.0,137972537.28594244,0.38016528925619836,136.0,0.1391304347826087,76e93fce97e67d1fdab3ec1bb06097dc544e906f7ab895f33802c2e42f31ff54
routing_compound_regional_stress,routing_compound_regional_stress:seed96100002:epoch80,80,13,validation,96500004,anchor,-1.0,141407337.74182028,0.38016528925619836,153.0,0.27586206896551724,76e93fce97e67d1fdab3ec1bb06097dc544e906f7ab895f33802c2e42f31ff54
routing_compound_regional_stress,routing_compound_regional_stress:seed96100002:epoch80,80,13,validation,96500004,u_0.00,0.0,141407337.74182028,0.38016528925619836,153.0,0.27586206896551724,76e93fce97e67d1fdab3ec1bb06097dc544e906f7ab895f33802c2e42f31ff54
routing_compound_regional_stress,routing_compound_regional_stress:seed96100002:epoch80,80,13,validation,96500004,u_0.10,0.1,140945185.46403092,0.38016528925619836,152.0,0.25806451612903225,76e93fce97e67d1fdab3ec1bb06097dc544e906f7ab895f33802c2e42f31ff54
routing_compound_regional_stress,routing_compound_regional_stress:seed96100002:epoch80,80,13,validation,96500004,u_0.20,0.2,139992882.23231572,0.38016528925619836,150.0,0.24242424242424243,76e93fce97e67d1fdab3ec1bb06097dc544e906f7ab895f33802c2e42f31ff54
routing_compound_regional_stress,routing_compound_regional_stress:seed96100002:epoch80,80,13,validation,96500004,u_0.30,0.3,138974493.66922048,0.38016528925619836,148.0,0.21621621621621623,76e93fce97e67d1fdab3ec1bb06097dc544e906f7ab895f33802c2e42f31ff54
routing_compound_regional_stress,routing_compound_regional_stress:seed96100002:epoch80,80,13,validation,96500004,u_0.40,0.4,138086837.67526832,0.38016528925619836,146.0,0.19753086419753085,76e93fce97e67d1fdab3ec1bb06097dc544e906f7ab895f33802c2e42f31ff54
routing_compound_regional_stress,routing_compound_regional_stress:seed96100002:epoch80,80,13,validation,96500004,u_0.50,0.5,137429201.08594245,0.38016528925619836,144.0,0.1797752808988764,76e93fce97e67d1fdab3ec1bb06097dc544e906f7ab895f33802c2e42f31ff54
routing_compound_regional_stress,routing_compound_regional_stress:seed96100002:epoch80,80,13,validation,96500004,u_0.60,0.6,137677844.30124283,0.38016528925619836,143.0,0.17204301075268819,76e93fce97e67d1fdab3ec1bb06097dc544e906f7ab895f33802c2e42f31ff54
routing_compound_regional_stress,routing_compound_regional_stress:seed96100002:epoch80,80,13,validation,96500004,u_0.70,0.7,137381431.52116948,0.38016528925619836,141.0,0.16326530612244897,76e93fce97e67d1fdab3ec1bb06097dc544e906f7ab895f33802c2e42f31ff54
routing_compound_regional_stress,routing_compound_regional_stress:seed96100002:epoch80,80,13,validation,96500004,u_0.80,0.8,137239750.24535578,0.38016528925619836,139.0,0.15384615384615385,76e93fce97e67d1fdab3ec1bb06097dc544e906f7ab895f33802c2e42f31ff54
routing_compound_regional_stress,routing_compound_regional_stress:seed96100002:epoch80,80,13,validation,96500004,u_0.90,0.9,138529188.47490165,0.38016528925619836,139.0,0.1509433962264151,76e93fce97e67d1fdab3ec1bb06097dc544e906f7ab895f33802c2e42f31ff54
routing_compound_regional_stress,routing_compound_regional_stress:seed96100002:epoch80,80,13,validation,96500004,u_1.00,1.0,137972537.28594244,0.38016528925619836,136.0,0.1391304347826087,76e93fce97e67d1fdab3ec1bb06097dc544e906f7ab895f33802c2e42f31ff54
