role,checkpoint_variant,training_seed,scenario,step,configured_horizon,candidate_index,candidate_label,executed_action_id,policy_executed_action_id,policy_candidate_index,true_cost_advantage,true_best_index,critic_q,critic_best_index,gradient_score,gradient_best_index,policy_linf_to_candidate
control,pretrain,60,routing_persistent_hotspot_cluster1,0,4,0,mdl2,f3120f7372f25dfd,f3120f7372f25dfd,0,0.0,0,-0.13321517407894135,4,0.0,4,0.0
control,pretrain,60,routing_persistent_hotspot_cluster1,0,4,1,specimen_transfer:+1x0.05,dc6dc36aa62127be,f3120f7372f25dfd,0,0.0,0,-0.13382361829280853,4,-0.0005965194432064891,4,0.05000000447034836
control,pretrain,60,routing_persistent_hotspot_cluster1,0,4,2,specimen_transfer:-1x0.05,beee58469efc390e,f3120f7372f25dfd,0,0.0,0,-0.13261261582374573,4,0.0005965194432064891,4,0.05000000074505806
control,pretrain,60,routing_persistent_hotspot_cluster1,0,4,3,specimen_transfer:+1x0.1,5320dc19d3b8ec81,f3120f7372f25dfd,0,0.0,0,-0.13443723320960999,4,-0.0011930388864129782,4,0.10000000894069672
control,pretrain,60,routing_persistent_hotspot_cluster1,0,4,4,specimen_transfer:-1x0.1,2e563137a7e37654,f3120f7372f25dfd,0,0.0,0,-0.1320100724697113,4,0.0011930388864129782,4,0.10000000149011612
control,pretrain,60,routing_persistent_hotspot_cluster1,0,remaining,0,mdl2,f3120f7372f25dfd,f3120f7372f25dfd,0,0.0,0,-0.13321517407894135,4,0.0,4,0.0
control,pretrain,60,routing_persistent_hotspot_cluster1,0,remaining,1,specimen_transfer:+1x0.05,dc6dc36aa62127be,f3120f7372f25dfd,0,0.0,0,-0.13382361829280853,4,-0.0005965194432064891,4,0.05000000447034836
control,pretrain,60,routing_persistent_hotspot_cluster1,0,remaining,2,specimen_transfer:-1x0.05,beee58469efc390e,f3120f7372f25dfd,0,0.0,0,-0.13261261582374573,4,0.0005965194432064891,4,0.05000000074505806
control,pretrain,60,routing_persistent_hotspot_cluster1,0,remaining,3,specimen_transfer:+1x0.1,5320dc19d3b8ec81,f3120f7372f25dfd,0,0.0,0,-0.13443723320960999,4,-0.0011930388864129782,4,0.10000000894069672
control,pretrain,60,routing_persistent_hotspot_cluster1,0,remaining,4,specimen_transfer:-1x0.1,2e563137a7e37654,f3120f7372f25dfd,0,0.0,0,-0.1320100724697113,4,0.0011930388864129782,4,0.10000000149011612
control,pretrain,60,routing_persistent_hotspot_cluster1,6,4,0,mdl2,06718b61e3f46d75,06718b61e3f46d75,0,0.0,3,-0.2508544623851776,4,0.0,4,0.0
control,pretrain,60,routing_persistent_hotspot_cluster1,6,4,1,specimen_transfer:+1x0.05,c25379922d61431c,06718b61e3f46d75,0,1184603.3424310386,3,-0.2517275810241699,4,-0.0008732467540539801,4,0.05000000074505806
control,pretrain,60,routing_persistent_hotspot_cluster1,6,4,2,specimen_transfer:-1x0.05,40b568be3ff95b7c,06718b61e3f46d75,0,-277241.48847156763,3,-0.2499813288450241,4,0.0008732467540539801,4,0.05000000074505806
control,pretrain,60,routing_persistent_hotspot_cluster1,6,4,3,specimen_transfer:+1x0.1,4cd0a6ba61ec5518,06718b61e3f46d75,0,1843803.9121707678,3,-0.25240588188171387,4,-0.0017464935081079602,4,0.10000000149011612
control,pretrain,60,routing_persistent_hotspot_cluster1,6,4,4,specimen_transfer:-1x0.1,75cdbd8aa21b44d6,06718b61e3f46d75,0,243052.3102708757,3,-0.24932220578193665,4,0.001746493624523282,4,0.10000000149011612
control,pretrain,60,routing_persistent_hotspot_cluster1,6,remaining,0,mdl2,06718b61e3f46d75,06718b61e3f46d75,0,0.0,0,-0.2508544623851776,4,0.0,4,0.0
control,pretrain,60,routing_persistent_hotspot_cluster1,6,remaining,1,specimen_transfer:+1x0.05,c25379922d61431c,06718b61e3f46d75,0,-3226020.7428512573,0,-0.2517275810241699,4,-0.0008732467540539801,4,0.05000000074505806
control,pretrain,60,routing_persistent_hotspot_cluster1,6,remaining,2,specimen_transfer:-1x0.05,40b568be3ff95b7c,06718b61e3f46d75,0,-4543505.9655947685,0,-0.2499813288450241,4,0.0008732467540539801,4,0.05000000074505806
control,pretrain,60,routing_persistent_hotspot_cluster1,6,remaining,3,specimen_transfer:+1x0.1,4cd0a6ba61ec5518,06718b61e3f46d75,0,-7240593.3448290825,0,-0.25240588188171387,4,-0.0017464935081079602,4,0.10000000149011612
control,pretrain,60,routing_persistent_hotspot_cluster1,6,remaining,4,specimen_transfer:-1x0.1,75cdbd8aa21b44d6,06718b61e3f46d75,0,-8958140.119009972,0,-0.24932220578193665,4,0.001746493624523282,4,0.10000000149011612
control,pretrain,60,routing_persistent_hotspot_cluster1,12,4,0,mdl2,d685d32f6c2e567a,d685d32f6c2e567a,0,0.0,3,-0.7997471690177917,1,0.0,3,0.0
control,pretrain,60,routing_persistent_hotspot_cluster1,12,4,1,specimen_transfer:+1x0.05,363b5856c57c75a6,d685d32f6c2e567a,0,1989664.6847388744,3,-0.7991654872894287,1,0.00025564897805452347,3,0.05000000074505806
control,pretrain,60,routing_persistent_hotspot_cluster1,12,4,2,specimen_transfer:-1x0.05,b20595646c0c939c,d685d32f6c2e567a,0,-1220240.761344254,3,-0.8003201484680176,1,-0.00025564897805452347,3,0.05000000074505806
control,pretrain,60,routing_persistent_hotspot_cluster1,12,4,3,specimen_transfer:+1x0.1,258eaf1ba1cc0415,d685d32f6c2e567a,0,5623750.760056883,3,-0.7993357181549072,1,0.0005112980725243688,3,0.10000000149011612
control,pretrain,60,routing_persistent_hotspot_cluster1,12,4,4,specimen_transfer:-1x0.1,9239e6834dda0be5,d685d32f6c2e567a,0,-406955.3659223318,3,-0.8001474142074585,1,-0.0005112979561090469,3,0.10000000149011612
control,pretrain,60,routing_persistent_hotspot_cluster1,12,remaining,0,mdl2,d685d32f6c2e567a,d685d32f6c2e567a,0,0.0,4,-0.7997471690177917,1,0.0,3,0.0
control,pretrain,60,routing_persistent_hotspot_cluster1,12,remaining,1,specimen_transfer:+1x0.05,363b5856c57c75a6,d685d32f6c2e567a,0,1998011.123052597,4,-0.7991654872894287,1,0.00025564897805452347,3,0.05000000074505806
control,pretrain,60,routing_persistent_hotspot_cluster1,12,remaining,2,specimen_transfer:-1x0.05,b20595646c0c939c,d685d32f6c2e567a,0,5454283.388300419,4,-0.8003201484680176,1,-0.00025564897805452347,3,0.05000000074505806
control,pretrain,60,routing_persistent_hotspot_cluster1,12,remaining,3,specimen_transfer:+1x0.1,258eaf1ba1cc0415,d685d32f6c2e567a,0,2536538.5039014816,4,-0.7993357181549072,1,0.0005112980725243688,3,0.10000000149011612
control,pretrain,60,routing_persistent_hotspot_cluster1,12,remaining,4,specimen_transfer:-1x0.1,9239e6834dda0be5,d685d32f6c2e567a,0,6922214.241900444,4,-0.8001474142074585,1,-0.0005112979561090469,3,0.10000000149011612
control,pretrain,60,routing_persistent_hotspot_cluster1,18,4,0,mdl2,8d645b30efef012f,8d645b30efef012f,0,0.0,3,-0.7609226703643799,3,0.0,3,0.0
control,pretrain,60,routing_persistent_hotspot_cluster1,18,4,1,specimen_transfer:+1x0.05,667f54db89876634,8d645b30efef012f,0,2153224.403139323,3,-0.7606611251831055,3,0.0003344753058627248,3,0.05000000074505806
control,pretrain,60,routing_persistent_hotspot_cluster1,18,4,2,specimen_transfer:-1x0.05,0f03c118acfe7ce5,8d645b30efef012f,0,-1553769.3150782883,3,-0.7611842155456543,3,-0.0003344753058627248,3,0.05000000074505806
control,pretrain,60,routing_persistent_hotspot_cluster1,18,4,3,specimen_transfer:+1x0.1,71ca1d53abe427d7,8d645b30efef012f,0,3636309.1681914628,3,-0.7603501081466675,3,0.0006689506117254496,3,0.10000000149011612
control,pretrain,60,routing_persistent_hotspot_cluster1,18,4,4,specimen_transfer:-1x0.1,1f56eb209ac9d3b1,8d645b30efef012f,0,-1648784.7193622887,3,-0.7614948153495789,3,-0.0006689508445560932,3,0.10000000149011612
control,pretrain,60,routing_persistent_hotspot_cluster1,18,remaining,0,mdl2,8d645b30efef012f,8d645b30efef012f,0,0.0,3,-0.7609226703643799,3,0.0,3,0.0
control,pretrain,60,routing_persistent_hotspot_cluster1,18,remaining,1,specimen_transfer:+1x0.05,667f54db89876634,8d645b30efef012f,0,2886831.502090454,3,-0.7606611251831055,3,0.0003344753058627248,3,0.05000000074505806
control,pretrain,60,routing_persistent_hotspot_cluster1,18,remaining,2,specimen_transfer:-1x0.05,0f03c118acfe7ce5,8d645b30efef012f,0,1851728.0673270226,3,-0.7611842155456543,3,-0.0003344753058627248,3,0.05000000074505806
control,pretrain,60,routing_persistent_hotspot_cluster1,18,remaining,3,specimen_transfer:+1x0.1,71ca1d53abe427d7,8d645b30efef012f,0,5134376.361310959,3,-0.7603501081466675,3,0.0006689506117254496,3,0.10000000149011612
control,pretrain,60,routing_persistent_hotspot_cluster1,18,remaining,4,specimen_transfer:-1x0.1,1f56eb209ac9d3b1,8d645b30efef012f,0,2927299.990114689,3,-0.7614948153495789,3,-0.0006689508445560932,3,0.10000000149011612
control,pretrain,60,routing_persistent_hotspot_cluster1,25,4,0,mdl2,d2c8dbd11145a167,0539b45cc97b2c96,-1,0.0,1,-0.5671862363815308,4,-0.00047120789531618357,4,0.020333262160420418
control,pretrain,60,routing_persistent_hotspot_cluster1,25,4,1,specimen_transfer:+1x0.05,53c137a3cef4487d,0539b45cc97b2c96,-1,2318355.2234565318,1,-0.56695556640625,4,-0.0005869482993148267,4,0.047864772379398346
control,pretrain,60,routing_persistent_hotspot_cluster1,25,4,2,specimen_transfer:-1x0.05,a38d86182b1dd64a,0539b45cc97b2c96,-1,-3379374.6595503986,1,-0.5671951174736023,4,-0.00035546720027923584,4,0.06767745316028595
control,pretrain,60,routing_persistent_hotspot_cluster1,25,4,3,specimen_transfer:+1x0.1,b1222da5588bc7c2,0539b45cc97b2c96,-1,2184393.7151937485,1,-0.5672563314437866,4,-0.0007026884704828262,4,0.09541378915309906
control,pretrain,60,routing_persistent_hotspot_cluster1,25,4,4,specimen_transfer:-1x0.1,7e7729443b85f9a6,0539b45cc97b2c96,-1,-3742322.162426114,1,-0.566650390625,4,-0.00023972755298018456,4,0.11571667343378067
control,pretrain,60,routing_persistent_hotspot_cluster1,25,remaining,0,mdl2,d2c8dbd11145a167,0539b45cc97b2c96,-1,0.0,1,-0.5671862363815308,4,-0.00047120789531618357,4,0.020333262160420418
control,pretrain,60,routing_persistent_hotspot_cluster1,25,remaining,1,specimen_transfer:+1x0.05,53c137a3cef4487d,0539b45cc97b2c96,-1,2139447.9089496136,1,-0.56695556640625,4,-0.0005869482993148267,4,0.047864772379398346
control,pretrain,60,routing_persistent_hotspot_cluster1,25,remaining,2,specimen_transfer:-1x0.05,a38d86182b1dd64a,0539b45cc97b2c96,-1,364097.10836315155,1,-0.5671951174736023,4,-0.00035546720027923584,4,0.06767745316028595
control,pretrain,60,routing_persistent_hotspot_cluster1,25,remaining,3,specimen_transfer:+1x0.1,b1222da5588bc7c2,0539b45cc97b2c96,-1,2058949.814934492,1,-0.5672563314437866,4,-0.0007026884704828262,4,0.09541378915309906
control,pretrain,60,routing_persistent_hotspot_cluster1,25,remaining,4,specimen_transfer:-1x0.1,7e7729443b85f9a6,0539b45cc97b2c96,-1,-1137204.7756211758,1,-0.566650390625,4,-0.00023972755298018456,4,0.11571667343378067
control,pretrain,60,routing_persistent_hotspot_cluster1,31,4,0,mdl2,99bd2d5e2f258026,76de76dabe555386,-1,0.0,3,-0.6497867107391357,3,-0.0016832215478643775,3,0.052400317043066025
control,pretrain,60,routing_persistent_hotspot_cluster1,31,4,1,specimen_transfer:+1x0.05,0baf42ceb1eab94f,76de76dabe555386,-1,2390414.740946889,3,-0.6477143168449402,3,0.0002013508346863091,3,0.039437323808670044
control,pretrain,60,routing_persistent_hotspot_cluster1,31,4,2,specimen_transfer:-1x0.05,c82604734c035c8f,76de76dabe555386,-1,477325.7607047558,3,-0.6515682339668274,3,-0.003567793872207403,3,0.08451122790575027
control,pretrain,60,routing_persistent_hotspot_cluster1,31,4,3,specimen_transfer:+1x0.1,c0950aa5ed2e563f,76de76dabe555386,-1,2575140.7114994526,3,-0.6464234590530396,3,0.0020859234500676394,3,0.078703872859478
control,pretrain,60,routing_persistent_hotspot_cluster1,31,4,4,specimen_transfer:-1x0.1,a909f80754504708,76de76dabe555386,-1,698151.56656304,3,-0.652856171131134,3,-0.005452366545796394,3,0.12261836975812912
control,pretrain,60,routing_persistent_hotspot_cluster1,31,remaining,0,mdl2,99bd2d5e2f258026,76de76dabe555386,-1,0.0,3,-0.6497867107391357,3,-0.0016832215478643775,3,0.052400317043066025
control,pretrain,60,routing_persistent_hotspot_cluster1,31,remaining,1,specimen_transfer:+1x0.05,0baf42ceb1eab94f,76de76dabe555386,-1,3767328.8533320427,3,-0.6477143168449402,3,0.0002013508346863091,3,0.039437323808670044
control,pretrain,60,routing_persistent_hotspot_cluster1,31,remaining,2,specimen_transfer:-1x0.05,c82604734c035c8f,76de76dabe555386,-1,-1787640.5265533924,3,-0.6515682339668274,3,-0.003567793872207403,3,0.08451122790575027
control,pretrain,60,routing_persistent_hotspot_cluster1,31,remaining,3,specimen_transfer:+1x0.1,c0950aa5ed2e563f,76de76dabe555386,-1,4927622.263035774,3,-0.6464234590530396,3,0.0020859234500676394,3,0.078703872859478
control,pretrain,60,routing_persistent_hotspot_cluster1,31,remaining,4,specimen_transfer:-1x0.1,a909f80754504708,76de76dabe555386,-1,-3023592.4287035465,3,-0.652856171131134,3,-0.005452366545796394,3,0.12261836975812912
control,pretrain,60,routing_persistent_hotspot_cluster1,37,4,0,mdl2,a51f9dbc2a10ba4b,a01ab85962d78de0,-1,0.0,3,-0.43546169996261597,4,0.0011875088093802333,4,0.0541185699403286
control,pretrain,60,routing_persistent_hotspot_cluster1,37,4,1,specimen_transfer:+1x0.05,45637defabe96a1b,a01ab85962d78de0,-1,988459.36175704,3,-0.4355989694595337,4,0.0011303657665848732,4,0.0385342612862587
control,pretrain,60,routing_persistent_hotspot_cluster1,37,4,2,specimen_transfer:-1x0.05,acae59a7cb16e290,a01ab85962d78de0,-1,-105185.75543141365,3,-0.43540358543395996,4,0.0012446516193449497,4,0.08121607452630997
control,pretrain,60,routing_persistent_hotspot_cluster1,37,4,3,specimen_transfer:+1x0.1,f9126f61041e82b9,a01ab85962d78de0,-1,1311075.7504312098,3,-0.43581050634384155,4,0.001073222840204835,4,0.07917216420173645
control,pretrain,60,routing_persistent_hotspot_cluster1,37,4,4,specimen_transfer:-1x0.1,a11f7fc1e0b107bf,a01ab85962d78de0,-1,-60305.59052658081,3,-0.435322105884552,4,0.0013017941964790225,4,0.12082783877849579
control,pretrain,60,routing_persistent_hotspot_cluster1,37,remaining,0,mdl2,a51f9dbc2a10ba4b,a01ab85962d78de0,-1,0.0,3,-0.43546169996261597,4,0.0011875088093802333,4,0.0541185699403286
control,pretrain,60,routing_persistent_hotspot_cluster1,37,remaining,1,specimen_transfer:+1x0.05,45637defabe96a1b,a01ab85962d78de0,-1,1099767.3199089766,3,-0.4355989694595337,4,0.0011303657665848732,4,0.0385342612862587
control,pretrain,60,routing_persistent_hotspot_cluster1,37,remaining,2,specimen_transfer:-1x0.05,acae59a7cb16e290,a01ab85962d78de0,-1,904137.9373935461,3,-0.43540358543395996,4,0.0012446516193449497,4,0.08121607452630997
control,pretrain,60,routing_persistent_hotspot_cluster1,37,remaining,3,specimen_transfer:+1x0.1,f9126f61041e82b9,a01ab85962d78de0,-1,1788107.2806797028,3,-0.43581050634384155,4,0.001073222840204835,4,0.07917216420173645
control,pretrain,60,routing_persistent_hotspot_cluster1,37,remaining,4,specimen_transfer:-1x0.1,a11f7fc1e0b107bf,a01ab85962d78de0,-1,857825.6142653227,3,-0.435322105884552,4,0.0013017941964790225,4,0.12082783877849579
control,pretrain,60,routing_persistent_hotspot_cluster1,43,4,0,mdl2,8cb5903aaf52eb69,983b8e271832a63d,-1,0.0,0,-0.3178898096084595,4,-7.390501559711993e-05,4,0.04016537219285965
control,pretrain,60,routing_persistent_hotspot_cluster1,43,4,1,specimen_transfer:+1x0.05,5157e99fbae85454,983b8e271832a63d,-1,-333610.9319534302,0,-0.3178504407405853,4,-8.135721873259172e-05,4,0.03084333799779415
control,pretrain,60,routing_persistent_hotspot_cluster1,43,4,2,specimen_transfer:-1x0.05,ad6ed379f1410745,983b8e271832a63d,-1,-982276.4847935736,0,-0.3179769515991211,4,-6.645265966653824e-05,4,0.07253986597061157
control,pretrain,60,routing_persistent_hotspot_cluster1,43,4,3,specimen_transfer:+1x0.1,174e127e7bfcf40c,983b8e271832a63d,-1,-96187.28356844187,0,-0.31795746088027954,4,-8.880956738721579e-05,4,0.0774601399898529
control,pretrain,60,routing_persistent_hotspot_cluster1,43,4,4,specimen_transfer:-1x0.1,de94051b6cab385b,983b8e271832a63d,-1,-478250.371794045,0,-0.3178497850894928,4,-5.900056567043066e-05,4,0.12253986299037933
control,pretrain,60,routing_persistent_hotspot_cluster1,43,remaining,0,mdl2,8cb5903aaf52eb69,983b8e271832a63d,-1,0.0,0,-0.3178898096084595,4,-7.390501559711993e-05,4,0.04016537219285965
control,pretrain,60,routing_persistent_hotspot_cluster1,43,remaining,1,specimen_transfer:+1x0.05,5157e99fbae85454,983b8e271832a63d,-1,-1216599.5147042274,0,-0.3178504407405853,4,-8.135721873259172e-05,4,0.03084333799779415
control,pretrain,60,routing_persistent_hotspot_cluster1,43,remaining,2,specimen_transfer:-1x0.05,ad6ed379f1410745,983b8e271832a63d,-1,-1014766.4071063399,0,-0.3179769515991211,4,-6.645265966653824e-05,4,0.07253986597061157
control,pretrain,60,routing_persistent_hotspot_cluster1,43,remaining,3,specimen_transfer:+1x0.1,174e127e7bfcf40c,983b8e271832a63d,-1,-821719.284034133,0,-0.31795746088027954,4,-8.880956738721579e-05,4,0.0774601399898529
control,pretrain,60,routing_persistent_hotspot_cluster1,43,remaining,4,specimen_transfer:-1x0.1,de94051b6cab385b,983b8e271832a63d,-1,-1264483.8997291327,0,-0.3178497850894928,4,-5.900056567043066e-05,4,0.12253986299037933
control,pretrain,60,routing_persistent_hotspot_cluster1,51,4,0,mdl2,f37d31e25bb7a669,168c2d5b00a214ca,-1,0.0,3,-0.27591970562934875,3,-0.0007012207061052322,3,0.040818337351083755
control,pretrain,60,routing_persistent_hotspot_cluster1,51,4,1,specimen_transfer:+1x0.05,3173b606f6a137f2,168c2d5b00a214ca,-1,247415.84696940333,3,-0.27579057216644287,3,-0.0005412616301327944,3,0.032159220427274704
control,pretrain,60,routing_persistent_hotspot_cluster1,51,4,2,specimen_transfer:-1x0.05,712c4c36e0bff96b,168c2d5b00a214ca,-1,-402744.25303059816,3,-0.276048868894577,3,-0.0008611796656623483,3,0.07277657091617584
control,pretrain,60,routing_persistent_hotspot_cluster1,51,4,3,specimen_transfer:+1x0.1,b551bf4df86c5bda,168c2d5b00a214ca,-1,1043963.1559546739,3,-0.27555298805236816,3,-0.0003813026996795088,3,0.07722343504428864
control,pretrain,60,routing_persistent_hotspot_cluster1,51,4,4,specimen_transfer:-1x0.1,0f16af0645a84b6f,168c2d5b00a214ca,-1,-705876.7440453097,3,-0.27629339694976807,3,-0.0010211386252194643,3,0.1227765679359436
control,pretrain,60,routing_persistent_hotspot_cluster1,51,remaining,0,mdl2,f37d31e25bb7a669,168c2d5b00a214ca,-1,0.0,3,-0.27591970562934875,3,-0.0007012207061052322,3,0.040818337351083755
control,pretrain,60,routing_persistent_hotspot_cluster1,51,remaining,1,specimen_transfer:+1x0.05,3173b606f6a137f2,168c2d5b00a214ca,-1,247415.84696940333,3,-0.27579057216644287,3,-0.0005412616301327944,3,0.032159220427274704
control,pretrain,60,routing_persistent_hotspot_cluster1,51,remaining,2,specimen_transfer:-1x0.05,712c4c36e0bff96b,168c2d5b00a214ca,-1,-402744.25303059816,3,-0.276048868894577,3,-0.0008611796656623483,3,0.07277657091617584
control,pretrain,60,routing_persistent_hotspot_cluster1,51,remaining,3,specimen_transfer:+1x0.1,b551bf4df86c5bda,168c2d5b00a214ca,-1,1043963.1559546739,3,-0.27555298805236816,3,-0.0003813026996795088,3,0.07722343504428864
control,pretrain,60,routing_persistent_hotspot_cluster1,51,remaining,4,specimen_transfer:-1x0.1,0f16af0645a84b6f,168c2d5b00a214ca,-1,-705876.7440453097,3,-0.27629339694976807,3,-0.0010211386252194643,3,0.1227765679359436
control,episode25,60,routing_persistent_hotspot_cluster1,0,4,0,mdl2,f3120f7372f25dfd,f3120f7372f25dfd,0,0.0,0,-0.3978244960308075,3,0.0,3,0.0
control,episode25,60,routing_persistent_hotspot_cluster1,0,4,1,specimen_transfer:+1x0.05,dc6dc36aa62127be,f3120f7372f25dfd,0,0.0,0,-0.39557164907455444,3,0.0020913623739033937,3,0.05000000447034836
control,episode25,60,routing_persistent_hotspot_cluster1,0,4,2,specimen_transfer:-1x0.05,beee58469efc390e,f3120f7372f25dfd,0,0.0,0,-0.4001598060131073,3,-0.0020913623739033937,3,0.05000000074505806
control,episode25,60,routing_persistent_hotspot_cluster1,0,4,3,specimen_transfer:+1x0.1,5320dc19d3b8ec81,f3120f7372f25dfd,0,0.0,0,-0.3933189809322357,3,0.0041827247478067875,3,0.10000000894069672
control,episode25,60,routing_persistent_hotspot_cluster1,0,4,4,specimen_transfer:-1x0.1,2e563137a7e37654,f3120f7372f25dfd,0,0.0,0,-0.4025816023349762,3,-0.004182725213468075,3,0.10000000149011612
control,episode25,60,routing_persistent_hotspot_cluster1,0,remaining,0,mdl2,f3120f7372f25dfd,f3120f7372f25dfd,0,0.0,0,-0.3978244960308075,3,0.0,3,0.0
control,episode25,60,routing_persistent_hotspot_cluster1,0,remaining,1,specimen_transfer:+1x0.05,dc6dc36aa62127be,f3120f7372f25dfd,0,0.0,0,-0.39557164907455444,3,0.0020913623739033937,3,0.05000000447034836
control,episode25,60,routing_persistent_hotspot_cluster1,0,remaining,2,specimen_transfer:-1x0.05,beee58469efc390e,f3120f7372f25dfd,0,0.0,0,-0.4001598060131073,3,-0.0020913623739033937,3,0.05000000074505806
control,episode25,60,routing_persistent_hotspot_cluster1,0,remaining,3,specimen_transfer:+1x0.1,5320dc19d3b8ec81,f3120f7372f25dfd,0,0.0,0,-0.3933189809322357,3,0.0041827247478067875,3,0.10000000894069672
control,episode25,60,routing_persistent_hotspot_cluster1,0,remaining,4,specimen_transfer:-1x0.1,2e563137a7e37654,f3120f7372f25dfd,0,0.0,0,-0.4025816023349762,3,-0.004182725213468075,3,0.10000000149011612
control,episode25,60,routing_persistent_hotspot_cluster1,6,4,0,mdl2,06718b61e3f46d75,06718b61e3f46d75,0,0.0,3,-1.553063988685608,3,0.0,3,0.0
control,episode25,60,routing_persistent_hotspot_cluster1,6,4,1,specimen_transfer:+1x0.05,c25379922d61431c,06718b61e3f46d75,0,1184603.3424310386,3,-1.5532983541488647,3,0.00023011380108073354,3,0.05000000074505806
control,episode25,60,routing_persistent_hotspot_cluster1,6,4,2,specimen_transfer:-1x0.05,40b568be3ff95b7c,06718b61e3f46d75,0,-277241.48847156763,3,-1.5518356561660767,3,-0.0002301140339113772,3,0.05000000074505806
control,episode25,60,routing_persistent_hotspot_cluster1,6,4,3,specimen_transfer:+1x0.1,4cd0a6ba61ec5518,06718b61e3f46d75,0,1843803.9121707678,3,-1.5516380071640015,3,0.0004602280678227544,3,0.10000000149011612
control,episode25,60,routing_persistent_hotspot_cluster1,6,4,4,specimen_transfer:-1x0.1,75cdbd8aa21b44d6,06718b61e3f46d75,0,243052.3102708757,3,-1.5526955127716064,3,-0.00046022795140743256,3,0.10000000149011612
control,episode25,60,routing_persistent_hotspot_cluster1,6,remaining,0,mdl2,06718b61e3f46d75,06718b61e3f46d75,0,0.0,0,-1.553063988685608,3,0.0,3,0.0
control,episode25,60,routing_persistent_hotspot_cluster1,6,remaining,1,specimen_transfer:+1x0.05,c25379922d61431c,06718b61e3f46d75,0,-3226020.7428512573,0,-1.5532983541488647,3,0.00023011380108073354,3,0.05000000074505806
control,episode25,60,routing_persistent_hotspot_cluster1,6,remaining,2,specimen_transfer:-1x0.05,40b568be3ff95b7c,06718b61e3f46d75,0,-4543505.9655947685,0,-1.5518356561660767,3,-0.0002301140339113772,3,0.05000000074505806
control,episode25,60,routing_persistent_hotspot_cluster1,6,remaining,3,specimen_transfer:+1x0.1,4cd0a6ba61ec5518,06718b61e3f46d75,0,-7240593.3448290825,0,-1.5516380071640015,3,0.0004602280678227544,3,0.10000000149011612
control,episode25,60,routing_persistent_hotspot_cluster1,6,remaining,4,specimen_transfer:-1x0.1,75cdbd8aa21b44d6,06718b61e3f46d75,0,-8958140.119009972,0,-1.5526955127716064,3,-0.00046022795140743256,3,0.10000000149011612
control,episode25,60,routing_persistent_hotspot_cluster1,12,4,0,mdl2,d685d32f6c2e567a,d685d32f6c2e567a,0,0.0,3,-2.1967225074768066,3,0.0,3,0.0
control,episode25,60,routing_persistent_hotspot_cluster1,12,4,1,specimen_transfer:+1x0.05,363b5856c57c75a6,d685d32f6c2e567a,0,1989664.6847388744,3,-2.1934449672698975,3,0.003024658188223839,3,0.05000000074505806
control,episode25,60,routing_persistent_hotspot_cluster1,12,4,2,specimen_transfer:-1x0.05,b20595646c0c939c,d685d32f6c2e567a,0,-1220240.761344254,3,-2.2000625133514404,3,-0.0030246577225625515,3,0.05000000074505806
control,episode25,60,routing_persistent_hotspot_cluster1,12,4,3,specimen_transfer:+1x0.1,258eaf1ba1cc0415,d685d32f6c2e567a,0,5623750.760056883,3,-2.191073179244995,3,0.006049315445125103,3,0.10000000149011612
control,episode25,60,routing_persistent_hotspot_cluster1,12,4,4,specimen_transfer:-1x0.1,9239e6834dda0be5,d685d32f6c2e567a,0,-406955.3659223318,3,-2.2024898529052734,3,-0.006049314979463816,3,0.10000000149011612
control,episode25,60,routing_persistent_hotspot_cluster1,12,remaining,0,mdl2,d685d32f6c2e567a,d685d32f6c2e567a,0,0.0,4,-2.1967225074768066,3,0.0,3,0.0
control,episode25,60,routing_persistent_hotspot_cluster1,12,remaining,1,specimen_transfer:+1x0.05,363b5856c57c75a6,d685d32f6c2e567a,0,1998011.123052597,4,-2.1934449672698975,3,0.003024658188223839,3,0.05000000074505806
control,episode25,60,routing_persistent_hotspot_cluster1,12,remaining,2,specimen_transfer:-1x0.05,b20595646c0c939c,d685d32f6c2e567a,0,5454283.388300419,4,-2.2000625133514404,3,-0.0030246577225625515,3,0.05000000074505806
control,episode25,60,routing_persistent_hotspot_cluster1,12,remaining,3,specimen_transfer:+1x0.1,258eaf1ba1cc0415,d685d32f6c2e567a,0,2536538.5039014816,4,-2.191073179244995,3,0.006049315445125103,3,0.10000000149011612
control,episode25,60,routing_persistent_hotspot_cluster1,12,remaining,4,specimen_transfer:-1x0.1,9239e6834dda0be5,d685d32f6c2e567a,0,6922214.241900444,4,-2.2024898529052734,3,-0.006049314979463816,3,0.10000000149011612
control,episode25,60,routing_persistent_hotspot_cluster1,18,4,0,mdl2,8d645b30efef012f,8d645b30efef012f,0,0.0,3,-1.848513126373291,3,0.0,3,0.0
control,episode25,60,routing_persistent_hotspot_cluster1,18,4,1,specimen_transfer:+1x0.05,667f54db89876634,8d645b30efef012f,0,2153224.403139323,3,-1.8469247817993164,3,0.0012738124933093786,3,0.05000000074505806
control,episode25,60,routing_persistent_hotspot_cluster1,18,4,2,specimen_transfer:-1x0.05,0f03c118acfe7ce5,8d645b30efef012f,0,-1553769.3150782883,3,-1.8499841690063477,3,-0.0012738124933093786,3,0.05000000074505806
control,episode25,60,routing_persistent_hotspot_cluster1,18,4,3,specimen_transfer:+1x0.1,71ca1d53abe427d7,8d645b30efef012f,0,3636309.1681914628,3,-1.8456218242645264,3,0.0025476249866187572,3,0.10000000149011612
control,episode25,60,routing_persistent_hotspot_cluster1,18,4,4,specimen_transfer:-1x0.1,1f56eb209ac9d3b1,8d645b30efef012f,0,-1648784.7193622887,3,-1.850501298904419,3,-0.00254762452095747,3,0.10000000149011612
control,episode25,60,routing_persistent_hotspot_cluster1,18,remaining,0,mdl2,8d645b30efef012f,8d645b30efef012f,0,0.0,3,-1.848513126373291,3,0.0,3,0.0
control,episode25,60,routing_persistent_hotspot_cluster1,18,remaining,1,specimen_transfer:+1x0.05,667f54db89876634,8d645b30efef012f,0,2886831.502090454,3,-1.8469247817993164,3,0.0012738124933093786,3,0.05000000074505806
control,episode25,60,routing_persistent_hotspot_cluster1,18,remaining,2,specimen_transfer:-1x0.05,0f03c118acfe7ce5,8d645b30efef012f,0,1851728.0673270226,3,-1.8499841690063477,3,-0.0012738124933093786,3,0.05000000074505806
control,episode25,60,routing_persistent_hotspot_cluster1,18,remaining,3,specimen_transfer:+1x0.1,71ca1d53abe427d7,8d645b30efef012f,0,5134376.361310959,3,-1.8456218242645264,3,0.0025476249866187572,3,0.10000000149011612
control,episode25,60,routing_persistent_hotspot_cluster1,18,remaining,4,specimen_transfer:-1x0.1,1f56eb209ac9d3b1,8d645b30efef012f,0,2927299.990114689,3,-1.850501298904419,3,-0.00254762452095747,3,0.10000000149011612
control,episode25,60,routing_persistent_hotspot_cluster1,25,4,0,mdl2,d2c8dbd11145a167,0539b45cc97b2c96,-1,0.0,1,-1.3739845752716064,4,0.00017078217933885753,4,0.020311983302235603
control,episode25,60,routing_persistent_hotspot_cluster1,25,4,1,specimen_transfer:+1x0.05,53c137a3cef4487d,0539b45cc97b2c96,-1,2318355.2234565318,1,-1.3737549781799316,4,0.00010201288387179375,4,0.047946151345968246
control,episode25,60,routing_persistent_hotspot_cluster1,25,4,2,specimen_transfer:-1x0.05,a38d86182b1dd64a,0539b45cc97b2c96,-1,-3379374.6595503986,1,-1.3729567527770996,4,0.00023955071810632944,4,0.06778811663389206
control,episode25,60,routing_persistent_hotspot_cluster1,25,4,3,specimen_transfer:+1x0.1,b1222da5588bc7c2,0539b45cc97b2c96,-1,2184393.7151937485,1,-1.3741000890731812,4,3.3245421946048737e-05,4,0.09549517184495926
control,episode25,60,routing_persistent_hotspot_cluster1,25,4,4,specimen_transfer:-1x0.1,7e7729443b85f9a6,0539b45cc97b2c96,-1,-3742322.162426114,1,-1.3707424402236938,4,0.00030831899493932724,4,0.11582733690738678
control,episode25,60,routing_persistent_hotspot_cluster1,25,remaining,0,mdl2,d2c8dbd11145a167,0539b45cc97b2c96,-1,0.0,1,-1.3739845752716064,4,0.00017078217933885753,4,0.020311983302235603
control,episode25,60,routing_persistent_hotspot_cluster1,25,remaining,1,specimen_transfer:+1x0.05,53c137a3cef4487d,0539b45cc97b2c96,-1,2139447.9089496136,1,-1.3737549781799316,4,0.00010201288387179375,4,0.047946151345968246
control,episode25,60,routing_persistent_hotspot_cluster1,25,remaining,2,specimen_transfer:-1x0.05,a38d86182b1dd64a,0539b45cc97b2c96,-1,364097.10836315155,1,-1.3729567527770996,4,0.00023955071810632944,4,0.06778811663389206
control,episode25,60,routing_persistent_hotspot_cluster1,25,remaining,3,specimen_transfer:+1x0.1,b1222da5588bc7c2,0539b45cc97b2c96,-1,2058949.814934492,1,-1.3741000890731812,4,3.3245421946048737e-05,4,0.09549517184495926
control,episode25,60,routing_persistent_hotspot_cluster1,25,remaining,4,specimen_transfer:-1x0.1,7e7729443b85f9a6,0539b45cc97b2c96,-1,-1137204.7756211758,1,-1.3707424402236938,4,0.00030831899493932724,4,0.11582733690738678
control,episode25,60,routing_persistent_hotspot_cluster1,31,4,0,mdl2,99bd2d5e2f258026,76de76dabe555386,-1,0.0,3,-1.0087544918060303,3,-0.004243800882250071,3,0.052476800978183746
control,episode25,60,routing_persistent_hotspot_cluster1,31,4,1,specimen_transfer:+1x0.05,0baf42ceb1eab94f,76de76dabe555386,-1,2390414.740946889,3,-1.006553053855896,3,-0.0025205397978425026,3,0.03939441964030266
control,episode25,60,routing_persistent_hotspot_cluster1,31,4,2,specimen_transfer:-1x0.05,c82604734c035c8f,76de76dabe555386,-1,477325.7607047558,3,-1.010288119316101,3,-0.005967062432318926,3,0.0845877081155777
control,episode25,60,routing_persistent_hotspot_cluster1,31,4,3,specimen_transfer:+1x0.1,c0950aa5ed2e563f,76de76dabe555386,-1,2575140.7114994526,3,-1.00639808177948,3,-0.000797278480604291,3,0.07866096496582031
control,episode25,60,routing_persistent_hotspot_cluster1,31,4,4,specimen_transfer:-1x0.1,a909f80754504708,76de76dabe555386,-1,698151.56656304,3,-1.0107711553573608,3,-0.0076903244480490685,3,0.12267530709505081
control,episode25,60,routing_persistent_hotspot_cluster1,31,remaining,0,mdl2,99bd2d5e2f258026,76de76dabe555386,-1,0.0,3,-1.0087544918060303,3,-0.004243800882250071,3,0.052476800978183746
control,episode25,60,routing_persistent_hotspot_cluster1,31,remaining,1,specimen_transfer:+1x0.05,0baf42ceb1eab94f,76de76dabe555386,-1,3767328.8533320427,3,-1.006553053855896,3,-0.0025205397978425026,3,0.03939441964030266
control,episode25,60,routing_persistent_hotspot_cluster1,31,remaining,2,specimen_transfer:-1x0.05,c82604734c035c8f,76de76dabe555386,-1,-1787640.5265533924,3,-1.010288119316101,3,-0.005967062432318926,3,0.0845877081155777
control,episode25,60,routing_persistent_hotspot_cluster1,31,remaining,3,specimen_transfer:+1x0.1,c0950aa5ed2e563f,76de76dabe555386,-1,4927622.263035774,3,-1.00639808177948,3,-0.000797278480604291,3,0.07866096496582031
control,episode25,60,routing_persistent_hotspot_cluster1,31,remaining,4,specimen_transfer:-1x0.1,a909f80754504708,76de76dabe555386,-1,-3023592.4287035465,3,-1.0107711553573608,3,-0.0076903244480490685,3,0.12267530709505081
control,episode25,60,routing_persistent_hotspot_cluster1,37,4,0,mdl2,a51f9dbc2a10ba4b,d2ffe5513e117e2f,-1,0.0,3,-0.5120562314987183,4,0.0006835632375441492,4,0.05408163741230965
control,episode25,60,routing_persistent_hotspot_cluster1,37,4,1,specimen_transfer:+1x0.05,45637defabe96a1b,d2ffe5513e117e2f,-1,988459.36175704,3,-0.5129857659339905,4,-6.881041917949915e-05,4,0.038582440465688705
control,episode25,60,routing_persistent_hotspot_cluster1,37,4,2,specimen_transfer:-1x0.05,acae59a7cb16e290,d2ffe5513e117e2f,-1,-105185.75543141365,3,-0.5111690759658813,4,0.0014359364286065102,4,0.08117914199829102
control,episode25,60,routing_persistent_hotspot_cluster1,37,4,3,specimen_transfer:+1x0.1,f9126f61041e82b9,d2ffe5513e117e2f,-1,1311075.7504312098,3,-0.5133914947509766,4,-0.0008211836684495211,4,0.0791502371430397
control,episode25,60,routing_persistent_hotspot_cluster1,37,4,4,specimen_transfer:-1x0.1,a11f7fc1e0b107bf,d2ffe5513e117e2f,-1,-60305.59052658081,3,-0.5105844736099243,4,0.002188310259953141,4,0.12084976583719254
control,episode25,60,routing_persistent_hotspot_cluster1,37,remaining,0,mdl2,a51f9dbc2a10ba4b,d2ffe5513e117e2f,-1,0.0,3,-0.5120562314987183,4,0.0006835632375441492,4,0.05408163741230965
control,episode25,60,routing_persistent_hotspot_cluster1,37,remaining,1,specimen_transfer:+1x0.05,45637defabe96a1b,d2ffe5513e117e2f,-1,1099767.3199089766,3,-0.5129857659339905,4,-6.881041917949915e-05,4,0.038582440465688705
control,episode25,60,routing_persistent_hotspot_cluster1,37,remaining,2,specimen_transfer:-1x0.05,acae59a7cb16e290,d2ffe5513e117e2f,-1,904137.9373935461,3,-0.5111690759658813,4,0.0014359364286065102,4,0.08117914199829102
control,episode25,60,routing_persistent_hotspot_cluster1,37,remaining,3,specimen_transfer:+1x0.1,f9126f61041e82b9,d2ffe5513e117e2f,-1,1788107.2806797028,3,-0.5133914947509766,4,-0.0008211836684495211,4,0.0791502371430397
control,episode25,60,routing_persistent_hotspot_cluster1,37,remaining,4,specimen_transfer:-1x0.1,a11f7fc1e0b107bf,d2ffe5513e117e2f,-1,857825.6142653227,3,-0.5105844736099243,4,0.002188310259953141,4,0.12084976583719254
control,episode25,60,routing_persistent_hotspot_cluster1,43,4,0,mdl2,8cb5903aaf52eb69,983b8e271832a63d,-1,0.0,0,-0.32959502935409546,3,-0.003776119090616703,3,0.040335532277822495
control,episode25,60,routing_persistent_hotspot_cluster1,43,4,1,specimen_transfer:+1x0.05,5157e99fbae85454,983b8e271832a63d,-1,-333610.9319534302,0,-0.32933467626571655,3,-0.0033676782622933388,3,0.031013498082756996
control,episode25,60,routing_persistent_hotspot_cluster1,43,4,2,specimen_transfer:-1x0.05,ad6ed379f1410745,983b8e271832a63d,-1,-982276.4847935736,0,-0.3295942544937134,3,-0.004184561315923929,3,0.0726085975766182
control,episode25,60,routing_persistent_hotspot_cluster1,43,4,3,specimen_transfer:+1x0.1,174e127e7bfcf40c,983b8e271832a63d,-1,-96187.28356844187,0,-0.32879477739334106,3,-0.0029592367354780436,3,0.07751151919364929
control,episode25,60,routing_persistent_hotspot_cluster1,43,4,4,specimen_transfer:-1x0.1,de94051b6cab385b,983b8e271832a63d,-1,-478250.371794045,0,-0.3294452130794525,3,-0.004593000281602144,3,0.12248848378658295
control,episode25,60,routing_persistent_hotspot_cluster1,43,remaining,0,mdl2,8cb5903aaf52eb69,983b8e271832a63d,-1,0.0,0,-0.32959502935409546,3,-0.003776119090616703,3,0.040335532277822495
control,episode25,60,routing_persistent_hotspot_cluster1,43,remaining,1,specimen_transfer:+1x0.05,5157e99fbae85454,983b8e271832a63d,-1,-1216599.5147042274,0,-0.32933467626571655,3,-0.0033676782622933388,3,0.031013498082756996
control,episode25,60,routing_persistent_hotspot_cluster1,43,remaining,2,specimen_transfer:-1x0.05,ad6ed379f1410745,983b8e271832a63d,-1,-1014766.4071063399,0,-0.3295942544937134,3,-0.004184561315923929,3,0.0726085975766182
control,episode25,60,routing_persistent_hotspot_cluster1,43,remaining,3,specimen_transfer:+1x0.1,174e127e7bfcf40c,983b8e271832a63d,-1,-821719.284034133,0,-0.32879477739334106,3,-0.0029592367354780436,3,0.07751151919364929
control,episode25,60,routing_persistent_hotspot_cluster1,43,remaining,4,specimen_transfer:-1x0.1,de94051b6cab385b,983b8e271832a63d,-1,-1264483.8997291327,0,-0.3294452130794525,3,-0.004593000281602144,3,0.12248848378658295
control,episode25,60,routing_persistent_hotspot_cluster1,51,4,0,mdl2,f37d31e25bb7a669,43d7a780c02d9410,-1,0.0,3,-0.08556390553712845,3,-0.0018903219606727362,3,0.040775444358587265
control,episode25,60,routing_persistent_hotspot_cluster1,51,4,1,specimen_transfer:+1x0.05,3173b606f6a137f2,43d7a780c02d9410,-1,247415.84696940333,3,-0.08536098897457123,3,-0.0013738174457103014,3,0.03218335285782814
control,episode25,60,routing_persistent_hotspot_cluster1,51,4,2,specimen_transfer:-1x0.05,712c4c36e0bff96b,43d7a780c02d9410,-1,-402744.25303059816,3,-0.08572166413068771,3,-0.0024068262428045273,3,0.07276617735624313
control,episode25,60,routing_persistent_hotspot_cluster1,51,4,3,specimen_transfer:+1x0.1,b551bf4df86c5bda,43d7a780c02d9410,-1,1043963.1559546739,3,-0.08463190495967865,3,-0.0008573132217861712,3,0.07723382115364075
control,episode25,60,routing_persistent_hotspot_cluster1,51,4,4,specimen_transfer:-1x0.1,0f16af0645a84b6f,43d7a780c02d9410,-1,-705876.7440453097,3,-0.08624989539384842,3,-0.0029233302921056747,3,0.12276618182659149
control,episode25,60,routing_persistent_hotspot_cluster1,51,remaining,0,mdl2,f37d31e25bb7a669,43d7a780c02d9410,-1,0.0,3,-0.08556390553712845,3,-0.0018903219606727362,3,0.040775444358587265
control,episode25,60,routing_persistent_hotspot_cluster1,51,remaining,1,specimen_transfer:+1x0.05,3173b606f6a137f2,43d7a780c02d9410,-1,247415.84696940333,3,-0.08536098897457123,3,-0.0013738174457103014,3,0.03218335285782814
control,episode25,60,routing_persistent_hotspot_cluster1,51,remaining,2,specimen_transfer:-1x0.05,712c4c36e0bff96b,43d7a780c02d9410,-1,-402744.25303059816,3,-0.08572166413068771,3,-0.0024068262428045273,3,0.07276617735624313
control,episode25,60,routing_persistent_hotspot_cluster1,51,remaining,3,specimen_transfer:+1x0.1,b551bf4df86c5bda,43d7a780c02d9410,-1,1043963.1559546739,3,-0.08463190495967865,3,-0.0008573132217861712,3,0.07723382115364075
control,episode25,60,routing_persistent_hotspot_cluster1,51,remaining,4,specimen_transfer:-1x0.1,0f16af0645a84b6f,43d7a780c02d9410,-1,-705876.7440453097,3,-0.08624989539384842,3,-0.0029233302921056747,3,0.12276618182659149
control,final,60,routing_persistent_hotspot_cluster1,0,4,0,mdl2,f3120f7372f25dfd,f3120f7372f25dfd,0,0.0,0,-0.059917472302913666,4,0.0,4,0.0
control,final,60,routing_persistent_hotspot_cluster1,0,4,1,specimen_transfer:+1x0.05,dc6dc36aa62127be,f3120f7372f25dfd,0,0.0,0,-0.061129357665777206,4,-0.0010964353568851948,4,0.05000000447034836
control,final,60,routing_persistent_hotspot_cluster1,0,4,2,specimen_transfer:-1x0.05,beee58469efc390e,f3120f7372f25dfd,0,0.0,0,-0.05889744311571121,4,0.0010964353568851948,4,0.05000000074505806
control,final,60,routing_persistent_hotspot_cluster1,0,4,3,specimen_transfer:+1x0.1,5320dc19d3b8ec81,f3120f7372f25dfd,0,0.0,0,-0.062413159757852554,4,-0.0021928707137703896,4,0.10000000894069672
control,final,60,routing_persistent_hotspot_cluster1,0,4,4,specimen_transfer:-1x0.1,2e563137a7e37654,f3120f7372f25dfd,0,0.0,0,-0.05787738412618637,4,0.0021928707137703896,4,0.10000000149011612
control,final,60,routing_persistent_hotspot_cluster1,0,remaining,0,mdl2,f3120f7372f25dfd,f3120f7372f25dfd,0,0.0,0,-0.059917472302913666,4,0.0,4,0.0
control,final,60,routing_persistent_hotspot_cluster1,0,remaining,1,specimen_transfer:+1x0.05,dc6dc36aa62127be,f3120f7372f25dfd,0,0.0,0,-0.061129357665777206,4,-0.0010964353568851948,4,0.05000000447034836
control,final,60,routing_persistent_hotspot_cluster1,0,remaining,2,specimen_transfer:-1x0.05,beee58469efc390e,f3120f7372f25dfd,0,0.0,0,-0.05889744311571121,4,0.0010964353568851948,4,0.05000000074505806
control,final,60,routing_persistent_hotspot_cluster1,0,remaining,3,specimen_transfer:+1x0.1,5320dc19d3b8ec81,f3120f7372f25dfd,0,0.0,0,-0.062413159757852554,4,-0.0021928707137703896,4,0.10000000894069672
control,final,60,routing_persistent_hotspot_cluster1,0,remaining,4,specimen_transfer:-1x0.1,2e563137a7e37654,f3120f7372f25dfd,0,0.0,0,-0.05787738412618637,4,0.0021928707137703896,4,0.10000000149011612
control,final,60,routing_persistent_hotspot_cluster1,6,4,0,mdl2,06718b61e3f46d75,06718b61e3f46d75,0,0.0,3,-1.5483490228652954,3,0.0,3,0.0
control,final,60,routing_persistent_hotspot_cluster1,6,4,1,specimen_transfer:+1x0.05,c25379922d61431c,06718b61e3f46d75,0,1184603.3424310386,3,-1.54630708694458,3,0.0024176170118153095,3,0.05000000074505806
control,final,60,routing_persistent_hotspot_cluster1,6,4,2,specimen_transfer:-1x0.05,40b568be3ff95b7c,06718b61e3f46d75,0,-277241.48847156763,3,-1.550095558166504,3,-0.002417617244645953,3,0.05000000074505806
control,final,60,routing_persistent_hotspot_cluster1,6,4,3,specimen_transfer:+1x0.1,4cd0a6ba61ec5518,06718b61e3f46d75,0,1843803.9121707678,3,-1.5426316261291504,3,0.004835234489291906,3,0.10000000149011612
control,final,60,routing_persistent_hotspot_cluster1,6,4,4,specimen_transfer:-1x0.1,75cdbd8aa21b44d6,06718b61e3f46d75,0,243052.3102708757,3,-1.553610920906067,3,-0.004835234023630619,3,0.10000000149011612
control,final,60,routing_persistent_hotspot_cluster1,6,remaining,0,mdl2,06718b61e3f46d75,06718b61e3f46d75,0,0.0,0,-1.5483490228652954,3,0.0,3,0.0
control,final,60,routing_persistent_hotspot_cluster1,6,remaining,1,specimen_transfer:+1x0.05,c25379922d61431c,06718b61e3f46d75,0,-3226020.7428512573,0,-1.54630708694458,3,0.0024176170118153095,3,0.05000000074505806
control,final,60,routing_persistent_hotspot_cluster1,6,remaining,2,specimen_transfer:-1x0.05,40b568be3ff95b7c,06718b61e3f46d75,0,-4543505.9655947685,0,-1.550095558166504,3,-0.002417617244645953,3,0.05000000074505806
control,final,60,routing_persistent_hotspot_cluster1,6,remaining,3,specimen_transfer:+1x0.1,4cd0a6ba61ec5518,06718b61e3f46d75,0,-7240593.3448290825,0,-1.5426316261291504,3,0.004835234489291906,3,0.10000000149011612
control,final,60,routing_persistent_hotspot_cluster1,6,remaining,4,specimen_transfer:-1x0.1,75cdbd8aa21b44d6,06718b61e3f46d75,0,-8958140.119009972,0,-1.553610920906067,3,-0.004835234023630619,3,0.10000000149011612
control,final,60,routing_persistent_hotspot_cluster1,12,4,0,mdl2,d685d32f6c2e567a,d685d32f6c2e567a,0,0.0,3,-1.9902385473251343,3,0.0,3,0.0
control,final,60,routing_persistent_hotspot_cluster1,12,4,1,specimen_transfer:+1x0.05,363b5856c57c75a6,d685d32f6c2e567a,0,1989664.6847388744,3,-1.9873708486557007,3,0.0028488142415881157,3,0.05000000074505806
control,final,60,routing_persistent_hotspot_cluster1,12,4,2,specimen_transfer:-1x0.05,b20595646c0c939c,d685d32f6c2e567a,0,-1220240.761344254,3,-1.9932078123092651,3,-0.0028488142415881157,3,0.05000000074505806
control,final,60,routing_persistent_hotspot_cluster1,12,4,3,specimen_transfer:+1x0.1,258eaf1ba1cc0415,d685d32f6c2e567a,0,5623750.760056883,3,-1.985632061958313,3,0.005697628483176231,3,0.10000000149011612
control,final,60,routing_persistent_hotspot_cluster1,12,4,4,specimen_transfer:-1x0.1,9239e6834dda0be5,d685d32f6c2e567a,0,-406955.3659223318,3,-1.9955599308013916,3,-0.005697628017514944,3,0.10000000149011612
control,final,60,routing_persistent_hotspot_cluster1,12,remaining,0,mdl2,d685d32f6c2e567a,d685d32f6c2e567a,0,0.0,4,-1.9902385473251343,3,0.0,3,0.0
control,final,60,routing_persistent_hotspot_cluster1,12,remaining,1,specimen_transfer:+1x0.05,363b5856c57c75a6,d685d32f6c2e567a,0,1998011.123052597,4,-1.9873708486557007,3,0.0028488142415881157,3,0.05000000074505806
control,final,60,routing_persistent_hotspot_cluster1,12,remaining,2,specimen_transfer:-1x0.05,b20595646c0c939c,d685d32f6c2e567a,0,5454283.388300419,4,-1.9932078123092651,3,-0.0028488142415881157,3,0.05000000074505806
control,final,60,routing_persistent_hotspot_cluster1,12,remaining,3,specimen_transfer:+1x0.1,258eaf1ba1cc0415,d685d32f6c2e567a,0,2536538.5039014816,4,-1.985632061958313,3,0.005697628483176231,3,0.10000000149011612
control,final,60,routing_persistent_hotspot_cluster1,12,remaining,4,specimen_transfer:-1x0.1,9239e6834dda0be5,d685d32f6c2e567a,0,6922214.241900444,4,-1.9955599308013916,3,-0.005697628017514944,3,0.10000000149011612
control,final,60,routing_persistent_hotspot_cluster1,18,4,0,mdl2,8d645b30efef012f,8d645b30efef012f,0,0.0,3,-1.4471060037612915,1,0.0,3,0.0
control,final,60,routing_persistent_hotspot_cluster1,18,4,1,specimen_transfer:+1x0.05,667f54db89876634,8d645b30efef012f,0,2153224.403139323,3,-1.446478009223938,1,0.00048701209016144276,3,0.05000000074505806
control,final,60,routing_persistent_hotspot_cluster1,18,4,2,specimen_transfer:-1x0.05,0f03c118acfe7ce5,8d645b30efef012f,0,-1553769.3150782883,3,-1.447733759880066,1,-0.00048701209016144276,3,0.05000000074505806
control,final,60,routing_persistent_hotspot_cluster1,18,4,3,specimen_transfer:+1x0.1,71ca1d53abe427d7,8d645b30efef012f,0,3636309.1681914628,3,-1.4465395212173462,1,0.0009740241803228855,3,0.10000000149011612
control,final,60,routing_persistent_hotspot_cluster1,18,4,4,specimen_transfer:-1x0.1,1f56eb209ac9d3b1,8d645b30efef012f,0,-1648784.7193622887,3,-1.447180151939392,1,-0.0009740237146615982,3,0.10000000149011612
control,final,60,routing_persistent_hotspot_cluster1,18,remaining,0,mdl2,8d645b30efef012f,8d645b30efef012f,0,0.0,3,-1.4471060037612915,1,0.0,3,0.0
control,final,60,routing_persistent_hotspot_cluster1,18,remaining,1,specimen_transfer:+1x0.05,667f54db89876634,8d645b30efef012f,0,2886831.502090454,3,-1.446478009223938,1,0.00048701209016144276,3,0.05000000074505806
control,final,60,routing_persistent_hotspot_cluster1,18,remaining,2,specimen_transfer:-1x0.05,0f03c118acfe7ce5,8d645b30efef012f,0,1851728.0673270226,3,-1.447733759880066,1,-0.00048701209016144276,3,0.05000000074505806
control,final,60,routing_persistent_hotspot_cluster1,18,remaining,3,specimen_transfer:+1x0.1,71ca1d53abe427d7,8d645b30efef012f,0,5134376.361310959,3,-1.4465395212173462,1,0.0009740241803228855,3,0.10000000149011612
control,final,60,routing_persistent_hotspot_cluster1,18,remaining,4,specimen_transfer:-1x0.1,1f56eb209ac9d3b1,8d645b30efef012f,0,2927299.990114689,3,-1.447180151939392,1,-0.0009740237146615982,3,0.10000000149011612
control,final,60,routing_persistent_hotspot_cluster1,25,4,0,mdl2,d2c8dbd11145a167,0539b45cc97b2c96,-1,0.0,1,-0.9975088238716125,4,0.0011217657011002302,4,0.020082348957657814
control,final,60,routing_persistent_hotspot_cluster1,25,4,1,specimen_transfer:+1x0.05,53c137a3cef4487d,0539b45cc97b2c96,-1,2318355.2234565318,1,-0.9997773170471191,4,-0.0008367504924535751,4,0.04857287183403969
control,final,60,routing_persistent_hotspot_cluster1,25,4,2,specimen_transfer:-1x0.05,a38d86182b1dd64a,0539b45cc97b2c96,-1,-3379374.6595503986,1,-0.9947420358657837,4,0.003080279566347599,4,0.0677783340215683
control,final,60,routing_persistent_hotspot_cluster1,25,4,3,specimen_transfer:+1x0.1,b1222da5588bc7c2,0539b45cc97b2c96,-1,2184393.7151937485,1,-1.0013316869735718,4,-0.0027952641248703003,4,0.0961218923330307
control,final,60,routing_persistent_hotspot_cluster1,25,4,4,specimen_transfer:-1x0.1,7e7729443b85f9a6,0539b45cc97b2c96,-1,-3742322.162426114,1,-0.9885414838790894,4,0.005038796924054623,4,0.11581755429506302
control,final,60,routing_persistent_hotspot_cluster1,25,remaining,0,mdl2,d2c8dbd11145a167,0539b45cc97b2c96,-1,0.0,1,-0.9975088238716125,4,0.0011217657011002302,4,0.020082348957657814
control,final,60,routing_persistent_hotspot_cluster1,25,remaining,1,specimen_transfer:+1x0.05,53c137a3cef4487d,0539b45cc97b2c96,-1,2139447.9089496136,1,-0.9997773170471191,4,-0.0008367504924535751,4,0.04857287183403969
control,final,60,routing_persistent_hotspot_cluster1,25,remaining,2,specimen_transfer:-1x0.05,a38d86182b1dd64a,0539b45cc97b2c96,-1,364097.10836315155,1,-0.9947420358657837,4,0.003080279566347599,4,0.0677783340215683
control,final,60,routing_persistent_hotspot_cluster1,25,remaining,3,specimen_transfer:+1x0.1,b1222da5588bc7c2,0539b45cc97b2c96,-1,2058949.814934492,1,-1.0013316869735718,4,-0.0027952641248703003,4,0.0961218923330307
control,final,60,routing_persistent_hotspot_cluster1,25,remaining,4,specimen_transfer:-1x0.1,7e7729443b85f9a6,0539b45cc97b2c96,-1,-1137204.7756211758,1,-0.9885414838790894,4,0.005038796924054623,4,0.11581755429506302
control,final,60,routing_persistent_hotspot_cluster1,31,4,0,mdl2,99bd2d5e2f258026,76de76dabe555386,-1,0.0,3,-0.7992088794708252,3,-0.003989142365753651,3,0.05215851217508316
control,final,60,routing_persistent_hotspot_cluster1,31,4,1,specimen_transfer:+1x0.05,0baf42ceb1eab94f,76de76dabe555386,-1,2390414.740946889,3,-0.7978866100311279,3,-0.002861590124666691,3,0.03951283171772957
control,final,60,routing_persistent_hotspot_cluster1,31,4,2,specimen_transfer:-1x0.05,c82604734c035c8f,76de76dabe555386,-1,477325.7607047558,3,-0.7999312281608582,3,-0.005116695538163185,3,0.08426941931247711
control,final,60,routing_persistent_hotspot_cluster1,31,4,3,specimen_transfer:+1x0.1,c0950aa5ed2e563f,76de76dabe555386,-1,2575140.7114994526,3,-0.7971822023391724,3,-0.0017340371850878,3,0.07877937704324722
control,final,60,routing_persistent_hotspot_cluster1,31,4,4,specimen_transfer:-1x0.1,a909f80754504708,76de76dabe555386,-1,698151.56656304,3,-0.8007318377494812,3,-0.00624424871057272,3,0.12263359874486923
control,final,60,routing_persistent_hotspot_cluster1,31,remaining,0,mdl2,99bd2d5e2f258026,76de76dabe555386,-1,0.0,3,-0.7992088794708252,3,-0.003989142365753651,3,0.05215851217508316
control,final,60,routing_persistent_hotspot_cluster1,31,remaining,1,specimen_transfer:+1x0.05,0baf42ceb1eab94f,76de76dabe555386,-1,3767328.8533320427,3,-0.7978866100311279,3,-0.002861590124666691,3,0.03951283171772957
control,final,60,routing_persistent_hotspot_cluster1,31,remaining,2,specimen_transfer:-1x0.05,c82604734c035c8f,76de76dabe555386,-1,-1787640.5265533924,3,-0.7999312281608582,3,-0.005116695538163185,3,0.08426941931247711
control,final,60,routing_persistent_hotspot_cluster1,31,remaining,3,specimen_transfer:+1x0.1,c0950aa5ed2e563f,76de76dabe555386,-1,4927622.263035774,3,-0.7971822023391724,3,-0.0017340371850878,3,0.07877937704324722
control,final,60,routing_persistent_hotspot_cluster1,31,remaining,4,specimen_transfer:-1x0.1,a909f80754504708,76de76dabe555386,-1,-3023592.4287035465,3,-0.8007318377494812,3,-0.00624424871057272,3,0.12263359874486923
control,final,60,routing_persistent_hotspot_cluster1,37,4,0,mdl2,a51f9dbc2a10ba4b,214dae50a7c6b15b,-1,0.0,3,-0.4544306993484497,2,-0.0005638885777443647,4,0.054126448929309845
control,final,60,routing_persistent_hotspot_cluster1,37,4,1,specimen_transfer:+1x0.05,45637defabe96a1b,214dae50a7c6b15b,-1,988459.36175704,3,-0.45523813366889954,2,-0.0013263917062431574,4,0.038475021719932556
control,final,60,routing_persistent_hotspot_cluster1,37,4,2,specimen_transfer:-1x0.05,acae59a7cb16e290,214dae50a7c6b15b,-1,-105185.75543141365,3,-0.45413002371788025,2,0.00019861501641571522,4,0.08122395724058151
control,final,60,routing_persistent_hotspot_cluster1,37,4,3,specimen_transfer:+1x0.1,f9126f61041e82b9,214dae50a7c6b15b,-1,1311075.7504312098,3,-0.4556600749492645,2,-0.0020888953004032373,4,0.07915867120027542
control,final,60,routing_persistent_hotspot_cluster1,37,4,4,specimen_transfer:-1x0.1,a11f7fc1e0b107bf,214dae50a7c6b15b,-1,-60305.59052658081,3,-0.454244464635849,2,0.0009611179120838642,4,0.12084133177995682
control,final,60,routing_persistent_hotspot_cluster1,37,remaining,0,mdl2,a51f9dbc2a10ba4b,214dae50a7c6b15b,-1,0.0,3,-0.4544306993484497,2,-0.0005638885777443647,4,0.054126448929309845
control,final,60,routing_persistent_hotspot_cluster1,37,remaining,1,specimen_transfer:+1x0.05,45637defabe96a1b,214dae50a7c6b15b,-1,1099767.3199089766,3,-0.45523813366889954,2,-0.0013263917062431574,4,0.038475021719932556
control,final,60,routing_persistent_hotspot_cluster1,37,remaining,2,specimen_transfer:-1x0.05,acae59a7cb16e290,214dae50a7c6b15b,-1,904137.9373935461,3,-0.45413002371788025,2,0.00019861501641571522,4,0.08122395724058151
control,final,60,routing_persistent_hotspot_cluster1,37,remaining,3,specimen_transfer:+1x0.1,f9126f61041e82b9,214dae50a7c6b15b,-1,1788107.2806797028,3,-0.4556600749492645,2,-0.0020888953004032373,4,0.07915867120027542
control,final,60,routing_persistent_hotspot_cluster1,37,remaining,4,specimen_transfer:-1x0.1,a11f7fc1e0b107bf,214dae50a7c6b15b,-1,857825.6142653227,3,-0.454244464635849,2,0.0009611179120838642,4,0.12084133177995682
control,final,60,routing_persistent_hotspot_cluster1,43,4,0,mdl2,8cb5903aaf52eb69,983b8e271832a63d,-1,0.0,0,-0.06292903423309326,3,-0.011819567531347275,3,0.04059964418411255
control,final,60,routing_persistent_hotspot_cluster1,43,4,1,specimen_transfer:+1x0.05,5157e99fbae85454,983b8e271832a63d,-1,-333610.9319534302,0,-0.06087649613618851,3,-0.008970331400632858,3,0.0312776118516922
control,final,60,routing_persistent_hotspot_cluster1,43,4,2,specimen_transfer:-1x0.05,ad6ed379f1410745,983b8e271832a63d,-1,-982276.4847935736,0,-0.06512854248285294,3,-0.014668803662061691,3,0.07303456962108612
control,final,60,routing_persistent_hotspot_cluster1,43,4,3,specimen_transfer:+1x0.1,174e127e7bfcf40c,983b8e271832a63d,-1,-96187.28356844187,0,-0.05752106383442879,3,-0.006121095269918442,3,0.0775330439209938
control,final,60,routing_persistent_hotspot_cluster1,43,4,4,specimen_transfer:-1x0.1,de94051b6cab385b,983b8e271832a63d,-1,-478250.371794045,0,-0.06880470365285873,3,-0.017518039792776108,3,0.12246695905923843
control,final,60,routing_persistent_hotspot_cluster1,43,remaining,0,mdl2,8cb5903aaf52eb69,983b8e271832a63d,-1,0.0,0,-0.06292903423309326,3,-0.011819567531347275,3,0.04059964418411255
control,final,60,routing_persistent_hotspot_cluster1,43,remaining,1,specimen_transfer:+1x0.05,5157e99fbae85454,983b8e271832a63d,-1,-1216599.5147042274,0,-0.06087649613618851,3,-0.008970331400632858,3,0.0312776118516922
control,final,60,routing_persistent_hotspot_cluster1,43,remaining,2,specimen_transfer:-1x0.05,ad6ed379f1410745,983b8e271832a63d,-1,-1014766.4071063399,0,-0.06512854248285294,3,-0.014668803662061691,3,0.07303456962108612
control,final,60,routing_persistent_hotspot_cluster1,43,remaining,3,specimen_transfer:+1x0.1,174e127e7bfcf40c,983b8e271832a63d,-1,-821719.284034133,0,-0.05752106383442879,3,-0.006121095269918442,3,0.0775330439209938
control,final,60,routing_persistent_hotspot_cluster1,43,remaining,4,specimen_transfer:-1x0.1,de94051b6cab385b,983b8e271832a63d,-1,-1264483.8997291327,0,-0.06880470365285873,3,-0.017518039792776108,3,0.12246695905923843
control,final,60,routing_persistent_hotspot_cluster1,51,4,0,mdl2,f37d31e25bb7a669,168c2d5b00a214ca,-1,0.0,3,-0.025346659123897552,4,-0.001149302232079208,4,0.04070363566279411
control,final,60,routing_persistent_hotspot_cluster1,51,4,1,specimen_transfer:+1x0.05,3173b606f6a137f2,168c2d5b00a214ca,-1,247415.84696940333,3,-0.02544017881155014,4,-0.001186592853628099,4,0.032282449305057526
control,final,60,routing_persistent_hotspot_cluster1,51,4,2,specimen_transfer:-1x0.05,712c4c36e0bff96b,168c2d5b00a214ca,-1,-402744.25303059816,3,-0.02520517259836197,4,-0.0011120112612843513,4,0.07305178791284561
control,final,60,routing_persistent_hotspot_cluster1,51,4,3,specimen_transfer:+1x0.1,b551bf4df86c5bda,168c2d5b00a214ca,-1,1043963.1559546739,3,-0.0254770889878273,4,-0.0012238837080076337,4,0.07694821059703827
control,final,60,routing_persistent_hotspot_cluster1,51,4,4,specimen_transfer:-1x0.1,0f16af0645a84b6f,168c2d5b00a214ca,-1,-705876.7440453097,3,-0.025047190487384796,4,-0.0010747205233201385,4,0.12305179238319397
control,final,60,routing_persistent_hotspot_cluster1,51,remaining,0,mdl2,f37d31e25bb7a669,168c2d5b00a214ca,-1,0.0,3,-0.025346659123897552,4,-0.001149302232079208,4,0.04070363566279411
control,final,60,routing_persistent_hotspot_cluster1,51,remaining,1,specimen_transfer:+1x0.05,3173b606f6a137f2,168c2d5b00a214ca,-1,247415.84696940333,3,-0.02544017881155014,4,-0.001186592853628099,4,0.032282449305057526
control,final,60,routing_persistent_hotspot_cluster1,51,remaining,2,specimen_transfer:-1x0.05,712c4c36e0bff96b,168c2d5b00a214ca,-1,-402744.25303059816,3,-0.02520517259836197,4,-0.0011120112612843513,4,0.07305178791284561
control,final,60,routing_persistent_hotspot_cluster1,51,remaining,3,specimen_transfer:+1x0.1,b551bf4df86c5bda,168c2d5b00a214ca,-1,1043963.1559546739,3,-0.0254770889878273,4,-0.0012238837080076337,4,0.07694821059703827
control,final,60,routing_persistent_hotspot_cluster1,51,remaining,4,specimen_transfer:-1x0.1,0f16af0645a84b6f,168c2d5b00a214ca,-1,-705876.7440453097,3,-0.025047190487384796,4,-0.0010747205233201385,4,0.12305179238319397
candidate,pretrain,60,routing_persistent_hotspot_cluster1,0,4,0,mdl2,f3120f7372f25dfd,f3120f7372f25dfd,0,0.0,0,-0.13321517407894135,4,0.0,4,0.0
candidate,pretrain,60,routing_persistent_hotspot_cluster1,0,4,1,specimen_transfer:+1x0.05,dc6dc36aa62127be,f3120f7372f25dfd,0,0.0,0,-0.13382361829280853,4,-0.0005965194432064891,4,0.05000000447034836
candidate,pretrain,60,routing_persistent_hotspot_cluster1,0,4,2,specimen_transfer:-1x0.05,beee58469efc390e,f3120f7372f25dfd,0,0.0,0,-0.13261261582374573,4,0.0005965194432064891,4,0.05000000074505806
candidate,pretrain,60,routing_persistent_hotspot_cluster1,0,4,3,specimen_transfer:+1x0.1,5320dc19d3b8ec81,f3120f7372f25dfd,0,0.0,0,-0.13443723320960999,4,-0.0011930388864129782,4,0.10000000894069672
candidate,pretrain,60,routing_persistent_hotspot_cluster1,0,4,4,specimen_transfer:-1x0.1,2e563137a7e37654,f3120f7372f25dfd,0,0.0,0,-0.1320100724697113,4,0.0011930388864129782,4,0.10000000149011612
candidate,pretrain,60,routing_persistent_hotspot_cluster1,0,remaining,0,mdl2,f3120f7372f25dfd,f3120f7372f25dfd,0,0.0,0,-0.13321517407894135,4,0.0,4,0.0
candidate,pretrain,60,routing_persistent_hotspot_cluster1,0,remaining,1,specimen_transfer:+1x0.05,dc6dc36aa62127be,f3120f7372f25dfd,0,0.0,0,-0.13382361829280853,4,-0.0005965194432064891,4,0.05000000447034836
candidate,pretrain,60,routing_persistent_hotspot_cluster1,0,remaining,2,specimen_transfer:-1x0.05,beee58469efc390e,f3120f7372f25dfd,0,0.0,0,-0.13261261582374573,4,0.0005965194432064891,4,0.05000000074505806
candidate,pretrain,60,routing_persistent_hotspot_cluster1,0,remaining,3,specimen_transfer:+1x0.1,5320dc19d3b8ec81,f3120f7372f25dfd,0,0.0,0,-0.13443723320960999,4,-0.0011930388864129782,4,0.10000000894069672
candidate,pretrain,60,routing_persistent_hotspot_cluster1,0,remaining,4,specimen_transfer:-1x0.1,2e563137a7e37654,f3120f7372f25dfd,0,0.0,0,-0.1320100724697113,4,0.0011930388864129782,4,0.10000000149011612
candidate,pretrain,60,routing_persistent_hotspot_cluster1,6,4,0,mdl2,06718b61e3f46d75,06718b61e3f46d75,0,0.0,3,-0.2508544623851776,4,0.0,4,0.0
candidate,pretrain,60,routing_persistent_hotspot_cluster1,6,4,1,specimen_transfer:+1x0.05,c25379922d61431c,06718b61e3f46d75,0,1184603.3424310386,3,-0.2517275810241699,4,-0.0008732467540539801,4,0.05000000074505806
candidate,pretrain,60,routing_persistent_hotspot_cluster1,6,4,2,specimen_transfer:-1x0.05,40b568be3ff95b7c,06718b61e3f46d75,0,-277241.48847156763,3,-0.2499813288450241,4,0.0008732467540539801,4,0.05000000074505806
candidate,pretrain,60,routing_persistent_hotspot_cluster1,6,4,3,specimen_transfer:+1x0.1,4cd0a6ba61ec5518,06718b61e3f46d75,0,1843803.9121707678,3,-0.25240588188171387,4,-0.0017464935081079602,4,0.10000000149011612
candidate,pretrain,60,routing_persistent_hotspot_cluster1,6,4,4,specimen_transfer:-1x0.1,75cdbd8aa21b44d6,06718b61e3f46d75,0,243052.3102708757,3,-0.24932220578193665,4,0.001746493624523282,4,0.10000000149011612
candidate,pretrain,60,routing_persistent_hotspot_cluster1,6,remaining,0,mdl2,06718b61e3f46d75,06718b61e3f46d75,0,0.0,0,-0.2508544623851776,4,0.0,4,0.0
candidate,pretrain,60,routing_persistent_hotspot_cluster1,6,remaining,1,specimen_transfer:+1x0.05,c25379922d61431c,06718b61e3f46d75,0,-3226020.7428512573,0,-0.2517275810241699,4,-0.0008732467540539801,4,0.05000000074505806
candidate,pretrain,60,routing_persistent_hotspot_cluster1,6,remaining,2,specimen_transfer:-1x0.05,40b568be3ff95b7c,06718b61e3f46d75,0,-4543505.9655947685,0,-0.2499813288450241,4,0.0008732467540539801,4,0.05000000074505806
candidate,pretrain,60,routing_persistent_hotspot_cluster1,6,remaining,3,specimen_transfer:+1x0.1,4cd0a6ba61ec5518,06718b61e3f46d75,0,-7240593.3448290825,0,-0.25240588188171387,4,-0.0017464935081079602,4,0.10000000149011612
candidate,pretrain,60,routing_persistent_hotspot_cluster1,6,remaining,4,specimen_transfer:-1x0.1,75cdbd8aa21b44d6,06718b61e3f46d75,0,-8958140.119009972,0,-0.24932220578193665,4,0.001746493624523282,4,0.10000000149011612
candidate,pretrain,60,routing_persistent_hotspot_cluster1,12,4,0,mdl2,d685d32f6c2e567a,d685d32f6c2e567a,0,0.0,3,-0.7997471690177917,1,0.0,3,0.0
candidate,pretrain,60,routing_persistent_hotspot_cluster1,12,4,1,specimen_transfer:+1x0.05,363b5856c57c75a6,d685d32f6c2e567a,0,1989664.6847388744,3,-0.7991654872894287,1,0.00025564897805452347,3,0.05000000074505806
candidate,pretrain,60,routing_persistent_hotspot_cluster1,12,4,2,specimen_transfer:-1x0.05,b20595646c0c939c,d685d32f6c2e567a,0,-1220240.761344254,3,-0.8003201484680176,1,-0.00025564897805452347,3,0.05000000074505806
candidate,pretrain,60,routing_persistent_hotspot_cluster1,12,4,3,specimen_transfer:+1x0.1,258eaf1ba1cc0415,d685d32f6c2e567a,0,5623750.760056883,3,-0.7993357181549072,1,0.0005112980725243688,3,0.10000000149011612
candidate,pretrain,60,routing_persistent_hotspot_cluster1,12,4,4,specimen_transfer:-1x0.1,9239e6834dda0be5,d685d32f6c2e567a,0,-406955.3659223318,3,-0.8001474142074585,1,-0.0005112979561090469,3,0.10000000149011612
candidate,pretrain,60,routing_persistent_hotspot_cluster1,12,remaining,0,mdl2,d685d32f6c2e567a,d685d32f6c2e567a,0,0.0,4,-0.7997471690177917,1,0.0,3,0.0
candidate,pretrain,60,routing_persistent_hotspot_cluster1,12,remaining,1,specimen_transfer:+1x0.05,363b5856c57c75a6,d685d32f6c2e567a,0,1998011.123052597,4,-0.7991654872894287,1,0.00025564897805452347,3,0.05000000074505806
candidate,pretrain,60,routing_persistent_hotspot_cluster1,12,remaining,2,specimen_transfer:-1x0.05,b20595646c0c939c,d685d32f6c2e567a,0,5454283.388300419,4,-0.8003201484680176,1,-0.00025564897805452347,3,0.05000000074505806
candidate,pretrain,60,routing_persistent_hotspot_cluster1,12,remaining,3,specimen_transfer:+1x0.1,258eaf1ba1cc0415,d685d32f6c2e567a,0,2536538.5039014816,4,-0.7993357181549072,1,0.0005112980725243688,3,0.10000000149011612
candidate,pretrain,60,routing_persistent_hotspot_cluster1,12,remaining,4,specimen_transfer:-1x0.1,9239e6834dda0be5,d685d32f6c2e567a,0,6922214.241900444,4,-0.8001474142074585,1,-0.0005112979561090469,3,0.10000000149011612
candidate,pretrain,60,routing_persistent_hotspot_cluster1,18,4,0,mdl2,8d645b30efef012f,8d645b30efef012f,0,0.0,3,-0.7609226703643799,3,0.0,3,0.0
candidate,pretrain,60,routing_persistent_hotspot_cluster1,18,4,1,specimen_transfer:+1x0.05,667f54db89876634,8d645b30efef012f,0,2153224.403139323,3,-0.7606611251831055,3,0.0003344753058627248,3,0.05000000074505806
candidate,pretrain,60,routing_persistent_hotspot_cluster1,18,4,2,specimen_transfer:-1x0.05,0f03c118acfe7ce5,8d645b30efef012f,0,-1553769.3150782883,3,-0.7611842155456543,3,-0.0003344753058627248,3,0.05000000074505806
candidate,pretrain,60,routing_persistent_hotspot_cluster1,18,4,3,specimen_transfer:+1x0.1,71ca1d53abe427d7,8d645b30efef012f,0,3636309.1681914628,3,-0.7603501081466675,3,0.0006689506117254496,3,0.10000000149011612
candidate,pretrain,60,routing_persistent_hotspot_cluster1,18,4,4,specimen_transfer:-1x0.1,1f56eb209ac9d3b1,8d645b30efef012f,0,-1648784.7193622887,3,-0.7614948153495789,3,-0.0006689508445560932,3,0.10000000149011612
candidate,pretrain,60,routing_persistent_hotspot_cluster1,18,remaining,0,mdl2,8d645b30efef012f,8d645b30efef012f,0,0.0,3,-0.7609226703643799,3,0.0,3,0.0
candidate,pretrain,60,routing_persistent_hotspot_cluster1,18,remaining,1,specimen_transfer:+1x0.05,667f54db89876634,8d645b30efef012f,0,2886831.502090454,3,-0.7606611251831055,3,0.0003344753058627248,3,0.05000000074505806
candidate,pretrain,60,routing_persistent_hotspot_cluster1,18,remaining,2,specimen_transfer:-1x0.05,0f03c118acfe7ce5,8d645b30efef012f,0,1851728.0673270226,3,-0.7611842155456543,3,-0.0003344753058627248,3,0.05000000074505806
candidate,pretrain,60,routing_persistent_hotspot_cluster1,18,remaining,3,specimen_transfer:+1x0.1,71ca1d53abe427d7,8d645b30efef012f,0,5134376.361310959,3,-0.7603501081466675,3,0.0006689506117254496,3,0.10000000149011612
candidate,pretrain,60,routing_persistent_hotspot_cluster1,18,remaining,4,specimen_transfer:-1x0.1,1f56eb209ac9d3b1,8d645b30efef012f,0,2927299.990114689,3,-0.7614948153495789,3,-0.0006689508445560932,3,0.10000000149011612
candidate,pretrain,60,routing_persistent_hotspot_cluster1,25,4,0,mdl2,d2c8dbd11145a167,0539b45cc97b2c96,-1,0.0,1,-0.5671862363815308,4,-0.00047120789531618357,4,0.020333262160420418
candidate,pretrain,60,routing_persistent_hotspot_cluster1,25,4,1,specimen_transfer:+1x0.05,53c137a3cef4487d,0539b45cc97b2c96,-1,2318355.2234565318,1,-0.56695556640625,4,-0.0005869482993148267,4,0.047864772379398346
candidate,pretrain,60,routing_persistent_hotspot_cluster1,25,4,2,specimen_transfer:-1x0.05,a38d86182b1dd64a,0539b45cc97b2c96,-1,-3379374.6595503986,1,-0.5671951174736023,4,-0.00035546720027923584,4,0.06767745316028595
candidate,pretrain,60,routing_persistent_hotspot_cluster1,25,4,3,specimen_transfer:+1x0.1,b1222da5588bc7c2,0539b45cc97b2c96,-1,2184393.7151937485,1,-0.5672563314437866,4,-0.0007026884704828262,4,0.09541378915309906
candidate,pretrain,60,routing_persistent_hotspot_cluster1,25,4,4,specimen_transfer:-1x0.1,7e7729443b85f9a6,0539b45cc97b2c96,-1,-3742322.162426114,1,-0.566650390625,4,-0.00023972755298018456,4,0.11571667343378067
candidate,pretrain,60,routing_persistent_hotspot_cluster1,25,remaining,0,mdl2,d2c8dbd11145a167,0539b45cc97b2c96,-1,0.0,1,-0.5671862363815308,4,-0.00047120789531618357,4,0.020333262160420418
candidate,pretrain,60,routing_persistent_hotspot_cluster1,25,remaining,1,specimen_transfer:+1x0.05,53c137a3cef4487d,0539b45cc97b2c96,-1,2139447.9089496136,1,-0.56695556640625,4,-0.0005869482993148267,4,0.047864772379398346
candidate,pretrain,60,routing_persistent_hotspot_cluster1,25,remaining,2,specimen_transfer:-1x0.05,a38d86182b1dd64a,0539b45cc97b2c96,-1,364097.10836315155,1,-0.5671951174736023,4,-0.00035546720027923584,4,0.06767745316028595
candidate,pretrain,60,routing_persistent_hotspot_cluster1,25,remaining,3,specimen_transfer:+1x0.1,b1222da5588bc7c2,0539b45cc97b2c96,-1,2058949.814934492,1,-0.5672563314437866,4,-0.0007026884704828262,4,0.09541378915309906
candidate,pretrain,60,routing_persistent_hotspot_cluster1,25,remaining,4,specimen_transfer:-1x0.1,7e7729443b85f9a6,0539b45cc97b2c96,-1,-1137204.7756211758,1,-0.566650390625,4,-0.00023972755298018456,4,0.11571667343378067
candidate,pretrain,60,routing_persistent_hotspot_cluster1,31,4,0,mdl2,99bd2d5e2f258026,76de76dabe555386,-1,0.0,3,-0.6497867107391357,3,-0.0016832215478643775,3,0.052400317043066025
candidate,pretrain,60,routing_persistent_hotspot_cluster1,31,4,1,specimen_transfer:+1x0.05,0baf42ceb1eab94f,76de76dabe555386,-1,2390414.740946889,3,-0.6477143168449402,3,0.0002013508346863091,3,0.039437323808670044
candidate,pretrain,60,routing_persistent_hotspot_cluster1,31,4,2,specimen_transfer:-1x0.05,c82604734c035c8f,76de76dabe555386,-1,477325.7607047558,3,-0.6515682339668274,3,-0.003567793872207403,3,0.08451122790575027
candidate,pretrain,60,routing_persistent_hotspot_cluster1,31,4,3,specimen_transfer:+1x0.1,c0950aa5ed2e563f,76de76dabe555386,-1,2575140.7114994526,3,-0.6464234590530396,3,0.0020859234500676394,3,0.078703872859478
candidate,pretrain,60,routing_persistent_hotspot_cluster1,31,4,4,specimen_transfer:-1x0.1,a909f80754504708,76de76dabe555386,-1,698151.56656304,3,-0.652856171131134,3,-0.005452366545796394,3,0.12261836975812912
candidate,pretrain,60,routing_persistent_hotspot_cluster1,31,remaining,0,mdl2,99bd2d5e2f258026,76de76dabe555386,-1,0.0,3,-0.6497867107391357,3,-0.0016832215478643775,3,0.052400317043066025
candidate,pretrain,60,routing_persistent_hotspot_cluster1,31,remaining,1,specimen_transfer:+1x0.05,0baf42ceb1eab94f,76de76dabe555386,-1,3767328.8533320427,3,-0.6477143168449402,3,0.0002013508346863091,3,0.039437323808670044
candidate,pretrain,60,routing_persistent_hotspot_cluster1,31,remaining,2,specimen_transfer:-1x0.05,c82604734c035c8f,76de76dabe555386,-1,-1787640.5265533924,3,-0.6515682339668274,3,-0.003567793872207403,3,0.08451122790575027
candidate,pretrain,60,routing_persistent_hotspot_cluster1,31,remaining,3,specimen_transfer:+1x0.1,c0950aa5ed2e563f,76de76dabe555386,-1,4927622.263035774,3,-0.6464234590530396,3,0.0020859234500676394,3,0.078703872859478
candidate,pretrain,60,routing_persistent_hotspot_cluster1,31,remaining,4,specimen_transfer:-1x0.1,a909f80754504708,76de76dabe555386,-1,-3023592.4287035465,3,-0.652856171131134,3,-0.005452366545796394,3,0.12261836975812912
candidate,pretrain,60,routing_persistent_hotspot_cluster1,37,4,0,mdl2,a51f9dbc2a10ba4b,a01ab85962d78de0,-1,0.0,3,-0.43546169996261597,4,0.0011875088093802333,4,0.0541185699403286
candidate,pretrain,60,routing_persistent_hotspot_cluster1,37,4,1,specimen_transfer:+1x0.05,45637defabe96a1b,a01ab85962d78de0,-1,988459.36175704,3,-0.4355989694595337,4,0.0011303657665848732,4,0.0385342612862587
candidate,pretrain,60,routing_persistent_hotspot_cluster1,37,4,2,specimen_transfer:-1x0.05,acae59a7cb16e290,a01ab85962d78de0,-1,-105185.75543141365,3,-0.43540358543395996,4,0.0012446516193449497,4,0.08121607452630997
candidate,pretrain,60,routing_persistent_hotspot_cluster1,37,4,3,specimen_transfer:+1x0.1,f9126f61041e82b9,a01ab85962d78de0,-1,1311075.7504312098,3,-0.43581050634384155,4,0.001073222840204835,4,0.07917216420173645
candidate,pretrain,60,routing_persistent_hotspot_cluster1,37,4,4,specimen_transfer:-1x0.1,a11f7fc1e0b107bf,a01ab85962d78de0,-1,-60305.59052658081,3,-0.435322105884552,4,0.0013017941964790225,4,0.12082783877849579
candidate,pretrain,60,routing_persistent_hotspot_cluster1,37,remaining,0,mdl2,a51f9dbc2a10ba4b,a01ab85962d78de0,-1,0.0,3,-0.43546169996261597,4,0.0011875088093802333,4,0.0541185699403286
candidate,pretrain,60,routing_persistent_hotspot_cluster1,37,remaining,1,specimen_transfer:+1x0.05,45637defabe96a1b,a01ab85962d78de0,-1,1099767.3199089766,3,-0.4355989694595337,4,0.0011303657665848732,4,0.0385342612862587
candidate,pretrain,60,routing_persistent_hotspot_cluster1,37,remaining,2,specimen_transfer:-1x0.05,acae59a7cb16e290,a01ab85962d78de0,-1,904137.9373935461,3,-0.43540358543395996,4,0.0012446516193449497,4,0.08121607452630997
candidate,pretrain,60,routing_persistent_hotspot_cluster1,37,remaining,3,specimen_transfer:+1x0.1,f9126f61041e82b9,a01ab85962d78de0,-1,1788107.2806797028,3,-0.43581050634384155,4,0.001073222840204835,4,0.07917216420173645
candidate,pretrain,60,routing_persistent_hotspot_cluster1,37,remaining,4,specimen_transfer:-1x0.1,a11f7fc1e0b107bf,a01ab85962d78de0,-1,857825.6142653227,3,-0.435322105884552,4,0.0013017941964790225,4,0.12082783877849579
candidate,pretrain,60,routing_persistent_hotspot_cluster1,43,4,0,mdl2,8cb5903aaf52eb69,983b8e271832a63d,-1,0.0,0,-0.3178898096084595,4,-7.390501559711993e-05,4,0.04016537219285965
candidate,pretrain,60,routing_persistent_hotspot_cluster1,43,4,1,specimen_transfer:+1x0.05,5157e99fbae85454,983b8e271832a63d,-1,-333610.9319534302,0,-0.3178504407405853,4,-8.135721873259172e-05,4,0.03084333799779415
candidate,pretrain,60,routing_persistent_hotspot_cluster1,43,4,2,specimen_transfer:-1x0.05,ad6ed379f1410745,983b8e271832a63d,-1,-982276.4847935736,0,-0.3179769515991211,4,-6.645265966653824e-05,4,0.07253986597061157
candidate,pretrain,60,routing_persistent_hotspot_cluster1,43,4,3,specimen_transfer:+1x0.1,174e127e7bfcf40c,983b8e271832a63d,-1,-96187.28356844187,0,-0.31795746088027954,4,-8.880956738721579e-05,4,0.0774601399898529
candidate,pretrain,60,routing_persistent_hotspot_cluster1,43,4,4,specimen_transfer:-1x0.1,de94051b6cab385b,983b8e271832a63d,-1,-478250.371794045,0,-0.3178497850894928,4,-5.900056567043066e-05,4,0.12253986299037933
candidate,pretrain,60,routing_persistent_hotspot_cluster1,43,remaining,0,mdl2,8cb5903aaf52eb69,983b8e271832a63d,-1,0.0,0,-0.3178898096084595,4,-7.390501559711993e-05,4,0.04016537219285965
candidate,pretrain,60,routing_persistent_hotspot_cluster1,43,remaining,1,specimen_transfer:+1x0.05,5157e99fbae85454,983b8e271832a63d,-1,-1216599.5147042274,0,-0.3178504407405853,4,-8.135721873259172e-05,4,0.03084333799779415
candidate,pretrain,60,routing_persistent_hotspot_cluster1,43,remaining,2,specimen_transfer:-1x0.05,ad6ed379f1410745,983b8e271832a63d,-1,-1014766.4071063399,0,-0.3179769515991211,4,-6.645265966653824e-05,4,0.07253986597061157
candidate,pretrain,60,routing_persistent_hotspot_cluster1,43,remaining,3,specimen_transfer:+1x0.1,174e127e7bfcf40c,983b8e271832a63d,-1,-821719.284034133,0,-0.31795746088027954,4,-8.880956738721579e-05,4,0.0774601399898529
candidate,pretrain,60,routing_persistent_hotspot_cluster1,43,remaining,4,specimen_transfer:-1x0.1,de94051b6cab385b,983b8e271832a63d,-1,-1264483.8997291327,0,-0.3178497850894928,4,-5.900056567043066e-05,4,0.12253986299037933
candidate,pretrain,60,routing_persistent_hotspot_cluster1,51,4,0,mdl2,f37d31e25bb7a669,168c2d5b00a214ca,-1,0.0,3,-0.27591970562934875,3,-0.0007012207061052322,3,0.040818337351083755
candidate,pretrain,60,routing_persistent_hotspot_cluster1,51,4,1,specimen_transfer:+1x0.05,3173b606f6a137f2,168c2d5b00a214ca,-1,247415.84696940333,3,-0.27579057216644287,3,-0.0005412616301327944,3,0.032159220427274704
candidate,pretrain,60,routing_persistent_hotspot_cluster1,51,4,2,specimen_transfer:-1x0.05,712c4c36e0bff96b,168c2d5b00a214ca,-1,-402744.25303059816,3,-0.276048868894577,3,-0.0008611796656623483,3,0.07277657091617584
candidate,pretrain,60,routing_persistent_hotspot_cluster1,51,4,3,specimen_transfer:+1x0.1,b551bf4df86c5bda,168c2d5b00a214ca,-1,1043963.1559546739,3,-0.27555298805236816,3,-0.0003813026996795088,3,0.07722343504428864
candidate,pretrain,60,routing_persistent_hotspot_cluster1,51,4,4,specimen_transfer:-1x0.1,0f16af0645a84b6f,168c2d5b00a214ca,-1,-705876.7440453097,3,-0.27629339694976807,3,-0.0010211386252194643,3,0.1227765679359436
candidate,pretrain,60,routing_persistent_hotspot_cluster1,51,remaining,0,mdl2,f37d31e25bb7a669,168c2d5b00a214ca,-1,0.0,3,-0.27591970562934875,3,-0.0007012207061052322,3,0.040818337351083755
candidate,pretrain,60,routing_persistent_hotspot_cluster1,51,remaining,1,specimen_transfer:+1x0.05,3173b606f6a137f2,168c2d5b00a214ca,-1,247415.84696940333,3,-0.27579057216644287,3,-0.0005412616301327944,3,0.032159220427274704
candidate,pretrain,60,routing_persistent_hotspot_cluster1,51,remaining,2,specimen_transfer:-1x0.05,712c4c36e0bff96b,168c2d5b00a214ca,-1,-402744.25303059816,3,-0.276048868894577,3,-0.0008611796656623483,3,0.07277657091617584
candidate,pretrain,60,routing_persistent_hotspot_cluster1,51,remaining,3,specimen_transfer:+1x0.1,b551bf4df86c5bda,168c2d5b00a214ca,-1,1043963.1559546739,3,-0.27555298805236816,3,-0.0003813026996795088,3,0.07722343504428864
candidate,pretrain,60,routing_persistent_hotspot_cluster1,51,remaining,4,specimen_transfer:-1x0.1,0f16af0645a84b6f,168c2d5b00a214ca,-1,-705876.7440453097,3,-0.27629339694976807,3,-0.0010211386252194643,3,0.1227765679359436
candidate,episode25,60,routing_persistent_hotspot_cluster1,0,4,0,mdl2,f3120f7372f25dfd,f3120f7372f25dfd,0,0.0,0,-0.3694707751274109,3,0.0,3,0.0
candidate,episode25,60,routing_persistent_hotspot_cluster1,0,4,1,specimen_transfer:+1x0.05,dc6dc36aa62127be,f3120f7372f25dfd,0,0.0,0,-0.3693726658821106,3,2.7737230993807316e-05,3,0.05000000447034836
candidate,episode25,60,routing_persistent_hotspot_cluster1,0,4,2,specimen_transfer:-1x0.05,beee58469efc390e,f3120f7372f25dfd,0,0.0,0,-0.36956894397735596,3,-2.7737230993807316e-05,3,0.05000000074505806
candidate,episode25,60,routing_persistent_hotspot_cluster1,0,4,3,specimen_transfer:+1x0.1,5320dc19d3b8ec81,f3120f7372f25dfd,0,0.0,0,-0.36930060386657715,3,5.547440377995372e-05,3,0.10000000894069672
candidate,episode25,60,routing_persistent_hotspot_cluster1,0,4,4,specimen_transfer:-1x0.1,2e563137a7e37654,f3120f7372f25dfd,0,0.0,0,-0.3696671724319458,3,-5.5474520195275545e-05,3,0.10000000149011612
candidate,episode25,60,routing_persistent_hotspot_cluster1,0,remaining,0,mdl2,f3120f7372f25dfd,f3120f7372f25dfd,0,0.0,0,-0.3694707751274109,3,0.0,3,0.0
candidate,episode25,60,routing_persistent_hotspot_cluster1,0,remaining,1,specimen_transfer:+1x0.05,dc6dc36aa62127be,f3120f7372f25dfd,0,0.0,0,-0.3693726658821106,3,2.7737230993807316e-05,3,0.05000000447034836
candidate,episode25,60,routing_persistent_hotspot_cluster1,0,remaining,2,specimen_transfer:-1x0.05,beee58469efc390e,f3120f7372f25dfd,0,0.0,0,-0.36956894397735596,3,-2.7737230993807316e-05,3,0.05000000074505806
candidate,episode25,60,routing_persistent_hotspot_cluster1,0,remaining,3,specimen_transfer:+1x0.1,5320dc19d3b8ec81,f3120f7372f25dfd,0,0.0,0,-0.36930060386657715,3,5.547440377995372e-05,3,0.10000000894069672
candidate,episode25,60,routing_persistent_hotspot_cluster1,0,remaining,4,specimen_transfer:-1x0.1,2e563137a7e37654,f3120f7372f25dfd,0,0.0,0,-0.3696671724319458,3,-5.5474520195275545e-05,3,0.10000000149011612
candidate,episode25,60,routing_persistent_hotspot_cluster1,6,4,0,mdl2,06718b61e3f46d75,06718b61e3f46d75,0,0.0,3,-1.5426738262176514,3,0.0,3,0.0
candidate,episode25,60,routing_persistent_hotspot_cluster1,6,4,1,specimen_transfer:+1x0.05,c25379922d61431c,06718b61e3f46d75,0,1184603.3424310386,3,-1.543018102645874,3,2.1462852600961924e-05,3,0.05000000074505806
candidate,episode25,60,routing_persistent_hotspot_cluster1,6,4,2,specimen_transfer:-1x0.05,40b568be3ff95b7c,06718b61e3f46d75,0,-277241.48847156763,3,-1.5422626733779907,3,-2.1463085431605577e-05,3,0.05000000074505806
candidate,episode25,60,routing_persistent_hotspot_cluster1,6,4,3,specimen_transfer:+1x0.1,4cd0a6ba61ec5518,06718b61e3f46d75,0,1843803.9121707678,3,-1.54160737991333,3,4.2926170863211155e-05,3,0.10000000149011612
candidate,episode25,60,routing_persistent_hotspot_cluster1,6,4,4,specimen_transfer:-1x0.1,75cdbd8aa21b44d6,06718b61e3f46d75,0,243052.3102708757,3,-1.543513298034668,3,-4.292558878660202e-05,3,0.10000000149011612
candidate,episode25,60,routing_persistent_hotspot_cluster1,6,remaining,0,mdl2,06718b61e3f46d75,06718b61e3f46d75,0,0.0,0,-1.5426738262176514,3,0.0,3,0.0
candidate,episode25,60,routing_persistent_hotspot_cluster1,6,remaining,1,specimen_transfer:+1x0.05,c25379922d61431c,06718b61e3f46d75,0,-3226020.7428512573,0,-1.543018102645874,3,2.1462852600961924e-05,3,0.05000000074505806
candidate,episode25,60,routing_persistent_hotspot_cluster1,6,remaining,2,specimen_transfer:-1x0.05,40b568be3ff95b7c,06718b61e3f46d75,0,-4543505.9655947685,0,-1.5422626733779907,3,-2.1463085431605577e-05,3,0.05000000074505806
candidate,episode25,60,routing_persistent_hotspot_cluster1,6,remaining,3,specimen_transfer:+1x0.1,4cd0a6ba61ec5518,06718b61e3f46d75,0,-7240593.3448290825,0,-1.54160737991333,3,4.2926170863211155e-05,3,0.10000000149011612
candidate,episode25,60,routing_persistent_hotspot_cluster1,6,remaining,4,specimen_transfer:-1x0.1,75cdbd8aa21b44d6,06718b61e3f46d75,0,-8958140.119009972,0,-1.543513298034668,3,-4.292558878660202e-05,3,0.10000000149011612
candidate,episode25,60,routing_persistent_hotspot_cluster1,12,4,0,mdl2,d685d32f6c2e567a,d685d32f6c2e567a,0,0.0,3,-2.201329231262207,3,0.0,3,0.0
candidate,episode25,60,routing_persistent_hotspot_cluster1,12,4,1,specimen_transfer:+1x0.05,363b5856c57c75a6,d685d32f6c2e567a,0,1989664.6847388744,3,-2.198867082595825,3,0.0022245647851377726,3,0.05000000074505806
candidate,episode25,60,routing_persistent_hotspot_cluster1,12,4,2,specimen_transfer:-1x0.05,b20595646c0c939c,d685d32f6c2e567a,0,-1220240.761344254,3,-2.203700542449951,3,-0.002224564552307129,3,0.05000000074505806
candidate,episode25,60,routing_persistent_hotspot_cluster1,12,4,3,specimen_transfer:+1x0.1,258eaf1ba1cc0415,d685d32f6c2e567a,0,5623750.760056883,3,-2.1968941688537598,3,0.004449129104614258,3,0.10000000149011612
candidate,episode25,60,routing_persistent_hotspot_cluster1,12,4,4,specimen_transfer:-1x0.1,9239e6834dda0be5,d685d32f6c2e567a,0,-406955.3659223318,3,-2.205482244491577,3,-0.0044491286389529705,3,0.10000000149011612
candidate,episode25,60,routing_persistent_hotspot_cluster1,12,remaining,0,mdl2,d685d32f6c2e567a,d685d32f6c2e567a,0,0.0,4,-2.201329231262207,3,0.0,3,0.0
candidate,episode25,60,routing_persistent_hotspot_cluster1,12,remaining,1,specimen_transfer:+1x0.05,363b5856c57c75a6,d685d32f6c2e567a,0,1998011.123052597,4,-2.198867082595825,3,0.0022245647851377726,3,0.05000000074505806
candidate,episode25,60,routing_persistent_hotspot_cluster1,12,remaining,2,specimen_transfer:-1x0.05,b20595646c0c939c,d685d32f6c2e567a,0,5454283.388300419,4,-2.203700542449951,3,-0.002224564552307129,3,0.05000000074505806
candidate,episode25,60,routing_persistent_hotspot_cluster1,12,remaining,3,specimen_transfer:+1x0.1,258eaf1ba1cc0415,d685d32f6c2e567a,0,2536538.5039014816,4,-2.1968941688537598,3,0.004449129104614258,3,0.10000000149011612
candidate,episode25,60,routing_persistent_hotspot_cluster1,12,remaining,4,specimen_transfer:-1x0.1,9239e6834dda0be5,d685d32f6c2e567a,0,6922214.241900444,4,-2.205482244491577,3,-0.0044491286389529705,3,0.10000000149011612
candidate,episode25,60,routing_persistent_hotspot_cluster1,18,4,0,mdl2,8d645b30efef012f,8d645b30efef012f,0,0.0,3,-1.8628430366516113,3,0.0,3,0.0
candidate,episode25,60,routing_persistent_hotspot_cluster1,18,4,1,specimen_transfer:+1x0.05,667f54db89876634,8d645b30efef012f,0,2153224.403139323,3,-1.8620214462280273,3,0.0006966898217797279,3,0.05000000074505806
candidate,episode25,60,routing_persistent_hotspot_cluster1,18,4,2,specimen_transfer:-1x0.05,0f03c118acfe7ce5,8d645b30efef012f,0,-1553769.3150782883,3,-1.863664984703064,3,-0.0006966898217797279,3,0.05000000074505806
candidate,episode25,60,routing_persistent_hotspot_cluster1,18,4,3,specimen_transfer:+1x0.1,71ca1d53abe427d7,8d645b30efef012f,0,3636309.1681914628,3,-1.8617303371429443,3,0.0013933796435594559,3,0.10000000149011612
candidate,episode25,60,routing_persistent_hotspot_cluster1,18,4,4,specimen_transfer:-1x0.1,1f56eb209ac9d3b1,8d645b30efef012f,0,-1648784.7193622887,3,-1.8639612197875977,3,-0.0013933796435594559,3,0.10000000149011612
candidate,episode25,60,routing_persistent_hotspot_cluster1,18,remaining,0,mdl2,8d645b30efef012f,8d645b30efef012f,0,0.0,3,-1.8628430366516113,3,0.0,3,0.0
candidate,episode25,60,routing_persistent_hotspot_cluster1,18,remaining,1,specimen_transfer:+1x0.05,667f54db89876634,8d645b30efef012f,0,2886831.502090454,3,-1.8620214462280273,3,0.0006966898217797279,3,0.05000000074505806
candidate,episode25,60,routing_persistent_hotspot_cluster1,18,remaining,2,specimen_transfer:-1x0.05,0f03c118acfe7ce5,8d645b30efef012f,0,1851728.0673270226,3,-1.863664984703064,3,-0.0006966898217797279,3,0.05000000074505806
candidate,episode25,60,routing_persistent_hotspot_cluster1,18,remaining,3,specimen_transfer:+1x0.1,71ca1d53abe427d7,8d645b30efef012f,0,5134376.361310959,3,-1.8617303371429443,3,0.0013933796435594559,3,0.10000000149011612
candidate,episode25,60,routing_persistent_hotspot_cluster1,18,remaining,4,specimen_transfer:-1x0.1,1f56eb209ac9d3b1,8d645b30efef012f,0,2927299.990114689,3,-1.8639612197875977,3,-0.0013933796435594559,3,0.10000000149011612
candidate,episode25,60,routing_persistent_hotspot_cluster1,25,4,0,mdl2,d2c8dbd11145a167,0539b45cc97b2c96,-1,0.0,1,-1.3942245244979858,4,0.0006315463688224554,4,0.020306410267949104
candidate,episode25,60,routing_persistent_hotspot_cluster1,25,4,1,specimen_transfer:+1x0.05,53c137a3cef4487d,0539b45cc97b2c96,-1,2318355.2234565318,1,-1.3946239948272705,4,7.409113459289074e-05,4,0.04795290529727936
candidate,episode25,60,routing_persistent_hotspot_cluster1,25,4,2,specimen_transfer:-1x0.05,a38d86182b1dd64a,0539b45cc97b2c96,-1,-3379374.6595503986,1,-1.3936514854431152,4,0.0011890024179592729,4,0.06778103858232498
candidate,episode25,60,routing_persistent_hotspot_cluster1,25,4,3,specimen_transfer:+1x0.1,b1222da5588bc7c2,0539b45cc97b2c96,-1,2184393.7151937485,1,-1.3956232070922852,4,-0.0004833652637898922,4,0.09550192207098007
candidate,episode25,60,routing_persistent_hotspot_cluster1,25,4,4,specimen_transfer:-1x0.1,7e7729443b85f9a6,0539b45cc97b2c96,-1,-3742322.162426114,1,-1.3926525115966797,4,0.0017464589327573776,4,0.1158202588558197
candidate,episode25,60,routing_persistent_hotspot_cluster1,25,remaining,0,mdl2,d2c8dbd11145a167,0539b45cc97b2c96,-1,0.0,1,-1.3942245244979858,4,0.0006315463688224554,4,0.020306410267949104
candidate,episode25,60,routing_persistent_hotspot_cluster1,25,remaining,1,specimen_transfer:+1x0.05,53c137a3cef4487d,0539b45cc97b2c96,-1,2139447.9089496136,1,-1.3946239948272705,4,7.409113459289074e-05,4,0.04795290529727936
candidate,episode25,60,routing_persistent_hotspot_cluster1,25,remaining,2,specimen_transfer:-1x0.05,a38d86182b1dd64a,0539b45cc97b2c96,-1,364097.10836315155,1,-1.3936514854431152,4,0.0011890024179592729,4,0.06778103858232498
candidate,episode25,60,routing_persistent_hotspot_cluster1,25,remaining,3,specimen_transfer:+1x0.1,b1222da5588bc7c2,0539b45cc97b2c96,-1,2058949.814934492,1,-1.3956232070922852,4,-0.0004833652637898922,4,0.09550192207098007
candidate,episode25,60,routing_persistent_hotspot_cluster1,25,remaining,4,specimen_transfer:-1x0.1,7e7729443b85f9a6,0539b45cc97b2c96,-1,-1137204.7756211758,1,-1.3926525115966797,4,0.0017464589327573776,4,0.1158202588558197
candidate,episode25,60,routing_persistent_hotspot_cluster1,31,4,0,mdl2,99bd2d5e2f258026,76de76dabe555386,-1,0.0,3,-1.0289394855499268,3,-0.003002464771270752,3,0.0524703748524189
candidate,episode25,60,routing_persistent_hotspot_cluster1,31,4,1,specimen_transfer:+1x0.05,0baf42ceb1eab94f,76de76dabe555386,-1,2390414.740946889,3,-1.0261129140853882,3,-0.0006085503846406937,3,0.03939894959330559
candidate,episode25,60,routing_persistent_hotspot_cluster1,31,4,2,specimen_transfer:-1x0.05,c82604734c035c8f,76de76dabe555386,-1,477325.7607047558,3,-1.031268835067749,3,-0.005396378692239523,3,0.08458128571510315
candidate,episode25,60,routing_persistent_hotspot_cluster1,31,4,3,specimen_transfer:+1x0.1,c0950aa5ed2e563f,76de76dabe555386,-1,2575140.7114994526,3,-1.0247507095336914,3,0.0017853633034974337,3,0.07866549491882324
candidate,episode25,60,routing_persistent_hotspot_cluster1,31,4,4,specimen_transfer:-1x0.1,a909f80754504708,76de76dabe555386,-1,698151.56656304,3,-1.032652735710144,3,-0.007790292613208294,3,0.12267539650201797
candidate,episode25,60,routing_persistent_hotspot_cluster1,31,remaining,0,mdl2,99bd2d5e2f258026,76de76dabe555386,-1,0.0,3,-1.0289394855499268,3,-0.003002464771270752,3,0.0524703748524189
candidate,episode25,60,routing_persistent_hotspot_cluster1,31,remaining,1,specimen_transfer:+1x0.05,0baf42ceb1eab94f,76de76dabe555386,-1,3767328.8533320427,3,-1.0261129140853882,3,-0.0006085503846406937,3,0.03939894959330559
candidate,episode25,60,routing_persistent_hotspot_cluster1,31,remaining,2,specimen_transfer:-1x0.05,c82604734c035c8f,76de76dabe555386,-1,-1787640.5265533924,3,-1.031268835067749,3,-0.005396378692239523,3,0.08458128571510315
candidate,episode25,60,routing_persistent_hotspot_cluster1,31,remaining,3,specimen_transfer:+1x0.1,c0950aa5ed2e563f,76de76dabe555386,-1,4927622.263035774,3,-1.0247507095336914,3,0.0017853633034974337,3,0.07866549491882324
candidate,episode25,60,routing_persistent_hotspot_cluster1,31,remaining,4,specimen_transfer:-1x0.1,a909f80754504708,76de76dabe555386,-1,-3023592.4287035465,3,-1.032652735710144,3,-0.007790292613208294,3,0.12267539650201797
candidate,episode25,60,routing_persistent_hotspot_cluster1,37,4,0,mdl2,a51f9dbc2a10ba4b,d2ffe5513e117e2f,-1,0.0,3,-0.43125438690185547,3,-0.00046026206109672785,3,0.05408243089914322
candidate,episode25,60,routing_persistent_hotspot_cluster1,37,4,1,specimen_transfer:+1x0.05,45637defabe96a1b,d2ffe5513e117e2f,-1,988459.36175704,3,-0.430958092212677,3,-0.00014020747039467096,3,0.0385822057723999
candidate,episode25,60,routing_persistent_hotspot_cluster1,37,4,2,specimen_transfer:-1x0.05,acae59a7cb16e290,d2ffe5513e117e2f,-1,-105185.75543141365,3,-0.4314623475074768,3,-0.0007803164189681411,3,0.08117993921041489
candidate,episode25,60,routing_persistent_hotspot_cluster1,37,4,3,specimen_transfer:+1x0.1,f9126f61041e82b9,d2ffe5513e117e2f,-1,1311075.7504312098,3,-0.43057912588119507,3,0.00017984697478823364,3,0.07916376739740372
candidate,episode25,60,routing_persistent_hotspot_cluster1,37,4,4,specimen_transfer:-1x0.1,a11f7fc1e0b107bf,d2ffe5513e117e2f,-1,-60305.59052658081,3,-0.4316215515136719,3,-0.0011003706604242325,3,0.12083623558282852
candidate,episode25,60,routing_persistent_hotspot_cluster1,37,remaining,0,mdl2,a51f9dbc2a10ba4b,d2ffe5513e117e2f,-1,0.0,3,-0.43125438690185547,3,-0.00046026206109672785,3,0.05408243089914322
candidate,episode25,60,routing_persistent_hotspot_cluster1,37,remaining,1,specimen_transfer:+1x0.05,45637defabe96a1b,d2ffe5513e117e2f,-1,1099767.3199089766,3,-0.430958092212677,3,-0.00014020747039467096,3,0.0385822057723999
candidate,episode25,60,routing_persistent_hotspot_cluster1,37,remaining,2,specimen_transfer:-1x0.05,acae59a7cb16e290,d2ffe5513e117e2f,-1,904137.9373935461,3,-0.4314623475074768,3,-0.0007803164189681411,3,0.08117993921041489
candidate,episode25,60,routing_persistent_hotspot_cluster1,37,remaining,3,specimen_transfer:+1x0.1,f9126f61041e82b9,d2ffe5513e117e2f,-1,1788107.2806797028,3,-0.43057912588119507,3,0.00017984697478823364,3,0.07916376739740372
candidate,episode25,60,routing_persistent_hotspot_cluster1,37,remaining,4,specimen_transfer:-1x0.1,a11f7fc1e0b107bf,d2ffe5513e117e2f,-1,857825.6142653227,3,-0.4316215515136719,3,-0.0011003706604242325,3,0.12083623558282852
candidate,episode25,60,routing_persistent_hotspot_cluster1,43,4,0,mdl2,8cb5903aaf52eb69,983b8e271832a63d,-1,0.0,0,-0.23050883412361145,3,-0.0028219851665198803,3,0.04032871127128601
candidate,episode25,60,routing_persistent_hotspot_cluster1,43,4,1,specimen_transfer:+1x0.05,5157e99fbae85454,983b8e271832a63d,-1,-333610.9319534302,0,-0.23007610440254211,3,-0.002356091048568487,3,0.031006677076220512
candidate,episode25,60,routing_persistent_hotspot_cluster1,43,4,2,specimen_transfer:-1x0.05,ad6ed379f1410745,983b8e271832a63d,-1,-982276.4847935736,0,-0.2309723049402237,3,-0.003287879517301917,3,0.07260803878307343
candidate,episode25,60,routing_persistent_hotspot_cluster1,43,4,3,specimen_transfer:+1x0.1,174e127e7bfcf40c,983b8e271832a63d,-1,-96187.28356844187,0,-0.22945097088813782,3,-0.0018901966977864504,3,0.07751946896314621
candidate,episode25,60,routing_persistent_hotspot_cluster1,43,4,4,specimen_transfer:-1x0.1,de94051b6cab385b,983b8e271832a63d,-1,-478250.371794045,0,-0.2315974235534668,3,-0.00375377363525331,3,0.12248053401708603
candidate,episode25,60,routing_persistent_hotspot_cluster1,43,remaining,0,mdl2,8cb5903aaf52eb69,983b8e271832a63d,-1,0.0,0,-0.23050883412361145,3,-0.0028219851665198803,3,0.04032871127128601
candidate,episode25,60,routing_persistent_hotspot_cluster1,43,remaining,1,specimen_transfer:+1x0.05,5157e99fbae85454,983b8e271832a63d,-1,-1216599.5147042274,0,-0.23007610440254211,3,-0.002356091048568487,3,0.031006677076220512
candidate,episode25,60,routing_persistent_hotspot_cluster1,43,remaining,2,specimen_transfer:-1x0.05,ad6ed379f1410745,983b8e271832a63d,-1,-1014766.4071063399,0,-0.2309723049402237,3,-0.003287879517301917,3,0.07260803878307343
candidate,episode25,60,routing_persistent_hotspot_cluster1,43,remaining,3,specimen_transfer:+1x0.1,174e127e7bfcf40c,983b8e271832a63d,-1,-821719.284034133,0,-0.22945097088813782,3,-0.0018901966977864504,3,0.07751946896314621
candidate,episode25,60,routing_persistent_hotspot_cluster1,43,remaining,4,specimen_transfer:-1x0.1,de94051b6cab385b,983b8e271832a63d,-1,-1264483.8997291327,0,-0.2315974235534668,3,-0.00375377363525331,3,0.12248053401708603
candidate,episode25,60,routing_persistent_hotspot_cluster1,51,4,0,mdl2,f37d31e25bb7a669,43d7a780c02d9410,-1,0.0,3,-0.09474430233240128,3,-0.0002239960158476606,3,0.04076722636818886
candidate,episode25,60,routing_persistent_hotspot_cluster1,51,4,1,specimen_transfer:+1x0.05,3173b606f6a137f2,43d7a780c02d9410,-1,247415.84696940333,3,-0.09444685280323029,3,7.966835983097553e-05,3,0.03219029679894447
candidate,episode25,60,routing_persistent_hotspot_cluster1,51,4,2,specimen_transfer:-1x0.05,712c4c36e0bff96b,43d7a780c02d9410,-1,-402744.25303059816,3,-0.09504171460866928,3,-0.0005276604788377881,3,0.07276111841201782
candidate,episode25,60,routing_persistent_hotspot_cluster1,51,4,3,specimen_transfer:+1x0.1,b551bf4df86c5bda,43d7a780c02d9410,-1,1043963.1559546739,3,-0.09413094073534012,3,0.0003833327500615269,3,0.07723888009786606
candidate,episode25,60,routing_persistent_hotspot_cluster1,51,4,4,specimen_transfer:-1x0.1,0f16af0645a84b6f,43d7a780c02d9410,-1,-705876.7440453097,3,-0.09535765647888184,3,-0.000831324839964509,3,0.12276112288236618
candidate,episode25,60,routing_persistent_hotspot_cluster1,51,remaining,0,mdl2,f37d31e25bb7a669,43d7a780c02d9410,-1,0.0,3,-0.09474430233240128,3,-0.0002239960158476606,3,0.04076722636818886
candidate,episode25,60,routing_persistent_hotspot_cluster1,51,remaining,1,specimen_transfer:+1x0.05,3173b606f6a137f2,43d7a780c02d9410,-1,247415.84696940333,3,-0.09444685280323029,3,7.966835983097553e-05,3,0.03219029679894447
candidate,episode25,60,routing_persistent_hotspot_cluster1,51,remaining,2,specimen_transfer:-1x0.05,712c4c36e0bff96b,43d7a780c02d9410,-1,-402744.25303059816,3,-0.09504171460866928,3,-0.0005276604788377881,3,0.07276111841201782
candidate,episode25,60,routing_persistent_hotspot_cluster1,51,remaining,3,specimen_transfer:+1x0.1,b551bf4df86c5bda,43d7a780c02d9410,-1,1043963.1559546739,3,-0.09413094073534012,3,0.0003833327500615269,3,0.07723888009786606
candidate,episode25,60,routing_persistent_hotspot_cluster1,51,remaining,4,specimen_transfer:-1x0.1,0f16af0645a84b6f,43d7a780c02d9410,-1,-705876.7440453097,3,-0.09535765647888184,3,-0.000831324839964509,3,0.12276112288236618
candidate,final,60,routing_persistent_hotspot_cluster1,0,4,0,mdl2,f3120f7372f25dfd,f3120f7372f25dfd,0,0.0,0,-0.08970203995704651,4,0.0,4,0.0
candidate,final,60,routing_persistent_hotspot_cluster1,0,4,1,specimen_transfer:+1x0.05,dc6dc36aa62127be,f3120f7372f25dfd,0,0.0,0,-0.09024663269519806,4,-0.0005749702104367316,4,0.05000000447034836
candidate,final,60,routing_persistent_hotspot_cluster1,0,4,2,specimen_transfer:-1x0.05,beee58469efc390e,f3120f7372f25dfd,0,0.0,0,-0.08915545046329498,4,0.0005749702686443925,4,0.05000000074505806
candidate,final,60,routing_persistent_hotspot_cluster1,0,4,3,specimen_transfer:+1x0.1,5320dc19d3b8ec81,f3120f7372f25dfd,0,0.0,0,-0.09078919887542725,4,-0.001149940537288785,4,0.10000000894069672
candidate,final,60,routing_persistent_hotspot_cluster1,0,4,4,specimen_transfer:-1x0.1,2e563137a7e37654,f3120f7372f25dfd,0,0.0,0,-0.08859747648239136,4,0.001149940537288785,4,0.10000000149011612
candidate,final,60,routing_persistent_hotspot_cluster1,0,remaining,0,mdl2,f3120f7372f25dfd,f3120f7372f25dfd,0,0.0,0,-0.08970203995704651,4,0.0,4,0.0
candidate,final,60,routing_persistent_hotspot_cluster1,0,remaining,1,specimen_transfer:+1x0.05,dc6dc36aa62127be,f3120f7372f25dfd,0,0.0,0,-0.09024663269519806,4,-0.0005749702104367316,4,0.05000000447034836
candidate,final,60,routing_persistent_hotspot_cluster1,0,remaining,2,specimen_transfer:-1x0.05,beee58469efc390e,f3120f7372f25dfd,0,0.0,0,-0.08915545046329498,4,0.0005749702686443925,4,0.05000000074505806
candidate,final,60,routing_persistent_hotspot_cluster1,0,remaining,3,specimen_transfer:+1x0.1,5320dc19d3b8ec81,f3120f7372f25dfd,0,0.0,0,-0.09078919887542725,4,-0.001149940537288785,4,0.10000000894069672
candidate,final,60,routing_persistent_hotspot_cluster1,0,remaining,4,specimen_transfer:-1x0.1,2e563137a7e37654,f3120f7372f25dfd,0,0.0,0,-0.08859747648239136,4,0.001149940537288785,4,0.10000000149011612
candidate,final,60,routing_persistent_hotspot_cluster1,6,4,0,mdl2,06718b61e3f46d75,06718b61e3f46d75,0,0.0,3,-1.660474419593811,3,0.0,3,0.0
candidate,final,60,routing_persistent_hotspot_cluster1,6,4,1,specimen_transfer:+1x0.05,c25379922d61431c,06718b61e3f46d75,0,1184603.3424310386,3,-1.6589726209640503,3,0.0018523235339671373,3,0.05000000074505806
candidate,final,60,routing_persistent_hotspot_cluster1,6,4,2,specimen_transfer:-1x0.05,40b568be3ff95b7c,06718b61e3f46d75,0,-277241.48847156763,3,-1.6620322465896606,3,-0.0018523235339671373,3,0.05000000074505806
candidate,final,60,routing_persistent_hotspot_cluster1,6,4,3,specimen_transfer:+1x0.1,4cd0a6ba61ec5518,06718b61e3f46d75,0,1843803.9121707678,3,-1.6560444831848145,3,0.0037046470679342747,3,0.10000000149011612
candidate,final,60,routing_persistent_hotspot_cluster1,6,4,4,specimen_transfer:-1x0.1,75cdbd8aa21b44d6,06718b61e3f46d75,0,243052.3102708757,3,-1.6650158166885376,3,-0.0037046470679342747,3,0.10000000149011612
candidate,final,60,routing_persistent_hotspot_cluster1,6,remaining,0,mdl2,06718b61e3f46d75,06718b61e3f46d75,0,0.0,0,-1.660474419593811,3,0.0,3,0.0
candidate,final,60,routing_persistent_hotspot_cluster1,6,remaining,1,specimen_transfer:+1x0.05,c25379922d61431c,06718b61e3f46d75,0,-3226020.7428512573,0,-1.6589726209640503,3,0.0018523235339671373,3,0.05000000074505806
candidate,final,60,routing_persistent_hotspot_cluster1,6,remaining,2,specimen_transfer:-1x0.05,40b568be3ff95b7c,06718b61e3f46d75,0,-4543505.9655947685,0,-1.6620322465896606,3,-0.0018523235339671373,3,0.05000000074505806
candidate,final,60,routing_persistent_hotspot_cluster1,6,remaining,3,specimen_transfer:+1x0.1,4cd0a6ba61ec5518,06718b61e3f46d75,0,-7240593.3448290825,0,-1.6560444831848145,3,0.0037046470679342747,3,0.10000000149011612
candidate,final,60,routing_persistent_hotspot_cluster1,6,remaining,4,specimen_transfer:-1x0.1,75cdbd8aa21b44d6,06718b61e3f46d75,0,-8958140.119009972,0,-1.6650158166885376,3,-0.0037046470679342747,3,0.10000000149011612
candidate,final,60,routing_persistent_hotspot_cluster1,12,4,0,mdl2,d685d32f6c2e567a,d685d32f6c2e567a,0,0.0,3,-2.1272006034851074,3,0.0,3,0.0
candidate,final,60,routing_persistent_hotspot_cluster1,12,4,1,specimen_transfer:+1x0.05,363b5856c57c75a6,d685d32f6c2e567a,0,1989664.6847388744,3,-2.125234603881836,3,0.0018044314347207546,3,0.05000000074505806
candidate,final,60,routing_persistent_hotspot_cluster1,12,4,2,specimen_transfer:-1x0.05,b20595646c0c939c,d685d32f6c2e567a,0,-1220240.761344254,3,-2.129166603088379,3,-0.0018044314347207546,3,0.05000000074505806
candidate,final,60,routing_persistent_hotspot_cluster1,12,4,3,specimen_transfer:+1x0.1,258eaf1ba1cc0415,d685d32f6c2e567a,0,5623750.760056883,3,-2.124053955078125,3,0.0036088628694415092,3,0.10000000149011612
candidate,final,60,routing_persistent_hotspot_cluster1,12,4,4,specimen_transfer:-1x0.1,9239e6834dda0be5,d685d32f6c2e567a,0,-406955.3659223318,3,-2.13034725189209,3,-0.0036088628694415092,3,0.10000000149011612
candidate,final,60,routing_persistent_hotspot_cluster1,12,remaining,0,mdl2,d685d32f6c2e567a,d685d32f6c2e567a,0,0.0,4,-2.1272006034851074,3,0.0,3,0.0
candidate,final,60,routing_persistent_hotspot_cluster1,12,remaining,1,specimen_transfer:+1x0.05,363b5856c57c75a6,d685d32f6c2e567a,0,1998011.123052597,4,-2.125234603881836,3,0.0018044314347207546,3,0.05000000074505806
candidate,final,60,routing_persistent_hotspot_cluster1,12,remaining,2,specimen_transfer:-1x0.05,b20595646c0c939c,d685d32f6c2e567a,0,5454283.388300419,4,-2.129166603088379,3,-0.0018044314347207546,3,0.05000000074505806
candidate,final,60,routing_persistent_hotspot_cluster1,12,remaining,3,specimen_transfer:+1x0.1,258eaf1ba1cc0415,d685d32f6c2e567a,0,2536538.5039014816,4,-2.124053955078125,3,0.0036088628694415092,3,0.10000000149011612
candidate,final,60,routing_persistent_hotspot_cluster1,12,remaining,4,specimen_transfer:-1x0.1,9239e6834dda0be5,d685d32f6c2e567a,0,6922214.241900444,4,-2.13034725189209,3,-0.0036088628694415092,3,0.10000000149011612
candidate,final,60,routing_persistent_hotspot_cluster1,18,4,0,mdl2,8d645b30efef012f,8d645b30efef012f,0,0.0,3,-1.598870873451233,4,0.0,3,0.0
candidate,final,60,routing_persistent_hotspot_cluster1,18,4,1,specimen_transfer:+1x0.05,667f54db89876634,8d645b30efef012f,0,2153224.403139323,3,-1.5987550020217896,4,2.3349188268184662e-05,3,0.05000000074505806
candidate,final,60,routing_persistent_hotspot_cluster1,18,4,2,specimen_transfer:-1x0.05,0f03c118acfe7ce5,8d645b30efef012f,0,-1553769.3150782883,3,-1.59902024269104,4,-2.3349188268184662e-05,3,0.05000000074505806
candidate,final,60,routing_persistent_hotspot_cluster1,18,4,3,specimen_transfer:+1x0.1,71ca1d53abe427d7,8d645b30efef012f,0,3636309.1681914628,3,-1.5992424488067627,4,4.6698376536369324e-05,3,0.10000000149011612
candidate,final,60,routing_persistent_hotspot_cluster1,18,4,4,specimen_transfer:-1x0.1,1f56eb209ac9d3b1,8d645b30efef012f,0,-1648784.7193622887,3,-1.598284125328064,4,-4.6698376536369324e-05,3,0.10000000149011612
candidate,final,60,routing_persistent_hotspot_cluster1,18,remaining,0,mdl2,8d645b30efef012f,8d645b30efef012f,0,0.0,3,-1.598870873451233,4,0.0,3,0.0
candidate,final,60,routing_persistent_hotspot_cluster1,18,remaining,1,specimen_transfer:+1x0.05,667f54db89876634,8d645b30efef012f,0,2886831.502090454,3,-1.5987550020217896,4,2.3349188268184662e-05,3,0.05000000074505806
candidate,final,60,routing_persistent_hotspot_cluster1,18,remaining,2,specimen_transfer:-1x0.05,0f03c118acfe7ce5,8d645b30efef012f,0,1851728.0673270226,3,-1.59902024269104,4,-2.3349188268184662e-05,3,0.05000000074505806
candidate,final,60,routing_persistent_hotspot_cluster1,18,remaining,3,specimen_transfer:+1x0.1,71ca1d53abe427d7,8d645b30efef012f,0,5134376.361310959,3,-1.5992424488067627,4,4.6698376536369324e-05,3,0.10000000149011612
candidate,final,60,routing_persistent_hotspot_cluster1,18,remaining,4,specimen_transfer:-1x0.1,1f56eb209ac9d3b1,8d645b30efef012f,0,2927299.990114689,3,-1.598284125328064,4,-4.6698376536369324e-05,3,0.10000000149011612
candidate,final,60,routing_persistent_hotspot_cluster1,25,4,0,mdl2,d2c8dbd11145a167,0539b45cc97b2c96,-1,0.0,1,-1.175797462463379,4,0.0009589525288902223,4,0.020075229927897453
candidate,final,60,routing_persistent_hotspot_cluster1,25,4,1,specimen_transfer:+1x0.05,53c137a3cef4487d,0539b45cc97b2c96,-1,2318355.2234565318,1,-1.1765879392623901,4,0.00012845918536186218,4,0.048577841371297836
candidate,final,60,routing_persistent_hotspot_cluster1,25,4,2,specimen_transfer:-1x0.05,a38d86182b1dd64a,0539b45cc97b2c96,-1,-3379374.6595503986,1,-1.174772024154663,4,0.0017894457560032606,4,0.06776624917984009
candidate,final,60,routing_persistent_hotspot_cluster1,25,4,3,specimen_transfer:+1x0.1,b1222da5588bc7c2,0539b45cc97b2c96,-1,2184393.7151937485,1,-1.177486538887024,4,-0.0007020342163741589,4,0.09612686187028885
candidate,final,60,routing_persistent_hotspot_cluster1,25,4,4,specimen_transfer:-1x0.1,7e7729443b85f9a6,0539b45cc97b2c96,-1,-3742322.162426114,1,-1.1747533082962036,4,0.002619938924908638,4,0.11580546200275421
candidate,final,60,routing_persistent_hotspot_cluster1,25,remaining,0,mdl2,d2c8dbd11145a167,0539b45cc97b2c96,-1,0.0,1,-1.175797462463379,4,0.0009589525288902223,4,0.020075229927897453
candidate,final,60,routing_persistent_hotspot_cluster1,25,remaining,1,specimen_transfer:+1x0.05,53c137a3cef4487d,0539b45cc97b2c96,-1,2139447.9089496136,1,-1.1765879392623901,4,0.00012845918536186218,4,0.048577841371297836
candidate,final,60,routing_persistent_hotspot_cluster1,25,remaining,2,specimen_transfer:-1x0.05,a38d86182b1dd64a,0539b45cc97b2c96,-1,364097.10836315155,1,-1.174772024154663,4,0.0017894457560032606,4,0.06776624917984009
candidate,final,60,routing_persistent_hotspot_cluster1,25,remaining,3,specimen_transfer:+1x0.1,b1222da5588bc7c2,0539b45cc97b2c96,-1,2058949.814934492,1,-1.177486538887024,4,-0.0007020342163741589,4,0.09612686187028885
candidate,final,60,routing_persistent_hotspot_cluster1,25,remaining,4,specimen_transfer:-1x0.1,7e7729443b85f9a6,0539b45cc97b2c96,-1,-1137204.7756211758,1,-1.1747533082962036,4,0.002619938924908638,4,0.11580546200275421
candidate,final,60,routing_persistent_hotspot_cluster1,31,4,0,mdl2,99bd2d5e2f258026,76de76dabe555386,-1,0.0,3,-0.8068366646766663,3,-0.0023751137778162956,3,0.05215148255228996
candidate,final,60,routing_persistent_hotspot_cluster1,31,4,1,specimen_transfer:+1x0.05,0baf42ceb1eab94f,76de76dabe555386,-1,2390414.740946889,3,-0.8051396608352661,3,-0.0009126430377364159,3,0.039523765444755554
candidate,final,60,routing_persistent_hotspot_cluster1,31,4,2,specimen_transfer:-1x0.05,c82604734c035c8f,76de76dabe555386,-1,477325.7607047558,3,-0.8080876469612122,3,-0.0038375852163881063,3,0.08426239341497421
candidate,final,60,routing_persistent_hotspot_cluster1,31,4,3,specimen_transfer:+1x0.1,c0950aa5ed2e563f,76de76dabe555386,-1,2575140.7114994526,3,-0.803996205329895,3,0.0005498286336660385,3,0.07879031449556351
candidate,final,60,routing_persistent_hotspot_cluster1,31,4,4,specimen_transfer:-1x0.1,a909f80754504708,76de76dabe555386,-1,698151.56656304,3,-0.8092311024665833,3,-0.00530005618929863,3,0.12264266610145569
candidate,final,60,routing_persistent_hotspot_cluster1,31,remaining,0,mdl2,99bd2d5e2f258026,76de76dabe555386,-1,0.0,3,-0.8068366646766663,3,-0.0023751137778162956,3,0.05215148255228996
candidate,final,60,routing_persistent_hotspot_cluster1,31,remaining,1,specimen_transfer:+1x0.05,0baf42ceb1eab94f,76de76dabe555386,-1,3767328.8533320427,3,-0.8051396608352661,3,-0.0009126430377364159,3,0.039523765444755554
candidate,final,60,routing_persistent_hotspot_cluster1,31,remaining,2,specimen_transfer:-1x0.05,c82604734c035c8f,76de76dabe555386,-1,-1787640.5265533924,3,-0.8080876469612122,3,-0.0038375852163881063,3,0.08426239341497421
candidate,final,60,routing_persistent_hotspot_cluster1,31,remaining,3,specimen_transfer:+1x0.1,c0950aa5ed2e563f,76de76dabe555386,-1,4927622.263035774,3,-0.803996205329895,3,0.0005498286336660385,3,0.07879031449556351
candidate,final,60,routing_persistent_hotspot_cluster1,31,remaining,4,specimen_transfer:-1x0.1,a909f80754504708,76de76dabe555386,-1,-3023592.4287035465,3,-0.8092311024665833,3,-0.00530005618929863,3,0.12264266610145569
candidate,final,60,routing_persistent_hotspot_cluster1,37,4,0,mdl2,a51f9dbc2a10ba4b,2ab9245debd0de2e,-1,0.0,3,-0.48716023564338684,4,0.00014027973520569503,4,0.05413255840539932
candidate,final,60,routing_persistent_hotspot_cluster1,37,4,1,specimen_transfer:+1x0.05,45637defabe96a1b,2ab9245debd0de2e,-1,988459.36175704,3,-0.4877969026565552,4,-0.00014002015814185143,4,0.038474008440971375
candidate,final,60,routing_persistent_hotspot_cluster1,37,4,2,specimen_transfer:-1x0.05,acae59a7cb16e290,2ab9245debd0de2e,-1,-105185.75543141365,3,-0.48644164204597473,4,0.00042057910468429327,4,0.08123006671667099
candidate,final,60,routing_persistent_hotspot_cluster1,37,4,3,specimen_transfer:+1x0.1,f9126f61041e82b9,2ab9245debd0de2e,-1,1311075.7504312098,3,-0.48781946301460266,4,-0.0004203207790851593,4,0.07917134463787079
candidate,final,60,routing_persistent_hotspot_cluster1,37,4,4,specimen_transfer:-1x0.1,a11f7fc1e0b107bf,2ab9245debd0de2e,-1,-60305.59052658081,3,-0.48617810010910034,4,0.0007008793763816357,4,0.12082865834236145
candidate,final,60,routing_persistent_hotspot_cluster1,37,remaining,0,mdl2,a51f9dbc2a10ba4b,2ab9245debd0de2e,-1,0.0,3,-0.48716023564338684,4,0.00014027973520569503,4,0.05413255840539932
candidate,final,60,routing_persistent_hotspot_cluster1,37,remaining,1,specimen_transfer:+1x0.05,45637defabe96a1b,2ab9245debd0de2e,-1,1099767.3199089766,3,-0.4877969026565552,4,-0.00014002015814185143,4,0.038474008440971375
candidate,final,60,routing_persistent_hotspot_cluster1,37,remaining,2,specimen_transfer:-1x0.05,acae59a7cb16e290,2ab9245debd0de2e,-1,904137.9373935461,3,-0.48644164204597473,4,0.00042057910468429327,4,0.08123006671667099
candidate,final,60,routing_persistent_hotspot_cluster1,37,remaining,3,specimen_transfer:+1x0.1,f9126f61041e82b9,2ab9245debd0de2e,-1,1788107.2806797028,3,-0.48781946301460266,4,-0.0004203207790851593,4,0.07917134463787079
candidate,final,60,routing_persistent_hotspot_cluster1,37,remaining,4,specimen_transfer:-1x0.1,a11f7fc1e0b107bf,2ab9245debd0de2e,-1,857825.6142653227,3,-0.48617810010910034,4,0.0007008793763816357,4,0.12082865834236145
candidate,final,60,routing_persistent_hotspot_cluster1,43,4,0,mdl2,8cb5903aaf52eb69,983b8e271832a63d,-1,0.0,0,-0.043234191834926605,2,-0.0038173473440110683,3,0.040601059794425964
candidate,final,60,routing_persistent_hotspot_cluster1,43,4,1,specimen_transfer:+1x0.05,5157e99fbae85454,983b8e271832a63d,-1,-333610.9319534302,0,-0.04337495192885399,2,-0.0031207178253680468,3,0.031279027462005615
candidate,final,60,routing_persistent_hotspot_cluster1,43,4,2,specimen_transfer:-1x0.05,ad6ed379f1410745,983b8e271832a63d,-1,-982276.4847935736,0,-0.04295464977622032,2,-0.004513976629823446,3,0.07303515076637268
candidate,final,60,routing_persistent_hotspot_cluster1,43,4,3,specimen_transfer:+1x0.1,174e127e7bfcf40c,983b8e271832a63d,-1,-96187.28356844187,0,-0.043815046548843384,2,-0.0024240880738943815,3,0.07754173129796982
candidate,final,60,routing_persistent_hotspot_cluster1,43,4,4,specimen_transfer:-1x0.1,de94051b6cab385b,983b8e271832a63d,-1,-478250.371794045,0,-0.04423528164625168,2,-0.005210607312619686,3,0.12245827168226242
candidate,final,60,routing_persistent_hotspot_cluster1,43,remaining,0,mdl2,8cb5903aaf52eb69,983b8e271832a63d,-1,0.0,0,-0.043234191834926605,2,-0.0038173473440110683,3,0.040601059794425964
candidate,final,60,routing_persistent_hotspot_cluster1,43,remaining,1,specimen_transfer:+1x0.05,5157e99fbae85454,983b8e271832a63d,-1,-1216599.5147042274,0,-0.04337495192885399,2,-0.0031207178253680468,3,0.031279027462005615
candidate,final,60,routing_persistent_hotspot_cluster1,43,remaining,2,specimen_transfer:-1x0.05,ad6ed379f1410745,983b8e271832a63d,-1,-1014766.4071063399,0,-0.04295464977622032,2,-0.004513976629823446,3,0.07303515076637268
candidate,final,60,routing_persistent_hotspot_cluster1,43,remaining,3,specimen_transfer:+1x0.1,174e127e7bfcf40c,983b8e271832a63d,-1,-821719.284034133,0,-0.043815046548843384,2,-0.0024240880738943815,3,0.07754173129796982
candidate,final,60,routing_persistent_hotspot_cluster1,43,remaining,4,specimen_transfer:-1x0.1,de94051b6cab385b,983b8e271832a63d,-1,-1264483.8997291327,0,-0.04423528164625168,2,-0.005210607312619686,3,0.12245827168226242
candidate,final,60,routing_persistent_hotspot_cluster1,51,4,0,mdl2,f37d31e25bb7a669,168c2d5b00a214ca,-1,0.0,3,-0.028282053768634796,1,0.00012487382628023624,3,0.040693722665309906
candidate,final,60,routing_persistent_hotspot_cluster1,51,4,1,specimen_transfer:+1x0.05,3173b606f6a137f2,168c2d5b00a214ca,-1,247415.84696940333,3,-0.02820606529712677,1,0.000678985845297575,3,0.032292649149894714
candidate,final,60,routing_persistent_hotspot_cluster1,51,4,2,specimen_transfer:-1x0.05,712c4c36e0bff96b,168c2d5b00a214ca,-1,-402744.25303059816,3,-0.028833158314228058,1,-0.0004292381927371025,3,0.07304730266332626
candidate,final,60,routing_persistent_hotspot_cluster1,51,4,3,specimen_transfer:+1x0.1,b551bf4df86c5bda,168c2d5b00a214ca,-1,1043963.1559546739,3,-0.02826298028230667,1,0.0012330980971455574,3,0.07695269584655762
candidate,final,60,routing_persistent_hotspot_cluster1,51,4,4,specimen_transfer:-1x0.1,0f16af0645a84b6f,168c2d5b00a214ca,-1,-705876.7440453097,3,-0.029345333576202393,1,-0.0009833502117544413,3,0.12304730713367462
candidate,final,60,routing_persistent_hotspot_cluster1,51,remaining,0,mdl2,f37d31e25bb7a669,168c2d5b00a214ca,-1,0.0,3,-0.028282053768634796,1,0.00012487382628023624,3,0.040693722665309906
candidate,final,60,routing_persistent_hotspot_cluster1,51,remaining,1,specimen_transfer:+1x0.05,3173b606f6a137f2,168c2d5b00a214ca,-1,247415.84696940333,3,-0.02820606529712677,1,0.000678985845297575,3,0.032292649149894714
candidate,final,60,routing_persistent_hotspot_cluster1,51,remaining,2,specimen_transfer:-1x0.05,712c4c36e0bff96b,168c2d5b00a214ca,-1,-402744.25303059816,3,-0.028833158314228058,1,-0.0004292381927371025,3,0.07304730266332626
candidate,final,60,routing_persistent_hotspot_cluster1,51,remaining,3,specimen_transfer:+1x0.1,b551bf4df86c5bda,168c2d5b00a214ca,-1,1043963.1559546739,3,-0.02826298028230667,1,0.0012330980971455574,3,0.07695269584655762
candidate,final,60,routing_persistent_hotspot_cluster1,51,remaining,4,specimen_transfer:-1x0.1,0f16af0645a84b6f,168c2d5b00a214ca,-1,-705876.7440453097,3,-0.029345333576202393,1,-0.0009833502117544413,3,0.12304730713367462
control,pretrain,61,routing_persistent_hotspot_cluster2,0,4,0,mdl2,7e43de2692ab18b0,7e43de2692ab18b0,0,0.0,0,-0.08282002806663513,4,0.0,4,0.0
control,pretrain,61,routing_persistent_hotspot_cluster2,0,4,1,specimen_transfer:+1x0.05,b97e5fdbe022c222,7e43de2692ab18b0,0,0.0,0,-0.08348429203033447,4,-0.0006608078838326037,4,0.05000000447034836
control,pretrain,61,routing_persistent_hotspot_cluster2,0,4,2,specimen_transfer:-1x0.05,97718ff462c710d4,7e43de2692ab18b0,0,0.0,0,-0.08215571194887161,4,0.0006608079420402646,4,0.05000000447034836
control,pretrain,61,routing_persistent_hotspot_cluster2,0,4,3,specimen_transfer:+1x0.1,a38529cdc2c89cad,7e43de2692ab18b0,0,0.0,0,-0.08420198410749435,4,-0.0013216158840805292,4,0.10000000149011612
control,pretrain,61,routing_persistent_hotspot_cluster2,0,4,4,specimen_transfer:-1x0.1,1b9a3fd1e49ba81e,7e43de2692ab18b0,0,0.0,0,-0.08150569349527359,4,0.0013216158840805292,4,0.10000000149011612
control,pretrain,61,routing_persistent_hotspot_cluster2,0,remaining,0,mdl2,7e43de2692ab18b0,7e43de2692ab18b0,0,0.0,0,-0.08282002806663513,4,0.0,4,0.0
control,pretrain,61,routing_persistent_hotspot_cluster2,0,remaining,1,specimen_transfer:+1x0.05,b97e5fdbe022c222,7e43de2692ab18b0,0,0.0,0,-0.08348429203033447,4,-0.0006608078838326037,4,0.05000000447034836
control,pretrain,61,routing_persistent_hotspot_cluster2,0,remaining,2,specimen_transfer:-1x0.05,97718ff462c710d4,7e43de2692ab18b0,0,0.0,0,-0.08215571194887161,4,0.0006608079420402646,4,0.05000000447034836
control,pretrain,61,routing_persistent_hotspot_cluster2,0,remaining,3,specimen_transfer:+1x0.1,a38529cdc2c89cad,7e43de2692ab18b0,0,0.0,0,-0.08420198410749435,4,-0.0013216158840805292,4,0.10000000149011612
control,pretrain,61,routing_persistent_hotspot_cluster2,0,remaining,4,specimen_transfer:-1x0.1,1b9a3fd1e49ba81e,7e43de2692ab18b0,0,0.0,0,-0.08150569349527359,4,0.0013216158840805292,4,0.10000000149011612
control,pretrain,61,routing_persistent_hotspot_cluster2,6,4,0,mdl2,98c96b3fe428dace,98c96b3fe428dace,0,0.0,3,-0.4354841113090515,4,0.0,4,0.0
control,pretrain,61,routing_persistent_hotspot_cluster2,6,4,1,specimen_transfer:+1x0.05,54d07cf24aaee38b,98c96b3fe428dace,0,1746147.2005438358,3,-0.4364665448665619,4,-0.0006245059776119888,4,0.05000000074505806
control,pretrain,61,routing_persistent_hotspot_cluster2,6,4,2,specimen_transfer:-1x0.05,0f79c88b71aabb30,98c96b3fe428dace,0,-1431658.9318915755,3,-0.4347170293331146,4,0.0006245059776119888,4,0.05000000074505806
control,pretrain,61,routing_persistent_hotspot_cluster2,6,4,3,specimen_transfer:+1x0.1,f7a859ba1a1fabec,98c96b3fe428dace,0,2659610.52476497,3,-0.4368547201156616,4,-0.0012490119552239776,4,0.10000000149011612
control,pretrain,61,routing_persistent_hotspot_cluster2,6,4,4,specimen_transfer:-1x0.1,bc3202d81a17fea0,98c96b3fe428dace,0,-1016458.2998579293,3,-0.43428534269332886,4,0.0012490119552239776,4,0.10000000149011612
control,pretrain,61,routing_persistent_hotspot_cluster2,6,remaining,0,mdl2,98c96b3fe428dace,98c96b3fe428dace,0,0.0,0,-0.4354841113090515,4,0.0,4,0.0
control,pretrain,61,routing_persistent_hotspot_cluster2,6,remaining,1,specimen_transfer:+1x0.05,54d07cf24aaee38b,98c96b3fe428dace,0,-5300203.562452793,0,-0.4364665448665619,4,-0.0006245059776119888,4,0.05000000074505806
control,pretrain,61,routing_persistent_hotspot_cluster2,6,remaining,2,specimen_transfer:-1x0.05,0f79c88b71aabb30,98c96b3fe428dace,0,-6240450.904951572,0,-0.4347170293331146,4,0.0006245059776119888,4,0.05000000074505806
control,pretrain,61,routing_persistent_hotspot_cluster2,6,remaining,3,specimen_transfer:+1x0.1,f7a859ba1a1fabec,98c96b3fe428dace,0,-8498929.875326633,0,-0.4368547201156616,4,-0.0012490119552239776,4,0.10000000149011612
control,pretrain,61,routing_persistent_hotspot_cluster2,6,remaining,4,specimen_transfer:-1x0.1,bc3202d81a17fea0,98c96b3fe428dace,0,-6667098.343899727,0,-0.43428534269332886,4,0.0012490119552239776,4,0.10000000149011612
control,pretrain,61,routing_persistent_hotspot_cluster2,12,4,0,mdl2,5b20f2cf5b1be49b,5b20f2cf5b1be49b,0,0.0,3,-0.5362460017204285,4,0.0,4,0.0
control,pretrain,61,routing_persistent_hotspot_cluster2,12,4,1,specimen_transfer:+1x0.05,43366db58b7c622e,5b20f2cf5b1be49b,0,1696443.8426645398,3,-0.536586582660675,4,-0.00035063448012806475,4,0.05000000074505806
control,pretrain,61,routing_persistent_hotspot_cluster2,12,4,2,specimen_transfer:-1x0.05,fce3ed919985ba24,5b20f2cf5b1be49b,0,-233993.28628575802,3,-0.5358389019966125,4,0.00035063448012806475,4,0.05000000074505806
control,pretrain,61,routing_persistent_hotspot_cluster2,12,4,3,specimen_transfer:+1x0.1,8260c51247bbc7e8,5b20f2cf5b1be49b,0,2700537.4736710787,3,-0.5371613502502441,4,-0.0007012688438408077,4,0.10000000149011612
control,pretrain,61,routing_persistent_hotspot_cluster2,12,4,4,specimen_transfer:-1x0.1,0d32f0541b5e7e90,5b20f2cf5b1be49b,0,434957.91516923904,3,-0.535256564617157,4,0.0007012690184637904,4,0.10000000149011612
control,pretrain,61,routing_persistent_hotspot_cluster2,12,remaining,0,mdl2,5b20f2cf5b1be49b,5b20f2cf5b1be49b,0,0.0,0,-0.5362460017204285,4,0.0,4,0.0
control,pretrain,61,routing_persistent_hotspot_cluster2,12,remaining,1,specimen_transfer:+1x0.05,43366db58b7c622e,5b20f2cf5b1be49b,0,-7023734.607584,0,-0.536586582660675,4,-0.00035063448012806475,4,0.05000000074505806
control,pretrain,61,routing_persistent_hotspot_cluster2,12,remaining,2,specimen_transfer:-1x0.05,fce3ed919985ba24,5b20f2cf5b1be49b,0,-2407253.662370205,0,-0.5358389019966125,4,0.00035063448012806475,4,0.05000000074505806
control,pretrain,61,routing_persistent_hotspot_cluster2,12,remaining,3,specimen_transfer:+1x0.1,8260c51247bbc7e8,5b20f2cf5b1be49b,0,-6232411.219634533,0,-0.5371613502502441,4,-0.0007012688438408077,4,0.10000000149011612
control,pretrain,61,routing_persistent_hotspot_cluster2,12,remaining,4,specimen_transfer:-1x0.1,0d32f0541b5e7e90,5b20f2cf5b1be49b,0,-427934.446518898,0,-0.535256564617157,4,0.0007012690184637904,4,0.10000000149011612
control,pretrain,61,routing_persistent_hotspot_cluster2,18,4,0,mdl2,132e090317a818dc,f7730751af51fc26,-1,0.0,3,-0.7094799280166626,4,0.0001369422534480691,4,0.01985151879489422
control,pretrain,61,routing_persistent_hotspot_cluster2,18,4,1,specimen_transfer:+1x0.05,34b59344c7b71b15,f7730751af51fc26,-1,345171.1501045525,3,-0.7099170088768005,4,-0.00019523169612511992,4,0.037153035402297974
control,pretrain,61,routing_persistent_hotspot_cluster2,18,4,2,specimen_transfer:-1x0.05,d1e3e6bad33c9581,f7730751af51fc26,-1,-1166056.687234193,3,-0.7091416120529175,4,0.0004691162030212581,4,0.06469129770994186
control,pretrain,61,routing_persistent_hotspot_cluster2,18,4,3,specimen_transfer:+1x0.1,cc3fc4715c1b375e,f7730751af51fc26,-1,1274034.333469957,3,-0.7102289795875549,4,-0.0005274057621136308,4,0.08539679646492004
control,pretrain,61,routing_persistent_hotspot_cluster2,18,4,4,specimen_transfer:-1x0.1,4fb7bb7edc2125f8,f7730751af51fc26,-1,-1449730.5976397991,3,-0.7088871002197266,4,0.0008012903854250908,4,0.11469130218029022
control,pretrain,61,routing_persistent_hotspot_cluster2,18,remaining,0,mdl2,132e090317a818dc,f7730751af51fc26,-1,0.0,2,-0.7094799280166626,4,0.0001369422534480691,4,0.01985151879489422
control,pretrain,61,routing_persistent_hotspot_cluster2,18,remaining,1,specimen_transfer:+1x0.05,34b59344c7b71b15,f7730751af51fc26,-1,597084.8204336166,2,-0.7099170088768005,4,-0.00019523169612511992,4,0.037153035402297974
control,pretrain,61,routing_persistent_hotspot_cluster2,18,remaining,2,specimen_transfer:-1x0.05,d1e3e6bad33c9581,f7730751af51fc26,-1,1643857.7732179165,2,-0.7091416120529175,4,0.0004691162030212581,4,0.06469129770994186
control,pretrain,61,routing_persistent_hotspot_cluster2,18,remaining,3,specimen_transfer:+1x0.1,cc3fc4715c1b375e,f7730751af51fc26,-1,-134894.62226343155,2,-0.7102289795875549,4,-0.0005274057621136308,4,0.08539679646492004
control,pretrain,61,routing_persistent_hotspot_cluster2,18,remaining,4,specimen_transfer:-1x0.1,4fb7bb7edc2125f8,f7730751af51fc26,-1,823627.0352666378,2,-0.7088871002197266,4,0.0008012903854250908,4,0.11469130218029022
control,pretrain,61,routing_persistent_hotspot_cluster2,25,4,0,mdl2,e066899939fc982e,e066899939fc982e,0,0.0,3,-0.8103576898574829,4,0.0,4,0.0
control,pretrain,61,routing_persistent_hotspot_cluster2,25,4,1,specimen_transfer:+1x0.05,54d6330aefbec110,e066899939fc982e,0,915908.136139363,3,-0.8103906512260437,4,-7.015552546363324e-05,4,0.05000000074505806
control,pretrain,61,routing_persistent_hotspot_cluster2,25,4,2,specimen_transfer:-1x0.05,9fe64ccf81d7073c,e066899939fc982e,0,-2182060.8800405264,3,-0.810076892375946,4,7.015558367129415e-05,4,0.05000000074505806
control,pretrain,61,routing_persistent_hotspot_cluster2,25,4,3,specimen_transfer:+1x0.1,5d0c14bdc81772ca,e066899939fc982e,0,3222004.660843432,3,-0.8104312419891357,4,-0.00014031105092726648,4,0.10000000149011612
control,pretrain,61,routing_persistent_hotspot_cluster2,25,4,4,specimen_transfer:-1x0.1,534ed743ccca1b83,e066899939fc982e,0,-3194661.2184571624,3,-0.8100200891494751,4,0.00014031108003109694,4,0.10000000149011612
control,pretrain,61,routing_persistent_hotspot_cluster2,25,remaining,0,mdl2,e066899939fc982e,e066899939fc982e,0,0.0,3,-0.8103576898574829,4,0.0,4,0.0
control,pretrain,61,routing_persistent_hotspot_cluster2,25,remaining,1,specimen_transfer:+1x0.05,54d6330aefbec110,e066899939fc982e,0,731323.4265756607,3,-0.8103906512260437,4,-7.015552546363324e-05,4,0.05000000074505806
control,pretrain,61,routing_persistent_hotspot_cluster2,25,remaining,2,specimen_transfer:-1x0.05,9fe64ccf81d7073c,e066899939fc982e,0,1326020.3791983128,3,-0.810076892375946,4,7.015558367129415e-05,4,0.05000000074505806
control,pretrain,61,routing_persistent_hotspot_cluster2,25,remaining,3,specimen_transfer:+1x0.1,5d0c14bdc81772ca,e066899939fc982e,0,4668715.758307457,3,-0.8104312419891357,4,-0.00014031105092726648,4,0.10000000149011612
control,pretrain,61,routing_persistent_hotspot_cluster2,25,remaining,4,specimen_transfer:-1x0.1,534ed743ccca1b83,e066899939fc982e,0,3349584.581875801,3,-0.8100200891494751,4,0.00014031108003109694,4,0.10000000149011612
control,pretrain,61,routing_persistent_hotspot_cluster2,31,4,0,mdl2,d300049ac714cf36,f77c1710c3817917,-1,0.0,3,-0.6326887011528015,3,-0.0003740223473869264,3,0.04247289523482323
control,pretrain,61,routing_persistent_hotspot_cluster2,31,4,1,specimen_transfer:+1x0.05,253dcb7e8e719f76,f77c1710c3817917,-1,1663585.9106191099,3,-0.6321622133255005,3,0.00023813552979845554,3,0.02315482869744301
control,pretrain,61,routing_persistent_hotspot_cluster2,31,4,2,specimen_transfer:-1x0.05,20dc6c75fc5fdbe0,f77c1710c3817917,-1,-4189665.0148768425,3,-0.6333438158035278,3,-0.000986180268228054,3,0.0796670988202095
control,pretrain,61,routing_persistent_hotspot_cluster2,31,4,3,specimen_transfer:+1x0.1,f726da848e3bd64b,f77c1710c3817917,-1,4035474.098065108,3,-0.6315563917160034,3,0.0008502933196723461,3,0.07033289968967438
control,pretrain,61,routing_persistent_hotspot_cluster2,31,4,4,specimen_transfer:-1x0.1,bc0531d271a6d6f6,f77c1710c3817917,-1,-5078170.638617516,3,-0.6339524984359741,3,-0.0015983375487849116,3,0.12966710329055786
control,pretrain,61,routing_persistent_hotspot_cluster2,31,remaining,0,mdl2,d300049ac714cf36,f77c1710c3817917,-1,0.0,4,-0.6326887011528015,3,-0.0003740223473869264,3,0.04247289523482323
control,pretrain,61,routing_persistent_hotspot_cluster2,31,remaining,1,specimen_transfer:+1x0.05,253dcb7e8e719f76,f77c1710c3817917,-1,1936256.3896081448,4,-0.6321622133255005,3,0.00023813552979845554,3,0.02315482869744301
control,pretrain,61,routing_persistent_hotspot_cluster2,31,remaining,2,specimen_transfer:-1x0.05,20dc6c75fc5fdbe0,f77c1710c3817917,-1,2759312.4987185,4,-0.6333438158035278,3,-0.000986180268228054,3,0.0796670988202095
control,pretrain,61,routing_persistent_hotspot_cluster2,31,remaining,3,specimen_transfer:+1x0.1,f726da848e3bd64b,f77c1710c3817917,-1,4738488.626751661,4,-0.6315563917160034,3,0.0008502933196723461,3,0.07033289968967438
control,pretrain,61,routing_persistent_hotspot_cluster2,31,remaining,4,specimen_transfer:-1x0.1,bc0531d271a6d6f6,f77c1710c3817917,-1,6308532.362659931,4,-0.6339524984359741,3,-0.0015983375487849116,3,0.12966710329055786
control,pretrain,61,routing_persistent_hotspot_cluster2,37,4,0,mdl2,1cc751d2994b65e1,c58db5e3f0ae50d4,-1,0.0,0,-0.5921868085861206,4,-0.0012840393465012312,3,0.06328853219747543
control,pretrain,61,routing_persistent_hotspot_cluster2,37,4,1,specimen_transfer:+1x0.05,d6c373264d6fc224,c58db5e3f0ae50d4,-1,-110517.0399979055,0,-0.5921417474746704,4,-0.0012422390282154083,3,0.02781819738447666
control,pretrain,61,routing_persistent_hotspot_cluster2,37,4,2,specimen_transfer:-1x0.05,3fe5f60e5b24dca5,c58db5e3f0ae50d4,-1,-826304.6871368885,0,-0.5922318696975708,4,-0.0013258400140330195,3,0.11328853666782379
control,pretrain,61,routing_persistent_hotspot_cluster2,37,4,3,specimen_transfer:+1x0.1,3b165a06db3f41b7,c58db5e3f0ae50d4,-1,-110517.0399979055,0,-0.5925689339637756,4,-0.0012004387099295855,3,0.05412319302558899
control,pretrain,61,routing_persistent_hotspot_cluster2,37,4,4,specimen_transfer:-1x0.1,b134dee64e436c21,c58db5e3f0ae50d4,-1,-826304.6871368885,0,-0.5918047428131104,4,-0.0013676396338269114,3,0.16328853368759155
control,pretrain,61,routing_persistent_hotspot_cluster2,37,remaining,0,mdl2,1cc751d2994b65e1,c58db5e3f0ae50d4,-1,0.0,2,-0.5921868085861206,4,-0.0012840393465012312,3,0.06328853219747543
control,pretrain,61,routing_persistent_hotspot_cluster2,37,remaining,1,specimen_transfer:+1x0.05,d6c373264d6fc224,c58db5e3f0ae50d4,-1,-1229415.740502596,2,-0.5921417474746704,4,-0.0012422390282154083,3,0.02781819738447666
control,pretrain,61,routing_persistent_hotspot_cluster2,37,remaining,2,specimen_transfer:-1x0.05,3fe5f60e5b24dca5,c58db5e3f0ae50d4,-1,1066708.8816514015,2,-0.5922318696975708,4,-0.0013258400140330195,3,0.11328853666782379
control,pretrain,61,routing_persistent_hotspot_cluster2,37,remaining,3,specimen_transfer:+1x0.1,3b165a06db3f41b7,c58db5e3f0ae50d4,-1,-1229415.740502596,2,-0.5925689339637756,4,-0.0012004387099295855,3,0.05412319302558899
control,pretrain,61,routing_persistent_hotspot_cluster2,37,remaining,4,specimen_transfer:-1x0.1,b134dee64e436c21,c58db5e3f0ae50d4,-1,1066708.8816514015,2,-0.5918047428131104,4,-0.0013676396338269114,3,0.16328853368759155
control,pretrain,61,routing_persistent_hotspot_cluster2,43,4,0,mdl2,b86edd2339b85129,ac20a9623b34d1ef,-1,0.0,2,-0.705140233039856,3,-0.0015807980671525002,3,0.07956988364458084
control,pretrain,61,routing_persistent_hotspot_cluster2,43,4,1,specimen_transfer:+1x0.05,6acb9e83fba07ebc,ac20a9623b34d1ef,-1,-783098.7707513571,2,-0.7036056518554688,3,-0.0001102462993003428,3,0.069310761988163
control,pretrain,61,routing_persistent_hotspot_cluster2,43,4,2,specimen_transfer:-1x0.05,27de1e0abebb6cf8,ac20a9623b34d1ef,-1,224641.4535806179,2,-0.7067180871963501,3,-0.003051349427551031,3,0.1295698881149292
control,pretrain,61,routing_persistent_hotspot_cluster2,43,4,3,specimen_transfer:+1x0.1,66e7720a18cc1e93,ac20a9623b34d1ef,-1,-882604.3389012814,2,-0.702526330947876,3,0.0013603048864752054,3,0.0949452817440033
control,pretrain,61,routing_persistent_hotspot_cluster2,43,4,4,specimen_transfer:-1x0.1,ba7698333d101acc,ac20a9623b34d1ef,-1,90797.60279405117,2,-0.7077973484992981,3,-0.004521901719272137,3,0.17956988513469696
control,pretrain,61,routing_persistent_hotspot_cluster2,43,remaining,0,mdl2,b86edd2339b85129,ac20a9623b34d1ef,-1,0.0,0,-0.705140233039856,3,-0.0015807980671525002,3,0.07956988364458084
control,pretrain,61,routing_persistent_hotspot_cluster2,43,remaining,1,specimen_transfer:+1x0.05,6acb9e83fba07ebc,ac20a9623b34d1ef,-1,-3523889.218893409,0,-0.7036056518554688,3,-0.0001102462993003428,3,0.069310761988163
control,pretrain,61,routing_persistent_hotspot_cluster2,43,remaining,2,specimen_transfer:-1x0.05,27de1e0abebb6cf8,ac20a9623b34d1ef,-1,-339824.5230062008,0,-0.7067180871963501,3,-0.003051349427551031,3,0.1295698881149292
control,pretrain,61,routing_persistent_hotspot_cluster2,43,remaining,3,specimen_transfer:+1x0.1,66e7720a18cc1e93,ac20a9623b34d1ef,-1,-2328740.730237007,0,-0.702526330947876,3,0.0013603048864752054,3,0.0949452817440033
control,pretrain,61,routing_persistent_hotspot_cluster2,43,remaining,4,specimen_transfer:-1x0.1,ba7698333d101acc,ac20a9623b34d1ef,-1,-871411.9167903662,0,-0.7077973484992981,3,-0.004521901719272137,3,0.17956988513469696
control,pretrain,61,routing_persistent_hotspot_cluster2,51,4,0,mdl2,a2065bd63f61f75a,ed7d39a445b74b95,-1,0.0,4,-0.3548983335494995,3,-0.004166495520621538,3,0.08005516976118088
control,pretrain,61,routing_persistent_hotspot_cluster2,51,4,1,specimen_transfer:+1x0.05,fd0475150eb8f8d9,ed7d39a445b74b95,-1,-1125838.357328236,4,-0.3539172410964966,3,-0.0028499974869191647,3,0.04697824642062187
control,pretrain,61,routing_persistent_hotspot_cluster2,51,4,2,specimen_transfer:-1x0.05,9af95d88e17ca9a9,ed7d39a445b74b95,-1,1274120.5220454931,4,-0.3558136820793152,3,-0.005482993554323912,3,0.11313208937644958
control,pretrain,61,routing_persistent_hotspot_cluster2,51,4,3,specimen_transfer:+1x0.1,f1d6c4d73364ca72,ed7d39a445b74b95,-1,-980149.2634727657,4,-0.35241174697875977,3,-0.0015334994532167912,3,0.07578093558549881
control,pretrain,61,routing_persistent_hotspot_cluster2,51,4,4,specimen_transfer:-1x0.1,570495b6ea3055d0,ed7d39a445b74b95,-1,1570331.0365272313,4,-0.3570237457752228,3,-0.006799491122364998,3,0.15784597396850586
control,pretrain,61,routing_persistent_hotspot_cluster2,51,remaining,0,mdl2,a2065bd63f61f75a,ed7d39a445b74b95,-1,0.0,4,-0.3548983335494995,3,-0.004166495520621538,3,0.08005516976118088
control,pretrain,61,routing_persistent_hotspot_cluster2,51,remaining,1,specimen_transfer:+1x0.05,fd0475150eb8f8d9,ed7d39a445b74b95,-1,-1125838.357328236,4,-0.3539172410964966,3,-0.0028499974869191647,3,0.04697824642062187
control,pretrain,61,routing_persistent_hotspot_cluster2,51,remaining,2,specimen_transfer:-1x0.05,9af95d88e17ca9a9,ed7d39a445b74b95,-1,1274120.5220454931,4,-0.3558136820793152,3,-0.005482993554323912,3,0.11313208937644958
control,pretrain,61,routing_persistent_hotspot_cluster2,51,remaining,3,specimen_transfer:+1x0.1,f1d6c4d73364ca72,ed7d39a445b74b95,-1,-980149.2634727657,4,-0.35241174697875977,3,-0.0015334994532167912,3,0.07578093558549881
control,pretrain,61,routing_persistent_hotspot_cluster2,51,remaining,4,specimen_transfer:-1x0.1,570495b6ea3055d0,ed7d39a445b74b95,-1,1570331.0365272313,4,-0.3570237457752228,3,-0.006799491122364998,3,0.15784597396850586
control,episode25,61,routing_persistent_hotspot_cluster2,0,4,0,mdl2,7e43de2692ab18b0,7e43de2692ab18b0,0,0.0,0,-0.42532235383987427,3,0.0,3,0.0
control,episode25,61,routing_persistent_hotspot_cluster2,0,4,1,specimen_transfer:+1x0.05,b97e5fdbe022c222,7e43de2692ab18b0,0,0.0,0,-0.4241207242012024,3,0.0009976365836337209,3,0.05000000447034836
control,episode25,61,routing_persistent_hotspot_cluster2,0,4,2,specimen_transfer:-1x0.05,97718ff462c710d4,7e43de2692ab18b0,0,0.0,0,-0.4265795350074768,3,-0.0009976365836337209,3,0.05000000447034836
control,episode25,61,routing_persistent_hotspot_cluster2,0,4,3,specimen_transfer:+1x0.1,a38529cdc2c89cad,7e43de2692ab18b0,0,0.0,0,-0.42292726039886475,3,0.0019952731672674417,3,0.10000000149011612
control,episode25,61,routing_persistent_hotspot_cluster2,0,4,4,specimen_transfer:-1x0.1,1b9a3fd1e49ba81e,7e43de2692ab18b0,0,0.0,0,-0.42802995443344116,3,-0.0019952731672674417,3,0.10000000149011612
control,episode25,61,routing_persistent_hotspot_cluster2,0,remaining,0,mdl2,7e43de2692ab18b0,7e43de2692ab18b0,0,0.0,0,-0.42532235383987427,3,0.0,3,0.0
control,episode25,61,routing_persistent_hotspot_cluster2,0,remaining,1,specimen_transfer:+1x0.05,b97e5fdbe022c222,7e43de2692ab18b0,0,0.0,0,-0.4241207242012024,3,0.0009976365836337209,3,0.05000000447034836
control,episode25,61,routing_persistent_hotspot_cluster2,0,remaining,2,specimen_transfer:-1x0.05,97718ff462c710d4,7e43de2692ab18b0,0,0.0,0,-0.4265795350074768,3,-0.0009976365836337209,3,0.05000000447034836
control,episode25,61,routing_persistent_hotspot_cluster2,0,remaining,3,specimen_transfer:+1x0.1,a38529cdc2c89cad,7e43de2692ab18b0,0,0.0,0,-0.42292726039886475,3,0.0019952731672674417,3,0.10000000149011612
control,episode25,61,routing_persistent_hotspot_cluster2,0,remaining,4,specimen_transfer:-1x0.1,1b9a3fd1e49ba81e,7e43de2692ab18b0,0,0.0,0,-0.42802995443344116,3,-0.0019952731672674417,3,0.10000000149011612
control,episode25,61,routing_persistent_hotspot_cluster2,6,4,0,mdl2,98c96b3fe428dace,98c96b3fe428dace,0,0.0,3,-1.650678277015686,4,0.0,4,0.0
control,episode25,61,routing_persistent_hotspot_cluster2,6,4,1,specimen_transfer:+1x0.05,54d07cf24aaee38b,98c96b3fe428dace,0,1746147.2005438358,3,-1.6520586013793945,4,-0.0006886003538966179,4,0.05000000074505806
control,episode25,61,routing_persistent_hotspot_cluster2,6,4,2,specimen_transfer:-1x0.05,0f79c88b71aabb30,98c96b3fe428dace,0,-1431658.9318915755,3,-1.649430274963379,4,0.0006886001210659742,4,0.05000000074505806
control,episode25,61,routing_persistent_hotspot_cluster2,6,4,3,specimen_transfer:+1x0.1,f7a859ba1a1fabec,98c96b3fe428dace,0,2659610.52476497,3,-1.6521828174591064,4,-0.0013772002421319485,4,0.10000000149011612
control,episode25,61,routing_persistent_hotspot_cluster2,6,4,4,specimen_transfer:-1x0.1,bc3202d81a17fea0,98c96b3fe428dace,0,-1016458.2998579293,3,-1.649306058883667,4,0.0013772007077932358,4,0.10000000149011612
control,episode25,61,routing_persistent_hotspot_cluster2,6,remaining,0,mdl2,98c96b3fe428dace,98c96b3fe428dace,0,0.0,0,-1.650678277015686,4,0.0,4,0.0
control,episode25,61,routing_persistent_hotspot_cluster2,6,remaining,1,specimen_transfer:+1x0.05,54d07cf24aaee38b,98c96b3fe428dace,0,-5300203.562452793,0,-1.6520586013793945,4,-0.0006886003538966179,4,0.05000000074505806
control,episode25,61,routing_persistent_hotspot_cluster2,6,remaining,2,specimen_transfer:-1x0.05,0f79c88b71aabb30,98c96b3fe428dace,0,-6240450.904951572,0,-1.649430274963379,4,0.0006886001210659742,4,0.05000000074505806
control,episode25,61,routing_persistent_hotspot_cluster2,6,remaining,3,specimen_transfer:+1x0.1,f7a859ba1a1fabec,98c96b3fe428dace,0,-8498929.875326633,0,-1.6521828174591064,4,-0.0013772002421319485,4,0.10000000149011612
control,episode25,61,routing_persistent_hotspot_cluster2,6,remaining,4,specimen_transfer:-1x0.1,bc3202d81a17fea0,98c96b3fe428dace,0,-6667098.343899727,0,-1.649306058883667,4,0.0013772007077932358,4,0.10000000149011612
control,episode25,61,routing_persistent_hotspot_cluster2,12,4,0,mdl2,5b20f2cf5b1be49b,5b20f2cf5b1be49b,0,0.0,3,-1.5779099464416504,4,0.0,4,0.0
control,episode25,61,routing_persistent_hotspot_cluster2,12,4,1,specimen_transfer:+1x0.05,43366db58b7c622e,5b20f2cf5b1be49b,0,1696443.8426645398,3,-1.5798070430755615,4,-0.001306635793298483,4,0.05000000074505806
control,episode25,61,routing_persistent_hotspot_cluster2,12,4,2,specimen_transfer:-1x0.05,fce3ed919985ba24,5b20f2cf5b1be49b,0,-233993.28628575802,3,-1.5763782262802124,4,0.001306635793298483,4,0.05000000074505806
control,episode25,61,routing_persistent_hotspot_cluster2,12,4,3,specimen_transfer:+1x0.1,8260c51247bbc7e8,5b20f2cf5b1be49b,0,2700537.4736710787,3,-1.580993890762329,4,-0.002613271353766322,4,0.10000000149011612
control,episode25,61,routing_persistent_hotspot_cluster2,12,4,4,specimen_transfer:-1x0.1,0d32f0541b5e7e90,5b20f2cf5b1be49b,0,434957.91516923904,3,-1.5750588178634644,4,0.002613272052258253,4,0.10000000149011612
control,episode25,61,routing_persistent_hotspot_cluster2,12,remaining,0,mdl2,5b20f2cf5b1be49b,5b20f2cf5b1be49b,0,0.0,0,-1.5779099464416504,4,0.0,4,0.0
control,episode25,61,routing_persistent_hotspot_cluster2,12,remaining,1,specimen_transfer:+1x0.05,43366db58b7c622e,5b20f2cf5b1be49b,0,-7023734.607584,0,-1.5798070430755615,4,-0.001306635793298483,4,0.05000000074505806
control,episode25,61,routing_persistent_hotspot_cluster2,12,remaining,2,specimen_transfer:-1x0.05,fce3ed919985ba24,5b20f2cf5b1be49b,0,-2407253.662370205,0,-1.5763782262802124,4,0.001306635793298483,4,0.05000000074505806
control,episode25,61,routing_persistent_hotspot_cluster2,12,remaining,3,specimen_transfer:+1x0.1,8260c51247bbc7e8,5b20f2cf5b1be49b,0,-6232411.219634533,0,-1.580993890762329,4,-0.002613271353766322,4,0.10000000149011612
control,episode25,61,routing_persistent_hotspot_cluster2,12,remaining,4,specimen_transfer:-1x0.1,0d32f0541b5e7e90,5b20f2cf5b1be49b,0,-427934.446518898,0,-1.5750588178634644,4,0.002613272052258253,4,0.10000000149011612
control,episode25,61,routing_persistent_hotspot_cluster2,18,4,0,mdl2,132e090317a818dc,f7730751af51fc26,-1,0.0,3,-1.7236714363098145,4,0.001015247544273734,4,0.01984441466629505
control,episode25,61,routing_persistent_hotspot_cluster2,18,4,1,specimen_transfer:+1x0.05,34b59344c7b71b15,f7730751af51fc26,-1,345171.1501045525,3,-1.726298451423645,4,-0.0015348801389336586,4,0.036603398621082306
control,episode25,61,routing_persistent_hotspot_cluster2,18,4,2,specimen_transfer:-1x0.05,d1e3e6bad33c9581,f7730751af51fc26,-1,-1166056.687234193,3,-1.7209093570709229,4,0.0035653754603117704,4,0.06449409574270248
control,episode25,61,routing_persistent_hotspot_cluster2,18,4,3,specimen_transfer:+1x0.1,cc3fc4715c1b375e,f7730751af51fc26,-1,1274034.333469957,3,-1.7294013500213623,4,-0.00408500712364912,4,0.085505910217762
control,episode25,61,routing_persistent_hotspot_cluster2,18,4,4,specimen_transfer:-1x0.1,4fb7bb7edc2125f8,f7730751af51fc26,-1,-1449730.5976397991,3,-1.7182523012161255,4,0.0061155022121965885,4,0.11449409276247025
control,episode25,61,routing_persistent_hotspot_cluster2,18,remaining,0,mdl2,132e090317a818dc,f7730751af51fc26,-1,0.0,2,-1.7236714363098145,4,0.001015247544273734,4,0.01984441466629505
control,episode25,61,routing_persistent_hotspot_cluster2,18,remaining,1,specimen_transfer:+1x0.05,34b59344c7b71b15,f7730751af51fc26,-1,597084.8204336166,2,-1.726298451423645,4,-0.0015348801389336586,4,0.036603398621082306
control,episode25,61,routing_persistent_hotspot_cluster2,18,remaining,2,specimen_transfer:-1x0.05,d1e3e6bad33c9581,f7730751af51fc26,-1,1643857.7732179165,2,-1.7209093570709229,4,0.0035653754603117704,4,0.06449409574270248
control,episode25,61,routing_persistent_hotspot_cluster2,18,remaining,3,specimen_transfer:+1x0.1,cc3fc4715c1b375e,f7730751af51fc26,-1,-134894.62226343155,2,-1.7294013500213623,4,-0.00408500712364912,4,0.085505910217762
control,episode25,61,routing_persistent_hotspot_cluster2,18,remaining,4,specimen_transfer:-1x0.1,4fb7bb7edc2125f8,f7730751af51fc26,-1,823627.0352666378,2,-1.7182523012161255,4,0.0061155022121965885,4,0.11449409276247025
control,episode25,61,routing_persistent_hotspot_cluster2,25,4,0,mdl2,e066899939fc982e,e066899939fc982e,0,0.0,3,-1.636346459388733,4,0.0,4,0.0
control,episode25,61,routing_persistent_hotspot_cluster2,25,4,1,specimen_transfer:+1x0.05,54d6330aefbec110,e066899939fc982e,0,915908.136139363,3,-1.6387895345687866,4,-0.0026359069161117077,4,0.05000000074505806
control,episode25,61,routing_persistent_hotspot_cluster2,25,4,2,specimen_transfer:-1x0.05,9fe64ccf81d7073c,e066899939fc982e,0,-2182060.8800405264,3,-1.63283109664917,4,0.0026359069161117077,4,0.05000000074505806
control,episode25,61,routing_persistent_hotspot_cluster2,25,4,3,specimen_transfer:+1x0.1,5d0c14bdc81772ca,e066899939fc982e,0,3222004.660843432,3,-1.6406762599945068,4,-0.005271813832223415,4,0.10000000149011612
control,episode25,61,routing_persistent_hotspot_cluster2,25,4,4,specimen_transfer:-1x0.1,534ed743ccca1b83,e066899939fc982e,0,-3194661.2184571624,3,-1.6303484439849854,4,0.005271813832223415,4,0.10000000149011612
control,episode25,61,routing_persistent_hotspot_cluster2,25,remaining,0,mdl2,e066899939fc982e,e066899939fc982e,0,0.0,3,-1.636346459388733,4,0.0,4,0.0
control,episode25,61,routing_persistent_hotspot_cluster2,25,remaining,1,specimen_transfer:+1x0.05,54d6330aefbec110,e066899939fc982e,0,731323.4265756607,3,-1.6387895345687866,4,-0.0026359069161117077,4,0.05000000074505806
control,episode25,61,routing_persistent_hotspot_cluster2,25,remaining,2,specimen_transfer:-1x0.05,9fe64ccf81d7073c,e066899939fc982e,0,1326020.3791983128,3,-1.63283109664917,4,0.0026359069161117077,4,0.05000000074505806
control,episode25,61,routing_persistent_hotspot_cluster2,25,remaining,3,specimen_transfer:+1x0.1,5d0c14bdc81772ca,e066899939fc982e,0,4668715.758307457,3,-1.6406762599945068,4,-0.005271813832223415,4,0.10000000149011612
control,episode25,61,routing_persistent_hotspot_cluster2,25,remaining,4,specimen_transfer:-1x0.1,534ed743ccca1b83,e066899939fc982e,0,3349584.581875801,3,-1.6303484439849854,4,0.005271813832223415,4,0.10000000149011612
control,episode25,61,routing_persistent_hotspot_cluster2,31,4,0,mdl2,d300049ac714cf36,f77c1710c3817917,-1,0.0,3,-0.8304392099380493,3,-0.003953599836677313,3,0.04272870346903801
control,episode25,61,routing_persistent_hotspot_cluster2,31,4,1,specimen_transfer:+1x0.05,253dcb7e8e719f76,f77c1710c3817917,-1,1663585.9106191099,3,-0.828995406627655,3,-0.001559603027999401,3,0.023289771750569344
control,episode25,61,routing_persistent_hotspot_cluster2,31,4,2,specimen_transfer:-1x0.05,20dc6c75fc5fdbe0,f77c1710c3817917,-1,-4189665.0148768425,3,-0.8324428200721741,3,-0.006347596645355225,3,0.0799376517534256
control,episode25,61,routing_persistent_hotspot_cluster2,31,4,3,specimen_transfer:+1x0.1,f726da848e3bd64b,f77c1710c3817917,-1,4035474.098065108,3,-0.8262255191802979,3,0.0008343922672793269,3,0.07006234675645828
control,episode25,61,routing_persistent_hotspot_cluster2,31,4,4,specimen_transfer:-1x0.1,bc0531d271a6d6f6,f77c1710c3817917,-1,-5078170.638617516,3,-0.8326504230499268,3,-0.00874158926308155,3,0.12993764877319336
control,episode25,61,routing_persistent_hotspot_cluster2,31,remaining,0,mdl2,d300049ac714cf36,f77c1710c3817917,-1,0.0,4,-0.8304392099380493,3,-0.003953599836677313,3,0.04272870346903801
control,episode25,61,routing_persistent_hotspot_cluster2,31,remaining,1,specimen_transfer:+1x0.05,253dcb7e8e719f76,f77c1710c3817917,-1,1936256.3896081448,4,-0.828995406627655,3,-0.001559603027999401,3,0.023289771750569344
control,episode25,61,routing_persistent_hotspot_cluster2,31,remaining,2,specimen_transfer:-1x0.05,20dc6c75fc5fdbe0,f77c1710c3817917,-1,2759312.4987185,4,-0.8324428200721741,3,-0.006347596645355225,3,0.0799376517534256
control,episode25,61,routing_persistent_hotspot_cluster2,31,remaining,3,specimen_transfer:+1x0.1,f726da848e3bd64b,f77c1710c3817917,-1,4738488.626751661,4,-0.8262255191802979,3,0.0008343922672793269,3,0.07006234675645828
control,episode25,61,routing_persistent_hotspot_cluster2,31,remaining,4,specimen_transfer:-1x0.1,bc0531d271a6d6f6,f77c1710c3817917,-1,6308532.362659931,4,-0.8326504230499268,3,-0.00874158926308155,3,0.12993764877319336
control,episode25,61,routing_persistent_hotspot_cluster2,37,4,0,mdl2,1cc751d2994b65e1,c58db5e3f0ae50d4,-1,0.0,0,-0.6895681619644165,3,-0.008960593491792679,3,0.06306706368923187
control,episode25,61,routing_persistent_hotspot_cluster2,37,4,1,specimen_transfer:+1x0.05,d6c373264d6fc224,c58db5e3f0ae50d4,-1,-110517.0399979055,0,-0.6854301691055298,3,-0.003997699823230505,3,0.027746085077524185
control,episode25,61,routing_persistent_hotspot_cluster2,37,4,2,specimen_transfer:-1x0.05,3fe5f60e5b24dca5,c58db5e3f0ae50d4,-1,-826304.6871368885,0,-0.6932461261749268,3,-0.013923486694693565,3,0.11306706070899963
control,episode25,61,routing_persistent_hotspot_cluster2,37,4,3,specimen_transfer:+1x0.1,3b165a06db3f41b7,c58db5e3f0ae50d4,-1,-110517.0399979055,0,-0.6809186935424805,3,0.0009651938453316689,3,0.054208289831876755
control,episode25,61,routing_persistent_hotspot_cluster2,37,4,4,specimen_transfer:-1x0.1,b134dee64e436c21,c58db5e3f0ae50d4,-1,-826304.6871368885,0,-0.6963800191879272,3,-0.0188863817602396,3,0.1630670726299286
control,episode25,61,routing_persistent_hotspot_cluster2,37,remaining,0,mdl2,1cc751d2994b65e1,c58db5e3f0ae50d4,-1,0.0,2,-0.6895681619644165,3,-0.008960593491792679,3,0.06306706368923187
control,episode25,61,routing_persistent_hotspot_cluster2,37,remaining,1,specimen_transfer:+1x0.05,d6c373264d6fc224,c58db5e3f0ae50d4,-1,-1229415.740502596,2,-0.6854301691055298,3,-0.003997699823230505,3,0.027746085077524185
control,episode25,61,routing_persistent_hotspot_cluster2,37,remaining,2,specimen_transfer:-1x0.05,3fe5f60e5b24dca5,c58db5e3f0ae50d4,-1,1066708.8816514015,2,-0.6932461261749268,3,-0.013923486694693565,3,0.11306706070899963
control,episode25,61,routing_persistent_hotspot_cluster2,37,remaining,3,specimen_transfer:+1x0.1,3b165a06db3f41b7,c58db5e3f0ae50d4,-1,-1229415.740502596,2,-0.6809186935424805,3,0.0009651938453316689,3,0.054208289831876755
control,episode25,61,routing_persistent_hotspot_cluster2,37,remaining,4,specimen_transfer:-1x0.1,b134dee64e436c21,c58db5e3f0ae50d4,-1,1066708.8816514015,2,-0.6963800191879272,3,-0.0188863817602396,3,0.1630670726299286
control,episode25,61,routing_persistent_hotspot_cluster2,43,4,0,mdl2,b86edd2339b85129,4c599c4aa5cc6152,-1,0.0,2,-0.5156031847000122,3,-0.0015788282034918666,3,0.07972591370344162
control,episode25,61,routing_persistent_hotspot_cluster2,43,4,1,specimen_transfer:+1x0.05,6acb9e83fba07ebc,4c599c4aa5cc6152,-1,-783098.7707513571,2,-0.513882040977478,3,1.9167782738804817e-07,3,0.06974470615386963
control,episode25,61,routing_persistent_hotspot_cluster2,43,4,2,specimen_transfer:-1x0.05,27de1e0abebb6cf8,4c599c4aa5cc6152,-1,224641.4535806179,2,-0.5173719525337219,3,-0.0031578480266034603,3,0.12972591817378998
control,episode25,61,routing_persistent_hotspot_cluster2,43,4,3,specimen_transfer:+1x0.1,66e7720a18cc1e93,4c599c4aa5cc6152,-1,-882604.3389012814,2,-0.5129131078720093,3,0.00157921074423939,3,0.09537922590970993
control,episode25,61,routing_persistent_hotspot_cluster2,43,4,4,specimen_transfer:-1x0.1,ba7698333d101acc,4c599c4aa5cc6152,-1,90797.60279405117,2,-0.5184259414672852,3,-0.004736867267638445,3,0.17972591519355774
control,episode25,61,routing_persistent_hotspot_cluster2,43,remaining,0,mdl2,b86edd2339b85129,4c599c4aa5cc6152,-1,0.0,0,-0.5156031847000122,3,-0.0015788282034918666,3,0.07972591370344162
control,episode25,61,routing_persistent_hotspot_cluster2,43,remaining,1,specimen_transfer:+1x0.05,6acb9e83fba07ebc,4c599c4aa5cc6152,-1,-3523889.218893409,0,-0.513882040977478,3,1.9167782738804817e-07,3,0.06974470615386963
control,episode25,61,routing_persistent_hotspot_cluster2,43,remaining,2,specimen_transfer:-1x0.05,27de1e0abebb6cf8,4c599c4aa5cc6152,-1,-339824.5230062008,0,-0.5173719525337219,3,-0.0031578480266034603,3,0.12972591817378998
control,episode25,61,routing_persistent_hotspot_cluster2,43,remaining,3,specimen_transfer:+1x0.1,66e7720a18cc1e93,4c599c4aa5cc6152,-1,-2328740.730237007,0,-0.5129131078720093,3,0.00157921074423939,3,0.09537922590970993
control,episode25,61,routing_persistent_hotspot_cluster2,43,remaining,4,specimen_transfer:-1x0.1,ba7698333d101acc,4c599c4aa5cc6152,-1,-871411.9167903662,0,-0.5184259414672852,3,-0.004736867267638445,3,0.17972591519355774
control,episode25,61,routing_persistent_hotspot_cluster2,51,4,0,mdl2,a2065bd63f61f75a,ed7d39a445b74b95,-1,0.0,4,-0.08706320077180862,3,-0.007508912123739719,3,0.08009396493434906
control,episode25,61,routing_persistent_hotspot_cluster2,51,4,1,specimen_transfer:+1x0.05,fd0475150eb8f8d9,ed7d39a445b74b95,-1,-1125838.357328236,4,-0.08082117885351181,3,-0.002602171618491411,3,0.047017041593790054
control,episode25,61,routing_persistent_hotspot_cluster2,51,4,2,specimen_transfer:-1x0.05,9af95d88e17ca9a9,ed7d39a445b74b95,-1,1274120.5220454931,4,-0.0938471332192421,3,-0.01241565402597189,3,0.11317089200019836
control,episode25,61,routing_persistent_hotspot_cluster2,51,4,3,specimen_transfer:+1x0.1,f1d6c4d73364ca72,ed7d39a445b74b95,-1,-980149.2634727657,4,-0.0755586251616478,3,0.0023045693524181843,3,0.07560472190380096
control,episode25,61,routing_persistent_hotspot_cluster2,51,4,4,specimen_transfer:-1x0.1,570495b6ea3055d0,ed7d39a445b74b95,-1,1570331.0365272313,4,-0.10091355443000793,3,-0.017322393134236336,3,0.15803943574428558
control,episode25,61,routing_persistent_hotspot_cluster2,51,remaining,0,mdl2,a2065bd63f61f75a,ed7d39a445b74b95,-1,0.0,4,-0.08706320077180862,3,-0.007508912123739719,3,0.08009396493434906
control,episode25,61,routing_persistent_hotspot_cluster2,51,remaining,1,specimen_transfer:+1x0.05,fd0475150eb8f8d9,ed7d39a445b74b95,-1,-1125838.357328236,4,-0.08082117885351181,3,-0.002602171618491411,3,0.047017041593790054
control,episode25,61,routing_persistent_hotspot_cluster2,51,remaining,2,specimen_transfer:-1x0.05,9af95d88e17ca9a9,ed7d39a445b74b95,-1,1274120.5220454931,4,-0.0938471332192421,3,-0.01241565402597189,3,0.11317089200019836
control,episode25,61,routing_persistent_hotspot_cluster2,51,remaining,3,specimen_transfer:+1x0.1,f1d6c4d73364ca72,ed7d39a445b74b95,-1,-980149.2634727657,4,-0.0755586251616478,3,0.0023045693524181843,3,0.07560472190380096
control,episode25,61,routing_persistent_hotspot_cluster2,51,remaining,4,specimen_transfer:-1x0.1,570495b6ea3055d0,ed7d39a445b74b95,-1,1570331.0365272313,4,-0.10091355443000793,3,-0.017322393134236336,3,0.15803943574428558
control,final,61,routing_persistent_hotspot_cluster2,0,4,0,mdl2,7e43de2692ab18b0,7e43de2692ab18b0,0,0.0,0,-0.34244900941848755,4,0.0,4,0.0
control,final,61,routing_persistent_hotspot_cluster2,0,4,1,specimen_transfer:+1x0.05,b97e5fdbe022c222,7e43de2692ab18b0,0,0.0,0,-0.3429040014743805,4,-0.003752443939447403,4,0.05000000447034836
control,final,61,routing_persistent_hotspot_cluster2,0,4,2,specimen_transfer:-1x0.05,97718ff462c710d4,7e43de2692ab18b0,0,0.0,0,-0.33943167328834534,4,0.003752443939447403,4,0.05000000447034836
control,final,61,routing_persistent_hotspot_cluster2,0,4,3,specimen_transfer:+1x0.1,a38529cdc2c89cad,7e43de2692ab18b0,0,0.0,0,-0.3414668142795563,4,-0.0075048841536045074,4,0.10000000149011612
control,final,61,routing_persistent_hotspot_cluster2,0,4,4,specimen_transfer:-1x0.1,1b9a3fd1e49ba81e,7e43de2692ab18b0,0,0.0,0,-0.33566680550575256,4,0.007504895329475403,4,0.10000000149011612
control,final,61,routing_persistent_hotspot_cluster2,0,remaining,0,mdl2,7e43de2692ab18b0,7e43de2692ab18b0,0,0.0,0,-0.34244900941848755,4,0.0,4,0.0
control,final,61,routing_persistent_hotspot_cluster2,0,remaining,1,specimen_transfer:+1x0.05,b97e5fdbe022c222,7e43de2692ab18b0,0,0.0,0,-0.3429040014743805,4,-0.003752443939447403,4,0.05000000447034836
control,final,61,routing_persistent_hotspot_cluster2,0,remaining,2,specimen_transfer:-1x0.05,97718ff462c710d4,7e43de2692ab18b0,0,0.0,0,-0.33943167328834534,4,0.003752443939447403,4,0.05000000447034836
control,final,61,routing_persistent_hotspot_cluster2,0,remaining,3,specimen_transfer:+1x0.1,a38529cdc2c89cad,7e43de2692ab18b0,0,0.0,0,-0.3414668142795563,4,-0.0075048841536045074,4,0.10000000149011612
control,final,61,routing_persistent_hotspot_cluster2,0,remaining,4,specimen_transfer:-1x0.1,1b9a3fd1e49ba81e,7e43de2692ab18b0,0,0.0,0,-0.33566680550575256,4,0.007504895329475403,4,0.10000000149011612
control,final,61,routing_persistent_hotspot_cluster2,6,4,0,mdl2,98c96b3fe428dace,98c96b3fe428dace,0,0.0,3,-1.6295467615127563,3,0.0,3,0.0
control,final,61,routing_persistent_hotspot_cluster2,6,4,1,specimen_transfer:+1x0.05,54d07cf24aaee38b,98c96b3fe428dace,0,1746147.2005438358,3,-1.62874436378479,3,0.0023929006420075893,3,0.05000000074505806
control,final,61,routing_persistent_hotspot_cluster2,6,4,2,specimen_transfer:-1x0.05,0f79c88b71aabb30,98c96b3fe428dace,0,-1431658.9318915755,3,-1.631798505783081,3,-0.0023929006420075893,3,0.05000000074505806
control,final,61,routing_persistent_hotspot_cluster2,6,4,3,specimen_transfer:+1x0.1,f7a859ba1a1fabec,98c96b3fe428dace,0,2659610.52476497,3,-1.626835584640503,3,0.004785801284015179,3,0.10000000149011612
control,final,61,routing_persistent_hotspot_cluster2,6,4,4,specimen_transfer:-1x0.1,bc3202d81a17fea0,98c96b3fe428dace,0,-1016458.2998579293,3,-1.6341557502746582,3,-0.004785801284015179,3,0.10000000149011612
control,final,61,routing_persistent_hotspot_cluster2,6,remaining,0,mdl2,98c96b3fe428dace,98c96b3fe428dace,0,0.0,0,-1.6295467615127563,3,0.0,3,0.0
control,final,61,routing_persistent_hotspot_cluster2,6,remaining,1,specimen_transfer:+1x0.05,54d07cf24aaee38b,98c96b3fe428dace,0,-5300203.562452793,0,-1.62874436378479,3,0.0023929006420075893,3,0.05000000074505806
control,final,61,routing_persistent_hotspot_cluster2,6,remaining,2,specimen_transfer:-1x0.05,0f79c88b71aabb30,98c96b3fe428dace,0,-6240450.904951572,0,-1.631798505783081,3,-0.0023929006420075893,3,0.05000000074505806
control,final,61,routing_persistent_hotspot_cluster2,6,remaining,3,specimen_transfer:+1x0.1,f7a859ba1a1fabec,98c96b3fe428dace,0,-8498929.875326633,0,-1.626835584640503,3,0.004785801284015179,3,0.10000000149011612
control,final,61,routing_persistent_hotspot_cluster2,6,remaining,4,specimen_transfer:-1x0.1,bc3202d81a17fea0,98c96b3fe428dace,0,-6667098.343899727,0,-1.6341557502746582,3,-0.004785801284015179,3,0.10000000149011612
control,final,61,routing_persistent_hotspot_cluster2,12,4,0,mdl2,5b20f2cf5b1be49b,5b20f2cf5b1be49b,0,0.0,3,-1.4808566570281982,4,0.0,3,0.0
control,final,61,routing_persistent_hotspot_cluster2,12,4,1,specimen_transfer:+1x0.05,43366db58b7c622e,5b20f2cf5b1be49b,0,1696443.8426645398,3,-1.4808986186981201,4,0.00024694320745766163,3,0.05000000074505806
control,final,61,routing_persistent_hotspot_cluster2,12,4,2,specimen_transfer:-1x0.05,fce3ed919985ba24,5b20f2cf5b1be49b,0,-233993.28628575802,3,-1.480924129486084,4,-0.00024694332387298346,3,0.05000000074505806
control,final,61,routing_persistent_hotspot_cluster2,12,4,3,specimen_transfer:+1x0.1,8260c51247bbc7e8,5b20f2cf5b1be49b,0,2700537.4736710787,3,-1.4828405380249023,4,0.0004938864149153233,3,0.10000000149011612
control,final,61,routing_persistent_hotspot_cluster2,12,4,4,specimen_transfer:-1x0.1,0d32f0541b5e7e90,5b20f2cf5b1be49b,0,434957.91516923904,3,-1.4801032543182373,4,-0.0004938864149153233,3,0.10000000149011612
control,final,61,routing_persistent_hotspot_cluster2,12,remaining,0,mdl2,5b20f2cf5b1be49b,5b20f2cf5b1be49b,0,0.0,0,-1.4808566570281982,4,0.0,3,0.0
control,final,61,routing_persistent_hotspot_cluster2,12,remaining,1,specimen_transfer:+1x0.05,43366db58b7c622e,5b20f2cf5b1be49b,0,-7023734.607584,0,-1.4808986186981201,4,0.00024694320745766163,3,0.05000000074505806
control,final,61,routing_persistent_hotspot_cluster2,12,remaining,2,specimen_transfer:-1x0.05,fce3ed919985ba24,5b20f2cf5b1be49b,0,-2407253.662370205,0,-1.480924129486084,4,-0.00024694332387298346,3,0.05000000074505806
control,final,61,routing_persistent_hotspot_cluster2,12,remaining,3,specimen_transfer:+1x0.1,8260c51247bbc7e8,5b20f2cf5b1be49b,0,-6232411.219634533,0,-1.4828405380249023,4,0.0004938864149153233,3,0.10000000149011612
control,final,61,routing_persistent_hotspot_cluster2,12,remaining,4,specimen_transfer:-1x0.1,0d32f0541b5e7e90,5b20f2cf5b1be49b,0,-427934.446518898,0,-1.4801032543182373,4,-0.0004938864149153233,3,0.10000000149011612
control,final,61,routing_persistent_hotspot_cluster2,18,4,0,mdl2,132e090317a818dc,f7730751af51fc26,-1,0.0,3,-1.4224772453308105,4,0.0011413099709898233,4,0.019664274528622627
control,final,61,routing_persistent_hotspot_cluster2,18,4,1,specimen_transfer:+1x0.05,34b59344c7b71b15,f7730751af51fc26,-1,345171.1501045525,3,-1.4246069192886353,4,-0.0008232834516093135,4,0.03643877059221268
control,final,61,routing_persistent_hotspot_cluster2,18,4,2,specimen_transfer:-1x0.05,d1e3e6bad33c9581,f7730751af51fc26,-1,-1166056.687234193,3,-1.4207689762115479,4,0.0031059037428349257,4,0.06463700532913208
control,final,61,routing_persistent_hotspot_cluster2,18,4,3,specimen_transfer:+1x0.1,cc3fc4715c1b375e,f7730751af51fc26,-1,1274034.333469957,3,-1.4276654720306396,4,-0.002787877805531025,4,0.0853629931807518
control,final,61,routing_persistent_hotspot_cluster2,18,4,4,specimen_transfer:-1x0.1,4fb7bb7edc2125f8,f7730751af51fc26,-1,-1449730.5976397991,3,-1.4180549383163452,4,0.005070497281849384,4,0.11463700979948044
control,final,61,routing_persistent_hotspot_cluster2,18,remaining,0,mdl2,132e090317a818dc,f7730751af51fc26,-1,0.0,2,-1.4224772453308105,4,0.0011413099709898233,4,0.019664274528622627
control,final,61,routing_persistent_hotspot_cluster2,18,remaining,1,specimen_transfer:+1x0.05,34b59344c7b71b15,f7730751af51fc26,-1,597084.8204336166,2,-1.4246069192886353,4,-0.0008232834516093135,4,0.03643877059221268
control,final,61,routing_persistent_hotspot_cluster2,18,remaining,2,specimen_transfer:-1x0.05,d1e3e6bad33c9581,f7730751af51fc26,-1,1643857.7732179165,2,-1.4207689762115479,4,0.0031059037428349257,4,0.06463700532913208
control,final,61,routing_persistent_hotspot_cluster2,18,remaining,3,specimen_transfer:+1x0.1,cc3fc4715c1b375e,f7730751af51fc26,-1,-134894.62226343155,2,-1.4276654720306396,4,-0.002787877805531025,4,0.0853629931807518
control,final,61,routing_persistent_hotspot_cluster2,18,remaining,4,specimen_transfer:-1x0.1,4fb7bb7edc2125f8,f7730751af51fc26,-1,823627.0352666378,2,-1.4180549383163452,4,0.005070497281849384,4,0.11463700979948044
control,final,61,routing_persistent_hotspot_cluster2,25,4,0,mdl2,e066899939fc982e,e066899939fc982e,0,0.0,3,-1.232762098312378,4,0.0,4,0.0
control,final,61,routing_persistent_hotspot_cluster2,25,4,1,specimen_transfer:+1x0.05,54d6330aefbec110,e066899939fc982e,0,915908.136139363,3,-1.2340728044509888,4,-0.0014904923737049103,4,0.05000000074505806
control,final,61,routing_persistent_hotspot_cluster2,25,4,2,specimen_transfer:-1x0.05,9fe64ccf81d7073c,e066899939fc982e,0,-2182060.8800405264,3,-1.2312012910842896,4,0.001490492606535554,4,0.05000000074505806
control,final,61,routing_persistent_hotspot_cluster2,25,4,3,specimen_transfer:+1x0.1,5d0c14bdc81772ca,e066899939fc982e,0,3222004.660843432,3,-1.2354464530944824,4,-0.0029809847474098206,4,0.10000000149011612
control,final,61,routing_persistent_hotspot_cluster2,25,4,4,specimen_transfer:-1x0.1,534ed743ccca1b83,e066899939fc982e,0,-3194661.2184571624,3,-1.229884386062622,4,0.002980984980240464,4,0.10000000149011612
control,final,61,routing_persistent_hotspot_cluster2,25,remaining,0,mdl2,e066899939fc982e,e066899939fc982e,0,0.0,3,-1.232762098312378,4,0.0,4,0.0
control,final,61,routing_persistent_hotspot_cluster2,25,remaining,1,specimen_transfer:+1x0.05,54d6330aefbec110,e066899939fc982e,0,731323.4265756607,3,-1.2340728044509888,4,-0.0014904923737049103,4,0.05000000074505806
control,final,61,routing_persistent_hotspot_cluster2,25,remaining,2,specimen_transfer:-1x0.05,9fe64ccf81d7073c,e066899939fc982e,0,1326020.3791983128,3,-1.2312012910842896,4,0.001490492606535554,4,0.05000000074505806
control,final,61,routing_persistent_hotspot_cluster2,25,remaining,3,specimen_transfer:+1x0.1,5d0c14bdc81772ca,e066899939fc982e,0,4668715.758307457,3,-1.2354464530944824,4,-0.0029809847474098206,4,0.10000000149011612
control,final,61,routing_persistent_hotspot_cluster2,25,remaining,4,specimen_transfer:-1x0.1,534ed743ccca1b83,e066899939fc982e,0,3349584.581875801,3,-1.229884386062622,4,0.002980984980240464,4,0.10000000149011612
control,final,61,routing_persistent_hotspot_cluster2,31,4,0,mdl2,d300049ac714cf36,f77c1710c3817917,-1,0.0,3,-0.8081185221672058,3,-6.1846221797168255e-06,3,0.04253469407558441
control,final,61,routing_persistent_hotspot_cluster2,31,4,1,specimen_transfer:+1x0.05,253dcb7e8e719f76,f77c1710c3817917,-1,1663585.9106191099,3,-0.8075138926506042,3,0.0007011269917711616,3,0.023114562034606934
control,final,61,routing_persistent_hotspot_cluster2,31,4,2,specimen_transfer:-1x0.05,20dc6c75fc5fdbe0,f77c1710c3817917,-1,-4189665.0148768425,3,-0.8089310526847839,3,-0.0007134962361305952,3,0.07975151389837265
control,final,61,routing_persistent_hotspot_cluster2,31,4,3,specimen_transfer:+1x0.1,f726da848e3bd64b,f77c1710c3817917,-1,4035474.098065108,3,-0.806873619556427,3,0.0014084391295909882,3,0.07024848461151123
control,final,61,routing_persistent_hotspot_cluster2,31,4,4,specimen_transfer:-1x0.1,bc0531d271a6d6f6,f77c1710c3817917,-1,-5078170.638617516,3,-0.8097962141036987,3,-0.0014208080247044563,3,0.129751518368721
control,final,61,routing_persistent_hotspot_cluster2,31,remaining,0,mdl2,d300049ac714cf36,f77c1710c3817917,-1,0.0,4,-0.8081185221672058,3,-6.1846221797168255e-06,3,0.04253469407558441
control,final,61,routing_persistent_hotspot_cluster2,31,remaining,1,specimen_transfer:+1x0.05,253dcb7e8e719f76,f77c1710c3817917,-1,1936256.3896081448,4,-0.8075138926506042,3,0.0007011269917711616,3,0.023114562034606934
control,final,61,routing_persistent_hotspot_cluster2,31,remaining,2,specimen_transfer:-1x0.05,20dc6c75fc5fdbe0,f77c1710c3817917,-1,2759312.4987185,4,-0.8089310526847839,3,-0.0007134962361305952,3,0.07975151389837265
control,final,61,routing_persistent_hotspot_cluster2,31,remaining,3,specimen_transfer:+1x0.1,f726da848e3bd64b,f77c1710c3817917,-1,4738488.626751661,4,-0.806873619556427,3,0.0014084391295909882,3,0.07024848461151123
control,final,61,routing_persistent_hotspot_cluster2,31,remaining,4,specimen_transfer:-1x0.1,bc0531d271a6d6f6,f77c1710c3817917,-1,6308532.362659931,4,-0.8097962141036987,3,-0.0014208080247044563,3,0.129751518368721
control,final,61,routing_persistent_hotspot_cluster2,37,4,0,mdl2,1cc751d2994b65e1,004ed8ae0e6b3865,-1,0.0,0,-0.706670343875885,3,-0.005302014760673046,3,0.06281296163797379
control,final,61,routing_persistent_hotspot_cluster2,37,4,1,specimen_transfer:+1x0.05,d6c373264d6fc224,004ed8ae0e6b3865,-1,-110517.0399979055,0,-0.7038224339485168,3,-0.002249716082587838,3,0.02754378877580166
control,final,61,routing_persistent_hotspot_cluster2,37,4,2,specimen_transfer:-1x0.05,3fe5f60e5b24dca5,004ed8ae0e6b3865,-1,-826304.6871368885,0,-0.7093948125839233,3,-0.008354313671588898,3,0.11281296610832214
control,final,61,routing_persistent_hotspot_cluster2,37,4,3,specimen_transfer:+1x0.1,3b165a06db3f41b7,004ed8ae0e6b3865,-1,-110517.0399979055,0,-0.7011428475379944,3,0.0008025825954973698,3,0.05430026352405548
control,final,61,routing_persistent_hotspot_cluster2,37,4,4,specimen_transfer:-1x0.1,b134dee64e436c21,004ed8ae0e6b3865,-1,-826304.6871368885,0,-0.7118929028511047,3,-0.01140661258250475,3,0.1628129631280899
control,final,61,routing_persistent_hotspot_cluster2,37,remaining,0,mdl2,1cc751d2994b65e1,004ed8ae0e6b3865,-1,0.0,2,-0.706670343875885,3,-0.005302014760673046,3,0.06281296163797379
control,final,61,routing_persistent_hotspot_cluster2,37,remaining,1,specimen_transfer:+1x0.05,d6c373264d6fc224,004ed8ae0e6b3865,-1,-1229415.740502596,2,-0.7038224339485168,3,-0.002249716082587838,3,0.02754378877580166
control,final,61,routing_persistent_hotspot_cluster2,37,remaining,2,specimen_transfer:-1x0.05,3fe5f60e5b24dca5,004ed8ae0e6b3865,-1,1066708.8816514015,2,-0.7093948125839233,3,-0.008354313671588898,3,0.11281296610832214
control,final,61,routing_persistent_hotspot_cluster2,37,remaining,3,specimen_transfer:+1x0.1,3b165a06db3f41b7,004ed8ae0e6b3865,-1,-1229415.740502596,2,-0.7011428475379944,3,0.0008025825954973698,3,0.05430026352405548
control,final,61,routing_persistent_hotspot_cluster2,37,remaining,4,specimen_transfer:-1x0.1,b134dee64e436c21,004ed8ae0e6b3865,-1,1066708.8816514015,2,-0.7118929028511047,3,-0.01140661258250475,3,0.1628129631280899
control,final,61,routing_persistent_hotspot_cluster2,43,4,0,mdl2,b86edd2339b85129,250f44907cff4eef,-1,0.0,2,-0.42290887236595154,3,-0.0018189887050539255,3,0.07926832884550095
control,final,61,routing_persistent_hotspot_cluster2,43,4,1,specimen_transfer:+1x0.05,6acb9e83fba07ebc,250f44907cff4eef,-1,-783098.7707513571,2,-0.42048245668411255,3,0.0008135610842145979,3,0.07021254301071167
control,final,61,routing_persistent_hotspot_cluster2,43,4,2,specimen_transfer:-1x0.05,27de1e0abebb6cf8,250f44907cff4eef,-1,224641.4535806179,2,-0.4254266321659088,3,-0.004451539367437363,3,0.1292683333158493
control,final,61,routing_persistent_hotspot_cluster2,43,4,3,specimen_transfer:+1x0.1,66e7720a18cc1e93,250f44907cff4eef,-1,-882604.3389012814,2,-0.41809749603271484,3,0.0034461107570677996,3,0.09584705531597137
control,final,61,routing_persistent_hotspot_cluster2,43,4,4,specimen_transfer:-1x0.1,ba7698333d101acc,250f44907cff4eef,-1,90797.60279405117,2,-0.4277680218219757,3,-0.007084088400006294,3,0.17926833033561707
control,final,61,routing_persistent_hotspot_cluster2,43,remaining,0,mdl2,b86edd2339b85129,250f44907cff4eef,-1,0.0,0,-0.42290887236595154,3,-0.0018189887050539255,3,0.07926832884550095
control,final,61,routing_persistent_hotspot_cluster2,43,remaining,1,specimen_transfer:+1x0.05,6acb9e83fba07ebc,250f44907cff4eef,-1,-3523889.218893409,0,-0.42048245668411255,3,0.0008135610842145979,3,0.07021254301071167
control,final,61,routing_persistent_hotspot_cluster2,43,remaining,2,specimen_transfer:-1x0.05,27de1e0abebb6cf8,250f44907cff4eef,-1,-339824.5230062008,0,-0.4254266321659088,3,-0.004451539367437363,3,0.1292683333158493
control,final,61,routing_persistent_hotspot_cluster2,43,remaining,3,specimen_transfer:+1x0.1,66e7720a18cc1e93,250f44907cff4eef,-1,-2328740.730237007,0,-0.41809749603271484,3,0.0034461107570677996,3,0.09584705531597137
control,final,61,routing_persistent_hotspot_cluster2,43,remaining,4,specimen_transfer:-1x0.1,ba7698333d101acc,250f44907cff4eef,-1,-871411.9167903662,0,-0.4277680218219757,3,-0.007084088400006294,3,0.17926833033561707
control,final,61,routing_persistent_hotspot_cluster2,51,4,0,mdl2,a2065bd63f61f75a,ed7d39a445b74b95,-1,0.0,4,-0.23731592297554016,3,-0.003924885764718056,3,0.07977639883756638
control,final,61,routing_persistent_hotspot_cluster2,51,4,1,specimen_transfer:+1x0.05,fd0475150eb8f8d9,ed7d39a445b74b95,-1,-1125838.357328236,4,-0.23389294743537903,3,-0.0003984473878517747,3,0.04669947549700737
control,final,61,routing_persistent_hotspot_cluster2,51,4,2,specimen_transfer:-1x0.05,9af95d88e17ca9a9,ed7d39a445b74b95,-1,1274120.5220454931,4,-0.24079343676567078,3,-0.007451322861015797,3,0.11285331845283508
control,final,61,routing_persistent_hotspot_cluster2,51,4,3,specimen_transfer:+1x0.1,f1d6c4d73364ca72,ed7d39a445b74b95,-1,-980149.2634727657,4,-0.23008796572685242,3,0.00312799122184515,3,0.07554376870393753
control,final,61,routing_persistent_hotspot_cluster2,51,4,4,specimen_transfer:-1x0.1,570495b6ea3055d0,ed7d39a445b74b95,-1,1570331.0365272313,4,-0.2447545826435089,3,-0.010977761819958687,3,0.15753237903118134
control,final,61,routing_persistent_hotspot_cluster2,51,remaining,0,mdl2,a2065bd63f61f75a,ed7d39a445b74b95,-1,0.0,4,-0.23731592297554016,3,-0.003924885764718056,3,0.07977639883756638
control,final,61,routing_persistent_hotspot_cluster2,51,remaining,1,specimen_transfer:+1x0.05,fd0475150eb8f8d9,ed7d39a445b74b95,-1,-1125838.357328236,4,-0.23389294743537903,3,-0.0003984473878517747,3,0.04669947549700737
control,final,61,routing_persistent_hotspot_cluster2,51,remaining,2,specimen_transfer:-1x0.05,9af95d88e17ca9a9,ed7d39a445b74b95,-1,1274120.5220454931,4,-0.24079343676567078,3,-0.007451322861015797,3,0.11285331845283508
control,final,61,routing_persistent_hotspot_cluster2,51,remaining,3,specimen_transfer:+1x0.1,f1d6c4d73364ca72,ed7d39a445b74b95,-1,-980149.2634727657,4,-0.23008796572685242,3,0.00312799122184515,3,0.07554376870393753
control,final,61,routing_persistent_hotspot_cluster2,51,remaining,4,specimen_transfer:-1x0.1,570495b6ea3055d0,ed7d39a445b74b95,-1,1570331.0365272313,4,-0.2447545826435089,3,-0.010977761819958687,3,0.15753237903118134
candidate,pretrain,61,routing_persistent_hotspot_cluster2,0,4,0,mdl2,7e43de2692ab18b0,7e43de2692ab18b0,0,0.0,0,-0.08282002806663513,4,0.0,4,0.0
candidate,pretrain,61,routing_persistent_hotspot_cluster2,0,4,1,specimen_transfer:+1x0.05,b97e5fdbe022c222,7e43de2692ab18b0,0,0.0,0,-0.08348429203033447,4,-0.0006608078838326037,4,0.05000000447034836
candidate,pretrain,61,routing_persistent_hotspot_cluster2,0,4,2,specimen_transfer:-1x0.05,97718ff462c710d4,7e43de2692ab18b0,0,0.0,0,-0.08215571194887161,4,0.0006608079420402646,4,0.05000000447034836
candidate,pretrain,61,routing_persistent_hotspot_cluster2,0,4,3,specimen_transfer:+1x0.1,a38529cdc2c89cad,7e43de2692ab18b0,0,0.0,0,-0.08420198410749435,4,-0.0013216158840805292,4,0.10000000149011612
candidate,pretrain,61,routing_persistent_hotspot_cluster2,0,4,4,specimen_transfer:-1x0.1,1b9a3fd1e49ba81e,7e43de2692ab18b0,0,0.0,0,-0.08150569349527359,4,0.0013216158840805292,4,0.10000000149011612
candidate,pretrain,61,routing_persistent_hotspot_cluster2,0,remaining,0,mdl2,7e43de2692ab18b0,7e43de2692ab18b0,0,0.0,0,-0.08282002806663513,4,0.0,4,0.0
candidate,pretrain,61,routing_persistent_hotspot_cluster2,0,remaining,1,specimen_transfer:+1x0.05,b97e5fdbe022c222,7e43de2692ab18b0,0,0.0,0,-0.08348429203033447,4,-0.0006608078838326037,4,0.05000000447034836
candidate,pretrain,61,routing_persistent_hotspot_cluster2,0,remaining,2,specimen_transfer:-1x0.05,97718ff462c710d4,7e43de2692ab18b0,0,0.0,0,-0.08215571194887161,4,0.0006608079420402646,4,0.05000000447034836
candidate,pretrain,61,routing_persistent_hotspot_cluster2,0,remaining,3,specimen_transfer:+1x0.1,a38529cdc2c89cad,7e43de2692ab18b0,0,0.0,0,-0.08420198410749435,4,-0.0013216158840805292,4,0.10000000149011612
candidate,pretrain,61,routing_persistent_hotspot_cluster2,0,remaining,4,specimen_transfer:-1x0.1,1b9a3fd1e49ba81e,7e43de2692ab18b0,0,0.0,0,-0.08150569349527359,4,0.0013216158840805292,4,0.10000000149011612
candidate,pretrain,61,routing_persistent_hotspot_cluster2,6,4,0,mdl2,98c96b3fe428dace,98c96b3fe428dace,0,0.0,3,-0.4354841113090515,4,0.0,4,0.0
candidate,pretrain,61,routing_persistent_hotspot_cluster2,6,4,1,specimen_transfer:+1x0.05,54d07cf24aaee38b,98c96b3fe428dace,0,1746147.2005438358,3,-0.4364665448665619,4,-0.0006245059776119888,4,0.05000000074505806
candidate,pretrain,61,routing_persistent_hotspot_cluster2,6,4,2,specimen_transfer:-1x0.05,0f79c88b71aabb30,98c96b3fe428dace,0,-1431658.9318915755,3,-0.4347170293331146,4,0.0006245059776119888,4,0.05000000074505806
candidate,pretrain,61,routing_persistent_hotspot_cluster2,6,4,3,specimen_transfer:+1x0.1,f7a859ba1a1fabec,98c96b3fe428dace,0,2659610.52476497,3,-0.4368547201156616,4,-0.0012490119552239776,4,0.10000000149011612
candidate,pretrain,61,routing_persistent_hotspot_cluster2,6,4,4,specimen_transfer:-1x0.1,bc3202d81a17fea0,98c96b3fe428dace,0,-1016458.2998579293,3,-0.43428534269332886,4,0.0012490119552239776,4,0.10000000149011612
candidate,pretrain,61,routing_persistent_hotspot_cluster2,6,remaining,0,mdl2,98c96b3fe428dace,98c96b3fe428dace,0,0.0,0,-0.4354841113090515,4,0.0,4,0.0
candidate,pretrain,61,routing_persistent_hotspot_cluster2,6,remaining,1,specimen_transfer:+1x0.05,54d07cf24aaee38b,98c96b3fe428dace,0,-5300203.562452793,0,-0.4364665448665619,4,-0.0006245059776119888,4,0.05000000074505806
candidate,pretrain,61,routing_persistent_hotspot_cluster2,6,remaining,2,specimen_transfer:-1x0.05,0f79c88b71aabb30,98c96b3fe428dace,0,-6240450.904951572,0,-0.4347170293331146,4,0.0006245059776119888,4,0.05000000074505806
candidate,pretrain,61,routing_persistent_hotspot_cluster2,6,remaining,3,specimen_transfer:+1x0.1,f7a859ba1a1fabec,98c96b3fe428dace,0,-8498929.875326633,0,-0.4368547201156616,4,-0.0012490119552239776,4,0.10000000149011612
candidate,pretrain,61,routing_persistent_hotspot_cluster2,6,remaining,4,specimen_transfer:-1x0.1,bc3202d81a17fea0,98c96b3fe428dace,0,-6667098.343899727,0,-0.43428534269332886,4,0.0012490119552239776,4,0.10000000149011612
candidate,pretrain,61,routing_persistent_hotspot_cluster2,12,4,0,mdl2,5b20f2cf5b1be49b,5b20f2cf5b1be49b,0,0.0,3,-0.5362460017204285,4,0.0,4,0.0
candidate,pretrain,61,routing_persistent_hotspot_cluster2,12,4,1,specimen_transfer:+1x0.05,43366db58b7c622e,5b20f2cf5b1be49b,0,1696443.8426645398,3,-0.536586582660675,4,-0.00035063448012806475,4,0.05000000074505806
candidate,pretrain,61,routing_persistent_hotspot_cluster2,12,4,2,specimen_transfer:-1x0.05,fce3ed919985ba24,5b20f2cf5b1be49b,0,-233993.28628575802,3,-0.5358389019966125,4,0.00035063448012806475,4,0.05000000074505806
candidate,pretrain,61,routing_persistent_hotspot_cluster2,12,4,3,specimen_transfer:+1x0.1,8260c51247bbc7e8,5b20f2cf5b1be49b,0,2700537.4736710787,3,-0.5371613502502441,4,-0.0007012688438408077,4,0.10000000149011612
candidate,pretrain,61,routing_persistent_hotspot_cluster2,12,4,4,specimen_transfer:-1x0.1,0d32f0541b5e7e90,5b20f2cf5b1be49b,0,434957.91516923904,3,-0.535256564617157,4,0.0007012690184637904,4,0.10000000149011612
candidate,pretrain,61,routing_persistent_hotspot_cluster2,12,remaining,0,mdl2,5b20f2cf5b1be49b,5b20f2cf5b1be49b,0,0.0,0,-0.5362460017204285,4,0.0,4,0.0
candidate,pretrain,61,routing_persistent_hotspot_cluster2,12,remaining,1,specimen_transfer:+1x0.05,43366db58b7c622e,5b20f2cf5b1be49b,0,-7023734.607584,0,-0.536586582660675,4,-0.00035063448012806475,4,0.05000000074505806
candidate,pretrain,61,routing_persistent_hotspot_cluster2,12,remaining,2,specimen_transfer:-1x0.05,fce3ed919985ba24,5b20f2cf5b1be49b,0,-2407253.662370205,0,-0.5358389019966125,4,0.00035063448012806475,4,0.05000000074505806
candidate,pretrain,61,routing_persistent_hotspot_cluster2,12,remaining,3,specimen_transfer:+1x0.1,8260c51247bbc7e8,5b20f2cf5b1be49b,0,-6232411.219634533,0,-0.5371613502502441,4,-0.0007012688438408077,4,0.10000000149011612
candidate,pretrain,61,routing_persistent_hotspot_cluster2,12,remaining,4,specimen_transfer:-1x0.1,0d32f0541b5e7e90,5b20f2cf5b1be49b,0,-427934.446518898,0,-0.535256564617157,4,0.0007012690184637904,4,0.10000000149011612
candidate,pretrain,61,routing_persistent_hotspot_cluster2,18,4,0,mdl2,132e090317a818dc,f7730751af51fc26,-1,0.0,3,-0.7094799280166626,4,0.0001369422534480691,4,0.01985151879489422
candidate,pretrain,61,routing_persistent_hotspot_cluster2,18,4,1,specimen_transfer:+1x0.05,34b59344c7b71b15,f7730751af51fc26,-1,345171.1501045525,3,-0.7099170088768005,4,-0.00019523169612511992,4,0.037153035402297974
candidate,pretrain,61,routing_persistent_hotspot_cluster2,18,4,2,specimen_transfer:-1x0.05,d1e3e6bad33c9581,f7730751af51fc26,-1,-1166056.687234193,3,-0.7091416120529175,4,0.0004691162030212581,4,0.06469129770994186
candidate,pretrain,61,routing_persistent_hotspot_cluster2,18,4,3,specimen_transfer:+1x0.1,cc3fc4715c1b375e,f7730751af51fc26,-1,1274034.333469957,3,-0.7102289795875549,4,-0.0005274057621136308,4,0.08539679646492004
candidate,pretrain,61,routing_persistent_hotspot_cluster2,18,4,4,specimen_transfer:-1x0.1,4fb7bb7edc2125f8,f7730751af51fc26,-1,-1449730.5976397991,3,-0.7088871002197266,4,0.0008012903854250908,4,0.11469130218029022
candidate,pretrain,61,routing_persistent_hotspot_cluster2,18,remaining,0,mdl2,132e090317a818dc,f7730751af51fc26,-1,0.0,2,-0.7094799280166626,4,0.0001369422534480691,4,0.01985151879489422
candidate,pretrain,61,routing_persistent_hotspot_cluster2,18,remaining,1,specimen_transfer:+1x0.05,34b59344c7b71b15,f7730751af51fc26,-1,597084.8204336166,2,-0.7099170088768005,4,-0.00019523169612511992,4,0.037153035402297974
candidate,pretrain,61,routing_persistent_hotspot_cluster2,18,remaining,2,specimen_transfer:-1x0.05,d1e3e6bad33c9581,f7730751af51fc26,-1,1643857.7732179165,2,-0.7091416120529175,4,0.0004691162030212581,4,0.06469129770994186
candidate,pretrain,61,routing_persistent_hotspot_cluster2,18,remaining,3,specimen_transfer:+1x0.1,cc3fc4715c1b375e,f7730751af51fc26,-1,-134894.62226343155,2,-0.7102289795875549,4,-0.0005274057621136308,4,0.08539679646492004
candidate,pretrain,61,routing_persistent_hotspot_cluster2,18,remaining,4,specimen_transfer:-1x0.1,4fb7bb7edc2125f8,f7730751af51fc26,-1,823627.0352666378,2,-0.7088871002197266,4,0.0008012903854250908,4,0.11469130218029022
candidate,pretrain,61,routing_persistent_hotspot_cluster2,25,4,0,mdl2,e066899939fc982e,e066899939fc982e,0,0.0,3,-0.8103576898574829,4,0.0,4,0.0
candidate,pretrain,61,routing_persistent_hotspot_cluster2,25,4,1,specimen_transfer:+1x0.05,54d6330aefbec110,e066899939fc982e,0,915908.136139363,3,-0.8103906512260437,4,-7.015552546363324e-05,4,0.05000000074505806
candidate,pretrain,61,routing_persistent_hotspot_cluster2,25,4,2,specimen_transfer:-1x0.05,9fe64ccf81d7073c,e066899939fc982e,0,-2182060.8800405264,3,-0.810076892375946,4,7.015558367129415e-05,4,0.05000000074505806
candidate,pretrain,61,routing_persistent_hotspot_cluster2,25,4,3,specimen_transfer:+1x0.1,5d0c14bdc81772ca,e066899939fc982e,0,3222004.660843432,3,-0.8104312419891357,4,-0.00014031105092726648,4,0.10000000149011612
candidate,pretrain,61,routing_persistent_hotspot_cluster2,25,4,4,specimen_transfer:-1x0.1,534ed743ccca1b83,e066899939fc982e,0,-3194661.2184571624,3,-0.8100200891494751,4,0.00014031108003109694,4,0.10000000149011612
candidate,pretrain,61,routing_persistent_hotspot_cluster2,25,remaining,0,mdl2,e066899939fc982e,e066899939fc982e,0,0.0,3,-0.8103576898574829,4,0.0,4,0.0
candidate,pretrain,61,routing_persistent_hotspot_cluster2,25,remaining,1,specimen_transfer:+1x0.05,54d6330aefbec110,e066899939fc982e,0,731323.4265756607,3,-0.8103906512260437,4,-7.015552546363324e-05,4,0.05000000074505806
candidate,pretrain,61,routing_persistent_hotspot_cluster2,25,remaining,2,specimen_transfer:-1x0.05,9fe64ccf81d7073c,e066899939fc982e,0,1326020.3791983128,3,-0.810076892375946,4,7.015558367129415e-05,4,0.05000000074505806
candidate,pretrain,61,routing_persistent_hotspot_cluster2,25,remaining,3,specimen_transfer:+1x0.1,5d0c14bdc81772ca,e066899939fc982e,0,4668715.758307457,3,-0.8104312419891357,4,-0.00014031105092726648,4,0.10000000149011612
candidate,pretrain,61,routing_persistent_hotspot_cluster2,25,remaining,4,specimen_transfer:-1x0.1,534ed743ccca1b83,e066899939fc982e,0,3349584.581875801,3,-0.8100200891494751,4,0.00014031108003109694,4,0.10000000149011612
candidate,pretrain,61,routing_persistent_hotspot_cluster2,31,4,0,mdl2,d300049ac714cf36,f77c1710c3817917,-1,0.0,3,-0.6326887011528015,3,-0.0003740223473869264,3,0.04247289523482323
candidate,pretrain,61,routing_persistent_hotspot_cluster2,31,4,1,specimen_transfer:+1x0.05,253dcb7e8e719f76,f77c1710c3817917,-1,1663585.9106191099,3,-0.6321622133255005,3,0.00023813552979845554,3,0.02315482869744301
candidate,pretrain,61,routing_persistent_hotspot_cluster2,31,4,2,specimen_transfer:-1x0.05,20dc6c75fc5fdbe0,f77c1710c3817917,-1,-4189665.0148768425,3,-0.6333438158035278,3,-0.000986180268228054,3,0.0796670988202095
candidate,pretrain,61,routing_persistent_hotspot_cluster2,31,4,3,specimen_transfer:+1x0.1,f726da848e3bd64b,f77c1710c3817917,-1,4035474.098065108,3,-0.6315563917160034,3,0.0008502933196723461,3,0.07033289968967438
candidate,pretrain,61,routing_persistent_hotspot_cluster2,31,4,4,specimen_transfer:-1x0.1,bc0531d271a6d6f6,f77c1710c3817917,-1,-5078170.638617516,3,-0.6339524984359741,3,-0.0015983375487849116,3,0.12966710329055786
candidate,pretrain,61,routing_persistent_hotspot_cluster2,31,remaining,0,mdl2,d300049ac714cf36,f77c1710c3817917,-1,0.0,4,-0.6326887011528015,3,-0.0003740223473869264,3,0.04247289523482323
candidate,pretrain,61,routing_persistent_hotspot_cluster2,31,remaining,1,specimen_transfer:+1x0.05,253dcb7e8e719f76,f77c1710c3817917,-1,1936256.3896081448,4,-0.6321622133255005,3,0.00023813552979845554,3,0.02315482869744301
candidate,pretrain,61,routing_persistent_hotspot_cluster2,31,remaining,2,specimen_transfer:-1x0.05,20dc6c75fc5fdbe0,f77c1710c3817917,-1,2759312.4987185,4,-0.6333438158035278,3,-0.000986180268228054,3,0.0796670988202095
candidate,pretrain,61,routing_persistent_hotspot_cluster2,31,remaining,3,specimen_transfer:+1x0.1,f726da848e3bd64b,f77c1710c3817917,-1,4738488.626751661,4,-0.6315563917160034,3,0.0008502933196723461,3,0.07033289968967438
candidate,pretrain,61,routing_persistent_hotspot_cluster2,31,remaining,4,specimen_transfer:-1x0.1,bc0531d271a6d6f6,f77c1710c3817917,-1,6308532.362659931,4,-0.6339524984359741,3,-0.0015983375487849116,3,0.12966710329055786
candidate,pretrain,61,routing_persistent_hotspot_cluster2,37,4,0,mdl2,1cc751d2994b65e1,c58db5e3f0ae50d4,-1,0.0,0,-0.5921868085861206,4,-0.0012840393465012312,3,0.06328853219747543
candidate,pretrain,61,routing_persistent_hotspot_cluster2,37,4,1,specimen_transfer:+1x0.05,d6c373264d6fc224,c58db5e3f0ae50d4,-1,-110517.0399979055,0,-0.5921417474746704,4,-0.0012422390282154083,3,0.02781819738447666
candidate,pretrain,61,routing_persistent_hotspot_cluster2,37,4,2,specimen_transfer:-1x0.05,3fe5f60e5b24dca5,c58db5e3f0ae50d4,-1,-826304.6871368885,0,-0.5922318696975708,4,-0.0013258400140330195,3,0.11328853666782379
candidate,pretrain,61,routing_persistent_hotspot_cluster2,37,4,3,specimen_transfer:+1x0.1,3b165a06db3f41b7,c58db5e3f0ae50d4,-1,-110517.0399979055,0,-0.5925689339637756,4,-0.0012004387099295855,3,0.05412319302558899
candidate,pretrain,61,routing_persistent_hotspot_cluster2,37,4,4,specimen_transfer:-1x0.1,b134dee64e436c21,c58db5e3f0ae50d4,-1,-826304.6871368885,0,-0.5918047428131104,4,-0.0013676396338269114,3,0.16328853368759155
candidate,pretrain,61,routing_persistent_hotspot_cluster2,37,remaining,0,mdl2,1cc751d2994b65e1,c58db5e3f0ae50d4,-1,0.0,2,-0.5921868085861206,4,-0.0012840393465012312,3,0.06328853219747543
candidate,pretrain,61,routing_persistent_hotspot_cluster2,37,remaining,1,specimen_transfer:+1x0.05,d6c373264d6fc224,c58db5e3f0ae50d4,-1,-1229415.740502596,2,-0.5921417474746704,4,-0.0012422390282154083,3,0.02781819738447666
candidate,pretrain,61,routing_persistent_hotspot_cluster2,37,remaining,2,specimen_transfer:-1x0.05,3fe5f60e5b24dca5,c58db5e3f0ae50d4,-1,1066708.8816514015,2,-0.5922318696975708,4,-0.0013258400140330195,3,0.11328853666782379
candidate,pretrain,61,routing_persistent_hotspot_cluster2,37,remaining,3,specimen_transfer:+1x0.1,3b165a06db3f41b7,c58db5e3f0ae50d4,-1,-1229415.740502596,2,-0.5925689339637756,4,-0.0012004387099295855,3,0.05412319302558899
candidate,pretrain,61,routing_persistent_hotspot_cluster2,37,remaining,4,specimen_transfer:-1x0.1,b134dee64e436c21,c58db5e3f0ae50d4,-1,1066708.8816514015,2,-0.5918047428131104,4,-0.0013676396338269114,3,0.16328853368759155
candidate,pretrain,61,routing_persistent_hotspot_cluster2,43,4,0,mdl2,b86edd2339b85129,ac20a9623b34d1ef,-1,0.0,2,-0.705140233039856,3,-0.0015807980671525002,3,0.07956988364458084
candidate,pretrain,61,routing_persistent_hotspot_cluster2,43,4,1,specimen_transfer:+1x0.05,6acb9e83fba07ebc,ac20a9623b34d1ef,-1,-783098.7707513571,2,-0.7036056518554688,3,-0.0001102462993003428,3,0.069310761988163
candidate,pretrain,61,routing_persistent_hotspot_cluster2,43,4,2,specimen_transfer:-1x0.05,27de1e0abebb6cf8,ac20a9623b34d1ef,-1,224641.4535806179,2,-0.7067180871963501,3,-0.003051349427551031,3,0.1295698881149292
candidate,pretrain,61,routing_persistent_hotspot_cluster2,43,4,3,specimen_transfer:+1x0.1,66e7720a18cc1e93,ac20a9623b34d1ef,-1,-882604.3389012814,2,-0.702526330947876,3,0.0013603048864752054,3,0.0949452817440033
candidate,pretrain,61,routing_persistent_hotspot_cluster2,43,4,4,specimen_transfer:-1x0.1,ba7698333d101acc,ac20a9623b34d1ef,-1,90797.60279405117,2,-0.7077973484992981,3,-0.004521901719272137,3,0.17956988513469696
candidate,pretrain,61,routing_persistent_hotspot_cluster2,43,remaining,0,mdl2,b86edd2339b85129,ac20a9623b34d1ef,-1,0.0,0,-0.705140233039856,3,-0.0015807980671525002,3,0.07956988364458084
candidate,pretrain,61,routing_persistent_hotspot_cluster2,43,remaining,1,specimen_transfer:+1x0.05,6acb9e83fba07ebc,ac20a9623b34d1ef,-1,-3523889.218893409,0,-0.7036056518554688,3,-0.0001102462993003428,3,0.069310761988163
candidate,pretrain,61,routing_persistent_hotspot_cluster2,43,remaining,2,specimen_transfer:-1x0.05,27de1e0abebb6cf8,ac20a9623b34d1ef,-1,-339824.5230062008,0,-0.7067180871963501,3,-0.003051349427551031,3,0.1295698881149292
candidate,pretrain,61,routing_persistent_hotspot_cluster2,43,remaining,3,specimen_transfer:+1x0.1,66e7720a18cc1e93,ac20a9623b34d1ef,-1,-2328740.730237007,0,-0.702526330947876,3,0.0013603048864752054,3,0.0949452817440033
candidate,pretrain,61,routing_persistent_hotspot_cluster2,43,remaining,4,specimen_transfer:-1x0.1,ba7698333d101acc,ac20a9623b34d1ef,-1,-871411.9167903662,0,-0.7077973484992981,3,-0.004521901719272137,3,0.17956988513469696
candidate,pretrain,61,routing_persistent_hotspot_cluster2,51,4,0,mdl2,a2065bd63f61f75a,ed7d39a445b74b95,-1,0.0,4,-0.3548983335494995,3,-0.004166495520621538,3,0.08005516976118088
candidate,pretrain,61,routing_persistent_hotspot_cluster2,51,4,1,specimen_transfer:+1x0.05,fd0475150eb8f8d9,ed7d39a445b74b95,-1,-1125838.357328236,4,-0.3539172410964966,3,-0.0028499974869191647,3,0.04697824642062187
candidate,pretrain,61,routing_persistent_hotspot_cluster2,51,4,2,specimen_transfer:-1x0.05,9af95d88e17ca9a9,ed7d39a445b74b95,-1,1274120.5220454931,4,-0.3558136820793152,3,-0.005482993554323912,3,0.11313208937644958
candidate,pretrain,61,routing_persistent_hotspot_cluster2,51,4,3,specimen_transfer:+1x0.1,f1d6c4d73364ca72,ed7d39a445b74b95,-1,-980149.2634727657,4,-0.35241174697875977,3,-0.0015334994532167912,3,0.07578093558549881
candidate,pretrain,61,routing_persistent_hotspot_cluster2,51,4,4,specimen_transfer:-1x0.1,570495b6ea3055d0,ed7d39a445b74b95,-1,1570331.0365272313,4,-0.3570237457752228,3,-0.006799491122364998,3,0.15784597396850586
candidate,pretrain,61,routing_persistent_hotspot_cluster2,51,remaining,0,mdl2,a2065bd63f61f75a,ed7d39a445b74b95,-1,0.0,4,-0.3548983335494995,3,-0.004166495520621538,3,0.08005516976118088
candidate,pretrain,61,routing_persistent_hotspot_cluster2,51,remaining,1,specimen_transfer:+1x0.05,fd0475150eb8f8d9,ed7d39a445b74b95,-1,-1125838.357328236,4,-0.3539172410964966,3,-0.0028499974869191647,3,0.04697824642062187
candidate,pretrain,61,routing_persistent_hotspot_cluster2,51,remaining,2,specimen_transfer:-1x0.05,9af95d88e17ca9a9,ed7d39a445b74b95,-1,1274120.5220454931,4,-0.3558136820793152,3,-0.005482993554323912,3,0.11313208937644958
candidate,pretrain,61,routing_persistent_hotspot_cluster2,51,remaining,3,specimen_transfer:+1x0.1,f1d6c4d73364ca72,ed7d39a445b74b95,-1,-980149.2634727657,4,-0.35241174697875977,3,-0.0015334994532167912,3,0.07578093558549881
candidate,pretrain,61,routing_persistent_hotspot_cluster2,51,remaining,4,specimen_transfer:-1x0.1,570495b6ea3055d0,ed7d39a445b74b95,-1,1570331.0365272313,4,-0.3570237457752228,3,-0.006799491122364998,3,0.15784597396850586
candidate,episode25,61,routing_persistent_hotspot_cluster2,0,4,0,mdl2,7e43de2692ab18b0,7e43de2692ab18b0,0,0.0,0,-0.4094139337539673,3,0.0,3,0.0
candidate,episode25,61,routing_persistent_hotspot_cluster2,0,4,1,specimen_transfer:+1x0.05,b97e5fdbe022c222,7e43de2692ab18b0,0,0.0,0,-0.40896934270858765,3,0.00032068000291474164,3,0.05000000447034836
candidate,episode25,61,routing_persistent_hotspot_cluster2,0,4,2,specimen_transfer:-1x0.05,97718ff462c710d4,7e43de2692ab18b0,0,0.0,0,-0.4098585247993469,3,-0.0003206799447070807,3,0.05000000447034836
candidate,episode25,61,routing_persistent_hotspot_cluster2,0,4,3,specimen_transfer:+1x0.1,a38529cdc2c89cad,7e43de2692ab18b0,0,0.0,0,-0.4085247814655304,3,0.0006413600058294833,3,0.10000000149011612
candidate,episode25,61,routing_persistent_hotspot_cluster2,0,4,4,specimen_transfer:-1x0.1,1b9a3fd1e49ba81e,7e43de2692ab18b0,0,0.0,0,-0.4103032052516937,3,-0.0006413600058294833,3,0.10000000149011612
candidate,episode25,61,routing_persistent_hotspot_cluster2,0,remaining,0,mdl2,7e43de2692ab18b0,7e43de2692ab18b0,0,0.0,0,-0.4094139337539673,3,0.0,3,0.0
candidate,episode25,61,routing_persistent_hotspot_cluster2,0,remaining,1,specimen_transfer:+1x0.05,b97e5fdbe022c222,7e43de2692ab18b0,0,0.0,0,-0.40896934270858765,3,0.00032068000291474164,3,0.05000000447034836
candidate,episode25,61,routing_persistent_hotspot_cluster2,0,remaining,2,specimen_transfer:-1x0.05,97718ff462c710d4,7e43de2692ab18b0,0,0.0,0,-0.4098585247993469,3,-0.0003206799447070807,3,0.05000000447034836
candidate,episode25,61,routing_persistent_hotspot_cluster2,0,remaining,3,specimen_transfer:+1x0.1,a38529cdc2c89cad,7e43de2692ab18b0,0,0.0,0,-0.4085247814655304,3,0.0006413600058294833,3,0.10000000149011612
candidate,episode25,61,routing_persistent_hotspot_cluster2,0,remaining,4,specimen_transfer:-1x0.1,1b9a3fd1e49ba81e,7e43de2692ab18b0,0,0.0,0,-0.4103032052516937,3,-0.0006413600058294833,3,0.10000000149011612
candidate,episode25,61,routing_persistent_hotspot_cluster2,6,4,0,mdl2,98c96b3fe428dace,98c96b3fe428dace,0,0.0,3,-1.6706312894821167,4,0.0,4,0.0
candidate,episode25,61,routing_persistent_hotspot_cluster2,6,4,1,specimen_transfer:+1x0.05,54d07cf24aaee38b,98c96b3fe428dace,0,1746147.2005438358,3,-1.6719540357589722,4,-0.0006907660281285644,4,0.05000000074505806
candidate,episode25,61,routing_persistent_hotspot_cluster2,6,4,2,specimen_transfer:-1x0.05,0f79c88b71aabb30,98c96b3fe428dace,0,-1431658.9318915755,3,-1.6695027351379395,4,0.0006907660281285644,4,0.05000000074505806
candidate,episode25,61,routing_persistent_hotspot_cluster2,6,4,3,specimen_transfer:+1x0.1,f7a859ba1a1fabec,98c96b3fe428dace,0,2659610.52476497,3,-1.6721667051315308,4,-0.0013815320562571287,4,0.10000000149011612
candidate,episode25,61,routing_persistent_hotspot_cluster2,6,4,4,specimen_transfer:-1x0.1,bc3202d81a17fea0,98c96b3fe428dace,0,-1016458.2998579293,3,-1.669272541999817,4,0.0013815320562571287,4,0.10000000149011612
candidate,episode25,61,routing_persistent_hotspot_cluster2,6,remaining,0,mdl2,98c96b3fe428dace,98c96b3fe428dace,0,0.0,0,-1.6706312894821167,4,0.0,4,0.0
candidate,episode25,61,routing_persistent_hotspot_cluster2,6,remaining,1,specimen_transfer:+1x0.05,54d07cf24aaee38b,98c96b3fe428dace,0,-5300203.562452793,0,-1.6719540357589722,4,-0.0006907660281285644,4,0.05000000074505806
candidate,episode25,61,routing_persistent_hotspot_cluster2,6,remaining,2,specimen_transfer:-1x0.05,0f79c88b71aabb30,98c96b3fe428dace,0,-6240450.904951572,0,-1.6695027351379395,4,0.0006907660281285644,4,0.05000000074505806
candidate,episode25,61,routing_persistent_hotspot_cluster2,6,remaining,3,specimen_transfer:+1x0.1,f7a859ba1a1fabec,98c96b3fe428dace,0,-8498929.875326633,0,-1.6721667051315308,4,-0.0013815320562571287,4,0.10000000149011612
candidate,episode25,61,routing_persistent_hotspot_cluster2,6,remaining,4,specimen_transfer:-1x0.1,bc3202d81a17fea0,98c96b3fe428dace,0,-6667098.343899727,0,-1.669272541999817,4,0.0013815320562571287,4,0.10000000149011612
candidate,episode25,61,routing_persistent_hotspot_cluster2,12,4,0,mdl2,5b20f2cf5b1be49b,5b20f2cf5b1be49b,0,0.0,3,-1.5924476385116577,4,0.0,4,0.0
candidate,episode25,61,routing_persistent_hotspot_cluster2,12,4,1,specimen_transfer:+1x0.05,43366db58b7c622e,5b20f2cf5b1be49b,0,1696443.8426645398,3,-1.5941108465194702,4,-0.0010909168049693108,4,0.05000000074505806
candidate,episode25,61,routing_persistent_hotspot_cluster2,12,4,2,specimen_transfer:-1x0.05,fce3ed919985ba24,5b20f2cf5b1be49b,0,-233993.28628575802,3,-1.5910989046096802,4,0.0010909168049693108,4,0.05000000074505806
candidate,episode25,61,routing_persistent_hotspot_cluster2,12,4,3,specimen_transfer:+1x0.1,8260c51247bbc7e8,5b20f2cf5b1be49b,0,2700537.4736710787,3,-1.5951464176177979,4,-0.0021818336099386215,4,0.10000000149011612
candidate,episode25,61,routing_persistent_hotspot_cluster2,12,4,4,specimen_transfer:-1x0.1,0d32f0541b5e7e90,5b20f2cf5b1be49b,0,434957.91516923904,3,-1.5900801420211792,4,0.002181834075599909,4,0.10000000149011612
candidate,episode25,61,routing_persistent_hotspot_cluster2,12,remaining,0,mdl2,5b20f2cf5b1be49b,5b20f2cf5b1be49b,0,0.0,0,-1.5924476385116577,4,0.0,4,0.0
candidate,episode25,61,routing_persistent_hotspot_cluster2,12,remaining,1,specimen_transfer:+1x0.05,43366db58b7c622e,5b20f2cf5b1be49b,0,-7023734.607584,0,-1.5941108465194702,4,-0.0010909168049693108,4,0.05000000074505806
candidate,episode25,61,routing_persistent_hotspot_cluster2,12,remaining,2,specimen_transfer:-1x0.05,fce3ed919985ba24,5b20f2cf5b1be49b,0,-2407253.662370205,0,-1.5910989046096802,4,0.0010909168049693108,4,0.05000000074505806
candidate,episode25,61,routing_persistent_hotspot_cluster2,12,remaining,3,specimen_transfer:+1x0.1,8260c51247bbc7e8,5b20f2cf5b1be49b,0,-6232411.219634533,0,-1.5951464176177979,4,-0.0021818336099386215,4,0.10000000149011612
candidate,episode25,61,routing_persistent_hotspot_cluster2,12,remaining,4,specimen_transfer:-1x0.1,0d32f0541b5e7e90,5b20f2cf5b1be49b,0,-427934.446518898,0,-1.5900801420211792,4,0.002181834075599909,4,0.10000000149011612
candidate,episode25,61,routing_persistent_hotspot_cluster2,18,4,0,mdl2,132e090317a818dc,f7730751af51fc26,-1,0.0,3,-1.6813708543777466,4,0.0007499409839510918,4,0.01984291337430477
candidate,episode25,61,routing_persistent_hotspot_cluster2,18,4,1,specimen_transfer:+1x0.05,34b59344c7b71b15,f7730751af51fc26,-1,345171.1501045525,3,-1.68340003490448,4,-0.0012084919726476073,4,0.03658510744571686
candidate,episode25,61,routing_persistent_hotspot_cluster2,18,4,2,specimen_transfer:-1x0.05,d1e3e6bad33c9581,f7730751af51fc26,-1,-1166056.687234193,3,-1.679280400276184,4,0.0027083735913038254,4,0.06449337303638458
candidate,episode25,61,routing_persistent_hotspot_cluster2,18,4,3,specimen_transfer:+1x0.1,cc3fc4715c1b375e,f7730751af51fc26,-1,1274034.333469957,3,-1.6856733560562134,4,-0.0031669242307543755,4,0.0855066329240799
candidate,episode25,61,routing_persistent_hotspot_cluster2,18,4,4,specimen_transfer:-1x0.1,4fb7bb7edc2125f8,f7730751af51fc26,-1,-1449730.5976397991,3,-1.6771773099899292,4,0.004666807129979134,4,0.11449337005615234
candidate,episode25,61,routing_persistent_hotspot_cluster2,18,remaining,0,mdl2,132e090317a818dc,f7730751af51fc26,-1,0.0,2,-1.6813708543777466,4,0.0007499409839510918,4,0.01984291337430477
candidate,episode25,61,routing_persistent_hotspot_cluster2,18,remaining,1,specimen_transfer:+1x0.05,34b59344c7b71b15,f7730751af51fc26,-1,597084.8204336166,2,-1.68340003490448,4,-0.0012084919726476073,4,0.03658510744571686
candidate,episode25,61,routing_persistent_hotspot_cluster2,18,remaining,2,specimen_transfer:-1x0.05,d1e3e6bad33c9581,f7730751af51fc26,-1,1643857.7732179165,2,-1.679280400276184,4,0.0027083735913038254,4,0.06449337303638458
candidate,episode25,61,routing_persistent_hotspot_cluster2,18,remaining,3,specimen_transfer:+1x0.1,cc3fc4715c1b375e,f7730751af51fc26,-1,-134894.62226343155,2,-1.6856733560562134,4,-0.0031669242307543755,4,0.0855066329240799
candidate,episode25,61,routing_persistent_hotspot_cluster2,18,remaining,4,specimen_transfer:-1x0.1,4fb7bb7edc2125f8,f7730751af51fc26,-1,823627.0352666378,2,-1.6771773099899292,4,0.004666807129979134,4,0.11449337005615234
candidate,episode25,61,routing_persistent_hotspot_cluster2,25,4,0,mdl2,e066899939fc982e,e066899939fc982e,0,0.0,3,-1.5210598707199097,4,0.0,4,0.0
candidate,episode25,61,routing_persistent_hotspot_cluster2,25,4,1,specimen_transfer:+1x0.05,54d6330aefbec110,e066899939fc982e,0,915908.136139363,3,-1.52245032787323,4,-0.00165666569955647,4,0.05000000074505806
candidate,episode25,61,routing_persistent_hotspot_cluster2,25,4,2,specimen_transfer:-1x0.05,9fe64ccf81d7073c,e066899939fc982e,0,-2182060.8800405264,3,-1.5187369585037231,4,0.0016566659323871136,4,0.05000000074505806
candidate,episode25,61,routing_persistent_hotspot_cluster2,25,4,3,specimen_transfer:+1x0.1,5d0c14bdc81772ca,e066899939fc982e,0,3222004.660843432,3,-1.5233571529388428,4,-0.00331333139911294,4,0.10000000149011612
candidate,episode25,61,routing_persistent_hotspot_cluster2,25,4,4,specimen_transfer:-1x0.1,534ed743ccca1b83,e066899939fc982e,0,-3194661.2184571624,3,-1.5174905061721802,4,0.00331333139911294,4,0.10000000149011612
candidate,episode25,61,routing_persistent_hotspot_cluster2,25,remaining,0,mdl2,e066899939fc982e,e066899939fc982e,0,0.0,3,-1.5210598707199097,4,0.0,4,0.0
candidate,episode25,61,routing_persistent_hotspot_cluster2,25,remaining,1,specimen_transfer:+1x0.05,54d6330aefbec110,e066899939fc982e,0,731323.4265756607,3,-1.52245032787323,4,-0.00165666569955647,4,0.05000000074505806
candidate,episode25,61,routing_persistent_hotspot_cluster2,25,remaining,2,specimen_transfer:-1x0.05,9fe64ccf81d7073c,e066899939fc982e,0,1326020.3791983128,3,-1.5187369585037231,4,0.0016566659323871136,4,0.05000000074505806
candidate,episode25,61,routing_persistent_hotspot_cluster2,25,remaining,3,specimen_transfer:+1x0.1,5d0c14bdc81772ca,e066899939fc982e,0,4668715.758307457,3,-1.5233571529388428,4,-0.00331333139911294,4,0.10000000149011612
candidate,episode25,61,routing_persistent_hotspot_cluster2,25,remaining,4,specimen_transfer:-1x0.1,534ed743ccca1b83,e066899939fc982e,0,3349584.581875801,3,-1.5174905061721802,4,0.00331333139911294,4,0.10000000149011612
candidate,episode25,61,routing_persistent_hotspot_cluster2,31,4,0,mdl2,d300049ac714cf36,f77c1710c3817917,-1,0.0,3,-0.802034318447113,3,-0.0021063373424112797,3,0.042724255472421646
candidate,episode25,61,routing_persistent_hotspot_cluster2,31,4,1,specimen_transfer:+1x0.05,253dcb7e8e719f76,f77c1710c3817917,-1,1663585.9106191099,3,-0.8005468249320984,3,0.0001274480891879648,3,0.023282263427972794
candidate,episode25,61,routing_persistent_hotspot_cluster2,31,4,2,specimen_transfer:-1x0.05,20dc6c75fc5fdbe0,f77c1710c3817917,-1,-4189665.0148768425,3,-0.8043584823608398,3,-0.004340122453868389,3,0.07992814481258392
candidate,episode25,61,routing_persistent_hotspot_cluster2,31,4,3,specimen_transfer:+1x0.1,f726da848e3bd64b,f77c1710c3817917,-1,4035474.098065108,3,-0.7985143661499023,3,0.002361233811825514,3,0.07007186114788055
candidate,episode25,61,routing_persistent_hotspot_cluster2,31,4,4,specimen_transfer:-1x0.1,bc0531d271a6d6f6,f77c1710c3817917,-1,-5078170.638617516,3,-0.8063911199569702,3,-0.006573908030986786,3,0.12992814183235168
candidate,episode25,61,routing_persistent_hotspot_cluster2,31,remaining,0,mdl2,d300049ac714cf36,f77c1710c3817917,-1,0.0,4,-0.802034318447113,3,-0.0021063373424112797,3,0.042724255472421646
candidate,episode25,61,routing_persistent_hotspot_cluster2,31,remaining,1,specimen_transfer:+1x0.05,253dcb7e8e719f76,f77c1710c3817917,-1,1936256.3896081448,4,-0.8005468249320984,3,0.0001274480891879648,3,0.023282263427972794
candidate,episode25,61,routing_persistent_hotspot_cluster2,31,remaining,2,specimen_transfer:-1x0.05,20dc6c75fc5fdbe0,f77c1710c3817917,-1,2759312.4987185,4,-0.8043584823608398,3,-0.004340122453868389,3,0.07992814481258392
candidate,episode25,61,routing_persistent_hotspot_cluster2,31,remaining,3,specimen_transfer:+1x0.1,f726da848e3bd64b,f77c1710c3817917,-1,4738488.626751661,4,-0.7985143661499023,3,0.002361233811825514,3,0.07007186114788055
candidate,episode25,61,routing_persistent_hotspot_cluster2,31,remaining,4,specimen_transfer:-1x0.1,bc0531d271a6d6f6,f77c1710c3817917,-1,6308532.362659931,4,-0.8063911199569702,3,-0.006573908030986786,3,0.12992814183235168
candidate,episode25,61,routing_persistent_hotspot_cluster2,37,4,0,mdl2,1cc751d2994b65e1,c58db5e3f0ae50d4,-1,0.0,0,-0.6300290822982788,3,-0.0030948214698582888,3,0.06305094808340073
candidate,episode25,61,routing_persistent_hotspot_cluster2,37,4,1,specimen_transfer:+1x0.05,d6c373264d6fc224,c58db5e3f0ae50d4,-1,-110517.0399979055,0,-0.6292702555656433,3,-0.0020055260974913836,3,0.027742967009544373
candidate,episode25,61,routing_persistent_hotspot_cluster2,37,4,2,specimen_transfer:-1x0.05,3fe5f60e5b24dca5,c58db5e3f0ae50d4,-1,-826304.6871368885,0,-0.6307880282402039,3,-0.00418411660939455,3,0.11305095255374908
candidate,episode25,61,routing_persistent_hotspot_cluster2,37,4,3,specimen_transfer:+1x0.1,3b165a06db3f41b7,c58db5e3f0ae50d4,-1,-110517.0399979055,0,-0.6286411285400391,3,-0.0009162310743704438,3,0.054217711091041565
candidate,episode25,61,routing_persistent_hotspot_cluster2,37,4,4,specimen_transfer:-1x0.1,b134dee64e436c21,c58db5e3f0ae50d4,-1,-826304.6871368885,0,-0.6314826607704163,3,-0.0052734119817614555,3,0.16305094957351685
candidate,episode25,61,routing_persistent_hotspot_cluster2,37,remaining,0,mdl2,1cc751d2994b65e1,c58db5e3f0ae50d4,-1,0.0,2,-0.6300290822982788,3,-0.0030948214698582888,3,0.06305094808340073
candidate,episode25,61,routing_persistent_hotspot_cluster2,37,remaining,1,specimen_transfer:+1x0.05,d6c373264d6fc224,c58db5e3f0ae50d4,-1,-1229415.740502596,2,-0.6292702555656433,3,-0.0020055260974913836,3,0.027742967009544373
candidate,episode25,61,routing_persistent_hotspot_cluster2,37,remaining,2,specimen_transfer:-1x0.05,3fe5f60e5b24dca5,c58db5e3f0ae50d4,-1,1066708.8816514015,2,-0.6307880282402039,3,-0.00418411660939455,3,0.11305095255374908
candidate,episode25,61,routing_persistent_hotspot_cluster2,37,remaining,3,specimen_transfer:+1x0.1,3b165a06db3f41b7,c58db5e3f0ae50d4,-1,-1229415.740502596,2,-0.6286411285400391,3,-0.0009162310743704438,3,0.054217711091041565
candidate,episode25,61,routing_persistent_hotspot_cluster2,37,remaining,4,specimen_transfer:-1x0.1,b134dee64e436c21,c58db5e3f0ae50d4,-1,1066708.8816514015,2,-0.6314826607704163,3,-0.0052734119817614555,3,0.16305094957351685
candidate,episode25,61,routing_persistent_hotspot_cluster2,43,4,0,mdl2,b86edd2339b85129,250f44907cff4eef,-1,0.0,2,-0.48213475942611694,3,-0.001475579454563558,3,0.0797126442193985
candidate,episode25,61,routing_persistent_hotspot_cluster2,43,4,1,specimen_transfer:+1x0.05,6acb9e83fba07ebc,250f44907cff4eef,-1,-783098.7707513571,2,-0.4800490736961365,3,0.0006778083625249565,3,0.06974685192108154
candidate,episode25,61,routing_persistent_hotspot_cluster2,43,4,2,specimen_transfer:-1x0.05,27de1e0abebb6cf8,250f44907cff4eef,-1,224641.4535806179,2,-0.4841766059398651,3,-0.0036289673298597336,3,0.12971264123916626
candidate,episode25,61,routing_persistent_hotspot_cluster2,43,4,3,specimen_transfer:+1x0.1,66e7720a18cc1e93,250f44907cff4eef,-1,-882604.3389012814,2,-0.4782399833202362,3,0.00283119548112154,3,0.09538137167692184
candidate,episode25,61,routing_persistent_hotspot_cluster2,43,4,4,specimen_transfer:-1x0.1,ba7698333d101acc,250f44907cff4eef,-1,90797.60279405117,2,-0.4859856367111206,3,-0.005782356020063162,3,0.17971265316009521
candidate,episode25,61,routing_persistent_hotspot_cluster2,43,remaining,0,mdl2,b86edd2339b85129,250f44907cff4eef,-1,0.0,0,-0.48213475942611694,3,-0.001475579454563558,3,0.0797126442193985
candidate,episode25,61,routing_persistent_hotspot_cluster2,43,remaining,1,specimen_transfer:+1x0.05,6acb9e83fba07ebc,250f44907cff4eef,-1,-3523889.218893409,0,-0.4800490736961365,3,0.0006778083625249565,3,0.06974685192108154
candidate,episode25,61,routing_persistent_hotspot_cluster2,43,remaining,2,specimen_transfer:-1x0.05,27de1e0abebb6cf8,250f44907cff4eef,-1,-339824.5230062008,0,-0.4841766059398651,3,-0.0036289673298597336,3,0.12971264123916626
candidate,episode25,61,routing_persistent_hotspot_cluster2,43,remaining,3,specimen_transfer:+1x0.1,66e7720a18cc1e93,250f44907cff4eef,-1,-2328740.730237007,0,-0.4782399833202362,3,0.00283119548112154,3,0.09538137167692184
candidate,episode25,61,routing_persistent_hotspot_cluster2,43,remaining,4,specimen_transfer:-1x0.1,ba7698333d101acc,250f44907cff4eef,-1,-871411.9167903662,0,-0.4859856367111206,3,-0.005782356020063162,3,0.17971265316009521
candidate,episode25,61,routing_persistent_hotspot_cluster2,51,4,0,mdl2,a2065bd63f61f75a,ed7d39a445b74b95,-1,0.0,4,-0.1020306944847107,3,-0.0026156012900173664,3,0.08008315414190292
candidate,episode25,61,routing_persistent_hotspot_cluster2,51,4,1,specimen_transfer:+1x0.05,fd0475150eb8f8d9,ed7d39a445b74b95,-1,-1125838.357328236,4,-0.09990645945072174,3,-0.0006462541641667485,3,0.04700623080134392
candidate,episode25,61,routing_persistent_hotspot_cluster2,51,4,2,specimen_transfer:-1x0.05,9af95d88e17ca9a9,ed7d39a445b74b95,-1,1274120.5220454931,4,-0.10418950766324997,3,-0.004584948532283306,3,0.11316007375717163
candidate,episode25,61,routing_persistent_hotspot_cluster2,51,4,3,specimen_transfer:+1x0.1,f1d6c4d73364ca72,ed7d39a445b74b95,-1,-980149.2634727657,4,-0.09787051379680634,3,0.0013230930780991912,3,0.07561445981264114
candidate,episode25,61,routing_persistent_hotspot_cluster2,51,4,4,specimen_transfer:-1x0.1,570495b6ea3055d0,ed7d39a445b74b95,-1,1570331.0365272313,4,-0.1063108891248703,3,-0.006554295774549246,3,0.15803101658821106
candidate,episode25,61,routing_persistent_hotspot_cluster2,51,remaining,0,mdl2,a2065bd63f61f75a,ed7d39a445b74b95,-1,0.0,4,-0.1020306944847107,3,-0.0026156012900173664,3,0.08008315414190292
candidate,episode25,61,routing_persistent_hotspot_cluster2,51,remaining,1,specimen_transfer:+1x0.05,fd0475150eb8f8d9,ed7d39a445b74b95,-1,-1125838.357328236,4,-0.09990645945072174,3,-0.0006462541641667485,3,0.04700623080134392
candidate,episode25,61,routing_persistent_hotspot_cluster2,51,remaining,2,specimen_transfer:-1x0.05,9af95d88e17ca9a9,ed7d39a445b74b95,-1,1274120.5220454931,4,-0.10418950766324997,3,-0.004584948532283306,3,0.11316007375717163
candidate,episode25,61,routing_persistent_hotspot_cluster2,51,remaining,3,specimen_transfer:+1x0.1,f1d6c4d73364ca72,ed7d39a445b74b95,-1,-980149.2634727657,4,-0.09787051379680634,3,0.0013230930780991912,3,0.07561445981264114
candidate,episode25,61,routing_persistent_hotspot_cluster2,51,remaining,4,specimen_transfer:-1x0.1,570495b6ea3055d0,ed7d39a445b74b95,-1,1570331.0365272313,4,-0.1063108891248703,3,-0.006554295774549246,3,0.15803101658821106
candidate,final,61,routing_persistent_hotspot_cluster2,0,4,0,mdl2,7e43de2692ab18b0,7e43de2692ab18b0,0,0.0,0,-0.199238121509552,4,0.0,4,0.0
candidate,final,61,routing_persistent_hotspot_cluster2,0,4,1,specimen_transfer:+1x0.05,b97e5fdbe022c222,7e43de2692ab18b0,0,0.0,0,-0.20388823747634888,4,-0.004880158696323633,4,0.05000000447034836
candidate,final,61,routing_persistent_hotspot_cluster2,0,4,2,specimen_transfer:-1x0.05,97718ff462c710d4,7e43de2692ab18b0,0,0.0,0,-0.1947249174118042,4,0.004880158696323633,4,0.05000000447034836
candidate,final,61,routing_persistent_hotspot_cluster2,0,4,3,specimen_transfer:+1x0.1,a38529cdc2c89cad,7e43de2692ab18b0,0,0.0,0,-0.20859132707118988,4,-0.009760316461324692,4,0.10000000149011612
candidate,final,61,routing_persistent_hotspot_cluster2,0,4,4,specimen_transfer:-1x0.1,1b9a3fd1e49ba81e,7e43de2692ab18b0,0,0.0,0,-0.1925394982099533,4,0.009760317392647266,4,0.10000000149011612
candidate,final,61,routing_persistent_hotspot_cluster2,0,remaining,0,mdl2,7e43de2692ab18b0,7e43de2692ab18b0,0,0.0,0,-0.199238121509552,4,0.0,4,0.0
candidate,final,61,routing_persistent_hotspot_cluster2,0,remaining,1,specimen_transfer:+1x0.05,b97e5fdbe022c222,7e43de2692ab18b0,0,0.0,0,-0.20388823747634888,4,-0.004880158696323633,4,0.05000000447034836
candidate,final,61,routing_persistent_hotspot_cluster2,0,remaining,2,specimen_transfer:-1x0.05,97718ff462c710d4,7e43de2692ab18b0,0,0.0,0,-0.1947249174118042,4,0.004880158696323633,4,0.05000000447034836
candidate,final,61,routing_persistent_hotspot_cluster2,0,remaining,3,specimen_transfer:+1x0.1,a38529cdc2c89cad,7e43de2692ab18b0,0,0.0,0,-0.20859132707118988,4,-0.009760316461324692,4,0.10000000149011612
candidate,final,61,routing_persistent_hotspot_cluster2,0,remaining,4,specimen_transfer:-1x0.1,1b9a3fd1e49ba81e,7e43de2692ab18b0,0,0.0,0,-0.1925394982099533,4,0.009760317392647266,4,0.10000000149011612
candidate,final,61,routing_persistent_hotspot_cluster2,6,4,0,mdl2,98c96b3fe428dace,98c96b3fe428dace,0,0.0,3,-1.677262544631958,3,0.0,3,0.0
candidate,final,61,routing_persistent_hotspot_cluster2,6,4,1,specimen_transfer:+1x0.05,54d07cf24aaee38b,98c96b3fe428dace,0,1746147.2005438358,3,-1.6774425506591797,3,0.0007784651825204492,3,0.05000000074505806
candidate,final,61,routing_persistent_hotspot_cluster2,6,4,2,specimen_transfer:-1x0.05,0f79c88b71aabb30,98c96b3fe428dace,0,-1431658.9318915755,3,-1.67818021774292,3,-0.0007784651825204492,3,0.05000000074505806
candidate,final,61,routing_persistent_hotspot_cluster2,6,4,3,specimen_transfer:+1x0.1,f7a859ba1a1fabec,98c96b3fe428dace,0,2659610.52476497,3,-1.6765003204345703,3,0.001556930597871542,3,0.10000000149011612
candidate,final,61,routing_persistent_hotspot_cluster2,6,4,4,specimen_transfer:-1x0.1,bc3202d81a17fea0,98c96b3fe428dace,0,-1016458.2998579293,3,-1.6791220903396606,3,-0.0015569303650408983,3,0.10000000149011612
candidate,final,61,routing_persistent_hotspot_cluster2,6,remaining,0,mdl2,98c96b3fe428dace,98c96b3fe428dace,0,0.0,0,-1.677262544631958,3,0.0,3,0.0
candidate,final,61,routing_persistent_hotspot_cluster2,6,remaining,1,specimen_transfer:+1x0.05,54d07cf24aaee38b,98c96b3fe428dace,0,-5300203.562452793,0,-1.6774425506591797,3,0.0007784651825204492,3,0.05000000074505806
candidate,final,61,routing_persistent_hotspot_cluster2,6,remaining,2,specimen_transfer:-1x0.05,0f79c88b71aabb30,98c96b3fe428dace,0,-6240450.904951572,0,-1.67818021774292,3,-0.0007784651825204492,3,0.05000000074505806
candidate,final,61,routing_persistent_hotspot_cluster2,6,remaining,3,specimen_transfer:+1x0.1,f7a859ba1a1fabec,98c96b3fe428dace,0,-8498929.875326633,0,-1.6765003204345703,3,0.001556930597871542,3,0.10000000149011612
candidate,final,61,routing_persistent_hotspot_cluster2,6,remaining,4,specimen_transfer:-1x0.1,bc3202d81a17fea0,98c96b3fe428dace,0,-6667098.343899727,0,-1.6791220903396606,3,-0.0015569303650408983,3,0.10000000149011612
candidate,final,61,routing_persistent_hotspot_cluster2,12,4,0,mdl2,5b20f2cf5b1be49b,5b20f2cf5b1be49b,0,0.0,3,-1.5338525772094727,1,0.0,3,0.0
candidate,final,61,routing_persistent_hotspot_cluster2,12,4,1,specimen_transfer:+1x0.05,43366db58b7c622e,5b20f2cf5b1be49b,0,1696443.8426645398,3,-1.5332427024841309,1,0.0007090516155585647,3,0.05000000074505806
candidate,final,61,routing_persistent_hotspot_cluster2,12,4,2,specimen_transfer:-1x0.05,fce3ed919985ba24,5b20f2cf5b1be49b,0,-233993.28628575802,3,-1.5344785451889038,1,-0.0007090517319738865,3,0.05000000074505806
candidate,final,61,routing_persistent_hotspot_cluster2,12,4,3,specimen_transfer:+1x0.1,8260c51247bbc7e8,5b20f2cf5b1be49b,0,2700537.4736710787,3,-1.5337551832199097,1,0.0014181032311171293,3,0.10000000149011612
candidate,final,61,routing_persistent_hotspot_cluster2,12,4,4,specimen_transfer:-1x0.1,0d32f0541b5e7e90,5b20f2cf5b1be49b,0,434957.91516923904,3,-1.5343005657196045,1,-0.0014181029982864857,3,0.10000000149011612
candidate,final,61,routing_persistent_hotspot_cluster2,12,remaining,0,mdl2,5b20f2cf5b1be49b,5b20f2cf5b1be49b,0,0.0,0,-1.5338525772094727,1,0.0,3,0.0
candidate,final,61,routing_persistent_hotspot_cluster2,12,remaining,1,specimen_transfer:+1x0.05,43366db58b7c622e,5b20f2cf5b1be49b,0,-7023734.607584,0,-1.5332427024841309,1,0.0007090516155585647,3,0.05000000074505806
candidate,final,61,routing_persistent_hotspot_cluster2,12,remaining,2,specimen_transfer:-1x0.05,fce3ed919985ba24,5b20f2cf5b1be49b,0,-2407253.662370205,0,-1.5344785451889038,1,-0.0007090517319738865,3,0.05000000074505806
candidate,final,61,routing_persistent_hotspot_cluster2,12,remaining,3,specimen_transfer:+1x0.1,8260c51247bbc7e8,5b20f2cf5b1be49b,0,-6232411.219634533,0,-1.5337551832199097,1,0.0014181032311171293,3,0.10000000149011612
candidate,final,61,routing_persistent_hotspot_cluster2,12,remaining,4,specimen_transfer:-1x0.1,0d32f0541b5e7e90,5b20f2cf5b1be49b,0,-427934.446518898,0,-1.5343005657196045,1,-0.0014181029982864857,3,0.10000000149011612
candidate,final,61,routing_persistent_hotspot_cluster2,18,4,0,mdl2,132e090317a818dc,f7730751af51fc26,-1,0.0,3,-1.422316312789917,4,0.0011488731252029538,4,0.019665664061903954
candidate,final,61,routing_persistent_hotspot_cluster2,18,4,1,specimen_transfer:+1x0.05,34b59344c7b71b15,f7730751af51fc26,-1,345171.1501045525,3,-1.425150990486145,4,-0.0015096829738467932,4,0.03644419088959694
candidate,final,61,routing_persistent_hotspot_cluster2,18,4,2,specimen_transfer:-1x0.05,d1e3e6bad33c9581,f7730751af51fc26,-1,-1166056.687234193,3,-1.4198830127716064,4,0.003807428991422057,4,0.06463466584682465
candidate,final,61,routing_persistent_hotspot_cluster2,18,4,3,specimen_transfer:+1x0.1,cc3fc4715c1b375e,f7730751af51fc26,-1,1274034.333469957,3,-1.4282965660095215,4,-0.004168238490819931,4,0.08536533266305923
candidate,final,61,routing_persistent_hotspot_cluster2,18,4,4,specimen_transfer:-1x0.1,4fb7bb7edc2125f8,f7730751af51fc26,-1,-1449730.5976397991,3,-1.416834831237793,4,0.00646598543971777,4,0.114634670317173
candidate,final,61,routing_persistent_hotspot_cluster2,18,remaining,0,mdl2,132e090317a818dc,f7730751af51fc26,-1,0.0,2,-1.422316312789917,4,0.0011488731252029538,4,0.019665664061903954
candidate,final,61,routing_persistent_hotspot_cluster2,18,remaining,1,specimen_transfer:+1x0.05,34b59344c7b71b15,f7730751af51fc26,-1,597084.8204336166,2,-1.425150990486145,4,-0.0015096829738467932,4,0.03644419088959694
candidate,final,61,routing_persistent_hotspot_cluster2,18,remaining,2,specimen_transfer:-1x0.05,d1e3e6bad33c9581,f7730751af51fc26,-1,1643857.7732179165,2,-1.4198830127716064,4,0.003807428991422057,4,0.06463466584682465
candidate,final,61,routing_persistent_hotspot_cluster2,18,remaining,3,specimen_transfer:+1x0.1,cc3fc4715c1b375e,f7730751af51fc26,-1,-134894.62226343155,2,-1.4282965660095215,4,-0.004168238490819931,4,0.08536533266305923
candidate,final,61,routing_persistent_hotspot_cluster2,18,remaining,4,specimen_transfer:-1x0.1,4fb7bb7edc2125f8,f7730751af51fc26,-1,823627.0352666378,2,-1.416834831237793,4,0.00646598543971777,4,0.114634670317173
candidate,final,61,routing_persistent_hotspot_cluster2,25,4,0,mdl2,e066899939fc982e,e066899939fc982e,0,0.0,3,-1.2494264841079712,4,0.0,4,0.0
candidate,final,61,routing_persistent_hotspot_cluster2,25,4,1,specimen_transfer:+1x0.05,54d6330aefbec110,e066899939fc982e,0,915908.136139363,3,-1.2500163316726685,4,-0.0007189130410552025,4,0.05000000074505806
candidate,final,61,routing_persistent_hotspot_cluster2,25,4,2,specimen_transfer:-1x0.05,9fe64ccf81d7073c,e066899939fc982e,0,-2182060.8800405264,3,-1.2486851215362549,4,0.000718913390301168,4,0.05000000074505806
candidate,final,61,routing_persistent_hotspot_cluster2,25,4,3,specimen_transfer:+1x0.1,5d0c14bdc81772ca,e066899939fc982e,0,3222004.660843432,3,-1.2504618167877197,4,-0.0014378263149410486,4,0.10000000149011612
candidate,final,61,routing_persistent_hotspot_cluster2,25,4,4,specimen_transfer:-1x0.1,534ed743ccca1b83,e066899939fc982e,0,-3194661.2184571624,3,-1.248238205909729,4,0.0014378263149410486,4,0.10000000149011612
candidate,final,61,routing_persistent_hotspot_cluster2,25,remaining,0,mdl2,e066899939fc982e,e066899939fc982e,0,0.0,3,-1.2494264841079712,4,0.0,4,0.0
candidate,final,61,routing_persistent_hotspot_cluster2,25,remaining,1,specimen_transfer:+1x0.05,54d6330aefbec110,e066899939fc982e,0,731323.4265756607,3,-1.2500163316726685,4,-0.0007189130410552025,4,0.05000000074505806
candidate,final,61,routing_persistent_hotspot_cluster2,25,remaining,2,specimen_transfer:-1x0.05,9fe64ccf81d7073c,e066899939fc982e,0,1326020.3791983128,3,-1.2486851215362549,4,0.000718913390301168,4,0.05000000074505806
candidate,final,61,routing_persistent_hotspot_cluster2,25,remaining,3,specimen_transfer:+1x0.1,5d0c14bdc81772ca,e066899939fc982e,0,4668715.758307457,3,-1.2504618167877197,4,-0.0014378263149410486,4,0.10000000149011612
candidate,final,61,routing_persistent_hotspot_cluster2,25,remaining,4,specimen_transfer:-1x0.1,534ed743ccca1b83,e066899939fc982e,0,3349584.581875801,3,-1.248238205909729,4,0.0014378263149410486,4,0.10000000149011612
candidate,final,61,routing_persistent_hotspot_cluster2,31,4,0,mdl2,d300049ac714cf36,f77c1710c3817917,-1,0.0,3,-0.8044611811637878,3,0.0006186792743392289,3,0.042529236525297165
candidate,final,61,routing_persistent_hotspot_cluster2,31,4,1,specimen_transfer:+1x0.05,253dcb7e8e719f76,f77c1710c3817917,-1,1663585.9106191099,3,-0.8042819499969482,3,0.0010562872048467398,3,0.02313409000635147
candidate,final,61,routing_persistent_hotspot_cluster2,31,4,2,specimen_transfer:-1x0.05,20dc6c75fc5fdbe0,f77c1710c3817917,-1,-4189665.0148768425,3,-0.8051413297653198,3,0.00018107154755853117,3,0.07972408831119537
candidate,final,61,routing_persistent_hotspot_cluster2,31,4,3,specimen_transfer:+1x0.1,f726da848e3bd64b,f77c1710c3817917,-1,4035474.098065108,3,-0.8038579225540161,3,0.0014938953099772334,3,0.07027591019868851
candidate,final,61,routing_persistent_hotspot_cluster2,31,4,4,specimen_transfer:-1x0.1,bc0531d271a6d6f6,f77c1710c3817917,-1,-5078170.638617516,3,-0.8057112693786621,3,-0.0002565367612987757,3,0.12972408533096313
candidate,final,61,routing_persistent_hotspot_cluster2,31,remaining,0,mdl2,d300049ac714cf36,f77c1710c3817917,-1,0.0,4,-0.8044611811637878,3,0.0006186792743392289,3,0.042529236525297165
candidate,final,61,routing_persistent_hotspot_cluster2,31,remaining,1,specimen_transfer:+1x0.05,253dcb7e8e719f76,f77c1710c3817917,-1,1936256.3896081448,4,-0.8042819499969482,3,0.0010562872048467398,3,0.02313409000635147
candidate,final,61,routing_persistent_hotspot_cluster2,31,remaining,2,specimen_transfer:-1x0.05,20dc6c75fc5fdbe0,f77c1710c3817917,-1,2759312.4987185,4,-0.8051413297653198,3,0.00018107154755853117,3,0.07972408831119537
candidate,final,61,routing_persistent_hotspot_cluster2,31,remaining,3,specimen_transfer:+1x0.1,f726da848e3bd64b,f77c1710c3817917,-1,4738488.626751661,4,-0.8038579225540161,3,0.0014938953099772334,3,0.07027591019868851
candidate,final,61,routing_persistent_hotspot_cluster2,31,remaining,4,specimen_transfer:-1x0.1,bc0531d271a6d6f6,f77c1710c3817917,-1,6308532.362659931,4,-0.8057112693786621,3,-0.0002565367612987757,3,0.12972408533096313
candidate,final,61,routing_persistent_hotspot_cluster2,37,4,0,mdl2,1cc751d2994b65e1,b55bacd08d6f1d30,-1,0.0,0,-0.6519070863723755,2,-0.00363887008279562,3,0.0628017708659172
candidate,final,61,routing_persistent_hotspot_cluster2,37,4,1,specimen_transfer:+1x0.05,d6c373264d6fc224,b55bacd08d6f1d30,-1,-110517.0399979055,0,-0.6521204710006714,2,-0.003505826462060213,3,0.02754513919353485
candidate,final,61,routing_persistent_hotspot_cluster2,37,4,2,specimen_transfer:-1x0.05,3fe5f60e5b24dca5,b55bacd08d6f1d30,-1,-826304.6871368885,0,-0.6516939401626587,2,-0.003771914867684245,3,0.11280177533626556
candidate,final,61,routing_persistent_hotspot_cluster2,37,4,3,specimen_transfer:+1x0.1,3b165a06db3f41b7,b55bacd08d6f1d30,-1,-110517.0399979055,0,-0.652396559715271,2,-0.00337278307415545,3,0.05431383475661278
candidate,final,61,routing_persistent_hotspot_cluster2,37,4,4,specimen_transfer:-1x0.1,b134dee64e436c21,b55bacd08d6f1d30,-1,-826304.6871368885,0,-0.6517691612243652,2,-0.0039049580227583647,3,0.16280177235603333
candidate,final,61,routing_persistent_hotspot_cluster2,37,remaining,0,mdl2,1cc751d2994b65e1,b55bacd08d6f1d30,-1,0.0,2,-0.6519070863723755,2,-0.00363887008279562,3,0.0628017708659172
candidate,final,61,routing_persistent_hotspot_cluster2,37,remaining,1,specimen_transfer:+1x0.05,d6c373264d6fc224,b55bacd08d6f1d30,-1,-1229415.740502596,2,-0.6521204710006714,2,-0.003505826462060213,3,0.02754513919353485
candidate,final,61,routing_persistent_hotspot_cluster2,37,remaining,2,specimen_transfer:-1x0.05,3fe5f60e5b24dca5,b55bacd08d6f1d30,-1,1066708.8816514015,2,-0.6516939401626587,2,-0.003771914867684245,3,0.11280177533626556
candidate,final,61,routing_persistent_hotspot_cluster2,37,remaining,3,specimen_transfer:+1x0.1,3b165a06db3f41b7,b55bacd08d6f1d30,-1,-1229415.740502596,2,-0.652396559715271,2,-0.00337278307415545,3,0.05431383475661278
candidate,final,61,routing_persistent_hotspot_cluster2,37,remaining,4,specimen_transfer:-1x0.1,b134dee64e436c21,b55bacd08d6f1d30,-1,1066708.8816514015,2,-0.6517691612243652,2,-0.0039049580227583647,3,0.16280177235603333
candidate,final,61,routing_persistent_hotspot_cluster2,43,4,0,mdl2,b86edd2339b85129,250f44907cff4eef,-1,0.0,2,-0.4142817556858063,3,-0.00029223039746284485,3,0.07926581054925919
candidate,final,61,routing_persistent_hotspot_cluster2,43,4,1,specimen_transfer:+1x0.05,6acb9e83fba07ebc,250f44907cff4eef,-1,-783098.7707513571,2,-0.41347941756248474,3,0.0005323825753293931,3,0.07022010535001755
candidate,final,61,routing_persistent_hotspot_cluster2,43,4,2,specimen_transfer:-1x0.05,27de1e0abebb6cf8,250f44907cff4eef,-1,224641.4535806179,2,-0.4149923026561737,3,-0.001116843312047422,3,0.12926581501960754
candidate,final,61,routing_persistent_hotspot_cluster2,43,4,3,specimen_transfer:+1x0.1,66e7720a18cc1e93,250f44907cff4eef,-1,-882604.3389012814,2,-0.41284099221229553,3,0.0013569954317063093,3,0.09585462510585785
candidate,final,61,routing_persistent_hotspot_cluster2,43,4,4,specimen_transfer:-1x0.1,ba7698333d101acc,250f44907cff4eef,-1,90797.60279405117,2,-0.4156157076358795,3,-0.0019414561102166772,3,0.1792658120393753
candidate,final,61,routing_persistent_hotspot_cluster2,43,remaining,0,mdl2,b86edd2339b85129,250f44907cff4eef,-1,0.0,0,-0.4142817556858063,3,-0.00029223039746284485,3,0.07926581054925919
candidate,final,61,routing_persistent_hotspot_cluster2,43,remaining,1,specimen_transfer:+1x0.05,6acb9e83fba07ebc,250f44907cff4eef,-1,-3523889.218893409,0,-0.41347941756248474,3,0.0005323825753293931,3,0.07022010535001755
candidate,final,61,routing_persistent_hotspot_cluster2,43,remaining,2,specimen_transfer:-1x0.05,27de1e0abebb6cf8,250f44907cff4eef,-1,-339824.5230062008,0,-0.4149923026561737,3,-0.001116843312047422,3,0.12926581501960754
candidate,final,61,routing_persistent_hotspot_cluster2,43,remaining,3,specimen_transfer:+1x0.1,66e7720a18cc1e93,250f44907cff4eef,-1,-2328740.730237007,0,-0.41284099221229553,3,0.0013569954317063093,3,0.09585462510585785
candidate,final,61,routing_persistent_hotspot_cluster2,43,remaining,4,specimen_transfer:-1x0.1,ba7698333d101acc,250f44907cff4eef,-1,-871411.9167903662,0,-0.4156157076358795,3,-0.0019414561102166772,3,0.1792658120393753
candidate,final,61,routing_persistent_hotspot_cluster2,51,4,0,mdl2,a2065bd63f61f75a,ed7d39a445b74b95,-1,0.0,4,-0.1121094822883606,3,-0.0004763867473229766,3,0.07978425920009613
candidate,final,61,routing_persistent_hotspot_cluster2,51,4,1,specimen_transfer:+1x0.05,fd0475150eb8f8d9,ed7d39a445b74b95,-1,-1125838.357328236,4,-0.11108101159334183,3,0.0004518445348367095,3,0.046707335859537125
candidate,final,61,routing_persistent_hotspot_cluster2,51,4,2,specimen_transfer:-1x0.05,9af95d88e17ca9a9,ed7d39a445b74b95,-1,1274120.5220454931,4,-0.11313797533512115,3,-0.0014046181458979845,3,0.11286118626594543
candidate,final,61,routing_persistent_hotspot_cluster2,51,4,3,specimen_transfer:+1x0.1,f1d6c4d73364ca72,ed7d39a445b74b95,-1,-980149.2634727657,4,-0.11008191108703613,3,0.0013800759334117174,3,0.0755435973405838
candidate,final,61,routing_persistent_hotspot_cluster2,51,4,4,specimen_transfer:-1x0.1,570495b6ea3055d0,ed7d39a445b74b95,-1,1570331.0365272313,4,-0.11409197747707367,3,-0.002332849195227027,3,0.15753920376300812
candidate,final,61,routing_persistent_hotspot_cluster2,51,remaining,0,mdl2,a2065bd63f61f75a,ed7d39a445b74b95,-1,0.0,4,-0.1121094822883606,3,-0.0004763867473229766,3,0.07978425920009613
candidate,final,61,routing_persistent_hotspot_cluster2,51,remaining,1,specimen_transfer:+1x0.05,fd0475150eb8f8d9,ed7d39a445b74b95,-1,-1125838.357328236,4,-0.11108101159334183,3,0.0004518445348367095,3,0.046707335859537125
candidate,final,61,routing_persistent_hotspot_cluster2,51,remaining,2,specimen_transfer:-1x0.05,9af95d88e17ca9a9,ed7d39a445b74b95,-1,1274120.5220454931,4,-0.11313797533512115,3,-0.0014046181458979845,3,0.11286118626594543
candidate,final,61,routing_persistent_hotspot_cluster2,51,remaining,3,specimen_transfer:+1x0.1,f1d6c4d73364ca72,ed7d39a445b74b95,-1,-980149.2634727657,4,-0.11008191108703613,3,0.0013800759334117174,3,0.0755435973405838
candidate,final,61,routing_persistent_hotspot_cluster2,51,remaining,4,specimen_transfer:-1x0.1,570495b6ea3055d0,ed7d39a445b74b95,-1,1570331.0365272313,4,-0.11409197747707367,3,-0.002332849195227027,3,0.15753920376300812
control,pretrain,62,routing_persistent_hotspot_cluster3,0,4,0,mdl2,eaa97ef267d0ab97,eaa97ef267d0ab97,0,0.0,0,0.046894371509552,4,0.0,4,0.0
control,pretrain,62,routing_persistent_hotspot_cluster3,0,4,1,specimen_transfer:+1x0.05,e2fdea490eed1e1c,eaa97ef267d0ab97,0,0.0,0,0.04637817293405533,4,-0.0005047734011895955,4,0.05000000447034836
control,pretrain,62,routing_persistent_hotspot_cluster3,0,4,2,specimen_transfer:-1x0.05,09a687cb0629bcef,eaa97ef267d0ab97,0,0.0,0,0.04741053655743599,4,0.0005047734011895955,4,0.05000000074505806
control,pretrain,62,routing_persistent_hotspot_cluster3,0,4,3,specimen_transfer:+1x0.1,e53f2b429134e05e,eaa97ef267d0ab97,0,0.0,0,0.04586197808384895,4,-0.001009546802379191,4,0.10000000894069672
control,pretrain,62,routing_persistent_hotspot_cluster3,0,4,4,specimen_transfer:-1x0.1,d29d0dc933965624,eaa97ef267d0ab97,0,0.0,0,0.047926753759384155,4,0.001009546802379191,4,0.10000000149011612
control,pretrain,62,routing_persistent_hotspot_cluster3,0,remaining,0,mdl2,eaa97ef267d0ab97,eaa97ef267d0ab97,0,0.0,0,0.046894371509552,4,0.0,4,0.0
control,pretrain,62,routing_persistent_hotspot_cluster3,0,remaining,1,specimen_transfer:+1x0.05,e2fdea490eed1e1c,eaa97ef267d0ab97,0,0.0,0,0.04637817293405533,4,-0.0005047734011895955,4,0.05000000447034836
control,pretrain,62,routing_persistent_hotspot_cluster3,0,remaining,2,specimen_transfer:-1x0.05,09a687cb0629bcef,eaa97ef267d0ab97,0,0.0,0,0.04741053655743599,4,0.0005047734011895955,4,0.05000000074505806
control,pretrain,62,routing_persistent_hotspot_cluster3,0,remaining,3,specimen_transfer:+1x0.1,e53f2b429134e05e,eaa97ef267d0ab97,0,0.0,0,0.04586197808384895,4,-0.001009546802379191,4,0.10000000894069672
control,pretrain,62,routing_persistent_hotspot_cluster3,0,remaining,4,specimen_transfer:-1x0.1,d29d0dc933965624,eaa97ef267d0ab97,0,0.0,0,0.047926753759384155,4,0.001009546802379191,4,0.10000000149011612
control,pretrain,62,routing_persistent_hotspot_cluster3,6,4,0,mdl2,f270121a4f06533f,f270121a4f06533f,0,0.0,3,-0.2859560251235962,4,0.0,4,0.0
control,pretrain,62,routing_persistent_hotspot_cluster3,6,4,1,specimen_transfer:+1x0.05,7a8297726878c05d,f270121a4f06533f,0,2404796.0886348486,3,-0.28754132986068726,4,-0.0016854074783623219,4,0.05000000074505806
control,pretrain,62,routing_persistent_hotspot_cluster3,6,4,2,specimen_transfer:-1x0.05,b64f83216be2ace8,f270121a4f06533f,0,469109.7455332279,3,-0.28435367345809937,4,0.0016854074783623219,4,0.05000000074505806
control,pretrain,62,routing_persistent_hotspot_cluster3,6,4,3,specimen_transfer:+1x0.1,ab03376af6083799,f270121a4f06533f,0,4433372.346143812,3,-0.2893339991569519,4,-0.0033708149567246437,4,0.10000000149011612
control,pretrain,62,routing_persistent_hotspot_cluster3,6,4,4,specimen_transfer:-1x0.1,f000dcc0128ea80a,f270121a4f06533f,0,17523.43594995141,3,-0.2825273871421814,4,0.0033708149567246437,4,0.10000000149011612
control,pretrain,62,routing_persistent_hotspot_cluster3,6,remaining,0,mdl2,f270121a4f06533f,f270121a4f06533f,0,0.0,0,-0.2859560251235962,4,0.0,4,0.0
control,pretrain,62,routing_persistent_hotspot_cluster3,6,remaining,1,specimen_transfer:+1x0.05,7a8297726878c05d,f270121a4f06533f,0,-873023.5990519524,0,-0.28754132986068726,4,-0.0016854074783623219,4,0.05000000074505806
control,pretrain,62,routing_persistent_hotspot_cluster3,6,remaining,2,specimen_transfer:-1x0.05,b64f83216be2ace8,f270121a4f06533f,0,-10598304.5651865,0,-0.28435367345809937,4,0.0016854074783623219,4,0.05000000074505806
control,pretrain,62,routing_persistent_hotspot_cluster3,6,remaining,3,specimen_transfer:+1x0.1,ab03376af6083799,f270121a4f06533f,0,-2909011.372448921,0,-0.2893339991569519,4,-0.0033708149567246437,4,0.10000000149011612
control,pretrain,62,routing_persistent_hotspot_cluster3,6,remaining,4,specimen_transfer:-1x0.1,f000dcc0128ea80a,f270121a4f06533f,0,-53455388.20132208,0,-0.2825273871421814,4,0.0033708149567246437,4,0.10000000149011612
control,pretrain,62,routing_persistent_hotspot_cluster3,12,4,0,mdl2,d5df6acafe755473,d5df6acafe755473,0,0.0,3,-0.437843918800354,2,0.0,4,0.0
control,pretrain,62,routing_persistent_hotspot_cluster3,12,4,1,specimen_transfer:+1x0.05,91b35549e187f07b,d5df6acafe755473,0,214943.96192750335,3,-0.4380301237106323,2,-0.00020844265236519277,4,0.05000000074505806
control,pretrain,62,routing_persistent_hotspot_cluster3,12,4,2,specimen_transfer:-1x0.05,569860b9b634e1b7,d5df6acafe755473,0,-1292235.967717737,3,-0.43765780329704285,2,0.00020844265236519277,4,0.05000000074505806
control,pretrain,62,routing_persistent_hotspot_cluster3,12,4,3,specimen_transfer:+1x0.1,1f56b34a6cf8228d,d5df6acafe755473,0,757911.0916089118,3,-0.43801841139793396,2,-0.00041688530473038554,4,0.10000000149011612
control,pretrain,62,routing_persistent_hotspot_cluster3,12,4,4,specimen_transfer:-1x0.1,97e0c504d809cd82,d5df6acafe755473,0,-363841.7661485374,3,-0.43766945600509644,2,0.00041688530473038554,4,0.10000000149011612
control,pretrain,62,routing_persistent_hotspot_cluster3,12,remaining,0,mdl2,d5df6acafe755473,d5df6acafe755473,0,0.0,3,-0.437843918800354,2,0.0,4,0.0
control,pretrain,62,routing_persistent_hotspot_cluster3,12,remaining,1,specimen_transfer:+1x0.05,91b35549e187f07b,d5df6acafe755473,0,-168840.45958852768,3,-0.4380301237106323,2,-0.00020844265236519277,4,0.05000000074505806
control,pretrain,62,routing_persistent_hotspot_cluster3,12,remaining,2,specimen_transfer:-1x0.05,569860b9b634e1b7,d5df6acafe755473,0,-3045562.4411273003,3,-0.43765780329704285,2,0.00020844265236519277,4,0.05000000074505806
control,pretrain,62,routing_persistent_hotspot_cluster3,12,remaining,3,specimen_transfer:+1x0.1,1f56b34a6cf8228d,d5df6acafe755473,0,1799199.9735293388,3,-0.43801841139793396,2,-0.00041688530473038554,4,0.10000000149011612
control,pretrain,62,routing_persistent_hotspot_cluster3,12,remaining,4,specimen_transfer:-1x0.1,97e0c504d809cd82,d5df6acafe755473,0,-6644983.243451595,3,-0.43766945600509644,2,0.00041688530473038554,4,0.10000000149011612
control,pretrain,62,routing_persistent_hotspot_cluster3,18,4,0,mdl2,f048c8e3c2d32677,f048c8e3c2d32677,0,0.0,3,-0.48740285634994507,1,0.0,3,0.0
control,pretrain,62,routing_persistent_hotspot_cluster3,18,4,1,specimen_transfer:+1x0.05,2769539c73cea9d9,f048c8e3c2d32677,0,803345.5377002954,3,-0.48705559968948364,1,0.00012943745241500437,3,0.05000000074505806
control,pretrain,62,routing_persistent_hotspot_cluster3,18,4,2,specimen_transfer:-1x0.05,ae7b9ac3ad909c48,f048c8e3c2d32677,0,-1357091.7629294395,3,-0.48775023221969604,1,-0.00012943745241500437,3,0.05000000074505806
control,pretrain,62,routing_persistent_hotspot_cluster3,18,4,3,specimen_transfer:+1x0.1,4012c37508b27079,f048c8e3c2d32677,0,2157102.541450113,3,-0.48717063665390015,1,0.00025887490483000875,3,0.10000000149011612
control,pretrain,62,routing_persistent_hotspot_cluster3,18,4,4,specimen_transfer:-1x0.1,1aa775b4ac421374,f048c8e3c2d32677,0,-3778442.4517261684,3,-0.4875503182411194,1,-0.00025887490483000875,3,0.10000000149011612
control,pretrain,62,routing_persistent_hotspot_cluster3,18,remaining,0,mdl2,f048c8e3c2d32677,f048c8e3c2d32677,0,0.0,0,-0.48740285634994507,1,0.0,3,0.0
control,pretrain,62,routing_persistent_hotspot_cluster3,18,remaining,1,specimen_transfer:+1x0.05,2769539c73cea9d9,f048c8e3c2d32677,0,-4109504.1738402843,0,-0.48705559968948364,1,0.00012943745241500437,3,0.05000000074505806
control,pretrain,62,routing_persistent_hotspot_cluster3,18,remaining,2,specimen_transfer:-1x0.05,ae7b9ac3ad909c48,f048c8e3c2d32677,0,-7929038.016451597,0,-0.48775023221969604,1,-0.00012943745241500437,3,0.05000000074505806
control,pretrain,62,routing_persistent_hotspot_cluster3,18,remaining,3,specimen_transfer:+1x0.1,4012c37508b27079,f048c8e3c2d32677,0,-7222694.630996704,0,-0.48717063665390015,1,0.00025887490483000875,3,0.10000000149011612
control,pretrain,62,routing_persistent_hotspot_cluster3,18,remaining,4,specimen_transfer:-1x0.1,1aa775b4ac421374,f048c8e3c2d32677,0,-1739249.1384174824,0,-0.4875503182411194,1,-0.00025887490483000875,3,0.10000000149011612
control,pretrain,62,routing_persistent_hotspot_cluster3,25,4,0,mdl2,6da7631c3284f0a1,6da7631c3284f0a1,0,0.0,3,-0.612233579158783,3,0.0,3,0.0
control,pretrain,62,routing_persistent_hotspot_cluster3,25,4,1,specimen_transfer:+1x0.05,8774a6ecb220f39e,6da7631c3284f0a1,0,489486.7940042317,3,-0.6110350489616394,3,0.0011759293265640736,3,0.05000000074505806
control,pretrain,62,routing_persistent_hotspot_cluster3,25,4,2,specimen_transfer:-1x0.05,ed32ab2290dbdf05,6da7631c3284f0a1,0,-2303001.9762378633,3,-0.6134828925132751,3,-0.0011759293265640736,3,0.05000000074505806
control,pretrain,62,routing_persistent_hotspot_cluster3,25,4,3,specimen_transfer:+1x0.1,8c4e8e903bf6efc8,6da7631c3284f0a1,0,652565.9881017506,3,-0.6098261475563049,3,0.002351858653128147,3,0.10000000149011612
control,pretrain,62,routing_persistent_hotspot_cluster3,25,4,4,specimen_transfer:-1x0.1,9c276b3972853783,6da7631c3284f0a1,0,-5330345.949179947,3,-0.6145382523536682,3,-0.002351858653128147,3,0.10000000149011612
control,pretrain,62,routing_persistent_hotspot_cluster3,25,remaining,0,mdl2,6da7631c3284f0a1,6da7631c3284f0a1,0,0.0,1,-0.612233579158783,3,0.0,3,0.0
control,pretrain,62,routing_persistent_hotspot_cluster3,25,remaining,1,specimen_transfer:+1x0.05,8774a6ecb220f39e,6da7631c3284f0a1,0,6562020.832865715,1,-0.6110350489616394,3,0.0011759293265640736,3,0.05000000074505806
control,pretrain,62,routing_persistent_hotspot_cluster3,25,remaining,2,specimen_transfer:-1x0.05,ed32ab2290dbdf05,6da7631c3284f0a1,0,4086393.0174384117,1,-0.6134828925132751,3,-0.0011759293265640736,3,0.05000000074505806
control,pretrain,62,routing_persistent_hotspot_cluster3,25,remaining,3,specimen_transfer:+1x0.1,8c4e8e903bf6efc8,6da7631c3284f0a1,0,3751747.043079853,1,-0.6098261475563049,3,0.002351858653128147,3,0.10000000149011612
control,pretrain,62,routing_persistent_hotspot_cluster3,25,remaining,4,specimen_transfer:-1x0.1,9c276b3972853783,6da7631c3284f0a1,0,4661899.3099451065,1,-0.6145382523536682,3,-0.002351858653128147,3,0.10000000149011612
control,pretrain,62,routing_persistent_hotspot_cluster3,31,4,0,mdl2,f7ccf5ede5ef50ff,87c6ff3022068de8,-1,0.0,0,-0.6967906355857849,3,-0.0018666675314307213,3,0.05293628200888634
control,pretrain,62,routing_persistent_hotspot_cluster3,31,4,1,specimen_transfer:+1x0.05,83725b522f9b45e9,87c6ff3022068de8,-1,-1460243.5587589443,0,-0.6961646676063538,3,-0.0011485253926366568,3,0.03560888022184372
control,pretrain,62,routing_persistent_hotspot_cluster3,31,4,2,specimen_transfer:-1x0.05,647cf40a784a527e,87c6ff3022068de8,-1,-1928824.9635088742,0,-0.6974168419837952,3,-0.002584809670224786,3,0.08195042610168457
control,pretrain,62,routing_persistent_hotspot_cluster3,31,4,3,specimen_transfer:+1x0.1,f4b994316308f5b5,87c6ff3022068de8,-1,-1716418.6836223304,0,-0.6954450011253357,3,-0.00043038331205025315,3,0.06951603293418884
control,pretrain,62,routing_persistent_hotspot_cluster3,31,4,4,specimen_transfer:-1x0.1,ece9a19299ad8541,87c6ff3022068de8,-1,-2209023.0609427392,0,-0.6981363892555237,3,-0.0033029518090188503,3,0.1304839700460434
control,pretrain,62,routing_persistent_hotspot_cluster3,31,remaining,0,mdl2,f7ccf5ede5ef50ff,87c6ff3022068de8,-1,0.0,4,-0.6967906355857849,3,-0.0018666675314307213,3,0.05293628200888634
control,pretrain,62,routing_persistent_hotspot_cluster3,31,remaining,1,specimen_transfer:+1x0.05,83725b522f9b45e9,87c6ff3022068de8,-1,-1687819.0221292973,4,-0.6961646676063538,3,-0.0011485253926366568,3,0.03560888022184372
control,pretrain,62,routing_persistent_hotspot_cluster3,31,remaining,2,specimen_transfer:-1x0.05,647cf40a784a527e,87c6ff3022068de8,-1,899098.6177818775,4,-0.6974168419837952,3,-0.002584809670224786,3,0.08195042610168457
control,pretrain,62,routing_persistent_hotspot_cluster3,31,remaining,3,specimen_transfer:+1x0.1,f4b994316308f5b5,87c6ff3022068de8,-1,-928165.8858852386,4,-0.6954450011253357,3,-0.00043038331205025315,3,0.06951603293418884
control,pretrain,62,routing_persistent_hotspot_cluster3,31,remaining,4,specimen_transfer:-1x0.1,ece9a19299ad8541,87c6ff3022068de8,-1,1782963.2958402634,4,-0.6981363892555237,3,-0.0033029518090188503,3,0.1304839700460434
control,pretrain,62,routing_persistent_hotspot_cluster3,37,4,0,mdl2,7e6caf51bf96e42a,5e12d9ffff983cab,-1,0.0,3,-0.45141303539276123,4,-0.0006434387760236859,4,0.03966221958398819
control,pretrain,62,routing_persistent_hotspot_cluster3,37,4,1,specimen_transfer:+1x0.05,c9ebc2c1083262be,5e12d9ffff983cab,-1,575330.2657678127,3,-0.4515175223350525,4,-0.000784036994446069,4,0.020750490948557854
control,pretrain,62,routing_persistent_hotspot_cluster3,37,4,2,specimen_transfer:-1x0.05,e067517e06c0a64f,5e12d9ffff983cab,-1,-1617672.1513651907,3,-0.4512489140033722,4,-0.0005028409068472683,4,0.08538605272769928
control,pretrain,62,routing_persistent_hotspot_cluster3,37,4,3,specimen_transfer:+1x0.1,c42a9f26fdf1d64d,5e12d9ffff983cab,-1,842671.7982469499,3,-0.45146307349205017,4,-0.0009246350964531302,4,0.06526844948530197
control,pretrain,62,routing_persistent_hotspot_cluster3,37,4,4,specimen_transfer:-1x0.1,9fd3c67c1547b516,5e12d9ffff983cab,-1,-3316021.403345108,3,-0.4509417414665222,4,-0.0003622429212555289,4,0.13538604974746704
control,pretrain,62,routing_persistent_hotspot_cluster3,37,remaining,0,mdl2,7e6caf51bf96e42a,5e12d9ffff983cab,-1,0.0,1,-0.45141303539276123,4,-0.0006434387760236859,4,0.03966221958398819
control,pretrain,62,routing_persistent_hotspot_cluster3,37,remaining,1,specimen_transfer:+1x0.05,c9ebc2c1083262be,5e12d9ffff983cab,-1,3851408.617185831,1,-0.4515175223350525,4,-0.000784036994446069,4,0.020750490948557854
control,pretrain,62,routing_persistent_hotspot_cluster3,37,remaining,2,specimen_transfer:-1x0.05,e067517e06c0a64f,5e12d9ffff983cab,-1,-5513703.039424896,1,-0.4512489140033722,4,-0.0005028409068472683,4,0.08538605272769928
control,pretrain,62,routing_persistent_hotspot_cluster3,37,remaining,3,specimen_transfer:+1x0.1,c42a9f26fdf1d64d,5e12d9ffff983cab,-1,2348038.362417817,1,-0.45146307349205017,4,-0.0009246350964531302,4,0.06526844948530197
control,pretrain,62,routing_persistent_hotspot_cluster3,37,remaining,4,specimen_transfer:-1x0.1,9fd3c67c1547b516,5e12d9ffff983cab,-1,-8625846.725365162,1,-0.4509417414665222,4,-0.0003622429212555289,4,0.13538604974746704
control,pretrain,62,routing_persistent_hotspot_cluster3,43,4,0,mdl2,08eb99e7f3f8746a,84fe6f2cc12a9f69,-1,0.0,1,-0.3795647621154785,4,-0.00041292316745966673,4,0.060350727289915085
control,pretrain,62,routing_persistent_hotspot_cluster3,43,4,1,specimen_transfer:+1x0.05,e4aed89f83c51a2e,84fe6f2cc12a9f69,-1,189074.31447026134,1,-0.38061875104904175,4,-0.0012499598087742925,4,0.024599507451057434
control,pretrain,62,routing_persistent_hotspot_cluster3,43,4,2,specimen_transfer:-1x0.05,a94dc469e9afc4e7,84fe6f2cc12a9f69,-1,-1343527.5138153434,1,-0.37850868701934814,4,0.00042411359027028084,4,0.11035072803497314
control,pretrain,62,routing_persistent_hotspot_cluster3,43,4,3,specimen_transfer:+1x0.1,1260e6cb4439dfbd,84fe6f2cc12a9f69,-1,-680980.6571043134,1,-0.38130849599838257,4,-0.00208699656650424,4,0.05703406780958176
control,pretrain,62,routing_persistent_hotspot_cluster3,43,4,4,specimen_transfer:-1x0.1,b4dd5a54e207989f,84fe6f2cc12a9f69,-1,-1958760.3375896513,1,-0.37784022092819214,4,0.001261149882338941,4,0.1603507250547409
control,pretrain,62,routing_persistent_hotspot_cluster3,43,remaining,0,mdl2,08eb99e7f3f8746a,84fe6f2cc12a9f69,-1,0.0,1,-0.3795647621154785,4,-0.00041292316745966673,4,0.060350727289915085
control,pretrain,62,routing_persistent_hotspot_cluster3,43,remaining,1,specimen_transfer:+1x0.05,e4aed89f83c51a2e,84fe6f2cc12a9f69,-1,1187160.3478164673,1,-0.38061875104904175,4,-0.0012499598087742925,4,0.024599507451057434
control,pretrain,62,routing_persistent_hotspot_cluster3,43,remaining,2,specimen_transfer:-1x0.05,a94dc469e9afc4e7,84fe6f2cc12a9f69,-1,-59814.01382166147,1,-0.37850868701934814,4,0.00042411359027028084,4,0.11035072803497314
control,pretrain,62,routing_persistent_hotspot_cluster3,43,remaining,3,specimen_transfer:+1x0.1,1260e6cb4439dfbd,84fe6f2cc12a9f69,-1,928868.7672156096,1,-0.38130849599838257,4,-0.00208699656650424,4,0.05703406780958176
control,pretrain,62,routing_persistent_hotspot_cluster3,43,remaining,4,specimen_transfer:-1x0.1,b4dd5a54e207989f,84fe6f2cc12a9f69,-1,-165682.67187309265,1,-0.37784022092819214,4,0.001261149882338941,4,0.1603507250547409
control,pretrain,62,routing_persistent_hotspot_cluster3,51,4,0,mdl2,b916cb7e358ab849,7edd5eedceb2cb0e,-1,0.0,4,-0.2039225995540619,4,-2.1557709260378033e-05,4,0.05282275751233101
control,pretrain,62,routing_persistent_hotspot_cluster3,51,4,1,specimen_transfer:+1x0.05,9d0111ef90afa100,7edd5eedceb2cb0e,-1,396439.2931443304,4,-0.2043430507183075,4,-0.00043769029434770346,4,0.023945365101099014
control,pretrain,62,routing_persistent_hotspot_cluster3,51,4,2,specimen_transfer:-1x0.05,a6bd804be40344bb,7edd5eedceb2cb0e,-1,896279.1931443214,4,-0.20350566506385803,4,0.0003945748903788626,4,0.0918157547712326
control,pretrain,62,routing_persistent_hotspot_cluster3,51,4,3,specimen_transfer:+1x0.1,2967ca2373a678e2,7edd5eedceb2cb0e,-1,1842536.70414339,4,-0.20463556051254272,4,-0.0008538227993994951,4,0.06536324322223663
control,pretrain,62,routing_persistent_hotspot_cluster3,51,4,4,specimen_transfer:-1x0.1,5efa097f9ee2cd09,7edd5eedceb2cb0e,-1,2243427.1057247147,4,-0.20321479439735413,4,0.0008107076864689589,4,0.13642975687980652
control,pretrain,62,routing_persistent_hotspot_cluster3,51,remaining,0,mdl2,b916cb7e358ab849,7edd5eedceb2cb0e,-1,0.0,4,-0.2039225995540619,4,-2.1557709260378033e-05,4,0.05282275751233101
control,pretrain,62,routing_persistent_hotspot_cluster3,51,remaining,1,specimen_transfer:+1x0.05,9d0111ef90afa100,7edd5eedceb2cb0e,-1,396439.2931443304,4,-0.2043430507183075,4,-0.00043769029434770346,4,0.023945365101099014
control,pretrain,62,routing_persistent_hotspot_cluster3,51,remaining,2,specimen_transfer:-1x0.05,a6bd804be40344bb,7edd5eedceb2cb0e,-1,896279.1931443214,4,-0.20350566506385803,4,0.0003945748903788626,4,0.0918157547712326
control,pretrain,62,routing_persistent_hotspot_cluster3,51,remaining,3,specimen_transfer:+1x0.1,2967ca2373a678e2,7edd5eedceb2cb0e,-1,1842536.70414339,4,-0.20463556051254272,4,-0.0008538227993994951,4,0.06536324322223663
control,pretrain,62,routing_persistent_hotspot_cluster3,51,remaining,4,specimen_transfer:-1x0.1,5efa097f9ee2cd09,7edd5eedceb2cb0e,-1,2243427.1057247147,4,-0.20321479439735413,4,0.0008107076864689589,4,0.13642975687980652
control,episode25,62,routing_persistent_hotspot_cluster3,0,4,0,mdl2,eaa97ef267d0ab97,eaa97ef267d0ab97,0,0.0,0,-0.19600123167037964,3,0.0,3,0.0
control,episode25,62,routing_persistent_hotspot_cluster3,0,4,1,specimen_transfer:+1x0.05,e2fdea490eed1e1c,eaa97ef267d0ab97,0,0.0,0,-0.19414234161376953,3,0.0018370072357356548,3,0.05000000447034836
control,episode25,62,routing_persistent_hotspot_cluster3,0,4,2,specimen_transfer:-1x0.05,09a687cb0629bcef,eaa97ef267d0ab97,0,0.0,0,-0.19786015152931213,3,-0.0018370072357356548,3,0.05000000074505806
control,episode25,62,routing_persistent_hotspot_cluster3,0,4,3,specimen_transfer:+1x0.1,e53f2b429134e05e,eaa97ef267d0ab97,0,0.0,0,-0.19228345155715942,3,0.0036740144714713097,3,0.10000000894069672
control,episode25,62,routing_persistent_hotspot_cluster3,0,4,4,specimen_transfer:-1x0.1,d29d0dc933965624,eaa97ef267d0ab97,0,0.0,0,-0.19974204897880554,3,-0.0036740147043019533,3,0.10000000149011612
control,episode25,62,routing_persistent_hotspot_cluster3,0,remaining,0,mdl2,eaa97ef267d0ab97,eaa97ef267d0ab97,0,0.0,0,-0.19600123167037964,3,0.0,3,0.0
control,episode25,62,routing_persistent_hotspot_cluster3,0,remaining,1,specimen_transfer:+1x0.05,e2fdea490eed1e1c,eaa97ef267d0ab97,0,0.0,0,-0.19414234161376953,3,0.0018370072357356548,3,0.05000000447034836
control,episode25,62,routing_persistent_hotspot_cluster3,0,remaining,2,specimen_transfer:-1x0.05,09a687cb0629bcef,eaa97ef267d0ab97,0,0.0,0,-0.19786015152931213,3,-0.0018370072357356548,3,0.05000000074505806
control,episode25,62,routing_persistent_hotspot_cluster3,0,remaining,3,specimen_transfer:+1x0.1,e53f2b429134e05e,eaa97ef267d0ab97,0,0.0,0,-0.19228345155715942,3,0.0036740144714713097,3,0.10000000894069672
control,episode25,62,routing_persistent_hotspot_cluster3,0,remaining,4,specimen_transfer:-1x0.1,d29d0dc933965624,eaa97ef267d0ab97,0,0.0,0,-0.19974204897880554,3,-0.0036740147043019533,3,0.10000000149011612
control,episode25,62,routing_persistent_hotspot_cluster3,6,4,0,mdl2,f270121a4f06533f,f270121a4f06533f,0,0.0,3,-1.1538846492767334,3,0.0,3,0.0
control,episode25,62,routing_persistent_hotspot_cluster3,6,4,1,specimen_transfer:+1x0.05,7a8297726878c05d,f270121a4f06533f,0,2404796.0886348486,3,-1.1520318984985352,3,0.0015901393489912152,3,0.05000000074505806
control,episode25,62,routing_persistent_hotspot_cluster3,6,4,2,specimen_transfer:-1x0.05,b64f83216be2ace8,f270121a4f06533f,0,469109.7455332279,3,-1.1557925939559937,3,-0.0015901393489912152,3,0.05000000074505806
control,episode25,62,routing_persistent_hotspot_cluster3,6,4,3,specimen_transfer:+1x0.1,ab03376af6083799,f270121a4f06533f,0,4433372.346143812,3,-1.1511085033416748,3,0.0031802786979824305,3,0.10000000149011612
control,episode25,62,routing_persistent_hotspot_cluster3,6,4,4,specimen_transfer:-1x0.1,f000dcc0128ea80a,f270121a4f06533f,0,17523.43594995141,3,-1.1570161581039429,3,-0.003180278930813074,3,0.10000000149011612
control,episode25,62,routing_persistent_hotspot_cluster3,6,remaining,0,mdl2,f270121a4f06533f,f270121a4f06533f,0,0.0,0,-1.1538846492767334,3,0.0,3,0.0
control,episode25,62,routing_persistent_hotspot_cluster3,6,remaining,1,specimen_transfer:+1x0.05,7a8297726878c05d,f270121a4f06533f,0,-873023.5990519524,0,-1.1520318984985352,3,0.0015901393489912152,3,0.05000000074505806
control,episode25,62,routing_persistent_hotspot_cluster3,6,remaining,2,specimen_transfer:-1x0.05,b64f83216be2ace8,f270121a4f06533f,0,-10598304.5651865,0,-1.1557925939559937,3,-0.0015901393489912152,3,0.05000000074505806
control,episode25,62,routing_persistent_hotspot_cluster3,6,remaining,3,specimen_transfer:+1x0.1,ab03376af6083799,f270121a4f06533f,0,-2909011.372448921,0,-1.1511085033416748,3,0.0031802786979824305,3,0.10000000149011612
control,episode25,62,routing_persistent_hotspot_cluster3,6,remaining,4,specimen_transfer:-1x0.1,f000dcc0128ea80a,f270121a4f06533f,0,-53455388.20132208,0,-1.1570161581039429,3,-0.003180278930813074,3,0.10000000149011612
control,episode25,62,routing_persistent_hotspot_cluster3,12,4,0,mdl2,d5df6acafe755473,d5df6acafe755473,0,0.0,3,-1.1940441131591797,3,0.0,3,0.0
control,episode25,62,routing_persistent_hotspot_cluster3,12,4,1,specimen_transfer:+1x0.05,91b35549e187f07b,d5df6acafe755473,0,214943.96192750335,3,-1.1932857036590576,3,0.0008564430172555149,3,0.05000000074505806
control,episode25,62,routing_persistent_hotspot_cluster3,12,4,2,specimen_transfer:-1x0.05,569860b9b634e1b7,d5df6acafe755473,0,-1292235.967717737,3,-1.1948007345199585,3,-0.0008564430172555149,3,0.05000000074505806
control,episode25,62,routing_persistent_hotspot_cluster3,12,4,3,specimen_transfer:+1x0.1,1f56b34a6cf8228d,d5df6acafe755473,0,757911.0916089118,3,-1.1913180351257324,3,0.0017128860345110297,3,0.10000000149011612
control,episode25,62,routing_persistent_hotspot_cluster3,12,4,4,specimen_transfer:-1x0.1,97e0c504d809cd82,d5df6acafe755473,0,-363841.7661485374,3,-1.1965677738189697,3,-0.001712885918095708,3,0.10000000149011612
control,episode25,62,routing_persistent_hotspot_cluster3,12,remaining,0,mdl2,d5df6acafe755473,d5df6acafe755473,0,0.0,3,-1.1940441131591797,3,0.0,3,0.0
control,episode25,62,routing_persistent_hotspot_cluster3,12,remaining,1,specimen_transfer:+1x0.05,91b35549e187f07b,d5df6acafe755473,0,-168840.45958852768,3,-1.1932857036590576,3,0.0008564430172555149,3,0.05000000074505806
control,episode25,62,routing_persistent_hotspot_cluster3,12,remaining,2,specimen_transfer:-1x0.05,569860b9b634e1b7,d5df6acafe755473,0,-3045562.4411273003,3,-1.1948007345199585,3,-0.0008564430172555149,3,0.05000000074505806
control,episode25,62,routing_persistent_hotspot_cluster3,12,remaining,3,specimen_transfer:+1x0.1,1f56b34a6cf8228d,d5df6acafe755473,0,1799199.9735293388,3,-1.1913180351257324,3,0.0017128860345110297,3,0.10000000149011612
control,episode25,62,routing_persistent_hotspot_cluster3,12,remaining,4,specimen_transfer:-1x0.1,97e0c504d809cd82,d5df6acafe755473,0,-6644983.243451595,3,-1.1965677738189697,3,-0.001712885918095708,3,0.10000000149011612
control,episode25,62,routing_persistent_hotspot_cluster3,18,4,0,mdl2,f048c8e3c2d32677,f048c8e3c2d32677,0,0.0,3,-1.2637368440628052,3,0.0,3,0.0
control,episode25,62,routing_persistent_hotspot_cluster3,18,4,1,specimen_transfer:+1x0.05,2769539c73cea9d9,f048c8e3c2d32677,0,803345.5377002954,3,-1.259002923965454,3,0.004443299490958452,3,0.05000000074505806
control,episode25,62,routing_persistent_hotspot_cluster3,18,4,2,specimen_transfer:-1x0.05,ae7b9ac3ad909c48,f048c8e3c2d32677,0,-1357091.7629294395,3,-1.2684688568115234,3,-0.004443299490958452,3,0.05000000074505806
control,episode25,62,routing_persistent_hotspot_cluster3,18,4,3,specimen_transfer:+1x0.1,4012c37508b27079,f048c8e3c2d32677,0,2157102.541450113,3,-1.2550230026245117,3,0.008886598981916904,3,0.10000000149011612
control,episode25,62,routing_persistent_hotspot_cluster3,18,4,4,specimen_transfer:-1x0.1,1aa775b4ac421374,f048c8e3c2d32677,0,-3778442.4517261684,3,-1.272428035736084,3,-0.008886599913239479,3,0.10000000149011612
control,episode25,62,routing_persistent_hotspot_cluster3,18,remaining,0,mdl2,f048c8e3c2d32677,f048c8e3c2d32677,0,0.0,0,-1.2637368440628052,3,0.0,3,0.0
control,episode25,62,routing_persistent_hotspot_cluster3,18,remaining,1,specimen_transfer:+1x0.05,2769539c73cea9d9,f048c8e3c2d32677,0,-4109504.1738402843,0,-1.259002923965454,3,0.004443299490958452,3,0.05000000074505806
control,episode25,62,routing_persistent_hotspot_cluster3,18,remaining,2,specimen_transfer:-1x0.05,ae7b9ac3ad909c48,f048c8e3c2d32677,0,-7929038.016451597,0,-1.2684688568115234,3,-0.004443299490958452,3,0.05000000074505806
control,episode25,62,routing_persistent_hotspot_cluster3,18,remaining,3,specimen_transfer:+1x0.1,4012c37508b27079,f048c8e3c2d32677,0,-7222694.630996704,0,-1.2550230026245117,3,0.008886598981916904,3,0.10000000149011612
control,episode25,62,routing_persistent_hotspot_cluster3,18,remaining,4,specimen_transfer:-1x0.1,1aa775b4ac421374,f048c8e3c2d32677,0,-1739249.1384174824,0,-1.272428035736084,3,-0.008886599913239479,3,0.10000000149011612
control,episode25,62,routing_persistent_hotspot_cluster3,25,4,0,mdl2,6da7631c3284f0a1,6da7631c3284f0a1,0,0.0,3,-1.2301995754241943,3,0.0,3,0.0
control,episode25,62,routing_persistent_hotspot_cluster3,25,4,1,specimen_transfer:+1x0.05,8774a6ecb220f39e,6da7631c3284f0a1,0,489486.7940042317,3,-1.2264931201934814,3,0.003562775207683444,3,0.05000000074505806
control,episode25,62,routing_persistent_hotspot_cluster3,25,4,2,specimen_transfer:-1x0.05,ed32ab2290dbdf05,6da7631c3284f0a1,0,-2303001.9762378633,3,-1.2338848114013672,3,-0.003562775207683444,3,0.05000000074505806
control,episode25,62,routing_persistent_hotspot_cluster3,25,4,3,specimen_transfer:+1x0.1,8c4e8e903bf6efc8,6da7631c3284f0a1,0,652565.9881017506,3,-1.2228590250015259,3,0.007125550415366888,3,0.10000000149011612
control,episode25,62,routing_persistent_hotspot_cluster3,25,4,4,specimen_transfer:-1x0.1,9c276b3972853783,6da7631c3284f0a1,0,-5330345.949179947,3,-1.2371751070022583,3,-0.007125550415366888,3,0.10000000149011612
control,episode25,62,routing_persistent_hotspot_cluster3,25,remaining,0,mdl2,6da7631c3284f0a1,6da7631c3284f0a1,0,0.0,1,-1.2301995754241943,3,0.0,3,0.0
control,episode25,62,routing_persistent_hotspot_cluster3,25,remaining,1,specimen_transfer:+1x0.05,8774a6ecb220f39e,6da7631c3284f0a1,0,6562020.832865715,1,-1.2264931201934814,3,0.003562775207683444,3,0.05000000074505806
control,episode25,62,routing_persistent_hotspot_cluster3,25,remaining,2,specimen_transfer:-1x0.05,ed32ab2290dbdf05,6da7631c3284f0a1,0,4086393.0174384117,1,-1.2338848114013672,3,-0.003562775207683444,3,0.05000000074505806
control,episode25,62,routing_persistent_hotspot_cluster3,25,remaining,3,specimen_transfer:+1x0.1,8c4e8e903bf6efc8,6da7631c3284f0a1,0,3751747.043079853,1,-1.2228590250015259,3,0.007125550415366888,3,0.10000000149011612
control,episode25,62,routing_persistent_hotspot_cluster3,25,remaining,4,specimen_transfer:-1x0.1,9c276b3972853783,6da7631c3284f0a1,0,4661899.3099451065,1,-1.2371751070022583,3,-0.007125550415366888,3,0.10000000149011612
control,episode25,62,routing_persistent_hotspot_cluster3,31,4,0,mdl2,f7ccf5ede5ef50ff,87c6ff3022068de8,-1,0.0,0,-1.0044420957565308,3,-0.004975513555109501,3,0.05313713476061821
control,episode25,62,routing_persistent_hotspot_cluster3,31,4,1,specimen_transfer:+1x0.05,83725b522f9b45e9,87c6ff3022068de8,-1,-1460243.5587589443,0,-1.0029792785644531,3,-0.003199168946594,3,0.03559879958629608
control,episode25,62,routing_persistent_hotspot_cluster3,31,4,2,specimen_transfer:-1x0.05,647cf40a784a527e,87c6ff3022068de8,-1,-1928824.9635088742,0,-1.0059293508529663,3,-0.006751858163625002,3,0.08204218745231628
control,episode25,62,routing_persistent_hotspot_cluster3,31,4,3,specimen_transfer:+1x0.1,f4b994316308f5b5,87c6ff3022068de8,-1,-1716418.6836223304,0,-1.001155138015747,3,-0.0014228239888325334,3,0.06921473890542984
control,episode25,62,routing_persistent_hotspot_cluster3,31,4,4,specimen_transfer:-1x0.1,ece9a19299ad8541,87c6ff3022068de8,-1,-2209023.0609427392,0,-1.0078449249267578,3,-0.008528202772140503,3,0.1307852566242218
control,episode25,62,routing_persistent_hotspot_cluster3,31,remaining,0,mdl2,f7ccf5ede5ef50ff,87c6ff3022068de8,-1,0.0,4,-1.0044420957565308,3,-0.004975513555109501,3,0.05313713476061821
control,episode25,62,routing_persistent_hotspot_cluster3,31,remaining,1,specimen_transfer:+1x0.05,83725b522f9b45e9,87c6ff3022068de8,-1,-1687819.0221292973,4,-1.0029792785644531,3,-0.003199168946594,3,0.03559879958629608
control,episode25,62,routing_persistent_hotspot_cluster3,31,remaining,2,specimen_transfer:-1x0.05,647cf40a784a527e,87c6ff3022068de8,-1,899098.6177818775,4,-1.0059293508529663,3,-0.006751858163625002,3,0.08204218745231628
control,episode25,62,routing_persistent_hotspot_cluster3,31,remaining,3,specimen_transfer:+1x0.1,f4b994316308f5b5,87c6ff3022068de8,-1,-928165.8858852386,4,-1.001155138015747,3,-0.0014228239888325334,3,0.06921473890542984
control,episode25,62,routing_persistent_hotspot_cluster3,31,remaining,4,specimen_transfer:-1x0.1,ece9a19299ad8541,87c6ff3022068de8,-1,1782963.2958402634,4,-1.0078449249267578,3,-0.008528202772140503,3,0.1307852566242218
control,episode25,62,routing_persistent_hotspot_cluster3,37,4,0,mdl2,7e6caf51bf96e42a,5e12d9ffff983cab,-1,0.0,3,-0.4219108521938324,3,-0.0030417218804359436,3,0.039932891726493835
control,episode25,62,routing_persistent_hotspot_cluster3,37,4,1,specimen_transfer:+1x0.05,c9ebc2c1083262be,5e12d9ffff983cab,-1,575330.2657678127,3,-0.42130154371261597,3,-0.0019834490958601236,3,0.020881161093711853
control,episode25,62,routing_persistent_hotspot_cluster3,37,4,2,specimen_transfer:-1x0.05,e067517e06c0a64f,5e12d9ffff983cab,-1,-1617672.1513651907,3,-0.4225202202796936,3,-0.004099994897842407,3,0.085507333278656
control,episode25,62,routing_persistent_hotspot_cluster3,37,4,3,specimen_transfer:+1x0.1,c42a9f26fdf1d64d,5e12d9ffff983cab,-1,842671.7982469499,3,-0.41941577196121216,3,-0.0009251759038306773,3,0.06510450690984726
control,episode25,62,routing_persistent_hotspot_cluster3,37,4,4,specimen_transfer:-1x0.1,9fd3c67c1547b516,5e12d9ffff983cab,-1,-3316021.403345108,3,-0.4244060218334198,3,-0.005158267915248871,3,0.13550733029842377
control,episode25,62,routing_persistent_hotspot_cluster3,37,remaining,0,mdl2,7e6caf51bf96e42a,5e12d9ffff983cab,-1,0.0,1,-0.4219108521938324,3,-0.0030417218804359436,3,0.039932891726493835
control,episode25,62,routing_persistent_hotspot_cluster3,37,remaining,1,specimen_transfer:+1x0.05,c9ebc2c1083262be,5e12d9ffff983cab,-1,3851408.617185831,1,-0.42130154371261597,3,-0.0019834490958601236,3,0.020881161093711853
control,episode25,62,routing_persistent_hotspot_cluster3,37,remaining,2,specimen_transfer:-1x0.05,e067517e06c0a64f,5e12d9ffff983cab,-1,-5513703.039424896,1,-0.4225202202796936,3,-0.004099994897842407,3,0.085507333278656
control,episode25,62,routing_persistent_hotspot_cluster3,37,remaining,3,specimen_transfer:+1x0.1,c42a9f26fdf1d64d,5e12d9ffff983cab,-1,2348038.362417817,1,-0.41941577196121216,3,-0.0009251759038306773,3,0.06510450690984726
control,episode25,62,routing_persistent_hotspot_cluster3,37,remaining,4,specimen_transfer:-1x0.1,9fd3c67c1547b516,5e12d9ffff983cab,-1,-8625846.725365162,1,-0.4244060218334198,3,-0.005158267915248871,3,0.13550733029842377
control,episode25,62,routing_persistent_hotspot_cluster3,43,4,0,mdl2,08eb99e7f3f8746a,84fe6f2cc12a9f69,-1,0.0,1,-0.23646172881126404,3,-0.006350705865770578,3,0.06056457757949829
control,episode25,62,routing_persistent_hotspot_cluster3,43,4,1,specimen_transfer:+1x0.05,e4aed89f83c51a2e,84fe6f2cc12a9f69,-1,189074.31447026134,1,-0.23338186740875244,3,-0.0032772142440080643,3,0.024607546627521515
control,episode25,62,routing_persistent_hotspot_cluster3,43,4,2,specimen_transfer:-1x0.05,a94dc469e9afc4e7,84fe6f2cc12a9f69,-1,-1343527.5138153434,1,-0.23972958326339722,3,-0.009424196556210518,3,0.11056457459926605
control,episode25,62,routing_persistent_hotspot_cluster3,43,4,3,specimen_transfer:+1x0.1,1260e6cb4439dfbd,84fe6f2cc12a9f69,-1,-680980.6571043134,1,-0.22978538274765015,3,-0.0002037228550761938,3,0.05687958747148514
control,episode25,62,routing_persistent_hotspot_cluster3,43,4,4,specimen_transfer:-1x0.1,b4dd5a54e207989f,84fe6f2cc12a9f69,-1,-1958760.3375896513,1,-0.24389314651489258,3,-0.012497689574956894,3,0.1605645716190338
control,episode25,62,routing_persistent_hotspot_cluster3,43,remaining,0,mdl2,08eb99e7f3f8746a,84fe6f2cc12a9f69,-1,0.0,1,-0.23646172881126404,3,-0.006350705865770578,3,0.06056457757949829
control,episode25,62,routing_persistent_hotspot_cluster3,43,remaining,1,specimen_transfer:+1x0.05,e4aed89f83c51a2e,84fe6f2cc12a9f69,-1,1187160.3478164673,1,-0.23338186740875244,3,-0.0032772142440080643,3,0.024607546627521515
control,episode25,62,routing_persistent_hotspot_cluster3,43,remaining,2,specimen_transfer:-1x0.05,a94dc469e9afc4e7,84fe6f2cc12a9f69,-1,-59814.01382166147,1,-0.23972958326339722,3,-0.009424196556210518,3,0.11056457459926605
control,episode25,62,routing_persistent_hotspot_cluster3,43,remaining,3,specimen_transfer:+1x0.1,1260e6cb4439dfbd,84fe6f2cc12a9f69,-1,928868.7672156096,1,-0.22978538274765015,3,-0.0002037228550761938,3,0.05687958747148514
control,episode25,62,routing_persistent_hotspot_cluster3,43,remaining,4,specimen_transfer:-1x0.1,b4dd5a54e207989f,84fe6f2cc12a9f69,-1,-165682.67187309265,1,-0.24389314651489258,3,-0.012497689574956894,3,0.1605645716190338
control,episode25,62,routing_persistent_hotspot_cluster3,51,4,0,mdl2,b916cb7e358ab849,3c37d901eea32828,-1,0.0,4,-0.03159843757748604,3,-0.0017172591760754585,3,0.05299006775021553
control,episode25,62,routing_persistent_hotspot_cluster3,51,4,1,specimen_transfer:+1x0.05,9d0111ef90afa100,3c37d901eea32828,-1,396439.2931443304,4,-0.030394166707992554,3,-0.0005006931023672223,3,0.023966684937477112
control,episode25,62,routing_persistent_hotspot_cluster3,51,4,2,specimen_transfer:-1x0.05,a6bd804be40344bb,3c37d901eea32828,-1,896279.1931443214,4,-0.03280268609523773,3,-0.0029338255990296602,3,0.09211114048957825
control,episode25,62,routing_persistent_hotspot_cluster3,51,4,3,specimen_transfer:+1x0.1,2967ca2373a678e2,3c37d901eea32828,-1,1842536.70414339,4,-0.029018711298704147,3,0.0007158730295486748,3,0.06524167954921722
control,episode25,62,routing_persistent_hotspot_cluster3,51,4,4,specimen_transfer:-1x0.1,5efa097f9ee2cd09,3c37d901eea32828,-1,2243427.1057247147,4,-0.03417811915278435,3,-0.004150391556322575,3,0.13672514259815216
control,episode25,62,routing_persistent_hotspot_cluster3,51,remaining,0,mdl2,b916cb7e358ab849,3c37d901eea32828,-1,0.0,4,-0.03159843757748604,3,-0.0017172591760754585,3,0.05299006775021553
control,episode25,62,routing_persistent_hotspot_cluster3,51,remaining,1,specimen_transfer:+1x0.05,9d0111ef90afa100,3c37d901eea32828,-1,396439.2931443304,4,-0.030394166707992554,3,-0.0005006931023672223,3,0.023966684937477112
control,episode25,62,routing_persistent_hotspot_cluster3,51,remaining,2,specimen_transfer:-1x0.05,a6bd804be40344bb,3c37d901eea32828,-1,896279.1931443214,4,-0.03280268609523773,3,-0.0029338255990296602,3,0.09211114048957825
control,episode25,62,routing_persistent_hotspot_cluster3,51,remaining,3,specimen_transfer:+1x0.1,2967ca2373a678e2,3c37d901eea32828,-1,1842536.70414339,4,-0.029018711298704147,3,0.0007158730295486748,3,0.06524167954921722
control,episode25,62,routing_persistent_hotspot_cluster3,51,remaining,4,specimen_transfer:-1x0.1,5efa097f9ee2cd09,3c37d901eea32828,-1,2243427.1057247147,4,-0.03417811915278435,3,-0.004150391556322575,3,0.13672514259815216
control,final,62,routing_persistent_hotspot_cluster3,0,4,0,mdl2,eaa97ef267d0ab97,eaa97ef267d0ab97,0,0.0,0,-0.09390084445476532,3,0.0,3,0.0
control,final,62,routing_persistent_hotspot_cluster3,0,4,1,specimen_transfer:+1x0.05,e2fdea490eed1e1c,eaa97ef267d0ab97,0,0.0,0,-0.09296423196792603,3,0.0007449034019373357,3,0.05000000447034836
control,final,62,routing_persistent_hotspot_cluster3,0,4,2,specimen_transfer:-1x0.05,09a687cb0629bcef,eaa97ef267d0ab97,0,0.0,0,-0.09470555186271667,3,-0.0007449034601449966,3,0.05000000074505806
control,final,62,routing_persistent_hotspot_cluster3,0,4,3,specimen_transfer:+1x0.1,e53f2b429134e05e,eaa97ef267d0ab97,0,0.0,0,-0.09198900312185287,3,0.0014898069202899933,3,0.10000000894069672
control,final,62,routing_persistent_hotspot_cluster3,0,4,4,specimen_transfer:-1x0.1,d29d0dc933965624,eaa97ef267d0ab97,0,0.0,0,-0.09575256705284119,3,-0.0014898069202899933,3,0.10000000149011612
control,final,62,routing_persistent_hotspot_cluster3,0,remaining,0,mdl2,eaa97ef267d0ab97,eaa97ef267d0ab97,0,0.0,0,-0.09390084445476532,3,0.0,3,0.0
control,final,62,routing_persistent_hotspot_cluster3,0,remaining,1,specimen_transfer:+1x0.05,e2fdea490eed1e1c,eaa97ef267d0ab97,0,0.0,0,-0.09296423196792603,3,0.0007449034019373357,3,0.05000000447034836
control,final,62,routing_persistent_hotspot_cluster3,0,remaining,2,specimen_transfer:-1x0.05,09a687cb0629bcef,eaa97ef267d0ab97,0,0.0,0,-0.09470555186271667,3,-0.0007449034601449966,3,0.05000000074505806
control,final,62,routing_persistent_hotspot_cluster3,0,remaining,3,specimen_transfer:+1x0.1,e53f2b429134e05e,eaa97ef267d0ab97,0,0.0,0,-0.09198900312185287,3,0.0014898069202899933,3,0.10000000894069672
control,final,62,routing_persistent_hotspot_cluster3,0,remaining,4,specimen_transfer:-1x0.1,d29d0dc933965624,eaa97ef267d0ab97,0,0.0,0,-0.09575256705284119,3,-0.0014898069202899933,3,0.10000000149011612
control,final,62,routing_persistent_hotspot_cluster3,6,4,0,mdl2,f270121a4f06533f,f270121a4f06533f,0,0.0,3,-1.8478572368621826,3,0.0,3,0.0
control,final,62,routing_persistent_hotspot_cluster3,6,4,1,specimen_transfer:+1x0.05,7a8297726878c05d,f270121a4f06533f,0,2404796.0886348486,3,-1.8445892333984375,3,0.0032565000001341105,3,0.05000000074505806
control,final,62,routing_persistent_hotspot_cluster3,6,4,2,specimen_transfer:-1x0.05,b64f83216be2ace8,f270121a4f06533f,0,469109.7455332279,3,-1.8509576320648193,3,-0.0032565000001341105,3,0.05000000074505806
control,final,62,routing_persistent_hotspot_cluster3,6,4,3,specimen_transfer:+1x0.1,ab03376af6083799,f270121a4f06533f,0,4433372.346143812,3,-1.8418762683868408,3,0.006513000000268221,3,0.10000000149011612
control,final,62,routing_persistent_hotspot_cluster3,6,4,4,specimen_transfer:-1x0.1,f000dcc0128ea80a,f270121a4f06533f,0,17523.43594995141,3,-1.8531529903411865,3,-0.006512999534606934,3,0.10000000149011612
control,final,62,routing_persistent_hotspot_cluster3,6,remaining,0,mdl2,f270121a4f06533f,f270121a4f06533f,0,0.0,0,-1.8478572368621826,3,0.0,3,0.0
control,final,62,routing_persistent_hotspot_cluster3,6,remaining,1,specimen_transfer:+1x0.05,7a8297726878c05d,f270121a4f06533f,0,-873023.5990519524,0,-1.8445892333984375,3,0.0032565000001341105,3,0.05000000074505806
control,final,62,routing_persistent_hotspot_cluster3,6,remaining,2,specimen_transfer:-1x0.05,b64f83216be2ace8,f270121a4f06533f,0,-10598304.5651865,0,-1.8509576320648193,3,-0.0032565000001341105,3,0.05000000074505806
control,final,62,routing_persistent_hotspot_cluster3,6,remaining,3,specimen_transfer:+1x0.1,ab03376af6083799,f270121a4f06533f,0,-2909011.372448921,0,-1.8418762683868408,3,0.006513000000268221,3,0.10000000149011612
control,final,62,routing_persistent_hotspot_cluster3,6,remaining,4,specimen_transfer:-1x0.1,f000dcc0128ea80a,f270121a4f06533f,0,-53455388.20132208,0,-1.8531529903411865,3,-0.006512999534606934,3,0.10000000149011612
control,final,62,routing_persistent_hotspot_cluster3,12,4,0,mdl2,d5df6acafe755473,d5df6acafe755473,0,0.0,3,-1.9430367946624756,3,0.0,3,0.0
control,final,62,routing_persistent_hotspot_cluster3,12,4,1,specimen_transfer:+1x0.05,91b35549e187f07b,d5df6acafe755473,0,214943.96192750335,3,-1.9376251697540283,3,0.005476646590977907,3,0.05000000074505806
control,final,62,routing_persistent_hotspot_cluster3,12,4,2,specimen_transfer:-1x0.05,569860b9b634e1b7,d5df6acafe755473,0,-1292235.967717737,3,-1.9484481811523438,3,-0.005476646590977907,3,0.05000000074505806
control,final,62,routing_persistent_hotspot_cluster3,12,4,3,specimen_transfer:+1x0.1,1f56b34a6cf8228d,d5df6acafe755473,0,757911.0916089118,3,-1.9305651187896729,3,0.010953293181955814,3,0.10000000149011612
control,final,62,routing_persistent_hotspot_cluster3,12,4,4,specimen_transfer:-1x0.1,97e0c504d809cd82,d5df6acafe755473,0,-363841.7661485374,3,-1.9546864032745361,3,-0.010953293181955814,3,0.10000000149011612
control,final,62,routing_persistent_hotspot_cluster3,12,remaining,0,mdl2,d5df6acafe755473,d5df6acafe755473,0,0.0,3,-1.9430367946624756,3,0.0,3,0.0
control,final,62,routing_persistent_hotspot_cluster3,12,remaining,1,specimen_transfer:+1x0.05,91b35549e187f07b,d5df6acafe755473,0,-168840.45958852768,3,-1.9376251697540283,3,0.005476646590977907,3,0.05000000074505806
control,final,62,routing_persistent_hotspot_cluster3,12,remaining,2,specimen_transfer:-1x0.05,569860b9b634e1b7,d5df6acafe755473,0,-3045562.4411273003,3,-1.9484481811523438,3,-0.005476646590977907,3,0.05000000074505806
control,final,62,routing_persistent_hotspot_cluster3,12,remaining,3,specimen_transfer:+1x0.1,1f56b34a6cf8228d,d5df6acafe755473,0,1799199.9735293388,3,-1.9305651187896729,3,0.010953293181955814,3,0.10000000149011612
control,final,62,routing_persistent_hotspot_cluster3,12,remaining,4,specimen_transfer:-1x0.1,97e0c504d809cd82,d5df6acafe755473,0,-6644983.243451595,3,-1.9546864032745361,3,-0.010953293181955814,3,0.10000000149011612
control,final,62,routing_persistent_hotspot_cluster3,18,4,0,mdl2,f048c8e3c2d32677,f048c8e3c2d32677,0,0.0,3,-1.7677421569824219,3,0.0,3,0.0
control,final,62,routing_persistent_hotspot_cluster3,18,4,1,specimen_transfer:+1x0.05,2769539c73cea9d9,f048c8e3c2d32677,0,803345.5377002954,3,-1.7623600959777832,3,0.005717126186937094,3,0.05000000074505806
control,final,62,routing_persistent_hotspot_cluster3,18,4,2,specimen_transfer:-1x0.05,ae7b9ac3ad909c48,f048c8e3c2d32677,0,-1357091.7629294395,3,-1.7737715244293213,3,-0.005717125721275806,3,0.05000000074505806
control,final,62,routing_persistent_hotspot_cluster3,18,4,3,specimen_transfer:+1x0.1,4012c37508b27079,f048c8e3c2d32677,0,2157102.541450113,3,-1.758702039718628,3,0.011434251442551613,3,0.10000000149011612
control,final,62,routing_persistent_hotspot_cluster3,18,4,4,specimen_transfer:-1x0.1,1aa775b4ac421374,f048c8e3c2d32677,0,-3778442.4517261684,3,-1.7786247730255127,3,-0.011434252373874187,3,0.10000000149011612
control,final,62,routing_persistent_hotspot_cluster3,18,remaining,0,mdl2,f048c8e3c2d32677,f048c8e3c2d32677,0,0.0,0,-1.7677421569824219,3,0.0,3,0.0
control,final,62,routing_persistent_hotspot_cluster3,18,remaining,1,specimen_transfer:+1x0.05,2769539c73cea9d9,f048c8e3c2d32677,0,-4109504.1738402843,0,-1.7623600959777832,3,0.005717126186937094,3,0.05000000074505806
control,final,62,routing_persistent_hotspot_cluster3,18,remaining,2,specimen_transfer:-1x0.05,ae7b9ac3ad909c48,f048c8e3c2d32677,0,-7929038.016451597,0,-1.7737715244293213,3,-0.005717125721275806,3,0.05000000074505806
control,final,62,routing_persistent_hotspot_cluster3,18,remaining,3,specimen_transfer:+1x0.1,4012c37508b27079,f048c8e3c2d32677,0,-7222694.630996704,0,-1.758702039718628,3,0.011434251442551613,3,0.10000000149011612
control,final,62,routing_persistent_hotspot_cluster3,18,remaining,4,specimen_transfer:-1x0.1,1aa775b4ac421374,f048c8e3c2d32677,0,-1739249.1384174824,0,-1.7786247730255127,3,-0.011434252373874187,3,0.10000000149011612
control,final,62,routing_persistent_hotspot_cluster3,25,4,0,mdl2,6da7631c3284f0a1,6da7631c3284f0a1,0,0.0,3,-1.340996503829956,3,0.0,3,0.0
control,final,62,routing_persistent_hotspot_cluster3,25,4,1,specimen_transfer:+1x0.05,8774a6ecb220f39e,6da7631c3284f0a1,0,489486.7940042317,3,-1.3368604183197021,3,0.003704865463078022,3,0.05000000074505806
control,final,62,routing_persistent_hotspot_cluster3,25,4,2,specimen_transfer:-1x0.05,ed32ab2290dbdf05,6da7631c3284f0a1,0,-2303001.9762378633,3,-1.344865322113037,3,-0.0037048652302473783,3,0.05000000074505806
control,final,62,routing_persistent_hotspot_cluster3,25,4,3,specimen_transfer:+1x0.1,8c4e8e903bf6efc8,6da7631c3284f0a1,0,652565.9881017506,3,-1.3324058055877686,3,0.007409730460494757,3,0.10000000149011612
control,final,62,routing_persistent_hotspot_cluster3,25,4,4,specimen_transfer:-1x0.1,9c276b3972853783,6da7631c3284f0a1,0,-5330345.949179947,3,-1.3489179611206055,3,-0.007409730460494757,3,0.10000000149011612
control,final,62,routing_persistent_hotspot_cluster3,25,remaining,0,mdl2,6da7631c3284f0a1,6da7631c3284f0a1,0,0.0,1,-1.340996503829956,3,0.0,3,0.0
control,final,62,routing_persistent_hotspot_cluster3,25,remaining,1,specimen_transfer:+1x0.05,8774a6ecb220f39e,6da7631c3284f0a1,0,6562020.832865715,1,-1.3368604183197021,3,0.003704865463078022,3,0.05000000074505806
control,final,62,routing_persistent_hotspot_cluster3,25,remaining,2,specimen_transfer:-1x0.05,ed32ab2290dbdf05,6da7631c3284f0a1,0,4086393.0174384117,1,-1.344865322113037,3,-0.0037048652302473783,3,0.05000000074505806
control,final,62,routing_persistent_hotspot_cluster3,25,remaining,3,specimen_transfer:+1x0.1,8c4e8e903bf6efc8,6da7631c3284f0a1,0,3751747.043079853,1,-1.3324058055877686,3,0.007409730460494757,3,0.10000000149011612
control,final,62,routing_persistent_hotspot_cluster3,25,remaining,4,specimen_transfer:-1x0.1,9c276b3972853783,6da7631c3284f0a1,0,4661899.3099451065,1,-1.3489179611206055,3,-0.007409730460494757,3,0.10000000149011612
control,final,62,routing_persistent_hotspot_cluster3,31,4,0,mdl2,f7ccf5ede5ef50ff,faed8e4aa279bbf4,-1,0.0,0,-1.2736809253692627,3,-0.006166456732898951,3,0.0534389391541481
control,final,62,routing_persistent_hotspot_cluster3,31,4,1,specimen_transfer:+1x0.05,83725b522f9b45e9,faed8e4aa279bbf4,-1,-1460243.5587589443,0,-1.2730302810668945,3,-0.00445172656327486,3,0.035661131143569946
control,final,62,routing_persistent_hotspot_cluster3,31,4,2,specimen_transfer:-1x0.05,647cf40a784a527e,faed8e4aa279bbf4,-1,-1928824.9635088742,0,-1.274390697479248,3,-0.007881185971200466,3,0.08196106553077698
control,final,62,routing_persistent_hotspot_cluster3,31,4,3,specimen_transfer:+1x0.1,f4b994316308f5b5,faed8e4aa279bbf4,-1,-1716418.6836223304,0,-1.2701706886291504,3,-0.00273699639365077,3,0.06898535788059235
control,final,62,routing_persistent_hotspot_cluster3,31,4,4,specimen_transfer:-1x0.1,ece9a19299ad8541,faed8e4aa279bbf4,-1,-2209023.0609427392,0,-1.2775464057922363,3,-0.009595915675163269,3,0.1310146450996399
control,final,62,routing_persistent_hotspot_cluster3,31,remaining,0,mdl2,f7ccf5ede5ef50ff,faed8e4aa279bbf4,-1,0.0,4,-1.2736809253692627,3,-0.006166456732898951,3,0.0534389391541481
control,final,62,routing_persistent_hotspot_cluster3,31,remaining,1,specimen_transfer:+1x0.05,83725b522f9b45e9,faed8e4aa279bbf4,-1,-1687819.0221292973,4,-1.2730302810668945,3,-0.00445172656327486,3,0.035661131143569946
control,final,62,routing_persistent_hotspot_cluster3,31,remaining,2,specimen_transfer:-1x0.05,647cf40a784a527e,faed8e4aa279bbf4,-1,899098.6177818775,4,-1.274390697479248,3,-0.007881185971200466,3,0.08196106553077698
control,final,62,routing_persistent_hotspot_cluster3,31,remaining,3,specimen_transfer:+1x0.1,f4b994316308f5b5,faed8e4aa279bbf4,-1,-928165.8858852386,4,-1.2701706886291504,3,-0.00273699639365077,3,0.06898535788059235
control,final,62,routing_persistent_hotspot_cluster3,31,remaining,4,specimen_transfer:-1x0.1,ece9a19299ad8541,faed8e4aa279bbf4,-1,1782963.2958402634,4,-1.2775464057922363,3,-0.009595915675163269,3,0.1310146450996399
control,final,62,routing_persistent_hotspot_cluster3,37,4,0,mdl2,7e6caf51bf96e42a,5e12d9ffff983cab,-1,0.0,3,-0.7728933691978455,3,-0.0025120037607848644,3,0.03975623846054077
control,final,62,routing_persistent_hotspot_cluster3,37,4,1,specimen_transfer:+1x0.05,c9ebc2c1083262be,5e12d9ffff983cab,-1,575330.2657678127,3,-0.7717517018318176,3,-0.0012405628804117441,3,0.020999247208237648
control,final,62,routing_persistent_hotspot_cluster3,37,4,2,specimen_transfer:-1x0.05,e067517e06c0a64f,5e12d9ffff983cab,-1,-1617672.1513651907,3,-0.7741595506668091,3,-0.0037834448739886284,3,0.08536621183156967
control,final,62,routing_persistent_hotspot_cluster3,37,4,3,specimen_transfer:+1x0.1,c42a9f26fdf1d64d,5e12d9ffff983cab,-1,842671.7982469499,3,-0.7698082327842712,3,3.087834920734167e-05,3,0.06503821909427643
control,final,62,routing_persistent_hotspot_cluster3,37,4,4,specimen_transfer:-1x0.1,9fd3c67c1547b516,5e12d9ffff983cab,-1,-3316021.403345108,3,-0.7762424349784851,3,-0.005054885055869818,3,0.13536621630191803
control,final,62,routing_persistent_hotspot_cluster3,37,remaining,0,mdl2,7e6caf51bf96e42a,5e12d9ffff983cab,-1,0.0,1,-0.7728933691978455,3,-0.0025120037607848644,3,0.03975623846054077
control,final,62,routing_persistent_hotspot_cluster3,37,remaining,1,specimen_transfer:+1x0.05,c9ebc2c1083262be,5e12d9ffff983cab,-1,3851408.617185831,1,-0.7717517018318176,3,-0.0012405628804117441,3,0.020999247208237648
control,final,62,routing_persistent_hotspot_cluster3,37,remaining,2,specimen_transfer:-1x0.05,e067517e06c0a64f,5e12d9ffff983cab,-1,-5513703.039424896,1,-0.7741595506668091,3,-0.0037834448739886284,3,0.08536621183156967
control,final,62,routing_persistent_hotspot_cluster3,37,remaining,3,specimen_transfer:+1x0.1,c42a9f26fdf1d64d,5e12d9ffff983cab,-1,2348038.362417817,1,-0.7698082327842712,3,3.087834920734167e-05,3,0.06503821909427643
control,final,62,routing_persistent_hotspot_cluster3,37,remaining,4,specimen_transfer:-1x0.1,9fd3c67c1547b516,5e12d9ffff983cab,-1,-8625846.725365162,1,-0.7762424349784851,3,-0.005054885055869818,3,0.13536621630191803
control,final,62,routing_persistent_hotspot_cluster3,43,4,0,mdl2,08eb99e7f3f8746a,84fe6f2cc12a9f69,-1,0.0,1,0.001178506761789322,3,-0.0009901676094159484,3,0.06060689687728882
control,final,62,routing_persistent_hotspot_cluster3,43,4,1,specimen_transfer:+1x0.05,e4aed89f83c51a2e,84fe6f2cc12a9f69,-1,189074.31447026134,1,0.0017154030501842499,3,-0.00042631631367839873,3,0.024649739265441895
control,final,62,routing_persistent_hotspot_cluster3,43,4,2,specimen_transfer:-1x0.05,a94dc469e9afc4e7,84fe6f2cc12a9f69,-1,-1343527.5138153434,1,0.0006244517862796783,3,-0.0015540188178420067,3,0.11060689389705658
control,final,62,routing_persistent_hotspot_cluster3,43,4,3,specimen_transfer:+1x0.1,1260e6cb4439dfbd,84fe6f2cc12a9f69,-1,-680980.6571043134,1,0.0022542476654052734,3,0.00013753492385149002,3,0.0567844957113266
control,final,62,routing_persistent_hotspot_cluster3,43,4,4,specimen_transfer:-1x0.1,b4dd5a54e207989f,84fe6f2cc12a9f69,-1,-1958760.3375896513,1,0.00010021775960922241,3,-0.002117870142683387,3,0.16060689091682434
control,final,62,routing_persistent_hotspot_cluster3,43,remaining,0,mdl2,08eb99e7f3f8746a,84fe6f2cc12a9f69,-1,0.0,1,0.001178506761789322,3,-0.0009901676094159484,3,0.06060689687728882
control,final,62,routing_persistent_hotspot_cluster3,43,remaining,1,specimen_transfer:+1x0.05,e4aed89f83c51a2e,84fe6f2cc12a9f69,-1,1187160.3478164673,1,0.0017154030501842499,3,-0.00042631631367839873,3,0.024649739265441895
control,final,62,routing_persistent_hotspot_cluster3,43,remaining,2,specimen_transfer:-1x0.05,a94dc469e9afc4e7,84fe6f2cc12a9f69,-1,-59814.01382166147,1,0.0006244517862796783,3,-0.0015540188178420067,3,0.11060689389705658
control,final,62,routing_persistent_hotspot_cluster3,43,remaining,3,specimen_transfer:+1x0.1,1260e6cb4439dfbd,84fe6f2cc12a9f69,-1,928868.7672156096,1,0.0022542476654052734,3,0.00013753492385149002,3,0.0567844957113266
control,final,62,routing_persistent_hotspot_cluster3,43,remaining,4,specimen_transfer:-1x0.1,b4dd5a54e207989f,84fe6f2cc12a9f69,-1,-165682.67187309265,1,0.00010021775960922241,3,-0.002117870142683387,3,0.16060689091682434
control,final,62,routing_persistent_hotspot_cluster3,51,4,0,mdl2,b916cb7e358ab849,3c37d901eea32828,-1,0.0,4,-0.00038661807775497437,3,-0.0006236465414986014,3,0.05308452993631363
control,final,62,routing_persistent_hotspot_cluster3,51,4,1,specimen_transfer:+1x0.05,9d0111ef90afa100,3c37d901eea32828,-1,396439.2931443304,4,-3.299489617347717e-05,3,-0.0002010624302783981,3,0.023874450474977493
control,final,62,routing_persistent_hotspot_cluster3,51,4,2,specimen_transfer:-1x0.05,a6bd804be40344bb,3c37d901eea32828,-1,896279.1931443214,4,-0.0007327944040298462,3,-0.00104623066727072,3,0.09212129563093185
control,final,62,routing_persistent_hotspot_cluster3,51,4,3,specimen_transfer:+1x0.1,2967ca2373a678e2,3c37d901eea32828,-1,1842536.70414339,4,0.0004365071654319763,3,0.00022152166638989002,3,0.06522608548402786
control,final,62,routing_persistent_hotspot_cluster3,51,4,4,specimen_transfer:-1x0.1,5efa097f9ee2cd09,3c37d901eea32828,-1,2243427.1057247147,4,-0.0010683387517929077,3,-0.0014688146766275167,3,0.13673529028892517
control,final,62,routing_persistent_hotspot_cluster3,51,remaining,0,mdl2,b916cb7e358ab849,3c37d901eea32828,-1,0.0,4,-0.00038661807775497437,3,-0.0006236465414986014,3,0.05308452993631363
control,final,62,routing_persistent_hotspot_cluster3,51,remaining,1,specimen_transfer:+1x0.05,9d0111ef90afa100,3c37d901eea32828,-1,396439.2931443304,4,-3.299489617347717e-05,3,-0.0002010624302783981,3,0.023874450474977493
control,final,62,routing_persistent_hotspot_cluster3,51,remaining,2,specimen_transfer:-1x0.05,a6bd804be40344bb,3c37d901eea32828,-1,896279.1931443214,4,-0.0007327944040298462,3,-0.00104623066727072,3,0.09212129563093185
control,final,62,routing_persistent_hotspot_cluster3,51,remaining,3,specimen_transfer:+1x0.1,2967ca2373a678e2,3c37d901eea32828,-1,1842536.70414339,4,0.0004365071654319763,3,0.00022152166638989002,3,0.06522608548402786
control,final,62,routing_persistent_hotspot_cluster3,51,remaining,4,specimen_transfer:-1x0.1,5efa097f9ee2cd09,3c37d901eea32828,-1,2243427.1057247147,4,-0.0010683387517929077,3,-0.0014688146766275167,3,0.13673529028892517
candidate,pretrain,62,routing_persistent_hotspot_cluster3,0,4,0,mdl2,eaa97ef267d0ab97,eaa97ef267d0ab97,0,0.0,0,0.046894371509552,4,0.0,4,0.0
candidate,pretrain,62,routing_persistent_hotspot_cluster3,0,4,1,specimen_transfer:+1x0.05,e2fdea490eed1e1c,eaa97ef267d0ab97,0,0.0,0,0.04637817293405533,4,-0.0005047734011895955,4,0.05000000447034836
candidate,pretrain,62,routing_persistent_hotspot_cluster3,0,4,2,specimen_transfer:-1x0.05,09a687cb0629bcef,eaa97ef267d0ab97,0,0.0,0,0.04741053655743599,4,0.0005047734011895955,4,0.05000000074505806
candidate,pretrain,62,routing_persistent_hotspot_cluster3,0,4,3,specimen_transfer:+1x0.1,e53f2b429134e05e,eaa97ef267d0ab97,0,0.0,0,0.04586197808384895,4,-0.001009546802379191,4,0.10000000894069672
candidate,pretrain,62,routing_persistent_hotspot_cluster3,0,4,4,specimen_transfer:-1x0.1,d29d0dc933965624,eaa97ef267d0ab97,0,0.0,0,0.047926753759384155,4,0.001009546802379191,4,0.10000000149011612
candidate,pretrain,62,routing_persistent_hotspot_cluster3,0,remaining,0,mdl2,eaa97ef267d0ab97,eaa97ef267d0ab97,0,0.0,0,0.046894371509552,4,0.0,4,0.0
candidate,pretrain,62,routing_persistent_hotspot_cluster3,0,remaining,1,specimen_transfer:+1x0.05,e2fdea490eed1e1c,eaa97ef267d0ab97,0,0.0,0,0.04637817293405533,4,-0.0005047734011895955,4,0.05000000447034836
candidate,pretrain,62,routing_persistent_hotspot_cluster3,0,remaining,2,specimen_transfer:-1x0.05,09a687cb0629bcef,eaa97ef267d0ab97,0,0.0,0,0.04741053655743599,4,0.0005047734011895955,4,0.05000000074505806
candidate,pretrain,62,routing_persistent_hotspot_cluster3,0,remaining,3,specimen_transfer:+1x0.1,e53f2b429134e05e,eaa97ef267d0ab97,0,0.0,0,0.04586197808384895,4,-0.001009546802379191,4,0.10000000894069672
candidate,pretrain,62,routing_persistent_hotspot_cluster3,0,remaining,4,specimen_transfer:-1x0.1,d29d0dc933965624,eaa97ef267d0ab97,0,0.0,0,0.047926753759384155,4,0.001009546802379191,4,0.10000000149011612
candidate,pretrain,62,routing_persistent_hotspot_cluster3,6,4,0,mdl2,f270121a4f06533f,f270121a4f06533f,0,0.0,3,-0.2859560251235962,4,0.0,4,0.0
candidate,pretrain,62,routing_persistent_hotspot_cluster3,6,4,1,specimen_transfer:+1x0.05,7a8297726878c05d,f270121a4f06533f,0,2404796.0886348486,3,-0.28754132986068726,4,-0.0016854074783623219,4,0.05000000074505806
candidate,pretrain,62,routing_persistent_hotspot_cluster3,6,4,2,specimen_transfer:-1x0.05,b64f83216be2ace8,f270121a4f06533f,0,469109.7455332279,3,-0.28435367345809937,4,0.0016854074783623219,4,0.05000000074505806
candidate,pretrain,62,routing_persistent_hotspot_cluster3,6,4,3,specimen_transfer:+1x0.1,ab03376af6083799,f270121a4f06533f,0,4433372.346143812,3,-0.2893339991569519,4,-0.0033708149567246437,4,0.10000000149011612
candidate,pretrain,62,routing_persistent_hotspot_cluster3,6,4,4,specimen_transfer:-1x0.1,f000dcc0128ea80a,f270121a4f06533f,0,17523.43594995141,3,-0.2825273871421814,4,0.0033708149567246437,4,0.10000000149011612
candidate,pretrain,62,routing_persistent_hotspot_cluster3,6,remaining,0,mdl2,f270121a4f06533f,f270121a4f06533f,0,0.0,0,-0.2859560251235962,4,0.0,4,0.0
candidate,pretrain,62,routing_persistent_hotspot_cluster3,6,remaining,1,specimen_transfer:+1x0.05,7a8297726878c05d,f270121a4f06533f,0,-873023.5990519524,0,-0.28754132986068726,4,-0.0016854074783623219,4,0.05000000074505806
candidate,pretrain,62,routing_persistent_hotspot_cluster3,6,remaining,2,specimen_transfer:-1x0.05,b64f83216be2ace8,f270121a4f06533f,0,-10598304.5651865,0,-0.28435367345809937,4,0.0016854074783623219,4,0.05000000074505806
candidate,pretrain,62,routing_persistent_hotspot_cluster3,6,remaining,3,specimen_transfer:+1x0.1,ab03376af6083799,f270121a4f06533f,0,-2909011.372448921,0,-0.2893339991569519,4,-0.0033708149567246437,4,0.10000000149011612
candidate,pretrain,62,routing_persistent_hotspot_cluster3,6,remaining,4,specimen_transfer:-1x0.1,f000dcc0128ea80a,f270121a4f06533f,0,-53455388.20132208,0,-0.2825273871421814,4,0.0033708149567246437,4,0.10000000149011612
candidate,pretrain,62,routing_persistent_hotspot_cluster3,12,4,0,mdl2,d5df6acafe755473,d5df6acafe755473,0,0.0,3,-0.437843918800354,2,0.0,4,0.0
candidate,pretrain,62,routing_persistent_hotspot_cluster3,12,4,1,specimen_transfer:+1x0.05,91b35549e187f07b,d5df6acafe755473,0,214943.96192750335,3,-0.4380301237106323,2,-0.00020844265236519277,4,0.05000000074505806
candidate,pretrain,62,routing_persistent_hotspot_cluster3,12,4,2,specimen_transfer:-1x0.05,569860b9b634e1b7,d5df6acafe755473,0,-1292235.967717737,3,-0.43765780329704285,2,0.00020844265236519277,4,0.05000000074505806
candidate,pretrain,62,routing_persistent_hotspot_cluster3,12,4,3,specimen_transfer:+1x0.1,1f56b34a6cf8228d,d5df6acafe755473,0,757911.0916089118,3,-0.43801841139793396,2,-0.00041688530473038554,4,0.10000000149011612
candidate,pretrain,62,routing_persistent_hotspot_cluster3,12,4,4,specimen_transfer:-1x0.1,97e0c504d809cd82,d5df6acafe755473,0,-363841.7661485374,3,-0.43766945600509644,2,0.00041688530473038554,4,0.10000000149011612
candidate,pretrain,62,routing_persistent_hotspot_cluster3,12,remaining,0,mdl2,d5df6acafe755473,d5df6acafe755473,0,0.0,3,-0.437843918800354,2,0.0,4,0.0
candidate,pretrain,62,routing_persistent_hotspot_cluster3,12,remaining,1,specimen_transfer:+1x0.05,91b35549e187f07b,d5df6acafe755473,0,-168840.45958852768,3,-0.4380301237106323,2,-0.00020844265236519277,4,0.05000000074505806
candidate,pretrain,62,routing_persistent_hotspot_cluster3,12,remaining,2,specimen_transfer:-1x0.05,569860b9b634e1b7,d5df6acafe755473,0,-3045562.4411273003,3,-0.43765780329704285,2,0.00020844265236519277,4,0.05000000074505806
candidate,pretrain,62,routing_persistent_hotspot_cluster3,12,remaining,3,specimen_transfer:+1x0.1,1f56b34a6cf8228d,d5df6acafe755473,0,1799199.9735293388,3,-0.43801841139793396,2,-0.00041688530473038554,4,0.10000000149011612
candidate,pretrain,62,routing_persistent_hotspot_cluster3,12,remaining,4,specimen_transfer:-1x0.1,97e0c504d809cd82,d5df6acafe755473,0,-6644983.243451595,3,-0.43766945600509644,2,0.00041688530473038554,4,0.10000000149011612
candidate,pretrain,62,routing_persistent_hotspot_cluster3,18,4,0,mdl2,f048c8e3c2d32677,f048c8e3c2d32677,0,0.0,3,-0.48740285634994507,1,0.0,3,0.0
candidate,pretrain,62,routing_persistent_hotspot_cluster3,18,4,1,specimen_transfer:+1x0.05,2769539c73cea9d9,f048c8e3c2d32677,0,803345.5377002954,3,-0.48705559968948364,1,0.00012943745241500437,3,0.05000000074505806
candidate,pretrain,62,routing_persistent_hotspot_cluster3,18,4,2,specimen_transfer:-1x0.05,ae7b9ac3ad909c48,f048c8e3c2d32677,0,-1357091.7629294395,3,-0.48775023221969604,1,-0.00012943745241500437,3,0.05000000074505806
candidate,pretrain,62,routing_persistent_hotspot_cluster3,18,4,3,specimen_transfer:+1x0.1,4012c37508b27079,f048c8e3c2d32677,0,2157102.541450113,3,-0.48717063665390015,1,0.00025887490483000875,3,0.10000000149011612
candidate,pretrain,62,routing_persistent_hotspot_cluster3,18,4,4,specimen_transfer:-1x0.1,1aa775b4ac421374,f048c8e3c2d32677,0,-3778442.4517261684,3,-0.4875503182411194,1,-0.00025887490483000875,3,0.10000000149011612
candidate,pretrain,62,routing_persistent_hotspot_cluster3,18,remaining,0,mdl2,f048c8e3c2d32677,f048c8e3c2d32677,0,0.0,0,-0.48740285634994507,1,0.0,3,0.0
candidate,pretrain,62,routing_persistent_hotspot_cluster3,18,remaining,1,specimen_transfer:+1x0.05,2769539c73cea9d9,f048c8e3c2d32677,0,-4109504.1738402843,0,-0.48705559968948364,1,0.00012943745241500437,3,0.05000000074505806
candidate,pretrain,62,routing_persistent_hotspot_cluster3,18,remaining,2,specimen_transfer:-1x0.05,ae7b9ac3ad909c48,f048c8e3c2d32677,0,-7929038.016451597,0,-0.48775023221969604,1,-0.00012943745241500437,3,0.05000000074505806
candidate,pretrain,62,routing_persistent_hotspot_cluster3,18,remaining,3,specimen_transfer:+1x0.1,4012c37508b27079,f048c8e3c2d32677,0,-7222694.630996704,0,-0.48717063665390015,1,0.00025887490483000875,3,0.10000000149011612
candidate,pretrain,62,routing_persistent_hotspot_cluster3,18,remaining,4,specimen_transfer:-1x0.1,1aa775b4ac421374,f048c8e3c2d32677,0,-1739249.1384174824,0,-0.4875503182411194,1,-0.00025887490483000875,3,0.10000000149011612
candidate,pretrain,62,routing_persistent_hotspot_cluster3,25,4,0,mdl2,6da7631c3284f0a1,6da7631c3284f0a1,0,0.0,3,-0.612233579158783,3,0.0,3,0.0
candidate,pretrain,62,routing_persistent_hotspot_cluster3,25,4,1,specimen_transfer:+1x0.05,8774a6ecb220f39e,6da7631c3284f0a1,0,489486.7940042317,3,-0.6110350489616394,3,0.0011759293265640736,3,0.05000000074505806
candidate,pretrain,62,routing_persistent_hotspot_cluster3,25,4,2,specimen_transfer:-1x0.05,ed32ab2290dbdf05,6da7631c3284f0a1,0,-2303001.9762378633,3,-0.6134828925132751,3,-0.0011759293265640736,3,0.05000000074505806
candidate,pretrain,62,routing_persistent_hotspot_cluster3,25,4,3,specimen_transfer:+1x0.1,8c4e8e903bf6efc8,6da7631c3284f0a1,0,652565.9881017506,3,-0.6098261475563049,3,0.002351858653128147,3,0.10000000149011612
candidate,pretrain,62,routing_persistent_hotspot_cluster3,25,4,4,specimen_transfer:-1x0.1,9c276b3972853783,6da7631c3284f0a1,0,-5330345.949179947,3,-0.6145382523536682,3,-0.002351858653128147,3,0.10000000149011612
candidate,pretrain,62,routing_persistent_hotspot_cluster3,25,remaining,0,mdl2,6da7631c3284f0a1,6da7631c3284f0a1,0,0.0,1,-0.612233579158783,3,0.0,3,0.0
candidate,pretrain,62,routing_persistent_hotspot_cluster3,25,remaining,1,specimen_transfer:+1x0.05,8774a6ecb220f39e,6da7631c3284f0a1,0,6562020.832865715,1,-0.6110350489616394,3,0.0011759293265640736,3,0.05000000074505806
candidate,pretrain,62,routing_persistent_hotspot_cluster3,25,remaining,2,specimen_transfer:-1x0.05,ed32ab2290dbdf05,6da7631c3284f0a1,0,4086393.0174384117,1,-0.6134828925132751,3,-0.0011759293265640736,3,0.05000000074505806
candidate,pretrain,62,routing_persistent_hotspot_cluster3,25,remaining,3,specimen_transfer:+1x0.1,8c4e8e903bf6efc8,6da7631c3284f0a1,0,3751747.043079853,1,-0.6098261475563049,3,0.002351858653128147,3,0.10000000149011612
candidate,pretrain,62,routing_persistent_hotspot_cluster3,25,remaining,4,specimen_transfer:-1x0.1,9c276b3972853783,6da7631c3284f0a1,0,4661899.3099451065,1,-0.6145382523536682,3,-0.002351858653128147,3,0.10000000149011612
candidate,pretrain,62,routing_persistent_hotspot_cluster3,31,4,0,mdl2,f7ccf5ede5ef50ff,87c6ff3022068de8,-1,0.0,0,-0.6967906355857849,3,-0.0018666675314307213,3,0.05293628200888634
candidate,pretrain,62,routing_persistent_hotspot_cluster3,31,4,1,specimen_transfer:+1x0.05,83725b522f9b45e9,87c6ff3022068de8,-1,-1460243.5587589443,0,-0.6961646676063538,3,-0.0011485253926366568,3,0.03560888022184372
candidate,pretrain,62,routing_persistent_hotspot_cluster3,31,4,2,specimen_transfer:-1x0.05,647cf40a784a527e,87c6ff3022068de8,-1,-1928824.9635088742,0,-0.6974168419837952,3,-0.002584809670224786,3,0.08195042610168457
candidate,pretrain,62,routing_persistent_hotspot_cluster3,31,4,3,specimen_transfer:+1x0.1,f4b994316308f5b5,87c6ff3022068de8,-1,-1716418.6836223304,0,-0.6954450011253357,3,-0.00043038331205025315,3,0.06951603293418884
candidate,pretrain,62,routing_persistent_hotspot_cluster3,31,4,4,specimen_transfer:-1x0.1,ece9a19299ad8541,87c6ff3022068de8,-1,-2209023.0609427392,0,-0.6981363892555237,3,-0.0033029518090188503,3,0.1304839700460434
candidate,pretrain,62,routing_persistent_hotspot_cluster3,31,remaining,0,mdl2,f7ccf5ede5ef50ff,87c6ff3022068de8,-1,0.0,4,-0.6967906355857849,3,-0.0018666675314307213,3,0.05293628200888634
candidate,pretrain,62,routing_persistent_hotspot_cluster3,31,remaining,1,specimen_transfer:+1x0.05,83725b522f9b45e9,87c6ff3022068de8,-1,-1687819.0221292973,4,-0.6961646676063538,3,-0.0011485253926366568,3,0.03560888022184372
candidate,pretrain,62,routing_persistent_hotspot_cluster3,31,remaining,2,specimen_transfer:-1x0.05,647cf40a784a527e,87c6ff3022068de8,-1,899098.6177818775,4,-0.6974168419837952,3,-0.002584809670224786,3,0.08195042610168457
candidate,pretrain,62,routing_persistent_hotspot_cluster3,31,remaining,3,specimen_transfer:+1x0.1,f4b994316308f5b5,87c6ff3022068de8,-1,-928165.8858852386,4,-0.6954450011253357,3,-0.00043038331205025315,3,0.06951603293418884
candidate,pretrain,62,routing_persistent_hotspot_cluster3,31,remaining,4,specimen_transfer:-1x0.1,ece9a19299ad8541,87c6ff3022068de8,-1,1782963.2958402634,4,-0.6981363892555237,3,-0.0033029518090188503,3,0.1304839700460434
candidate,pretrain,62,routing_persistent_hotspot_cluster3,37,4,0,mdl2,7e6caf51bf96e42a,5e12d9ffff983cab,-1,0.0,3,-0.45141303539276123,4,-0.0006434387760236859,4,0.03966221958398819
candidate,pretrain,62,routing_persistent_hotspot_cluster3,37,4,1,specimen_transfer:+1x0.05,c9ebc2c1083262be,5e12d9ffff983cab,-1,575330.2657678127,3,-0.4515175223350525,4,-0.000784036994446069,4,0.020750490948557854
candidate,pretrain,62,routing_persistent_hotspot_cluster3,37,4,2,specimen_transfer:-1x0.05,e067517e06c0a64f,5e12d9ffff983cab,-1,-1617672.1513651907,3,-0.4512489140033722,4,-0.0005028409068472683,4,0.08538605272769928
candidate,pretrain,62,routing_persistent_hotspot_cluster3,37,4,3,specimen_transfer:+1x0.1,c42a9f26fdf1d64d,5e12d9ffff983cab,-1,842671.7982469499,3,-0.45146307349205017,4,-0.0009246350964531302,4,0.06526844948530197
candidate,pretrain,62,routing_persistent_hotspot_cluster3,37,4,4,specimen_transfer:-1x0.1,9fd3c67c1547b516,5e12d9ffff983cab,-1,-3316021.403345108,3,-0.4509417414665222,4,-0.0003622429212555289,4,0.13538604974746704
candidate,pretrain,62,routing_persistent_hotspot_cluster3,37,remaining,0,mdl2,7e6caf51bf96e42a,5e12d9ffff983cab,-1,0.0,1,-0.45141303539276123,4,-0.0006434387760236859,4,0.03966221958398819
candidate,pretrain,62,routing_persistent_hotspot_cluster3,37,remaining,1,specimen_transfer:+1x0.05,c9ebc2c1083262be,5e12d9ffff983cab,-1,3851408.617185831,1,-0.4515175223350525,4,-0.000784036994446069,4,0.020750490948557854
candidate,pretrain,62,routing_persistent_hotspot_cluster3,37,remaining,2,specimen_transfer:-1x0.05,e067517e06c0a64f,5e12d9ffff983cab,-1,-5513703.039424896,1,-0.4512489140033722,4,-0.0005028409068472683,4,0.08538605272769928
candidate,pretrain,62,routing_persistent_hotspot_cluster3,37,remaining,3,specimen_transfer:+1x0.1,c42a9f26fdf1d64d,5e12d9ffff983cab,-1,2348038.362417817,1,-0.45146307349205017,4,-0.0009246350964531302,4,0.06526844948530197
candidate,pretrain,62,routing_persistent_hotspot_cluster3,37,remaining,4,specimen_transfer:-1x0.1,9fd3c67c1547b516,5e12d9ffff983cab,-1,-8625846.725365162,1,-0.4509417414665222,4,-0.0003622429212555289,4,0.13538604974746704
candidate,pretrain,62,routing_persistent_hotspot_cluster3,43,4,0,mdl2,08eb99e7f3f8746a,84fe6f2cc12a9f69,-1,0.0,1,-0.3795647621154785,4,-0.00041292316745966673,4,0.060350727289915085
candidate,pretrain,62,routing_persistent_hotspot_cluster3,43,4,1,specimen_transfer:+1x0.05,e4aed89f83c51a2e,84fe6f2cc12a9f69,-1,189074.31447026134,1,-0.38061875104904175,4,-0.0012499598087742925,4,0.024599507451057434
candidate,pretrain,62,routing_persistent_hotspot_cluster3,43,4,2,specimen_transfer:-1x0.05,a94dc469e9afc4e7,84fe6f2cc12a9f69,-1,-1343527.5138153434,1,-0.37850868701934814,4,0.00042411359027028084,4,0.11035072803497314
candidate,pretrain,62,routing_persistent_hotspot_cluster3,43,4,3,specimen_transfer:+1x0.1,1260e6cb4439dfbd,84fe6f2cc12a9f69,-1,-680980.6571043134,1,-0.38130849599838257,4,-0.00208699656650424,4,0.05703406780958176
candidate,pretrain,62,routing_persistent_hotspot_cluster3,43,4,4,specimen_transfer:-1x0.1,b4dd5a54e207989f,84fe6f2cc12a9f69,-1,-1958760.3375896513,1,-0.37784022092819214,4,0.001261149882338941,4,0.1603507250547409
candidate,pretrain,62,routing_persistent_hotspot_cluster3,43,remaining,0,mdl2,08eb99e7f3f8746a,84fe6f2cc12a9f69,-1,0.0,1,-0.3795647621154785,4,-0.00041292316745966673,4,0.060350727289915085
candidate,pretrain,62,routing_persistent_hotspot_cluster3,43,remaining,1,specimen_transfer:+1x0.05,e4aed89f83c51a2e,84fe6f2cc12a9f69,-1,1187160.3478164673,1,-0.38061875104904175,4,-0.0012499598087742925,4,0.024599507451057434
candidate,pretrain,62,routing_persistent_hotspot_cluster3,43,remaining,2,specimen_transfer:-1x0.05,a94dc469e9afc4e7,84fe6f2cc12a9f69,-1,-59814.01382166147,1,-0.37850868701934814,4,0.00042411359027028084,4,0.11035072803497314
candidate,pretrain,62,routing_persistent_hotspot_cluster3,43,remaining,3,specimen_transfer:+1x0.1,1260e6cb4439dfbd,84fe6f2cc12a9f69,-1,928868.7672156096,1,-0.38130849599838257,4,-0.00208699656650424,4,0.05703406780958176
candidate,pretrain,62,routing_persistent_hotspot_cluster3,43,remaining,4,specimen_transfer:-1x0.1,b4dd5a54e207989f,84fe6f2cc12a9f69,-1,-165682.67187309265,1,-0.37784022092819214,4,0.001261149882338941,4,0.1603507250547409
candidate,pretrain,62,routing_persistent_hotspot_cluster3,51,4,0,mdl2,b916cb7e358ab849,7edd5eedceb2cb0e,-1,0.0,4,-0.2039225995540619,4,-2.1557709260378033e-05,4,0.05282275751233101
candidate,pretrain,62,routing_persistent_hotspot_cluster3,51,4,1,specimen_transfer:+1x0.05,9d0111ef90afa100,7edd5eedceb2cb0e,-1,396439.2931443304,4,-0.2043430507183075,4,-0.00043769029434770346,4,0.023945365101099014
candidate,pretrain,62,routing_persistent_hotspot_cluster3,51,4,2,specimen_transfer:-1x0.05,a6bd804be40344bb,7edd5eedceb2cb0e,-1,896279.1931443214,4,-0.20350566506385803,4,0.0003945748903788626,4,0.0918157547712326
candidate,pretrain,62,routing_persistent_hotspot_cluster3,51,4,3,specimen_transfer:+1x0.1,2967ca2373a678e2,7edd5eedceb2cb0e,-1,1842536.70414339,4,-0.20463556051254272,4,-0.0008538227993994951,4,0.06536324322223663
candidate,pretrain,62,routing_persistent_hotspot_cluster3,51,4,4,specimen_transfer:-1x0.1,5efa097f9ee2cd09,7edd5eedceb2cb0e,-1,2243427.1057247147,4,-0.20321479439735413,4,0.0008107076864689589,4,0.13642975687980652
candidate,pretrain,62,routing_persistent_hotspot_cluster3,51,remaining,0,mdl2,b916cb7e358ab849,7edd5eedceb2cb0e,-1,0.0,4,-0.2039225995540619,4,-2.1557709260378033e-05,4,0.05282275751233101
candidate,pretrain,62,routing_persistent_hotspot_cluster3,51,remaining,1,specimen_transfer:+1x0.05,9d0111ef90afa100,7edd5eedceb2cb0e,-1,396439.2931443304,4,-0.2043430507183075,4,-0.00043769029434770346,4,0.023945365101099014
candidate,pretrain,62,routing_persistent_hotspot_cluster3,51,remaining,2,specimen_transfer:-1x0.05,a6bd804be40344bb,7edd5eedceb2cb0e,-1,896279.1931443214,4,-0.20350566506385803,4,0.0003945748903788626,4,0.0918157547712326
candidate,pretrain,62,routing_persistent_hotspot_cluster3,51,remaining,3,specimen_transfer:+1x0.1,2967ca2373a678e2,7edd5eedceb2cb0e,-1,1842536.70414339,4,-0.20463556051254272,4,-0.0008538227993994951,4,0.06536324322223663
candidate,pretrain,62,routing_persistent_hotspot_cluster3,51,remaining,4,specimen_transfer:-1x0.1,5efa097f9ee2cd09,7edd5eedceb2cb0e,-1,2243427.1057247147,4,-0.20321479439735413,4,0.0008107076864689589,4,0.13642975687980652
candidate,episode25,62,routing_persistent_hotspot_cluster3,0,4,0,mdl2,eaa97ef267d0ab97,eaa97ef267d0ab97,0,0.0,0,-0.19403478503227234,4,0.0,4,0.0
candidate,episode25,62,routing_persistent_hotspot_cluster3,0,4,1,specimen_transfer:+1x0.05,e2fdea490eed1e1c,eaa97ef267d0ab97,0,0.0,0,-0.19506040215492249,4,-0.0009089077357202768,4,0.05000000447034836
candidate,episode25,62,routing_persistent_hotspot_cluster3,0,4,2,specimen_transfer:-1x0.05,09a687cb0629bcef,eaa97ef267d0ab97,0,0.0,0,-0.19327297806739807,4,0.000908907619304955,4,0.05000000074505806
candidate,episode25,62,routing_persistent_hotspot_cluster3,0,4,3,specimen_transfer:+1x0.1,e53f2b429134e05e,eaa97ef267d0ab97,0,0.0,0,-0.19615218043327332,4,-0.00181781523860991,4,0.10000000894069672
candidate,episode25,62,routing_persistent_hotspot_cluster3,0,4,4,specimen_transfer:-1x0.1,d29d0dc933965624,eaa97ef267d0ab97,0,0.0,0,-0.192611426115036,4,0.0018178150057792664,4,0.10000000149011612
candidate,episode25,62,routing_persistent_hotspot_cluster3,0,remaining,0,mdl2,eaa97ef267d0ab97,eaa97ef267d0ab97,0,0.0,0,-0.19403478503227234,4,0.0,4,0.0
candidate,episode25,62,routing_persistent_hotspot_cluster3,0,remaining,1,specimen_transfer:+1x0.05,e2fdea490eed1e1c,eaa97ef267d0ab97,0,0.0,0,-0.19506040215492249,4,-0.0009089077357202768,4,0.05000000447034836
candidate,episode25,62,routing_persistent_hotspot_cluster3,0,remaining,2,specimen_transfer:-1x0.05,09a687cb0629bcef,eaa97ef267d0ab97,0,0.0,0,-0.19327297806739807,4,0.000908907619304955,4,0.05000000074505806
candidate,episode25,62,routing_persistent_hotspot_cluster3,0,remaining,3,specimen_transfer:+1x0.1,e53f2b429134e05e,eaa97ef267d0ab97,0,0.0,0,-0.19615218043327332,4,-0.00181781523860991,4,0.10000000894069672
candidate,episode25,62,routing_persistent_hotspot_cluster3,0,remaining,4,specimen_transfer:-1x0.1,d29d0dc933965624,eaa97ef267d0ab97,0,0.0,0,-0.192611426115036,4,0.0018178150057792664,4,0.10000000149011612
candidate,episode25,62,routing_persistent_hotspot_cluster3,6,4,0,mdl2,f270121a4f06533f,f270121a4f06533f,0,0.0,3,-1.094844937324524,3,0.0,3,0.0
candidate,episode25,62,routing_persistent_hotspot_cluster3,6,4,1,specimen_transfer:+1x0.05,7a8297726878c05d,f270121a4f06533f,0,2404796.0886348486,3,-1.0931884050369263,3,0.0013918111799284816,3,0.05000000074505806
candidate,episode25,62,routing_persistent_hotspot_cluster3,6,4,2,specimen_transfer:-1x0.05,b64f83216be2ace8,f270121a4f06533f,0,469109.7455332279,3,-1.0965136289596558,3,-0.0013918111799284816,3,0.05000000074505806
candidate,episode25,62,routing_persistent_hotspot_cluster3,6,4,3,specimen_transfer:+1x0.1,ab03376af6083799,f270121a4f06533f,0,4433372.346143812,3,-1.0921891927719116,3,0.002783622359856963,3,0.10000000149011612
candidate,episode25,62,routing_persistent_hotspot_cluster3,6,4,4,specimen_transfer:-1x0.1,f000dcc0128ea80a,f270121a4f06533f,0,17523.43594995141,3,-1.0974911451339722,3,-0.0027836221270263195,3,0.10000000149011612
candidate,episode25,62,routing_persistent_hotspot_cluster3,6,remaining,0,mdl2,f270121a4f06533f,f270121a4f06533f,0,0.0,0,-1.094844937324524,3,0.0,3,0.0
candidate,episode25,62,routing_persistent_hotspot_cluster3,6,remaining,1,specimen_transfer:+1x0.05,7a8297726878c05d,f270121a4f06533f,0,-873023.5990519524,0,-1.0931884050369263,3,0.0013918111799284816,3,0.05000000074505806
candidate,episode25,62,routing_persistent_hotspot_cluster3,6,remaining,2,specimen_transfer:-1x0.05,b64f83216be2ace8,f270121a4f06533f,0,-10598304.5651865,0,-1.0965136289596558,3,-0.0013918111799284816,3,0.05000000074505806
candidate,episode25,62,routing_persistent_hotspot_cluster3,6,remaining,3,specimen_transfer:+1x0.1,ab03376af6083799,f270121a4f06533f,0,-2909011.372448921,0,-1.0921891927719116,3,0.002783622359856963,3,0.10000000149011612
candidate,episode25,62,routing_persistent_hotspot_cluster3,6,remaining,4,specimen_transfer:-1x0.1,f000dcc0128ea80a,f270121a4f06533f,0,-53455388.20132208,0,-1.0974911451339722,3,-0.0027836221270263195,3,0.10000000149011612
candidate,episode25,62,routing_persistent_hotspot_cluster3,12,4,0,mdl2,d5df6acafe755473,d5df6acafe755473,0,0.0,3,-1.1710020303726196,3,0.0,3,0.0
candidate,episode25,62,routing_persistent_hotspot_cluster3,12,4,1,specimen_transfer:+1x0.05,91b35549e187f07b,d5df6acafe755473,0,214943.96192750335,3,-1.169142723083496,3,0.0021059811115264893,3,0.05000000074505806
candidate,episode25,62,routing_persistent_hotspot_cluster3,12,4,2,specimen_transfer:-1x0.05,569860b9b634e1b7,d5df6acafe755473,0,-1292235.967717737,3,-1.1728612184524536,3,-0.0021059811115264893,3,0.05000000074505806
candidate,episode25,62,routing_persistent_hotspot_cluster3,12,4,3,specimen_transfer:+1x0.1,1f56b34a6cf8228d,d5df6acafe755473,0,757911.0916089118,3,-1.1662572622299194,3,0.0042119622230529785,3,0.10000000149011612
candidate,episode25,62,routing_persistent_hotspot_cluster3,12,4,4,specimen_transfer:-1x0.1,97e0c504d809cd82,d5df6acafe755473,0,-363841.7661485374,3,-1.1759668588638306,3,-0.0042119622230529785,3,0.10000000149011612
candidate,episode25,62,routing_persistent_hotspot_cluster3,12,remaining,0,mdl2,d5df6acafe755473,d5df6acafe755473,0,0.0,3,-1.1710020303726196,3,0.0,3,0.0
candidate,episode25,62,routing_persistent_hotspot_cluster3,12,remaining,1,specimen_transfer:+1x0.05,91b35549e187f07b,d5df6acafe755473,0,-168840.45958852768,3,-1.169142723083496,3,0.0021059811115264893,3,0.05000000074505806
candidate,episode25,62,routing_persistent_hotspot_cluster3,12,remaining,2,specimen_transfer:-1x0.05,569860b9b634e1b7,d5df6acafe755473,0,-3045562.4411273003,3,-1.1728612184524536,3,-0.0021059811115264893,3,0.05000000074505806
candidate,episode25,62,routing_persistent_hotspot_cluster3,12,remaining,3,specimen_transfer:+1x0.1,1f56b34a6cf8228d,d5df6acafe755473,0,1799199.9735293388,3,-1.1662572622299194,3,0.0042119622230529785,3,0.10000000149011612
candidate,episode25,62,routing_persistent_hotspot_cluster3,12,remaining,4,specimen_transfer:-1x0.1,97e0c504d809cd82,d5df6acafe755473,0,-6644983.243451595,3,-1.1759668588638306,3,-0.0042119622230529785,3,0.10000000149011612
candidate,episode25,62,routing_persistent_hotspot_cluster3,18,4,0,mdl2,f048c8e3c2d32677,f048c8e3c2d32677,0,0.0,3,-1.2642889022827148,3,0.0,3,0.0
candidate,episode25,62,routing_persistent_hotspot_cluster3,18,4,1,specimen_transfer:+1x0.05,2769539c73cea9d9,f048c8e3c2d32677,0,803345.5377002954,3,-1.260421633720398,3,0.00360925798304379,3,0.05000000074505806
candidate,episode25,62,routing_persistent_hotspot_cluster3,18,4,2,specimen_transfer:-1x0.05,ae7b9ac3ad909c48,f048c8e3c2d32677,0,-1357091.7629294395,3,-1.2681547403335571,3,-0.00360925798304379,3,0.05000000074505806
candidate,episode25,62,routing_persistent_hotspot_cluster3,18,4,3,specimen_transfer:+1x0.1,4012c37508b27079,f048c8e3c2d32677,0,2157102.541450113,3,-1.2571815252304077,3,0.00721851596608758,3,0.10000000149011612
candidate,episode25,62,routing_persistent_hotspot_cluster3,18,4,4,specimen_transfer:-1x0.1,1aa775b4ac421374,f048c8e3c2d32677,0,-3778442.4517261684,3,-1.2713690996170044,3,-0.007218516431748867,3,0.10000000149011612
candidate,episode25,62,routing_persistent_hotspot_cluster3,18,remaining,0,mdl2,f048c8e3c2d32677,f048c8e3c2d32677,0,0.0,0,-1.2642889022827148,3,0.0,3,0.0
candidate,episode25,62,routing_persistent_hotspot_cluster3,18,remaining,1,specimen_transfer:+1x0.05,2769539c73cea9d9,f048c8e3c2d32677,0,-4109504.1738402843,0,-1.260421633720398,3,0.00360925798304379,3,0.05000000074505806
candidate,episode25,62,routing_persistent_hotspot_cluster3,18,remaining,2,specimen_transfer:-1x0.05,ae7b9ac3ad909c48,f048c8e3c2d32677,0,-7929038.016451597,0,-1.2681547403335571,3,-0.00360925798304379,3,0.05000000074505806
candidate,episode25,62,routing_persistent_hotspot_cluster3,18,remaining,3,specimen_transfer:+1x0.1,4012c37508b27079,f048c8e3c2d32677,0,-7222694.630996704,0,-1.2571815252304077,3,0.00721851596608758,3,0.10000000149011612
candidate,episode25,62,routing_persistent_hotspot_cluster3,18,remaining,4,specimen_transfer:-1x0.1,1aa775b4ac421374,f048c8e3c2d32677,0,-1739249.1384174824,0,-1.2713690996170044,3,-0.007218516431748867,3,0.10000000149011612
candidate,episode25,62,routing_persistent_hotspot_cluster3,25,4,0,mdl2,6da7631c3284f0a1,6da7631c3284f0a1,0,0.0,3,-1.2567168474197388,3,0.0,3,0.0
candidate,episode25,62,routing_persistent_hotspot_cluster3,25,4,1,specimen_transfer:+1x0.05,8774a6ecb220f39e,6da7631c3284f0a1,0,489486.7940042317,3,-1.2527415752410889,3,0.0038780225440859795,3,0.05000000074505806
candidate,episode25,62,routing_persistent_hotspot_cluster3,25,4,2,specimen_transfer:-1x0.05,ed32ab2290dbdf05,6da7631c3284f0a1,0,-2303001.9762378633,3,-1.2606934309005737,3,-0.0038780225440859795,3,0.05000000074505806
candidate,episode25,62,routing_persistent_hotspot_cluster3,25,4,3,specimen_transfer:+1x0.1,8c4e8e903bf6efc8,6da7631c3284f0a1,0,652565.9881017506,3,-1.2487268447875977,3,0.007756045088171959,3,0.10000000149011612
candidate,episode25,62,routing_persistent_hotspot_cluster3,25,4,4,specimen_transfer:-1x0.1,9c276b3972853783,6da7631c3284f0a1,0,-5330345.949179947,3,-1.2643970251083374,3,-0.007756044622510672,3,0.10000000149011612
candidate,episode25,62,routing_persistent_hotspot_cluster3,25,remaining,0,mdl2,6da7631c3284f0a1,6da7631c3284f0a1,0,0.0,1,-1.2567168474197388,3,0.0,3,0.0
candidate,episode25,62,routing_persistent_hotspot_cluster3,25,remaining,1,specimen_transfer:+1x0.05,8774a6ecb220f39e,6da7631c3284f0a1,0,6562020.832865715,1,-1.2527415752410889,3,0.0038780225440859795,3,0.05000000074505806
candidate,episode25,62,routing_persistent_hotspot_cluster3,25,remaining,2,specimen_transfer:-1x0.05,ed32ab2290dbdf05,6da7631c3284f0a1,0,4086393.0174384117,1,-1.2606934309005737,3,-0.0038780225440859795,3,0.05000000074505806
candidate,episode25,62,routing_persistent_hotspot_cluster3,25,remaining,3,specimen_transfer:+1x0.1,8c4e8e903bf6efc8,6da7631c3284f0a1,0,3751747.043079853,1,-1.2487268447875977,3,0.007756045088171959,3,0.10000000149011612
candidate,episode25,62,routing_persistent_hotspot_cluster3,25,remaining,4,specimen_transfer:-1x0.1,9c276b3972853783,6da7631c3284f0a1,0,4661899.3099451065,1,-1.2643970251083374,3,-0.007756044622510672,3,0.10000000149011612
candidate,episode25,62,routing_persistent_hotspot_cluster3,31,4,0,mdl2,f7ccf5ede5ef50ff,87c6ff3022068de8,-1,0.0,0,-1.0443741083145142,3,-0.0038320536259561777,3,0.05313737317919731
candidate,episode25,62,routing_persistent_hotspot_cluster3,31,4,1,specimen_transfer:+1x0.05,83725b522f9b45e9,87c6ff3022068de8,-1,-1460243.5587589443,0,-1.0427199602127075,3,-0.0018188824178650975,3,0.035598207265138626
candidate,episode25,62,routing_persistent_hotspot_cluster3,31,4,2,specimen_transfer:-1x0.05,647cf40a784a527e,87c6ff3022068de8,-1,-1928824.9635088742,0,-1.0460572242736816,3,-0.005845225416123867,3,0.08204106986522675
candidate,episode25,62,routing_persistent_hotspot_cluster3,31,4,3,specimen_transfer:+1x0.1,f4b994316308f5b5,87c6ff3022068de8,-1,-1716418.6836223304,0,-1.0404433012008667,3,0.00019428919767960906,3,0.06921468675136566
candidate,episode25,62,routing_persistent_hotspot_cluster3,31,4,4,specimen_transfer:-1x0.1,ece9a19299ad8541,87c6ff3022068de8,-1,-2209023.0609427392,0,-1.0484024286270142,3,-0.007858396507799625,3,0.13078531622886658
candidate,episode25,62,routing_persistent_hotspot_cluster3,31,remaining,0,mdl2,f7ccf5ede5ef50ff,87c6ff3022068de8,-1,0.0,4,-1.0443741083145142,3,-0.0038320536259561777,3,0.05313737317919731
candidate,episode25,62,routing_persistent_hotspot_cluster3,31,remaining,1,specimen_transfer:+1x0.05,83725b522f9b45e9,87c6ff3022068de8,-1,-1687819.0221292973,4,-1.0427199602127075,3,-0.0018188824178650975,3,0.035598207265138626
candidate,episode25,62,routing_persistent_hotspot_cluster3,31,remaining,2,specimen_transfer:-1x0.05,647cf40a784a527e,87c6ff3022068de8,-1,899098.6177818775,4,-1.0460572242736816,3,-0.005845225416123867,3,0.08204106986522675
candidate,episode25,62,routing_persistent_hotspot_cluster3,31,remaining,3,specimen_transfer:+1x0.1,f4b994316308f5b5,87c6ff3022068de8,-1,-928165.8858852386,4,-1.0404433012008667,3,0.00019428919767960906,3,0.06921468675136566
candidate,episode25,62,routing_persistent_hotspot_cluster3,31,remaining,4,specimen_transfer:-1x0.1,ece9a19299ad8541,87c6ff3022068de8,-1,1782963.2958402634,4,-1.0484024286270142,3,-0.007858396507799625,3,0.13078531622886658
candidate,episode25,62,routing_persistent_hotspot_cluster3,37,4,0,mdl2,7e6caf51bf96e42a,5e12d9ffff983cab,-1,0.0,3,-0.49032196402549744,3,-0.0020170300267636776,3,0.0399373397231102
candidate,episode25,62,routing_persistent_hotspot_cluster3,37,4,1,specimen_transfer:+1x0.05,c9ebc2c1083262be,5e12d9ffff983cab,-1,575330.2657678127,3,-0.4895339906215668,3,-0.0009990634862333536,3,0.020882703363895416
candidate,episode25,62,routing_persistent_hotspot_cluster3,37,4,2,specimen_transfer:-1x0.05,e067517e06c0a64f,5e12d9ffff983cab,-1,-1617672.1513651907,3,-0.49122652411460876,3,-0.003034997032955289,3,0.08550385385751724
candidate,episode25,62,routing_persistent_hotspot_cluster3,37,4,3,specimen_transfer:+1x0.1,c42a9f26fdf1d64d,5e12d9ffff983cab,-1,842671.7982469499,3,-0.487958163022995,3,1.890293788164854e-05,3,0.06510743498802185
candidate,episode25,62,routing_persistent_hotspot_cluster3,37,4,4,specimen_transfer:-1x0.1,9fd3c67c1547b516,5e12d9ffff983cab,-1,-3316021.403345108,3,-0.49294576048851013,3,-0.004052963573485613,3,0.1355038583278656
candidate,episode25,62,routing_persistent_hotspot_cluster3,37,remaining,0,mdl2,7e6caf51bf96e42a,5e12d9ffff983cab,-1,0.0,1,-0.49032196402549744,3,-0.0020170300267636776,3,0.0399373397231102
candidate,episode25,62,routing_persistent_hotspot_cluster3,37,remaining,1,specimen_transfer:+1x0.05,c9ebc2c1083262be,5e12d9ffff983cab,-1,3851408.617185831,1,-0.4895339906215668,3,-0.0009990634862333536,3,0.020882703363895416
candidate,episode25,62,routing_persistent_hotspot_cluster3,37,remaining,2,specimen_transfer:-1x0.05,e067517e06c0a64f,5e12d9ffff983cab,-1,-5513703.039424896,1,-0.49122652411460876,3,-0.003034997032955289,3,0.08550385385751724
candidate,episode25,62,routing_persistent_hotspot_cluster3,37,remaining,3,specimen_transfer:+1x0.1,c42a9f26fdf1d64d,5e12d9ffff983cab,-1,2348038.362417817,1,-0.487958163022995,3,1.890293788164854e-05,3,0.06510743498802185
candidate,episode25,62,routing_persistent_hotspot_cluster3,37,remaining,4,specimen_transfer:-1x0.1,9fd3c67c1547b516,5e12d9ffff983cab,-1,-8625846.725365162,1,-0.49294576048851013,3,-0.004052963573485613,3,0.1355038583278656
candidate,episode25,62,routing_persistent_hotspot_cluster3,43,4,0,mdl2,08eb99e7f3f8746a,84fe6f2cc12a9f69,-1,0.0,1,-0.27854859828948975,3,-0.005127142649143934,3,0.060560550540685654
candidate,episode25,62,routing_persistent_hotspot_cluster3,43,4,1,specimen_transfer:+1x0.05,e4aed89f83c51a2e,84fe6f2cc12a9f69,-1,189074.31447026134,1,-0.27652040123939514,3,-0.00242792209610343,3,0.024605564773082733
candidate,episode25,62,routing_persistent_hotspot_cluster3,43,4,2,specimen_transfer:-1x0.05,a94dc469e9afc4e7,84fe6f2cc12a9f69,-1,-1343527.5138153434,1,-0.2805768549442291,3,-0.007826362736523151,3,0.11056055128574371
candidate,episode25,62,routing_persistent_hotspot_cluster3,43,4,3,specimen_transfer:+1x0.1,1260e6cb4439dfbd,84fe6f2cc12a9f69,-1,-680980.6571043134,1,-0.27333104610443115,3,0.000271298224106431,3,0.05688026547431946
candidate,episode25,62,routing_persistent_hotspot_cluster3,43,4,4,specimen_transfer:-1x0.1,b4dd5a54e207989f,84fe6f2cc12a9f69,-1,-1958760.3375896513,1,-0.28373488783836365,3,-0.010525583289563656,3,0.16056054830551147
candidate,episode25,62,routing_persistent_hotspot_cluster3,43,remaining,0,mdl2,08eb99e7f3f8746a,84fe6f2cc12a9f69,-1,0.0,1,-0.27854859828948975,3,-0.005127142649143934,3,0.060560550540685654
candidate,episode25,62,routing_persistent_hotspot_cluster3,43,remaining,1,specimen_transfer:+1x0.05,e4aed89f83c51a2e,84fe6f2cc12a9f69,-1,1187160.3478164673,1,-0.27652040123939514,3,-0.00242792209610343,3,0.024605564773082733
candidate,episode25,62,routing_persistent_hotspot_cluster3,43,remaining,2,specimen_transfer:-1x0.05,a94dc469e9afc4e7,84fe6f2cc12a9f69,-1,-59814.01382166147,1,-0.2805768549442291,3,-0.007826362736523151,3,0.11056055128574371
candidate,episode25,62,routing_persistent_hotspot_cluster3,43,remaining,3,specimen_transfer:+1x0.1,1260e6cb4439dfbd,84fe6f2cc12a9f69,-1,928868.7672156096,1,-0.27333104610443115,3,0.000271298224106431,3,0.05688026547431946
candidate,episode25,62,routing_persistent_hotspot_cluster3,43,remaining,4,specimen_transfer:-1x0.1,b4dd5a54e207989f,84fe6f2cc12a9f69,-1,-165682.67187309265,1,-0.28373488783836365,3,-0.010525583289563656,3,0.16056054830551147
candidate,episode25,62,routing_persistent_hotspot_cluster3,51,4,0,mdl2,b916cb7e358ab849,3c37d901eea32828,-1,0.0,4,-0.026899121701717377,3,-0.0010993138421326876,3,0.05298885330557823
candidate,episode25,62,routing_persistent_hotspot_cluster3,51,4,1,specimen_transfer:+1x0.05,9d0111ef90afa100,3c37d901eea32828,-1,396439.2931443304,4,-0.026249155402183533,3,-0.0004608375020325184,3,0.023966006934642792
candidate,episode25,62,routing_persistent_hotspot_cluster3,51,4,2,specimen_transfer:-1x0.05,a6bd804be40344bb,3c37d901eea32828,-1,896279.1931443214,4,-0.02754911780357361,3,-0.0017377902986481786,3,0.09211058169603348
candidate,episode25,62,routing_persistent_hotspot_cluster3,51,4,3,specimen_transfer:+1x0.1,2967ca2373a678e2,3c37d901eea32828,-1,1842536.70414339,4,-0.02552870661020279,3,0.00017763891082722694,3,0.06524432450532913
candidate,episode25,62,routing_persistent_hotspot_cluster3,51,4,4,specimen_transfer:-1x0.1,5efa097f9ee2cd09,3c37d901eea32828,-1,2243427.1057247147,4,-0.02828674018383026,3,-0.0023762667551636696,3,0.136724591255188
candidate,episode25,62,routing_persistent_hotspot_cluster3,51,remaining,0,mdl2,b916cb7e358ab849,3c37d901eea32828,-1,0.0,4,-0.026899121701717377,3,-0.0010993138421326876,3,0.05298885330557823
candidate,episode25,62,routing_persistent_hotspot_cluster3,51,remaining,1,specimen_transfer:+1x0.05,9d0111ef90afa100,3c37d901eea32828,-1,396439.2931443304,4,-0.026249155402183533,3,-0.0004608375020325184,3,0.023966006934642792
candidate,episode25,62,routing_persistent_hotspot_cluster3,51,remaining,2,specimen_transfer:-1x0.05,a6bd804be40344bb,3c37d901eea32828,-1,896279.1931443214,4,-0.02754911780357361,3,-0.0017377902986481786,3,0.09211058169603348
candidate,episode25,62,routing_persistent_hotspot_cluster3,51,remaining,3,specimen_transfer:+1x0.1,2967ca2373a678e2,3c37d901eea32828,-1,1842536.70414339,4,-0.02552870661020279,3,0.00017763891082722694,3,0.06524432450532913
candidate,episode25,62,routing_persistent_hotspot_cluster3,51,remaining,4,specimen_transfer:-1x0.1,5efa097f9ee2cd09,3c37d901eea32828,-1,2243427.1057247147,4,-0.02828674018383026,3,-0.0023762667551636696,3,0.136724591255188
candidate,final,62,routing_persistent_hotspot_cluster3,0,4,0,mdl2,eaa97ef267d0ab97,eaa97ef267d0ab97,0,0.0,0,-0.09998829662799835,3,0.0,3,0.0
candidate,final,62,routing_persistent_hotspot_cluster3,0,4,1,specimen_transfer:+1x0.05,e2fdea490eed1e1c,eaa97ef267d0ab97,0,0.0,0,-0.09980738162994385,3,0.00013455635053105652,3,0.05000000447034836
candidate,final,62,routing_persistent_hotspot_cluster3,0,4,2,specimen_transfer:-1x0.05,09a687cb0629bcef,eaa97ef267d0ab97,0,0.0,0,-0.1001405417919159,3,-0.00013455635053105652,3,0.05000000074505806
candidate,final,62,routing_persistent_hotspot_cluster3,0,4,3,specimen_transfer:+1x0.1,e53f2b429134e05e,eaa97ef267d0ab97,0,0.0,0,-0.09948574006557465,3,0.00026911270106211305,3,0.10000000894069672
candidate,final,62,routing_persistent_hotspot_cluster3,0,4,4,specimen_transfer:-1x0.1,d29d0dc933965624,eaa97ef267d0ab97,0,0.0,0,-0.10029266774654388,3,-0.0002691127301659435,3,0.10000000149011612
candidate,final,62,routing_persistent_hotspot_cluster3,0,remaining,0,mdl2,eaa97ef267d0ab97,eaa97ef267d0ab97,0,0.0,0,-0.09998829662799835,3,0.0,3,0.0
candidate,final,62,routing_persistent_hotspot_cluster3,0,remaining,1,specimen_transfer:+1x0.05,e2fdea490eed1e1c,eaa97ef267d0ab97,0,0.0,0,-0.09980738162994385,3,0.00013455635053105652,3,0.05000000447034836
candidate,final,62,routing_persistent_hotspot_cluster3,0,remaining,2,specimen_transfer:-1x0.05,09a687cb0629bcef,eaa97ef267d0ab97,0,0.0,0,-0.1001405417919159,3,-0.00013455635053105652,3,0.05000000074505806
candidate,final,62,routing_persistent_hotspot_cluster3,0,remaining,3,specimen_transfer:+1x0.1,e53f2b429134e05e,eaa97ef267d0ab97,0,0.0,0,-0.09948574006557465,3,0.00026911270106211305,3,0.10000000894069672
candidate,final,62,routing_persistent_hotspot_cluster3,0,remaining,4,specimen_transfer:-1x0.1,d29d0dc933965624,eaa97ef267d0ab97,0,0.0,0,-0.10029266774654388,3,-0.0002691127301659435,3,0.10000000149011612
candidate,final,62,routing_persistent_hotspot_cluster3,6,4,0,mdl2,f270121a4f06533f,f270121a4f06533f,0,0.0,3,-1.9375461339950562,3,0.0,3,0.0
candidate,final,62,routing_persistent_hotspot_cluster3,6,4,1,specimen_transfer:+1x0.05,7a8297726878c05d,f270121a4f06533f,0,2404796.0886348486,3,-1.9362571239471436,3,0.0011960396077483892,3,0.05000000074505806
candidate,final,62,routing_persistent_hotspot_cluster3,6,4,2,specimen_transfer:-1x0.05,b64f83216be2ace8,f270121a4f06533f,0,469109.7455332279,3,-1.9388353824615479,3,-0.0011960396077483892,3,0.05000000074505806
candidate,final,62,routing_persistent_hotspot_cluster3,6,4,3,specimen_transfer:+1x0.1,ab03376af6083799,f270121a4f06533f,0,4433372.346143812,3,-1.9355003833770752,3,0.0023920792154967785,3,0.10000000149011612
candidate,final,62,routing_persistent_hotspot_cluster3,6,4,4,specimen_transfer:-1x0.1,f000dcc0128ea80a,f270121a4f06533f,0,17523.43594995141,3,-1.9395921230316162,3,-0.0023920792154967785,3,0.10000000149011612
candidate,final,62,routing_persistent_hotspot_cluster3,6,remaining,0,mdl2,f270121a4f06533f,f270121a4f06533f,0,0.0,0,-1.9375461339950562,3,0.0,3,0.0
candidate,final,62,routing_persistent_hotspot_cluster3,6,remaining,1,specimen_transfer:+1x0.05,7a8297726878c05d,f270121a4f06533f,0,-873023.5990519524,0,-1.9362571239471436,3,0.0011960396077483892,3,0.05000000074505806
candidate,final,62,routing_persistent_hotspot_cluster3,6,remaining,2,specimen_transfer:-1x0.05,b64f83216be2ace8,f270121a4f06533f,0,-10598304.5651865,0,-1.9388353824615479,3,-0.0011960396077483892,3,0.05000000074505806
candidate,final,62,routing_persistent_hotspot_cluster3,6,remaining,3,specimen_transfer:+1x0.1,ab03376af6083799,f270121a4f06533f,0,-2909011.372448921,0,-1.9355003833770752,3,0.0023920792154967785,3,0.10000000149011612
candidate,final,62,routing_persistent_hotspot_cluster3,6,remaining,4,specimen_transfer:-1x0.1,f000dcc0128ea80a,f270121a4f06533f,0,-53455388.20132208,0,-1.9395921230316162,3,-0.0023920792154967785,3,0.10000000149011612
candidate,final,62,routing_persistent_hotspot_cluster3,12,4,0,mdl2,d5df6acafe755473,d5df6acafe755473,0,0.0,3,-2.0068843364715576,3,0.0,3,0.0
candidate,final,62,routing_persistent_hotspot_cluster3,12,4,1,specimen_transfer:+1x0.05,91b35549e187f07b,d5df6acafe755473,0,214943.96192750335,3,-2.001551389694214,3,0.004868547432124615,3,0.05000000074505806
candidate,final,62,routing_persistent_hotspot_cluster3,12,4,2,specimen_transfer:-1x0.05,569860b9b634e1b7,d5df6acafe755473,0,-1292235.967717737,3,-2.012216806411743,3,-0.004868547432124615,3,0.05000000074505806
candidate,final,62,routing_persistent_hotspot_cluster3,12,4,3,specimen_transfer:+1x0.1,1f56b34a6cf8228d,d5df6acafe755473,0,757911.0916089118,3,-1.9971799850463867,3,0.00973709486424923,3,0.10000000149011612
candidate,final,62,routing_persistent_hotspot_cluster3,12,4,4,specimen_transfer:-1x0.1,97e0c504d809cd82,d5df6acafe755473,0,-363841.7661485374,3,-2.0165884494781494,3,-0.00973709486424923,3,0.10000000149011612
candidate,final,62,routing_persistent_hotspot_cluster3,12,remaining,0,mdl2,d5df6acafe755473,d5df6acafe755473,0,0.0,3,-2.0068843364715576,3,0.0,3,0.0
candidate,final,62,routing_persistent_hotspot_cluster3,12,remaining,1,specimen_transfer:+1x0.05,91b35549e187f07b,d5df6acafe755473,0,-168840.45958852768,3,-2.001551389694214,3,0.004868547432124615,3,0.05000000074505806
candidate,final,62,routing_persistent_hotspot_cluster3,12,remaining,2,specimen_transfer:-1x0.05,569860b9b634e1b7,d5df6acafe755473,0,-3045562.4411273003,3,-2.012216806411743,3,-0.004868547432124615,3,0.05000000074505806
candidate,final,62,routing_persistent_hotspot_cluster3,12,remaining,3,specimen_transfer:+1x0.1,1f56b34a6cf8228d,d5df6acafe755473,0,1799199.9735293388,3,-1.9971799850463867,3,0.00973709486424923,3,0.10000000149011612
candidate,final,62,routing_persistent_hotspot_cluster3,12,remaining,4,specimen_transfer:-1x0.1,97e0c504d809cd82,d5df6acafe755473,0,-6644983.243451595,3,-2.0165884494781494,3,-0.00973709486424923,3,0.10000000149011612
candidate,final,62,routing_persistent_hotspot_cluster3,18,4,0,mdl2,f048c8e3c2d32677,f048c8e3c2d32677,0,0.0,3,-1.7162855863571167,3,0.0,3,0.0
candidate,final,62,routing_persistent_hotspot_cluster3,18,4,1,specimen_transfer:+1x0.05,2769539c73cea9d9,f048c8e3c2d32677,0,803345.5377002954,3,-1.7101671695709229,3,0.005603308789432049,3,0.05000000074505806
candidate,final,62,routing_persistent_hotspot_cluster3,18,4,2,specimen_transfer:-1x0.05,ae7b9ac3ad909c48,f048c8e3c2d32677,0,-1357091.7629294395,3,-1.7224040031433105,3,-0.005603308789432049,3,0.05000000074505806
candidate,final,62,routing_persistent_hotspot_cluster3,18,4,3,specimen_transfer:+1x0.1,4012c37508b27079,f048c8e3c2d32677,0,2157102.541450113,3,-1.7054626941680908,3,0.011206617578864098,3,0.10000000149011612
candidate,final,62,routing_persistent_hotspot_cluster3,18,4,4,specimen_transfer:-1x0.1,1aa775b4ac421374,f048c8e3c2d32677,0,-3778442.4517261684,3,-1.7270748615264893,3,-0.011206617578864098,3,0.10000000149011612
candidate,final,62,routing_persistent_hotspot_cluster3,18,remaining,0,mdl2,f048c8e3c2d32677,f048c8e3c2d32677,0,0.0,0,-1.7162855863571167,3,0.0,3,0.0
candidate,final,62,routing_persistent_hotspot_cluster3,18,remaining,1,specimen_transfer:+1x0.05,2769539c73cea9d9,f048c8e3c2d32677,0,-4109504.1738402843,0,-1.7101671695709229,3,0.005603308789432049,3,0.05000000074505806
candidate,final,62,routing_persistent_hotspot_cluster3,18,remaining,2,specimen_transfer:-1x0.05,ae7b9ac3ad909c48,f048c8e3c2d32677,0,-7929038.016451597,0,-1.7224040031433105,3,-0.005603308789432049,3,0.05000000074505806
candidate,final,62,routing_persistent_hotspot_cluster3,18,remaining,3,specimen_transfer:+1x0.1,4012c37508b27079,f048c8e3c2d32677,0,-7222694.630996704,0,-1.7054626941680908,3,0.011206617578864098,3,0.10000000149011612
candidate,final,62,routing_persistent_hotspot_cluster3,18,remaining,4,specimen_transfer:-1x0.1,1aa775b4ac421374,f048c8e3c2d32677,0,-1739249.1384174824,0,-1.7270748615264893,3,-0.011206617578864098,3,0.10000000149011612
candidate,final,62,routing_persistent_hotspot_cluster3,25,4,0,mdl2,6da7631c3284f0a1,6da7631c3284f0a1,0,0.0,3,-1.253148078918457,3,0.0,3,0.0
candidate,final,62,routing_persistent_hotspot_cluster3,25,4,1,specimen_transfer:+1x0.05,8774a6ecb220f39e,6da7631c3284f0a1,0,489486.7940042317,3,-1.2503801584243774,3,0.0030565080232918262,3,0.05000000074505806
candidate,final,62,routing_persistent_hotspot_cluster3,25,4,2,specimen_transfer:-1x0.05,ed32ab2290dbdf05,6da7631c3284f0a1,0,-2303001.9762378633,3,-1.2565207481384277,3,-0.0030565080232918262,3,0.05000000074505806
candidate,final,62,routing_persistent_hotspot_cluster3,25,4,3,specimen_transfer:+1x0.1,8c4e8e903bf6efc8,6da7631c3284f0a1,0,652565.9881017506,3,-1.2475626468658447,3,0.0061130160465836525,3,0.10000000149011612
candidate,final,62,routing_persistent_hotspot_cluster3,25,4,4,specimen_transfer:-1x0.1,9c276b3972853783,6da7631c3284f0a1,0,-5330345.949179947,3,-1.2597897052764893,3,-0.0061130160465836525,3,0.10000000149011612
candidate,final,62,routing_persistent_hotspot_cluster3,25,remaining,0,mdl2,6da7631c3284f0a1,6da7631c3284f0a1,0,0.0,1,-1.253148078918457,3,0.0,3,0.0
candidate,final,62,routing_persistent_hotspot_cluster3,25,remaining,1,specimen_transfer:+1x0.05,8774a6ecb220f39e,6da7631c3284f0a1,0,6562020.832865715,1,-1.2503801584243774,3,0.0030565080232918262,3,0.05000000074505806
candidate,final,62,routing_persistent_hotspot_cluster3,25,remaining,2,specimen_transfer:-1x0.05,ed32ab2290dbdf05,6da7631c3284f0a1,0,4086393.0174384117,1,-1.2565207481384277,3,-0.0030565080232918262,3,0.05000000074505806
candidate,final,62,routing_persistent_hotspot_cluster3,25,remaining,3,specimen_transfer:+1x0.1,8c4e8e903bf6efc8,6da7631c3284f0a1,0,3751747.043079853,1,-1.2475626468658447,3,0.0061130160465836525,3,0.10000000149011612
candidate,final,62,routing_persistent_hotspot_cluster3,25,remaining,4,specimen_transfer:-1x0.1,9c276b3972853783,6da7631c3284f0a1,0,4661899.3099451065,1,-1.2597897052764893,3,-0.0061130160465836525,3,0.10000000149011612
candidate,final,62,routing_persistent_hotspot_cluster3,31,4,0,mdl2,f7ccf5ede5ef50ff,faed8e4aa279bbf4,-1,0.0,0,-1.2024204730987549,3,-0.003803791245445609,3,0.05343768000602722
candidate,final,62,routing_persistent_hotspot_cluster3,31,4,1,specimen_transfer:+1x0.05,83725b522f9b45e9,faed8e4aa279bbf4,-1,-1460243.5587589443,0,-1.2027764320373535,3,-0.0032499597873538733,3,0.03566405549645424
candidate,final,62,routing_persistent_hotspot_cluster3,31,4,2,specimen_transfer:-1x0.05,647cf40a784a527e,faed8e4aa279bbf4,-1,-1928824.9635088742,0,-1.2020645141601562,3,-0.004357622936367989,3,0.08195778727531433
candidate,final,62,routing_persistent_hotspot_cluster3,31,4,3,specimen_transfer:+1x0.1,f4b994316308f5b5,faed8e4aa279bbf4,-1,-1716418.6836223304,0,-1.2012324333190918,3,-0.0026961287949234247,3,0.06898342818021774
candidate,final,62,routing_persistent_hotspot_cluster3,31,4,4,specimen_transfer:-1x0.1,ece9a19299ad8541,faed8e4aa279bbf4,-1,-2209023.0609427392,0,-1.203629732131958,3,-0.004911452531814575,3,0.1310165822505951
candidate,final,62,routing_persistent_hotspot_cluster3,31,remaining,0,mdl2,f7ccf5ede5ef50ff,faed8e4aa279bbf4,-1,0.0,4,-1.2024204730987549,3,-0.003803791245445609,3,0.05343768000602722
candidate,final,62,routing_persistent_hotspot_cluster3,31,remaining,1,specimen_transfer:+1x0.05,83725b522f9b45e9,faed8e4aa279bbf4,-1,-1687819.0221292973,4,-1.2027764320373535,3,-0.0032499597873538733,3,0.03566405549645424
candidate,final,62,routing_persistent_hotspot_cluster3,31,remaining,2,specimen_transfer:-1x0.05,647cf40a784a527e,faed8e4aa279bbf4,-1,899098.6177818775,4,-1.2020645141601562,3,-0.004357622936367989,3,0.08195778727531433
candidate,final,62,routing_persistent_hotspot_cluster3,31,remaining,3,specimen_transfer:+1x0.1,f4b994316308f5b5,faed8e4aa279bbf4,-1,-928165.8858852386,4,-1.2012324333190918,3,-0.0026961287949234247,3,0.06898342818021774
candidate,final,62,routing_persistent_hotspot_cluster3,31,remaining,4,specimen_transfer:-1x0.1,ece9a19299ad8541,faed8e4aa279bbf4,-1,1782963.2958402634,4,-1.203629732131958,3,-0.004911452531814575,3,0.1310165822505951
candidate,final,62,routing_persistent_hotspot_cluster3,37,4,0,mdl2,7e6caf51bf96e42a,5e12d9ffff983cab,-1,0.0,3,-0.8043205738067627,3,-0.0013229113537818193,3,0.039771996438503265
candidate,final,62,routing_persistent_hotspot_cluster3,37,4,1,specimen_transfer:+1x0.05,c9ebc2c1083262be,5e12d9ffff983cab,-1,575330.2657678127,3,-0.8034055233001709,3,-0.00034631742164492607,3,0.0210005771368742
candidate,final,62,routing_persistent_hotspot_cluster3,37,4,2,specimen_transfer:-1x0.05,e067517e06c0a64f,5e12d9ffff983cab,-1,-1617672.1513651907,3,-0.805295467376709,3,-0.0022995052859187126,3,0.0853666290640831
candidate,final,62,routing_persistent_hotspot_cluster3,37,4,3,specimen_transfer:+1x0.1,c42a9f26fdf1d64d,5e12d9ffff983cab,-1,842671.7982469499,3,-0.8020867109298706,3,0.000630276626907289,3,0.06503346562385559
candidate,final,62,routing_persistent_hotspot_cluster3,37,4,4,specimen_transfer:-1x0.1,9fd3c67c1547b516,5e12d9ffff983cab,-1,-3316021.403345108,3,-0.8067728877067566,3,-0.0032760994508862495,3,0.13536663353443146
candidate,final,62,routing_persistent_hotspot_cluster3,37,remaining,0,mdl2,7e6caf51bf96e42a,5e12d9ffff983cab,-1,0.0,1,-0.8043205738067627,3,-0.0013229113537818193,3,0.039771996438503265
candidate,final,62,routing_persistent_hotspot_cluster3,37,remaining,1,specimen_transfer:+1x0.05,c9ebc2c1083262be,5e12d9ffff983cab,-1,3851408.617185831,1,-0.8034055233001709,3,-0.00034631742164492607,3,0.0210005771368742
candidate,final,62,routing_persistent_hotspot_cluster3,37,remaining,2,specimen_transfer:-1x0.05,e067517e06c0a64f,5e12d9ffff983cab,-1,-5513703.039424896,1,-0.805295467376709,3,-0.0022995052859187126,3,0.0853666290640831
candidate,final,62,routing_persistent_hotspot_cluster3,37,remaining,3,specimen_transfer:+1x0.1,c42a9f26fdf1d64d,5e12d9ffff983cab,-1,2348038.362417817,1,-0.8020867109298706,3,0.000630276626907289,3,0.06503346562385559
candidate,final,62,routing_persistent_hotspot_cluster3,37,remaining,4,specimen_transfer:-1x0.1,9fd3c67c1547b516,5e12d9ffff983cab,-1,-8625846.725365162,1,-0.8067728877067566,3,-0.0032760994508862495,3,0.13536663353443146
candidate,final,62,routing_persistent_hotspot_cluster3,43,4,0,mdl2,08eb99e7f3f8746a,84fe6f2cc12a9f69,-1,0.0,1,-0.00030504725873470306,3,-0.0009289056761190295,3,0.06060580164194107
candidate,final,62,routing_persistent_hotspot_cluster3,43,4,1,specimen_transfer:+1x0.05,e4aed89f83c51a2e,84fe6f2cc12a9f69,-1,189074.31447026134,1,4.7909095883369446e-05,3,-0.0005230635870248079,3,0.024654734879732132
candidate,final,62,routing_persistent_hotspot_cluster3,43,4,2,specimen_transfer:-1x0.05,a94dc469e9afc4e7,84fe6f2cc12a9f69,-1,-1343527.5138153434,1,-0.0006580110639333725,3,-0.0013347476487979293,3,0.11060580611228943
candidate,final,62,routing_persistent_hotspot_cluster3,43,4,3,specimen_transfer:+1x0.1,1260e6cb4439dfbd,84fe6f2cc12a9f69,-1,-680980.6571043134,1,0.0004142541438341141,3,-0.00011722158524207771,3,0.056784488260746
candidate,final,62,routing_persistent_hotspot_cluster3,43,4,4,specimen_transfer:-1x0.1,b4dd5a54e207989f,84fe6f2cc12a9f69,-1,-1958760.3375896513,1,-0.0010243933647871017,3,-0.0017405898543074727,3,0.1606058031320572
candidate,final,62,routing_persistent_hotspot_cluster3,43,remaining,0,mdl2,08eb99e7f3f8746a,84fe6f2cc12a9f69,-1,0.0,1,-0.00030504725873470306,3,-0.0009289056761190295,3,0.06060580164194107
candidate,final,62,routing_persistent_hotspot_cluster3,43,remaining,1,specimen_transfer:+1x0.05,e4aed89f83c51a2e,84fe6f2cc12a9f69,-1,1187160.3478164673,1,4.7909095883369446e-05,3,-0.0005230635870248079,3,0.024654734879732132
candidate,final,62,routing_persistent_hotspot_cluster3,43,remaining,2,specimen_transfer:-1x0.05,a94dc469e9afc4e7,84fe6f2cc12a9f69,-1,-59814.01382166147,1,-0.0006580110639333725,3,-0.0013347476487979293,3,0.11060580611228943
candidate,final,62,routing_persistent_hotspot_cluster3,43,remaining,3,specimen_transfer:+1x0.1,1260e6cb4439dfbd,84fe6f2cc12a9f69,-1,928868.7672156096,1,0.0004142541438341141,3,-0.00011722158524207771,3,0.056784488260746
candidate,final,62,routing_persistent_hotspot_cluster3,43,remaining,4,specimen_transfer:-1x0.1,b4dd5a54e207989f,84fe6f2cc12a9f69,-1,-165682.67187309265,1,-0.0010243933647871017,3,-0.0017405898543074727,3,0.1606058031320572
candidate,final,62,routing_persistent_hotspot_cluster3,51,4,0,mdl2,b916cb7e358ab849,3c37d901eea32828,-1,0.0,4,0.0007840078324079514,3,-0.0004526281845755875,3,0.05308108404278755
candidate,final,62,routing_persistent_hotspot_cluster3,51,4,1,specimen_transfer:+1x0.05,9d0111ef90afa100,3c37d901eea32828,-1,396439.2931443304,4,0.0011464711278676987,3,-8.235658606281504e-05,3,0.02387475222349167
candidate,final,62,routing_persistent_hotspot_cluster3,51,4,2,specimen_transfer:-1x0.05,a6bd804be40344bb,3c37d901eea32828,-1,896279.1931443214,4,0.00042075105011463165,3,-0.0008228998631238937,3,0.09212726354598999
candidate,final,62,routing_persistent_hotspot_cluster3,51,4,3,specimen_transfer:+1x0.1,2967ca2373a678e2,3c37d901eea32828,-1,1842536.70414339,4,0.0015338342636823654,3,0.0002879150561057031,3,0.06522569060325623
candidate,final,62,routing_persistent_hotspot_cluster3,51,4,4,specimen_transfer:-1x0.1,5efa097f9ee2cd09,3c37d901eea32828,-1,2243427.1057247147,4,1.3606622815132141e-05,3,-0.001193171483464539,3,0.1367412656545639
candidate,final,62,routing_persistent_hotspot_cluster3,51,remaining,0,mdl2,b916cb7e358ab849,3c37d901eea32828,-1,0.0,4,0.0007840078324079514,3,-0.0004526281845755875,3,0.05308108404278755
candidate,final,62,routing_persistent_hotspot_cluster3,51,remaining,1,specimen_transfer:+1x0.05,9d0111ef90afa100,3c37d901eea32828,-1,396439.2931443304,4,0.0011464711278676987,3,-8.235658606281504e-05,3,0.02387475222349167
candidate,final,62,routing_persistent_hotspot_cluster3,51,remaining,2,specimen_transfer:-1x0.05,a6bd804be40344bb,3c37d901eea32828,-1,896279.1931443214,4,0.00042075105011463165,3,-0.0008228998631238937,3,0.09212726354598999
candidate,final,62,routing_persistent_hotspot_cluster3,51,remaining,3,specimen_transfer:+1x0.1,2967ca2373a678e2,3c37d901eea32828,-1,1842536.70414339,4,0.0015338342636823654,3,0.0002879150561057031,3,0.06522569060325623
candidate,final,62,routing_persistent_hotspot_cluster3,51,remaining,4,specimen_transfer:-1x0.1,5efa097f9ee2cd09,3c37d901eea32828,-1,2243427.1057247147,4,1.3606622815132141e-05,3,-0.001193171483464539,3,0.1367412656545639
