{
  "baseline_mean": 1268256613.1067357,
  "candidate_mean": 1268049127.617251,
  "ci_high": -91367.06844635066,
  "ci_low": -332641.10658864566,
  "mean_difference": -207485.489484787,
  "mean_gap_pct": -0.01635989809479709,
  "metric": "total_cost",
  "n_pairs": 500,
  "n_training_seeds": 5,
  "per_seed_mean_difference": {
    "0": -86944.5099746728,
    "1": -146821.09513337136,
    "2": -154954.76047869204,
    "3": -267271.03796252963,
    "4": -381436.04387486936
  },
  "ties": 0,
  "wins": 323
}
