{
  "baseline_mean": 1268256613.1067357,
  "candidate_mean": 1268089003.5554702,
  "ci_high": -46230.0289571844,
  "ci_low": -286899.3691119188,
  "mean_difference": -167609.55126547813,
  "mean_gap_pct": -0.013215744316514927,
  "metric": "total_cost",
  "n_pairs": 500,
  "n_training_seeds": 5,
  "per_seed_mean_difference": {
    "0": 2115.4637748217583,
    "1": -195456.42882528782,
    "2": -156785.43969315887,
    "3": -163455.55618023156,
    "4": -324465.7954034424
  },
  "ties": 0,
  "wins": 319
}
