{
  "baseline_mean": 1268089003.5554702,
  "candidate_mean": 1268049127.617251,
  "ci_high": 14024.912835337384,
  "ci_low": -89701.53728792255,
  "mean_difference": -39875.93821930885,
  "mean_gap_pct": -0.0031445693565281796,
  "metric": "total_cost",
  "n_pairs": 500,
  "n_training_seeds": 5,
  "per_seed_mean_difference": {
    "0": -89059.97374949456,
    "1": 48635.333691916465,
    "2": 1830.6792144668102,
    "3": -103815.48178229808,
    "4": -56970.24847142697
  },
  "ties": 0,
  "wins": 285
}
