{
  "baseline_mean": 1261659552.7441185,
  "candidate_mean": 1261558928.618577,
  "ci_high": 18842.23679730949,
  "ci_low": -260658.74099313823,
  "mean_difference": -100624.1255414486,
  "mean_gap_pct": -0.007975537087052557,
  "metric": "total_cost",
  "n_pairs": 250,
  "n_training_seeds": 5,
  "per_seed_mean_difference": {
    "0": -77651.21522340059,
    "1": 0.0,
    "2": 0.0,
    "3": -146486.92056548118,
    "4": -278982.4919185281
  },
  "ties": 100,
  "wins": 88
}
