{
  "baseline_mean": 1914292400.5861201,
  "candidate_mean": 1914231855.6751602,
  "ci_high": 32762.33019008501,
  "ci_low": -165288.4453944325,
  "mean_difference": -60544.91095995903,
  "mean_gap_pct": -0.0031627828090119003,
  "metric": "total_cost",
  "n_pairs": 250,
  "n_training_seeds": 5,
  "per_seed_mean_difference": {
    "0": 6964.9492258548735,
    "1": -6068.416580324173,
    "2": -71636.5942496729,
    "3": 0.0,
    "4": -231984.49319604397
  },
  "ties": 50,
  "wins": 123
}
