algorithm,training_seed,scenario,checkpoint_variant,step,configured_horizon,horizon,rollout_seed_start,rollout_replications,candidate_index,candidate_label,executed_action_id,executed_action_distinct,total_cost,true_cost_advantage,critic_q,critic_advantage,gradient_score,policy_action_linf_to_candidate,completion_service_level,patients_lost,patient_ineligibility_during_manufacturing_rate
gcn_residual_mdl2_network_ddpg_afd,50,routing_persistent_hotspot_cluster1,pretrain,0,1,1,96200000,3,0,mdl2,13884b174e0b81f9,1,1225612.6000717774,0.0,0.07463368773460388,0.0,0.0,0.0,0.0,0.0,0.0
gcn_residual_mdl2_network_ddpg_afd,50,routing_persistent_hotspot_cluster1,pretrain,0,1,1,96200000,3,1,specimen_transfer:+1x0.05,6dd94573b9e6dbba,1,1225612.6000717774,0.0,0.0730782300233841,-0.0015554577112197876,-0.0015290481969714165,0.05000000447034836,0.0,0.0,0.0
gcn_residual_mdl2_network_ddpg_afd,50,routing_persistent_hotspot_cluster1,pretrain,0,1,1,96200000,3,2,specimen_transfer:-1x0.05,37b37dab58b5649d,1,1225612.6000717774,0.0,0.07619176059961319,0.0015580728650093079,0.0015290481969714165,0.05000000074505806,0.0,0.0,0.0
gcn_residual_mdl2_network_ddpg_afd,50,routing_persistent_hotspot_cluster1,pretrain,0,1,1,96200000,3,3,specimen_transfer:+1x0.1,f11622ae296efe7d,1,1225612.6000717774,0.0,0.07155892252922058,-0.0030747652053833008,-0.003058096393942833,0.10000000894069672,0.0,0.0,0.0
gcn_residual_mdl2_network_ddpg_afd,50,routing_persistent_hotspot_cluster1,pretrain,0,1,1,96200000,3,4,specimen_transfer:-1x0.1,204e1e1d20f23d45,1,1225612.6000717774,0.0,0.07776585221290588,0.003132164478302002,0.003058096393942833,0.10000000894069672,0.0,0.0,0.0
gcn_residual_mdl2_network_ddpg_afd,50,routing_persistent_hotspot_cluster1,pretrain,0,4,4,96200010,3,0,mdl2,13884b174e0b81f9,1,20838963.173168797,0.0,0.07463368773460388,0.0,0.0,0.0,0.15971657388980223,0.0,0.0
gcn_residual_mdl2_network_ddpg_afd,50,routing_persistent_hotspot_cluster1,pretrain,0,4,4,96200010,3,1,specimen_transfer:+1x0.05,6dd94573b9e6dbba,1,20838963.173168797,0.0,0.0730782300233841,-0.0015554577112197876,-0.0015290481969714165,0.05000000447034836,0.15971657388980223,0.0,0.0
gcn_residual_mdl2_network_ddpg_afd,50,routing_persistent_hotspot_cluster1,pretrain,0,4,4,96200010,3,2,specimen_transfer:-1x0.05,37b37dab58b5649d,1,20838963.173168797,0.0,0.07619176059961319,0.0015580728650093079,0.0015290481969714165,0.05000000074505806,0.15971657388980223,0.0,0.0
gcn_residual_mdl2_network_ddpg_afd,50,routing_persistent_hotspot_cluster1,pretrain,0,4,4,96200010,3,3,specimen_transfer:+1x0.1,f11622ae296efe7d,1,20838963.173168797,0.0,0.07155892252922058,-0.0030747652053833008,-0.003058096393942833,0.10000000894069672,0.15971657388980223,0.0,0.0
gcn_residual_mdl2_network_ddpg_afd,50,routing_persistent_hotspot_cluster1,pretrain,0,4,4,96200010,3,4,specimen_transfer:-1x0.1,204e1e1d20f23d45,1,20838963.173168797,0.0,0.07776585221290588,0.003132164478302002,0.003058096393942833,0.10000000894069672,0.15971657388980223,0.0,0.0
gcn_residual_mdl2_network_ddpg_afd,50,routing_persistent_hotspot_cluster1,pretrain,0,remaining,52,96200020,3,0,mdl2,13884b174e0b81f9,1,2643779623.1013913,0.0,0.07463368773460388,0.0,0.0,0.0,0.4916618172704663,2313.0,0.06603872095348375
gcn_residual_mdl2_network_ddpg_afd,50,routing_persistent_hotspot_cluster1,pretrain,0,remaining,52,96200020,3,1,specimen_transfer:+1x0.05,6dd94573b9e6dbba,1,2643779623.1013913,0.0,0.0730782300233841,-0.0015554577112197876,-0.0015290481969714165,0.05000000447034836,0.4916618172704663,2313.0,0.06603872095348375
gcn_residual_mdl2_network_ddpg_afd,50,routing_persistent_hotspot_cluster1,pretrain,0,remaining,52,96200020,3,2,specimen_transfer:-1x0.05,37b37dab58b5649d,1,2643779623.1013913,0.0,0.07619176059961319,0.0015580728650093079,0.0015290481969714165,0.05000000074505806,0.4916618172704663,2313.0,0.06603872095348375
gcn_residual_mdl2_network_ddpg_afd,50,routing_persistent_hotspot_cluster1,pretrain,0,remaining,52,96200020,3,3,specimen_transfer:+1x0.1,f11622ae296efe7d,1,2643779623.1013913,0.0,0.07155892252922058,-0.0030747652053833008,-0.003058096393942833,0.10000000894069672,0.4916618172704663,2313.0,0.06603872095348375
gcn_residual_mdl2_network_ddpg_afd,50,routing_persistent_hotspot_cluster1,pretrain,0,remaining,52,96200020,3,4,specimen_transfer:-1x0.1,204e1e1d20f23d45,1,2643779623.1013913,0.0,0.07776585221290588,0.003132164478302002,0.003058096393942833,0.10000000894069672,0.4916618172704663,2313.0,0.06603872095348375
gcn_residual_mdl2_network_ddpg_afd,50,routing_persistent_hotspot_cluster1,pretrain,6,1,1,96200600,3,0,mdl2,f64809328233c4d6,1,13715424.637036169,0.0,-0.13668665289878845,0.0,0.0,0.0,0.36643356643356645,0.0,0.0
gcn_residual_mdl2_network_ddpg_afd,50,routing_persistent_hotspot_cluster1,pretrain,6,1,1,96200600,3,1,specimen_transfer:+1x0.05,52082bdd8c771d17,1,13071980.335715609,643444.3013205603,-0.13783803582191467,-0.0011513829231262207,-0.000890993804205209,0.05000000074505806,0.36643356643356645,0.0,0.0
gcn_residual_mdl2_network_ddpg_afd,50,routing_persistent_hotspot_cluster1,pretrain,6,1,1,96200600,3,2,specimen_transfer:-1x0.05,1b8d11a4afa8eee3,1,13269946.907673486,445477.72936268337,-0.13539132475852966,0.001295328140258789,0.0008909939206205308,0.05000000074505806,0.36643356643356645,0.0,0.0
gcn_residual_mdl2_network_ddpg_afd,50,routing_persistent_hotspot_cluster1,pretrain,6,1,1,96200600,3,3,specimen_transfer:+1x0.1,144ebbdafc98675f,1,12626453.378484754,1088971.258551415,-0.1382075548171997,-0.0015209019184112549,-0.0017819878412410617,0.10000000149011612,0.36643356643356645,0.0,0.0
gcn_residual_mdl2_network_ddpg_afd,50,routing_persistent_hotspot_cluster1,pretrain,6,1,1,96200600,3,4,specimen_transfer:-1x0.1,ce8a3a61b87316a5,1,13114451.879294334,600972.757741835,-0.13508334755897522,0.0016033053398132324,0.0017819877248257399,0.10000000149011612,0.36643356643356645,0.0,0.0
gcn_residual_mdl2_network_ddpg_afd,50,routing_persistent_hotspot_cluster1,pretrain,6,4,4,96200610,3,0,mdl2,f64809328233c4d6,1,92801575.9129315,0.0,-0.13668665289878845,0.0,0.0,0.0,0.4215038862151603,40.333333333333336,0.005226491411608533
gcn_residual_mdl2_network_ddpg_afd,50,routing_persistent_hotspot_cluster1,pretrain,6,4,4,96200610,3,1,specimen_transfer:+1x0.05,52082bdd8c771d17,1,89135788.17343678,3665787.739494726,-0.13783803582191467,-0.0011513829231262207,-0.000890993804205209,0.05000000074505806,0.4215038862151603,34.0,0.005226491411608533
gcn_residual_mdl2_network_ddpg_afd,50,routing_persistent_hotspot_cluster1,pretrain,6,4,4,96200610,3,2,specimen_transfer:-1x0.05,1b8d11a4afa8eee3,1,92511803.97636366,289771.93656784296,-0.13539132475852966,0.001295328140258789,0.0008909939206205308,0.05000000074505806,0.41963882477173037,40.333333333333336,0.005250878718479419
gcn_residual_mdl2_network_ddpg_afd,50,routing_persistent_hotspot_cluster1,pretrain,6,4,4,96200610,3,3,specimen_transfer:+1x0.1,144ebbdafc98675f,1,87255531.90798855,5546044.004942954,-0.1382075548171997,-0.0015209019184112549,-0.0017819878412410617,0.10000000149011612,0.4215038862151603,31.0,0.005223450992273899
gcn_residual_mdl2_network_ddpg_afd,50,routing_persistent_hotspot_cluster1,pretrain,6,4,4,96200610,3,4,specimen_transfer:-1x0.1,ce8a3a61b87316a5,1,92890344.50365543,-88768.59072393179,-0.13508334755897522,0.0016033053398132324,0.0017819877248257399,0.10000000149011612,0.4171629829283358,40.0,0.0052972373349287364
gcn_residual_mdl2_network_ddpg_afd,50,routing_persistent_hotspot_cluster1,pretrain,6,remaining,46,96200620,3,0,mdl2,f64809328233c4d6,1,2648518060.920603,0.0,-0.13668665289878845,0.0,0.0,0.0,0.4874218593279564,2366.0,0.06599751681190247
gcn_residual_mdl2_network_ddpg_afd,50,routing_persistent_hotspot_cluster1,pretrain,6,remaining,46,96200620,3,1,specimen_transfer:+1x0.05,52082bdd8c771d17,1,2650510956.737149,-1992895.8165459633,-0.13783803582191467,-0.0011513829231262207,-0.000890993804205209,0.05000000074505806,0.48852272195564755,2360.6666666666665,0.06448401644556544
gcn_residual_mdl2_network_ddpg_afd,50,routing_persistent_hotspot_cluster1,pretrain,6,remaining,46,96200620,3,2,specimen_transfer:-1x0.05,1b8d11a4afa8eee3,1,2638314283.5690346,10203777.351568222,-0.13539132475852966,0.001295328140258789,0.0008909939206205308,0.05000000074505806,0.48836777732713715,2361.3333333333335,0.06823710492473435
gcn_residual_mdl2_network_ddpg_afd,50,routing_persistent_hotspot_cluster1,pretrain,6,remaining,46,96200620,3,3,specimen_transfer:+1x0.1,144ebbdafc98675f,1,2655005586.1780095,-6487525.257406712,-0.1382075548171997,-0.0015209019184112549,-0.0017819878412410617,0.10000000149011612,0.488112130604867,2365.0,0.06517869482911294
gcn_residual_mdl2_network_ddpg_afd,50,routing_persistent_hotspot_cluster1,pretrain,6,remaining,46,96200620,3,4,specimen_transfer:-1x0.1,ce8a3a61b87316a5,1,2667267187.326096,-18749126.40549326,-0.13508334755897522,0.0016033053398132324,0.0017819877248257399,0.10000000149011612,0.4825691409044445,2394.0,0.06870407097116972
gcn_residual_mdl2_network_ddpg_afd,50,routing_persistent_hotspot_cluster1,pretrain,12,1,1,96201200,3,0,mdl2,fac3f80e6cd0f2bc,1,49703189.53842721,0.0,-0.5759872794151306,0.0,-0.0001517030905233696,0.025123637169599533,0.43392370572207084,36.0,0.014341590612777053
gcn_residual_mdl2_network_ddpg_afd,50,routing_persistent_hotspot_cluster1,pretrain,12,1,1,96201200,3,1,specimen_transfer:+1x0.05,8e5504fd5e1d6bd9,1,50080932.14959112,-377742.61116390675,-0.5761295557022095,-0.00014227628707885742,-0.0003563084756024182,0.07267309725284576,0.43392370572207084,37.0,0.014341590612777053
gcn_residual_mdl2_network_ddpg_afd,50,routing_persistent_hotspot_cluster1,pretrain,12,1,1,96201200,3,2,specimen_transfer:-1x0.05,2f975c9ea154650f,1,49773471.50097779,-70281.9625505805,-0.5757970809936523,0.00019019842147827148,5.290244007483125e-05,0.0499439463019371,0.43392370572207084,36.0,0.014360313315926894
gcn_residual_mdl2_network_ddpg_afd,50,routing_persistent_hotspot_cluster1,pretrain,12,1,1,96201200,3,3,specimen_transfer:+1x0.1,485dd3ec0df02038,1,49285020.16240096,418169.3760262504,-0.5761183500289917,-0.00013107061386108398,-0.0005609139334410429,0.12178924679756165,0.43392370572207084,36.0,0.014341590612777053
gcn_residual_mdl2_network_ddpg_afd,50,routing_persistent_hotspot_cluster1,pretrain,12,1,1,96201200,3,4,specimen_transfer:-1x0.1,c66ee499953a85d2,1,49725746.835141815,-22557.2967146039,-0.5755676031112671,0.0004196763038635254,0.00025750789791345596,0.09994395077228546,0.43392370572207084,36.0,0.014416775884665793
gcn_residual_mdl2_network_ddpg_afd,50,routing_persistent_hotspot_cluster1,pretrain,12,4,4,96201210,3,0,mdl2,fac3f80e6cd0f2bc,1,214269968.04916534,0.0,-0.5759872794151306,0.0,-0.0001517030905233696,0.025123637169599533,0.4497762951594233,169.66666666666666,0.026014568158168574
gcn_residual_mdl2_network_ddpg_afd,50,routing_persistent_hotspot_cluster1,pretrain,12,4,4,96201210,3,1,specimen_transfer:+1x0.05,8e5504fd5e1d6bd9,1,213373865.1750783,896102.8740870357,-0.5761295557022095,-0.00014227628707885742,-0.0003563084756024182,0.07267309725284576,0.45032726223587954,168.33333333333334,0.026023600994334605
gcn_residual_mdl2_network_ddpg_afd,50,routing_persistent_hotspot_cluster1,pretrain,12,4,4,96201210,3,2,specimen_transfer:-1x0.05,2f975c9ea154650f,1,216308941.4539465,-2038973.4047811627,-0.5757970809936523,0.00019019842147827148,5.290244007483125e-05,0.0499439463019371,0.44794084555473496,173.33333333333334,0.026050718340864327
gcn_residual_mdl2_network_ddpg_afd,50,routing_persistent_hotspot_cluster1,pretrain,12,4,4,96201210,3,3,specimen_transfer:+1x0.1,485dd3ec0df02038,1,212870830.3325422,1399137.7166231275,-0.5761183500289917,-0.00013107061386108398,-0.0005609139334410429,0.12178924679756165,0.45124203561768966,167.66666666666666,0.026014568158168574
gcn_residual_mdl2_network_ddpg_afd,50,routing_persistent_hotspot_cluster1,pretrain,12,4,4,96201210,3,4,specimen_transfer:-1x0.1,c66ee499953a85d2,1,216618139.2365903,-2348171.1874249578,-0.5755676031112671,0.0004196763038635254,0.00025750789791345596,0.09994395077228546,0.44628923477065113,173.0,0.025130945104920383
gcn_residual_mdl2_network_ddpg_afd,50,routing_persistent_hotspot_cluster1,pretrain,12,remaining,40,96201220,3,0,mdl2,fac3f80e6cd0f2bc,1,2258111628.219864,0.0,-0.5759872794151306,0.0,-0.0001517030905233696,0.025123637169599533,0.5038343903096513,2036.6666666666667,0.06098783907456377
gcn_residual_mdl2_network_ddpg_afd,50,routing_persistent_hotspot_cluster1,pretrain,12,remaining,40,96201220,3,1,specimen_transfer:+1x0.05,8e5504fd5e1d6bd9,1,2251752004.872826,6359623.347037792,-0.5761295557022095,-0.00014227628707885742,-0.0003563084756024182,0.07267309725284576,0.5055235687907894,2028.6666666666667,0.06127452557084031
gcn_residual_mdl2_network_ddpg_afd,50,routing_persistent_hotspot_cluster1,pretrain,12,remaining,40,96201220,3,2,specimen_transfer:-1x0.05,2f975c9ea154650f,1,2250162355.9961996,7949272.223664284,-0.5757970809936523,0.00019019842147827148,5.290244007483125e-05,0.0499439463019371,0.5052900087148093,2030.0,0.06095563314377341
gcn_residual_mdl2_network_ddpg_afd,50,routing_persistent_hotspot_cluster1,pretrain,12,remaining,40,96201220,3,3,specimen_transfer:+1x0.1,485dd3ec0df02038,1,2256402581.109223,1709047.1106410027,-0.5761183500289917,-0.00013107061386108398,-0.0005609139334410429,0.12178924679756165,0.5046333178598692,2035.0,0.0634441976185876
gcn_residual_mdl2_network_ddpg_afd,50,routing_persistent_hotspot_cluster1,pretrain,12,remaining,40,96201220,3,4,specimen_transfer:-1x0.1,c66ee499953a85d2,1,2248278934.139,9832694.080863953,-0.5755676031112671,0.0004196763038635254,0.00025750789791345596,0.09994395077228546,0.5056723039147839,2031.0,0.060084922421838306
gcn_residual_mdl2_network_ddpg_afd,50,routing_persistent_hotspot_cluster1,pretrain,18,1,1,96201800,3,0,mdl2,9472127bf721be07,1,69010074.57962914,0.0,-0.65304034948349,0.0,-4.710795474238694e-05,0.012462222017347813,0.4540886249428963,69.0,0.032062391681109186
gcn_residual_mdl2_network_ddpg_afd,50,routing_persistent_hotspot_cluster1,pretrain,18,1,1,96201800,3,1,specimen_transfer:+1x0.05,241ec2627e75e381,1,68842876.76111406,167197.81851507723,-0.6526593565940857,0.0003809928894042969,0.0005045433063060045,0.05864212289452553,0.4540886249428963,70.0,0.032062391681109186
gcn_residual_mdl2_network_ddpg_afd,50,routing_persistent_hotspot_cluster1,pretrain,18,1,1,96201800,3,2,specimen_transfer:-1x0.05,636e5fcfd3366b3d,1,68289039.58371396,721034.9959151745,-0.6534515619277954,-0.0004112124443054199,-0.0005987592157907784,0.05480818450450897,0.4540886249428963,68.0,0.03214596003475239
gcn_residual_mdl2_network_ddpg_afd,50,routing_persistent_hotspot_cluster1,pretrain,18,1,1,96201800,3,3,specimen_transfer:+1x0.1,b5b569bb32a5fb70,1,68326465.68367454,683608.895954594,-0.6518594026565552,0.0011809468269348145,0.0010561940725892782,0.107876718044281,0.4540886249428963,70.0,0.032062391681109186
gcn_residual_mdl2_network_ddpg_afd,50,routing_persistent_hotspot_cluster1,pretrain,18,1,1,96201800,3,4,specimen_transfer:-1x0.1,5975e0e91924901c,1,67996155.452171,1013919.1274581403,-0.6542514562606812,-0.0012111067771911621,-0.0011504105059430003,0.09723636507987976,0.4540886249428963,68.0,0.03228621291448516
gcn_residual_mdl2_network_ddpg_afd,50,routing_persistent_hotspot_cluster1,pretrain,18,4,4,96201810,3,0,mdl2,9472127bf721be07,1,256127039.73546067,0.0,-0.65304034948349,0.0,-4.710795474238694e-05,0.012462222017347813,0.4446775913621969,220.0,0.04020850332058723
gcn_residual_mdl2_network_ddpg_afd,50,routing_persistent_hotspot_cluster1,pretrain,18,4,4,96201810,3,1,specimen_transfer:+1x0.05,241ec2627e75e381,1,254411498.07819363,1715541.657267034,-0.6526593565940857,0.0003809928894042969,0.0005045433063060045,0.05864212289452553,0.4465877184728593,218.0,0.039522758872785065
gcn_residual_mdl2_network_ddpg_afd,50,routing_persistent_hotspot_cluster1,pretrain,18,4,4,96201810,3,2,specimen_transfer:-1x0.05,636e5fcfd3366b3d,1,257174385.45075777,-1047345.7152971029,-0.6534515619277954,-0.0004112124443054199,-0.0005987592157907784,0.05480818450450897,0.4445502677054615,221.0,0.03927418815441569
gcn_residual_mdl2_network_ddpg_afd,50,routing_persistent_hotspot_cluster1,pretrain,18,4,4,96201810,3,3,specimen_transfer:+1x0.1,b5b569bb32a5fb70,1,251508340.22545934,4618699.510001332,-0.6518594026565552,0.0011809468269348145,0.0010561940725892782,0.107876718044281,0.4481158201613891,214.33333333333334,0.03797473968940041
gcn_residual_mdl2_network_ddpg_afd,50,routing_persistent_hotspot_cluster1,pretrain,18,4,4,96201810,3,4,specimen_transfer:-1x0.1,5975e0e91924901c,1,258403722.99113956,-2276683.255678892,-0.6542514562606812,-0.0012111067771911621,-0.0011504105059430003,0.09723636507987976,0.44302153062056404,222.33333333333334,0.039910470924059964
gcn_residual_mdl2_network_ddpg_afd,50,routing_persistent_hotspot_cluster1,pretrain,18,remaining,34,96201820,3,0,mdl2,9472127bf721be07,1,2094636825.7236297,0.0,-0.65304034948349,0.0,-4.710795474238694e-05,0.012462222017347813,0.49178624873476323,1952.6666666666667,0.06133212014217341
gcn_residual_mdl2_network_ddpg_afd,50,routing_persistent_hotspot_cluster1,pretrain,18,remaining,34,96201820,3,1,specimen_transfer:+1x0.05,241ec2627e75e381,1,2102776645.5298378,-8139819.806208134,-0.6526593565940857,0.0003809928894042969,0.0005045433063060045,0.05864212289452553,0.490785525927203,1960.6666666666667,0.06321056425853615
gcn_residual_mdl2_network_ddpg_afd,50,routing_persistent_hotspot_cluster1,pretrain,18,remaining,34,96201820,3,2,specimen_transfer:-1x0.05,636e5fcfd3366b3d,1,2097248827.5047302,-2612001.7811005116,-0.6534515619277954,-0.0004112124443054199,-0.0005987592157907784,0.05480818450450897,0.4906684086726672,1961.6666666666667,0.06356034713498372
gcn_residual_mdl2_network_ddpg_afd,50,routing_persistent_hotspot_cluster1,pretrain,18,remaining,34,96201820,3,3,specimen_transfer:+1x0.1,b5b569bb32a5fb70,1,2096665862.2045105,-2029036.4808807373,-0.6518594026565552,0.0011809468269348145,0.0010561940725892782,0.107876718044281,0.491927082332331,1955.3333333333333,0.06282871229612841
gcn_residual_mdl2_network_ddpg_afd,50,routing_persistent_hotspot_cluster1,pretrain,18,remaining,34,96201820,3,4,specimen_transfer:-1x0.1,5975e0e91924901c,1,2106373144.085399,-11736318.3617692,-0.6542514562606812,-0.0012111067771911621,-0.0011504105059430003,0.09723636507987976,0.4884512129564658,1974.0,0.0641945243146216
gcn_residual_mdl2_network_ddpg_afd,50,routing_persistent_hotspot_cluster1,pretrain,25,1,1,96202500,3,0,mdl2,3bca89fb27e18c2d,1,87020585.83666046,0.0,-0.6527583003044128,0.0,-0.0004272666701581329,0.03211813047528267,0.4699272967614012,103.0,0.04505632040050062
gcn_residual_mdl2_network_ddpg_afd,50,routing_persistent_hotspot_cluster1,pretrain,25,1,1,96202500,3,1,specimen_transfer:+1x0.05,a825bf48aeb8a771,1,85600481.50265305,1420104.3340074122,-0.6520156860351562,0.0007426142692565918,0.00046698807273060083,0.04594167694449425,0.4699272967614012,101.0,0.04505632040050062
gcn_residual_mdl2_network_ddpg_afd,50,routing_persistent_hotspot_cluster1,pretrain,25,1,1,96202500,3,2,specimen_transfer:-1x0.05,49e89435039d5a26,1,85820801.76324585,1199784.0734146088,-0.6535534858703613,-0.0007951855659484863,-0.0013215213548392057,0.0786895602941513,0.4699272967614012,101.0,0.04505632040050062
gcn_residual_mdl2_network_ddpg_afd,50,routing_persistent_hotspot_cluster1,pretrain,25,1,1,96202500,3,3,specimen_transfer:+1x0.1,85751f77ad6a58b8,1,85931428.102858,1089157.7338024527,-0.6508544087409973,0.0019038915634155273,0.001361242844723165,0.0902273952960968,0.4699272967614012,102.0,0.04505632040050062
gcn_residual_mdl2_network_ddpg_afd,50,routing_persistent_hotspot_cluster1,pretrain,25,1,1,96202500,3,4,specimen_transfer:-1x0.1,2da1c544b9967e42,1,85776062.02151269,1244523.8151477724,-0.6546010971069336,-0.001842796802520752,-0.00221577612683177,0.12526099383831024,0.4699272967614012,101.0,0.045141065830721
gcn_residual_mdl2_network_ddpg_afd,50,routing_persistent_hotspot_cluster1,pretrain,25,4,4,96202510,3,0,mdl2,3bca89fb27e18c2d,1,279203929.92240065,0.0,-0.6527583003044128,0.0,-0.0004272666701581329,0.03211813047528267,0.4721543240341612,302.0,0.05098666493651465
gcn_residual_mdl2_network_ddpg_afd,50,routing_persistent_hotspot_cluster1,pretrain,25,4,4,96202510,3,1,specimen_transfer:+1x0.05,a825bf48aeb8a771,1,278015668.3000615,1188261.6223391294,-0.6520156860351562,0.0007426142692565918,0.00046698807273060083,0.04594167694449425,0.4728467593864012,300.3333333333333,0.05022328732351797
gcn_residual_mdl2_network_ddpg_afd,50,routing_persistent_hotspot_cluster1,pretrain,25,4,4,96202510,3,2,specimen_transfer:-1x0.05,49e89435039d5a26,1,281741163.5861767,-2537233.66377604,-0.6535534858703613,-0.0007951855659484863,-0.0013215213548392057,0.0786895602941513,0.47126532679748045,305.6666666666667,0.0521224499307553
gcn_residual_mdl2_network_ddpg_afd,50,routing_persistent_hotspot_cluster1,pretrain,25,4,4,96202510,3,3,specimen_transfer:+1x0.1,85751f77ad6a58b8,1,277214077.10779023,1989852.8146104217,-0.6508544087409973,0.0019038915634155273,0.001361242844723165,0.0902273952960968,0.47323988315528287,299.6666666666667,0.05021334840930534
gcn_residual_mdl2_network_ddpg_afd,50,routing_persistent_hotspot_cluster1,pretrain,25,4,4,96202510,3,4,specimen_transfer:-1x0.1,2da1c544b9967e42,1,282249870.95612836,-3045941.0337277055,-0.6546010971069336,-0.001842796802520752,-0.00221577612683177,0.12526099383831024,0.4691901870560529,305.6666666666667,0.05271985951807706
gcn_residual_mdl2_network_ddpg_afd,50,routing_persistent_hotspot_cluster1,pretrain,25,remaining,27,96202520,3,0,mdl2,3bca89fb27e18c2d,1,1479822354.8214123,0.0,-0.6527583003044128,0.0,-0.0004272666701581329,0.03211813047528267,0.502957089931209,1356.6666666666667,0.057200938047084114
gcn_residual_mdl2_network_ddpg_afd,50,routing_persistent_hotspot_cluster1,pretrain,25,remaining,27,96202520,3,1,specimen_transfer:+1x0.05,a825bf48aeb8a771,1,1479617439.9767647,204914.84464764595,-0.6520156860351562,0.0007426142692565918,0.00046698807273060083,0.04594167694449425,0.5031052761306981,1356.3333333333333,0.05789635297032361
gcn_residual_mdl2_network_ddpg_afd,50,routing_persistent_hotspot_cluster1,pretrain,25,remaining,27,96202520,3,2,specimen_transfer:-1x0.05,49e89435039d5a26,1,1482913006.2300541,-3090651.408641815,-0.6535534858703613,-0.0007951855659484863,-0.0013215213548392057,0.0786895602941513,0.5018303022253298,1367.6666666666667,0.059455028334486126
gcn_residual_mdl2_network_ddpg_afd,50,routing_persistent_hotspot_cluster1,pretrain,25,remaining,27,96202520,3,3,specimen_transfer:+1x0.1,85751f77ad6a58b8,1,1474243431.284569,5578923.5368433,-0.6508544087409973,0.0019038915634155273,0.001361242844723165,0.0902273952960968,0.5043956120040776,1348.3333333333333,0.055568018924068374
gcn_residual_mdl2_network_ddpg_afd,50,routing_persistent_hotspot_cluster1,pretrain,25,remaining,27,96202520,3,4,specimen_transfer:-1x0.1,2da1c544b9967e42,1,1491860347.7928312,-12037992.971418858,-0.6546010971069336,-0.001842796802520752,-0.00221577612683177,0.12526099383831024,0.500674912308743,1370.0,0.0592815689811518
gcn_residual_mdl2_network_ddpg_afd,50,routing_persistent_hotspot_cluster1,pretrain,31,1,1,96203100,3,0,mdl2,fb90040fd52573dd,1,58243116.846797965,0.0,-0.7896624207496643,0.0,-0.0001971683232113719,0.029213828966021538,0.463331587218439,48.0,0.053293112116641526
gcn_residual_mdl2_network_ddpg_afd,50,routing_persistent_hotspot_cluster1,pretrain,31,1,1,96203100,3,1,specimen_transfer:+1x0.05,d12f0676fb921ccd,1,57601051.138531566,642065.7082663998,-0.7904794216156006,-0.0008170008659362793,-0.0010735703399404883,0.05935301259160042,0.463331587218439,48.0,0.053293112116641526
gcn_residual_mdl2_network_ddpg_afd,50,routing_persistent_hotspot_cluster1,pretrain,31,1,1,96203100,3,2,specimen_transfer:-1x0.05,405f2a30fc75306d,1,57133646.36982349,1109470.4769744724,-0.7888494729995728,0.0008129477500915527,0.0006792335771024227,0.0698121190071106,0.463331587218439,47.0,0.05334675390035229
gcn_residual_mdl2_network_ddpg_afd,50,routing_persistent_hotspot_cluster1,pretrain,31,1,1,96203100,3,3,specimen_transfer:+1x0.1,8ae87de97f5e7f2d,1,56409000.667674325,1834116.17912364,-0.7913882732391357,-0.0017258524894714355,-0.0019499727059155703,0.10935301333665848,0.463331587218439,47.0,0.053293112116641526
gcn_residual_mdl2_network_ddpg_afd,50,routing_persistent_hotspot_cluster1,pretrain,31,1,1,96203100,3,4,specimen_transfer:-1x0.1,a9b39973053d395f,1,56738089.541399896,1505027.3053980693,-0.7879522442817688,0.0017101764678955078,0.0015556359430775046,0.11305290460586548,0.463331587218439,47.0,0.05337361530715005
gcn_residual_mdl2_network_ddpg_afd,50,routing_persistent_hotspot_cluster1,pretrain,31,4,4,96203110,3,0,mdl2,fb90040fd52573dd,1,268371429.6689866,0.0,-0.7896624207496643,0.0,-0.0001971683232113719,0.029213828966021538,0.46948070376003526,249.66666666666666,0.05591200733272227
gcn_residual_mdl2_network_ddpg_afd,50,routing_persistent_hotspot_cluster1,pretrain,31,4,4,96203110,3,1,specimen_transfer:+1x0.05,d12f0676fb921ccd,1,265191457.0732685,3179972.5957180858,-0.7904794216156006,-0.0008170008659362793,-0.0010735703399404883,0.05935301259160042,0.47020521101892415,245.0,0.05546218746379623
gcn_residual_mdl2_network_ddpg_afd,50,routing_persistent_hotspot_cluster1,pretrain,31,4,4,96203110,3,2,specimen_transfer:-1x0.05,405f2a30fc75306d,1,268199757.88760296,171671.7813836336,-0.7888494729995728,0.0008129477500915527,0.0006792335771024227,0.0698121190071106,0.4693997189851729,249.66666666666666,0.05642201834862385
gcn_residual_mdl2_network_ddpg_afd,50,routing_persistent_hotspot_cluster1,pretrain,31,4,4,96203110,3,3,specimen_transfer:+1x0.1,8ae87de97f5e7f2d,1,261112814.600531,7258615.068455577,-0.7913882732391357,-0.0017258524894714355,-0.0019499727059155703,0.10935301333665848,0.4706882158581835,237.66666666666666,0.05497862199069301
gcn_residual_mdl2_network_ddpg_afd,50,routing_persistent_hotspot_cluster1,pretrain,31,4,4,96203110,3,4,specimen_transfer:-1x0.1,a9b39973053d395f,1,268925914.0057231,-554484.3367365301,-0.7879522442817688,0.0017101764678955078,0.0015556359430775046,0.11305290460586548,0.4693997189851729,252.0,0.05644791188618633
gcn_residual_mdl2_network_ddpg_afd,50,routing_persistent_hotspot_cluster1,pretrain,31,remaining,21,96203120,3,0,mdl2,fb90040fd52573dd,1,1291185247.15917,0.0,-0.7896624207496643,0.0,-0.0001971683232113719,0.029213828966021538,0.48159016018931294,1191.0,0.06434238991902576
gcn_residual_mdl2_network_ddpg_afd,50,routing_persistent_hotspot_cluster1,pretrain,31,remaining,21,96203120,3,1,specimen_transfer:+1x0.05,d12f0676fb921ccd,1,1290574728.5324996,610518.6266703606,-0.7904794216156006,-0.0008170008659362793,-0.0010735703399404883,0.05935301259160042,0.48143133486311845,1188.0,0.06435502618401673
gcn_residual_mdl2_network_ddpg_afd,50,routing_persistent_hotspot_cluster1,pretrain,31,remaining,21,96203120,3,2,specimen_transfer:-1x0.05,405f2a30fc75306d,1,1290908031.8654482,277215.2937216759,-0.7888494729995728,0.0008129477500915527,0.0006792335771024227,0.0698121190071106,0.4811018786629017,1193.0,0.06453363045923102
gcn_residual_mdl2_network_ddpg_afd,50,routing_persistent_hotspot_cluster1,pretrain,31,remaining,21,96203120,3,3,specimen_transfer:+1x0.1,8ae87de97f5e7f2d,1,1291822450.3632414,-637203.2040715218,-0.7913882732391357,-0.0017258524894714355,-0.0019499727059155703,0.10935301333665848,0.4820249839082169,1186.6666666666667,0.06334524310624445
gcn_residual_mdl2_network_ddpg_afd,50,routing_persistent_hotspot_cluster1,pretrain,31,remaining,21,96203120,3,4,specimen_transfer:-1x0.1,a9b39973053d395f,1,1291049766.0191803,135481.1399896145,-0.7879522442817688,0.0017101764678955078,0.0015556359430775046,0.11305290460586548,0.48104791272212055,1193.3333333333333,0.06469324694456746
gcn_residual_mdl2_network_ddpg_afd,50,routing_persistent_hotspot_cluster1,pretrain,37,1,1,96203700,3,0,mdl2,f6a274df8388889d,1,81374474.21826957,0.0,-0.6174899339675903,0.0,0.00074635015334934,0.06586604565382004,0.4521776259607173,72.0,0.059046815689582456
gcn_residual_mdl2_network_ddpg_afd,50,routing_persistent_hotspot_cluster1,pretrain,37,1,1,96203700,3,1,specimen_transfer:+1x0.05,a93cc0dd9297a4c6,1,79903370.49528246,1471103.7229871154,-0.6178189516067505,-0.00032901763916015625,0.00040901137981563807,0.03934755548834801,0.4521776259607173,70.0,0.059046815689582456
gcn_residual_mdl2_network_ddpg_afd,50,routing_persistent_hotspot_cluster1,pretrain,37,1,1,96203700,3,2,specimen_transfer:-1x0.05,c566f73b3ae65220,1,80453210.39528246,921263.8229871094,-0.6171608567237854,0.00032907724380493164,0.0010836890432983637,0.1158660501241684,0.4521776259607173,71.0,0.059046815689582456
gcn_residual_mdl2_network_ddpg_afd,50,routing_persistent_hotspot_cluster1,pretrain,37,1,1,96203700,3,3,specimen_transfer:+1x0.1,dd7349729b9347eb,1,79607734.76674928,1766739.451520294,-0.6181691884994507,-0.0006792545318603516,7.167254807427526e-05,0.08290978521108627,0.4521776259607173,70.0,0.059046815689582456
gcn_residual_mdl2_network_ddpg_afd,50,routing_persistent_hotspot_cluster1,pretrain,37,1,1,96203700,3,4,specimen_transfer:-1x0.1,a074dbdf7ff920e9,1,79677458.37524307,1697015.843026504,-0.6168105602264404,0.0006793737411499023,0.0014210278168320656,0.16586604714393616,0.4521776259607173,70.0,0.059046815689582456
gcn_residual_mdl2_network_ddpg_afd,50,routing_persistent_hotspot_cluster1,pretrain,37,4,4,96203710,3,0,mdl2,f6a274df8388889d,1,315077489.49367005,0.0,-0.6174899339675903,0.0,0.00074635015334934,0.06586604565382004,0.4512981718054809,270.3333333333333,0.06289798570500325
gcn_residual_mdl2_network_ddpg_afd,50,routing_persistent_hotspot_cluster1,pretrain,37,4,4,96203710,3,1,specimen_transfer:+1x0.05,a93cc0dd9297a4c6,1,313819141.71948653,1258347.7741835117,-0.6178189516067505,-0.00032901763916015625,0.00040901137981563807,0.03934755548834801,0.4518899945226739,268.6666666666667,0.06245942085443449
gcn_residual_mdl2_network_ddpg_afd,50,routing_persistent_hotspot_cluster1,pretrain,37,4,4,96203710,3,2,specimen_transfer:-1x0.05,c566f73b3ae65220,1,314886746.91887265,190742.5747973919,-0.6171608567237854,0.00032907724380493164,0.0010836890432983637,0.1158660501241684,0.4514954460445451,271.0,0.06250812215724495
gcn_residual_mdl2_network_ddpg_afd,50,routing_persistent_hotspot_cluster1,pretrain,37,4,4,96203710,3,3,specimen_transfer:+1x0.1,dd7349729b9347eb,1,313444921.35189277,1632568.141777277,-0.6181691884994507,-0.0006792545318603516,7.167254807427526e-05,0.08290978521108627,0.4518899945226739,268.0,0.0628489806518634
gcn_residual_mdl2_network_ddpg_afd,50,routing_persistent_hotspot_cluster1,pretrain,37,4,4,96203710,3,4,specimen_transfer:-1x0.1,a074dbdf7ff920e9,1,314335434.07990927,742055.4137607813,-0.6168105602264404,0.0006793737411499023,0.0014210278168320656,0.16586604714393616,0.451101067855405,270.3333333333333,0.06263807667316439
gcn_residual_mdl2_network_ddpg_afd,50,routing_persistent_hotspot_cluster1,pretrain,37,remaining,15,96203720,3,0,mdl2,f6a274df8388889d,1,1006274511.2095929,0.0,-0.6174899339675903,0.0,0.00074635015334934,0.06586604565382004,0.47505333042510456,979.0,0.06655719062360728
gcn_residual_mdl2_network_ddpg_afd,50,routing_persistent_hotspot_cluster1,pretrain,37,remaining,15,96203720,3,1,specimen_transfer:+1x0.05,a93cc0dd9297a4c6,1,1005882861.5019315,391649.7076613903,-0.6178189516067505,-0.00032901763916015625,0.00040901137981563807,0.03934755548834801,0.4749970082018753,978.0,0.06697936565190139
gcn_residual_mdl2_network_ddpg_afd,50,routing_persistent_hotspot_cluster1,pretrain,37,remaining,15,96203720,3,2,specimen_transfer:-1x0.05,c566f73b3ae65220,1,1009161114.378809,-2886603.169216037,-0.6171608567237854,0.00032907724380493164,0.0010836890432983637,0.1158660501241684,0.47424220169737197,984.0,0.06817469174892093
gcn_residual_mdl2_network_ddpg_afd,50,routing_persistent_hotspot_cluster1,pretrain,37,remaining,15,96203720,3,3,specimen_transfer:+1x0.1,dd7349729b9347eb,1,1006024812.9523826,249698.25721037388,-0.6181691884994507,-0.0006792545318603516,7.167254807427526e-05,0.08290978521108627,0.4752143505300174,977.3333333333334,0.06700004522090412
gcn_residual_mdl2_network_ddpg_afd,50,routing_persistent_hotspot_cluster1,pretrain,37,remaining,15,96203720,3,4,specimen_transfer:-1x0.1,a074dbdf7ff920e9,1,1005772373.0456272,502138.16396570206,-0.6168105602264404,0.0006793737411499023,0.0014210278168320656,0.16586604714393616,0.475216729117915,979.6666666666666,0.06716925499734179
gcn_residual_mdl2_network_ddpg_afd,50,routing_persistent_hotspot_cluster1,pretrain,43,1,1,96204300,3,0,mdl2,02433edd9affa1cc,1,87884648.4727312,0.0,-0.5781558752059937,0.0,-0.0003587550309021026,0.03754599392414093,0.45750418448949226,101.0,0.06676342525399129
gcn_residual_mdl2_network_ddpg_afd,50,routing_persistent_hotspot_cluster1,pretrain,43,1,1,96204300,3,1,specimen_transfer:+1x0.05,a2a28eaf81ea5bfa,1,87639272.05008736,245376.4226438403,-0.5782792568206787,-0.0001233816146850586,-0.00044298620196059346,0.03226741403341293,0.45750418448949226,101.0,0.06676342525399129
gcn_residual_mdl2_network_ddpg_afd,50,routing_persistent_hotspot_cluster1,pretrain,43,1,1,96204300,3,2,specimen_transfer:-1x0.05,e80f21eb638c530f,1,87659770.93390141,224877.53882978857,-0.5780893564224243,6.651878356933594e-05,-0.00027452397625893354,0.08359754830598831,0.45750418448949226,101.0,0.06686046511627906
gcn_residual_mdl2_network_ddpg_afd,50,routing_persistent_hotspot_cluster1,pretrain,43,1,1,96204300,3,3,specimen_transfer:+1x0.1,eea6d771f9981dff,1,87968223.04573284,-83574.57300163805,-0.5786557793617249,-0.0004999041557312012,-0.0005272175185382366,0.06640245020389557,0.45750418448949226,102.0,0.06676342525399129
gcn_residual_mdl2_network_ddpg_afd,50,routing_persistent_hotspot_cluster1,pretrain,43,1,1,96204300,3,4,specimen_transfer:-1x0.1,b12ffd104ab3d7e0,1,87012567.84814921,872080.6245819926,-0.5779647827148438,0.00019109249114990234,-0.0001902927178889513,0.13359755277633667,0.45750418448949226,100.0,0.06688476917484551
gcn_residual_mdl2_network_ddpg_afd,50,routing_persistent_hotspot_cluster1,pretrain,43,4,4,96204310,3,0,mdl2,02433edd9affa1cc,1,296288582.5335326,0.0,-0.5781558752059937,0.0,-0.0003587550309021026,0.03754599392414093,0.4591071286802301,321.3333333333333,0.07111412123264477
gcn_residual_mdl2_network_ddpg_afd,50,routing_persistent_hotspot_cluster1,pretrain,43,4,4,96204310,3,1,specimen_transfer:+1x0.05,a2a28eaf81ea5bfa,1,295753910.91817176,534671.615360856,-0.5782792568206787,-0.0001233816146850586,-0.00044298620196059346,0.03226741403341293,0.45928209328719666,321.0,0.07142857142857142
gcn_residual_mdl2_network_ddpg_afd,50,routing_persistent_hotspot_cluster1,pretrain,43,4,4,96204310,3,2,specimen_transfer:-1x0.05,e80f21eb638c530f,1,296305895.44408154,-17312.9105489254,-0.5780893564224243,6.651878356933594e-05,-0.00027452397625893354,0.08359754830598831,0.4585822348593305,321.0,0.07121057985757884
gcn_residual_mdl2_network_ddpg_afd,50,routing_persistent_hotspot_cluster1,pretrain,43,4,4,96204310,3,3,specimen_transfer:+1x0.1,eea6d771f9981dff,1,295335662.8515721,952919.6819605231,-0.5786557793617249,-0.0004999041557312012,-0.0005272175185382366,0.06640245020389557,0.45945705789416325,321.0,0.07111412123264477
gcn_residual_mdl2_network_ddpg_afd,50,routing_persistent_hotspot_cluster1,pretrain,43,4,4,96204310,3,4,specimen_transfer:-1x0.1,b12ffd104ab3d7e0,1,295770807.5506899,517774.9828427434,-0.5779647827148438,0.00019109249114990234,-0.0001902927178889513,0.13359755277633667,0.4584659763695413,320.6666666666667,0.07112166440524649
gcn_residual_mdl2_network_ddpg_afd,50,routing_persistent_hotspot_cluster1,pretrain,43,remaining,9,96204320,3,0,mdl2,02433edd9affa1cc,1,567545717.3779826,0.0,-0.5781558752059937,0.0,-0.0003587550309021026,0.03754599392414093,0.46566758940089903,572.6666666666666,0.07393456081709145
gcn_residual_mdl2_network_ddpg_afd,50,routing_persistent_hotspot_cluster1,pretrain,43,remaining,9,96204320,3,1,specimen_transfer:+1x0.05,a2a28eaf81ea5bfa,1,567938683.0452584,-392965.6672757864,-0.5782792568206787,-0.0001233816146850586,-0.00044298620196059346,0.03226741403341293,0.46582790830892895,574.3333333333334,0.07395718699333
gcn_residual_mdl2_network_ddpg_afd,50,routing_persistent_hotspot_cluster1,pretrain,43,remaining,9,96204320,3,2,specimen_transfer:-1x0.05,e80f21eb638c530f,1,569974659.1710325,-2428941.7930499315,-0.5780893564224243,6.651878356933594e-05,-0.00027452397625893354,0.08359754830598831,0.4651864218127168,577.6666666666666,0.07336742136051827
gcn_residual_mdl2_network_ddpg_afd,50,routing_persistent_hotspot_cluster1,pretrain,43,remaining,9,96204320,3,3,specimen_transfer:+1x0.1,eea6d771f9981dff,1,566429326.9962317,1116390.3817509413,-0.5786557793617249,-0.0004999041557312012,-0.0005272175185382366,0.06640245020389557,0.46566830949456545,572.0,0.07365849062188219
gcn_residual_mdl2_network_ddpg_afd,50,routing_persistent_hotspot_cluster1,pretrain,43,remaining,9,96204320,3,4,specimen_transfer:-1x0.1,b12ffd104ab3d7e0,1,569961508.5733452,-2415791.195362568,-0.5779647827148438,0.00019109249114990234,-0.0001902927178889513,0.13359755277633667,0.4651889163205123,579.0,0.073170867296683
gcn_residual_mdl2_network_ddpg_afd,50,routing_persistent_hotspot_cluster1,pretrain,51,1,1,96205100,3,0,mdl2,94ab5e5762d4dc76,1,56413993.05895138,0.0,-0.16260045766830444,0.0,0.00017623341409489512,0.054605673998594284,0.4594381313131313,42.0,0.07219333129397369
gcn_residual_mdl2_network_ddpg_afd,50,routing_persistent_hotspot_cluster1,pretrain,51,1,1,96205100,3,1,specimen_transfer:+1x0.05,8d2c590780b82f99,1,56265537.456112556,148455.6028388217,-0.16246691346168518,0.0001335442066192627,0.00024276725889649242,0.03665076196193695,0.4594381313131313,42.0,0.07219333129397369
gcn_residual_mdl2_network_ddpg_afd,50,routing_persistent_hotspot_cluster1,pretrain,51,1,1,96205100,3,2,specimen_transfer:-1x0.05,74b5bc08e6dca570,1,55735812.73992661,678180.3190247715,-0.1627577841281891,-0.00015732645988464355,0.00010969961294904351,0.08034489303827286,0.4594381313131313,41.0,0.07219333129397369
gcn_residual_mdl2_network_ddpg_afd,50,routing_persistent_hotspot_cluster1,pretrain,51,1,1,96205100,3,3,specimen_transfer:+1x0.1,80c9262ad134f8a3,1,56142279.08395495,271713.9749964252,-0.16235682368278503,0.00024363398551940918,0.00030930107459425926,0.06965510547161102,0.4594381313131313,42.0,0.07219333129397369
gcn_residual_mdl2_network_ddpg_afd,50,routing_persistent_hotspot_cluster1,pretrain,51,1,1,96205100,3,4,specimen_transfer:-1x0.1,b93a10b296e40cd3,1,54538002.46776899,1875990.5911823884,-0.16295406222343445,-0.0003536045551300049,4.316633567214012e-05,0.13034489750862122,0.4594381313131313,39.0,0.07219333129397369
gcn_residual_mdl2_network_ddpg_afd,50,routing_persistent_hotspot_cluster1,pretrain,51,4,1,96205110,3,0,mdl2,94ab5e5762d4dc76,1,56413993.05895138,0.0,-0.16260045766830444,0.0,0.00017623341409489512,0.054605673998594284,0.4594381313131313,42.0,0.07219333129397369
gcn_residual_mdl2_network_ddpg_afd,50,routing_persistent_hotspot_cluster1,pretrain,51,4,1,96205110,3,1,specimen_transfer:+1x0.05,8d2c590780b82f99,1,56265537.456112556,148455.6028388217,-0.16246691346168518,0.0001335442066192627,0.00024276725889649242,0.03665076196193695,0.4594381313131313,42.0,0.07219333129397369
gcn_residual_mdl2_network_ddpg_afd,50,routing_persistent_hotspot_cluster1,pretrain,51,4,1,96205110,3,2,specimen_transfer:-1x0.05,74b5bc08e6dca570,1,55735812.73992661,678180.3190247715,-0.1627577841281891,-0.00015732645988464355,0.00010969961294904351,0.08034489303827286,0.4594381313131313,41.0,0.07219333129397369
gcn_residual_mdl2_network_ddpg_afd,50,routing_persistent_hotspot_cluster1,pretrain,51,4,1,96205110,3,3,specimen_transfer:+1x0.1,80c9262ad134f8a3,1,56142279.08395495,271713.9749964252,-0.16235682368278503,0.00024363398551940918,0.00030930107459425926,0.06965510547161102,0.4594381313131313,42.0,0.07219333129397369
gcn_residual_mdl2_network_ddpg_afd,50,routing_persistent_hotspot_cluster1,pretrain,51,4,1,96205110,3,4,specimen_transfer:-1x0.1,b93a10b296e40cd3,1,54538002.46776899,1875990.5911823884,-0.16295406222343445,-0.0003536045551300049,4.316633567214012e-05,0.13034489750862122,0.4594381313131313,39.0,0.07219333129397369
gcn_residual_mdl2_network_ddpg_afd,50,routing_persistent_hotspot_cluster1,pretrain,51,remaining,1,96205120,3,0,mdl2,94ab5e5762d4dc76,1,56413993.05895138,0.0,-0.16260045766830444,0.0,0.00017623341409489512,0.054605673998594284,0.4594381313131313,42.0,0.07219333129397369
gcn_residual_mdl2_network_ddpg_afd,50,routing_persistent_hotspot_cluster1,pretrain,51,remaining,1,96205120,3,1,specimen_transfer:+1x0.05,8d2c590780b82f99,1,56265537.456112556,148455.6028388217,-0.16246691346168518,0.0001335442066192627,0.00024276725889649242,0.03665076196193695,0.4594381313131313,42.0,0.07219333129397369
gcn_residual_mdl2_network_ddpg_afd,50,routing_persistent_hotspot_cluster1,pretrain,51,remaining,1,96205120,3,2,specimen_transfer:-1x0.05,74b5bc08e6dca570,1,55735812.73992661,678180.3190247715,-0.1627577841281891,-0.00015732645988464355,0.00010969961294904351,0.08034489303827286,0.4594381313131313,41.0,0.07219333129397369
gcn_residual_mdl2_network_ddpg_afd,50,routing_persistent_hotspot_cluster1,pretrain,51,remaining,1,96205120,3,3,specimen_transfer:+1x0.1,80c9262ad134f8a3,1,56142279.08395495,271713.9749964252,-0.16235682368278503,0.00024363398551940918,0.00030930107459425926,0.06965510547161102,0.4594381313131313,42.0,0.07219333129397369
gcn_residual_mdl2_network_ddpg_afd,50,routing_persistent_hotspot_cluster1,pretrain,51,remaining,1,96205120,3,4,specimen_transfer:-1x0.1,b93a10b296e40cd3,1,54538002.46776899,1875990.5911823884,-0.16295406222343445,-0.0003536045551300049,4.316633567214012e-05,0.13034489750862122,0.4594381313131313,39.0,0.07219333129397369
gcn_residual_mdl2_network_ddpg_afd,50,routing_persistent_hotspot_cluster1,episode25,0,1,1,96300000,3,0,mdl2,13884b174e0b81f9,1,1225612.6000717774,0.0,-0.14894241094589233,0.0,0.0,0.0,0.0,0.0,0.0
gcn_residual_mdl2_network_ddpg_afd,50,routing_persistent_hotspot_cluster1,episode25,0,1,1,96300000,3,1,specimen_transfer:+1x0.05,6dd94573b9e6dbba,1,1225612.6000717774,0.0,-0.1479644775390625,0.000977933406829834,0.0009976625442504883,0.05000000447034836,0.0,0.0,0.0
gcn_residual_mdl2_network_ddpg_afd,50,routing_persistent_hotspot_cluster1,episode25,0,1,1,96300000,3,2,specimen_transfer:-1x0.05,37b37dab58b5649d,1,1225612.6000717774,0.0,-0.1501464545726776,-0.0012040436267852783,-0.0009976625442504883,0.05000000074505806,0.0,0.0,0.0
gcn_residual_mdl2_network_ddpg_afd,50,routing_persistent_hotspot_cluster1,episode25,0,1,1,96300000,3,3,specimen_transfer:+1x0.1,f11622ae296efe7d,1,1225612.6000717774,0.0,-0.1472846269607544,0.0016577839851379395,0.0019953250885009766,0.10000000894069672,0.0,0.0,0.0
gcn_residual_mdl2_network_ddpg_afd,50,routing_persistent_hotspot_cluster1,episode25,0,1,1,96300000,3,4,specimen_transfer:-1x0.1,204e1e1d20f23d45,1,1225612.6000717774,0.0,-0.15137198567390442,-0.002429574728012085,-0.0019953250885009766,0.10000000894069672,0.0,0.0,0.0
gcn_residual_mdl2_network_ddpg_afd,50,routing_persistent_hotspot_cluster1,episode25,0,4,4,96300010,3,0,mdl2,13884b174e0b81f9,1,18538730.08626245,0.0,-0.14894241094589233,0.0,0.0,0.0,0.15922142316893043,0.0,0.0
gcn_residual_mdl2_network_ddpg_afd,50,routing_persistent_hotspot_cluster1,episode25,0,4,4,96300010,3,1,specimen_transfer:+1x0.05,6dd94573b9e6dbba,1,18538730.08626245,0.0,-0.1479644775390625,0.000977933406829834,0.0009976625442504883,0.05000000447034836,0.15922142316893043,0.0,0.0
gcn_residual_mdl2_network_ddpg_afd,50,routing_persistent_hotspot_cluster1,episode25,0,4,4,96300010,3,2,specimen_transfer:-1x0.05,37b37dab58b5649d,1,18538730.08626245,0.0,-0.1501464545726776,-0.0012040436267852783,-0.0009976625442504883,0.05000000074505806,0.15922142316893043,0.0,0.0
gcn_residual_mdl2_network_ddpg_afd,50,routing_persistent_hotspot_cluster1,episode25,0,4,4,96300010,3,3,specimen_transfer:+1x0.1,f11622ae296efe7d,1,18538730.08626245,0.0,-0.1472846269607544,0.0016577839851379395,0.0019953250885009766,0.10000000894069672,0.15922142316893043,0.0,0.0
gcn_residual_mdl2_network_ddpg_afd,50,routing_persistent_hotspot_cluster1,episode25,0,4,4,96300010,3,4,specimen_transfer:-1x0.1,204e1e1d20f23d45,1,18538730.08626245,0.0,-0.15137198567390442,-0.002429574728012085,-0.0019953250885009766,0.10000000894069672,0.15922142316893043,0.0,0.0
gcn_residual_mdl2_network_ddpg_afd,50,routing_persistent_hotspot_cluster1,episode25,0,remaining,52,96300020,3,0,mdl2,13884b174e0b81f9,1,2299995558.458871,0.0,-0.14894241094589233,0.0,0.0,0.0,0.5177886613845472,1971.0,0.06078678381118594
gcn_residual_mdl2_network_ddpg_afd,50,routing_persistent_hotspot_cluster1,episode25,0,remaining,52,96300020,3,1,specimen_transfer:+1x0.05,6dd94573b9e6dbba,1,2299995558.458871,0.0,-0.1479644775390625,0.000977933406829834,0.0009976625442504883,0.05000000447034836,0.5177886613845472,1971.0,0.06078678381118594
gcn_residual_mdl2_network_ddpg_afd,50,routing_persistent_hotspot_cluster1,episode25,0,remaining,52,96300020,3,2,specimen_transfer:-1x0.05,37b37dab58b5649d,1,2299995558.458871,0.0,-0.1501464545726776,-0.0012040436267852783,-0.0009976625442504883,0.05000000074505806,0.5177886613845472,1971.0,0.06078678381118594
gcn_residual_mdl2_network_ddpg_afd,50,routing_persistent_hotspot_cluster1,episode25,0,remaining,52,96300020,3,3,specimen_transfer:+1x0.1,f11622ae296efe7d,1,2299995558.458871,0.0,-0.1472846269607544,0.0016577839851379395,0.0019953250885009766,0.10000000894069672,0.5177886613845472,1971.0,0.06078678381118594
gcn_residual_mdl2_network_ddpg_afd,50,routing_persistent_hotspot_cluster1,episode25,0,remaining,52,96300020,3,4,specimen_transfer:-1x0.1,204e1e1d20f23d45,1,2299995558.458871,0.0,-0.15137198567390442,-0.002429574728012085,-0.0019953250885009766,0.10000000894069672,0.5177886613845472,1971.0,0.06078678381118594
gcn_residual_mdl2_network_ddpg_afd,50,routing_persistent_hotspot_cluster1,episode25,6,1,1,96300600,3,0,mdl2,f64809328233c4d6,1,13715424.637036169,0.0,-1.1891268491744995,0.0,0.0,0.0,0.36643356643356645,0.0,0.0
gcn_residual_mdl2_network_ddpg_afd,50,routing_persistent_hotspot_cluster1,episode25,6,1,1,96300600,3,1,specimen_transfer:+1x0.05,52082bdd8c771d17,1,13071980.335715609,643444.3013205603,-1.179517149925232,0.009609699249267578,0.01064393576234579,0.05000000074505806,0.36643356643356645,0.0,0.0
gcn_residual_mdl2_network_ddpg_afd,50,routing_persistent_hotspot_cluster1,episode25,6,1,1,96300600,3,2,specimen_transfer:-1x0.05,1b8d11a4afa8eee3,1,13269946.907673486,445477.72936268337,-1.1988219022750854,-0.009695053100585938,-0.01064393576234579,0.05000000074505806,0.36643356643356645,0.0,0.0
gcn_residual_mdl2_network_ddpg_afd,50,routing_persistent_hotspot_cluster1,episode25,6,1,1,96300600,3,3,specimen_transfer:+1x0.1,144ebbdafc98675f,1,12626453.378484754,1088971.258551415,-1.165197730064392,0.023929119110107422,0.02128787152469158,0.10000000149011612,0.36643356643356645,0.0,0.0
gcn_residual_mdl2_network_ddpg_afd,50,routing_persistent_hotspot_cluster1,episode25,6,1,1,96300600,3,4,specimen_transfer:-1x0.1,ce8a3a61b87316a5,1,13114451.879294334,600972.757741835,-1.2125548124313354,-0.023427963256835938,-0.02128787152469158,0.10000000149011612,0.36643356643356645,0.0,0.0
gcn_residual_mdl2_network_ddpg_afd,50,routing_persistent_hotspot_cluster1,episode25,6,4,4,96300610,3,0,mdl2,f64809328233c4d6,1,86228514.82584989,0.0,-1.1891268491744995,0.0,0.0,0.0,0.45008005127982614,40.333333333333336,0.0052173913043478265
gcn_residual_mdl2_network_ddpg_afd,50,routing_persistent_hotspot_cluster1,episode25,6,4,4,96300610,3,1,specimen_transfer:+1x0.05,52082bdd8c771d17,1,82669158.20541471,3559356.6204351783,-1.179517149925232,0.009609699249267578,0.01064393576234579,0.05000000074505806,0.45008005127982614,34.333333333333336,0.0052173913043478265
gcn_residual_mdl2_network_ddpg_afd,50,routing_persistent_hotspot_cluster1,episode25,6,4,4,96300610,3,2,specimen_transfer:-1x0.05,1b8d11a4afa8eee3,1,86271115.42772996,-42600.60188007355,-1.1988219022750854,-0.009695053100585938,-0.01064393576234579,0.05000000074505806,0.4480885466281455,40.666666666666664,0.005244755244755245
gcn_residual_mdl2_network_ddpg_afd,50,routing_persistent_hotspot_cluster1,episode25,6,4,4,96300610,3,3,specimen_transfer:+1x0.1,144ebbdafc98675f,1,80700395.46624568,5528119.35960421,-1.165197730064392,0.023929119110107422,0.02128787152469158,0.10000000149011612,0.45008005127982614,31.666666666666668,0.0052173913043478265
gcn_residual_mdl2_network_ddpg_afd,50,routing_persistent_hotspot_cluster1,episode25,6,4,4,96300610,3,4,specimen_transfer:-1x0.1,ce8a3a61b87316a5,1,87097034.53224383,-868519.7063939422,-1.2125548124313354,-0.023427963256835938,-0.02128787152469158,0.10000000149011612,0.4444336213142856,41.333333333333336,0.005306607461146377
gcn_residual_mdl2_network_ddpg_afd,50,routing_persistent_hotspot_cluster1,episode25,6,remaining,46,96300620,3,0,mdl2,f64809328233c4d6,1,2495665224.2905507,0.0,-1.1891268491744995,0.0,0.0,0.0,0.5016212162356203,2212.3333333333335,0.0629452590874055
gcn_residual_mdl2_network_ddpg_afd,50,routing_persistent_hotspot_cluster1,episode25,6,remaining,46,96300620,3,1,specimen_transfer:+1x0.05,52082bdd8c771d17,1,2482928404.2075825,12736820.082968235,-1.179517149925232,0.009609699249267578,0.01064393576234579,0.05000000074505806,0.5051998961687038,2194.3333333333335,0.06405842624524893
gcn_residual_mdl2_network_ddpg_afd,50,routing_persistent_hotspot_cluster1,episode25,6,remaining,46,96300620,3,2,specimen_transfer:-1x0.05,1b8d11a4afa8eee3,1,2508286393.3956513,-12621169.105100632,-1.1988219022750854,-0.009695053100585938,-0.01064393576234579,0.05000000074505806,0.4981761713429466,2233.0,0.06394358361789142
gcn_residual_mdl2_network_ddpg_afd,50,routing_persistent_hotspot_cluster1,episode25,6,remaining,46,96300620,3,3,specimen_transfer:+1x0.1,144ebbdafc98675f,1,2479479095.807845,16186128.482705593,-1.165197730064392,0.023929119110107422,0.02128787152469158,0.10000000149011612,0.5066553109254173,2186.0,0.06174932489299075
gcn_residual_mdl2_network_ddpg_afd,50,routing_persistent_hotspot_cluster1,episode25,6,remaining,46,96300620,3,4,specimen_transfer:-1x0.1,ce8a3a61b87316a5,1,2518943698.957371,-23278474.666820526,-1.2125548124313354,-0.023427963256835938,-0.02128787152469158,0.10000000149011612,0.49629057977515734,2242.3333333333335,0.06438765411405317
gcn_residual_mdl2_network_ddpg_afd,50,routing_persistent_hotspot_cluster1,episode25,12,1,1,96301200,3,0,mdl2,fac3f80e6cd0f2bc,1,49703189.53842721,0.0,-1.6778258085250854,0.0,-4.271359648555517e-05,0.02501940354704857,0.43392370572207084,36.0,0.014341590612777053
gcn_residual_mdl2_network_ddpg_afd,50,routing_persistent_hotspot_cluster1,episode25,12,1,1,96301200,3,1,specimen_transfer:+1x0.05,8e5504fd5e1d6bd9,1,50080932.14959112,-377742.61116390675,-1.6769288778305054,0.0008969306945800781,0.0003105343785136938,0.07260916382074356,0.43392370572207084,37.0,0.014341590612777053
gcn_residual_mdl2_network_ddpg_afd,50,routing_persistent_hotspot_cluster1,episode25,12,1,1,96301200,3,2,specimen_transfer:-1x0.05,2f975c9ea154650f,1,49773471.50097779,-70281.9625505805,-1.6787229776382446,-0.0008971691131591797,-0.00039596110582351685,0.05005504935979843,0.43392370572207084,36.0,0.014360313315926894
gcn_residual_mdl2_network_ddpg_afd,50,routing_persistent_hotspot_cluster1,episode25,12,1,1,96301200,3,3,specimen_transfer:+1x0.1,485dd3ec0df02038,1,49285020.16240096,418169.3760262504,-1.6770204305648804,0.0008053779602050781,0.00066378153860569,0.12172530591487885,0.43392370572207084,36.0,0.014341590612777053
gcn_residual_mdl2_network_ddpg_afd,50,routing_persistent_hotspot_cluster1,episode25,12,1,1,96301200,3,4,specimen_transfer:-1x0.1,c66ee499953a85d2,1,49725746.835141815,-22557.2967146039,-1.6786177158355713,-0.0007919073104858398,-0.000749208964407444,0.10005504637956619,0.43392370572207084,36.0,0.014416775884665793
gcn_residual_mdl2_network_ddpg_afd,50,routing_persistent_hotspot_cluster1,episode25,12,4,4,96301210,3,0,mdl2,fac3f80e6cd0f2bc,1,218731125.63786075,0.0,-1.6778258085250854,0.0,-4.271359648555517e-05,0.02501940354704857,0.4426056509304653,169.66666666666666,0.026041685504698295
gcn_residual_mdl2_network_ddpg_afd,50,routing_persistent_hotspot_cluster1,episode25,12,4,4,96301210,3,1,specimen_transfer:+1x0.05,8e5504fd5e1d6bd9,1,217719680.0114394,1011445.6264213324,-1.6769288778305054,0.0008969306945800781,0.0003105343785136938,0.07260916382074356,0.4431476078596008,168.33333333333334,0.026023600994334605
gcn_residual_mdl2_network_ddpg_afd,50,routing_persistent_hotspot_cluster1,episode25,12,4,4,96301210,3,2,specimen_transfer:-1x0.05,2f975c9ea154650f,1,220128923.648252,-1397798.0103912652,-1.6787229776382446,-0.0008971691131591797,-0.00039596110582351685,0.05005504935979843,0.4415138859938948,172.33333333333334,0.025729619420627476
gcn_residual_mdl2_network_ddpg_afd,50,routing_persistent_hotspot_cluster1,episode25,12,4,4,96301210,3,3,specimen_transfer:+1x0.1,485dd3ec0df02038,1,217582339.71489963,1148785.9229611158,-1.6770204305648804,0.0008053779602050781,0.00066378153860569,0.12172530591487885,0.44386272496189627,168.0,0.026032633830500636
gcn_residual_mdl2_network_ddpg_afd,50,routing_persistent_hotspot_cluster1,episode25,12,4,4,96301210,3,4,specimen_transfer:-1x0.1,c66ee499953a85d2,1,220449733.18607283,-1718607.5482120812,-1.6786177158355713,-0.0007919073104858398,-0.000749208964407444,0.10005504637956619,0.43953438219449065,172.33333333333334,0.024781868282790206
gcn_residual_mdl2_network_ddpg_afd,50,routing_persistent_hotspot_cluster1,episode25,12,remaining,40,96301220,3,0,mdl2,fac3f80e6cd0f2bc,1,2294263793.8286,0.0,-1.6778258085250854,0.0,-4.271359648555517e-05,0.02501940354704857,0.5109238621538265,2121.3333333333335,0.062436582959870444
gcn_residual_mdl2_network_ddpg_afd,50,routing_persistent_hotspot_cluster1,episode25,12,remaining,40,96301220,3,1,specimen_transfer:+1x0.05,8e5504fd5e1d6bd9,1,2293293592.614006,970201.2145938873,-1.6769288778305054,0.0008969306945800781,0.0003105343785136938,0.07260916382074356,0.5118591423719258,2116.6666666666665,0.06156994217823782
gcn_residual_mdl2_network_ddpg_afd,50,routing_persistent_hotspot_cluster1,episode25,12,remaining,40,96301220,3,2,specimen_transfer:-1x0.05,2f975c9ea154650f,1,2298284547.650454,-4020753.8218541145,-1.6787229776382446,-0.0008971691131591797,-0.00039596110582351685,0.05005504935979843,0.5099317740422382,2128.0,0.06284943545059839
gcn_residual_mdl2_network_ddpg_afd,50,routing_persistent_hotspot_cluster1,episode25,12,remaining,40,96301220,3,3,specimen_transfer:+1x0.1,485dd3ec0df02038,1,2306950630.3253345,-12686836.49673462,-1.6770204305648804,0.0008053779602050781,0.00066378153860569,0.12172530591487885,0.5087835885196362,2133.0,0.06413469116050292
gcn_residual_mdl2_network_ddpg_afd,50,routing_persistent_hotspot_cluster1,episode25,12,remaining,40,96301220,3,4,specimen_transfer:-1x0.1,c66ee499953a85d2,1,2299792905.4566865,-5529111.628086567,-1.6786177158355713,-0.0007919073104858398,-0.000749208964407444,0.10005504637956619,0.5095920926853589,2128.3333333333335,0.06274606369952535
gcn_residual_mdl2_network_ddpg_afd,50,routing_persistent_hotspot_cluster1,episode25,18,1,1,96301800,3,0,mdl2,9472127bf721be07,1,69010074.57962914,0.0,-1.7307988405227661,0.0,-0.0006519645103253424,0.012514257803559303,0.4540886249428963,69.0,0.032062391681109186
gcn_residual_mdl2_network_ddpg_afd,50,routing_persistent_hotspot_cluster1,episode25,18,1,1,96301800,3,1,specimen_transfer:+1x0.05,241ec2627e75e381,1,68842876.76111406,167197.81851507723,-1.731009840965271,-0.0002110004425048828,-0.0003686780110001564,0.058644868433475494,0.4540886249428963,70.0,0.032062391681109186
gcn_residual_mdl2_network_ddpg_afd,50,routing_persistent_hotspot_cluster1,episode25,18,1,1,96301800,3,2,specimen_transfer:-1x0.05,636e5fcfd3366b3d,1,68289039.58371396,721034.9959151745,-1.7307580709457397,4.076957702636719e-05,-0.0009352518245577812,0.05486021935939789,0.4540886249428963,68.0,0.03214596003475239
gcn_residual_mdl2_network_ddpg_afd,50,routing_persistent_hotspot_cluster1,episode25,18,1,1,96301800,3,3,specimen_transfer:+1x0.1,b5b569bb32a5fb70,1,68326465.68367454,683608.895954594,-1.729795217514038,0.0010036230087280273,-8.5391104221344e-05,0.10787945985794067,0.4540886249428963,70.0,0.032062391681109186
gcn_residual_mdl2_network_ddpg_afd,50,routing_persistent_hotspot_cluster1,episode25,18,1,1,96301800,3,4,specimen_transfer:-1x0.1,5975e0e91924901c,1,67996155.452171,1013919.1274581403,-1.731776237487793,-0.0009773969650268555,-0.0012185387313365936,0.09720618277788162,0.4540886249428963,68.0,0.03228621291448516
gcn_residual_mdl2_network_ddpg_afd,50,routing_persistent_hotspot_cluster1,episode25,18,4,4,96301810,3,0,mdl2,9472127bf721be07,1,256449677.70208994,0.0,-1.7307988405227661,0.0,-0.0006519645103253424,0.012514257803559303,0.44216936180120997,220.66666666666666,0.040208592392812596
gcn_residual_mdl2_network_ddpg_afd,50,routing_persistent_hotspot_cluster1,episode25,18,4,4,96301810,3,1,specimen_transfer:+1x0.05,241ec2627e75e381,1,253008958.07257715,3440719.629512787,-1.731009840965271,-0.0002110004425048828,-0.0003686780110001564,0.058644868433475494,0.44406764579059216,216.0,0.039454186572948316
gcn_residual_mdl2_network_ddpg_afd,50,routing_persistent_hotspot_cluster1,episode25,18,4,4,96301810,3,2,specimen_transfer:-1x0.05,636e5fcfd3366b3d,1,258283185.90940621,-1833508.2073162794,-1.7307580709457397,4.076957702636719e-05,-0.0009352518245577812,0.05486021935939789,0.4406539262038645,223.0,0.04001957409345622
gcn_residual_mdl2_network_ddpg_afd,50,routing_persistent_hotspot_cluster1,episode25,18,4,4,96301810,3,3,specimen_transfer:+1x0.1,b5b569bb32a5fb70,1,250554685.16803002,5894992.534059912,-1.729795217514038,0.0010036230087280273,-8.5391104221344e-05,0.10787945985794067,0.4454618484455793,213.66666666666666,0.037918257503446816
gcn_residual_mdl2_network_ddpg_afd,50,routing_persistent_hotspot_cluster1,episode25,18,4,4,96301810,3,4,specimen_transfer:-1x0.1,5975e0e91924901c,1,257908924.50718582,-1459246.8050958812,-1.731776237487793,-0.0009773969650268555,-0.0012185387313365936,0.09720618277788162,0.4405263100731856,222.33333333333334,0.03961084552329248
gcn_residual_mdl2_network_ddpg_afd,50,routing_persistent_hotspot_cluster1,episode25,18,remaining,34,96301820,3,0,mdl2,9472127bf721be07,1,2255859406.9842987,0.0,-1.7307988405227661,0.0,-0.0006519645103253424,0.012514257803559303,0.4772804348787177,2120.0,0.06605764999815504
gcn_residual_mdl2_network_ddpg_afd,50,routing_persistent_hotspot_cluster1,episode25,18,remaining,34,96301820,3,1,specimen_transfer:+1x0.05,241ec2627e75e381,1,2265622107.52207,-9762700.537771225,-1.731009840965271,-0.0002110004425048828,-0.0003686780110001564,0.058644868433475494,0.475512151237296,2129.0,0.06951996981623569
gcn_residual_mdl2_network_ddpg_afd,50,routing_persistent_hotspot_cluster1,episode25,18,remaining,34,96301820,3,2,specimen_transfer:-1x0.05,636e5fcfd3366b3d,1,2260059447.111929,-4200040.127630234,-1.7307580709457397,4.076957702636719e-05,-0.0009352518245577812,0.05486021935939789,0.4757009879610319,2129.3333333333335,0.06862489534277176
gcn_residual_mdl2_network_ddpg_afd,50,routing_persistent_hotspot_cluster1,episode25,18,remaining,34,96301820,3,3,specimen_transfer:+1x0.1,b5b569bb32a5fb70,1,2262108808.739679,-6249401.755380154,-1.729795217514038,0.0010036230087280273,-8.5391104221344e-05,0.10787945985794067,0.4760975262430416,2123.0,0.06813602216489234
gcn_residual_mdl2_network_ddpg_afd,50,routing_persistent_hotspot_cluster1,episode25,18,remaining,34,96301820,3,4,specimen_transfer:-1x0.1,5975e0e91924901c,1,2258747685.1378856,-2888278.1535868645,-1.731776237487793,-0.0009773969650268555,-0.0012185387313365936,0.09720618277788162,0.47498309757777574,2130.6666666666665,0.06797554804239204
gcn_residual_mdl2_network_ddpg_afd,50,routing_persistent_hotspot_cluster1,episode25,25,1,1,96302500,3,0,mdl2,3bca89fb27e18c2d,1,87020585.83666046,0.0,-1.6265350580215454,0.0,0.0017657855059951544,0.03194091096520424,0.4699272967614012,103.0,0.04505632040050062
gcn_residual_mdl2_network_ddpg_afd,50,routing_persistent_hotspot_cluster1,episode25,25,1,1,96302500,3,1,specimen_transfer:+1x0.05,a825bf48aeb8a771,1,85600481.50265305,1420104.3340074122,-1.6260775327682495,0.00045752525329589844,0.0025124498642981052,0.04569756239652634,0.4699272967614012,101.0,0.04505632040050062
gcn_residual_mdl2_network_ddpg_afd,50,routing_persistent_hotspot_cluster1,episode25,25,1,1,96302500,3,2,specimen_transfer:-1x0.05,49e89435039d5a26,1,85820801.76324585,1199784.0734146088,-1.6273754835128784,-0.0008404254913330078,0.0010191206820309162,0.07851234078407288,0.4699272967614012,101.0,0.04505632040050062
gcn_residual_mdl2_network_ddpg_afd,50,routing_persistent_hotspot_cluster1,episode25,25,1,1,96302500,3,3,specimen_transfer:+1x0.1,85751f77ad6a58b8,1,85931428.102858,1089157.7338024527,-1.6252137422561646,0.0013213157653808594,0.0032591153867542744,0.08998327702283859,0.4699272967614012,102.0,0.04505632040050062
gcn_residual_mdl2_network_ddpg_afd,50,routing_persistent_hotspot_cluster1,episode25,25,1,1,96302500,3,4,specimen_transfer:-1x0.1,2da1c544b9967e42,1,85776062.02151269,1244523.8151477724,-1.6281503438949585,-0.001615285873413086,0.0002724556252360344,0.1250837743282318,0.4699272967614012,101.0,0.045141065830721
gcn_residual_mdl2_network_ddpg_afd,50,routing_persistent_hotspot_cluster1,episode25,25,4,4,96302510,3,0,mdl2,3bca89fb27e18c2d,1,274202764.1889543,0.0,-1.6265350580215454,0.0,0.0017657855059951544,0.03194091096520424,0.47689937731722204,300.3333333333333,0.05134906993340541
gcn_residual_mdl2_network_ddpg_afd,50,routing_persistent_hotspot_cluster1,episode25,25,4,4,96302510,3,1,specimen_transfer:+1x0.05,a825bf48aeb8a771,1,272540455.06807977,1662309.1208745241,-1.6260775327682495,0.00045752525329589844,0.0025124498642981052,0.04569756239652634,0.4776976925061885,298.0,0.050055710080635064
gcn_residual_mdl2_network_ddpg_afd,50,routing_persistent_hotspot_cluster1,episode25,25,4,4,96302510,3,2,specimen_transfer:-1x0.05,49e89435039d5a26,1,276331705.6376797,-2128941.4487254024,-1.6273754835128784,-0.0008404254913330078,0.0010191206820309162,0.07851234078407288,0.47600126172905405,303.6666666666667,0.05246545328764415
gcn_residual_mdl2_network_ddpg_afd,50,routing_persistent_hotspot_cluster1,episode25,25,4,4,96302510,3,3,specimen_transfer:+1x0.1,85751f77ad6a58b8,1,271818461.94864434,2384302.2403099537,-1.6252137422561646,0.0013213157653808594,0.0032591153867542744,0.08998327702283859,0.47819663583243216,297.3333333333333,0.05020416736839642
gcn_residual_mdl2_network_ddpg_afd,50,routing_persistent_hotspot_cluster1,episode25,25,4,4,96302510,3,4,specimen_transfer:-1x0.1,2da1c544b9967e42,1,277049963.9611079,-2847199.772153616,-1.6281503438949585,-0.001615285873413086,0.0002724556252360344,0.1250837743282318,0.4740054590891969,304.3333333333333,0.05289629465396334
gcn_residual_mdl2_network_ddpg_afd,50,routing_persistent_hotspot_cluster1,episode25,25,remaining,27,96302520,3,0,mdl2,3bca89fb27e18c2d,1,1682807561.3682468,0.0,-1.6265350580215454,0.0,0.0017657855059951544,0.03194091096520424,0.48623134858442424,1566.3333333333333,0.06354135289997496
gcn_residual_mdl2_network_ddpg_afd,50,routing_persistent_hotspot_cluster1,episode25,25,remaining,27,96302520,3,1,specimen_transfer:+1x0.05,a825bf48aeb8a771,1,1684748983.2703717,-1941421.9021248817,-1.6260775327682495,0.00045752525329589844,0.0025124498642981052,0.04569756239652634,0.4856161497849539,1568.3333333333333,0.06398088895313457
gcn_residual_mdl2_network_ddpg_afd,50,routing_persistent_hotspot_cluster1,episode25,25,remaining,27,96302520,3,2,specimen_transfer:-1x0.05,49e89435039d5a26,1,1685698747.5485837,-2891186.180336952,-1.6273754835128784,-0.0008404254913330078,0.0010191206820309162,0.07851234078407288,0.48479806390560837,1573.6666666666667,0.06487703829893561
gcn_residual_mdl2_network_ddpg_afd,50,routing_persistent_hotspot_cluster1,episode25,25,remaining,27,96302520,3,3,specimen_transfer:+1x0.1,85751f77ad6a58b8,1,1687027157.7943857,-4219596.426138878,-1.6252137422561646,0.0013213157653808594,0.0032591153867542744,0.08998327702283859,0.48501736754206665,1572.0,0.06456645825566043
gcn_residual_mdl2_network_ddpg_afd,50,routing_persistent_hotspot_cluster1,episode25,25,remaining,27,96302520,3,4,specimen_transfer:-1x0.1,2da1c544b9967e42,1,1686158056.294151,-3350494.925904274,-1.6281503438949585,-0.001615285873413086,0.0002724556252360344,0.1250837743282318,0.4845672011338502,1576.3333333333333,0.06533829052111344
gcn_residual_mdl2_network_ddpg_afd,50,routing_persistent_hotspot_cluster1,episode25,31,1,1,96303100,3,0,mdl2,fb90040fd52573dd,1,58243116.846797965,0.0,-1.4543473720550537,0.0,0.0016709130723029375,0.029328374192118645,0.463331587218439,48.0,0.053293112116641526
gcn_residual_mdl2_network_ddpg_afd,50,routing_persistent_hotspot_cluster1,episode25,31,1,1,96303100,3,1,specimen_transfer:+1x0.05,d12f0676fb921ccd,1,57601051.138531566,642065.7082663998,-1.4590630531311035,-0.004715681076049805,-0.002528461394831538,0.05927447974681854,0.463331587218439,48.0,0.053293112116641526
gcn_residual_mdl2_network_ddpg_afd,50,routing_persistent_hotspot_cluster1,episode25,31,1,1,96303100,3,2,specimen_transfer:-1x0.05,405f2a30fc75306d,1,57133646.36982349,1109470.4769744724,-1.4497202634811401,0.004627108573913574,0.005870289169251919,0.0699266642332077,0.463331587218439,47.0,0.05334675390035229
gcn_residual_mdl2_network_ddpg_afd,50,routing_persistent_hotspot_cluster1,episode25,31,1,1,96303100,3,3,specimen_transfer:+1x0.1,8ae87de97f5e7f2d,1,56409000.667674325,1834116.17912364,-1.462440848350525,-0.008093476295471191,-0.0067278360947966576,0.1092744767665863,0.463331587218439,47.0,0.053293112116641526
gcn_residual_mdl2_network_ddpg_afd,50,routing_persistent_hotspot_cluster1,episode25,31,1,1,96303100,3,4,specimen_transfer:-1x0.1,a9b39973053d395f,1,56738089.541399896,1505027.3053980693,-1.4464831352233887,0.007864236831665039,0.01006966270506382,0.11305839568376541,0.463331587218439,47.0,0.05337361530715005
gcn_residual_mdl2_network_ddpg_afd,50,routing_persistent_hotspot_cluster1,episode25,31,4,4,96303110,3,0,mdl2,fb90040fd52573dd,1,268159968.0123626,0.0,-1.4543473720550537,0.0,0.0016709130723029375,0.029328374192118645,0.46824153019461673,249.66666666666666,0.05575924228536511
gcn_residual_mdl2_network_ddpg_afd,50,routing_persistent_hotspot_cluster1,episode25,31,4,4,96303110,3,1,specimen_transfer:+1x0.05,d12f0676fb921ccd,1,265006061.35316822,3153906.65919438,-1.4590630531311035,-0.004715681076049805,-0.002528461394831538,0.05927447974681854,0.4689640001417454,245.0,0.055309422416439054
gcn_residual_mdl2_network_ddpg_afd,50,routing_persistent_hotspot_cluster1,episode25,31,4,4,96303110,3,2,specimen_transfer:-1x0.05,405f2a30fc75306d,1,267846577.659986,313390.35237661004,-1.4497202634811401,0.004627108573913574,0.005870289169251919,0.0699266642332077,0.4680022137588282,249.33333333333334,0.0561246987858808
gcn_residual_mdl2_network_ddpg_afd,50,routing_persistent_hotspot_cluster1,episode25,31,4,4,96303110,3,3,specimen_transfer:+1x0.1,8ae87de97f5e7f2d,1,261835234.63286647,6324733.379496127,-1.462440848350525,-0.008093476295471191,-0.0067278360947966576,0.1092744767665863,0.4694456467731645,240.0,0.05482592692274372
gcn_residual_mdl2_network_ddpg_afd,50,routing_persistent_hotspot_cluster1,episode25,31,4,4,96303110,3,4,specimen_transfer:-1x0.1,a9b39973053d395f,1,268319254.76446018,-159286.75209757686,-1.4464831352233887,0.007864236831665039,0.01006966270506382,0.11305839568376541,0.4681620326192928,251.33333333333334,0.05600605327335687
gcn_residual_mdl2_network_ddpg_afd,50,routing_persistent_hotspot_cluster1,episode25,31,remaining,21,96303120,3,0,mdl2,fb90040fd52573dd,1,1497251281.9562714,0.0,-1.4543473720550537,0.0,0.0016709130723029375,0.029328374192118645,0.4668165774102109,1392.3333333333333,0.06878339716175337
gcn_residual_mdl2_network_ddpg_afd,50,routing_persistent_hotspot_cluster1,episode25,31,remaining,21,96303120,3,1,specimen_transfer:+1x0.05,d12f0676fb921ccd,1,1498185616.0532138,-934334.0969424248,-1.4590630531311035,-0.004715681076049805,-0.002528461394831538,0.05927447974681854,0.46623052800771303,1392.0,0.06931600088117544
gcn_residual_mdl2_network_ddpg_afd,50,routing_persistent_hotspot_cluster1,episode25,31,remaining,21,96303120,3,2,specimen_transfer:-1x0.05,405f2a30fc75306d,1,1497923662.3841584,-672380.4278869629,-1.4497202634811401,0.004627108573913574,0.005870289169251919,0.0699266642332077,0.4659583992583128,1394.3333333333333,0.06882506755155601
gcn_residual_mdl2_network_ddpg_afd,50,routing_persistent_hotspot_cluster1,episode25,31,remaining,21,96303120,3,3,specimen_transfer:+1x0.1,8ae87de97f5e7f2d,1,1501062206.6474276,-3810924.691156149,-1.462440848350525,-0.008093476295471191,-0.0067278360947966576,0.1092744767665863,0.46643774574638813,1390.6666666666667,0.06951162417684154
gcn_residual_mdl2_network_ddpg_afd,50,routing_persistent_hotspot_cluster1,episode25,31,remaining,21,96303120,3,4,specimen_transfer:-1x0.1,a9b39973053d395f,1,1497187195.3577735,64086.598497867584,-1.4464831352233887,0.007864236831665039,0.01006966270506382,0.11305839568376541,0.4656975961784218,1395.3333333333333,0.06910823308105905
gcn_residual_mdl2_network_ddpg_afd,50,routing_persistent_hotspot_cluster1,episode25,37,1,1,96303700,3,0,mdl2,f6a274df8388889d,1,81374474.21826957,0.0,-0.6693750023841858,0.0,0.01112441811710596,0.06602825969457626,0.4521776259607173,72.0,0.059046815689582456
gcn_residual_mdl2_network_ddpg_afd,50,routing_persistent_hotspot_cluster1,episode25,37,1,1,96303700,3,1,specimen_transfer:+1x0.05,a93cc0dd9297a4c6,1,79903370.49528246,1471103.7229871154,-0.675189197063446,-0.005814194679260254,0.005468304734677076,0.039602961391210556,0.4521776259607173,70.0,0.059046815689582456
gcn_residual_mdl2_network_ddpg_afd,50,routing_persistent_hotspot_cluster1,episode25,37,1,1,96303700,3,2,specimen_transfer:-1x0.05,c566f73b3ae65220,1,80453210.39528246,921263.8229871094,-0.6637097001075745,0.005665302276611328,0.016780531033873558,0.11602826416492462,0.4521776259607173,71.0,0.059046815689582456
gcn_residual_mdl2_network_ddpg_afd,50,routing_persistent_hotspot_cluster1,episode25,37,1,1,96303700,3,3,specimen_transfer:+1x0.1,dd7349729b9347eb,1,79607734.76674928,1766739.451520294,-0.6807070970535278,-0.011332094669342041,-0.00018780864775180817,0.08316519111394882,0.4521776259607173,70.0,0.059046815689582456
gcn_residual_mdl2_network_ddpg_afd,50,routing_persistent_hotspot_cluster1,episode25,37,1,1,96303700,3,4,specimen_transfer:-1x0.1,a074dbdf7ff920e9,1,79677458.37524307,1697015.843026504,-0.658418595790863,0.010956406593322754,0.02243664488196373,0.16602826118469238,0.4521776259607173,70.0,0.059046815689582456
gcn_residual_mdl2_network_ddpg_afd,50,routing_persistent_hotspot_cluster1,episode25,37,4,4,96303710,3,0,mdl2,f6a274df8388889d,1,319900876.5774051,0.0,-0.6693750023841858,0.0,0.01112441811710596,0.06602825969457626,0.4514771716525144,270.0,0.06302794022092269
gcn_residual_mdl2_network_ddpg_afd,50,routing_persistent_hotspot_cluster1,episode25,37,4,4,96303710,3,1,specimen_transfer:+1x0.05,a93cc0dd9297a4c6,1,318513456.2725147,1387420.3048903942,-0.675189197063446,-0.005814194679260254,0.005468304734677076,0.039602961391210556,0.45206931601610006,267.6666666666667,0.06258927412024412
gcn_residual_mdl2_network_ddpg_afd,50,routing_persistent_hotspot_cluster1,episode25,37,4,4,96303710,3,2,specimen_transfer:-1x0.05,c566f73b3ae65220,1,319486741.40586007,414135.1715450287,-0.6637097001075745,0.005665302276611328,0.016780531033873558,0.11602826416492462,0.45167455310704296,270.3333333333333,0.06263807667316439
gcn_residual_mdl2_network_ddpg_afd,50,routing_persistent_hotspot_cluster1,episode25,37,4,4,96303710,3,3,specimen_transfer:+1x0.1,dd7349729b9347eb,1,318722942.1787954,1177934.3986096978,-0.6807070970535278,-0.011332094669342041,-0.00018780864775180817,0.08316519111394882,0.45206931601610006,268.0,0.06297883391767303
gcn_residual_mdl2_network_ddpg_afd,50,routing_persistent_hotspot_cluster1,episode25,37,4,4,96303710,3,4,specimen_transfer:-1x0.1,a074dbdf7ff920e9,1,318791844.53199,1109032.0454151034,-0.658418595790863,0.010956406593322754,0.02243664488196373,0.16602826118469238,0.4514771716525144,269.0,0.06264623684362579
gcn_residual_mdl2_network_ddpg_afd,50,routing_persistent_hotspot_cluster1,episode25,37,remaining,15,96303720,3,0,mdl2,f6a274df8388889d,1,1110753270.2949944,0.0,-0.6693750023841858,0.0,0.01112441811710596,0.06602825969457626,0.46094400770963667,1077.6666666666667,0.07071924420922146
gcn_residual_mdl2_network_ddpg_afd,50,routing_persistent_hotspot_cluster1,episode25,37,remaining,15,96303720,3,1,specimen_transfer:+1x0.05,a93cc0dd9297a4c6,1,1111091186.0576153,-337915.7626209259,-0.675189197063446,-0.005814194679260254,0.005468304734677076,0.039602961391210556,0.4613068720107607,1078.3333333333333,0.07050781485092503
gcn_residual_mdl2_network_ddpg_afd,50,routing_persistent_hotspot_cluster1,episode25,37,remaining,15,96303720,3,2,specimen_transfer:-1x0.05,c566f73b3ae65220,1,1111109340.659034,-356070.3640396595,-0.6637097001075745,0.005665302276611328,0.016780531033873558,0.11602826416492462,0.4612077803867951,1080.0,0.07056608179205881
gcn_residual_mdl2_network_ddpg_afd,50,routing_persistent_hotspot_cluster1,episode25,37,remaining,15,96303720,3,3,specimen_transfer:+1x0.1,dd7349729b9347eb,1,1112149779.986553,-1396509.6915585995,-0.6807070970535278,-0.011332094669342041,-0.00018780864775180817,0.08316519111394882,0.46104562707758806,1079.3333333333333,0.07079290198559217
gcn_residual_mdl2_network_ddpg_afd,50,routing_persistent_hotspot_cluster1,episode25,37,remaining,15,96303720,3,4,specimen_transfer:-1x0.1,a074dbdf7ff920e9,1,1110073518.3110878,679751.9839065075,-0.658418595790863,0.010956406593322754,0.02243664488196373,0.16602826118469238,0.4612560070812617,1079.3333333333333,0.07044247090366633
gcn_residual_mdl2_network_ddpg_afd,50,routing_persistent_hotspot_cluster1,episode25,43,1,1,96304300,3,0,mdl2,02433edd9affa1cc,1,87884648.4727312,0.0,-0.7080467343330383,0.0,0.003559868549928069,0.0375390462577343,0.45750418448949226,101.0,0.06676342525399129
gcn_residual_mdl2_network_ddpg_afd,50,routing_persistent_hotspot_cluster1,episode25,43,1,1,96304300,3,1,specimen_transfer:+1x0.05,a2a28eaf81ea5bfa,1,87639272.05008736,245376.4226438403,-0.7125036716461182,-0.004456937313079834,-0.00043607933912426233,0.03244759142398834,0.45750418448949226,101.0,0.06676342525399129
gcn_residual_mdl2_network_ddpg_afd,50,routing_persistent_hotspot_cluster1,episode25,43,1,1,96304300,3,2,specimen_transfer:-1x0.05,e80f21eb638c530f,1,87659770.93390141,224877.53882978857,-0.7038664221763611,0.004180312156677246,0.007555815856903791,0.08380760997533798,0.45750418448949226,101.0,0.06686046511627906
gcn_residual_mdl2_network_ddpg_afd,50,routing_persistent_hotspot_cluster1,episode25,43,1,1,96304300,3,3,specimen_transfer:+1x0.1,eea6d771f9981dff,1,87968223.04573284,-83574.57300163805,-0.7162958979606628,-0.008249163627624512,-0.004432028159499168,0.0661923885345459,0.45750418448949226,102.0,0.06676342525399129
gcn_residual_mdl2_network_ddpg_afd,50,routing_persistent_hotspot_cluster1,episode25,43,1,1,96304300,3,4,specimen_transfer:-1x0.1,b12ffd104ab3d7e0,1,87012567.84814921,872080.6245819926,-0.7006369233131409,0.007409811019897461,0.011551763862371445,0.13380761444568634,0.45750418448949226,100.0,0.06688476917484551
gcn_residual_mdl2_network_ddpg_afd,50,routing_persistent_hotspot_cluster1,episode25,43,4,4,96304310,3,0,mdl2,02433edd9affa1cc,1,297582203.732326,0.0,-0.7080467343330383,0.0,0.003559868549928069,0.0375390462577343,0.4569764140088668,320.0,0.07113821682437056
gcn_residual_mdl2_network_ddpg_afd,50,routing_persistent_hotspot_cluster1,episode25,43,4,4,96304310,3,1,specimen_transfer:+1x0.05,a2a28eaf81ea5bfa,1,297582141.1743915,62.55793446302414,-0.7125036716461182,-0.004456937313079834,-0.00043607933912426233,0.03244759142398834,0.457150566605669,321.0,0.0714527653678001
gcn_residual_mdl2_network_ddpg_afd,50,routing_persistent_hotspot_cluster1,episode25,43,4,4,96304310,3,2,specimen_transfer:-1x0.05,e80f21eb638c530f,1,297885268.5048824,-303064.77255642414,-0.7038664221763611,0.004180312156677246,0.007555815856903791,0.08380760997533798,0.4565120282277518,320.6666666666667,0.07112965589382209
gcn_residual_mdl2_network_ddpg_afd,50,routing_persistent_hotspot_cluster1,episode25,43,4,4,96304310,3,3,specimen_transfer:+1x0.1,eea6d771f9981dff,1,296736380.0218657,845823.7104602456,-0.7162958979606628,-0.008249163627624512,-0.004432028159499168,0.0661923885345459,0.45726578473759605,320.3333333333333,0.07113821682437056
gcn_residual_mdl2_network_ddpg_afd,50,routing_persistent_hotspot_cluster1,episode25,43,4,4,96304310,3,4,specimen_transfer:-1x0.1,b12ffd104ab3d7e0,1,298161257.80566865,-579054.0733426809,-0.7006369233131409,0.007409811019897461,0.011551763862371445,0.13380761444568634,0.45639502175358526,321.6666666666667,0.0710567615818324
gcn_residual_mdl2_network_ddpg_afd,50,routing_persistent_hotspot_cluster1,episode25,43,remaining,9,96304320,3,0,mdl2,02433edd9affa1cc,1,548501925.7652271,0.0,-0.7080467343330383,0.0,0.003559868549928069,0.0375390462577343,0.4697203512306758,560.6666666666666,0.07292214268646972
gcn_residual_mdl2_network_ddpg_afd,50,routing_persistent_hotspot_cluster1,episode25,43,remaining,9,96304320,3,1,specimen_transfer:+1x0.05,a2a28eaf81ea5bfa,1,549135263.8016278,-633338.0364006758,-0.7125036716461182,-0.004456937313079834,-0.00043607933912426233,0.03244759142398834,0.4698282959629729,562.6666666666666,0.0729294926683897
gcn_residual_mdl2_network_ddpg_afd,50,routing_persistent_hotspot_cluster1,episode25,43,remaining,9,96304320,3,2,specimen_transfer:-1x0.05,e80f21eb638c530f,1,551730824.8018793,-3228899.0366522074,-0.7038664221763611,0.004180312156677246,0.007555815856903791,0.08380760997533798,0.46869800467911443,566.6666666666666,0.07323538747994186
gcn_residual_mdl2_network_ddpg_afd,50,routing_persistent_hotspot_cluster1,episode25,43,remaining,9,96304320,3,3,specimen_transfer:+1x0.1,eea6d771f9981dff,1,547200189.2940106,1301736.4712164402,-0.7162958979606628,-0.008249163627624512,-0.004432028159499168,0.0661923885345459,0.4696661100022794,559.3333333333334,0.07261612232087866
gcn_residual_mdl2_network_ddpg_afd,50,routing_persistent_hotspot_cluster1,episode25,43,remaining,9,96304320,3,4,specimen_transfer:-1x0.1,b12ffd104ab3d7e0,1,551354008.6599116,-2852082.894684553,-0.7006369233131409,0.007409811019897461,0.011551763862371445,0.13380761444568634,0.46853629704651417,566.6666666666666,0.0726902151311337
gcn_residual_mdl2_network_ddpg_afd,50,routing_persistent_hotspot_cluster1,episode25,51,1,1,96305100,3,0,mdl2,94ab5e5762d4dc76,1,56413993.05895138,0.0,-0.18036964535713196,0.0,-0.0003228951245546341,0.05454111099243164,0.4594381313131313,42.0,0.07219333129397369
gcn_residual_mdl2_network_ddpg_afd,50,routing_persistent_hotspot_cluster1,episode25,51,1,1,96305100,3,1,specimen_transfer:+1x0.05,8d2c590780b82f99,1,56265537.456112556,148455.6028388217,-0.1802542805671692,0.00011536478996276855,-0.00015505895134992898,0.03658619895577431,0.4594381313131313,42.0,0.07219333129397369
gcn_residual_mdl2_network_ddpg_afd,50,routing_persistent_hotspot_cluster1,episode25,51,1,1,96305100,3,2,specimen_transfer:-1x0.05,74b5bc08e6dca570,1,55735812.73992661,678180.3190247715,-0.180421382188797,-5.173683166503906e-05,-0.0004907315596938133,0.08062129467725754,0.4594381313131313,41.0,0.07219333129397369
gcn_residual_mdl2_network_ddpg_afd,50,routing_persistent_hotspot_cluster1,episode25,51,1,1,96305100,3,3,specimen_transfer:+1x0.1,80c9262ad134f8a3,1,56142279.08395495,271713.9749964252,-0.18020543456077576,0.00016421079635620117,1.27772509586066e-05,0.06937870383262634,0.4594381313131313,42.0,0.07219333129397369
gcn_residual_mdl2_network_ddpg_afd,50,routing_persistent_hotspot_cluster1,episode25,51,1,1,96305100,3,4,specimen_transfer:-1x0.1,b93a10b296e40cd3,1,54538002.46776899,1875990.5911823884,-0.1803911328315735,-2.148747444152832e-05,-0.0006585675291717052,0.1306212991476059,0.4594381313131313,39.0,0.07219333129397369
gcn_residual_mdl2_network_ddpg_afd,50,routing_persistent_hotspot_cluster1,episode25,51,4,1,96305110,3,0,mdl2,94ab5e5762d4dc76,1,56413993.05895138,0.0,-0.18036964535713196,0.0,-0.0003228951245546341,0.05454111099243164,0.4594381313131313,42.0,0.07219333129397369
gcn_residual_mdl2_network_ddpg_afd,50,routing_persistent_hotspot_cluster1,episode25,51,4,1,96305110,3,1,specimen_transfer:+1x0.05,8d2c590780b82f99,1,56265537.456112556,148455.6028388217,-0.1802542805671692,0.00011536478996276855,-0.00015505895134992898,0.03658619895577431,0.4594381313131313,42.0,0.07219333129397369
gcn_residual_mdl2_network_ddpg_afd,50,routing_persistent_hotspot_cluster1,episode25,51,4,1,96305110,3,2,specimen_transfer:-1x0.05,74b5bc08e6dca570,1,55735812.73992661,678180.3190247715,-0.180421382188797,-5.173683166503906e-05,-0.0004907315596938133,0.08062129467725754,0.4594381313131313,41.0,0.07219333129397369
gcn_residual_mdl2_network_ddpg_afd,50,routing_persistent_hotspot_cluster1,episode25,51,4,1,96305110,3,3,specimen_transfer:+1x0.1,80c9262ad134f8a3,1,56142279.08395495,271713.9749964252,-0.18020543456077576,0.00016421079635620117,1.27772509586066e-05,0.06937870383262634,0.4594381313131313,42.0,0.07219333129397369
gcn_residual_mdl2_network_ddpg_afd,50,routing_persistent_hotspot_cluster1,episode25,51,4,1,96305110,3,4,specimen_transfer:-1x0.1,b93a10b296e40cd3,1,54538002.46776899,1875990.5911823884,-0.1803911328315735,-2.148747444152832e-05,-0.0006585675291717052,0.1306212991476059,0.4594381313131313,39.0,0.07219333129397369
gcn_residual_mdl2_network_ddpg_afd,50,routing_persistent_hotspot_cluster1,episode25,51,remaining,1,96305120,3,0,mdl2,94ab5e5762d4dc76,1,56413993.05895138,0.0,-0.18036964535713196,0.0,-0.0003228951245546341,0.05454111099243164,0.4594381313131313,42.0,0.07219333129397369
gcn_residual_mdl2_network_ddpg_afd,50,routing_persistent_hotspot_cluster1,episode25,51,remaining,1,96305120,3,1,specimen_transfer:+1x0.05,8d2c590780b82f99,1,56265537.456112556,148455.6028388217,-0.1802542805671692,0.00011536478996276855,-0.00015505895134992898,0.03658619895577431,0.4594381313131313,42.0,0.07219333129397369
gcn_residual_mdl2_network_ddpg_afd,50,routing_persistent_hotspot_cluster1,episode25,51,remaining,1,96305120,3,2,specimen_transfer:-1x0.05,74b5bc08e6dca570,1,55735812.73992661,678180.3190247715,-0.180421382188797,-5.173683166503906e-05,-0.0004907315596938133,0.08062129467725754,0.4594381313131313,41.0,0.07219333129397369
gcn_residual_mdl2_network_ddpg_afd,50,routing_persistent_hotspot_cluster1,episode25,51,remaining,1,96305120,3,3,specimen_transfer:+1x0.1,80c9262ad134f8a3,1,56142279.08395495,271713.9749964252,-0.18020543456077576,0.00016421079635620117,1.27772509586066e-05,0.06937870383262634,0.4594381313131313,42.0,0.07219333129397369
gcn_residual_mdl2_network_ddpg_afd,50,routing_persistent_hotspot_cluster1,episode25,51,remaining,1,96305120,3,4,specimen_transfer:-1x0.1,b93a10b296e40cd3,1,54538002.46776899,1875990.5911823884,-0.1803911328315735,-2.148747444152832e-05,-0.0006585675291717052,0.1306212991476059,0.4594381313131313,39.0,0.07219333129397369
gcn_residual_mdl2_network_ddpg_afd,50,routing_persistent_hotspot_cluster1,final,0,1,1,96400000,3,0,mdl2,13884b174e0b81f9,1,1225612.6000717774,0.0,-0.09420177340507507,0.0,0.0,0.0,0.0,0.0,0.0
gcn_residual_mdl2_network_ddpg_afd,50,routing_persistent_hotspot_cluster1,final,0,1,1,96400000,3,1,specimen_transfer:+1x0.05,6dd94573b9e6dbba,1,1225612.6000717774,0.0,-0.08433787524700165,0.009863898158073425,0.009042206220328808,0.05000000447034836,0.0,0.0,0.0
gcn_residual_mdl2_network_ddpg_afd,50,routing_persistent_hotspot_cluster1,final,0,1,1,96400000,3,2,specimen_transfer:-1x0.05,37b37dab58b5649d,1,1225612.6000717774,0.0,-0.09994438290596008,-0.00574260950088501,-0.009042206220328808,0.05000000074505806,0.0,0.0,0.0
gcn_residual_mdl2_network_ddpg_afd,50,routing_persistent_hotspot_cluster1,final,0,1,1,96400000,3,3,specimen_transfer:+1x0.1,f11622ae296efe7d,1,1225612.6000717774,0.0,-0.07724776864051819,0.016954004764556885,0.018084412440657616,0.10000000894069672,0.0,0.0,0.0
gcn_residual_mdl2_network_ddpg_afd,50,routing_persistent_hotspot_cluster1,final,0,1,1,96400000,3,4,specimen_transfer:-1x0.1,204e1e1d20f23d45,1,1225612.6000717774,0.0,-0.10456764698028564,-0.010365873575210571,-0.018084412440657616,0.10000000894069672,0.0,0.0,0.0
gcn_residual_mdl2_network_ddpg_afd,50,routing_persistent_hotspot_cluster1,final,0,4,4,96400010,3,0,mdl2,13884b174e0b81f9,1,18717910.963709667,0.0,-0.09420177340507507,0.0,0.0,0.0,0.169072123088478,0.0,0.0
gcn_residual_mdl2_network_ddpg_afd,50,routing_persistent_hotspot_cluster1,final,0,4,4,96400010,3,1,specimen_transfer:+1x0.05,6dd94573b9e6dbba,1,18717910.963709667,0.0,-0.08433787524700165,0.009863898158073425,0.009042206220328808,0.05000000447034836,0.169072123088478,0.0,0.0
gcn_residual_mdl2_network_ddpg_afd,50,routing_persistent_hotspot_cluster1,final,0,4,4,96400010,3,2,specimen_transfer:-1x0.05,37b37dab58b5649d,1,18717910.963709667,0.0,-0.09994438290596008,-0.00574260950088501,-0.009042206220328808,0.05000000074505806,0.169072123088478,0.0,0.0
gcn_residual_mdl2_network_ddpg_afd,50,routing_persistent_hotspot_cluster1,final,0,4,4,96400010,3,3,specimen_transfer:+1x0.1,f11622ae296efe7d,1,18717910.963709667,0.0,-0.07724776864051819,0.016954004764556885,0.018084412440657616,0.10000000894069672,0.169072123088478,0.0,0.0
gcn_residual_mdl2_network_ddpg_afd,50,routing_persistent_hotspot_cluster1,final,0,4,4,96400010,3,4,specimen_transfer:-1x0.1,204e1e1d20f23d45,1,18717910.963709667,0.0,-0.10456764698028564,-0.010365873575210571,-0.018084412440657616,0.10000000894069672,0.169072123088478,0.0,0.0
gcn_residual_mdl2_network_ddpg_afd,50,routing_persistent_hotspot_cluster1,final,0,remaining,52,96400020,3,0,mdl2,13884b174e0b81f9,1,2407843818.3423424,0.0,-0.09420177340507507,0.0,0.0,0.0,0.516652494297706,2085.6666666666665,0.06040227977414306
gcn_residual_mdl2_network_ddpg_afd,50,routing_persistent_hotspot_cluster1,final,0,remaining,52,96400020,3,1,specimen_transfer:+1x0.05,6dd94573b9e6dbba,1,2407843818.3423424,0.0,-0.08433787524700165,0.009863898158073425,0.009042206220328808,0.05000000447034836,0.516652494297706,2085.6666666666665,0.06040227977414306
gcn_residual_mdl2_network_ddpg_afd,50,routing_persistent_hotspot_cluster1,final,0,remaining,52,96400020,3,2,specimen_transfer:-1x0.05,37b37dab58b5649d,1,2407843818.3423424,0.0,-0.09994438290596008,-0.00574260950088501,-0.009042206220328808,0.05000000074505806,0.516652494297706,2085.6666666666665,0.06040227977414306
gcn_residual_mdl2_network_ddpg_afd,50,routing_persistent_hotspot_cluster1,final,0,remaining,52,96400020,3,3,specimen_transfer:+1x0.1,f11622ae296efe7d,1,2407843818.3423424,0.0,-0.07724776864051819,0.016954004764556885,0.018084412440657616,0.10000000894069672,0.516652494297706,2085.6666666666665,0.06040227977414306
gcn_residual_mdl2_network_ddpg_afd,50,routing_persistent_hotspot_cluster1,final,0,remaining,52,96400020,3,4,specimen_transfer:-1x0.1,204e1e1d20f23d45,1,2407843818.3423424,0.0,-0.10456764698028564,-0.010365873575210571,-0.018084412440657616,0.10000000894069672,0.516652494297706,2085.6666666666665,0.06040227977414306
gcn_residual_mdl2_network_ddpg_afd,50,routing_persistent_hotspot_cluster1,final,6,1,1,96400600,3,0,mdl2,f64809328233c4d6,1,13715424.637036169,0.0,-0.054479554295539856,0.0,0.0,0.0,0.36643356643356645,0.0,0.0
gcn_residual_mdl2_network_ddpg_afd,50,routing_persistent_hotspot_cluster1,final,6,1,1,96400600,3,1,specimen_transfer:+1x0.05,52082bdd8c771d17,1,13071980.335715609,643444.3013205603,-0.050917848944664,0.0035617053508758545,0.0038361528422683477,0.05000000074505806,0.36643356643356645,0.0,0.0
gcn_residual_mdl2_network_ddpg_afd,50,routing_persistent_hotspot_cluster1,final,6,1,1,96400600,3,2,specimen_transfer:-1x0.05,1b8d11a4afa8eee3,1,13269946.907673486,445477.72936268337,-0.058544933795928955,-0.004065379500389099,-0.0038361528422683477,0.05000000074505806,0.36643356643356645,0.0,0.0
gcn_residual_mdl2_network_ddpg_afd,50,routing_persistent_hotspot_cluster1,final,6,1,1,96400600,3,3,specimen_transfer:+1x0.1,144ebbdafc98675f,1,12626453.378484754,1088971.258551415,-0.04711651802062988,0.007363036274909973,0.0076723056845366955,0.10000000149011612,0.36643356643356645,0.0,0.0
gcn_residual_mdl2_network_ddpg_afd,50,routing_persistent_hotspot_cluster1,final,6,1,1,96400600,3,4,specimen_transfer:-1x0.1,ce8a3a61b87316a5,1,13114451.879294334,600972.757741835,-0.06353168189525604,-0.009052127599716187,-0.007672305218875408,0.10000000149011612,0.36643356643356645,0.0,0.0
gcn_residual_mdl2_network_ddpg_afd,50,routing_persistent_hotspot_cluster1,final,6,4,4,96400610,3,0,mdl2,f64809328233c4d6,1,89762217.77025168,0.0,-0.054479554295539856,0.0,0.0,0.0,0.43853641830893036,40.666666666666664,0.0052173913043478265
gcn_residual_mdl2_network_ddpg_afd,50,routing_persistent_hotspot_cluster1,final,6,4,4,96400610,3,1,specimen_transfer:+1x0.05,52082bdd8c771d17,1,86370119.34674974,3392098.4235019386,-0.050917848944664,0.0035617053508758545,0.0038361528422683477,0.05000000074505806,0.43853641830893036,34.666666666666664,0.0052173913043478265
gcn_residual_mdl2_network_ddpg_afd,50,routing_persistent_hotspot_cluster1,final,6,4,4,96400610,3,2,specimen_transfer:-1x0.05,1b8d11a4afa8eee3,1,89862863.30064066,-100645.5303889811,-0.058544933795928955,-0.004065379500389099,-0.0038361528422683477,0.05000000074505806,0.43659599167924484,41.333333333333336,0.0052478169816173315
gcn_residual_mdl2_network_ddpg_afd,50,routing_persistent_hotspot_cluster1,final,6,4,4,96400610,3,3,specimen_transfer:+1x0.1,144ebbdafc98675f,1,83903302.53436165,5858915.235890031,-0.04711651802062988,0.007363036274909973,0.0076723056845366955,0.10000000149011612,0.43853641830893036,31.0,0.0052173913043478265
gcn_residual_mdl2_network_ddpg_afd,50,routing_persistent_hotspot_cluster1,final,6,4,4,96400610,3,4,specimen_transfer:-1x0.1,ce8a3a61b87316a5,1,90459901.11710817,-697683.3468564898,-0.06353168189525604,-0.009052127599716187,-0.007672305218875408,0.10000000149011612,0.43368535173471656,41.333333333333336,0.005300364387056695
gcn_residual_mdl2_network_ddpg_afd,50,routing_persistent_hotspot_cluster1,final,6,remaining,46,96400620,3,0,mdl2,f64809328233c4d6,1,2362866574.0765443,0.0,-0.054479554295539856,0.0,0.0,0.0,0.5126272698002942,2076.0,0.05947635466386577
gcn_residual_mdl2_network_ddpg_afd,50,routing_persistent_hotspot_cluster1,final,6,remaining,46,96400620,3,1,specimen_transfer:+1x0.05,52082bdd8c771d17,1,2355994252.8549743,6872321.221570015,-0.050917848944664,0.0035617053508758545,0.0038361528422683477,0.05000000074505806,0.5155362291414926,2062.6666666666665,0.058471744769341964
gcn_residual_mdl2_network_ddpg_afd,50,routing_persistent_hotspot_cluster1,final,6,remaining,46,96400620,3,2,specimen_transfer:-1x0.05,1b8d11a4afa8eee3,1,2366497935.5698647,-3631361.493320465,-0.058544933795928955,-0.004065379500389099,-0.0038361528422683477,0.05000000074505806,0.5107406013955017,2089.0,0.060157176484206265
gcn_residual_mdl2_network_ddpg_afd,50,routing_persistent_hotspot_cluster1,final,6,remaining,46,96400620,3,3,specimen_transfer:+1x0.1,144ebbdafc98675f,1,2361921617.5875015,944956.4890427589,-0.04711651802062988,0.007363036274909973,0.0076723056845366955,0.10000000149011612,0.5147957067053629,2064.6666666666665,0.05847975373420745
gcn_residual_mdl2_network_ddpg_afd,50,routing_persistent_hotspot_cluster1,final,6,remaining,46,96400620,3,4,specimen_transfer:-1x0.1,ce8a3a61b87316a5,1,2377280170.6480365,-14413596.571492195,-0.06353168189525604,-0.009052127599716187,-0.007672305218875408,0.10000000149011612,0.5100711834800556,2092.6666666666665,0.060463561479373436
gcn_residual_mdl2_network_ddpg_afd,50,routing_persistent_hotspot_cluster1,final,12,1,1,96401200,3,0,mdl2,fac3f80e6cd0f2bc,1,49703189.53842721,0.0,-1.605168342590332,0.0,-0.0009190190467052162,0.02490183338522911,0.43392370572207084,36.0,0.014341590612777053
gcn_residual_mdl2_network_ddpg_afd,50,routing_persistent_hotspot_cluster1,final,12,1,1,96401200,3,1,specimen_transfer:+1x0.05,8e5504fd5e1d6bd9,1,50080932.14959112,-377742.61116390675,-1.6058807373046875,-0.0007123947143554688,-0.0019481116905808449,0.07233700901269913,0.43392370572207084,37.0,0.014341590612777053
gcn_residual_mdl2_network_ddpg_afd,50,routing_persistent_hotspot_cluster1,final,12,1,1,96401200,3,2,specimen_transfer:-1x0.05,2f975c9ea154650f,1,49773471.50097779,-70281.9625505805,-1.6044557094573975,0.0007126331329345703,0.00011007371358573437,0.050216905772686005,0.43392370572207084,36.0,0.014360313315926894
gcn_residual_mdl2_network_ddpg_afd,50,routing_persistent_hotspot_cluster1,final,12,1,1,96401200,3,3,specimen_transfer:+1x0.1,485dd3ec0df02038,1,49285020.16240096,418169.3760262504,-1.6073338985443115,-0.002165555953979492,-0.0029772045090794563,0.12145315110683441,0.43392370572207084,36.0,0.014341590612777053
gcn_residual_mdl2_network_ddpg_afd,50,routing_persistent_hotspot_cluster1,final,12,1,1,96401200,3,4,specimen_transfer:-1x0.1,c66ee499953a85d2,1,49725746.835141815,-22557.2967146039,-1.6030983924865723,0.0020699501037597656,0.0011391658335924149,0.10021690279245377,0.43392370572207084,36.0,0.014416775884665793
gcn_residual_mdl2_network_ddpg_afd,50,routing_persistent_hotspot_cluster1,final,12,4,4,96401210,3,0,mdl2,fac3f80e6cd0f2bc,1,213367772.3095089,0.0,-1.605168342590332,0.0,-0.0009190190467052162,0.02490183338522911,0.45167908821509234,169.33333333333334,0.026014568158168574
gcn_residual_mdl2_network_ddpg_afd,50,routing_persistent_hotspot_cluster1,final,12,4,4,96401210,3,1,specimen_transfer:+1x0.05,8e5504fd5e1d6bd9,1,212462428.0848702,905344.2246387005,-1.6058807373046875,-0.0007123947143554688,-0.0019481116905808449,0.07233700901269913,0.4522321577612673,168.66666666666666,0.026014568158168574
gcn_residual_mdl2_network_ddpg_afd,50,routing_persistent_hotspot_cluster1,final,12,4,4,96401210,3,2,specimen_transfer:-1x0.05,2f975c9ea154650f,1,215963358.49921322,-2595586.189704329,-1.6044557094573975,0.0007126331329345703,0.00011007371358573437,0.050216905772686005,0.45075885728411075,174.0,0.026059770015061986
gcn_residual_mdl2_network_ddpg_afd,50,routing_persistent_hotspot_cluster1,final,12,4,4,96401210,3,3,specimen_transfer:+1x0.1,485dd3ec0df02038,1,211772762.25076687,1595010.0587420166,-1.6073338985443115,-0.002165555953979492,-0.0029772045090794563,0.12145315110683441,0.45296395831727243,167.33333333333334,0.026023600994334605
gcn_residual_mdl2_network_ddpg_afd,50,routing_persistent_hotspot_cluster1,final,12,4,4,96401210,3,4,specimen_transfer:-1x0.1,c66ee499953a85d2,1,214711632.31580976,-1343860.0063008666,-1.6030983924865723,0.0020699501037597656,0.0011391658335924149,0.10021690279245377,0.44873500947438744,171.33333333333334,0.02513967093637152
gcn_residual_mdl2_network_ddpg_afd,50,routing_persistent_hotspot_cluster1,final,12,remaining,40,96401220,3,0,mdl2,fac3f80e6cd0f2bc,1,2393579549.578054,0.0,-1.605168342590332,0.0,-0.0009190190467052162,0.02490183338522911,0.4961797637061299,2212.6666666666665,0.06808208467639544
gcn_residual_mdl2_network_ddpg_afd,50,routing_persistent_hotspot_cluster1,final,12,remaining,40,96401220,3,1,specimen_transfer:+1x0.05,8e5504fd5e1d6bd9,1,2390496466.018103,3083083.5599508286,-1.6058807373046875,-0.0007123947143554688,-0.0019481116905808449,0.07233700901269913,0.49687005023834274,2209.6666666666665,0.06706535867774116
gcn_residual_mdl2_network_ddpg_afd,50,routing_persistent_hotspot_cluster1,final,12,remaining,40,96401220,3,2,specimen_transfer:-1x0.05,2f975c9ea154650f,1,2394643787.321935,-1064237.7438812256,-1.6044557094573975,0.0007126331329345703,0.00011007371358573437,0.050216905772686005,0.49539160482138095,2219.3333333333335,0.06709873616999922
gcn_residual_mdl2_network_ddpg_afd,50,routing_persistent_hotspot_cluster1,final,12,remaining,40,96401220,3,3,specimen_transfer:+1x0.1,485dd3ec0df02038,1,2405672384.031085,-12092834.453031063,-1.6073338985443115,-0.002165555953979492,-0.0029772045090794563,0.12145315110683441,0.4943918570842918,2223.6666666666665,0.068570733235217
gcn_residual_mdl2_network_ddpg_afd,50,routing_persistent_hotspot_cluster1,final,12,remaining,40,96401220,3,4,specimen_transfer:-1x0.1,c66ee499953a85d2,1,2402856480.386133,-9276930.808079243,-1.6030983924865723,0.0020699501037597656,0.0011391658335924149,0.10021690279245377,0.4932117847797835,2227.0,0.06719163610896238
gcn_residual_mdl2_network_ddpg_afd,50,routing_persistent_hotspot_cluster1,final,18,1,1,96401800,3,0,mdl2,9472127bf721be07,1,69010074.57962914,0.0,-1.65572190284729,0.0,-0.0005378478090278804,0.012558109126985073,0.4540886249428963,69.0,0.032062391681109186
gcn_residual_mdl2_network_ddpg_afd,50,routing_persistent_hotspot_cluster1,final,18,1,1,96401800,3,1,specimen_transfer:+1x0.05,241ec2627e75e381,1,68842876.76111406,167197.81851507723,-1.654998779296875,0.0007231235504150391,2.1458137780427933e-05,0.05860649049282074,0.4540886249428963,70.0,0.032062391681109186
gcn_residual_mdl2_network_ddpg_afd,50,routing_persistent_hotspot_cluster1,final,18,1,1,96401800,3,2,specimen_transfer:-1x0.05,636e5fcfd3366b3d,1,68289039.58371396,721034.9959151745,-1.6558787822723389,-0.00015687942504882812,-0.001097153639420867,0.05490407347679138,0.4540886249428963,68.0,0.03214596003475239
gcn_residual_mdl2_network_ddpg_afd,50,routing_persistent_hotspot_cluster1,final,18,1,1,96401800,3,3,specimen_transfer:+1x0.1,b5b569bb32a5fb70,1,68326465.68367454,683608.895954594,-1.651982069015503,0.0037398338317871094,0.0005807643756270409,0.10784108191728592,0.4540886249428963,70.0,0.032062391681109186
gcn_residual_mdl2_network_ddpg_afd,50,routing_persistent_hotspot_cluster1,final,18,1,1,96401800,3,4,specimen_transfer:-1x0.1,5975e0e91924901c,1,67996155.452171,1013919.1274581403,-1.6583020687103271,-0.0025801658630371094,-0.0016564605757594109,0.09725003689527512,0.4540886249428963,68.0,0.03228621291448516
gcn_residual_mdl2_network_ddpg_afd,50,routing_persistent_hotspot_cluster1,final,18,4,4,96401810,3,0,mdl2,9472127bf721be07,1,259465927.9827038,0.0,-1.65572190284729,0.0,-0.0005378478090278804,0.012558109126985073,0.43918791209709807,220.66666666666666,0.03992062766542721
gcn_residual_mdl2_network_ddpg_afd,50,routing_persistent_hotspot_cluster1,final,18,4,4,96401810,3,1,specimen_transfer:+1x0.05,241ec2627e75e381,1,256795338.10979328,2670589.8729105294,-1.654998779296875,0.0007231235504150391,2.1458137780427933e-05,0.05860649049282074,0.4409446413031666,217.0,0.039473805706341576
gcn_residual_mdl2_network_ddpg_afd,50,routing_persistent_hotspot_cluster1,final,18,4,4,96401810,3,2,specimen_transfer:-1x0.05,636e5fcfd3366b3d,1,260785809.10612845,-1319881.1234246492,-1.6558787822723389,-0.00015687942504882812,-0.001097153639420867,0.05490407347679138,0.43856300959021866,222.33333333333334,0.03948373448504031
gcn_residual_mdl2_network_ddpg_afd,50,routing_persistent_hotspot_cluster1,final,18,4,4,96401810,3,3,specimen_transfer:+1x0.1,b5b569bb32a5fb70,1,253783332.31706467,5682595.665639132,-1.651982069015503,0.0037398338317871094,0.0005807643756270409,0.10784108191728592,0.44232844366657215,213.33333333333334,0.0379371081882811
gcn_residual_mdl2_network_ddpg_afd,50,routing_persistent_hotspot_cluster1,final,18,4,4,96401810,3,4,specimen_transfer:-1x0.1,5975e0e91924901c,1,262474161.43479767,-3008233.4520938694,-1.6583020687103271,-0.0025801658630371094,-0.0016564605757594109,0.09725003689527512,0.437181289604146,224.33333333333334,0.040368881691015435
gcn_residual_mdl2_network_ddpg_afd,50,routing_persistent_hotspot_cluster1,final,18,remaining,34,96401820,3,0,mdl2,9472127bf721be07,1,2301926767.086531,0.0,-1.65572190284729,0.0,-0.0005378478090278804,0.012558109126985073,0.46566430140216325,2164.0,0.07157290216754232
gcn_residual_mdl2_network_ddpg_afd,50,routing_persistent_hotspot_cluster1,final,18,remaining,34,96401820,3,1,specimen_transfer:+1x0.05,241ec2627e75e381,1,2301728517.01709,198250.0694413185,-1.654998779296875,0.0007231235504150391,2.1458137780427933e-05,0.05860649049282074,0.46612755589110294,2162.0,0.07120883419221487
gcn_residual_mdl2_network_ddpg_afd,50,routing_persistent_hotspot_cluster1,final,18,remaining,34,96401820,3,2,specimen_transfer:-1x0.05,636e5fcfd3366b3d,1,2306112677.7409415,-4185910.6544103622,-1.6558787822723389,-0.00015687942504882812,-0.001097153639420867,0.05490407347679138,0.46384074391170116,2171.6666666666665,0.07229841226686541
gcn_residual_mdl2_network_ddpg_afd,50,routing_persistent_hotspot_cluster1,final,18,remaining,34,96401820,3,3,specimen_transfer:+1x0.1,b5b569bb32a5fb70,1,2305620180.6638436,-3693413.5773124695,-1.651982069015503,0.0037398338317871094,0.0005807643756270409,0.10784108191728592,0.4647457665126482,2168.3333333333335,0.07343780592649775
gcn_residual_mdl2_network_ddpg_afd,50,routing_persistent_hotspot_cluster1,final,18,remaining,34,96401820,3,4,specimen_transfer:-1x0.1,5975e0e91924901c,1,2308636813.2252235,-6710046.138692379,-1.6583020687103271,-0.0025801658630371094,-0.0016564605757594109,0.09725003689527512,0.463145410444422,2171.0,0.07411745961834358
gcn_residual_mdl2_network_ddpg_afd,50,routing_persistent_hotspot_cluster1,final,25,1,1,96402500,3,0,mdl2,3bca89fb27e18c2d,1,87020585.83666046,0.0,-1.4938325881958008,0.0,0.0012819345574826002,0.032684434205293655,0.4699272967614012,103.0,0.04505632040050062
gcn_residual_mdl2_network_ddpg_afd,50,routing_persistent_hotspot_cluster1,final,25,1,1,96402500,3,1,specimen_transfer:+1x0.05,a825bf48aeb8a771,1,85600481.50265305,1420104.3340074122,-1.494659423828125,-0.0008268356323242188,0.0007703041192144156,0.04559098556637764,0.4699272967614012,101.0,0.04505632040050062
gcn_residual_mdl2_network_ddpg_afd,50,routing_persistent_hotspot_cluster1,final,25,1,1,96402500,3,2,specimen_transfer:-1x0.05,49e89435039d5a26,1,85820801.76324585,1199784.0734146088,-1.4934539794921875,0.00037860870361328125,0.0017935652285814285,0.07925586402416229,0.4699272967614012,101.0,0.04505632040050062
gcn_residual_mdl2_network_ddpg_afd,50,routing_persistent_hotspot_cluster1,final,25,1,1,96402500,3,3,specimen_transfer:+1x0.1,85751f77ad6a58b8,1,85931428.102858,1089157.7338024527,-1.494943618774414,-0.0011110305786132812,0.00025867344811558723,0.0898766964673996,0.4699272967614012,102.0,0.04505632040050062
gcn_residual_mdl2_network_ddpg_afd,50,routing_persistent_hotspot_cluster1,final,25,1,1,96402500,3,4,specimen_transfer:-1x0.1,2da1c544b9967e42,1,85776062.02151269,1244523.8151477724,-1.4926505088806152,0.0011820793151855469,0.0023051947355270386,0.12582729756832123,0.4699272967614012,101.0,0.045141065830721
gcn_residual_mdl2_network_ddpg_afd,50,routing_persistent_hotspot_cluster1,final,25,4,4,96402510,3,0,mdl2,3bca89fb27e18c2d,1,275653236.61544913,0.0,-1.4938325881958008,0.0,0.0012819345574826002,0.032684434205293655,0.47589840773654757,302.0,0.0513583958150541
gcn_residual_mdl2_network_ddpg_afd,50,routing_persistent_hotspot_cluster1,final,25,4,4,96402510,3,1,specimen_transfer:+1x0.05,a825bf48aeb8a771,1,273674849.7927631,1978386.8226860166,-1.494659423828125,-0.0008268356323242188,0.0007703041192144156,0.04559098556637764,0.4766968325957719,299.0,0.05020454047486256
gcn_residual_mdl2_network_ddpg_afd,50,routing_persistent_hotspot_cluster1,final,25,4,4,96402510,3,2,specimen_transfer:-1x0.05,49e89435039d5a26,1,277659798.7507333,-2006562.1352841854,-1.4934539794921875,0.00037860870361328125,0.0017935652285814285,0.07925586402416229,0.47480284985041293,305.0,0.05246522377097126
gcn_residual_mdl2_network_ddpg_afd,50,routing_persistent_hotspot_cluster1,final,25,4,4,96402510,3,3,specimen_transfer:+1x0.1,85751f77ad6a58b8,1,272941275.7535141,2711960.8619350195,-1.494943618774414,-0.0011110305786132812,0.00025867344811558723,0.0898766964673996,0.47699570208329284,298.3333333333333,0.05072466922005572
gcn_residual_mdl2_network_ddpg_afd,50,routing_persistent_hotspot_cluster1,final,25,4,4,96402510,3,4,specimen_transfer:-1x0.1,2da1c544b9967e42,1,278916924.6289868,-3263688.0135376453,-1.4926505088806152,0.0011820793151855469,0.0023051947355270386,0.12582729756832123,0.4730096329252878,306.6666666666667,0.0530825143932557
gcn_residual_mdl2_network_ddpg_afd,50,routing_persistent_hotspot_cluster1,final,25,remaining,27,96402520,3,0,mdl2,3bca89fb27e18c2d,1,1871180934.975942,0.0,-1.4938325881958008,0.0,0.0012819345574826002,0.032684434205293655,0.46985114910946785,1801.3333333333333,0.07068540228017475
gcn_residual_mdl2_network_ddpg_afd,50,routing_persistent_hotspot_cluster1,final,25,remaining,27,96402520,3,1,specimen_transfer:+1x0.05,a825bf48aeb8a771,1,1870722679.447635,458255.52830696106,-1.494659423828125,-0.0008268356323242188,0.0007703041192144156,0.04559098556637764,0.4701235803041101,1801.0,0.07048850284913728
gcn_residual_mdl2_network_ddpg_afd,50,routing_persistent_hotspot_cluster1,final,25,remaining,27,96402520,3,2,specimen_transfer:-1x0.05,49e89435039d5a26,1,1872705185.179281,-1524250.2033391,-1.4934539794921875,0.00037860870361328125,0.0017935652285814285,0.07925586402416229,0.46975350088656653,1805.0,0.07081067472958673
gcn_residual_mdl2_network_ddpg_afd,50,routing_persistent_hotspot_cluster1,final,25,remaining,27,96402520,3,3,specimen_transfer:+1x0.1,85751f77ad6a58b8,1,1870565892.928911,615042.0470309258,-1.494943618774414,-0.0011110305786132812,0.00025867344811558723,0.0898766964673996,0.4696943688973847,1801.6666666666667,0.07086486249650688
gcn_residual_mdl2_network_ddpg_afd,50,routing_persistent_hotspot_cluster1,final,25,remaining,27,96402520,3,4,specimen_transfer:-1x0.1,2da1c544b9967e42,1,1872807656.5993354,-1626721.6233935356,-1.4926505088806152,0.0011820793151855469,0.0023051947355270386,0.12582729756832123,0.4695700095202313,1804.3333333333333,0.07152157924085042
gcn_residual_mdl2_network_ddpg_afd,50,routing_persistent_hotspot_cluster1,final,31,1,1,96403100,3,0,mdl2,fb90040fd52573dd,1,58243116.846797965,0.0,-1.0608289241790771,0.0,0.0022034747526049614,0.030016526579856873,0.463331587218439,48.0,0.053293112116641526
gcn_residual_mdl2_network_ddpg_afd,50,routing_persistent_hotspot_cluster1,final,31,1,1,96403100,3,1,specimen_transfer:+1x0.05,d12f0676fb921ccd,1,57601051.138531566,642065.7082663998,-1.0650835037231445,-0.004254579544067383,-0.0017475639469921589,0.059325434267520905,0.463331587218439,48.0,0.053293112116641526
gcn_residual_mdl2_network_ddpg_afd,50,routing_persistent_hotspot_cluster1,final,31,1,1,96403100,3,2,specimen_transfer:-1x0.05,405f2a30fc75306d,1,57133646.36982349,1109470.4769744724,-1.0565910339355469,0.0042378902435302734,0.006154512520879507,0.07061481475830078,0.463331587218439,47.0,0.05334675390035229
gcn_residual_mdl2_network_ddpg_afd,50,routing_persistent_hotspot_cluster1,final,31,1,1,96403100,3,3,specimen_transfer:+1x0.1,8ae87de97f5e7f2d,1,56409000.667674325,1834116.17912364,-1.0685176849365234,-0.007688760757446289,-0.0056986031122505665,0.10932543128728867,0.463331587218439,47.0,0.053293112116641526
gcn_residual_mdl2_network_ddpg_afd,50,routing_persistent_hotspot_cluster1,final,31,1,1,96403100,3,4,specimen_transfer:-1x0.1,a9b39973053d395f,1,56738089.541399896,1505027.3053980693,-1.0534977912902832,0.007331132888793945,0.010105551220476627,0.1136661097407341,0.463331587218439,47.0,0.05337361530715005
gcn_residual_mdl2_network_ddpg_afd,50,routing_persistent_hotspot_cluster1,final,31,4,4,96403110,3,0,mdl2,fb90040fd52573dd,1,267710081.07697764,0.0,-1.0608289241790771,0.0,0.0022034747526049614,0.030016526579856873,0.46985930705422474,252.0,0.05592055264944743
gcn_residual_mdl2_network_ddpg_afd,50,routing_persistent_hotspot_cluster1,final,31,4,4,96403110,3,1,specimen_transfer:+1x0.05,d12f0676fb921ccd,1,264725812.13955203,2984268.9374256134,-1.0650835037231445,-0.004254579544067383,-0.0017475639469921589,0.059325434267520905,0.47066521381265997,247.66666666666666,0.05546218746379623
gcn_residual_mdl2_network_ddpg_afd,50,routing_persistent_hotspot_cluster1,final,31,4,4,96403110,3,2,specimen_transfer:-1x0.05,405f2a30fc75306d,1,266513556.71437135,1196524.362606287,-1.0565910339355469,0.0042378902435302734,0.006154512520879507,0.07061481475830078,0.4696175683722459,250.0,0.05643064952781135
gcn_residual_mdl2_network_ddpg_afd,50,routing_persistent_hotspot_cluster1,final,31,4,4,96403110,3,3,specimen_transfer:+1x0.1,8ae87de97f5e7f2d,1,259397970.12059522,8312110.956382424,-1.0685176849365234,-0.007688760757446289,-0.0056986031122505665,0.10932543128728867,0.47114869117661745,238.66666666666666,0.05497862199069301
gcn_residual_mdl2_network_ddpg_afd,50,routing_persistent_hotspot_cluster1,final,31,4,4,96403110,3,4,specimen_transfer:-1x0.1,a9b39973053d395f,1,268662560.91502553,-952479.8380478919,-1.0534977912902832,0.007331132888793945,0.010105551220476627,0.1136661097407341,0.46969825908474494,254.66666666666666,0.0561676756214744
gcn_residual_mdl2_network_ddpg_afd,50,routing_persistent_hotspot_cluster1,final,31,remaining,21,96403120,3,0,mdl2,fb90040fd52573dd,1,1221399368.3157341,0.0,-1.0608289241790771,0.0,0.0022034747526049614,0.030016526579856873,0.490693777286994,1139.0,0.06861470531011776
gcn_residual_mdl2_network_ddpg_afd,50,routing_persistent_hotspot_cluster1,final,31,remaining,21,96403120,3,1,specimen_transfer:+1x0.05,d12f0676fb921ccd,1,1222150380.7933598,-751012.4776256084,-1.0650835037231445,-0.004254579544067383,-0.0017475639469921589,0.059325434267520905,0.4916458328120499,1136.3333333333333,0.0676379610201012
gcn_residual_mdl2_network_ddpg_afd,50,routing_persistent_hotspot_cluster1,final,31,remaining,21,96403120,3,2,specimen_transfer:-1x0.05,405f2a30fc75306d,1,1222479291.023057,-1079922.707322836,-1.0565910339355469,0.0042378902435302734,0.006154512520879507,0.07061481475830078,0.490243477115394,1141.0,0.06832290410630892
gcn_residual_mdl2_network_ddpg_afd,50,routing_persistent_hotspot_cluster1,final,31,remaining,21,96403120,3,3,specimen_transfer:+1x0.1,8ae87de97f5e7f2d,1,1227220879.4067776,-5821511.091043472,-1.0685176849365234,-0.007688760757446289,-0.0056986031122505665,0.10932543128728867,0.4906933390922065,1139.6666666666667,0.06920128713939078
gcn_residual_mdl2_network_ddpg_afd,50,routing_persistent_hotspot_cluster1,final,31,remaining,21,96403120,3,4,specimen_transfer:-1x0.1,a9b39973053d395f,1,1221421801.6603553,-22433.344621181488,-1.0534977912902832,0.007331132888793945,0.010105551220476627,0.1136661097407341,0.4901908993919852,1142.3333333333333,0.0685618875966928
gcn_residual_mdl2_network_ddpg_afd,50,routing_persistent_hotspot_cluster1,final,37,1,1,96403700,3,0,mdl2,f6a274df8388889d,1,81374474.21826957,0.0,-0.9351600408554077,0.0,0.006556196138262749,0.06677220016717911,0.4521776259607173,72.0,0.059046815689582456
gcn_residual_mdl2_network_ddpg_afd,50,routing_persistent_hotspot_cluster1,final,37,1,1,96403700,3,1,specimen_transfer:+1x0.05,a93cc0dd9297a4c6,1,79903370.49528246,1471103.7229871154,-0.9371346831321716,-0.001974642276763916,0.00466469582170248,0.039443645626306534,0.4521776259607173,70.0,0.059046815689582456
gcn_residual_mdl2_network_ddpg_afd,50,routing_persistent_hotspot_cluster1,final,37,1,1,96403700,3,2,specimen_transfer:-1x0.05,c566f73b3ae65220,1,80453210.39528246,921263.8229871094,-0.933104932308197,0.0020551085472106934,0.008447698317468166,0.11677220463752747,0.4521776259607173,71.0,0.059046815689582456
gcn_residual_mdl2_network_ddpg_afd,50,routing_persistent_hotspot_cluster1,final,37,1,1,96403700,3,3,specimen_transfer:+1x0.1,dd7349729b9347eb,1,79607734.76674928,1766739.451520294,-0.9388050436973572,-0.003645002841949463,0.0027731964364647865,0.0830058753490448,0.4521776259607173,70.0,0.059046815689582456
gcn_residual_mdl2_network_ddpg_afd,50,routing_persistent_hotspot_cluster1,final,37,1,1,96403700,3,4,specimen_transfer:-1x0.1,a074dbdf7ff920e9,1,79677458.37524307,1697015.843026504,-0.9313001036643982,0.0038599371910095215,0.01033919956535101,0.16677220165729523,0.4521776259607173,70.0,0.059046815689582456
gcn_residual_mdl2_network_ddpg_afd,50,routing_persistent_hotspot_cluster1,final,37,4,4,96403710,3,0,mdl2,f6a274df8388889d,1,312374281.43384343,0.0,-0.9351600408554077,0.0,0.006556196138262749,0.06677220016717911,0.4529863601322344,268.3333333333333,0.06289798570500325
gcn_residual_mdl2_network_ddpg_afd,50,routing_persistent_hotspot_cluster1,final,37,4,4,96403710,3,1,specimen_transfer:+1x0.05,a93cc0dd9297a4c6,1,311253904.4640868,1120376.9697566628,-0.9371346831321716,-0.001974642276763916,0.00466469582170248,0.039443645626306534,0.45344836797112203,266.6666666666667,0.06258927412024412
gcn_residual_mdl2_network_ddpg_afd,50,routing_persistent_hotspot_cluster1,final,37,4,4,96403710,3,2,specimen_transfer:-1x0.05,c566f73b3ae65220,1,312560899.7555684,-186618.32172495127,-0.933104932308197,0.0020551085472106934,0.008447698317468166,0.11677220463752747,0.4531183475286009,269.6666666666667,0.06250812215724495
gcn_residual_mdl2_network_ddpg_afd,50,routing_persistent_hotspot_cluster1,final,37,4,4,96403710,3,3,specimen_transfer:+1x0.1,dd7349729b9347eb,1,311746210.4691077,628070.9647357464,-0.9388050436973572,-0.003645002841949463,0.0027731964364647865,0.0830058753490448,0.4533824787967134,268.0,0.06297883391767303
gcn_residual_mdl2_network_ddpg_afd,50,routing_persistent_hotspot_cluster1,final,37,4,4,96403710,3,4,specimen_transfer:-1x0.1,a074dbdf7ff920e9,1,313495146.5310434,-1120865.0971999764,-0.9313001036643982,0.0038599371910095215,0.01033919956535101,0.16677220165729523,0.45285450354572737,271.3333333333333,0.06250812215724495
gcn_residual_mdl2_network_ddpg_afd,50,routing_persistent_hotspot_cluster1,final,37,remaining,15,96403720,3,0,mdl2,f6a274df8388889d,1,1057097795.5343918,0.0,-0.9351600408554077,0.0,0.006556196138262749,0.06677220016717911,0.4670142120085105,1021.3333333333334,0.06982452215055646
gcn_residual_mdl2_network_ddpg_afd,50,routing_persistent_hotspot_cluster1,final,37,remaining,15,96403720,3,1,specimen_transfer:+1x0.05,a93cc0dd9297a4c6,1,1058877626.6721396,-1779831.1377478838,-0.9371346831321716,-0.001974642276763916,0.00466469582170248,0.039443645626306534,0.46685668613219317,1023.6666666666666,0.07034172931462838
gcn_residual_mdl2_network_ddpg_afd,50,routing_persistent_hotspot_cluster1,final,37,remaining,15,96403720,3,2,specimen_transfer:-1x0.05,c566f73b3ae65220,1,1057395319.967062,-297524.43267023563,-0.933104932308197,0.0020551085472106934,0.008447698317468166,0.11677220463752747,0.466959669366059,1022.6666666666666,0.07015920621113399
gcn_residual_mdl2_network_ddpg_afd,50,routing_persistent_hotspot_cluster1,final,37,remaining,15,96403720,3,3,specimen_transfer:+1x0.1,dd7349729b9347eb,1,1059039989.0860378,-1942193.5516459942,-0.9388050436973572,-0.003645002841949463,0.0027731964364647865,0.0830058753490448,0.4667463473004549,1023.0,0.07046565938634251
gcn_residual_mdl2_network_ddpg_afd,50,routing_persistent_hotspot_cluster1,final,37,remaining,15,96403720,3,4,specimen_transfer:-1x0.1,a074dbdf7ff920e9,1,1057559413.7273058,-461618.1929140091,-0.9313001036643982,0.0038599371910095215,0.01033919956535101,0.16677220165729523,0.4667496751555506,1023.6666666666666,0.07029722866749084
gcn_residual_mdl2_network_ddpg_afd,50,routing_persistent_hotspot_cluster1,final,43,1,1,96404300,3,0,mdl2,02433edd9affa1cc,1,87884648.4727312,0.0,-0.7564547061920166,0.0,0.0015651570865884423,0.037964701652526855,0.45750418448949226,101.0,0.06676342525399129
gcn_residual_mdl2_network_ddpg_afd,50,routing_persistent_hotspot_cluster1,final,43,1,1,96404300,3,1,specimen_transfer:+1x0.05,a2a28eaf81ea5bfa,1,87639272.05008736,245376.4226438403,-0.7592312097549438,-0.002776503562927246,-0.0008238601149059832,0.03174674138426781,0.45750418448949226,101.0,0.06676342525399129
gcn_residual_mdl2_network_ddpg_afd,50,routing_persistent_hotspot_cluster1,final,43,1,1,96404300,3,2,specimen_transfer:-1x0.05,e80f21eb638c530f,1,87659770.93390141,224877.53882978857,-0.7539948225021362,0.002459883689880371,0.0039541758596897125,0.08451195806264877,0.45750418448949226,101.0,0.06686046511627906
gcn_residual_mdl2_network_ddpg_afd,50,routing_persistent_hotspot_cluster1,final,43,1,1,96404300,3,3,specimen_transfer:+1x0.1,eea6d771f9981dff,1,87968223.04573284,-83574.57300163805,-0.7617969512939453,-0.005342245101928711,-0.0032128782477229834,0.06548804044723511,0.45750418448949226,102.0,0.06676342525399129
gcn_residual_mdl2_network_ddpg_afd,50,routing_persistent_hotspot_cluster1,final,43,1,1,96404300,3,4,specimen_transfer:-1x0.1,b12ffd104ab3d7e0,1,87012567.84814921,872080.6245819926,-0.7523759007453918,0.004078805446624756,0.006343192420899868,0.13451196253299713,0.45750418448949226,100.0,0.06688476917484551
gcn_residual_mdl2_network_ddpg_afd,50,routing_persistent_hotspot_cluster1,final,43,4,4,96404310,3,0,mdl2,02433edd9affa1cc,1,290967515.4738554,0.0,-0.7564547061920166,0.0,0.0015651570865884423,0.037964701652526855,0.46105874247479955,319.0,0.07122700079015691
gcn_residual_mdl2_network_ddpg_afd,50,routing_persistent_hotspot_cluster1,final,43,4,4,96404310,3,1,specimen_transfer:+1x0.05,a2a28eaf81ea5bfa,1,290849818.5409344,117696.93292099237,-0.7592312097549438,-0.002776503562927246,-0.0008238601149059832,0.03174674138426781,0.46123445083702314,319.3333333333333,0.07154141277364026
gcn_residual_mdl2_network_ddpg_afd,50,routing_persistent_hotspot_cluster1,final,43,4,4,96404310,3,2,specimen_transfer:-1x0.05,e80f21eb638c530f,1,290943142.0829773,24373.39087808132,-0.7539948225021362,0.002459883689880371,0.0039541758596897125,0.08451195806264877,0.46064844333852867,319.0,0.07109754719113824
gcn_residual_mdl2_network_ddpg_afd,50,routing_persistent_hotspot_cluster1,final,43,4,4,96404310,3,3,specimen_transfer:+1x0.1,eea6d771f9981dff,1,291003494.74062914,-35979.26677376032,-0.7617969512939453,-0.005342245101928711,-0.0032128782477229834,0.06548804044723511,0.46141015919924677,320.6666666666667,0.07122700079015691
gcn_residual_mdl2_network_ddpg_afd,50,routing_persistent_hotspot_cluster1,final,43,4,4,96404310,3,4,specimen_transfer:-1x0.1,b12ffd104ab3d7e0,1,291295889.11432105,-328373.6404656768,-0.7523759007453918,0.004078805446624756,0.006343192420899868,0.13451196253299713,0.460472734976305,320.0,0.07112166440524649
gcn_residual_mdl2_network_ddpg_afd,50,routing_persistent_hotspot_cluster1,final,43,remaining,9,96404320,3,0,mdl2,02433edd9affa1cc,1,565890205.5665728,0.0,-0.7564547061920166,0.0,0.0015651570865884423,0.037964701652526855,0.4637149748230143,563.3333333333334,0.07368535638981129
gcn_residual_mdl2_network_ddpg_afd,50,routing_persistent_hotspot_cluster1,final,43,remaining,9,96404320,3,1,specimen_transfer:+1x0.05,a2a28eaf81ea5bfa,1,564799924.6758951,1090280.8906776905,-0.7592312097549438,-0.002776503562927246,-0.0008238601149059832,0.03174674138426781,0.46365981503044124,562.0,0.0736133459634672
gcn_residual_mdl2_network_ddpg_afd,50,routing_persistent_hotspot_cluster1,final,43,remaining,9,96404320,3,2,specimen_transfer:-1x0.05,e80f21eb638c530f,1,569045493.584854,-3155288.0182812214,-0.7539948225021362,0.002459883689880371,0.0039541758596897125,0.08451195806264877,0.4625457071359986,569.6666666666666,0.07434263873361162
gcn_residual_mdl2_network_ddpg_afd,50,routing_persistent_hotspot_cluster1,final,43,remaining,9,96404320,3,3,specimen_transfer:+1x0.1,eea6d771f9981dff,1,562858966.3061389,3031239.2604339123,-0.7617969512939453,-0.005342245101928711,-0.0032128782477229834,0.06548804044723511,0.46387594586311875,559.0,0.07281266788773341
gcn_residual_mdl2_network_ddpg_afd,50,routing_persistent_hotspot_cluster1,final,43,remaining,9,96404320,3,4,specimen_transfer:-1x0.1,b12ffd104ab3d7e0,1,569614992.5567645,-3724786.990191698,-0.7523759007453918,0.004078805446624756,0.006343192420899868,0.13451196253299713,0.4624432559604555,571.3333333333334,0.0742639448827747
gcn_residual_mdl2_network_ddpg_afd,50,routing_persistent_hotspot_cluster1,final,51,1,1,96405100,3,0,mdl2,94ab5e5762d4dc76,1,56413993.05895138,0.0,-0.12291550636291504,0.0,-0.00034805317409336567,0.05453045293688774,0.4594381313131313,42.0,0.07219333129397369
gcn_residual_mdl2_network_ddpg_afd,50,routing_persistent_hotspot_cluster1,final,51,1,1,96405100,3,1,specimen_transfer:+1x0.05,8d2c590780b82f99,1,56265537.456112556,148455.6028388217,-0.12240801751613617,0.0005074888467788696,0.0003122079651802778,0.03657554090023041,0.4594381313131313,42.0,0.07219333129397369
gcn_residual_mdl2_network_ddpg_afd,50,routing_persistent_hotspot_cluster1,final,51,1,1,96405100,3,2,specimen_transfer:-1x0.05,74b5bc08e6dca570,1,55735812.73992661,678180.3190247715,-0.12342298030853271,-0.0005074739456176758,-0.001008314429782331,0.08097349852323532,0.4594381313131313,41.0,0.07219333129397369
gcn_residual_mdl2_network_ddpg_afd,50,routing_persistent_hotspot_cluster1,final,51,1,1,96405100,3,3,specimen_transfer:+1x0.1,80c9262ad134f8a3,1,56142279.08395495,271713.9749964252,-0.12152798473834991,0.0013875216245651245,0.0009724691044539213,0.06902649998664856,0.4594381313131313,42.0,0.07219333129397369
gcn_residual_mdl2_network_ddpg_afd,50,routing_persistent_hotspot_cluster1,final,51,1,1,96405100,3,4,specimen_transfer:-1x0.1,b93a10b296e40cd3,1,54538002.46776899,1875990.5911823884,-0.12409113347530365,-0.0011756271123886108,-0.0016685755690559745,0.13097350299358368,0.4594381313131313,39.0,0.07219333129397369
gcn_residual_mdl2_network_ddpg_afd,50,routing_persistent_hotspot_cluster1,final,51,4,1,96405110,3,0,mdl2,94ab5e5762d4dc76,1,56413993.05895138,0.0,-0.12291550636291504,0.0,-0.00034805317409336567,0.05453045293688774,0.4594381313131313,42.0,0.07219333129397369
gcn_residual_mdl2_network_ddpg_afd,50,routing_persistent_hotspot_cluster1,final,51,4,1,96405110,3,1,specimen_transfer:+1x0.05,8d2c590780b82f99,1,56265537.456112556,148455.6028388217,-0.12240801751613617,0.0005074888467788696,0.0003122079651802778,0.03657554090023041,0.4594381313131313,42.0,0.07219333129397369
gcn_residual_mdl2_network_ddpg_afd,50,routing_persistent_hotspot_cluster1,final,51,4,1,96405110,3,2,specimen_transfer:-1x0.05,74b5bc08e6dca570,1,55735812.73992661,678180.3190247715,-0.12342298030853271,-0.0005074739456176758,-0.001008314429782331,0.08097349852323532,0.4594381313131313,41.0,0.07219333129397369
gcn_residual_mdl2_network_ddpg_afd,50,routing_persistent_hotspot_cluster1,final,51,4,1,96405110,3,3,specimen_transfer:+1x0.1,80c9262ad134f8a3,1,56142279.08395495,271713.9749964252,-0.12152798473834991,0.0013875216245651245,0.0009724691044539213,0.06902649998664856,0.4594381313131313,42.0,0.07219333129397369
gcn_residual_mdl2_network_ddpg_afd,50,routing_persistent_hotspot_cluster1,final,51,4,1,96405110,3,4,specimen_transfer:-1x0.1,b93a10b296e40cd3,1,54538002.46776899,1875990.5911823884,-0.12409113347530365,-0.0011756271123886108,-0.0016685755690559745,0.13097350299358368,0.4594381313131313,39.0,0.07219333129397369
gcn_residual_mdl2_network_ddpg_afd,50,routing_persistent_hotspot_cluster1,final,51,remaining,1,96405120,3,0,mdl2,94ab5e5762d4dc76,1,56413993.05895138,0.0,-0.12291550636291504,0.0,-0.00034805317409336567,0.05453045293688774,0.4594381313131313,42.0,0.07219333129397369
gcn_residual_mdl2_network_ddpg_afd,50,routing_persistent_hotspot_cluster1,final,51,remaining,1,96405120,3,1,specimen_transfer:+1x0.05,8d2c590780b82f99,1,56265537.456112556,148455.6028388217,-0.12240801751613617,0.0005074888467788696,0.0003122079651802778,0.03657554090023041,0.4594381313131313,42.0,0.07219333129397369
gcn_residual_mdl2_network_ddpg_afd,50,routing_persistent_hotspot_cluster1,final,51,remaining,1,96405120,3,2,specimen_transfer:-1x0.05,74b5bc08e6dca570,1,55735812.73992661,678180.3190247715,-0.12342298030853271,-0.0005074739456176758,-0.001008314429782331,0.08097349852323532,0.4594381313131313,41.0,0.07219333129397369
gcn_residual_mdl2_network_ddpg_afd,50,routing_persistent_hotspot_cluster1,final,51,remaining,1,96405120,3,3,specimen_transfer:+1x0.1,80c9262ad134f8a3,1,56142279.08395495,271713.9749964252,-0.12152798473834991,0.0013875216245651245,0.0009724691044539213,0.06902649998664856,0.4594381313131313,42.0,0.07219333129397369
gcn_residual_mdl2_network_ddpg_afd,50,routing_persistent_hotspot_cluster1,final,51,remaining,1,96405120,3,4,specimen_transfer:-1x0.1,b93a10b296e40cd3,1,54538002.46776899,1875990.5911823884,-0.12409113347530365,-0.0011756271123886108,-0.0016685755690559745,0.13097350299358368,0.4594381313131313,39.0,0.07219333129397369
gcn_residual_mdl2_network_ddpg_afd,51,routing_persistent_hotspot_cluster2,pretrain,0,1,1,97200000,3,0,mdl2,c3f6e92b0ef189e0,1,1258243.9915517662,0.0,-0.013052761554718018,0.0,0.0,0.0,0.0,0.0,0.0
gcn_residual_mdl2_network_ddpg_afd,51,routing_persistent_hotspot_cluster2,pretrain,0,1,1,97200000,3,1,specimen_transfer:+1x0.05,1e04c87b79d8b91c,1,1258243.9915517662,0.0,-0.015656232833862305,-0.002603471279144287,-0.0025262576527893543,0.05000000447034836,0.0,0.0,0.0
gcn_residual_mdl2_network_ddpg_afd,51,routing_persistent_hotspot_cluster2,pretrain,0,1,1,97200000,3,2,specimen_transfer:-1x0.05,e703fad62afef1c7,1,1258243.9915517662,0.0,-0.010429680347442627,0.0026230812072753906,0.0025262576527893543,0.05000000074505806,0.0,0.0,0.0
gcn_residual_mdl2_network_ddpg_afd,51,routing_persistent_hotspot_cluster2,pretrain,0,1,1,97200000,3,3,specimen_transfer:+1x0.1,4324def4d2621671,1,1258243.9915517662,0.0,-0.01833248883485794,-0.005279727280139923,-0.005052515305578709,0.10000000894069672,0.0,0.0,0.0
gcn_residual_mdl2_network_ddpg_afd,51,routing_persistent_hotspot_cluster2,pretrain,0,1,1,97200000,3,4,specimen_transfer:-1x0.1,f860f40738467b6e,1,1258243.9915517662,0.0,-0.007655203342437744,0.0053975582122802734,0.005052515305578709,0.10000000149011612,0.0,0.0,0.0
gcn_residual_mdl2_network_ddpg_afd,51,routing_persistent_hotspot_cluster2,pretrain,0,4,4,97200010,3,0,mdl2,c3f6e92b0ef189e0,1,21109755.836362865,0.0,-0.013052761554718018,0.0,0.0,0.0,0.18615054888044325,0.0,0.0
gcn_residual_mdl2_network_ddpg_afd,51,routing_persistent_hotspot_cluster2,pretrain,0,4,4,97200010,3,1,specimen_transfer:+1x0.05,1e04c87b79d8b91c,1,21109755.836362865,0.0,-0.015656232833862305,-0.002603471279144287,-0.0025262576527893543,0.05000000447034836,0.18615054888044325,0.0,0.0
gcn_residual_mdl2_network_ddpg_afd,51,routing_persistent_hotspot_cluster2,pretrain,0,4,4,97200010,3,2,specimen_transfer:-1x0.05,e703fad62afef1c7,1,21109755.836362865,0.0,-0.010429680347442627,0.0026230812072753906,0.0025262576527893543,0.05000000074505806,0.18615054888044325,0.0,0.0
gcn_residual_mdl2_network_ddpg_afd,51,routing_persistent_hotspot_cluster2,pretrain,0,4,4,97200010,3,3,specimen_transfer:+1x0.1,4324def4d2621671,1,21109755.836362865,0.0,-0.01833248883485794,-0.005279727280139923,-0.005052515305578709,0.10000000894069672,0.18615054888044325,0.0,0.0
gcn_residual_mdl2_network_ddpg_afd,51,routing_persistent_hotspot_cluster2,pretrain,0,4,4,97200010,3,4,specimen_transfer:-1x0.1,f860f40738467b6e,1,21109755.836362865,0.0,-0.007655203342437744,0.0053975582122802734,0.005052515305578709,0.10000000149011612,0.18615054888044325,0.0,0.0
gcn_residual_mdl2_network_ddpg_afd,51,routing_persistent_hotspot_cluster2,pretrain,0,remaining,52,97200020,3,0,mdl2,c3f6e92b0ef189e0,1,2621106626.310203,0.0,-0.013052761554718018,0.0,0.0,0.0,0.4856229551352836,2296.6666666666665,0.0627175246805493
gcn_residual_mdl2_network_ddpg_afd,51,routing_persistent_hotspot_cluster2,pretrain,0,remaining,52,97200020,3,1,specimen_transfer:+1x0.05,1e04c87b79d8b91c,1,2621106626.310203,0.0,-0.015656232833862305,-0.002603471279144287,-0.0025262576527893543,0.05000000447034836,0.4856229551352836,2296.6666666666665,0.0627175246805493
gcn_residual_mdl2_network_ddpg_afd,51,routing_persistent_hotspot_cluster2,pretrain,0,remaining,52,97200020,3,2,specimen_transfer:-1x0.05,e703fad62afef1c7,1,2621106626.310203,0.0,-0.010429680347442627,0.0026230812072753906,0.0025262576527893543,0.05000000074505806,0.4856229551352836,2296.6666666666665,0.0627175246805493
gcn_residual_mdl2_network_ddpg_afd,51,routing_persistent_hotspot_cluster2,pretrain,0,remaining,52,97200020,3,3,specimen_transfer:+1x0.1,4324def4d2621671,1,2621106626.310203,0.0,-0.01833248883485794,-0.005279727280139923,-0.005052515305578709,0.10000000894069672,0.4856229551352836,2296.6666666666665,0.0627175246805493
gcn_residual_mdl2_network_ddpg_afd,51,routing_persistent_hotspot_cluster2,pretrain,0,remaining,52,97200020,3,4,specimen_transfer:-1x0.1,f860f40738467b6e,1,2621106626.310203,0.0,-0.007655203342437744,0.0053975582122802734,0.005052515305578709,0.10000000149011612,0.4856229551352836,2296.6666666666665,0.0627175246805493
gcn_residual_mdl2_network_ddpg_afd,51,routing_persistent_hotspot_cluster2,pretrain,6,1,1,97200600,3,0,mdl2,d66d9b020b88fa38,1,17533394.976755105,0.0,-0.3716640770435333,0.0,0.0,0.0,0.35157318741450067,3.0,0.005434782608695652
gcn_residual_mdl2_network_ddpg_afd,51,routing_persistent_hotspot_cluster2,pretrain,6,1,1,97200600,3,1,specimen_transfer:+1x0.05,7b2f4aeca80d7893,1,17384842.36339619,148552.61335891485,-0.37234732508659363,-0.0006832480430603027,-0.0005388481658883393,0.05000000074505806,0.35157318741450067,3.0,0.005434782608695652
gcn_residual_mdl2_network_ddpg_afd,51,routing_persistent_hotspot_cluster2,pretrain,6,1,1,97200600,3,2,specimen_transfer:-1x0.05,48f2606d4d65780d,1,17632252.129178718,-98857.15242361277,-0.37118494510650635,0.00047913193702697754,0.0005388481076806784,0.05000000074505806,0.35157318741450067,3.0,0.005434782608695652
gcn_residual_mdl2_network_ddpg_afd,51,routing_persistent_hotspot_cluster2,pretrain,6,1,1,97200600,3,3,specimen_transfer:+1x0.1,6f1b7928ea3b2557,1,17186886.75477852,346508.2219765857,-0.3729225993156433,-0.0012585222721099854,-0.0010776963317766786,0.10000000149011612,0.35157318741450067,3.0,0.005434782608695652
gcn_residual_mdl2_network_ddpg_afd,51,routing_persistent_hotspot_cluster2,pretrain,6,1,1,97200600,3,4,specimen_transfer:-1x0.1,4473ac0215e41f09,1,17731981.783097718,-198586.80634261295,-0.37066400051116943,0.0010000765323638916,0.0010776962153613567,0.10000000149011612,0.35157318741450067,3.0,0.005434782608695652
gcn_residual_mdl2_network_ddpg_afd,51,routing_persistent_hotspot_cluster2,pretrain,6,4,4,97200610,3,0,mdl2,d66d9b020b88fa38,1,104900755.76629694,0.0,-0.3716640770435333,0.0,0.0,0.0,0.414594034798909,55.0,0.007228920906204642
gcn_residual_mdl2_network_ddpg_afd,51,routing_persistent_hotspot_cluster2,pretrain,6,4,4,97200610,3,1,specimen_transfer:+1x0.05,7b2f4aeca80d7893,1,104682853.52270012,217902.24359682202,-0.37234732508659363,-0.0006832480430603027,-0.0005388481658883393,0.05000000074505806,0.41206893660484933,54.666666666666664,0.0072507923801264475
gcn_residual_mdl2_network_ddpg_afd,51,routing_persistent_hotspot_cluster2,pretrain,6,4,4,97200610,3,2,specimen_transfer:-1x0.05,48f2606d4d65780d,1,105760824.469836,-860068.7035390586,-0.37118494510650635,0.00047913193702697754,0.0005388481076806784,0.05000000074505806,0.40923376089140984,55.333333333333336,0.007263943785682916
gcn_residual_mdl2_network_ddpg_afd,51,routing_persistent_hotspot_cluster2,pretrain,6,4,4,97200610,3,3,specimen_transfer:+1x0.1,6f1b7928ea3b2557,1,103182089.46053089,1718666.305766046,-0.3729225993156433,-0.0012585222721099854,-0.0010776963317766786,0.10000000149011612,0.41206893660484933,52.666666666666664,0.0072507923801264475
gcn_residual_mdl2_network_ddpg_afd,51,routing_persistent_hotspot_cluster2,pretrain,6,4,4,97200610,3,4,specimen_transfer:-1x0.1,4473ac0215e41f09,1,105948525.71061067,-1047769.9443137348,-0.37066400051116943,0.0010000765323638916,0.0010776962153613567,0.10000000149011612,0.40639858517797034,55.0,0.007272743300829343
gcn_residual_mdl2_network_ddpg_afd,51,routing_persistent_hotspot_cluster2,pretrain,6,remaining,46,97200620,3,0,mdl2,d66d9b020b88fa38,1,2567360800.728246,0.0,-0.3716640770435333,0.0,0.0,0.0,0.48828901343488695,2295.3333333333335,0.06320400042714615
gcn_residual_mdl2_network_ddpg_afd,51,routing_persistent_hotspot_cluster2,pretrain,6,remaining,46,97200620,3,1,specimen_transfer:+1x0.05,7b2f4aeca80d7893,1,2579090981.964559,-11730181.236312866,-0.37234732508659363,-0.0006832480430603027,-0.0005388481658883393,0.05000000074505806,0.48610160292064714,2302.6666666666665,0.06311196964320974
gcn_residual_mdl2_network_ddpg_afd,51,routing_persistent_hotspot_cluster2,pretrain,6,remaining,46,97200620,3,2,specimen_transfer:-1x0.05,48f2606d4d65780d,1,2577782295.386172,-10421494.657925606,-0.37118494510650635,0.00047913193702697754,0.0005388481076806784,0.05000000074505806,0.48653932621379664,2300.0,0.062232070975790636
gcn_residual_mdl2_network_ddpg_afd,51,routing_persistent_hotspot_cluster2,pretrain,6,remaining,46,97200620,3,3,specimen_transfer:+1x0.1,6f1b7928ea3b2557,1,2579242748.8191414,-11881948.090895176,-0.3729225993156433,-0.0012585222721099854,-0.0010776963317766786,0.10000000149011612,0.4866112740010486,2299.6666666666665,0.06377559814536789
gcn_residual_mdl2_network_ddpg_afd,51,routing_persistent_hotspot_cluster2,pretrain,6,remaining,46,97200620,3,4,specimen_transfer:-1x0.1,4473ac0215e41f09,1,2579104143.3818464,-11743342.653600216,-0.37066400051116943,0.0010000765323638916,0.0010776962153613567,0.10000000149011612,0.48614573360968594,2304.3333333333335,0.06283765777274637
gcn_residual_mdl2_network_ddpg_afd,51,routing_persistent_hotspot_cluster2,pretrain,12,1,1,97201200,3,0,mdl2,8dcd487b84254e49,1,48720040.476823546,0.0,-0.4717763662338257,0.0,-7.518415804952383e-05,0.012730692513287067,0.45724907063197023,49.0,0.012228260869565218
gcn_residual_mdl2_network_ddpg_afd,51,routing_persistent_hotspot_cluster2,pretrain,12,1,1,97201200,3,1,specimen_transfer:+1x0.05,ea9fb8c75ff9a853,1,48645496.43947647,74544.03734707832,-0.47168219089508057,9.417533874511719e-05,5.8217672631144524e-05,0.061104461550712585,0.45724907063197023,49.0,0.012211668928086838
gcn_residual_mdl2_network_ddpg_afd,51,routing_persistent_hotspot_cluster2,pretrain,12,1,1,97201200,3,2,specimen_transfer:-1x0.05,d7fb98cd8d6ae5ff,1,48821889.84763032,-101849.37080677599,-0.4719454050064087,-0.0001690387725830078,-0.00020858617790509015,0.04314715787768364,0.45724907063197023,49.0,0.012278308321964531
gcn_residual_mdl2_network_ddpg_afd,51,routing_persistent_hotspot_cluster2,pretrain,12,1,1,97201200,3,3,specimen_transfer:+1x0.1,a9a6b6e07dc2f1bf,1,48473878.05520972,246162.42161382735,-0.47161853313446045,0.00015783309936523438,0.00019161979435011744,0.11110445857048035,0.45724907063197023,49.0,0.012211668928086838
gcn_residual_mdl2_network_ddpg_afd,51,routing_persistent_hotspot_cluster2,pretrain,12,1,1,97201200,3,4,specimen_transfer:-1x0.1,080f64734ce195f5,1,48742034.288876705,-21993.81205315888,-0.47200918197631836,-0.00023281574249267578,-0.00034198793582618237,0.08889554440975189,0.45724907063197023,49.0,0.012311901504787962
gcn_residual_mdl2_network_ddpg_afd,51,routing_persistent_hotspot_cluster2,pretrain,12,4,4,97201210,3,0,mdl2,8dcd487b84254e49,1,202034399.86485615,0.0,-0.4717763662338257,0.0,-7.518415804952383e-05,0.012730692513287067,0.4648469333383445,199.33333333333334,0.01950891979124293
gcn_residual_mdl2_network_ddpg_afd,51,routing_persistent_hotspot_cluster2,pretrain,12,4,4,97201210,3,1,specimen_transfer:+1x0.05,ea9fb8c75ff9a853,1,200684300.46169016,1350099.403165996,-0.47168219089508057,9.417533874511719e-05,5.8217672631144524e-05,0.061104461550712585,0.46524446861960067,197.0,0.018418503727501728
gcn_residual_mdl2_network_ddpg_afd,51,routing_persistent_hotspot_cluster2,pretrain,12,4,4,97201210,3,2,specimen_transfer:-1x0.05,d7fb98cd8d6ae5ff,1,203378041.98030463,-1343642.115448475,-0.4719454050064087,-0.0001690387725830078,-0.00020858617790509015,0.04314715787768364,0.46347449547902775,200.33333333333334,0.019579719233655264
gcn_residual_mdl2_network_ddpg_afd,51,routing_persistent_hotspot_cluster2,pretrain,12,4,4,97201210,3,3,specimen_transfer:+1x0.1,a9a6b6e07dc2f1bf,1,200461677.3320285,1572722.5328276455,-0.47161853313446045,0.00015783309936523438,0.00019161979435011744,0.11110445857048035,0.46524446861960067,197.33333333333334,0.01734126203666038
gcn_residual_mdl2_network_ddpg_afd,51,routing_persistent_hotspot_cluster2,pretrain,12,4,4,97201210,3,4,specimen_transfer:-1x0.1,080f64734ce195f5,1,203583142.86910155,-1548743.0042454004,-0.47200918197631836,-0.00023281574249267578,-0.00034198793582618237,0.08889554440975189,0.4619080335607277,200.33333333333334,0.01961521885857417
gcn_residual_mdl2_network_ddpg_afd,51,routing_persistent_hotspot_cluster2,pretrain,12,remaining,40,97201220,3,0,mdl2,8dcd487b84254e49,1,2079669124.9201252,0.0,-0.4717763662338257,0.0,-7.518415804952383e-05,0.012730692513287067,0.5151494874678405,1875.3333333333333,0.055366181215256854
gcn_residual_mdl2_network_ddpg_afd,51,routing_persistent_hotspot_cluster2,pretrain,12,remaining,40,97201220,3,1,specimen_transfer:+1x0.05,ea9fb8c75ff9a853,1,2078600436.3148077,1068688.6053175926,-0.47168219089508057,9.417533874511719e-05,5.8217672631144524e-05,0.061104461550712585,0.515511995629057,1873.0,0.05626177787112379
gcn_residual_mdl2_network_ddpg_afd,51,routing_persistent_hotspot_cluster2,pretrain,12,remaining,40,97201220,3,2,specimen_transfer:-1x0.05,d7fb98cd8d6ae5ff,1,2073927372.6669033,5741752.253221989,-0.4719454050064087,-0.0001690387725830078,-0.00020858617790509015,0.04314715787768364,0.5163530992688689,1870.0,0.053617732444975724
gcn_residual_mdl2_network_ddpg_afd,51,routing_persistent_hotspot_cluster2,pretrain,12,remaining,40,97201220,3,3,specimen_transfer:+1x0.1,a9a6b6e07dc2f1bf,1,2079591347.8410528,77777.07907247543,-0.47161853313446045,0.00015783309936523438,0.00019161979435011744,0.11110445857048035,0.5149110226774382,1877.0,0.05660817285300121
gcn_residual_mdl2_network_ddpg_afd,51,routing_persistent_hotspot_cluster2,pretrain,12,remaining,40,97201220,3,4,specimen_transfer:-1x0.1,080f64734ce195f5,1,2079405579.3902738,263545.5298514366,-0.47200918197631836,-0.00023281574249267578,-0.00034198793582618237,0.08889554440975189,0.5148555678265043,1879.6666666666667,0.056344531236299567
gcn_residual_mdl2_network_ddpg_afd,51,routing_persistent_hotspot_cluster2,pretrain,18,1,1,97201800,3,0,mdl2,c51be61b7053348c,1,46157624.81153896,0.0,-0.5120183229446411,0.0,0.0,0.0,0.4880650076180803,38.0,0.02348690153568202
gcn_residual_mdl2_network_ddpg_afd,51,routing_persistent_hotspot_cluster2,pretrain,18,1,1,97201800,3,1,specimen_transfer:+1x0.05,8e445ae79fbff4fc,1,47012693.73138169,-855068.9198427349,-0.5125674605369568,-0.0005491375923156738,-0.00038804186624474823,0.05000000074505806,0.4880650076180803,40.0,0.02348690153568202
gcn_residual_mdl2_network_ddpg_afd,51,routing_persistent_hotspot_cluster2,pretrain,18,1,1,97201800,3,2,specimen_transfer:-1x0.05,71b010bf35f0aae3,1,46052556.83263292,105067.97890603542,-0.5114691257476807,0.0005491971969604492,0.00038804186624474823,0.05000000074505806,0.4880650076180803,38.0,0.023550724637681163
gcn_residual_mdl2_network_ddpg_afd,51,routing_persistent_hotspot_cluster2,pretrain,18,1,1,97201800,3,3,specimen_transfer:+1x0.1,d6f98fe5ce5f50a7,1,46717825.909791805,-560201.0982528478,-0.5128662586212158,-0.000847935676574707,-0.0007760837324894965,0.10000000149011612,0.4880650076180803,40.0,0.02348690153568202
gcn_residual_mdl2_network_ddpg_afd,51,routing_persistent_hotspot_cluster2,pretrain,18,1,1,97201800,3,4,specimen_transfer:-1x0.1,b104ace980e0d237,1,45955994.80976197,201630.00177698582,-0.5111529231071472,0.0008653998374938965,0.0007760836742818356,0.10000000149011612,0.4880650076180803,38.0,0.023614895549500452
gcn_residual_mdl2_network_ddpg_afd,51,routing_persistent_hotspot_cluster2,pretrain,18,4,4,97201810,3,0,mdl2,c51be61b7053348c,1,188963250.95307505,0.0,-0.5120183229446411,0.0,0.0,0.0,0.4936859149192352,156.66666666666666,0.025990484731683427
gcn_residual_mdl2_network_ddpg_afd,51,routing_persistent_hotspot_cluster2,pretrain,18,4,4,97201810,3,1,specimen_transfer:+1x0.05,8e445ae79fbff4fc,1,188065229.91138074,898021.0416943133,-0.5125674605369568,-0.0005491375923156738,-0.00038804186624474823,0.05000000074505806,0.49339637422320576,156.33333333333334,0.02547608143950236
gcn_residual_mdl2_network_ddpg_afd,51,routing_persistent_hotspot_cluster2,pretrain,18,4,4,97201810,3,2,specimen_transfer:-1x0.05,71b010bf35f0aae3,1,189301016.29288372,-337765.33980867267,-0.5114691257476807,0.0005491971969604492,0.00038804186624474823,0.05000000074505806,0.49180808792954034,157.66666666666666,0.025793019634014133
gcn_residual_mdl2_network_ddpg_afd,51,routing_persistent_hotspot_cluster2,pretrain,18,4,4,97201810,3,3,specimen_transfer:+1x0.1,d6f98fe5ce5f50a7,1,186116969.61461592,2846281.338459134,-0.5128662586212158,-0.000847935676574707,-0.0007760837324894965,0.10000000149011612,0.49397142526898535,153.66666666666666,0.02470407897163865
gcn_residual_mdl2_network_ddpg_afd,51,routing_persistent_hotspot_cluster2,pretrain,18,4,4,97201810,3,4,specimen_transfer:-1x0.1,b104ace980e0d237,1,189311232.67189947,-347981.7188244164,-0.5111529231071472,0.0008653998374938965,0.0007760836742818356,0.10000000149011612,0.49022568996707666,157.66666666666666,0.025601251544521225
gcn_residual_mdl2_network_ddpg_afd,51,routing_persistent_hotspot_cluster2,pretrain,18,remaining,34,97201820,3,0,mdl2,c51be61b7053348c,1,1860142915.9932973,0.0,-0.5120183229446411,0.0,0.0,0.0,0.5126621222085688,1679.3333333333333,0.059329138367647305
gcn_residual_mdl2_network_ddpg_afd,51,routing_persistent_hotspot_cluster2,pretrain,18,remaining,34,97201820,3,1,specimen_transfer:+1x0.05,8e445ae79fbff4fc,1,1854434095.259053,5708820.734244347,-0.5125674605369568,-0.0005491375923156738,-0.00038804186624474823,0.05000000074505806,0.5135160171559737,1669.6666666666667,0.05707214709276148
gcn_residual_mdl2_network_ddpg_afd,51,routing_persistent_hotspot_cluster2,pretrain,18,remaining,34,97201820,3,2,specimen_transfer:-1x0.05,71b010bf35f0aae3,1,1854005440.29304,6137475.700257301,-0.5114691257476807,0.0005491971969604492,0.00038804186624474823,0.05000000074505806,0.5137282594509535,1673.6666666666667,0.055535584021066925
gcn_residual_mdl2_network_ddpg_afd,51,routing_persistent_hotspot_cluster2,pretrain,18,remaining,34,97201820,3,3,specimen_transfer:+1x0.1,d6f98fe5ce5f50a7,1,1854692230.3500774,5450685.643219948,-0.5128662586212158,-0.000847935676574707,-0.0007760837324894965,0.10000000149011612,0.5136592203321602,1669.0,0.057076642884931694
gcn_residual_mdl2_network_ddpg_afd,51,routing_persistent_hotspot_cluster2,pretrain,18,remaining,34,97201820,3,4,specimen_transfer:-1x0.1,b104ace980e0d237,1,1859577511.4937198,565404.4995775223,-0.5111529231071472,0.0008653998374938965,0.0007760836742818356,0.10000000149011612,0.5128359956054336,1679.3333333333333,0.05786143794385718
gcn_residual_mdl2_network_ddpg_afd,51,routing_persistent_hotspot_cluster2,pretrain,25,1,1,97202500,3,0,mdl2,ab40eb788ac9631b,1,49686218.62920753,0.0,-0.49202144145965576,0.0,0.0,0.0,0.515309932785661,49.0,0.035392535392535396
gcn_residual_mdl2_network_ddpg_afd,51,routing_persistent_hotspot_cluster2,pretrain,25,1,1,97202500,3,1,specimen_transfer:+1x0.05,eabbe4840a5c2b48,1,50142301.21506963,-456082.5858621001,-0.4911668300628662,0.0008546113967895508,0.0008970072958618402,0.05000000074505806,0.515309932785661,50.0,0.035392535392535396
gcn_residual_mdl2_network_ddpg_afd,51,routing_persistent_hotspot_cluster2,pretrain,25,1,1,97202500,3,2,specimen_transfer:-1x0.05,47d4fda527fdcc6e,1,49410013.70624574,276204.9229617864,-0.49275892972946167,-0.0007374882698059082,-0.0008970073540695012,0.05000000074505806,0.515309932785661,49.0,0.0355297157622739
gcn_residual_mdl2_network_ddpg_afd,51,routing_persistent_hotspot_cluster2,pretrain,25,1,1,97202500,3,3,specimen_transfer:+1x0.1,16556de238cb1820,1,50225169.85143139,-538951.222223863,-0.49002718925476074,0.0019942522048950195,0.0017940145917236805,0.10000000149011612,0.515309932785661,51.0,0.035392535392535396
gcn_residual_mdl2_network_ddpg_afd,51,routing_persistent_hotspot_cluster2,pretrain,25,1,1,97202500,3,4,specimen_transfer:-1x0.1,516c28ed8d71512e,1,49064426.106068514,621792.5231390148,-0.49380362033843994,-0.0017821788787841797,-0.0017940145917236805,0.10000000149011612,0.515309932785661,49.0,0.03559870550161812
gcn_residual_mdl2_network_ddpg_afd,51,routing_persistent_hotspot_cluster2,pretrain,25,4,4,97202510,3,0,mdl2,ab40eb788ac9631b,1,193583317.84265497,0.0,-0.49202144145965576,0.0,0.0,0.0,0.5167786594667189,180.66666666666666,0.03956422018348624
gcn_residual_mdl2_network_ddpg_afd,51,routing_persistent_hotspot_cluster2,pretrain,25,4,4,97202510,3,1,specimen_transfer:+1x0.05,eabbe4840a5c2b48,1,192161808.924589,1421508.9180659652,-0.4911668300628662,0.0008546113967895508,0.0008970072958618402,0.05000000074505806,0.5171105661201977,178.33333333333334,0.037277769882500734
gcn_residual_mdl2_network_ddpg_afd,51,routing_persistent_hotspot_cluster2,pretrain,25,4,4,97202510,3,2,specimen_transfer:-1x0.05,47d4fda527fdcc6e,1,194672274.8934592,-1088957.0508042276,-0.49275892972946167,-0.0007374882698059082,-0.0008970073540695012,0.05000000074505806,0.5161148461597609,182.33333333333334,0.03894866532677884
gcn_residual_mdl2_network_ddpg_afd,51,routing_persistent_hotspot_cluster2,pretrain,25,4,4,97202510,3,3,specimen_transfer:+1x0.1,16556de238cb1820,1,191275984.98280838,2307332.859846592,-0.49002718925476074,0.0019942522048950195,0.0017940145917236805,0.10000000149011612,0.5171105661201977,178.33333333333334,0.037277769882500734
gcn_residual_mdl2_network_ddpg_afd,51,routing_persistent_hotspot_cluster2,pretrain,25,4,4,97202510,3,4,specimen_transfer:-1x0.1,516c28ed8d71512e,1,197603252.39703253,-4019934.554377556,-0.49380362033843994,-0.0017821788787841797,-0.0017940145917236805,0.10000000149011612,0.515782939506282,187.66666666666666,0.03883877025785828
gcn_residual_mdl2_network_ddpg_afd,51,routing_persistent_hotspot_cluster2,pretrain,25,remaining,27,97202520,3,0,mdl2,ab40eb788ac9631b,1,1468714255.9128554,0.0,-0.49202144145965576,0.0,0.0,0.0,0.5206187373033062,1335.6666666666667,0.05596206697467477
gcn_residual_mdl2_network_ddpg_afd,51,routing_persistent_hotspot_cluster2,pretrain,25,remaining,27,97202520,3,1,specimen_transfer:+1x0.05,eabbe4840a5c2b48,1,1466881177.1966085,1833078.7162468433,-0.4911668300628662,0.0008546113967895508,0.0008970072958618402,0.05000000074505806,0.5212234902076933,1332.6666666666667,0.05511604303697607
gcn_residual_mdl2_network_ddpg_afd,51,routing_persistent_hotspot_cluster2,pretrain,25,remaining,27,97202520,3,2,specimen_transfer:-1x0.05,47d4fda527fdcc6e,1,1469745558.21896,-1031302.30610466,-0.49275892972946167,-0.0007374882698059082,-0.0008970073540695012,0.05000000074505806,0.5192946327113593,1338.6666666666667,0.056154626603542625
gcn_residual_mdl2_network_ddpg_afd,51,routing_persistent_hotspot_cluster2,pretrain,25,remaining,27,97202520,3,3,specimen_transfer:+1x0.1,16556de238cb1820,1,1471463523.8739843,-2749267.96112895,-0.49002718925476074,0.0019942522048950195,0.0017940145917236805,0.10000000149011612,0.5200330252678601,1338.3333333333333,0.05552854639059048
gcn_residual_mdl2_network_ddpg_afd,51,routing_persistent_hotspot_cluster2,pretrain,25,remaining,27,97202520,3,4,specimen_transfer:-1x0.1,516c28ed8d71512e,1,1468047285.5573978,666970.3554575443,-0.49380362033843994,-0.0017821788787841797,-0.0017940145917236805,0.10000000149011612,0.5189326288433659,1338.3333333333333,0.05586483682221811
gcn_residual_mdl2_network_ddpg_afd,51,routing_persistent_hotspot_cluster2,pretrain,31,1,1,97203100,3,0,mdl2,e2e3f7207f360962,1,52228012.22894005,0.0,-0.31263428926467896,0.0,-0.0007687323959544301,0.03764523193240166,0.5127143701951508,40.0,0.0395010395010395
gcn_residual_mdl2_network_ddpg_afd,51,routing_persistent_hotspot_cluster2,pretrain,31,1,1,97203100,3,1,specimen_transfer:+1x0.05,6cdc1ff2f03cffa8,1,51629346.90704081,598665.3218992352,-0.3138101100921631,-0.0011758208274841309,-0.001747695729136467,0.04449518397450447,0.5127143701951508,39.0,0.039480519480519484
gcn_residual_mdl2_network_ddpg_afd,51,routing_persistent_hotspot_cluster2,pretrain,31,1,1,97203100,3,2,specimen_transfer:-1x0.05,0232a819875e6b6a,1,52227978.64173787,33.58720217645168,-0.311603307723999,0.0010309815406799316,0.0002102307480527088,0.08764523267745972,0.5127143701951508,40.0,0.039480519480519484
gcn_residual_mdl2_network_ddpg_afd,51,routing_persistent_hotspot_cluster2,pretrain,31,1,1,97203100,3,3,specimen_transfer:+1x0.1,c4aeeee00add15a0,1,50981230.09033283,1246782.1386072189,-0.3143080174922943,-0.0016737282276153564,-0.002726658945903182,0.07418570667505264,0.5127143701951508,38.0,0.039480519480519484
gcn_residual_mdl2_network_ddpg_afd,51,routing_persistent_hotspot_cluster2,pretrain,31,1,1,97203100,3,4,specimen_transfer:-1x0.1,7c1546bf4ce0f43e,1,52079541.625029884,148470.60391016304,-0.3109081983566284,0.0017260909080505371,0.0011891943868249655,0.13764522969722748,0.5127143701951508,40.0,0.0395010395010395
gcn_residual_mdl2_network_ddpg_afd,51,routing_persistent_hotspot_cluster2,pretrain,31,4,4,97203110,3,0,mdl2,e2e3f7207f360962,1,226583833.33203197,0.0,-0.31263428926467896,0.0,-0.0007687323959544301,0.03764523193240166,0.506745665610726,190.0,0.04328534514581026
gcn_residual_mdl2_network_ddpg_afd,51,routing_persistent_hotspot_cluster2,pretrain,31,4,4,97203110,3,1,specimen_transfer:+1x0.05,6cdc1ff2f03cffa8,1,226554011.79101968,29821.54101228714,-0.3138101100921631,-0.0011758208274841309,-0.001747695729136467,0.04449518397450447,0.5064790046919684,190.0,0.043257897149619674
gcn_residual_mdl2_network_ddpg_afd,51,routing_persistent_hotspot_cluster2,pretrain,31,4,4,97203110,3,2,specimen_transfer:-1x0.05,0232a819875e6b6a,1,227348275.50643015,-764442.1743981838,-0.311603307723999,0.0010309815406799316,0.0002102307480527088,0.08764523267745972,0.5064790046919684,191.33333333333334,0.043257897149619674
gcn_residual_mdl2_network_ddpg_afd,51,routing_persistent_hotspot_cluster2,pretrain,31,4,4,97203110,3,3,specimen_transfer:+1x0.1,c4aeeee00add15a0,1,226545994.4304106,37838.90162137151,-0.3143080174922943,-0.0016737282276153564,-0.002726658945903182,0.07418570667505264,0.5064790046919684,190.33333333333334,0.043257897149619674
gcn_residual_mdl2_network_ddpg_afd,51,routing_persistent_hotspot_cluster2,pretrain,31,4,4,97203110,3,4,specimen_transfer:-1x0.1,7c1546bf4ce0f43e,1,228344832.87587073,-1760999.5438387692,-0.3109081983566284,0.0017260909080505371,0.0011891943868249655,0.13764522969722748,0.5064790046919684,193.0,0.043278437545273364
gcn_residual_mdl2_network_ddpg_afd,51,routing_persistent_hotspot_cluster2,pretrain,31,remaining,21,97203120,3,0,mdl2,e2e3f7207f360962,1,1190382660.2148504,0.0,-0.31263428926467896,0.0,-0.0007687323959544301,0.03764523193240166,0.5184820876450279,1123.0,0.059304465286131786
gcn_residual_mdl2_network_ddpg_afd,51,routing_persistent_hotspot_cluster2,pretrain,31,remaining,21,97203120,3,1,specimen_transfer:+1x0.05,6cdc1ff2f03cffa8,1,1191059431.690881,-676771.4760305882,-0.3138101100921631,-0.0011758208274841309,-0.001747695729136467,0.04449518397450447,0.5183570522441759,1121.6666666666667,0.05994042737922798
gcn_residual_mdl2_network_ddpg_afd,51,routing_persistent_hotspot_cluster2,pretrain,31,remaining,21,97203120,3,2,specimen_transfer:-1x0.05,0232a819875e6b6a,1,1188861807.8350239,1520852.3798265457,-0.311603307723999,0.0010309815406799316,0.0002102307480527088,0.08764523267745972,0.5190828887312797,1120.3333333333333,0.05928492270033784
gcn_residual_mdl2_network_ddpg_afd,51,routing_persistent_hotspot_cluster2,pretrain,31,remaining,21,97203120,3,3,specimen_transfer:+1x0.1,c4aeeee00add15a0,1,1190589230.141095,-206569.9262444973,-0.3143080174922943,-0.0016737282276153564,-0.002726658945903182,0.07418570667505264,0.5184180464497264,1123.6666666666667,0.05931537470107992
gcn_residual_mdl2_network_ddpg_afd,51,routing_persistent_hotspot_cluster2,pretrain,31,remaining,21,97203120,3,4,specimen_transfer:-1x0.1,7c1546bf4ce0f43e,1,1191084317.7860048,-701657.571154356,-0.3109081983566284,0.0017260909080505371,0.0011891943868249655,0.13764522969722748,0.5179956574954996,1125.3333333333333,0.05977797621486774
gcn_residual_mdl2_network_ddpg_afd,51,routing_persistent_hotspot_cluster2,pretrain,37,1,1,97203700,3,0,mdl2,627ba98ec819bee8,1,79766165.07948661,0.0,-0.7052033543586731,0.0,-0.0010017459280788898,0.06662853807210922,0.4900836320191158,77.0,0.05067715159458278
gcn_residual_mdl2_network_ddpg_afd,51,routing_persistent_hotspot_cluster2,pretrain,37,1,1,97203700,3,1,specimen_transfer:+1x0.05,312d30494aca8bc9,1,79692334.53135525,73830.5481313616,-0.7036327123641968,0.0015706419944763184,0.00043781675049103796,0.05703362822532654,0.4900836320191158,77.0,0.05067715159458278
gcn_residual_mdl2_network_ddpg_afd,51,routing_persistent_hotspot_cluster2,pretrain,37,1,1,97203700,3,2,specimen_transfer:-1x0.05,5d857093e1b5bb84,1,79914629.14084888,-148464.06136226654,-0.7067922949790955,-0.0015889406204223633,-0.0024413082282990217,0.11662854254245758,0.4900836320191158,77.0,0.05067715159458278
gcn_residual_mdl2_network_ddpg_afd,51,routing_persistent_hotspot_cluster2,pretrain,37,1,1,97203700,3,3,specimen_transfer:+1x0.1,c8cf3958af3b6176,1,79568381.54320604,197783.5362805724,-0.7022868394851685,0.0029165148735046387,0.0018773787887766957,0.10480397194623947,0.4900836320191158,77.0,0.05067715159458278
gcn_residual_mdl2_network_ddpg_afd,51,routing_persistent_hotspot_cluster2,pretrain,37,1,1,97203700,3,4,specimen_transfer:-1x0.1,6a41be857bb294f7,1,79816348.11516392,-50183.035677313805,-0.70821213722229,-0.0030087828636169434,-0.0038808700628578663,0.16662853956222534,0.4900836320191158,77.0,0.05067715159458278
gcn_residual_mdl2_network_ddpg_afd,51,routing_persistent_hotspot_cluster2,pretrain,37,4,4,97203710,3,0,mdl2,627ba98ec819bee8,1,287032138.1322153,0.0,-0.7052033543586731,0.0,-0.0010017459280788898,0.06662853807210922,0.4883386853875023,253.66666666666666,0.05411956530600598
gcn_residual_mdl2_network_ddpg_afd,51,routing_persistent_hotspot_cluster2,pretrain,37,4,4,97203710,3,1,specimen_transfer:+1x0.05,312d30494aca8bc9,1,286651413.0503075,380725.0819078088,-0.7036327123641968,0.0015706419944763184,0.00043781675049103796,0.05703362822532654,0.48811891100163934,253.66666666666666,0.05413415474662614
gcn_residual_mdl2_network_ddpg_afd,51,routing_persistent_hotspot_cluster2,pretrain,37,4,4,97203710,3,2,specimen_transfer:-1x0.05,5d857093e1b5bb84,1,287446262.76650655,-414124.63429123163,-0.7067922949790955,-0.0015889406204223633,-0.0024413082282990217,0.11662854254245758,0.48811891100163934,253.0,0.05413415474662614
gcn_residual_mdl2_network_ddpg_afd,51,routing_persistent_hotspot_cluster2,pretrain,37,4,4,97203710,3,3,specimen_transfer:+1x0.1,c8cf3958af3b6176,1,284095187.872289,2936950.259926319,-0.7022868394851685,0.0029165148735046387,0.0018773787887766957,0.10480397194623947,0.48811891100163934,248.66666666666666,0.05373016851717371
gcn_residual_mdl2_network_ddpg_afd,51,routing_persistent_hotspot_cluster2,pretrain,37,4,4,97203710,3,4,specimen_transfer:-1x0.1,6a41be857bb294f7,1,288658488.7708082,-1626350.6385928988,-0.70821213722229,-0.0030087828636169434,-0.0038808700628578663,0.16662853956222534,0.48811891100163934,255.33333333333334,0.05413415474662614
gcn_residual_mdl2_network_ddpg_afd,51,routing_persistent_hotspot_cluster2,pretrain,37,remaining,15,97203720,3,0,mdl2,627ba98ec819bee8,1,972310141.797496,0.0,-0.7052033543586731,0.0,-0.0010017459280788898,0.06662853807210922,0.49827745419523223,933.6666666666666,0.061751083895403396
gcn_residual_mdl2_network_ddpg_afd,51,routing_persistent_hotspot_cluster2,pretrain,37,remaining,15,97203720,3,1,specimen_transfer:+1x0.05,312d30494aca8bc9,1,972065724.2227427,244417.57475328445,-0.7036327123641968,0.0015706419944763184,0.00043781675049103796,0.05703362822532654,0.49845092519917683,933.6666666666666,0.06105275888021472
gcn_residual_mdl2_network_ddpg_afd,51,routing_persistent_hotspot_cluster2,pretrain,37,remaining,15,97203720,3,2,specimen_transfer:-1x0.05,5d857093e1b5bb84,1,973463873.2693621,-1153731.4718661308,-0.7067922949790955,-0.0015889406204223633,-0.0024413082282990217,0.11662854254245758,0.497870233034698,935.6666666666666,0.06164600161071376
gcn_residual_mdl2_network_ddpg_afd,51,routing_persistent_hotspot_cluster2,pretrain,37,remaining,15,97203720,3,3,specimen_transfer:+1x0.1,c8cf3958af3b6176,1,970169546.0333785,2140595.7641174793,-0.7022868394851685,0.0029165148735046387,0.0018773787887766957,0.10480397194623947,0.4985646283928918,928.3333333333334,0.06029092165082323
gcn_residual_mdl2_network_ddpg_afd,51,routing_persistent_hotspot_cluster2,pretrain,37,remaining,15,97203720,3,4,specimen_transfer:-1x0.1,6a41be857bb294f7,1,972774681.9929094,-464540.19541347027,-0.70821213722229,-0.0030087828636169434,-0.0038808700628578663,0.16662853956222534,0.49792897018594623,936.0,0.06164564874143894
gcn_residual_mdl2_network_ddpg_afd,51,routing_persistent_hotspot_cluster2,pretrain,43,1,1,97204300,3,0,mdl2,8307564b2cc61a74,1,84033693.00778599,0.0,-0.49636226892471313,0.0,-0.002212837105616927,0.0702127143740654,0.4894618375281359,90.0,0.057699512926189585
gcn_residual_mdl2_network_ddpg_afd,51,routing_persistent_hotspot_cluster2,pretrain,43,1,1,97204300,3,1,specimen_transfer:+1x0.05,79730f65eab629b3,1,84863633.05881785,-829940.0510318577,-0.49585461616516113,0.000507652759552002,-0.0015956830466166139,0.041549839079380035,0.4894618375281359,92.0,0.057699512926189585
gcn_residual_mdl2_network_ddpg_afd,51,routing_persistent_hotspot_cluster2,pretrain,43,1,1,97204300,3,2,specimen_transfer:-1x0.05,cdcb80a6ffbd54b5,1,84263633.05881785,-229940.05103185773,-0.4968222379684448,-0.00045996904373168945,-0.0028299910482019186,0.09887558966875076,0.4894618375281359,91.0,0.057699512926189585
gcn_residual_mdl2_network_ddpg_afd,51,routing_persistent_hotspot_cluster2,pretrain,43,1,1,97204300,3,3,specimen_transfer:+1x0.1,3928aa2788631d8e,1,82892177.0955468,1141515.912239194,-0.49516725540161133,0.0011950135231018066,-0.0009785288712009788,0.06275191903114319,0.4894618375281359,89.0,0.057699512926189585
gcn_residual_mdl2_network_ddpg_afd,51,routing_persistent_hotspot_cluster2,pretrain,43,1,1,97204300,3,4,specimen_transfer:-1x0.1,f0384d2ccb3e452b,1,84016856.8955468,16836.112239196897,-0.4974692463874817,-0.0011069774627685547,-0.0034471454564481974,0.13724808394908905,0.4894618375281359,91.0,0.057699512926189585
gcn_residual_mdl2_network_ddpg_afd,51,routing_persistent_hotspot_cluster2,pretrain,43,4,4,97204310,3,0,mdl2,8307564b2cc61a74,1,278045138.58093685,0.0,-0.49636226892471313,0.0,-0.002212837105616927,0.0702127143740654,0.4917453038011949,284.6666666666667,0.0576160485187777
gcn_residual_mdl2_network_ddpg_afd,51,routing_persistent_hotspot_cluster2,pretrain,43,4,4,97204310,3,1,specimen_transfer:+1x0.05,79730f65eab629b3,1,278272148.81813043,-227010.23719358444,-0.49585461616516113,0.000507652759552002,-0.0015956830466166139,0.041549839079380035,0.49168131199214643,286.0,0.05808257522743177
gcn_residual_mdl2_network_ddpg_afd,51,routing_persistent_hotspot_cluster2,pretrain,43,4,4,97204310,3,2,specimen_transfer:-1x0.05,cdcb80a6ffbd54b5,1,278412976.22718376,-367837.6462469101,-0.4968222379684448,-0.00045996904373168945,-0.0028299910482019186,0.09887558966875076,0.4918087233851624,286.0,0.057499416841614186
gcn_residual_mdl2_network_ddpg_afd,51,routing_persistent_hotspot_cluster2,pretrain,43,4,4,97204310,3,3,specimen_transfer:+1x0.1,3928aa2788631d8e,1,275570818.59221953,2474319.9887173176,-0.49516725540161133,0.0011950135231018066,-0.0009785288712009788,0.06275191903114319,0.49187277667750157,280.6666666666667,0.057732680195941216
gcn_residual_mdl2_network_ddpg_afd,51,routing_persistent_hotspot_cluster2,pretrain,43,4,4,97204310,3,4,specimen_transfer:-1x0.1,f0384d2ccb3e452b,1,278993626.28428555,-948487.7033486962,-0.4974692463874817,-0.0011069774627685547,-0.0034471454564481974,0.13724808394908905,0.4917453038011949,287.6666666666667,0.0576160485187777
gcn_residual_mdl2_network_ddpg_afd,51,routing_persistent_hotspot_cluster2,pretrain,43,remaining,9,97204320,3,0,mdl2,8307564b2cc61a74,1,560475870.4540154,0.0,-0.49636226892471313,0.0,-0.002212837105616927,0.0702127143740654,0.49355936928861466,531.6666666666666,0.05878599112423924
gcn_residual_mdl2_network_ddpg_afd,51,routing_persistent_hotspot_cluster2,pretrain,43,remaining,9,97204320,3,1,specimen_transfer:+1x0.05,79730f65eab629b3,1,561448034.810963,-972164.3569476604,-0.49585461616516113,0.000507652759552002,-0.0015956830466166139,0.041549839079380035,0.4932144265965189,534.0,0.05962084831078285
gcn_residual_mdl2_network_ddpg_afd,51,routing_persistent_hotspot_cluster2,pretrain,43,remaining,9,97204320,3,2,specimen_transfer:-1x0.05,cdcb80a6ffbd54b5,1,561248048.3501995,-772177.8961840868,-0.4968222379684448,-0.00045996904373168945,-0.0028299910482019186,0.09887558966875076,0.49321193655252776,533.6666666666666,0.05981884311802344
gcn_residual_mdl2_network_ddpg_afd,51,routing_persistent_hotspot_cluster2,pretrain,43,remaining,9,97204320,3,3,specimen_transfer:+1x0.1,3928aa2788631d8e,1,563124175.8984689,-2648305.444453478,-0.49516725540161133,0.0011950135231018066,-0.0009785288712009788,0.06275191903114319,0.4928699695930397,535.6666666666666,0.06036344462205525
gcn_residual_mdl2_network_ddpg_afd,51,routing_persistent_hotspot_cluster2,pretrain,43,remaining,9,97204320,3,4,specimen_transfer:-1x0.1,f0384d2ccb3e452b,1,562357463.1455401,-1881592.691524744,-0.4974692463874817,-0.0011069774627685547,-0.0034471454564481974,0.13724808394908905,0.4930354564957309,536.6666666666666,0.06003564378740798
gcn_residual_mdl2_network_ddpg_afd,51,routing_persistent_hotspot_cluster2,pretrain,51,1,1,97205100,3,0,mdl2,291dd6ac3c222eb9,1,66678575.6086598,0.0,-0.32034891843795776,0.0,-0.0038528689183294773,0.04943328723311424,0.4828344326061221,49.0,0.06149479659413434
gcn_residual_mdl2_network_ddpg_afd,51,routing_persistent_hotspot_cluster2,pretrain,51,1,1,97205100,3,1,specimen_transfer:+1x0.05,49a2b280278fce62,1,66580265.18205306,98310.42660673708,-0.3201095461845398,0.00023937225341796875,-0.0034476388245821,0.05292889103293419,0.4828344326061221,49.0,0.06149479659413434
gcn_residual_mdl2_network_ddpg_afd,51,routing_persistent_hotspot_cluster2,pretrain,51,1,1,97205100,3,2,specimen_transfer:-1x0.05,233b98e2595c064e,1,67730105.08205307,-1051529.4733932689,-0.32058823108673096,-0.00023931264877319336,-0.004258098546415567,0.08003795146942139,0.4828344326061221,51.0,0.06149479659413434
gcn_residual_mdl2_network_ddpg_afd,51,routing_persistent_hotspot_cluster2,pretrain,51,1,1,97205100,3,3,specimen_transfer:+1x0.1,fd3b4b0a5d6dc2db,1,66333644.3288396,344931.27982019633,-0.3195505738258362,0.000798344612121582,-0.0030424087308347225,0.06996205449104309,0.4828344326061221,49.0,0.06149479659413434
gcn_residual_mdl2_network_ddpg_afd,51,routing_persistent_hotspot_cluster2,pretrain,51,1,1,97205100,3,4,specimen_transfer:-1x0.1,0089f5f9dd32e60a,1,67483324.1288396,-804748.5201798007,-0.3211471438407898,-0.0007982254028320312,-0.0046633281745016575,0.13003794848918915,0.4828344326061221,51.0,0.06149479659413434
gcn_residual_mdl2_network_ddpg_afd,51,routing_persistent_hotspot_cluster2,pretrain,51,4,1,97205110,3,0,mdl2,291dd6ac3c222eb9,1,66678575.6086598,0.0,-0.32034891843795776,0.0,-0.0038528689183294773,0.04943328723311424,0.4828344326061221,49.0,0.06149479659413434
gcn_residual_mdl2_network_ddpg_afd,51,routing_persistent_hotspot_cluster2,pretrain,51,4,1,97205110,3,1,specimen_transfer:+1x0.05,49a2b280278fce62,1,66580265.18205306,98310.42660673708,-0.3201095461845398,0.00023937225341796875,-0.0034476388245821,0.05292889103293419,0.4828344326061221,49.0,0.06149479659413434
gcn_residual_mdl2_network_ddpg_afd,51,routing_persistent_hotspot_cluster2,pretrain,51,4,1,97205110,3,2,specimen_transfer:-1x0.05,233b98e2595c064e,1,67730105.08205307,-1051529.4733932689,-0.32058823108673096,-0.00023931264877319336,-0.004258098546415567,0.08003795146942139,0.4828344326061221,51.0,0.06149479659413434
gcn_residual_mdl2_network_ddpg_afd,51,routing_persistent_hotspot_cluster2,pretrain,51,4,1,97205110,3,3,specimen_transfer:+1x0.1,fd3b4b0a5d6dc2db,1,66333644.3288396,344931.27982019633,-0.3195505738258362,0.000798344612121582,-0.0030424087308347225,0.06996205449104309,0.4828344326061221,49.0,0.06149479659413434
gcn_residual_mdl2_network_ddpg_afd,51,routing_persistent_hotspot_cluster2,pretrain,51,4,1,97205110,3,4,specimen_transfer:-1x0.1,0089f5f9dd32e60a,1,67483324.1288396,-804748.5201798007,-0.3211471438407898,-0.0007982254028320312,-0.0046633281745016575,0.13003794848918915,0.4828344326061221,51.0,0.06149479659413434
gcn_residual_mdl2_network_ddpg_afd,51,routing_persistent_hotspot_cluster2,pretrain,51,remaining,1,97205120,3,0,mdl2,291dd6ac3c222eb9,1,66678575.6086598,0.0,-0.32034891843795776,0.0,-0.0038528689183294773,0.04943328723311424,0.4828344326061221,49.0,0.06149479659413434
gcn_residual_mdl2_network_ddpg_afd,51,routing_persistent_hotspot_cluster2,pretrain,51,remaining,1,97205120,3,1,specimen_transfer:+1x0.05,49a2b280278fce62,1,66580265.18205306,98310.42660673708,-0.3201095461845398,0.00023937225341796875,-0.0034476388245821,0.05292889103293419,0.4828344326061221,49.0,0.06149479659413434
gcn_residual_mdl2_network_ddpg_afd,51,routing_persistent_hotspot_cluster2,pretrain,51,remaining,1,97205120,3,2,specimen_transfer:-1x0.05,233b98e2595c064e,1,67730105.08205307,-1051529.4733932689,-0.32058823108673096,-0.00023931264877319336,-0.004258098546415567,0.08003795146942139,0.4828344326061221,51.0,0.06149479659413434
gcn_residual_mdl2_network_ddpg_afd,51,routing_persistent_hotspot_cluster2,pretrain,51,remaining,1,97205120,3,3,specimen_transfer:+1x0.1,fd3b4b0a5d6dc2db,1,66333644.3288396,344931.27982019633,-0.3195505738258362,0.000798344612121582,-0.0030424087308347225,0.06996205449104309,0.4828344326061221,49.0,0.06149479659413434
gcn_residual_mdl2_network_ddpg_afd,51,routing_persistent_hotspot_cluster2,pretrain,51,remaining,1,97205120,3,4,specimen_transfer:-1x0.1,0089f5f9dd32e60a,1,67483324.1288396,-804748.5201798007,-0.3211471438407898,-0.0007982254028320312,-0.0046633281745016575,0.13003794848918915,0.4828344326061221,51.0,0.06149479659413434
gcn_residual_mdl2_network_ddpg_afd,51,routing_persistent_hotspot_cluster2,episode25,0,1,1,97300000,3,0,mdl2,c3f6e92b0ef189e0,1,1258243.9915517662,0.0,-0.7485047578811646,0.0,0.0,0.0,0.0,0.0,0.0
gcn_residual_mdl2_network_ddpg_afd,51,routing_persistent_hotspot_cluster2,episode25,0,1,1,97300000,3,1,specimen_transfer:+1x0.05,1e04c87b79d8b91c,1,1258243.9915517662,0.0,-0.7565318942070007,-0.008027136325836182,-0.008617427200078964,0.05000000447034836,0.0,0.0,0.0
gcn_residual_mdl2_network_ddpg_afd,51,routing_persistent_hotspot_cluster2,episode25,0,1,1,97300000,3,2,specimen_transfer:-1x0.05,e703fad62afef1c7,1,1258243.9915517662,0.0,-0.7404776215553284,0.008027136325836182,0.008617427200078964,0.05000000074505806,0.0,0.0,0.0
gcn_residual_mdl2_network_ddpg_afd,51,routing_persistent_hotspot_cluster2,episode25,0,1,1,97300000,3,3,specimen_transfer:+1x0.1,4324def4d2621671,1,1258243.9915517662,0.0,-0.7643773555755615,-0.015872597694396973,-0.01723485440015793,0.10000000894069672,0.0,0.0,0.0
gcn_residual_mdl2_network_ddpg_afd,51,routing_persistent_hotspot_cluster2,episode25,0,1,1,97300000,3,4,specimen_transfer:-1x0.1,f860f40738467b6e,1,1258243.9915517662,0.0,-0.7324392795562744,0.016065478324890137,0.01723485253751278,0.10000000149011612,0.0,0.0,0.0
gcn_residual_mdl2_network_ddpg_afd,51,routing_persistent_hotspot_cluster2,episode25,0,4,4,97300010,3,0,mdl2,c3f6e92b0ef189e0,1,26177605.044360776,0.0,-0.7485047578811646,0.0,0.0,0.0,0.18257980357231662,0.0,0.0
gcn_residual_mdl2_network_ddpg_afd,51,routing_persistent_hotspot_cluster2,episode25,0,4,4,97300010,3,1,specimen_transfer:+1x0.05,1e04c87b79d8b91c,1,26177605.044360776,0.0,-0.7565318942070007,-0.008027136325836182,-0.008617427200078964,0.05000000447034836,0.18257980357231662,0.0,0.0
gcn_residual_mdl2_network_ddpg_afd,51,routing_persistent_hotspot_cluster2,episode25,0,4,4,97300010,3,2,specimen_transfer:-1x0.05,e703fad62afef1c7,1,26177605.044360776,0.0,-0.7404776215553284,0.008027136325836182,0.008617427200078964,0.05000000074505806,0.18257980357231662,0.0,0.0
gcn_residual_mdl2_network_ddpg_afd,51,routing_persistent_hotspot_cluster2,episode25,0,4,4,97300010,3,3,specimen_transfer:+1x0.1,4324def4d2621671,1,26177605.044360776,0.0,-0.7643773555755615,-0.015872597694396973,-0.01723485440015793,0.10000000894069672,0.18257980357231662,0.0,0.0
gcn_residual_mdl2_network_ddpg_afd,51,routing_persistent_hotspot_cluster2,episode25,0,4,4,97300010,3,4,specimen_transfer:-1x0.1,f860f40738467b6e,1,26177605.044360776,0.0,-0.7324392795562744,0.016065478324890137,0.01723485253751278,0.10000000149011612,0.18257980357231662,0.0,0.0
gcn_residual_mdl2_network_ddpg_afd,51,routing_persistent_hotspot_cluster2,episode25,0,remaining,52,97300020,3,0,mdl2,c3f6e92b0ef189e0,1,2623314493.576565,0.0,-0.7485047578811646,0.0,0.0,0.0,0.48406762966219374,2338.0,0.06883348810833467
gcn_residual_mdl2_network_ddpg_afd,51,routing_persistent_hotspot_cluster2,episode25,0,remaining,52,97300020,3,1,specimen_transfer:+1x0.05,1e04c87b79d8b91c,1,2623314493.576565,0.0,-0.7565318942070007,-0.008027136325836182,-0.008617427200078964,0.05000000447034836,0.48406762966219374,2338.0,0.06883348810833467
gcn_residual_mdl2_network_ddpg_afd,51,routing_persistent_hotspot_cluster2,episode25,0,remaining,52,97300020,3,2,specimen_transfer:-1x0.05,e703fad62afef1c7,1,2623314493.576565,0.0,-0.7404776215553284,0.008027136325836182,0.008617427200078964,0.05000000074505806,0.48406762966219374,2338.0,0.06883348810833467
gcn_residual_mdl2_network_ddpg_afd,51,routing_persistent_hotspot_cluster2,episode25,0,remaining,52,97300020,3,3,specimen_transfer:+1x0.1,4324def4d2621671,1,2623314493.576565,0.0,-0.7643773555755615,-0.015872597694396973,-0.01723485440015793,0.10000000894069672,0.48406762966219374,2338.0,0.06883348810833467
gcn_residual_mdl2_network_ddpg_afd,51,routing_persistent_hotspot_cluster2,episode25,0,remaining,52,97300020,3,4,specimen_transfer:-1x0.1,f860f40738467b6e,1,2623314493.576565,0.0,-0.7324392795562744,0.016065478324890137,0.01723485253751278,0.10000000149011612,0.48406762966219374,2338.0,0.06883348810833467
gcn_residual_mdl2_network_ddpg_afd,51,routing_persistent_hotspot_cluster2,episode25,6,1,1,97300600,3,0,mdl2,d66d9b020b88fa38,1,17533394.976755105,0.0,-1.4345121383666992,0.0,0.0,0.0,0.35157318741450067,3.0,0.005434782608695652
gcn_residual_mdl2_network_ddpg_afd,51,routing_persistent_hotspot_cluster2,episode25,6,1,1,97300600,3,1,specimen_transfer:+1x0.05,7b2f4aeca80d7893,1,17384842.36339619,148552.61335891485,-1.435868501663208,-0.001356363296508789,-0.0009585184743627906,0.05000000074505806,0.35157318741450067,3.0,0.005434782608695652
gcn_residual_mdl2_network_ddpg_afd,51,routing_persistent_hotspot_cluster2,episode25,6,1,1,97300600,3,2,specimen_transfer:-1x0.05,48f2606d4d65780d,1,17632252.129178718,-98857.15242361277,-1.4331505298614502,0.0013616085052490234,0.0009585183579474688,0.05000000074505806,0.35157318741450067,3.0,0.005434782608695652
gcn_residual_mdl2_network_ddpg_afd,51,routing_persistent_hotspot_cluster2,episode25,6,1,1,97300600,3,3,specimen_transfer:+1x0.1,6f1b7928ea3b2557,1,17186886.75477852,346508.2219765857,-1.4365966320037842,-0.002084493637084961,-0.0019170371815562248,0.10000000149011612,0.35157318741450067,3.0,0.005434782608695652
gcn_residual_mdl2_network_ddpg_afd,51,routing_persistent_hotspot_cluster2,episode25,6,1,1,97300600,3,4,specimen_transfer:-1x0.1,4473ac0215e41f09,1,17731981.783097718,-198586.80634261295,-1.4317042827606201,0.0028078556060791016,0.0019170371815562248,0.10000000149011612,0.35157318741450067,3.0,0.005434782608695652
gcn_residual_mdl2_network_ddpg_afd,51,routing_persistent_hotspot_cluster2,episode25,6,4,4,97300610,3,0,mdl2,d66d9b020b88fa38,1,103010803.2477173,0.0,-1.4345121383666992,0.0,0.0,0.0,0.4205177272830765,55.666666666666664,0.007229173217122807
gcn_residual_mdl2_network_ddpg_afd,51,routing_persistent_hotspot_cluster2,episode25,6,4,4,97300610,3,1,specimen_transfer:+1x0.05,7b2f4aeca80d7893,1,102999140.83341415,11662.414303153753,-1.435868501663208,-0.001356363296508789,-0.0009585184743627906,0.05000000074505806,0.41828315683771083,55.666666666666664,0.007251015824198066
gcn_residual_mdl2_network_ddpg_afd,51,routing_persistent_hotspot_cluster2,episode25,6,4,4,97300610,3,2,specimen_transfer:-1x0.05,48f2606d4d65780d,1,104246856.29740596,-1236053.0496886522,-1.4331505298614502,0.0013616085052490234,0.0009585183579474688,0.05000000074505806,0.4157134289335091,56.666666666666664,0.006657203846845003
gcn_residual_mdl2_network_ddpg_afd,51,routing_persistent_hotspot_cluster2,episode25,6,4,4,97300610,3,3,specimen_transfer:+1x0.1,6f1b7928ea3b2557,1,101259095.433899,1751707.8138183057,-1.4365966320037842,-0.002084493637084961,-0.0019170371815562248,0.10000000149011612,0.41828315683771083,53.0,0.007246679357767735
gcn_residual_mdl2_network_ddpg_afd,51,routing_persistent_hotspot_cluster2,episode25,6,4,4,97300610,3,4,specimen_transfer:-1x0.1,4473ac0215e41f09,1,104068285.78419013,-1057482.5364728272,-1.4317042827606201,0.0028078556060791016,0.0019170371815562248,0.10000000149011612,0.41282654276733455,55.666666666666664,0.006669313463888145
gcn_residual_mdl2_network_ddpg_afd,51,routing_persistent_hotspot_cluster2,episode25,6,remaining,46,97300620,3,0,mdl2,d66d9b020b88fa38,1,2517656554.2266912,0.0,-1.4345121383666992,0.0,0.0,0.0,0.4910013520474327,2269.6666666666665,0.06670038549978062
gcn_residual_mdl2_network_ddpg_afd,51,routing_persistent_hotspot_cluster2,episode25,6,remaining,46,97300620,3,1,specimen_transfer:+1x0.05,7b2f4aeca80d7893,1,2520684187.6978736,-3027633.4711823463,-1.435868501663208,-0.001356363296508789,-0.0009585184743627906,0.05000000074505806,0.49105295660334275,2261.6666666666665,0.06711249303204725
gcn_residual_mdl2_network_ddpg_afd,51,routing_persistent_hotspot_cluster2,episode25,6,remaining,46,97300620,3,2,specimen_transfer:-1x0.05,48f2606d4d65780d,1,2521028233.9541297,-3371679.72743845,-1.4331505298614502,0.0013616085052490234,0.0009585183579474688,0.05000000074505806,0.49050325738901623,2264.6666666666665,0.0672231542935159
gcn_residual_mdl2_network_ddpg_afd,51,routing_persistent_hotspot_cluster2,episode25,6,remaining,46,97300620,3,3,specimen_transfer:+1x0.1,6f1b7928ea3b2557,1,2521472044.4724317,-3815490.2457404137,-1.4365966320037842,-0.002084493637084961,-0.0019170371815562248,0.10000000149011612,0.49152826317769266,2259.6666666666665,0.0669038388636314
gcn_residual_mdl2_network_ddpg_afd,51,routing_persistent_hotspot_cluster2,episode25,6,remaining,46,97300620,3,4,specimen_transfer:-1x0.1,4473ac0215e41f09,1,2532041509.952954,-14384955.72626257,-1.4317042827606201,0.0028078556060791016,0.0019170371815562248,0.10000000149011612,0.490006832833648,2268.3333333333335,0.06694592265001191
gcn_residual_mdl2_network_ddpg_afd,51,routing_persistent_hotspot_cluster2,episode25,12,1,1,97301200,3,0,mdl2,8dcd487b84254e49,1,48720040.476823546,0.0,-1.4349076747894287,0.0,-0.00029695575358346105,0.012685045599937439,0.45724907063197023,49.0,0.012228260869565218
gcn_residual_mdl2_network_ddpg_afd,51,routing_persistent_hotspot_cluster2,episode25,12,1,1,97301200,3,1,specimen_transfer:+1x0.05,ea9fb8c75ff9a853,1,48645496.43947647,74544.03734707832,-1.436938762664795,-0.002031087875366211,-0.0019346295157447457,0.06101982295513153,0.45724907063197023,49.0,0.012211668928086838
gcn_residual_mdl2_network_ddpg_afd,51,routing_persistent_hotspot_cluster2,episode25,12,1,1,97301200,3,2,specimen_transfer:-1x0.05,d7fb98cd8d6ae5ff,1,48821889.84763032,-101849.37080677599,-1.4335119724273682,0.0013957023620605469,0.00134071777574718,0.04324442148208618,0.45724907063197023,49.0,0.012278308321964531
gcn_residual_mdl2_network_ddpg_afd,51,routing_persistent_hotspot_cluster2,episode25,12,1,1,97301200,3,3,specimen_transfer:+1x0.1,a9a6b6e07dc2f1bf,1,48473878.05520972,246162.42161382735,-1.4386041164398193,-0.003696441650390625,-0.003572302870452404,0.11101981997489929,0.45724907063197023,49.0,0.012211668928086838
gcn_residual_mdl2_network_ddpg_afd,51,routing_persistent_hotspot_cluster2,episode25,12,1,1,97301200,3,4,specimen_transfer:-1x0.1,080f64734ce195f5,1,48742034.288876705,-21993.81205315888,-1.4315857887268066,0.0033218860626220703,0.0029783921781927347,0.08898018300533295,0.45724907063197023,49.0,0.012311901504787962
gcn_residual_mdl2_network_ddpg_afd,51,routing_persistent_hotspot_cluster2,episode25,12,4,4,97301210,3,0,mdl2,8dcd487b84254e49,1,198600927.1588165,0.0,-1.4349076747894287,0.0,-0.00029695575358346105,0.012685045599937439,0.47658590693005487,199.33333333333334,0.019530410670374757
gcn_residual_mdl2_network_ddpg_afd,51,routing_persistent_hotspot_cluster2,episode25,12,4,4,97301210,3,1,specimen_transfer:+1x0.05,ea9fb8c75ff9a853,1,196858075.2535502,1742851.905266285,-1.436938762664795,-0.002031087875366211,-0.0019346295157447457,0.06101982295513153,0.4777919430237958,197.0,0.017711156506128964
gcn_residual_mdl2_network_ddpg_afd,51,routing_persistent_hotspot_cluster2,episode25,12,4,4,97301210,3,2,specimen_transfer:-1x0.05,d7fb98cd8d6ae5ff,1,199493134.4787583,-892207.3199418187,-1.4335119724273682,0.0013957023620605469,0.00134071777574718,0.04324442148208618,0.47618332985331874,200.0,0.018128273675407983
gcn_residual_mdl2_network_ddpg_afd,51,routing_persistent_hotspot_cluster2,episode25,12,4,4,97301210,3,3,specimen_transfer:+1x0.1,a9a6b6e07dc2f1bf,1,196824928.15005943,1775999.0087570548,-1.4386041164398193,-0.003696441650390625,-0.003572302870452404,0.11101981997489929,0.4773904566173928,197.66666666666666,0.01734765232583089
gcn_residual_mdl2_network_ddpg_afd,51,routing_persistent_hotspot_cluster2,episode25,12,4,4,97301210,3,4,specimen_transfer:-1x0.1,080f64734ce195f5,1,199494371.44477198,-893444.2859554887,-1.4315857887268066,0.0033218860626220703,0.0029783921781927347,0.08898018300533295,0.4749772937595778,199.33333333333334,0.018165958108322302
gcn_residual_mdl2_network_ddpg_afd,51,routing_persistent_hotspot_cluster2,episode25,12,remaining,40,97301220,3,0,mdl2,8dcd487b84254e49,1,2437649661.18684,0.0,-1.4349076747894287,0.0,-0.00029695575358346105,0.012685045599937439,0.47422156844508406,2274.6666666666665,0.0667640051725792
gcn_residual_mdl2_network_ddpg_afd,51,routing_persistent_hotspot_cluster2,episode25,12,remaining,40,97301220,3,1,specimen_transfer:+1x0.05,ea9fb8c75ff9a853,1,2439427951.0307746,-1778289.843934536,-1.436938762664795,-0.002031087875366211,-0.0019346295157447457,0.06101982295513153,0.4739438894716641,2279.3333333333335,0.06540868412255724
gcn_residual_mdl2_network_ddpg_afd,51,routing_persistent_hotspot_cluster2,episode25,12,remaining,40,97301220,3,2,specimen_transfer:-1x0.05,d7fb98cd8d6ae5ff,1,2441590961.4059353,-3941300.21909523,-1.4335119724273682,0.0013957023620605469,0.00134071777574718,0.04324442148208618,0.4733913088344537,2277.6666666666665,0.06510772330789578
gcn_residual_mdl2_network_ddpg_afd,51,routing_persistent_hotspot_cluster2,episode25,12,remaining,40,97301220,3,3,specimen_transfer:+1x0.1,a9a6b6e07dc2f1bf,1,2438584496.2657704,-934835.078930378,-1.4386041164398193,-0.003696441650390625,-0.003572302870452404,0.11101981997489929,0.4739435272138864,2276.0,0.06587374567616971
gcn_residual_mdl2_network_ddpg_afd,51,routing_persistent_hotspot_cluster2,episode25,12,remaining,40,97301220,3,4,specimen_transfer:-1x0.1,080f64734ce195f5,1,2439236415.2910113,-1586754.104171276,-1.4315857887268066,0.0033218860626220703,0.0029783921781927347,0.08898018300533295,0.4737839413679317,2272.6666666666665,0.065800769789974
gcn_residual_mdl2_network_ddpg_afd,51,routing_persistent_hotspot_cluster2,episode25,18,1,1,97301800,3,0,mdl2,c51be61b7053348c,1,46157624.81153896,0.0,-1.3008530139923096,0.0,0.0,0.0,0.4880650076180803,38.0,0.02348690153568202
gcn_residual_mdl2_network_ddpg_afd,51,routing_persistent_hotspot_cluster2,episode25,18,1,1,97301800,3,1,specimen_transfer:+1x0.05,8e445ae79fbff4fc,1,47012693.73138169,-855068.9198427349,-1.3051717281341553,-0.004318714141845703,-0.0029665417969226837,0.05000000074505806,0.4880650076180803,40.0,0.02348690153568202
gcn_residual_mdl2_network_ddpg_afd,51,routing_persistent_hotspot_cluster2,episode25,18,1,1,97301800,3,2,specimen_transfer:-1x0.05,71b010bf35f0aae3,1,46052556.83263292,105067.97890603542,-1.2970569133758545,0.003796100616455078,0.0029665417969226837,0.05000000074505806,0.4880650076180803,38.0,0.023550724637681163
gcn_residual_mdl2_network_ddpg_afd,51,routing_persistent_hotspot_cluster2,episode25,18,1,1,97301800,3,3,specimen_transfer:+1x0.1,d6f98fe5ce5f50a7,1,46717825.909791805,-560201.0982528478,-1.3083462715148926,-0.007493257522583008,-0.005933083593845367,0.10000000149011612,0.4880650076180803,40.0,0.02348690153568202
gcn_residual_mdl2_network_ddpg_afd,51,routing_persistent_hotspot_cluster2,episode25,18,1,1,97301800,3,4,specimen_transfer:-1x0.1,b104ace980e0d237,1,45955994.80976197,201630.00177698582,-1.2939808368682861,0.0068721771240234375,0.005933083593845367,0.10000000149011612,0.4880650076180803,38.0,0.023614895549500452
gcn_residual_mdl2_network_ddpg_afd,51,routing_persistent_hotspot_cluster2,episode25,18,4,4,97301810,3,0,mdl2,c51be61b7053348c,1,187160828.6403086,0.0,-1.3008530139923096,0.0,0.0,0.0,0.4966035860670233,157.0,0.026234567901234563
gcn_residual_mdl2_network_ddpg_afd,51,routing_persistent_hotspot_cluster2,episode25,18,4,4,97301810,3,1,specimen_transfer:+1x0.05,8e445ae79fbff4fc,1,185974212.2272613,1186616.413047284,-1.3051717281341553,-0.004318714141845703,-0.0029665417969226837,0.05000000074505806,0.4968979498217893,156.66666666666666,0.02546296296296296
gcn_residual_mdl2_network_ddpg_afd,51,routing_persistent_hotspot_cluster2,episode25,18,4,4,97301810,3,2,specimen_transfer:-1x0.05,71b010bf35f0aae3,1,186530330.77485847,630497.865450114,-1.2970569133758545,0.003796100616455078,0.0029665417969226837,0.05000000074505806,0.4948663071864023,155.33333333333334,0.025779840164990978
gcn_residual_mdl2_network_ddpg_afd,51,routing_persistent_hotspot_cluster2,episode25,18,4,4,97301810,3,3,specimen_transfer:+1x0.1,d6f98fe5ce5f50a7,1,183723676.70960316,3437151.930705428,-1.3083462715148926,-0.007493257522583008,-0.005933083593845367,0.10000000149011612,0.49747773888659436,153.66666666666666,0.024691358024691357
gcn_residual_mdl2_network_ddpg_afd,51,routing_persistent_hotspot_cluster2,episode25,18,4,4,97301810,3,4,specimen_transfer:-1x0.1,b104ace980e0d237,1,186573396.00448093,587432.6358276606,-1.2939808368682861,0.0068721771240234375,0.005933083593845367,0.10000000149011612,0.4935605913363062,155.0,0.025839793281653745
gcn_residual_mdl2_network_ddpg_afd,51,routing_persistent_hotspot_cluster2,episode25,18,remaining,34,97301820,3,0,mdl2,c51be61b7053348c,1,2007114665.7401927,0.0,-1.3008530139923096,0.0,0.0,0.0,0.5038175675364295,1852.6666666666667,0.061841636986899325
gcn_residual_mdl2_network_ddpg_afd,51,routing_persistent_hotspot_cluster2,episode25,18,remaining,34,97301820,3,1,specimen_transfer:+1x0.05,8e445ae79fbff4fc,1,2007918347.398466,-803681.6582734585,-1.3051717281341553,-0.004318714141845703,-0.0029665417969226837,0.05000000074505806,0.5042808728140549,1850.3333333333333,0.06060346695670865
gcn_residual_mdl2_network_ddpg_afd,51,routing_persistent_hotspot_cluster2,episode25,18,remaining,34,97301820,3,2,specimen_transfer:-1x0.05,71b010bf35f0aae3,1,2009524691.9992864,-2410026.2590937614,-1.2970569133758545,0.003796100616455078,0.0029665417969226837,0.05000000074505806,0.5034387484193154,1853.3333333333333,0.0612745058162214
gcn_residual_mdl2_network_ddpg_afd,51,routing_persistent_hotspot_cluster2,episode25,18,remaining,34,97301820,3,3,specimen_transfer:+1x0.1,d6f98fe5ce5f50a7,1,2010716837.1545706,-3602171.414377928,-1.3083462715148926,-0.007493257522583008,-0.005933083593845367,0.10000000149011612,0.5034587070474659,1854.6666666666667,0.06263353722398957
gcn_residual_mdl2_network_ddpg_afd,51,routing_persistent_hotspot_cluster2,episode25,18,remaining,34,97301820,3,4,specimen_transfer:-1x0.1,b104ace980e0d237,1,2012173500.438823,-5058834.698630333,-1.2939808368682861,0.0068721771240234375,0.005933083593845367,0.10000000149011612,0.5024448603294762,1856.3333333333333,0.06292238165402529
gcn_residual_mdl2_network_ddpg_afd,51,routing_persistent_hotspot_cluster2,episode25,25,1,1,97302500,3,0,mdl2,ab40eb788ac9631b,1,49686218.62920753,0.0,-1.137132167816162,0.0,0.0,0.0,0.515309932785661,49.0,0.035392535392535396
gcn_residual_mdl2_network_ddpg_afd,51,routing_persistent_hotspot_cluster2,episode25,25,1,1,97302500,3,1,specimen_transfer:+1x0.05,eabbe4840a5c2b48,1,50142301.21506963,-456082.5858621001,-1.1386709213256836,-0.0015387535095214844,-0.0008438833756372333,0.05000000074505806,0.515309932785661,50.0,0.035392535392535396
gcn_residual_mdl2_network_ddpg_afd,51,routing_persistent_hotspot_cluster2,episode25,25,1,1,97302500,3,2,specimen_transfer:-1x0.05,47d4fda527fdcc6e,1,49410013.70624574,276204.9229617864,-1.1353580951690674,0.0017740726470947266,0.0008438832592219114,0.05000000074505806,0.515309932785661,49.0,0.0355297157622739
gcn_residual_mdl2_network_ddpg_afd,51,routing_persistent_hotspot_cluster2,episode25,25,1,1,97302500,3,3,specimen_transfer:+1x0.1,16556de238cb1820,1,50225169.85143139,-538951.222223863,-1.1393439769744873,-0.0022118091583251953,-0.0016877667512744665,0.10000000149011612,0.515309932785661,51.0,0.035392535392535396
gcn_residual_mdl2_network_ddpg_afd,51,routing_persistent_hotspot_cluster2,episode25,25,1,1,97302500,3,4,specimen_transfer:-1x0.1,516c28ed8d71512e,1,49064426.106068514,621792.5231390148,-1.1330183744430542,0.00411379337310791,0.0016877669841051102,0.10000000149011612,0.515309932785661,49.0,0.03559870550161812
gcn_residual_mdl2_network_ddpg_afd,51,routing_persistent_hotspot_cluster2,episode25,25,4,4,97302510,3,0,mdl2,ab40eb788ac9631b,1,195351199.0128819,0.0,-1.137132167816162,0.0,0.0,0.0,0.5125905070759497,180.66666666666666,0.03956422018348624
gcn_residual_mdl2_network_ddpg_afd,51,routing_persistent_hotspot_cluster2,episode25,25,4,4,97302510,3,1,specimen_transfer:+1x0.05,eabbe4840a5c2b48,1,193855293.64266643,1495905.3702154756,-1.1386709213256836,-0.0015387535095214844,-0.0008438833756372333,0.05000000074505806,0.5129197238435002,178.33333333333334,0.03727064220183486
gcn_residual_mdl2_network_ddpg_afd,51,routing_persistent_hotspot_cluster2,episode25,25,4,4,97302510,3,2,specimen_transfer:-1x0.05,47d4fda527fdcc6e,1,196463743.1749663,-1112544.1620844007,-1.1353580951690674,0.0017740726470947266,0.0008438832592219114,0.05000000074505806,0.5119320735408489,182.33333333333334,0.039125431530494824
gcn_residual_mdl2_network_ddpg_afd,51,routing_persistent_hotspot_cluster2,episode25,25,4,4,97302510,3,3,specimen_transfer:+1x0.1,16556de238cb1820,1,193889061.81398702,1462137.1988948882,-1.1393439769744873,-0.0022118091583251953,-0.0016877667512744665,0.10000000149011612,0.5129197238435002,180.0,0.03728490574649687
gcn_residual_mdl2_network_ddpg_afd,51,routing_persistent_hotspot_cluster2,episode25,25,4,4,97302510,3,4,specimen_transfer:-1x0.1,516c28ed8d71512e,1,198996514.75125548,-3645315.7383735776,-1.1330183744430542,0.00411379337310791,0.0016877669841051102,0.10000000149011612,0.5116028567732985,187.33333333333334,0.03900838405091369
gcn_residual_mdl2_network_ddpg_afd,51,routing_persistent_hotspot_cluster2,episode25,25,remaining,27,97302520,3,0,mdl2,ab40eb788ac9631b,1,1549350245.6099489,0.0,-1.137132167816162,0.0,0.0,0.0,0.5094068638606508,1408.0,0.05665294661548707
gcn_residual_mdl2_network_ddpg_afd,51,routing_persistent_hotspot_cluster2,episode25,25,remaining,27,97302520,3,1,specimen_transfer:+1x0.05,eabbe4840a5c2b48,1,1542820939.8504903,6529305.759458542,-1.1386709213256836,-0.0015387535095214844,-0.0008438833756372333,0.05000000074505806,0.5116302782012501,1398.6666666666667,0.05294972905265127
gcn_residual_mdl2_network_ddpg_afd,51,routing_persistent_hotspot_cluster2,episode25,25,remaining,27,97302520,3,2,specimen_transfer:-1x0.05,47d4fda527fdcc6e,1,1550440513.3574693,-1090267.7475204468,-1.1353580951690674,0.0017740726470947266,0.0008438832592219114,0.05000000074505806,0.5089174097983308,1414.0,0.05624254233478848
gcn_residual_mdl2_network_ddpg_afd,51,routing_persistent_hotspot_cluster2,episode25,25,remaining,27,97302520,3,3,specimen_transfer:+1x0.1,16556de238cb1820,1,1541376671.85762,7973573.752328873,-1.1393439769744873,-0.0022118091583251953,-0.0016877667512744665,0.10000000149011612,0.5112886112569472,1398.0,0.0529264692398298
gcn_residual_mdl2_network_ddpg_afd,51,routing_persistent_hotspot_cluster2,episode25,25,remaining,27,97302520,3,4,specimen_transfer:-1x0.1,516c28ed8d71512e,1,1548111373.2582362,1238872.3517127037,-1.1330183744430542,0.00411379337310791,0.0016877669841051102,0.10000000149011612,0.5086431795352633,1413.0,0.055936816812869654
gcn_residual_mdl2_network_ddpg_afd,51,routing_persistent_hotspot_cluster2,episode25,31,1,1,97303100,3,0,mdl2,e2e3f7207f360962,1,52228012.22894005,0.0,-0.5435413122177124,0.0,-0.0021588399540632963,0.037623707205057144,0.5127143701951508,40.0,0.0395010395010395
gcn_residual_mdl2_network_ddpg_afd,51,routing_persistent_hotspot_cluster2,episode25,31,1,1,97303100,3,1,specimen_transfer:+1x0.05,6cdc1ff2f03cffa8,1,51629346.90704081,598665.3218992352,-0.5478118062019348,-0.004270493984222412,-0.005790084600448608,0.04441452771425247,0.5127143701951508,39.0,0.039480519480519484
gcn_residual_mdl2_network_ddpg_afd,51,routing_persistent_hotspot_cluster2,episode25,31,1,1,97303100,3,2,specimen_transfer:-1x0.05,0232a819875e6b6a,1,52227978.64173787,33.58720217645168,-0.540781557559967,0.0027597546577453613,0.0014724032953381538,0.0876237079501152,0.5127143701951508,40.0,0.039480519480519484
gcn_residual_mdl2_network_ddpg_afd,51,routing_persistent_hotspot_cluster2,episode25,31,1,1,97303100,3,3,specimen_transfer:+1x0.1,c4aeeee00add15a0,1,50981230.09033283,1246782.1386072189,-0.5493213534355164,-0.005780041217803955,-0.009421329014003277,0.07410504668951035,0.5127143701951508,38.0,0.039480519480519484
gcn_residual_mdl2_network_ddpg_afd,51,routing_persistent_hotspot_cluster2,episode25,31,1,1,97303100,3,4,specimen_transfer:-1x0.1,7c1546bf4ce0f43e,1,52079541.625029884,148470.60391016304,-0.5396870970726013,0.003854215145111084,0.005103648640215397,0.13762371242046356,0.5127143701951508,40.0,0.0395010395010395
gcn_residual_mdl2_network_ddpg_afd,51,routing_persistent_hotspot_cluster2,episode25,31,4,4,97303110,3,0,mdl2,e2e3f7207f360962,1,219721962.57056543,0.0,-0.5435413122177124,0.0,-0.0021588399540632963,0.037623707205057144,0.5158643175290832,190.33333333333334,0.04309245335898378
gcn_residual_mdl2_network_ddpg_afd,51,routing_persistent_hotspot_cluster2,episode25,31,4,4,97303110,3,1,specimen_transfer:+1x0.05,6cdc1ff2f03cffa8,1,220126609.82184896,-404647.2512835264,-0.5478118062019348,-0.004270493984222412,-0.005790084600448608,0.04441452771425247,0.5155928581248439,191.0,0.04308561093989539
gcn_residual_mdl2_network_ddpg_afd,51,routing_persistent_hotspot_cluster2,episode25,31,4,4,97303110,3,2,specimen_transfer:-1x0.05,0232a819875e6b6a,1,220813360.19138503,-1091397.6208195984,-0.540781557559967,0.0027597546577453613,0.0014724032953381538,0.0876237079501152,0.5155928581248439,192.0,0.04307876201660634
gcn_residual_mdl2_network_ddpg_afd,51,routing_persistent_hotspot_cluster2,episode25,31,4,4,97303110,3,3,specimen_transfer:+1x0.1,c4aeeee00add15a0,1,220151368.29561207,-429405.7250466347,-0.5493213534355164,-0.005780041217803955,-0.009421329014003277,0.07410504668951035,0.5155928581248439,191.33333333333334,0.04308561093989539
gcn_residual_mdl2_network_ddpg_afd,51,routing_persistent_hotspot_cluster2,episode25,31,4,4,97303110,3,4,specimen_transfer:-1x0.1,7c1546bf4ce0f43e,1,221593109.2973908,-1871146.7268253565,-0.5396870970726013,0.003854215145111084,0.005103648640215397,0.13762371242046356,0.5155928581248439,193.33333333333334,0.04309930228227283
gcn_residual_mdl2_network_ddpg_afd,51,routing_persistent_hotspot_cluster2,episode25,31,remaining,21,97303120,3,0,mdl2,e2e3f7207f360962,1,1197524277.0415273,0.0,-0.5435413122177124,0.0,-0.0021588399540632963,0.037623707205057144,0.5167107399812082,1101.0,0.05557061701282922
gcn_residual_mdl2_network_ddpg_afd,51,routing_persistent_hotspot_cluster2,episode25,31,remaining,21,97303120,3,1,specimen_transfer:+1x0.05,6cdc1ff2f03cffa8,1,1199806151.0763428,-2281874.03481555,-0.5478118062019348,-0.004270493984222412,-0.005790084600448608,0.04441452771425247,0.5165284003371488,1103.3333333333333,0.056293625980389596
gcn_residual_mdl2_network_ddpg_afd,51,routing_persistent_hotspot_cluster2,episode25,31,remaining,21,97303120,3,2,specimen_transfer:-1x0.05,0232a819875e6b6a,1,1198318049.470827,-793772.4292998314,-0.540781557559967,0.0027597546577453613,0.0014724032953381538,0.0876237079501152,0.5168312291673037,1102.0,0.055972742936956386
gcn_residual_mdl2_network_ddpg_afd,51,routing_persistent_hotspot_cluster2,episode25,31,remaining,21,97303120,3,3,specimen_transfer:+1x0.1,c4aeeee00add15a0,1,1200647471.202052,-3123194.160524845,-0.5493213534355164,-0.005780041217803955,-0.009421329014003277,0.07410504668951035,0.5164679762933024,1105.3333333333333,0.056281296346536946
gcn_residual_mdl2_network_ddpg_afd,51,routing_persistent_hotspot_cluster2,episode25,31,remaining,21,97303120,3,4,specimen_transfer:-1x0.1,7c1546bf4ce0f43e,1,1196689067.0616205,835209.9799067974,-0.5396870970726013,0.003854215145111084,0.005103648640215397,0.13762371242046356,0.5168890102085106,1101.3333333333333,0.055552242465100064
gcn_residual_mdl2_network_ddpg_afd,51,routing_persistent_hotspot_cluster2,episode25,37,1,1,97303700,3,0,mdl2,627ba98ec819bee8,1,79766165.07948661,0.0,-0.9047070145606995,0.0,-0.0019458448514342308,0.06624674052000046,0.4900836320191158,77.0,0.05067715159458278
gcn_residual_mdl2_network_ddpg_afd,51,routing_persistent_hotspot_cluster2,episode25,37,1,1,97303700,3,1,specimen_transfer:+1x0.05,312d30494aca8bc9,1,79692334.53135525,73830.5481313616,-0.9031665921211243,0.0015404224395751953,-0.0005929014296270907,0.05735974386334419,0.4900836320191158,77.0,0.05067715159458278
gcn_residual_mdl2_network_ddpg_afd,51,routing_persistent_hotspot_cluster2,episode25,37,1,1,97303700,3,2,specimen_transfer:-1x0.05,5d857093e1b5bb84,1,79914629.14084888,-148464.06136226654,-0.9062784314155579,-0.0015714168548583984,-0.0032987878657877445,0.11624674499034882,0.4900836320191158,77.0,0.05067715159458278
gcn_residual_mdl2_network_ddpg_afd,51,routing_persistent_hotspot_cluster2,episode25,37,1,1,97303700,3,3,specimen_transfer:+1x0.1,c8cf3958af3b6176,1,79568381.54320604,197783.5362805724,-0.9021152257919312,0.0025917887687683105,0.0007600416429340839,0.10513009130954742,0.4900836320191158,77.0,0.05067715159458278
gcn_residual_mdl2_network_ddpg_afd,51,routing_persistent_hotspot_cluster2,episode25,37,1,1,97303700,3,4,specimen_transfer:-1x0.1,6a41be857bb294f7,1,79816348.11516392,-50183.035677313805,-0.9075803160667419,-0.0028733015060424805,-0.004651730414479971,0.16624674201011658,0.4900836320191158,77.0,0.05067715159458278
gcn_residual_mdl2_network_ddpg_afd,51,routing_persistent_hotspot_cluster2,episode25,37,4,4,97303710,3,0,mdl2,627ba98ec819bee8,1,288961541.03808576,0.0,-0.9047070145606995,0.0,-0.0019458448514342308,0.06624674052000046,0.4862676360653861,253.66666666666666,0.05408314469986942
gcn_residual_mdl2_network_ddpg_afd,51,routing_persistent_hotspot_cluster2,episode25,37,4,4,97303710,3,1,specimen_transfer:+1x0.05,312d30494aca8bc9,1,288380020.030402,581521.007683754,-0.9031665921211243,0.0015404224395751953,-0.0005929014296270907,0.05735974386334419,0.48604879374492455,253.33333333333334,0.05410501119090791
gcn_residual_mdl2_network_ddpg_afd,51,routing_persistent_hotspot_cluster2,episode25,37,4,4,97303710,3,2,specimen_transfer:-1x0.05,5d857093e1b5bb84,1,289559483.84895754,-597942.8108717799,-0.9062784314155579,-0.0015714168548583984,-0.0032987878657877445,0.11624674499034882,0.48604879374492455,254.0,0.05410501119090791
gcn_residual_mdl2_network_ddpg_afd,51,routing_persistent_hotspot_cluster2,episode25,37,4,4,97303710,3,3,specimen_transfer:+1x0.1,c8cf3958af3b6176,1,287071207.01124567,1890334.0268400908,-0.9021152257919312,0.0025917887687683105,0.0007600416429340839,0.10513009130954742,0.48604879374492455,251.33333333333334,0.05370124245067725
gcn_residual_mdl2_network_ddpg_afd,51,routing_persistent_hotspot_cluster2,episode25,37,4,4,97303710,3,4,specimen_transfer:-1x0.1,6a41be857bb294f7,1,290517225.7436655,-1555684.7055797577,-0.9075803160667419,-0.0028733015060424805,-0.004651730414479971,0.16624674201011658,0.48604879374492455,255.66666666666666,0.05410501119090791
gcn_residual_mdl2_network_ddpg_afd,51,routing_persistent_hotspot_cluster2,episode25,37,remaining,15,97303720,3,0,mdl2,627ba98ec819bee8,1,1039696279.8994102,0.0,-0.9047070145606995,0.0,-0.0019458448514342308,0.06624674052000046,0.48300577760384317,977.0,0.06202552090624358
gcn_residual_mdl2_network_ddpg_afd,51,routing_persistent_hotspot_cluster2,episode25,37,remaining,15,97303720,3,1,specimen_transfer:+1x0.05,312d30494aca8bc9,1,1037920160.214701,1776119.6847091913,-0.9031665921211243,0.0015404224395751953,-0.0005929014296270907,0.05735974386334419,0.483399411351942,975.6666666666666,0.06088430810477032
gcn_residual_mdl2_network_ddpg_afd,51,routing_persistent_hotspot_cluster2,episode25,37,remaining,15,97303720,3,2,specimen_transfer:-1x0.05,5d857093e1b5bb84,1,1040312211.1600279,-615931.2606176138,-0.9062784314155579,-0.0015714168548583984,-0.0032987878657877445,0.11624674499034882,0.48283107459895147,978.6666666666666,0.0623284905487462
gcn_residual_mdl2_network_ddpg_afd,51,routing_persistent_hotspot_cluster2,episode25,37,remaining,15,97303720,3,3,specimen_transfer:+1x0.1,c8cf3958af3b6176,1,1037005095.1576905,2691184.7417197227,-0.9021152257919312,0.0025917887687683105,0.0007600416429340839,0.10513009130954742,0.4837332464969837,972.0,0.06075326065179785
gcn_residual_mdl2_network_ddpg_afd,51,routing_persistent_hotspot_cluster2,episode25,37,remaining,15,97303720,3,4,specimen_transfer:-1x0.1,6a41be857bb294f7,1,1039797747.9447902,-101468.0453799963,-0.9075803160667419,-0.0028733015060424805,-0.004651730414479971,0.16624674201011658,0.4828341851810902,978.6666666666666,0.062361719131757844
gcn_residual_mdl2_network_ddpg_afd,51,routing_persistent_hotspot_cluster2,episode25,43,1,1,97304300,3,0,mdl2,8307564b2cc61a74,1,84033693.00778599,0.0,-0.46230390667915344,0.0,-0.006084926426410675,0.07021366059780121,0.4894618375281359,90.0,0.057699512926189585
gcn_residual_mdl2_network_ddpg_afd,51,routing_persistent_hotspot_cluster2,episode25,43,1,1,97304300,3,1,specimen_transfer:+1x0.05,79730f65eab629b3,1,84863633.05881785,-829940.0510318577,-0.4626040756702423,-0.0003001689910888672,-0.005805968306958675,0.041550785303115845,0.4894618375281359,92.0,0.057699512926189585
gcn_residual_mdl2_network_ddpg_afd,51,routing_persistent_hotspot_cluster2,episode25,43,1,1,97304300,3,2,specimen_transfer:-1x0.05,cdcb80a6ffbd54b5,1,84263633.05881785,-229940.05103185773,-0.4618295729160309,0.0004743337631225586,-0.006363884080201387,0.09887653589248657,0.4894618375281359,91.0,0.057699512926189585
gcn_residual_mdl2_network_ddpg_afd,51,routing_persistent_hotspot_cluster2,episode25,43,1,1,97304300,3,3,specimen_transfer:+1x0.1,3928aa2788631d8e,1,82892177.0955468,1141515.912239194,-0.461565226316452,0.000738680362701416,-0.005527010653167963,0.06319732964038849,0.4894618375281359,89.0,0.057699512926189585
gcn_residual_mdl2_network_ddpg_afd,51,routing_persistent_hotspot_cluster2,episode25,43,1,1,97304300,3,4,specimen_transfer:-1x0.1,f0384d2ccb3e452b,1,84016856.8955468,16836.112239196897,-0.4626382887363434,-0.0003343820571899414,-0.0066428417339921,0.13680267333984375,0.4894618375281359,91.0,0.057699512926189585
gcn_residual_mdl2_network_ddpg_afd,51,routing_persistent_hotspot_cluster2,episode25,43,4,4,97304310,3,0,mdl2,8307564b2cc61a74,1,281610558.3450434,0.0,-0.46230390667915344,0.0,-0.006084926426410675,0.07021366059780121,0.48878131402209074,286.6666666666667,0.05738278516445067
gcn_residual_mdl2_network_ddpg_afd,51,routing_persistent_hotspot_cluster2,episode25,43,4,4,97304310,3,1,specimen_transfer:+1x0.05,79730f65eab629b3,1,281120811.5202057,489746.82483774424,-0.4626040756702423,-0.0003001689910888672,-0.005805968306958675,0.041550785303115845,0.48878131402209074,286.6666666666667,0.057732680195941216
gcn_residual_mdl2_network_ddpg_afd,51,routing_persistent_hotspot_cluster2,episode25,43,4,4,97304310,3,2,specimen_transfer:-1x0.05,cdcb80a6ffbd54b5,1,281520042.96326596,90515.38177746534,-0.4618295729160309,0.0004743337631225586,-0.006363884080201387,0.09887653589248657,0.48884478190734076,287.3333333333333,0.05726615348728715
gcn_residual_mdl2_network_ddpg_afd,51,routing_persistent_hotspot_cluster2,episode25,43,4,4,97304310,3,3,specimen_transfer:+1x0.1,3928aa2788631d8e,1,278725406.3940753,2885151.9509681463,-0.461565226316452,0.000738680362701416,-0.005527010653167963,0.06319732964038849,0.4889084558965162,282.0,0.057499416841614186
gcn_residual_mdl2_network_ddpg_afd,51,routing_persistent_hotspot_cluster2,episode25,43,4,4,97304310,3,4,specimen_transfer:-1x0.1,f0384d2ccb3e452b,1,281737042.0868866,-126483.74184316397,-0.4626382887363434,-0.0003343820571899414,-0.0066428417339921,0.13680267333984375,0.48884478190734076,288.3333333333333,0.05726615348728715
gcn_residual_mdl2_network_ddpg_afd,51,routing_persistent_hotspot_cluster2,episode25,43,remaining,9,97304320,3,0,mdl2,8307564b2cc61a74,1,583317592.4133047,0.0,-0.46230390667915344,0.0,-0.006084926426410675,0.07021366059780121,0.4911343845843576,548.6666666666666,0.06065342308998838
gcn_residual_mdl2_network_ddpg_afd,51,routing_persistent_hotspot_cluster2,episode25,43,remaining,9,97304320,3,1,specimen_transfer:+1x0.05,79730f65eab629b3,1,584114010.7983177,-796418.3850129843,-0.4626040756702423,-0.0003001689910888672,-0.005805968306958675,0.041550785303115845,0.4907906266832743,551.0,0.06150035453314142
gcn_residual_mdl2_network_ddpg_afd,51,routing_persistent_hotspot_cluster2,episode25,43,remaining,9,97304320,3,2,specimen_transfer:-1x0.05,cdcb80a6ffbd54b5,1,585147824.0496527,-1830231.636348009,-0.4618295729160309,0.0004743337631225586,-0.006363884080201387,0.09887653589248657,0.49055981231042683,552.0,0.0617899016224037
gcn_residual_mdl2_network_ddpg_afd,51,routing_persistent_hotspot_cluster2,episode25,43,remaining,9,97304320,3,3,specimen_transfer:+1x0.1,3928aa2788631d8e,1,585598076.188723,-2280483.7754182816,-0.461565226316452,0.000738680362701416,-0.005527010653167963,0.06319732964038849,0.49044280059631773,552.3333333333334,0.062348335398221405
gcn_residual_mdl2_network_ddpg_afd,51,routing_persistent_hotspot_cluster2,episode25,43,remaining,9,97304320,3,4,specimen_transfer:-1x0.1,f0384d2ccb3e452b,1,584703275.3755013,-1385682.9621965885,-0.4626382887363434,-0.0003343820571899414,-0.0066428417339921,0.13680267333984375,0.4905039104813076,552.3333333333334,0.06189478897530911
gcn_residual_mdl2_network_ddpg_afd,51,routing_persistent_hotspot_cluster2,episode25,51,1,1,97305100,3,0,mdl2,291dd6ac3c222eb9,1,66678575.6086598,0.0,-0.16972233355045319,0.0,-0.005264067091047764,0.04939762502908707,0.4828344326061221,49.0,0.06149479659413434
gcn_residual_mdl2_network_ddpg_afd,51,routing_persistent_hotspot_cluster2,episode25,51,1,1,97305100,3,1,specimen_transfer:+1x0.05,49a2b280278fce62,1,66580265.18205306,98310.42660673708,-0.16985641419887543,-0.0001340806484222412,-0.005206056404858828,0.05382508784532547,0.4828344326061221,49.0,0.06149479659413434
gcn_residual_mdl2_network_ddpg_afd,51,routing_persistent_hotspot_cluster2,episode25,51,1,1,97305100,3,2,specimen_transfer:-1x0.05,233b98e2595c064e,1,67730105.08205307,-1051529.4733932689,-0.16958828270435333,0.00013405084609985352,-0.0053220777772367,0.07986672967672348,0.4828344326061221,51.0,0.06149479659413434
gcn_residual_mdl2_network_ddpg_afd,51,routing_persistent_hotspot_cluster2,episode25,51,1,1,97305100,3,3,specimen_transfer:+1x0.1,fd3b4b0a5d6dc2db,1,66333644.3288396,344931.27982019633,-0.1694309562444687,0.00029137730598449707,-0.005148045253008604,0.0701332688331604,0.4828344326061221,49.0,0.06149479659413434
gcn_residual_mdl2_network_ddpg_afd,51,routing_persistent_hotspot_cluster2,episode25,51,1,1,97305100,3,4,specimen_transfer:-1x0.1,0089f5f9dd32e60a,1,67483324.1288396,-804748.5201798007,-0.16998983919620514,-0.0002675056457519531,-0.005380089394748211,0.12986673414707184,0.4828344326061221,51.0,0.06149479659413434
gcn_residual_mdl2_network_ddpg_afd,51,routing_persistent_hotspot_cluster2,episode25,51,4,1,97305110,3,0,mdl2,291dd6ac3c222eb9,1,66678575.6086598,0.0,-0.16972233355045319,0.0,-0.005264067091047764,0.04939762502908707,0.4828344326061221,49.0,0.06149479659413434
gcn_residual_mdl2_network_ddpg_afd,51,routing_persistent_hotspot_cluster2,episode25,51,4,1,97305110,3,1,specimen_transfer:+1x0.05,49a2b280278fce62,1,66580265.18205306,98310.42660673708,-0.16985641419887543,-0.0001340806484222412,-0.005206056404858828,0.05382508784532547,0.4828344326061221,49.0,0.06149479659413434
gcn_residual_mdl2_network_ddpg_afd,51,routing_persistent_hotspot_cluster2,episode25,51,4,1,97305110,3,2,specimen_transfer:-1x0.05,233b98e2595c064e,1,67730105.08205307,-1051529.4733932689,-0.16958828270435333,0.00013405084609985352,-0.0053220777772367,0.07986672967672348,0.4828344326061221,51.0,0.06149479659413434
gcn_residual_mdl2_network_ddpg_afd,51,routing_persistent_hotspot_cluster2,episode25,51,4,1,97305110,3,3,specimen_transfer:+1x0.1,fd3b4b0a5d6dc2db,1,66333644.3288396,344931.27982019633,-0.1694309562444687,0.00029137730598449707,-0.005148045253008604,0.0701332688331604,0.4828344326061221,49.0,0.06149479659413434
gcn_residual_mdl2_network_ddpg_afd,51,routing_persistent_hotspot_cluster2,episode25,51,4,1,97305110,3,4,specimen_transfer:-1x0.1,0089f5f9dd32e60a,1,67483324.1288396,-804748.5201798007,-0.16998983919620514,-0.0002675056457519531,-0.005380089394748211,0.12986673414707184,0.4828344326061221,51.0,0.06149479659413434
gcn_residual_mdl2_network_ddpg_afd,51,routing_persistent_hotspot_cluster2,episode25,51,remaining,1,97305120,3,0,mdl2,291dd6ac3c222eb9,1,66678575.6086598,0.0,-0.16972233355045319,0.0,-0.005264067091047764,0.04939762502908707,0.4828344326061221,49.0,0.06149479659413434
gcn_residual_mdl2_network_ddpg_afd,51,routing_persistent_hotspot_cluster2,episode25,51,remaining,1,97305120,3,1,specimen_transfer:+1x0.05,49a2b280278fce62,1,66580265.18205306,98310.42660673708,-0.16985641419887543,-0.0001340806484222412,-0.005206056404858828,0.05382508784532547,0.4828344326061221,49.0,0.06149479659413434
gcn_residual_mdl2_network_ddpg_afd,51,routing_persistent_hotspot_cluster2,episode25,51,remaining,1,97305120,3,2,specimen_transfer:-1x0.05,233b98e2595c064e,1,67730105.08205307,-1051529.4733932689,-0.16958828270435333,0.00013405084609985352,-0.0053220777772367,0.07986672967672348,0.4828344326061221,51.0,0.06149479659413434
gcn_residual_mdl2_network_ddpg_afd,51,routing_persistent_hotspot_cluster2,episode25,51,remaining,1,97305120,3,3,specimen_transfer:+1x0.1,fd3b4b0a5d6dc2db,1,66333644.3288396,344931.27982019633,-0.1694309562444687,0.00029137730598449707,-0.005148045253008604,0.0701332688331604,0.4828344326061221,49.0,0.06149479659413434
gcn_residual_mdl2_network_ddpg_afd,51,routing_persistent_hotspot_cluster2,episode25,51,remaining,1,97305120,3,4,specimen_transfer:-1x0.1,0089f5f9dd32e60a,1,67483324.1288396,-804748.5201798007,-0.16998983919620514,-0.0002675056457519531,-0.005380089394748211,0.12986673414707184,0.4828344326061221,51.0,0.06149479659413434
gcn_residual_mdl2_network_ddpg_afd,51,routing_persistent_hotspot_cluster2,final,0,1,1,97400000,3,0,mdl2,c3f6e92b0ef189e0,1,1258243.9915517662,0.0,-1.6374238729476929,0.0,0.0,0.0,0.0,0.0,0.0
gcn_residual_mdl2_network_ddpg_afd,51,routing_persistent_hotspot_cluster2,final,0,1,1,97400000,3,1,specimen_transfer:+1x0.05,1e04c87b79d8b91c,1,1258243.9915517662,0.0,-1.587564468383789,0.04985940456390381,0.035568125545978546,0.05000000447034836,0.0,0.0,0.0
gcn_residual_mdl2_network_ddpg_afd,51,routing_persistent_hotspot_cluster2,final,0,1,1,97400000,3,2,specimen_transfer:-1x0.05,e703fad62afef1c7,1,1258243.9915517662,0.0,-1.6682130098342896,-0.03078913688659668,-0.035568125545978546,0.05000000074505806,0.0,0.0,0.0
gcn_residual_mdl2_network_ddpg_afd,51,routing_persistent_hotspot_cluster2,final,0,1,1,97400000,3,3,specimen_transfer:+1x0.1,4324def4d2621671,1,1258243.9915517662,0.0,-1.5288368463516235,0.10858702659606934,0.07113625109195709,0.10000000894069672,0.0,0.0,0.0
gcn_residual_mdl2_network_ddpg_afd,51,routing_persistent_hotspot_cluster2,final,0,1,1,97400000,3,4,specimen_transfer:-1x0.1,f860f40738467b6e,1,1258243.9915517662,0.0,-1.693521499633789,-0.05609762668609619,-0.07113625109195709,0.10000000149011612,0.0,0.0,0.0
gcn_residual_mdl2_network_ddpg_afd,51,routing_persistent_hotspot_cluster2,final,0,4,4,97400010,3,0,mdl2,c3f6e92b0ef189e0,1,19733932.612001408,0.0,-1.6374238729476929,0.0,0.0,0.0,0.1893402256272855,0.0,0.0
gcn_residual_mdl2_network_ddpg_afd,51,routing_persistent_hotspot_cluster2,final,0,4,4,97400010,3,1,specimen_transfer:+1x0.05,1e04c87b79d8b91c,1,19733932.612001408,0.0,-1.587564468383789,0.04985940456390381,0.035568125545978546,0.05000000447034836,0.1893402256272855,0.0,0.0
gcn_residual_mdl2_network_ddpg_afd,51,routing_persistent_hotspot_cluster2,final,0,4,4,97400010,3,2,specimen_transfer:-1x0.05,e703fad62afef1c7,1,19733932.612001408,0.0,-1.6682130098342896,-0.03078913688659668,-0.035568125545978546,0.05000000074505806,0.1893402256272855,0.0,0.0
gcn_residual_mdl2_network_ddpg_afd,51,routing_persistent_hotspot_cluster2,final,0,4,4,97400010,3,3,specimen_transfer:+1x0.1,4324def4d2621671,1,19733932.612001408,0.0,-1.5288368463516235,0.10858702659606934,0.07113625109195709,0.10000000894069672,0.1893402256272855,0.0,0.0
gcn_residual_mdl2_network_ddpg_afd,51,routing_persistent_hotspot_cluster2,final,0,4,4,97400010,3,4,specimen_transfer:-1x0.1,f860f40738467b6e,1,19733932.612001408,0.0,-1.693521499633789,-0.05609762668609619,-0.07113625109195709,0.10000000149011612,0.1893402256272855,0.0,0.0
gcn_residual_mdl2_network_ddpg_afd,51,routing_persistent_hotspot_cluster2,final,0,remaining,52,97400020,3,0,mdl2,c3f6e92b0ef189e0,1,2640696989.482385,0.0,-1.6374238729476929,0.0,0.0,0.0,0.48569506298289533,2371.3333333333335,0.066399023496491
gcn_residual_mdl2_network_ddpg_afd,51,routing_persistent_hotspot_cluster2,final,0,remaining,52,97400020,3,1,specimen_transfer:+1x0.05,1e04c87b79d8b91c,1,2640696989.482385,0.0,-1.587564468383789,0.04985940456390381,0.035568125545978546,0.05000000447034836,0.48569506298289533,2371.3333333333335,0.066399023496491
gcn_residual_mdl2_network_ddpg_afd,51,routing_persistent_hotspot_cluster2,final,0,remaining,52,97400020,3,2,specimen_transfer:-1x0.05,e703fad62afef1c7,1,2640696989.482385,0.0,-1.6682130098342896,-0.03078913688659668,-0.035568125545978546,0.05000000074505806,0.48569506298289533,2371.3333333333335,0.066399023496491
gcn_residual_mdl2_network_ddpg_afd,51,routing_persistent_hotspot_cluster2,final,0,remaining,52,97400020,3,3,specimen_transfer:+1x0.1,4324def4d2621671,1,2640696989.482385,0.0,-1.5288368463516235,0.10858702659606934,0.07113625109195709,0.10000000894069672,0.48569506298289533,2371.3333333333335,0.066399023496491
gcn_residual_mdl2_network_ddpg_afd,51,routing_persistent_hotspot_cluster2,final,0,remaining,52,97400020,3,4,specimen_transfer:-1x0.1,f860f40738467b6e,1,2640696989.482385,0.0,-1.693521499633789,-0.05609762668609619,-0.07113625109195709,0.10000000149011612,0.48569506298289533,2371.3333333333335,0.066399023496491
gcn_residual_mdl2_network_ddpg_afd,51,routing_persistent_hotspot_cluster2,final,6,1,1,97400600,3,0,mdl2,d66d9b020b88fa38,1,17533394.976755105,0.0,-1.9534722566604614,0.0,0.0,0.0,0.35157318741450067,3.0,0.005434782608695652
gcn_residual_mdl2_network_ddpg_afd,51,routing_persistent_hotspot_cluster2,final,6,1,1,97400600,3,1,specimen_transfer:+1x0.05,7b2f4aeca80d7893,1,17384842.36339619,148552.61335891485,-1.9537937641143799,-0.00032150745391845703,0.0008718280587345362,0.05000000074505806,0.35157318741450067,3.0,0.005434782608695652
gcn_residual_mdl2_network_ddpg_afd,51,routing_persistent_hotspot_cluster2,final,6,1,1,97400600,3,2,specimen_transfer:-1x0.05,48f2606d4d65780d,1,17632252.129178718,-98857.15242361277,-1.954296350479126,-0.0008240938186645508,-0.0008718280587345362,0.05000000074505806,0.35157318741450067,3.0,0.005434782608695652
gcn_residual_mdl2_network_ddpg_afd,51,routing_persistent_hotspot_cluster2,final,6,1,1,97400600,3,3,specimen_transfer:+1x0.1,6f1b7928ea3b2557,1,17186886.75477852,346508.2219765857,-1.952470064163208,0.001002192497253418,0.0017436561174690723,0.10000000149011612,0.35157318741450067,3.0,0.005434782608695652
gcn_residual_mdl2_network_ddpg_afd,51,routing_persistent_hotspot_cluster2,final,6,1,1,97400600,3,4,specimen_transfer:-1x0.1,4473ac0215e41f09,1,17731981.783097718,-198586.80634261295,-1.956422209739685,-0.002949953079223633,-0.001743655651807785,0.10000000149011612,0.35157318741450067,3.0,0.005434782608695652
gcn_residual_mdl2_network_ddpg_afd,51,routing_persistent_hotspot_cluster2,final,6,4,4,97400610,3,0,mdl2,d66d9b020b88fa38,1,105787054.1061605,0.0,-1.9534722566604614,0.0,0.0,0.0,0.41252255399264737,55.0,0.00722032664739842
gcn_residual_mdl2_network_ddpg_afd,51,routing_persistent_hotspot_cluster2,final,6,4,4,97400610,3,1,specimen_transfer:+1x0.05,7b2f4aeca80d7893,1,105224301.43828727,562752.6678732336,-1.9537937641143799,-0.00032150745391845703,0.0008718280587345362,0.05000000074505806,0.41000367128880316,54.0,0.007229142103537669
gcn_residual_mdl2_network_ddpg_afd,51,routing_persistent_hotspot_cluster2,final,6,4,4,97400610,3,2,specimen_transfer:-1x0.05,48f2606d4d65780d,1,107392492.29965411,-1605438.1934936047,-1.954296350479126,-0.0008240938186645508,-0.0008718280587345362,0.05000000074505806,0.40717384331132705,56.333333333333336,0.007237799437598219
gcn_residual_mdl2_network_ddpg_afd,51,routing_persistent_hotspot_cluster2,final,6,4,4,97400610,3,3,specimen_transfer:+1x0.1,6f1b7928ea3b2557,1,103841323.63229227,1945730.473868236,-1.952470064163208,0.001002192497253418,0.0017436561174690723,0.10000000149011612,0.41000367128880316,52.0,0.007229142103537669
gcn_residual_mdl2_network_ddpg_afd,51,routing_persistent_hotspot_cluster2,final,6,4,4,97400610,3,4,specimen_transfer:-1x0.1,4473ac0215e41f09,1,107350784.1281947,-1563730.022034198,-1.956422209739685,-0.002949953079223633,-0.001743655651807785,0.10000000149011612,0.40434401533385095,55.666666666666664,0.007246583445419258
gcn_residual_mdl2_network_ddpg_afd,51,routing_persistent_hotspot_cluster2,final,6,remaining,46,97400620,3,0,mdl2,d66d9b020b88fa38,1,2437469179.524461,0.0,-1.9534722566604614,0.0,0.0,0.0,0.501859690844543,2188.3333333333335,0.05969535353167069
gcn_residual_mdl2_network_ddpg_afd,51,routing_persistent_hotspot_cluster2,final,6,remaining,46,97400620,3,1,specimen_transfer:+1x0.05,7b2f4aeca80d7893,1,2445644285.446012,-8175105.921551228,-1.9537937641143799,-0.00032150745391845703,0.0008718280587345362,0.05000000074505806,0.5002611592847744,2200.0,0.05967504082244396
gcn_residual_mdl2_network_ddpg_afd,51,routing_persistent_hotspot_cluster2,final,6,remaining,46,97400620,3,2,specimen_transfer:-1x0.05,48f2606d4d65780d,1,2442554199.7617517,-5085020.237290859,-1.954296350479126,-0.0008240938186645508,-0.0008718280587345362,0.05000000074505806,0.500559764411281,2199.3333333333335,0.060130851075274654
gcn_residual_mdl2_network_ddpg_afd,51,routing_persistent_hotspot_cluster2,final,6,remaining,46,97400620,3,3,specimen_transfer:+1x0.1,6f1b7928ea3b2557,1,2447578163.801857,-10108984.277396202,-1.952470064163208,0.001002192497253418,0.0017436561174690723,0.10000000149011612,0.5002038165472321,2197.6666666666665,0.05986982096022351
gcn_residual_mdl2_network_ddpg_afd,51,routing_persistent_hotspot_cluster2,final,6,remaining,46,97400620,3,4,specimen_transfer:-1x0.1,4473ac0215e41f09,1,2443734732.3302608,-6265552.805799961,-1.956422209739685,-0.002949953079223633,-0.001743655651807785,0.10000000149011612,0.5008214628539281,2197.6666666666665,0.05920288034710194
gcn_residual_mdl2_network_ddpg_afd,51,routing_persistent_hotspot_cluster2,final,12,1,1,97401200,3,0,mdl2,8dcd487b84254e49,1,48720040.476823546,0.0,-1.79108464717865,0.0,-0.0002611542004160583,0.012676000595092773,0.45724907063197023,49.0,0.012228260869565218
gcn_residual_mdl2_network_ddpg_afd,51,routing_persistent_hotspot_cluster2,final,12,1,1,97401200,3,1,specimen_transfer:+1x0.05,ea9fb8c75ff9a853,1,48645496.43947647,74544.03734707832,-1.7879657745361328,0.00311887264251709,0.0031609453726559877,0.0608334057033062,0.45724907063197023,49.0,0.012211668928086838
gcn_residual_mdl2_network_ddpg_afd,51,routing_persistent_hotspot_cluster2,final,12,1,1,97401200,3,2,specimen_transfer:-1x0.05,d7fb98cd8d6ae5ff,1,48821889.84763032,-101849.37080677599,-1.7946975231170654,-0.0036128759384155273,-0.0036832536570727825,0.043222956359386444,0.45724907063197023,49.0,0.012278308321964531
gcn_residual_mdl2_network_ddpg_afd,51,routing_persistent_hotspot_cluster2,final,12,1,1,97401200,3,3,specimen_transfer:+1x0.1,a9a6b6e07dc2f1bf,1,48473878.05520972,246162.42161382735,-1.7843565940856934,0.006728053092956543,0.006583045236766338,0.11083340644836426,0.45724907063197023,49.0,0.012211668928086838
gcn_residual_mdl2_network_ddpg_afd,51,routing_persistent_hotspot_cluster2,final,12,1,1,97401200,3,4,specimen_transfer:-1x0.1,080f64734ce195f5,1,48742034.288876705,-21993.81205315888,-1.7975232601165771,-0.006438612937927246,-0.007105352822691202,0.08916659653186798,0.45724907063197023,49.0,0.012311901504787962
gcn_residual_mdl2_network_ddpg_afd,51,routing_persistent_hotspot_cluster2,final,12,4,4,97401210,3,0,mdl2,8dcd487b84254e49,1,202599877.71031412,0.0,-1.79108464717865,0.0,-0.0002611542004160583,0.012676000595092773,0.466752741861916,199.33333333333334,0.019501808663941415
gcn_residual_mdl2_network_ddpg_afd,51,routing_persistent_hotspot_cluster2,final,12,4,4,97401210,3,1,specimen_transfer:+1x0.05,ea9fb8c75ff9a853,1,200682546.70355192,1917331.0067622066,-1.7879657745361328,0.00311887264251709,0.0031609453726559877,0.0608334057033062,0.4691184587155977,196.66666666666666,0.01766985676976461
gcn_residual_mdl2_network_ddpg_afd,51,routing_persistent_hotspot_cluster2,final,12,4,4,97401210,3,2,specimen_transfer:-1x0.05,d7fb98cd8d6ae5ff,1,203188816.89354682,-588939.1832326949,-1.7946975231170654,-0.0036128759384155273,-0.0036832536570727825,0.043222956359386444,0.4665594027818738,199.33333333333334,0.018813187829818345
gcn_residual_mdl2_network_ddpg_afd,51,routing_persistent_hotspot_cluster2,final,12,4,4,97401210,3,3,specimen_transfer:+1x0.1,a9a6b6e07dc2f1bf,1,200067589.9348284,2532287.775485724,-1.7843565940856934,0.006728053092956543,0.006583045236766338,0.11083340644836426,0.46871719883443735,196.33333333333334,0.017316112096365507
gcn_residual_mdl2_network_ddpg_afd,51,routing_persistent_hotspot_cluster2,final,12,4,4,97401210,3,4,specimen_transfer:-1x0.1,080f64734ce195f5,1,203355468.53369382,-755590.8233796954,-1.7975232601165771,-0.006438612937927246,-0.007105352822691202,0.08916659653186798,0.4657765363370805,199.0,0.0188541157435188
gcn_residual_mdl2_network_ddpg_afd,51,routing_persistent_hotspot_cluster2,final,12,remaining,40,97401220,3,0,mdl2,8dcd487b84254e49,1,2199506049.104131,0.0,-1.79108464717865,0.0,-0.0002611542004160583,0.012676000595092773,0.49756290357620014,1989.3333333333333,0.060358786205794816
gcn_residual_mdl2_network_ddpg_afd,51,routing_persistent_hotspot_cluster2,final,12,remaining,40,97401220,3,1,specimen_transfer:+1x0.05,ea9fb8c75ff9a853,1,2191937434.1585617,7568614.945569515,-1.7879657745361328,0.00311887264251709,0.0031609453726559877,0.0608334057033062,0.499453826944281,1977.3333333333333,0.058867491528603995
gcn_residual_mdl2_network_ddpg_afd,51,routing_persistent_hotspot_cluster2,final,12,remaining,40,97401220,3,2,specimen_transfer:-1x0.05,d7fb98cd8d6ae5ff,1,2199185940.69459,320108.40954113007,-1.7946975231170654,-0.0036128759384155273,-0.0036832536570727825,0.043222956359386444,0.4970007900292637,1990.3333333333333,0.06045751664131608
gcn_residual_mdl2_network_ddpg_afd,51,routing_persistent_hotspot_cluster2,final,12,remaining,40,97401220,3,3,specimen_transfer:+1x0.1,a9a6b6e07dc2f1bf,1,2195947435.855986,3558613.2481451035,-1.7843565940856934,0.006728053092956543,0.006583045236766338,0.11083340644836426,0.49768570885054614,1987.3333333333333,0.05969310714237928
gcn_residual_mdl2_network_ddpg_afd,51,routing_persistent_hotspot_cluster2,final,12,remaining,40,97401220,3,4,specimen_transfer:-1x0.1,080f64734ce195f5,1,2198513774.824208,992274.279923439,-1.7975232601165771,-0.006438612937927246,-0.007105352822691202,0.08916659653186798,0.49690170341814327,1990.0,0.0602507367314126
gcn_residual_mdl2_network_ddpg_afd,51,routing_persistent_hotspot_cluster2,final,18,1,1,97401800,3,0,mdl2,c51be61b7053348c,1,46157624.81153896,0.0,-1.5097253322601318,0.0,0.0,0.0,0.4880650076180803,38.0,0.02348690153568202
gcn_residual_mdl2_network_ddpg_afd,51,routing_persistent_hotspot_cluster2,final,18,1,1,97401800,3,1,specimen_transfer:+1x0.05,8e445ae79fbff4fc,1,47012693.73138169,-855068.9198427349,-1.5102777481079102,-0.0005524158477783203,-0.0006649659480899572,0.05000000074505806,0.4880650076180803,40.0,0.02348690153568202
gcn_residual_mdl2_network_ddpg_afd,51,routing_persistent_hotspot_cluster2,final,18,1,1,97401800,3,2,specimen_transfer:-1x0.05,71b010bf35f0aae3,1,46052556.83263292,105067.97890603542,-1.5080523490905762,0.001672983169555664,0.0006649659480899572,0.05000000074505806,0.4880650076180803,38.0,0.023550724637681163
gcn_residual_mdl2_network_ddpg_afd,51,routing_persistent_hotspot_cluster2,final,18,1,1,97401800,3,3,specimen_transfer:+1x0.1,d6f98fe5ce5f50a7,1,46717825.909791805,-560201.0982528478,-1.5091849565505981,0.0005403757095336914,-0.0013299318961799145,0.10000000149011612,0.4880650076180803,40.0,0.02348690153568202
gcn_residual_mdl2_network_ddpg_afd,51,routing_persistent_hotspot_cluster2,final,18,1,1,97401800,3,4,specimen_transfer:-1x0.1,b104ace980e0d237,1,45955994.80976197,201630.00177698582,-1.508209466934204,0.0015158653259277344,0.0013299314305186272,0.10000000149011612,0.4880650076180803,38.0,0.023614895549500452
gcn_residual_mdl2_network_ddpg_afd,51,routing_persistent_hotspot_cluster2,final,18,4,4,97401810,3,0,mdl2,c51be61b7053348c,1,193976216.1706109,0.0,-1.5097253322601318,0.0,0.0,0.0,0.4872676635056743,158.0,0.025984119039674597
gcn_residual_mdl2_network_ddpg_afd,51,routing_persistent_hotspot_cluster2,final,18,4,4,97401810,3,1,specimen_transfer:+1x0.05,8e445ae79fbff4fc,1,192468407.51878682,1507808.651824087,-1.5102777481079102,-0.0005524158477783203,-0.0006649659480899572,0.05000000074505806,0.4872624349718706,156.66666666666666,0.02546296296296296
gcn_residual_mdl2_network_ddpg_afd,51,routing_persistent_hotspot_cluster2,final,18,4,4,97401810,3,2,specimen_transfer:-1x0.05,71b010bf35f0aae3,1,193946686.48278332,29529.687827587128,-1.5080523490905762,0.001672983169555664,0.0006649659480899572,0.05000000074505806,0.48513489867122384,157.33333333333334,0.025779840164990978
gcn_residual_mdl2_network_ddpg_afd,51,routing_persistent_hotspot_cluster2,final,18,4,4,97401810,3,3,specimen_transfer:+1x0.1,d6f98fe5ce5f50a7,1,190975768.27136883,3000447.8992420733,-1.5091849565505981,0.0005403757095336914,-0.0013299318961799145,0.10000000149011612,0.48755004115537864,154.66666666666666,0.024691358024691357
gcn_residual_mdl2_network_ddpg_afd,51,routing_persistent_hotspot_cluster2,final,18,4,4,97401810,3,4,specimen_transfer:-1x0.1,b104ace980e0d237,1,194575507.79145202,-599291.6208411157,-1.508209466934204,0.0015158653259277344,0.0013299314305186272,0.10000000149011612,0.4837110644533679,157.66666666666666,0.025839793281653745
gcn_residual_mdl2_network_ddpg_afd,51,routing_persistent_hotspot_cluster2,final,18,remaining,34,97401820,3,0,mdl2,c51be61b7053348c,1,2084783203.3446617,0.0,-1.5097253322601318,0.0,0.0,0.0,0.4911738097907407,1903.6666666666667,0.06146624955226879
gcn_residual_mdl2_network_ddpg_afd,51,routing_persistent_hotspot_cluster2,final,18,remaining,34,97401820,3,1,specimen_transfer:+1x0.05,8e445ae79fbff4fc,1,2085752519.7789328,-969316.4342710972,-1.5102777481079102,-0.0005524158477783203,-0.0006649659480899572,0.05000000074505806,0.49178721562976263,1904.0,0.06118990876836273
gcn_residual_mdl2_network_ddpg_afd,51,routing_persistent_hotspot_cluster2,final,18,remaining,34,97401820,3,2,specimen_transfer:-1x0.05,71b010bf35f0aae3,1,2091871192.3531895,-7087989.008527756,-1.5080523490905762,0.001672983169555664,0.0006649659480899572,0.05000000074505806,0.48901011644119413,1917.3333333333333,0.06325051142560266
gcn_residual_mdl2_network_ddpg_afd,51,routing_persistent_hotspot_cluster2,final,18,remaining,34,97401820,3,3,specimen_transfer:+1x0.1,d6f98fe5ce5f50a7,1,2086881946.8936596,-2098743.548997879,-1.5091849565505981,0.0005403757095336914,-0.0013299318961799145,0.10000000149011612,0.49121170693114197,1904.6666666666667,0.06140294455169515
gcn_residual_mdl2_network_ddpg_afd,51,routing_persistent_hotspot_cluster2,final,18,remaining,34,97401820,3,4,specimen_transfer:-1x0.1,b104ace980e0d237,1,2090648263.0002558,-5865059.6555941105,-1.508209466934204,0.0015158653259277344,0.0013299314305186272,0.10000000149011612,0.48916341357034043,1915.0,0.06271383781579443
gcn_residual_mdl2_network_ddpg_afd,51,routing_persistent_hotspot_cluster2,final,25,1,1,97402500,3,0,mdl2,ab40eb788ac9631b,1,49686218.62920753,0.0,-1.1768399477005005,0.0,0.0,0.0,0.515309932785661,49.0,0.035392535392535396
gcn_residual_mdl2_network_ddpg_afd,51,routing_persistent_hotspot_cluster2,final,25,1,1,97402500,3,1,specimen_transfer:+1x0.05,eabbe4840a5c2b48,1,50142301.21506963,-456082.5858621001,-1.1754220724105835,0.0014178752899169922,0.006048891227692366,0.05000000074505806,0.515309932785661,50.0,0.035392535392535396
gcn_residual_mdl2_network_ddpg_afd,51,routing_persistent_hotspot_cluster2,final,25,1,1,97402500,3,2,specimen_transfer:-1x0.05,47d4fda527fdcc6e,1,49410013.70624574,276204.9229617864,-1.1813393831253052,-0.0044994354248046875,-0.006048891227692366,0.05000000074505806,0.515309932785661,49.0,0.0355297157622739
gcn_residual_mdl2_network_ddpg_afd,51,routing_persistent_hotspot_cluster2,final,25,1,1,97402500,3,3,specimen_transfer:+1x0.1,16556de238cb1820,1,50225169.85143139,-538951.222223863,-1.1713991165161133,0.005440831184387207,0.012097782455384731,0.10000000149011612,0.515309932785661,51.0,0.035392535392535396
gcn_residual_mdl2_network_ddpg_afd,51,routing_persistent_hotspot_cluster2,final,25,1,1,97402500,3,4,specimen_transfer:-1x0.1,516c28ed8d71512e,1,49064426.106068514,621792.5231390148,-1.1856521368026733,-0.008812189102172852,-0.012097782455384731,0.10000000149011612,0.515309932785661,49.0,0.03559870550161812
gcn_residual_mdl2_network_ddpg_afd,51,routing_persistent_hotspot_cluster2,final,25,4,4,97402510,3,0,mdl2,ab40eb788ac9631b,1,197472483.73889124,0.0,-1.1768399477005005,0.0,0.0,0.0,0.5131295520438323,181.66666666666666,0.03957936148474284
gcn_residual_mdl2_network_ddpg_afd,51,routing_persistent_hotspot_cluster2,final,25,4,4,97402510,3,1,specimen_transfer:+1x0.05,eabbe4840a5c2b48,1,195814163.74366203,1658319.9952292144,-1.1754220724105835,0.0014178752899169922,0.006048891227692366,0.05000000074505806,0.5134591150188124,178.66666666666666,0.03729916929115888
gcn_residual_mdl2_network_ddpg_afd,51,routing_persistent_hotspot_cluster2,final,25,4,4,97402510,3,2,specimen_transfer:-1x0.05,47d4fda527fdcc6e,1,197616186.81530604,-143703.07641479373,-1.1813393831253052,-0.0044994354248046875,-0.006048891227692366,0.05000000074505806,0.5124704260938724,181.33333333333334,0.039132939769130494
gcn_residual_mdl2_network_ddpg_afd,51,routing_persistent_hotspot_cluster2,final,25,4,4,97402510,3,3,specimen_transfer:+1x0.1,16556de238cb1820,1,195327583.16284433,2144900.576046914,-1.1713991165161133,0.005440831184387207,0.012097782455384731,0.10000000149011612,0.5134591150188124,179.0,0.03729916929115888
gcn_residual_mdl2_network_ddpg_afd,51,routing_persistent_hotspot_cluster2,final,25,4,4,97402510,3,4,specimen_transfer:-1x0.1,516c28ed8d71512e,1,200203051.88850084,-2730568.1496095955,-1.1856521368026733,-0.008812189102172852,-0.012097782455384731,0.10000000149011612,0.5121408631188923,186.66666666666666,0.03900838405091369
gcn_residual_mdl2_network_ddpg_afd,51,routing_persistent_hotspot_cluster2,final,25,remaining,27,97402520,3,0,mdl2,ab40eb788ac9631b,1,1742960186.5847657,0.0,-1.1768399477005005,0.0,0.0,0.0,0.4892427642830872,1614.6666666666667,0.062134412017600206
gcn_residual_mdl2_network_ddpg_afd,51,routing_persistent_hotspot_cluster2,final,25,remaining,27,97402520,3,1,specimen_transfer:+1x0.05,eabbe4840a5c2b48,1,1743094263.18742,-134076.60265421867,-1.1754220724105835,0.0014178752899169922,0.006048891227692366,0.05000000074505806,0.48912367554087005,1614.6666666666667,0.06125965548245604
gcn_residual_mdl2_network_ddpg_afd,51,routing_persistent_hotspot_cluster2,final,25,remaining,27,97402520,3,2,specimen_transfer:-1x0.05,47d4fda527fdcc6e,1,1744026590.8921516,-1066404.3073859215,-1.1813393831253052,-0.0044994354248046875,-0.006048891227692366,0.05000000074505806,0.4880783908958295,1620.6666666666667,0.06229931034640842
gcn_residual_mdl2_network_ddpg_afd,51,routing_persistent_hotspot_cluster2,final,25,remaining,27,97402520,3,3,specimen_transfer:+1x0.1,16556de238cb1820,1,1739230481.3129056,3729705.2718601227,-1.1713991165161133,0.005440831184387207,0.012097782455384731,0.10000000149011612,0.49003657873226586,1610.0,0.06039609700328356
gcn_residual_mdl2_network_ddpg_afd,51,routing_persistent_hotspot_cluster2,final,25,remaining,27,97402520,3,4,specimen_transfer:-1x0.1,516c28ed8d71512e,1,1742338586.5456493,621600.0391163826,-1.1856521368026733,-0.008812189102172852,-0.012097782455384731,0.10000000149011612,0.48832822614860577,1617.6666666666667,0.06236749555226651
gcn_residual_mdl2_network_ddpg_afd,51,routing_persistent_hotspot_cluster2,final,31,1,1,97403100,3,0,mdl2,e2e3f7207f360962,1,52228012.22894005,0.0,-1.1796900033950806,0.0,-0.004991963971406221,0.0378076508641243,0.5127143701951508,40.0,0.0395010395010395
gcn_residual_mdl2_network_ddpg_afd,51,routing_persistent_hotspot_cluster2,final,31,1,1,97403100,3,1,specimen_transfer:+1x0.05,6cdc1ff2f03cffa8,1,51629346.90704081,598665.3218992352,-1.1771900653839111,0.0024999380111694336,-0.001492300070822239,0.04451132193207741,0.5127143701951508,39.0,0.039480519480519484
gcn_residual_mdl2_network_ddpg_afd,51,routing_persistent_hotspot_cluster2,final,31,1,1,97403100,3,2,specimen_transfer:-1x0.05,0232a819875e6b6a,1,52227978.64173787,33.58720217645168,-1.1804794073104858,-0.0007894039154052734,-0.008491628803312778,0.08780765533447266,0.5127143701951508,40.0,0.039480519480519484
gcn_residual_mdl2_network_ddpg_afd,51,routing_persistent_hotspot_cluster2,final,31,1,1,97403100,3,3,specimen_transfer:+1x0.1,c4aeeee00add15a0,1,50981230.09033283,1246782.1386072189,-1.1719224452972412,0.0077675580978393555,0.0020073638297617435,0.07420184463262558,0.5127143701951508,38.0,0.039480519480519484
gcn_residual_mdl2_network_ddpg_afd,51,routing_persistent_hotspot_cluster2,final,31,1,1,97403100,3,4,specimen_transfer:-1x0.1,7c1546bf4ce0f43e,1,52079541.625029884,148470.60391016304,-1.1846048831939697,-0.00491487979888916,-0.011991292238235474,0.13780765235424042,0.5127143701951508,40.0,0.0395010395010395
gcn_residual_mdl2_network_ddpg_afd,51,routing_persistent_hotspot_cluster2,final,31,4,4,97403110,3,0,mdl2,e2e3f7207f360962,1,217660035.5086194,0.0,-1.1796900033950806,0.0,-0.004991963971406221,0.0378076508641243,0.5161874912513208,189.66666666666666,0.043209954556697606
gcn_residual_mdl2_network_ddpg_afd,51,routing_persistent_hotspot_cluster2,final,31,4,4,97403110,3,1,specimen_transfer:+1x0.05,6cdc1ff2f03cffa8,1,216675365.87123847,984669.6373809278,-1.1771900653839111,0.0024999380111694336,-0.001492300070822239,0.04451132193207741,0.5159159084049604,188.0,0.043196308632735096
gcn_residual_mdl2_network_ddpg_afd,51,routing_persistent_hotspot_cluster2,final,31,4,4,97403110,3,2,specimen_transfer:-1x0.05,0232a819875e6b6a,1,217832949.5110476,-172914.00242820382,-1.1804794073104858,-0.0007894039154052734,-0.008491628803312778,0.08780765533447266,0.5159159084049604,190.0,0.04320313159471636
gcn_residual_mdl2_network_ddpg_afd,51,routing_persistent_hotspot_cluster2,final,31,4,4,97403110,3,3,specimen_transfer:+1x0.1,c4aeeee00add15a0,1,216880709.21405146,779326.2945679426,-1.1719224452972412,0.0077675580978393555,0.0020073638297617435,0.07420184463262558,0.5159159084049604,188.66666666666666,0.04320313159471636
gcn_residual_mdl2_network_ddpg_afd,51,routing_persistent_hotspot_cluster2,final,31,4,4,97403110,3,4,specimen_transfer:-1x0.1,7c1546bf4ce0f43e,1,218825490.1218109,-1165454.6131915152,-1.1846048831939697,-0.00491487979888916,-0.011991292238235474,0.13780765235424042,0.5159159084049604,191.66666666666666,0.043223652486782095
gcn_residual_mdl2_network_ddpg_afd,51,routing_persistent_hotspot_cluster2,final,31,remaining,21,97403120,3,0,mdl2,e2e3f7207f360962,1,1347102525.3424053,0.0,-1.1796900033950806,0.0,-0.004991963971406221,0.0378076508641243,0.49084429637146326,1257.0,0.06587320679215969
gcn_residual_mdl2_network_ddpg_afd,51,routing_persistent_hotspot_cluster2,final,31,remaining,21,97403120,3,1,specimen_transfer:+1x0.05,6cdc1ff2f03cffa8,1,1351040982.4754417,-3938457.133036375,-1.1771900653839111,0.0024999380111694336,-0.001492300070822239,0.04451132193207741,0.4903868154088176,1263.6666666666667,0.06715724124269806
gcn_residual_mdl2_network_ddpg_afd,51,routing_persistent_hotspot_cluster2,final,31,remaining,21,97403120,3,2,specimen_transfer:-1x0.05,0232a819875e6b6a,1,1346903530.8528478,198994.48955750465,-1.1804794073104858,-0.0007894039154052734,-0.008491628803312778,0.08780765533447266,0.49101975239336526,1257.6666666666667,0.06597552128342883
gcn_residual_mdl2_network_ddpg_afd,51,routing_persistent_hotspot_cluster2,final,31,remaining,21,97403120,3,3,specimen_transfer:+1x0.1,c4aeeee00add15a0,1,1351578615.9806147,-4476090.638209343,-1.1719224452972412,0.0077675580978393555,0.0020073638297617435,0.07420184463262558,0.4903302252362754,1264.6666666666667,0.06675850477751609
gcn_residual_mdl2_network_ddpg_afd,51,routing_persistent_hotspot_cluster2,final,31,remaining,21,97403120,3,4,specimen_transfer:-1x0.1,7c1546bf4ce0f43e,1,1346134819.544844,967705.7975614071,-1.1846048831939697,-0.00491487979888916,-0.011991292238235474,0.13780765235424042,0.4911365626023038,1257.6666666666667,0.06550546471161213
gcn_residual_mdl2_network_ddpg_afd,51,routing_persistent_hotspot_cluster2,final,37,1,1,97403700,3,0,mdl2,627ba98ec819bee8,1,79766165.07948661,0.0,-1.0434556007385254,0.0,-0.0009074239060282707,0.06632288545370102,0.4900836320191158,77.0,0.05067715159458278
gcn_residual_mdl2_network_ddpg_afd,51,routing_persistent_hotspot_cluster2,final,37,1,1,97403700,3,1,specimen_transfer:+1x0.05,312d30494aca8bc9,1,79692334.53135525,73830.5481313616,-1.0418282747268677,0.0016273260116577148,0.0002918597892858088,0.05730728805065155,0.4900836320191158,77.0,0.05067715159458278
gcn_residual_mdl2_network_ddpg_afd,51,routing_persistent_hotspot_cluster2,final,37,1,1,97403700,3,2,specimen_transfer:-1x0.05,5d857093e1b5bb84,1,79914629.14084888,-148464.06136226654,-1.0451617240905762,-0.0017061233520507812,-0.0021067066118121147,0.11632288992404938,0.4900836320191158,77.0,0.05067715159458278
gcn_residual_mdl2_network_ddpg_afd,51,routing_persistent_hotspot_cluster2,final,37,1,1,97403700,3,3,specimen_transfer:+1x0.1,c8cf3958af3b6176,1,79568381.54320604,197783.5362805724,-1.0401406288146973,0.003314971923828125,0.0014911424368619919,0.10507763922214508,0.4900836320191158,77.0,0.05067715159458278
gcn_residual_mdl2_network_ddpg_afd,51,routing_persistent_hotspot_cluster2,final,37,1,1,97403700,3,4,specimen_transfer:-1x0.1,6a41be857bb294f7,1,79816348.11516392,-50183.035677313805,-1.0467802286148071,-0.0033246278762817383,-0.0033059921115636826,0.16632288694381714,0.4900836320191158,77.0,0.05067715159458278
gcn_residual_mdl2_network_ddpg_afd,51,routing_persistent_hotspot_cluster2,final,37,4,4,97403710,3,0,mdl2,627ba98ec819bee8,1,287791525.31279826,0.0,-1.0434556007385254,0.0,-0.0009074239060282707,0.06632288545370102,0.48660843594414976,254.0,0.05408314469986942
gcn_residual_mdl2_network_ddpg_afd,51,routing_persistent_hotspot_cluster2,final,37,4,4,97403710,3,1,specimen_transfer:+1x0.05,312d30494aca8bc9,1,287190021.41148806,601503.9013102055,-1.0418282747268677,0.0016273260116577148,0.0002918597892858088,0.05730728805065155,0.4863894402484054,253.66666666666666,0.05409771647059783
gcn_residual_mdl2_network_ddpg_afd,51,routing_persistent_hotspot_cluster2,final,37,4,4,97403710,3,2,specimen_transfer:-1x0.05,5d857093e1b5bb84,1,288418402.6351488,-626877.3223505616,-1.0451617240905762,-0.0017061233520507812,-0.0021067066118121147,0.11632288992404938,0.4863894402484054,254.66666666666666,0.05409771647059783
gcn_residual_mdl2_network_ddpg_afd,51,routing_persistent_hotspot_cluster2,final,37,4,4,97403710,3,3,specimen_transfer:+1x0.1,c8cf3958af3b6176,1,286101388.86555755,1690136.4472407103,-1.0401406288146973,0.003314971923828125,0.0014911424368619919,0.10507763922214508,0.4863894402484054,252.0,0.05369400216857844
gcn_residual_mdl2_network_ddpg_afd,51,routing_persistent_hotspot_cluster2,final,37,4,4,97403710,3,4,specimen_transfer:-1x0.1,6a41be857bb294f7,1,289601946.4842871,-1810421.1714888215,-1.0467802286148071,-0.0033246278762817383,-0.0033059921115636826,0.16632288694381714,0.4863894402484054,257.0,0.05409771647059783
gcn_residual_mdl2_network_ddpg_afd,51,routing_persistent_hotspot_cluster2,final,37,remaining,15,97403720,3,0,mdl2,627ba98ec819bee8,1,1096857416.5156348,0.0,-1.0434556007385254,0.0,-0.0009074239060282707,0.06632288545370102,0.4801002716371963,1051.0,0.06528093586466428
gcn_residual_mdl2_network_ddpg_afd,51,routing_persistent_hotspot_cluster2,final,37,remaining,15,97403720,3,1,specimen_transfer:+1x0.05,312d30494aca8bc9,1,1097323791.989816,-466375.47418117523,-1.0418282747268677,0.0016273260116577148,0.0002918597892858088,0.05730728805065155,0.4802155061579613,1053.3333333333333,0.06438991343278459
gcn_residual_mdl2_network_ddpg_afd,51,routing_persistent_hotspot_cluster2,final,37,remaining,15,97403720,3,2,specimen_transfer:-1x0.05,5d857093e1b5bb84,1,1098083734.6704693,-1226318.154834509,-1.0451617240905762,-0.0017061233520507812,-0.0021067066118121147,0.11632288992404938,0.48032417439713493,1052.3333333333333,0.06486601676971115
gcn_residual_mdl2_network_ddpg_afd,51,routing_persistent_hotspot_cluster2,final,37,remaining,15,97403720,3,3,specimen_transfer:+1x0.1,c8cf3958af3b6176,1,1096143932.5201094,713483.9955253601,-1.0401406288146973,0.003314971923828125,0.0014911424368619919,0.10507763922214508,0.4805984835053712,1048.6666666666667,0.06385294986346642
gcn_residual_mdl2_network_ddpg_afd,51,routing_persistent_hotspot_cluster2,final,37,remaining,15,97403720,3,4,specimen_transfer:-1x0.1,6a41be857bb294f7,1,1097414823.2685254,-557406.7528905869,-1.0467802286148071,-0.0033246278762817383,-0.0033059921115636826,0.16632288694381714,0.480084950313483,1052.0,0.06479494471032078
gcn_residual_mdl2_network_ddpg_afd,51,routing_persistent_hotspot_cluster2,final,43,1,1,97404300,3,0,mdl2,8307564b2cc61a74,1,84033693.00778599,0.0,-0.4631321430206299,0.0,-0.003553020767867565,0.07061980664730072,0.4894618375281359,90.0,0.057699512926189585
gcn_residual_mdl2_network_ddpg_afd,51,routing_persistent_hotspot_cluster2,final,43,1,1,97404300,3,1,specimen_transfer:+1x0.05,79730f65eab629b3,1,84863633.05881785,-829940.0510318577,-0.4650440216064453,-0.0019118785858154297,-0.005087978206574917,0.041956931352615356,0.4894618375281359,92.0,0.057699512926189585
gcn_residual_mdl2_network_ddpg_afd,51,routing_persistent_hotspot_cluster2,final,43,1,1,97404300,3,2,specimen_transfer:-1x0.05,cdcb80a6ffbd54b5,1,84263633.05881785,-229940.05103185773,-0.4616977572441101,0.0014343857765197754,-0.002018062863498926,0.09928268194198608,0.4894618375281359,91.0,0.057699512926189585
gcn_residual_mdl2_network_ddpg_afd,51,routing_persistent_hotspot_cluster2,final,43,1,1,97404300,3,3,specimen_transfer:+1x0.1,3928aa2788631d8e,1,82892177.0955468,1141515.912239194,-0.46606355905532837,-0.0029314160346984863,-0.006622936110943556,0.06363546848297119,0.4894618375281359,89.0,0.057699512926189585
gcn_residual_mdl2_network_ddpg_afd,51,routing_persistent_hotspot_cluster2,final,43,1,1,97404300,3,4,specimen_transfer:-1x0.1,f0384d2ccb3e452b,1,84016856.8955468,16836.112239196897,-0.46168506145477295,0.0014470815658569336,-0.0004831054247915745,0.13636453449726105,0.4894618375281359,91.0,0.057699512926189585
gcn_residual_mdl2_network_ddpg_afd,51,routing_persistent_hotspot_cluster2,final,43,4,4,97404310,3,0,mdl2,8307564b2cc61a74,1,281003935.70266116,0.0,-0.4631321430206299,0.0,-0.003553020767867565,0.07061980664730072,0.49011762188881924,283.6666666666667,0.05726615348728715
gcn_residual_mdl2_network_ddpg_afd,51,routing_persistent_hotspot_cluster2,final,43,4,4,97404310,3,1,specimen_transfer:+1x0.05,79730f65eab629b3,1,280927345.8691408,76589.83352035284,-0.4650440216064453,-0.0019118785858154297,-0.005087978206574917,0.041956931352615356,0.4899903813367854,284.3333333333333,0.057849311873104735
gcn_residual_mdl2_network_ddpg_afd,51,routing_persistent_hotspot_cluster2,final,43,4,4,97404310,3,2,specimen_transfer:-1x0.05,cdcb80a6ffbd54b5,1,281623271.16309875,-619335.4604375958,-0.4616977572441101,0.0014343857765197754,-0.002018062863498926,0.09928268194198608,0.49011726895309504,285.3333333333333,0.05726615348728715
gcn_residual_mdl2_network_ddpg_afd,51,routing_persistent_hotspot_cluster2,final,43,4,4,97404310,3,3,specimen_transfer:+1x0.1,3928aa2788631d8e,1,278050723.9376201,2953211.7650410533,-0.46606355905532837,-0.0029314160346984863,-0.006622936110943556,0.06363546848297119,0.49018113814898184,278.6666666666667,0.057499416841614186
gcn_residual_mdl2_network_ddpg_afd,51,routing_persistent_hotspot_cluster2,final,43,4,4,97404310,3,4,specimen_transfer:-1x0.1,f0384d2ccb3e452b,1,281921172.3176668,-917236.615005672,-0.46168506145477295,0.0014470815658569336,-0.0004831054247915745,0.13636453449726105,0.49011726895309504,286.6666666666667,0.05726615348728715
gcn_residual_mdl2_network_ddpg_afd,51,routing_persistent_hotspot_cluster2,final,43,remaining,9,97404320,3,0,mdl2,8307564b2cc61a74,1,607511643.3252976,0.0,-0.4631321430206299,0.0,-0.003553020767867565,0.07061980664730072,0.4900313807761951,581.6666666666666,0.060666152896758564
gcn_residual_mdl2_network_ddpg_afd,51,routing_persistent_hotspot_cluster2,final,43,remaining,9,97404320,3,1,specimen_transfer:+1x0.05,79730f65eab629b3,1,608797150.076666,-1285506.7513684034,-0.4650440216064453,-0.0019118785858154297,-0.005087978206574917,0.041956931352615356,0.48968799600582824,584.6666666666666,0.06130323962525256
gcn_residual_mdl2_network_ddpg_afd,51,routing_persistent_hotspot_cluster2,final,43,remaining,9,97404320,3,2,specimen_transfer:-1x0.05,cdcb80a6ffbd54b5,1,608048850.2493267,-537206.9240291119,-0.4616977572441101,0.0014343857765197754,-0.002018062863498926,0.09928268194198608,0.48951399217774405,583.6666666666666,0.06147509504483162
gcn_residual_mdl2_network_ddpg_afd,51,routing_persistent_hotspot_cluster2,final,43,remaining,9,97404320,3,3,specimen_transfer:+1x0.1,3928aa2788631d8e,1,610941136.2948085,-3429492.969510913,-0.46606355905532837,-0.0029314160346984863,-0.006622936110943556,0.06363546848297119,0.4891185979283858,586.3333333333334,0.062347908855852924
gcn_residual_mdl2_network_ddpg_afd,51,routing_persistent_hotspot_cluster2,final,43,remaining,9,97404320,3,4,specimen_transfer:-1x0.1,f0384d2ccb3e452b,1,607996193.8461434,-484550.52084577084,-0.46168506145477295,0.0014470815658569336,-0.0004831054247915745,0.13636453449726105,0.4894532687854447,585.0,0.061895485326017664
gcn_residual_mdl2_network_ddpg_afd,51,routing_persistent_hotspot_cluster2,final,51,1,1,97405100,3,0,mdl2,291dd6ac3c222eb9,1,66678575.6086598,0.0,-0.04684782028198242,0.0,-0.0009567253291606903,0.04947400838136673,0.4828344326061221,49.0,0.06149479659413434
gcn_residual_mdl2_network_ddpg_afd,51,routing_persistent_hotspot_cluster2,final,51,1,1,97405100,3,1,specimen_transfer:+1x0.05,49a2b280278fce62,1,66580265.18205306,98310.42660673708,-0.04714316874742508,-0.00029534846544265747,-0.0010893577709794044,0.05459268391132355,0.4828344326061221,49.0,0.06149479659413434
gcn_residual_mdl2_network_ddpg_afd,51,routing_persistent_hotspot_cluster2,final,51,1,1,97405100,3,2,specimen_transfer:-1x0.05,233b98e2595c064e,1,67730105.08205307,-1051529.4733932689,-0.04701089859008789,-0.00016307830810546875,-0.000824093003757298,0.07996873557567596,0.4828344326061221,51.0,0.06149479659413434
gcn_residual_mdl2_network_ddpg_afd,51,routing_persistent_hotspot_cluster2,final,51,1,1,97405100,3,3,specimen_transfer:+1x0.1,fd3b4b0a5d6dc2db,1,66333644.3288396,344931.27982019633,-0.047500237822532654,-0.0006524175405502319,-0.0012219900963827968,0.07003127038478851,0.4828344326061221,49.0,0.06149479659413434
gcn_residual_mdl2_network_ddpg_afd,51,routing_persistent_hotspot_cluster2,final,51,1,1,97405100,3,4,specimen_transfer:-1x0.1,0089f5f9dd32e60a,1,67483324.1288396,-804748.5201798007,-0.04752137511968613,-0.0006735548377037048,-0.0006914605619385839,0.12996873259544373,0.4828344326061221,51.0,0.06149479659413434
gcn_residual_mdl2_network_ddpg_afd,51,routing_persistent_hotspot_cluster2,final,51,4,1,97405110,3,0,mdl2,291dd6ac3c222eb9,1,66678575.6086598,0.0,-0.04684782028198242,0.0,-0.0009567253291606903,0.04947400838136673,0.4828344326061221,49.0,0.06149479659413434
gcn_residual_mdl2_network_ddpg_afd,51,routing_persistent_hotspot_cluster2,final,51,4,1,97405110,3,1,specimen_transfer:+1x0.05,49a2b280278fce62,1,66580265.18205306,98310.42660673708,-0.04714316874742508,-0.00029534846544265747,-0.0010893577709794044,0.05459268391132355,0.4828344326061221,49.0,0.06149479659413434
gcn_residual_mdl2_network_ddpg_afd,51,routing_persistent_hotspot_cluster2,final,51,4,1,97405110,3,2,specimen_transfer:-1x0.05,233b98e2595c064e,1,67730105.08205307,-1051529.4733932689,-0.04701089859008789,-0.00016307830810546875,-0.000824093003757298,0.07996873557567596,0.4828344326061221,51.0,0.06149479659413434
gcn_residual_mdl2_network_ddpg_afd,51,routing_persistent_hotspot_cluster2,final,51,4,1,97405110,3,3,specimen_transfer:+1x0.1,fd3b4b0a5d6dc2db,1,66333644.3288396,344931.27982019633,-0.047500237822532654,-0.0006524175405502319,-0.0012219900963827968,0.07003127038478851,0.4828344326061221,49.0,0.06149479659413434
gcn_residual_mdl2_network_ddpg_afd,51,routing_persistent_hotspot_cluster2,final,51,4,1,97405110,3,4,specimen_transfer:-1x0.1,0089f5f9dd32e60a,1,67483324.1288396,-804748.5201798007,-0.04752137511968613,-0.0006735548377037048,-0.0006914605619385839,0.12996873259544373,0.4828344326061221,51.0,0.06149479659413434
gcn_residual_mdl2_network_ddpg_afd,51,routing_persistent_hotspot_cluster2,final,51,remaining,1,97405120,3,0,mdl2,291dd6ac3c222eb9,1,66678575.6086598,0.0,-0.04684782028198242,0.0,-0.0009567253291606903,0.04947400838136673,0.4828344326061221,49.0,0.06149479659413434
gcn_residual_mdl2_network_ddpg_afd,51,routing_persistent_hotspot_cluster2,final,51,remaining,1,97405120,3,1,specimen_transfer:+1x0.05,49a2b280278fce62,1,66580265.18205306,98310.42660673708,-0.04714316874742508,-0.00029534846544265747,-0.0010893577709794044,0.05459268391132355,0.4828344326061221,49.0,0.06149479659413434
gcn_residual_mdl2_network_ddpg_afd,51,routing_persistent_hotspot_cluster2,final,51,remaining,1,97405120,3,2,specimen_transfer:-1x0.05,233b98e2595c064e,1,67730105.08205307,-1051529.4733932689,-0.04701089859008789,-0.00016307830810546875,-0.000824093003757298,0.07996873557567596,0.4828344326061221,51.0,0.06149479659413434
gcn_residual_mdl2_network_ddpg_afd,51,routing_persistent_hotspot_cluster2,final,51,remaining,1,97405120,3,3,specimen_transfer:+1x0.1,fd3b4b0a5d6dc2db,1,66333644.3288396,344931.27982019633,-0.047500237822532654,-0.0006524175405502319,-0.0012219900963827968,0.07003127038478851,0.4828344326061221,49.0,0.06149479659413434
gcn_residual_mdl2_network_ddpg_afd,51,routing_persistent_hotspot_cluster2,final,51,remaining,1,97405120,3,4,specimen_transfer:-1x0.1,0089f5f9dd32e60a,1,67483324.1288396,-804748.5201798007,-0.04752137511968613,-0.0006735548377037048,-0.0006914605619385839,0.12996873259544373,0.4828344326061221,51.0,0.06149479659413434
gcn_residual_mdl2_network_ddpg_afd,52,routing_persistent_hotspot_cluster3,pretrain,0,1,1,98200000,3,0,mdl2,ce694acbb1e774f4,1,913172.0851232767,0.0,-0.06120847910642624,0.0,0.0,0.0,0.0,0.0,0.0
gcn_residual_mdl2_network_ddpg_afd,52,routing_persistent_hotspot_cluster3,pretrain,0,1,1,98200000,3,1,specimen_transfer:+1x0.05,9026319d932aa58b,1,913172.0851232767,0.0,-0.062980055809021,-0.001771576702594757,-0.0017219634028151631,0.05000000447034836,0.0,0.0,0.0
gcn_residual_mdl2_network_ddpg_afd,52,routing_persistent_hotspot_cluster3,pretrain,0,1,1,98200000,3,2,specimen_transfer:-1x0.05,9c13da8bf828fc4b,1,913172.0851232767,0.0,-0.05943690240383148,0.001771576702594757,0.0017219632863998413,0.05000000447034836,0.0,0.0,0.0
gcn_residual_mdl2_network_ddpg_afd,52,routing_persistent_hotspot_cluster3,pretrain,0,1,1,98200000,3,3,specimen_transfer:+1x0.1,de99be50b5a9de13,1,913172.0851232767,0.0,-0.06475167721509933,-0.0035431981086730957,-0.0034439268056303263,0.10000000149011612,0.0,0.0,0.0
gcn_residual_mdl2_network_ddpg_afd,52,routing_persistent_hotspot_cluster3,pretrain,0,1,1,98200000,3,4,specimen_transfer:-1x0.1,bb4109a56d2f0a96,1,913172.0851232767,0.0,-0.057665299624204636,0.0035431794822216034,0.0034439268056303263,0.10000000149011612,0.0,0.0,0.0
gcn_residual_mdl2_network_ddpg_afd,52,routing_persistent_hotspot_cluster3,pretrain,0,4,4,98200010,3,0,mdl2,ce694acbb1e774f4,1,18275532.665028013,0.0,-0.06120847910642624,0.0,0.0,0.0,0.1918714903801896,0.0,0.0
gcn_residual_mdl2_network_ddpg_afd,52,routing_persistent_hotspot_cluster3,pretrain,0,4,4,98200010,3,1,specimen_transfer:+1x0.05,9026319d932aa58b,1,18275532.665028013,0.0,-0.062980055809021,-0.001771576702594757,-0.0017219634028151631,0.05000000447034836,0.1918714903801896,0.0,0.0
gcn_residual_mdl2_network_ddpg_afd,52,routing_persistent_hotspot_cluster3,pretrain,0,4,4,98200010,3,2,specimen_transfer:-1x0.05,9c13da8bf828fc4b,1,18275532.665028013,0.0,-0.05943690240383148,0.001771576702594757,0.0017219632863998413,0.05000000447034836,0.1918714903801896,0.0,0.0
gcn_residual_mdl2_network_ddpg_afd,52,routing_persistent_hotspot_cluster3,pretrain,0,4,4,98200010,3,3,specimen_transfer:+1x0.1,de99be50b5a9de13,1,18275532.665028013,0.0,-0.06475167721509933,-0.0035431981086730957,-0.0034439268056303263,0.10000000149011612,0.1918714903801896,0.0,0.0
gcn_residual_mdl2_network_ddpg_afd,52,routing_persistent_hotspot_cluster3,pretrain,0,4,4,98200010,3,4,specimen_transfer:-1x0.1,bb4109a56d2f0a96,1,18275532.665028013,0.0,-0.057665299624204636,0.0035431794822216034,0.0034439268056303263,0.10000000149011612,0.1918714903801896,0.0,0.0
gcn_residual_mdl2_network_ddpg_afd,52,routing_persistent_hotspot_cluster3,pretrain,0,remaining,52,98200020,3,0,mdl2,ce694acbb1e774f4,1,2367750841.4860744,0.0,-0.06120847910642624,0.0,0.0,0.0,0.5126723023725989,2047.3333333333333,0.061268589618254043
gcn_residual_mdl2_network_ddpg_afd,52,routing_persistent_hotspot_cluster3,pretrain,0,remaining,52,98200020,3,1,specimen_transfer:+1x0.05,9026319d932aa58b,1,2367750841.4860744,0.0,-0.062980055809021,-0.001771576702594757,-0.0017219634028151631,0.05000000447034836,0.5126723023725989,2047.3333333333333,0.061268589618254043
gcn_residual_mdl2_network_ddpg_afd,52,routing_persistent_hotspot_cluster3,pretrain,0,remaining,52,98200020,3,2,specimen_transfer:-1x0.05,9c13da8bf828fc4b,1,2367750841.4860744,0.0,-0.05943690240383148,0.001771576702594757,0.0017219632863998413,0.05000000447034836,0.5126723023725989,2047.3333333333333,0.061268589618254043
gcn_residual_mdl2_network_ddpg_afd,52,routing_persistent_hotspot_cluster3,pretrain,0,remaining,52,98200020,3,3,specimen_transfer:+1x0.1,de99be50b5a9de13,1,2367750841.4860744,0.0,-0.06475167721509933,-0.0035431981086730957,-0.0034439268056303263,0.10000000149011612,0.5126723023725989,2047.3333333333333,0.061268589618254043
gcn_residual_mdl2_network_ddpg_afd,52,routing_persistent_hotspot_cluster3,pretrain,0,remaining,52,98200020,3,4,specimen_transfer:-1x0.1,bb4109a56d2f0a96,1,2367750841.4860744,0.0,-0.057665299624204636,0.0035431794822216034,0.0034439268056303263,0.10000000149011612,0.5126723023725989,2047.3333333333333,0.061268589618254043
gcn_residual_mdl2_network_ddpg_afd,52,routing_persistent_hotspot_cluster3,pretrain,6,1,1,98200600,3,0,mdl2,31dff50ad0cb7f98,1,12211634.432332313,0.0,-0.30944377183914185,0.0,0.0,0.0,0.38840579710144923,1.0,0.0026109660574412537
gcn_residual_mdl2_network_ddpg_afd,52,routing_persistent_hotspot_cluster3,pretrain,6,1,1,98200600,3,1,specimen_transfer:+1x0.05,b47415a82406e0aa,1,11840043.961241767,371590.4710905459,-0.3106333613395691,-0.001189589500427246,-0.0008985087624751031,0.05000000074505806,0.38840579710144923,1.0,0.0026109660574412537
gcn_residual_mdl2_network_ddpg_afd,52,routing_persistent_hotspot_cluster3,pretrain,6,1,1,98200600,3,2,specimen_transfer:-1x0.05,d76a02236bf57a8c,1,11866690.523568757,344943.9087635558,-0.3087902069091797,0.0006535649299621582,0.000898508820682764,0.05000000074505806,0.38840579710144923,1.0,0.0026109660574412537
gcn_residual_mdl2_network_ddpg_afd,52,routing_persistent_hotspot_cluster3,pretrain,6,1,1,98200600,3,3,specimen_transfer:+1x0.1,50de6d9d0d595d24,1,11270611.515862068,941022.9164702445,-0.3113105893135071,-0.0018668174743652344,-0.001797017641365528,0.10000000149011612,0.38840579710144923,1.0,0.0026109660574412537
gcn_residual_mdl2_network_ddpg_afd,52,routing_persistent_hotspot_cluster3,pretrain,6,1,1,98200600,3,4,specimen_transfer:-1x0.1,260e5f5406d678a4,1,11521820.120651687,689814.3116806261,-0.30813878774642944,0.0013049840927124023,0.001797017641365528,0.10000000149011612,0.38840579710144923,1.0,0.0026178010471204194
gcn_residual_mdl2_network_ddpg_afd,52,routing_persistent_hotspot_cluster3,pretrain,6,4,4,98200610,3,0,mdl2,31dff50ad0cb7f98,1,83923755.7825126,0.0,-0.30944377183914185,0.0,0.0,0.0,0.46166488576471937,45.0,0.0052173913043478265
gcn_residual_mdl2_network_ddpg_afd,52,routing_persistent_hotspot_cluster3,pretrain,6,4,4,98200610,3,1,specimen_transfer:+1x0.05,b47415a82406e0aa,1,80532694.59799069,3391061.1845219135,-0.3106333613395691,-0.001189589500427246,-0.0008985087624751031,0.05000000074505806,0.4626750933922133,39.0,0.0052173913043478265
gcn_residual_mdl2_network_ddpg_afd,52,routing_persistent_hotspot_cluster3,pretrain,6,4,4,98200610,3,2,specimen_transfer:-1x0.05,d76a02236bf57a8c,1,83538988.22014269,384767.56236991286,-0.3087902069091797,0.0006535649299621582,0.000898508820682764,0.05000000074505806,0.46065467813722544,44.333333333333336,0.005223461567645496
gcn_residual_mdl2_network_ddpg_afd,52,routing_persistent_hotspot_cluster3,pretrain,6,4,4,98200610,3,3,specimen_transfer:+1x0.1,50de6d9d0d595d24,1,77654538.83318736,6269216.949325249,-0.3113105893135071,-0.0018668174743652344,-0.001797017641365528,0.10000000149011612,0.46368530101970723,34.333333333333336,0.005226480836236935
gcn_residual_mdl2_network_ddpg_afd,52,routing_persistent_hotspot_cluster3,pretrain,6,4,4,98200610,3,4,specimen_transfer:-1x0.1,260e5f5406d678a4,1,83703791.26427643,219964.51823617518,-0.30813878774642944,0.0013049840927124023,0.001797017641365528,0.10000000149011612,0.45964447050973156,44.666666666666664,0.006980845390140166
gcn_residual_mdl2_network_ddpg_afd,52,routing_persistent_hotspot_cluster3,pretrain,6,remaining,46,98200620,3,0,mdl2,31dff50ad0cb7f98,1,2286849847.870966,0.0,-0.30944377183914185,0.0,0.0,0.0,0.5178325094899602,1980.3333333333333,0.060626241772762025
gcn_residual_mdl2_network_ddpg_afd,52,routing_persistent_hotspot_cluster3,pretrain,6,remaining,46,98200620,3,1,specimen_transfer:+1x0.05,b47415a82406e0aa,1,2288600391.784225,-1750543.9132590294,-0.3106333613395691,-0.001189589500427246,-0.0008985087624751031,0.05000000074505806,0.5183962002894077,1975.3333333333333,0.05961360930075182
gcn_residual_mdl2_network_ddpg_afd,52,routing_persistent_hotspot_cluster3,pretrain,6,remaining,46,98200620,3,2,specimen_transfer:-1x0.05,d76a02236bf57a8c,1,2281829900.4597015,5019947.41126442,-0.3087902069091797,0.0006535649299621582,0.000898508820682764,0.05000000074505806,0.5181717339485911,1977.0,0.060503455301799514
gcn_residual_mdl2_network_ddpg_afd,52,routing_persistent_hotspot_cluster3,pretrain,6,remaining,46,98200620,3,3,specimen_transfer:+1x0.1,50de6d9d0d595d24,1,2301848754.111315,-14998906.240348816,-0.3113105893135071,-0.0018668174743652344,-0.001797017641365528,0.10000000149011612,0.516634695735255,1985.3333333333333,0.05987055351816415
gcn_residual_mdl2_network_ddpg_afd,52,routing_persistent_hotspot_cluster3,pretrain,6,remaining,46,98200620,3,4,specimen_transfer:-1x0.1,260e5f5406d678a4,1,2281097887.505854,5751960.365111828,-0.30813878774642944,0.0013049840927124023,0.001797017641365528,0.10000000149011612,0.5184982560603394,1977.6666666666667,0.06001505300160368
gcn_residual_mdl2_network_ddpg_afd,52,routing_persistent_hotspot_cluster3,pretrain,12,1,1,98201200,3,0,mdl2,52c3739d583a558e,1,43920440.02641152,0.0,-0.7785271406173706,0.0,0.0,0.0,0.44452198185624564,27.0,0.018229166666666668
gcn_residual_mdl2_network_ddpg_afd,52,routing_persistent_hotspot_cluster3,pretrain,12,1,1,98201200,3,1,specimen_transfer:+1x0.05,381fe12352af2713,1,44774168.1225098,-853728.0960982814,-0.7777332067489624,0.0007939338684082031,0.0007496707839891315,0.05000000074505806,0.44452198185624564,29.0,0.018229166666666668
gcn_residual_mdl2_network_ddpg_afd,52,routing_persistent_hotspot_cluster3,pretrain,12,1,1,98201200,3,2,specimen_transfer:-1x0.05,858ab06778349956,1,43524498.869837284,395941.15657423437,-0.7794119119644165,-0.0008847713470458984,-0.0007496707839891315,0.05000000074505806,0.44452198185624564,27.0,0.018252933507170794
gcn_residual_mdl2_network_ddpg_afd,52,routing_persistent_hotspot_cluster3,pretrain,12,1,1,98201200,3,3,specimen_transfer:+1x0.1,07f7b1d962b10207,1,44329599.080945104,-409159.0545335859,-0.7772048115730286,0.001322329044342041,0.001499341567978263,0.10000000149011612,0.44452198185624564,29.0,0.018229166666666668
gcn_residual_mdl2_network_ddpg_afd,52,routing_persistent_hotspot_cluster3,pretrain,12,1,1,98201200,3,4,specimen_transfer:-1x0.1,a1727b25baa2b2e8,1,43178988.48070632,741451.5457051992,-0.7799391746520996,-0.001412034034729004,-0.001499341567978263,0.10000000149011612,0.44452198185624564,27.0,0.018252933507170794
gcn_residual_mdl2_network_ddpg_afd,52,routing_persistent_hotspot_cluster3,pretrain,12,4,4,98201210,3,0,mdl2,52c3739d583a558e,1,239728763.60252357,0.0,-0.7785271406173706,0.0,0.0,0.0,0.4363076040697775,197.0,0.028125
gcn_residual_mdl2_network_ddpg_afd,52,routing_persistent_hotspot_cluster3,pretrain,12,4,4,98201210,3,1,specimen_transfer:+1x0.05,381fe12352af2713,1,237066764.7180046,2661998.884518951,-0.7777332067489624,0.0007939338684082031,0.0007496707839891315,0.05000000074505806,0.43666094656904364,192.66666666666666,0.027083333333333334
gcn_residual_mdl2_network_ddpg_afd,52,routing_persistent_hotspot_cluster3,pretrain,12,4,4,98201210,3,2,specimen_transfer:-1x0.05,858ab06778349956,1,241014622.26372108,-1285858.6611975133,-0.7794119119644165,-0.0008847713470458984,-0.0007496707839891315,0.05000000074505806,0.4359525197415037,200.0,0.02816412364131914
gcn_residual_mdl2_network_ddpg_afd,52,routing_persistent_hotspot_cluster3,pretrain,12,4,4,98201210,3,3,specimen_transfer:+1x0.1,07f7b1d962b10207,1,235468238.2242019,4260525.378321677,-0.7772048115730286,0.001322329044342041,0.001499341567978263,0.10000000149011612,0.43666094656904364,190.66666666666666,0.028125
gcn_residual_mdl2_network_ddpg_afd,52,routing_persistent_hotspot_cluster3,pretrain,12,4,4,98201210,3,4,specimen_transfer:-1x0.1,a1727b25baa2b2e8,1,239728651.70225146,111.90027210116386,-0.7799391746520996,-0.001412034034729004,-0.001499341567978263,0.10000000149011612,0.4364845932506001,198.66666666666666,0.02677306083886094
gcn_residual_mdl2_network_ddpg_afd,52,routing_persistent_hotspot_cluster3,pretrain,12,remaining,40,98201220,3,0,mdl2,52c3739d583a558e,1,2236169558.9500422,0.0,-0.7785271406173706,0.0,0.0,0.0,0.5169015415803158,2046.0,0.0635347210299549
gcn_residual_mdl2_network_ddpg_afd,52,routing_persistent_hotspot_cluster3,pretrain,12,remaining,40,98201220,3,1,specimen_transfer:+1x0.05,381fe12352af2713,1,2244042144.33571,-7872585.385667801,-0.7777332067489624,0.0007939338684082031,0.0007496707839891315,0.05000000074505806,0.514841946652623,2051.3333333333335,0.065265560365819
gcn_residual_mdl2_network_ddpg_afd,52,routing_persistent_hotspot_cluster3,pretrain,12,remaining,40,98201220,3,2,specimen_transfer:-1x0.05,858ab06778349956,1,2231282718.4766145,4886840.4734277725,-0.7794119119644165,-0.0008847713470458984,-0.0007496707839891315,0.05000000074505806,0.5166061157932774,2045.0,0.06345195315863066
gcn_residual_mdl2_network_ddpg_afd,52,routing_persistent_hotspot_cluster3,pretrain,12,remaining,40,98201220,3,3,specimen_transfer:+1x0.1,07f7b1d962b10207,1,2246235731.7889376,-10066172.83889532,-0.7772048115730286,0.001322329044342041,0.001499341567978263,0.10000000149011612,0.5145155529351869,2056.3333333333335,0.06664776641218605
gcn_residual_mdl2_network_ddpg_afd,52,routing_persistent_hotspot_cluster3,pretrain,12,remaining,40,98201220,3,4,specimen_transfer:-1x0.1,a1727b25baa2b2e8,1,2233082351.8047967,3087207.145245552,-0.7799391746520996,-0.001412034034729004,-0.001499341567978263,0.10000000149011612,0.5156686711795985,2048.6666666666665,0.06450318557917635
gcn_residual_mdl2_network_ddpg_afd,52,routing_persistent_hotspot_cluster3,pretrain,18,1,1,98201800,3,0,mdl2,52ea36f957114045,1,70855598.49354587,0.0,-0.6286885142326355,0.0,-0.0003145358641631901,0.028615614399313927,0.44993203443588586,66.0,0.0380952380952381
gcn_residual_mdl2_network_ddpg_afd,52,routing_persistent_hotspot_cluster3,pretrain,18,1,1,98201800,3,1,specimen_transfer:+1x0.05,987050dd76a5c9b1,1,70058451.40395074,797147.089595139,-0.628939688205719,-0.0002511739730834961,-0.0005608013598248363,0.047583404928445816,0.44993203443588586,65.0,0.0380952380952381
gcn_residual_mdl2_network_ddpg_afd,52,routing_persistent_hotspot_cluster3,pretrain,18,1,1,98201800,3,2,specimen_transfer:-1x0.05,039a044a13d9d55b,1,70608131.20395073,247467.289595142,-0.6284372210502625,0.0002512931823730469,-6.82702666381374e-05,0.07861561328172684,0.44993203443588586,66.0,0.0380952380952381
gcn_residual_mdl2_network_ddpg_afd,52,routing_persistent_hotspot_cluster3,pretrain,18,1,1,98201800,3,3,specimen_transfer:+1x0.1,68299375bc8c56f3,1,69935791.03036775,919807.463178128,-0.6291874647140503,-0.0004989504814147949,-0.0008070669136941433,0.08975715190172195,0.44993203443588586,65.0,0.0380952380952381
gcn_residual_mdl2_network_ddpg_afd,52,routing_persistent_hotspot_cluster3,pretrain,18,1,1,98201800,3,4,specimen_transfer:-1x0.1,c64d7fd1fc6618d7,1,70385150.63036776,470447.86317811906,-0.6281894445419312,0.0004990696907043457,0.00017799518536776304,0.1286156177520752,0.44993203443588586,66.0,0.0380952380952381
gcn_residual_mdl2_network_ddpg_afd,52,routing_persistent_hotspot_cluster3,pretrain,18,4,4,98201810,3,0,mdl2,52ea36f957114045,1,295919281.0091618,0.0,-0.6286885142326355,0.0,-0.0003145358641631901,0.028615614399313927,0.4562673024078132,304.3333333333333,0.046632124352331605
gcn_residual_mdl2_network_ddpg_afd,52,routing_persistent_hotspot_cluster3,pretrain,18,4,4,98201810,3,1,specimen_transfer:+1x0.05,987050dd76a5c9b1,1,295293302.7235266,625978.2856351733,-0.628939688205719,-0.0002511739730834961,-0.0005608013598248363,0.047583404928445816,0.4562673024078132,303.3333333333333,0.046597633136094684
gcn_residual_mdl2_network_ddpg_afd,52,routing_persistent_hotspot_cluster3,pretrain,18,4,4,98201810,3,2,specimen_transfer:-1x0.05,039a044a13d9d55b,1,296993491.22478765,-1074210.2156258821,-0.6284372210502625,0.0002512931823730469,-6.82702666381374e-05,0.07861561328172684,0.4562673024078132,306.6666666666667,0.046632124352331605
gcn_residual_mdl2_network_ddpg_afd,52,routing_persistent_hotspot_cluster3,pretrain,18,4,4,98201810,3,3,specimen_transfer:+1x0.1,68299375bc8c56f3,1,294796833.94598126,1122447.0631805062,-0.6291874647140503,-0.0004989504814147949,-0.0008070669136941433,0.08975715190172195,0.45665861227265697,303.0,0.045857988165680465
gcn_residual_mdl2_network_ddpg_afd,52,routing_persistent_hotspot_cluster3,pretrain,18,4,4,98201810,3,4,specimen_transfer:-1x0.1,c64d7fd1fc6618d7,1,298302528.06836385,-2383247.059202075,-0.6281894445419312,0.0004990696907043457,0.00017799518536776304,0.1286156177520752,0.45665861227265697,310.0,0.046632124352331605
gcn_residual_mdl2_network_ddpg_afd,52,routing_persistent_hotspot_cluster3,pretrain,18,remaining,34,98201820,3,0,mdl2,52ea36f957114045,1,2173946572.455295,0.0,-0.6286885142326355,0.0,-0.0003145358641631901,0.028615614399313927,0.48438460382075177,2038.6666666666667,0.07074455699150077
gcn_residual_mdl2_network_ddpg_afd,52,routing_persistent_hotspot_cluster3,pretrain,18,remaining,34,98201820,3,1,specimen_transfer:+1x0.05,987050dd76a5c9b1,1,2175488782.506332,-1542210.0510368347,-0.628939688205719,-0.0002511739730834961,-0.0005608013598248363,0.047583404928445816,0.4840487924315163,2037.6666666666667,0.07116484166164712
gcn_residual_mdl2_network_ddpg_afd,52,routing_persistent_hotspot_cluster3,pretrain,18,remaining,34,98201820,3,2,specimen_transfer:-1x0.05,039a044a13d9d55b,1,2172091525.587974,1855046.8673210144,-0.6284372210502625,0.0002512931823730469,-6.82702666381374e-05,0.07861561328172684,0.48465692562631696,2034.6666666666667,0.07079002195733865
gcn_residual_mdl2_network_ddpg_afd,52,routing_persistent_hotspot_cluster3,pretrain,18,remaining,34,98201820,3,3,specimen_transfer:+1x0.1,68299375bc8c56f3,1,2177992445.207091,-4045872.7517957687,-0.6291874647140503,-0.0004989504814147949,-0.0008070669136941433,0.08975715190172195,0.4833812031681022,2040.6666666666667,0.07186911726920432
gcn_residual_mdl2_network_ddpg_afd,52,routing_persistent_hotspot_cluster3,pretrain,18,remaining,34,98201820,3,4,specimen_transfer:-1x0.1,c64d7fd1fc6618d7,1,2172228277.90124,1718294.554055214,-0.6281894445419312,0.0004990696907043457,0.00017799518536776304,0.1286156177520752,0.4847157103368133,2036.0,0.07112805861597774
gcn_residual_mdl2_network_ddpg_afd,52,routing_persistent_hotspot_cluster3,pretrain,25,1,1,98202500,3,0,mdl2,d395b7c9a8d720ce,1,63375925.19961393,0.0,-0.34103065729141235,0.0,-0.0007447159732691944,0.038094256073236465,0.47602970965563807,68.0,0.05334987593052109
gcn_residual_mdl2_network_ddpg_afd,52,routing_persistent_hotspot_cluster3,pretrain,25,1,1,98202500,3,1,specimen_transfer:+1x0.05,4b7ce3a765107465,1,62404135.0554285,971790.1441854313,-0.3420546054840088,-0.0010239481925964355,-0.0016071740537881851,0.03091440349817276,0.47602970965563807,67.0,0.05334987593052109
gcn_residual_mdl2_network_ddpg_afd,52,routing_persistent_hotspot_cluster3,pretrain,25,1,1,98202500,3,2,specimen_transfer:-1x0.05,69bbb9ef758e8566,1,62528473.60053263,847451.5990813002,-0.34028691053390503,0.0007437467575073242,0.00011774199083447456,0.08809425681829453,0.47602970965563807,67.0,0.05334987593052109
gcn_residual_mdl2_network_ddpg_afd,52,routing_persistent_hotspot_cluster3,pretrain,25,1,1,98202500,3,3,specimen_transfer:+1x0.1,1b98ac5d37659cc1,1,61156668.18113247,2219257.0184814557,-0.3429255485534668,-0.0018948912620544434,-0.002469632076099515,0.061905745416879654,0.47602970965563807,65.0,0.05334987593052109
gcn_residual_mdl2_network_ddpg_afd,52,routing_persistent_hotspot_cluster3,pretrain,25,1,1,98202500,3,4,specimen_transfer:-1x0.1,5f545e0571093c20,1,61780686.526236616,1595238.6733773127,-0.3394726514816284,0.0015580058097839355,0.0009802001295611262,0.13809426128864288,0.47602970965563807,66.0,0.05334987593052109
gcn_residual_mdl2_network_ddpg_afd,52,routing_persistent_hotspot_cluster3,pretrain,25,4,4,98202510,3,0,mdl2,d395b7c9a8d720ce,1,230033806.01658297,0.0,-0.34103065729141235,0.0,-0.0007447159732691944,0.038094256073236465,0.47018029395593003,212.0,0.05632352273906327
gcn_residual_mdl2_network_ddpg_afd,52,routing_persistent_hotspot_cluster3,pretrain,25,4,4,98202510,3,1,specimen_transfer:+1x0.05,4b7ce3a765107465,1,228213885.66376457,1819920.3528183997,-0.3420546054840088,-0.0010239481925964355,-0.0016071740537881851,0.03091440349817276,0.4716661109002483,209.66666666666666,0.05416880578376224
gcn_residual_mdl2_network_ddpg_afd,52,routing_persistent_hotspot_cluster3,pretrain,25,4,4,98202510,3,2,specimen_transfer:-1x0.05,69bbb9ef758e8566,1,232004373.82881832,-1970567.8122353554,-0.34028691053390503,0.0007437467575073242,0.00011774199083447456,0.08809425681829453,0.4706726682435171,216.66666666666666,0.0564861540376618
gcn_residual_mdl2_network_ddpg_afd,52,routing_persistent_hotspot_cluster3,pretrain,25,4,4,98202510,3,3,specimen_transfer:+1x0.1,1b98ac5d37659cc1,1,227060536.58034393,2973269.436239034,-0.3429255485534668,-0.0018948912620544434,-0.002469632076099515,0.061905745416879654,0.4722592784671014,207.66666666666666,0.05358445474044946
gcn_residual_mdl2_network_ddpg_afd,52,routing_persistent_hotspot_cluster3,pretrain,25,4,4,98202510,3,4,specimen_transfer:-1x0.1,5f545e0571093c20,1,232504440.66876447,-2470634.652181506,-0.3394726514816284,0.0015580058097839355,0.0009802001295611262,0.13809426128864288,0.4706726682435171,218.33333333333334,0.05592237729955899
gcn_residual_mdl2_network_ddpg_afd,52,routing_persistent_hotspot_cluster3,pretrain,25,remaining,27,98202520,3,0,mdl2,d395b7c9a8d720ce,1,1490012497.854339,0.0,-0.34103065729141235,0.0,-0.0007447159732691944,0.038094256073236465,0.5068832303135352,1353.3333333333333,0.06846475212777153
gcn_residual_mdl2_network_ddpg_afd,52,routing_persistent_hotspot_cluster3,pretrain,25,remaining,27,98202520,3,1,specimen_transfer:+1x0.05,4b7ce3a765107465,1,1483796355.2925513,6216142.561787605,-0.3420546054840088,-0.0010239481925964355,-0.0016071740537881851,0.03091440349817276,0.5081912118926378,1346.0,0.06564415259537211
gcn_residual_mdl2_network_ddpg_afd,52,routing_persistent_hotspot_cluster3,pretrain,25,remaining,27,98202520,3,2,specimen_transfer:-1x0.05,69bbb9ef758e8566,1,1482614796.3189409,7397701.535398006,-0.34028691053390503,0.0007437467575073242,0.00011774199083447456,0.08809425681829453,0.5080342349530341,1350.0,0.06616464529377347
gcn_residual_mdl2_network_ddpg_afd,52,routing_persistent_hotspot_cluster3,pretrain,25,remaining,27,98202520,3,3,specimen_transfer:+1x0.1,1b98ac5d37659cc1,1,1483282331.250818,6730166.60352087,-0.3429255485534668,-0.0018948912620544434,-0.002469632076099515,0.061905745416879654,0.5079513461335111,1345.0,0.06544069909669517
gcn_residual_mdl2_network_ddpg_afd,52,routing_persistent_hotspot_cluster3,pretrain,25,remaining,27,98202520,3,4,specimen_transfer:-1x0.1,5f545e0571093c20,1,1479551640.011547,10460857.842791796,-0.3394726514816284,0.0015580058097839355,0.0009802001295611262,0.13809426128864288,0.5082645608795474,1348.0,0.06632485782265743
gcn_residual_mdl2_network_ddpg_afd,52,routing_persistent_hotspot_cluster3,pretrain,31,1,1,98203100,3,0,mdl2,580884c9f45f8b82,1,49581677.09234681,0.0,-0.6179090738296509,0.0,-0.0006586387753486633,0.06359563767910004,0.4858710562414266,39.0,0.05508262393590386
gcn_residual_mdl2_network_ddpg_afd,52,routing_persistent_hotspot_cluster3,pretrain,31,1,1,98203100,3,1,specimen_transfer:+1x0.05,6105f4aaf6c588ee,1,50459704.643856026,-878027.5515092164,-0.6172398328781128,0.0006692409515380859,9.035949187818915e-05,0.034947946667671204,0.4858710562414266,41.0,0.05508262393590386
gcn_residual_mdl2_network_ddpg_afd,52,routing_persistent_hotspot_cluster3,pretrain,31,1,1,98203100,3,2,specimen_transfer:-1x0.05,51f3c38202c34f3c,1,49284704.643856026,296972.4484907836,-0.6185441613197327,-0.0006350874900817871,-0.0014076371444389224,0.09224332869052887,0.4858710562414266,39.0,0.05508262393590386
gcn_residual_mdl2_network_ddpg_afd,52,routing_persistent_hotspot_cluster3,pretrain,31,1,1,98203100,3,3,specimen_transfer:+1x0.1,9f7517444c885bba,1,50312550.414340526,-730873.3219937161,-0.6165568828582764,0.0013521909713745117,0.000839357846416533,0.07583121955394745,0.4858710562414266,41.0,0.05508262393590386
gcn_residual_mdl2_network_ddpg_afd,52,routing_persistent_hotspot_cluster3,pretrain,31,1,1,98203100,3,4,specimen_transfer:-1x0.1,89802ab7bde582c4,1,48487390.31434053,1094286.778006278,-0.6191595196723938,-0.00125044584274292,-0.002156635280698538,0.12416878342628479,0.4858710562414266,38.0,0.05508262393590386
gcn_residual_mdl2_network_ddpg_afd,52,routing_persistent_hotspot_cluster3,pretrain,31,4,4,98203110,3,0,mdl2,580884c9f45f8b82,1,230701969.6595439,0.0,-0.6179090738296509,0.0,-0.0006586387753486633,0.06359563767910004,0.4754870773349871,177.66666666666666,0.05418569254185693
gcn_residual_mdl2_network_ddpg_afd,52,routing_persistent_hotspot_cluster3,pretrain,31,4,4,98203110,3,1,specimen_transfer:+1x0.05,6105f4aaf6c588ee,1,228247854.24588418,2454115.4136597216,-0.6172398328781128,0.0006692409515380859,9.035949187818915e-05,0.034947946667671204,0.47589199514006975,174.0,0.05342465753424658
gcn_residual_mdl2_network_ddpg_afd,52,routing_persistent_hotspot_cluster3,pretrain,31,4,4,98203110,3,2,specimen_transfer:-1x0.05,51f3c38202c34f3c,1,231843575.0640389,-1141605.4044950008,-0.6185441613197327,-0.0006350874900817871,-0.0014076371444389224,0.09224332869052887,0.47540539800802467,180.33333333333334,0.0547945205479452
gcn_residual_mdl2_network_ddpg_afd,52,routing_persistent_hotspot_cluster3,pretrain,31,4,4,98203110,3,3,specimen_transfer:+1x0.1,9f7517444c885bba,1,227132523.89120898,3569445.768334925,-0.6165568828582764,0.0013521909713745117,0.000839357846416533,0.07583121955394745,0.47589199514006975,172.33333333333334,0.05342465753424658
gcn_residual_mdl2_network_ddpg_afd,52,routing_persistent_hotspot_cluster3,pretrain,31,4,4,98203110,3,4,specimen_transfer:-1x0.1,89802ab7bde582c4,1,231963046.3447872,-1261076.6852433085,-0.6191595196723938,-0.00125044584274292,-0.002156635280698538,0.12416878342628479,0.47564869657404724,181.0,0.054337899543379
gcn_residual_mdl2_network_ddpg_afd,52,routing_persistent_hotspot_cluster3,pretrain,31,remaining,21,98203120,3,0,mdl2,580884c9f45f8b82,1,1328786458.909115,0.0,-0.6179090738296509,0.0,-0.0006586387753486633,0.06359563767910004,0.49057220042631444,1192.6666666666667,0.06592371584681113
gcn_residual_mdl2_network_ddpg_afd,52,routing_persistent_hotspot_cluster3,pretrain,31,remaining,21,98203120,3,1,specimen_transfer:+1x0.05,6105f4aaf6c588ee,1,1331266774.2508698,-2480315.341754675,-0.6172398328781128,0.0006692409515380859,9.035949187818915e-05,0.034947946667671204,0.49049322899242265,1196.3333333333333,0.06653552768055766
gcn_residual_mdl2_network_ddpg_afd,52,routing_persistent_hotspot_cluster3,pretrain,31,remaining,21,98203120,3,2,specimen_transfer:-1x0.05,51f3c38202c34f3c,1,1333195013.2397323,-4408554.330617189,-0.6185441613197327,-0.0006350874900817871,-0.0014076371444389224,0.09224332869052887,0.489629772803569,1200.3333333333333,0.06766003835300567
gcn_residual_mdl2_network_ddpg_afd,52,routing_persistent_hotspot_cluster3,pretrain,31,remaining,21,98203120,3,3,specimen_transfer:+1x0.1,9f7517444c885bba,1,1329429871.637326,-643412.728210926,-0.6165568828582764,0.0013521909713745117,0.000839357846416533,0.07583121955394745,0.49083930043915175,1193.0,0.06580828306996551
gcn_residual_mdl2_network_ddpg_afd,52,routing_persistent_hotspot_cluster3,pretrain,31,remaining,21,98203120,3,4,specimen_transfer:-1x0.1,89802ab7bde582c4,1,1332068278.3416193,-3281819.432504177,-0.6191595196723938,-0.00125044584274292,-0.002156635280698538,0.12416878342628479,0.4896419673370964,1200.0,0.06810720681105571
gcn_residual_mdl2_network_ddpg_afd,52,routing_persistent_hotspot_cluster3,pretrain,37,1,1,98203700,3,0,mdl2,278cb37edb831da0,1,74505700.1749906,0.0,-0.45880454778671265,0.0,-0.0008395019685849547,0.08164018392562866,0.48810612991765784,77.0,0.05581200167855644
gcn_residual_mdl2_network_ddpg_afd,52,routing_persistent_hotspot_cluster3,pretrain,37,1,1,98203700,3,1,specimen_transfer:+1x0.05,cfce72520f8bb6f6,1,74382419.72765338,123280.44733721018,-0.45784056186676025,0.0009639859199523926,0.00018732863827608526,0.05103651434183121,0.48810612991765784,77.0,0.05581200167855644
gcn_residual_mdl2_network_ddpg_afd,52,routing_persistent_hotspot_cluster3,pretrain,37,1,1,98203700,3,2,specimen_transfer:-1x0.05,32d459e0a178ee6c,1,74957259.62765339,-451559.4526627958,-0.4597685933113098,-0.000964045524597168,-0.0018663324881345034,0.13164018094539642,0.48810612991765784,78.0,0.05581200167855644
gcn_residual_mdl2_network_ddpg_afd,52,routing_persistent_hotspot_cluster3,pretrain,37,1,1,98203700,3,3,specimen_transfer:+1x0.1,9517c75166623d6a,1,74809018.1741845,-303317.9991939068,-0.45663750171661377,0.002167046070098877,0.0012141589540988207,0.08333449810743332,0.48810612991765784,78.0,0.05581200167855644
gcn_residual_mdl2_network_ddpg_afd,52,routing_persistent_hotspot_cluster3,pretrain,37,1,1,98203700,3,4,specimen_transfer:-1x0.1,e5679ccb7e2ea266,1,74909178.2741845,-403478.0991939008,-0.46099531650543213,-0.0021907687187194824,-0.00289316289126873,0.18164017796516418,0.48810612991765784,78.0,0.05581200167855644
gcn_residual_mdl2_network_ddpg_afd,52,routing_persistent_hotspot_cluster3,pretrain,37,4,4,98203710,3,0,mdl2,278cb37edb831da0,1,297227807.4291831,0.0,-0.45880454778671265,0.0,-0.0008395019685849547,0.08164018392562866,0.48897881996431924,315.3333333333333,0.058762588192727484
gcn_residual_mdl2_network_ddpg_afd,52,routing_persistent_hotspot_cluster3,pretrain,37,4,4,98203710,3,1,specimen_transfer:+1x0.05,cfce72520f8bb6f6,1,295767772.00405115,1460035.4251319766,-0.45784056186676025,0.0009639859199523926,0.00018732863827608526,0.05103651434183121,0.4894027899139102,313.0,0.05798598966813403
gcn_residual_mdl2_network_ddpg_afd,52,routing_persistent_hotspot_cluster3,pretrain,37,4,4,98203710,3,2,specimen_transfer:-1x0.05,32d459e0a178ee6c,1,297370107.1059646,-142299.67678147554,-0.4597685933113098,-0.000964045524597168,-0.0018663324881345034,0.13164018094539642,0.48897881996431924,316.3333333333333,0.058762588192727484
gcn_residual_mdl2_network_ddpg_afd,52,routing_persistent_hotspot_cluster3,pretrain,37,4,4,98203710,3,3,specimen_transfer:+1x0.1,9517c75166623d6a,1,295038376.5468245,2189430.8823586106,-0.45663750171661377,0.002167046070098877,0.0012141589540988207,0.08333449810743332,0.48961477488870564,312.3333333333333,0.05759769040583731
gcn_residual_mdl2_network_ddpg_afd,52,routing_persistent_hotspot_cluster3,pretrain,37,4,4,98203710,3,4,specimen_transfer:-1x0.1,e5679ccb7e2ea266,1,298160002.3098608,-932194.8806777,-0.46099531650543213,-0.0021907687187194824,-0.00289316289126873,0.18164017796516418,0.48897881996431924,318.0,0.058762588192727484
gcn_residual_mdl2_network_ddpg_afd,52,routing_persistent_hotspot_cluster3,pretrain,37,remaining,15,98203720,3,0,mdl2,278cb37edb831da0,1,946087726.6357107,0.0,-0.45880454778671265,0.0,-0.0008395019685849547,0.08164018392562866,0.4915200571183526,874.6666666666666,0.06480160473628066
gcn_residual_mdl2_network_ddpg_afd,52,routing_persistent_hotspot_cluster3,pretrain,37,remaining,15,98203720,3,1,specimen_transfer:+1x0.05,cfce72520f8bb6f6,1,944054754.7982129,2032971.8374978304,-0.45784056186676025,0.0009639859199523926,0.00018732863827608526,0.05103651434183121,0.49196579020478265,871.0,0.06398147044799096
gcn_residual_mdl2_network_ddpg_afd,52,routing_persistent_hotspot_cluster3,pretrain,37,remaining,15,98203720,3,2,specimen_transfer:-1x0.05,32d459e0a178ee6c,1,944716949.0969104,1370777.5388003588,-0.4597685933113098,-0.000964045524597168,-0.0018663324881345034,0.13164018094539642,0.49157630641523636,873.0,0.06469363197026727
gcn_residual_mdl2_network_ddpg_afd,52,routing_persistent_hotspot_cluster3,pretrain,37,remaining,15,98203720,3,3,specimen_transfer:+1x0.1,9517c75166623d6a,1,944000990.9581383,2086735.6775723696,-0.45663750171661377,0.002167046070098877,0.0012141589540988207,0.08333449810743332,0.4921307685073167,871.3333333333334,0.06367575825972689
gcn_residual_mdl2_network_ddpg_afd,52,routing_persistent_hotspot_cluster3,pretrain,37,remaining,15,98203720,3,4,specimen_transfer:-1x0.1,e5679ccb7e2ea266,1,944067469.4486891,2020257.1870216131,-0.46099531650543213,-0.0021907687187194824,-0.00289316289126873,0.18164017796516418,0.4917425490408758,873.3333333333334,0.06440836262586287
gcn_residual_mdl2_network_ddpg_afd,52,routing_persistent_hotspot_cluster3,pretrain,43,1,1,98204300,3,0,mdl2,4edb4a01928a90ed,1,54584565.715896964,0.0,-0.23109251260757446,0.0,-0.0014300566399469972,0.048037339001894,0.4937288473024089,47.0,0.06353790613718412
gcn_residual_mdl2_network_ddpg_afd,52,routing_persistent_hotspot_cluster3,pretrain,43,1,1,98204300,3,1,specimen_transfer:+1x0.05,c461e8ef21cf72ae,1,54411091.24673412,173474.46916284412,-0.23056985437870026,0.0005226582288742065,-0.0010089274728670716,0.02809835597872734,0.4937288473024089,47.0,0.06353790613718412
gcn_residual_mdl2_network_ddpg_afd,52,routing_persistent_hotspot_cluster3,pretrain,43,1,1,98204300,3,2,specimen_transfer:-1x0.05,05058fcfbe1261a5,1,53886251.34673413,698314.3691628352,-0.23161526024341583,-0.0005227476358413696,-0.0018511858070269227,0.0946139395236969,0.4937288473024089,46.0,0.06353790613718412
gcn_residual_mdl2_network_ddpg_afd,52,routing_persistent_hotspot_cluster3,pretrain,43,1,1,98204300,3,3,specimen_transfer:+1x0.1,621ab6528264b8c9,1,54312085.75131023,272479.9645867348,-0.2303236871957779,0.0007688254117965698,-0.0005877982475794852,0.05538606271147728,0.4937288473024089,47.0,0.06353790613718412
gcn_residual_mdl2_network_ddpg_afd,52,routing_persistent_hotspot_cluster3,pretrain,43,1,1,98204300,3,4,specimen_transfer:-1x0.1,2bfdf9ea373c3106,1,54387245.85131022,197319.86458674073,-0.2316429764032364,-0.0005504637956619263,-0.0022723148576915264,0.14461393654346466,0.4937288473024089,47.0,0.06353790613718412
gcn_residual_mdl2_network_ddpg_afd,52,routing_persistent_hotspot_cluster3,pretrain,43,4,4,98204310,3,0,mdl2,4edb4a01928a90ed,1,207094966.5492672,0.0,-0.23109251260757446,0.0,-0.0014300566399469972,0.048037339001894,0.5002842468970984,175.33333333333334,0.06247889226612632
gcn_residual_mdl2_network_ddpg_afd,52,routing_persistent_hotspot_cluster3,pretrain,43,4,4,98204310,3,1,specimen_transfer:+1x0.05,c461e8ef21cf72ae,1,206890182.13011375,204784.41915345192,-0.23056985437870026,0.0005226582288742065,-0.0010089274728670716,0.02809835597872734,0.5002842468970984,175.33333333333334,0.06214116852414725
gcn_residual_mdl2_network_ddpg_afd,52,routing_persistent_hotspot_cluster3,pretrain,43,4,4,98204310,3,2,specimen_transfer:-1x0.05,05058fcfbe1261a5,1,208030760.63221255,-935794.0829453468,-0.23161526024341583,-0.0005227476358413696,-0.0018511858070269227,0.0946139395236969,0.5004721118039317,177.66666666666666,0.06247889226612632
gcn_residual_mdl2_network_ddpg_afd,52,routing_persistent_hotspot_cluster3,pretrain,43,4,4,98204310,3,3,specimen_transfer:+1x0.1,621ab6528264b8c9,1,206960608.24809217,134358.3011750281,-0.2303236871957779,0.0007688254117965698,-0.0005877982475794852,0.05538606271147728,0.5002842468970984,175.66666666666666,0.06214116852414725
gcn_residual_mdl2_network_ddpg_afd,52,routing_persistent_hotspot_cluster3,pretrain,43,4,4,98204310,3,4,specimen_transfer:-1x0.1,2bfdf9ea373c3106,1,208319064.84822047,-1224098.298953265,-0.2316429764032364,-0.0005504637956619263,-0.0022723148576915264,0.14461393654346466,0.5004721118039317,178.0,0.06281661600810537
gcn_residual_mdl2_network_ddpg_afd,52,routing_persistent_hotspot_cluster3,pretrain,43,remaining,9,98204320,3,0,mdl2,4edb4a01928a90ed,1,476959986.4681868,0.0,-0.23109251260757446,0.0,-0.0014300566399469972,0.048037339001894,0.5042261083220377,418.3333333333333,0.06498094206596185
gcn_residual_mdl2_network_ddpg_afd,52,routing_persistent_hotspot_cluster3,pretrain,43,remaining,9,98204320,3,1,specimen_transfer:+1x0.05,c461e8ef21cf72ae,1,476799504.7085317,160481.759655118,-0.23056985437870026,0.0005226582288742065,-0.0010089274728670716,0.02809835597872734,0.5044524613662372,418.6666666666667,0.06451267000527355
gcn_residual_mdl2_network_ddpg_afd,52,routing_persistent_hotspot_cluster3,pretrain,43,remaining,9,98204320,3,2,specimen_transfer:-1x0.05,05058fcfbe1261a5,1,476569013.96828896,390972.49989783764,-0.23161526024341583,-0.0005227476358413696,-0.0018511858070269227,0.0946139395236969,0.5042241508639541,418.3333333333333,0.06518392374995013
gcn_residual_mdl2_network_ddpg_afd,52,routing_persistent_hotspot_cluster3,pretrain,43,remaining,9,98204320,3,3,specimen_transfer:+1x0.1,621ab6528264b8c9,1,475433347.2181788,1526639.250007987,-0.2303236871957779,0.0007688254117965698,-0.0005877982475794852,0.05538606271147728,0.504567149315578,415.6666666666667,0.06420785388581436
gcn_residual_mdl2_network_ddpg_afd,52,routing_persistent_hotspot_cluster3,pretrain,43,remaining,9,98204320,3,4,specimen_transfer:-1x0.1,2bfdf9ea373c3106,1,476961617.13903266,-1630.6708458662033,-0.2316429764032364,-0.0005504637956619263,-0.0022723148576915264,0.14461393654346466,0.5040533351289654,419.0,0.06517733430416338
gcn_residual_mdl2_network_ddpg_afd,52,routing_persistent_hotspot_cluster3,pretrain,51,1,1,98205100,3,0,mdl2,496e260e1205b9c4,1,50179318.883116476,0.0,-0.16274307668209076,0.0,0.0004752659297082573,0.05536511167883873,0.5066987289591206,45.0,0.06335668595796527
gcn_residual_mdl2_network_ddpg_afd,52,routing_persistent_hotspot_cluster3,pretrain,51,1,1,98205100,3,1,specimen_transfer:+1x0.05,9d3ebdd7b1d8d8d1,1,48832238.51848211,1347080.3646343648,-0.16306641697883606,-0.0003233402967453003,0.00017951945483218879,0.028256677091121674,0.5066987289591206,43.0,0.06335668595796527
gcn_residual_mdl2_network_ddpg_afd,52,routing_persistent_hotspot_cluster3,pretrain,51,1,1,98205100,3,2,specimen_transfer:-1x0.05,827441e4f29b69fc,1,49982078.4184821,197240.46463437378,-0.16242392361164093,0.0003191530704498291,0.0007710123900324106,0.0922989696264267,0.5066987289591206,45.0,0.06335668595796527
gcn_residual_mdl2_network_ddpg_afd,52,routing_persistent_hotspot_cluster3,pretrain,51,1,1,98205100,3,3,specimen_transfer:+1x0.1,3e2d95477e0988c5,1,47986211.09531778,2193107.7877986953,-0.16336047649383545,-0.0006173998117446899,-0.00011622700549196452,0.057701028883457184,0.5066987289591206,42.0,0.06335668595796527
gcn_residual_mdl2_network_ddpg_afd,52,routing_persistent_hotspot_cluster3,pretrain,51,1,1,98205100,3,4,specimen_transfer:-1x0.1,338d0d1467e994cc,1,49685890.895317785,493427.9877986908,-0.16214466094970703,0.000598415732383728,0.0010667588794603944,0.14229896664619446,0.5066987289591206,45.0,0.06335668595796527
gcn_residual_mdl2_network_ddpg_afd,52,routing_persistent_hotspot_cluster3,pretrain,51,4,1,98205110,3,0,mdl2,496e260e1205b9c4,1,50179318.883116476,0.0,-0.16274307668209076,0.0,0.0004752659297082573,0.05536511167883873,0.5066987289591206,45.0,0.06335668595796527
gcn_residual_mdl2_network_ddpg_afd,52,routing_persistent_hotspot_cluster3,pretrain,51,4,1,98205110,3,1,specimen_transfer:+1x0.05,9d3ebdd7b1d8d8d1,1,48832238.51848211,1347080.3646343648,-0.16306641697883606,-0.0003233402967453003,0.00017951945483218879,0.028256677091121674,0.5066987289591206,43.0,0.06335668595796527
gcn_residual_mdl2_network_ddpg_afd,52,routing_persistent_hotspot_cluster3,pretrain,51,4,1,98205110,3,2,specimen_transfer:-1x0.05,827441e4f29b69fc,1,49982078.4184821,197240.46463437378,-0.16242392361164093,0.0003191530704498291,0.0007710123900324106,0.0922989696264267,0.5066987289591206,45.0,0.06335668595796527
gcn_residual_mdl2_network_ddpg_afd,52,routing_persistent_hotspot_cluster3,pretrain,51,4,1,98205110,3,3,specimen_transfer:+1x0.1,3e2d95477e0988c5,1,47986211.09531778,2193107.7877986953,-0.16336047649383545,-0.0006173998117446899,-0.00011622700549196452,0.057701028883457184,0.5066987289591206,42.0,0.06335668595796527
gcn_residual_mdl2_network_ddpg_afd,52,routing_persistent_hotspot_cluster3,pretrain,51,4,1,98205110,3,4,specimen_transfer:-1x0.1,338d0d1467e994cc,1,49685890.895317785,493427.9877986908,-0.16214466094970703,0.000598415732383728,0.0010667588794603944,0.14229896664619446,0.5066987289591206,45.0,0.06335668595796527
gcn_residual_mdl2_network_ddpg_afd,52,routing_persistent_hotspot_cluster3,pretrain,51,remaining,1,98205120,3,0,mdl2,496e260e1205b9c4,1,50179318.883116476,0.0,-0.16274307668209076,0.0,0.0004752659297082573,0.05536511167883873,0.5066987289591206,45.0,0.06335668595796527
gcn_residual_mdl2_network_ddpg_afd,52,routing_persistent_hotspot_cluster3,pretrain,51,remaining,1,98205120,3,1,specimen_transfer:+1x0.05,9d3ebdd7b1d8d8d1,1,48832238.51848211,1347080.3646343648,-0.16306641697883606,-0.0003233402967453003,0.00017951945483218879,0.028256677091121674,0.5066987289591206,43.0,0.06335668595796527
gcn_residual_mdl2_network_ddpg_afd,52,routing_persistent_hotspot_cluster3,pretrain,51,remaining,1,98205120,3,2,specimen_transfer:-1x0.05,827441e4f29b69fc,1,49982078.4184821,197240.46463437378,-0.16242392361164093,0.0003191530704498291,0.0007710123900324106,0.0922989696264267,0.5066987289591206,45.0,0.06335668595796527
gcn_residual_mdl2_network_ddpg_afd,52,routing_persistent_hotspot_cluster3,pretrain,51,remaining,1,98205120,3,3,specimen_transfer:+1x0.1,3e2d95477e0988c5,1,47986211.09531778,2193107.7877986953,-0.16336047649383545,-0.0006173998117446899,-0.00011622700549196452,0.057701028883457184,0.5066987289591206,42.0,0.06335668595796527
gcn_residual_mdl2_network_ddpg_afd,52,routing_persistent_hotspot_cluster3,pretrain,51,remaining,1,98205120,3,4,specimen_transfer:-1x0.1,338d0d1467e994cc,1,49685890.895317785,493427.9877986908,-0.16214466094970703,0.000598415732383728,0.0010667588794603944,0.14229896664619446,0.5066987289591206,45.0,0.06335668595796527
gcn_residual_mdl2_network_ddpg_afd,52,routing_persistent_hotspot_cluster3,episode25,0,1,1,98300000,3,0,mdl2,ce694acbb1e774f4,1,913172.0851232767,0.0,-0.3340044915676117,0.0,0.0,0.0,0.0,0.0,0.0
gcn_residual_mdl2_network_ddpg_afd,52,routing_persistent_hotspot_cluster3,episode25,0,1,1,98300000,3,1,specimen_transfer:+1x0.05,9026319d932aa58b,1,913172.0851232767,0.0,-0.33152779936790466,0.0024766921997070312,0.0024548559449613094,0.05000000447034836,0.0,0.0,0.0
gcn_residual_mdl2_network_ddpg_afd,52,routing_persistent_hotspot_cluster3,episode25,0,1,1,98300000,3,2,specimen_transfer:-1x0.05,9c13da8bf828fc4b,1,913172.0851232767,0.0,-0.3365355432033539,-0.0025310516357421875,-0.0024548559449613094,0.05000000447034836,0.0,0.0,0.0
gcn_residual_mdl2_network_ddpg_afd,52,routing_persistent_hotspot_cluster3,episode25,0,1,1,98300000,3,3,specimen_transfer:+1x0.1,de99be50b5a9de13,1,913172.0851232767,0.0,-0.3290509879589081,0.004953503608703613,0.004909711889922619,0.10000000149011612,0.0,0.0,0.0
gcn_residual_mdl2_network_ddpg_afd,52,routing_persistent_hotspot_cluster3,episode25,0,1,1,98300000,3,4,specimen_transfer:-1x0.1,bb4109a56d2f0a96,1,913172.0851232767,0.0,-0.3393910825252533,-0.0053865909576416016,-0.004909711889922619,0.10000000149011612,0.0,0.0,0.0
gcn_residual_mdl2_network_ddpg_afd,52,routing_persistent_hotspot_cluster3,episode25,0,4,4,98300010,3,0,mdl2,ce694acbb1e774f4,1,15768836.673283761,0.0,-0.3340044915676117,0.0,0.0,0.0,0.20111866440083223,0.0,0.0
gcn_residual_mdl2_network_ddpg_afd,52,routing_persistent_hotspot_cluster3,episode25,0,4,4,98300010,3,1,specimen_transfer:+1x0.05,9026319d932aa58b,1,15768836.673283761,0.0,-0.33152779936790466,0.0024766921997070312,0.0024548559449613094,0.05000000447034836,0.20111866440083223,0.0,0.0
gcn_residual_mdl2_network_ddpg_afd,52,routing_persistent_hotspot_cluster3,episode25,0,4,4,98300010,3,2,specimen_transfer:-1x0.05,9c13da8bf828fc4b,1,15768836.673283761,0.0,-0.3365355432033539,-0.0025310516357421875,-0.0024548559449613094,0.05000000447034836,0.20111866440083223,0.0,0.0
gcn_residual_mdl2_network_ddpg_afd,52,routing_persistent_hotspot_cluster3,episode25,0,4,4,98300010,3,3,specimen_transfer:+1x0.1,de99be50b5a9de13,1,15768836.673283761,0.0,-0.3290509879589081,0.004953503608703613,0.004909711889922619,0.10000000149011612,0.20111866440083223,0.0,0.0
gcn_residual_mdl2_network_ddpg_afd,52,routing_persistent_hotspot_cluster3,episode25,0,4,4,98300010,3,4,specimen_transfer:-1x0.1,bb4109a56d2f0a96,1,15768836.673283761,0.0,-0.3393910825252533,-0.0053865909576416016,-0.004909711889922619,0.10000000149011612,0.20111866440083223,0.0,0.0
gcn_residual_mdl2_network_ddpg_afd,52,routing_persistent_hotspot_cluster3,episode25,0,remaining,52,98300020,3,0,mdl2,ce694acbb1e774f4,1,2497103825.1634436,0.0,-0.3340044915676117,0.0,0.0,0.0,0.5085409476171459,2174.6666666666665,0.0623116398476273
gcn_residual_mdl2_network_ddpg_afd,52,routing_persistent_hotspot_cluster3,episode25,0,remaining,52,98300020,3,1,specimen_transfer:+1x0.05,9026319d932aa58b,1,2497103825.1634436,0.0,-0.33152779936790466,0.0024766921997070312,0.0024548559449613094,0.05000000447034836,0.5085409476171459,2174.6666666666665,0.0623116398476273
gcn_residual_mdl2_network_ddpg_afd,52,routing_persistent_hotspot_cluster3,episode25,0,remaining,52,98300020,3,2,specimen_transfer:-1x0.05,9c13da8bf828fc4b,1,2497103825.1634436,0.0,-0.3365355432033539,-0.0025310516357421875,-0.0024548559449613094,0.05000000447034836,0.5085409476171459,2174.6666666666665,0.0623116398476273
gcn_residual_mdl2_network_ddpg_afd,52,routing_persistent_hotspot_cluster3,episode25,0,remaining,52,98300020,3,3,specimen_transfer:+1x0.1,de99be50b5a9de13,1,2497103825.1634436,0.0,-0.3290509879589081,0.004953503608703613,0.004909711889922619,0.10000000149011612,0.5085409476171459,2174.6666666666665,0.0623116398476273
gcn_residual_mdl2_network_ddpg_afd,52,routing_persistent_hotspot_cluster3,episode25,0,remaining,52,98300020,3,4,specimen_transfer:-1x0.1,bb4109a56d2f0a96,1,2497103825.1634436,0.0,-0.3393910825252533,-0.0053865909576416016,-0.004909711889922619,0.10000000149011612,0.5085409476171459,2174.6666666666665,0.0623116398476273
gcn_residual_mdl2_network_ddpg_afd,52,routing_persistent_hotspot_cluster3,episode25,6,1,1,98300600,3,0,mdl2,31dff50ad0cb7f98,1,12211634.432332313,0.0,-1.3673603534698486,0.0,0.0,0.0,0.38840579710144923,1.0,0.0026109660574412537
gcn_residual_mdl2_network_ddpg_afd,52,routing_persistent_hotspot_cluster3,episode25,6,1,1,98300600,3,1,specimen_transfer:+1x0.05,b47415a82406e0aa,1,11840043.961241767,371590.4710905459,-1.3652591705322266,0.0021011829376220703,0.0020600215066224337,0.05000000074505806,0.38840579710144923,1.0,0.0026109660574412537
gcn_residual_mdl2_network_ddpg_afd,52,routing_persistent_hotspot_cluster3,episode25,6,1,1,98300600,3,2,specimen_transfer:-1x0.05,d76a02236bf57a8c,1,11866690.523568757,344943.9087635558,-1.3699777126312256,-0.002617359161376953,-0.0020600215066224337,0.05000000074505806,0.38840579710144923,1.0,0.0026109660574412537
gcn_residual_mdl2_network_ddpg_afd,52,routing_persistent_hotspot_cluster3,episode25,6,1,1,98300600,3,3,specimen_transfer:+1x0.1,50de6d9d0d595d24,1,11270611.515862068,941022.9164702445,-1.3624141216278076,0.004946231842041016,0.004120043013244867,0.10000000149011612,0.38840579710144923,1.0,0.0026109660574412537
gcn_residual_mdl2_network_ddpg_afd,52,routing_persistent_hotspot_cluster3,episode25,6,1,1,98300600,3,4,specimen_transfer:-1x0.1,260e5f5406d678a4,1,11521820.120651687,689814.3116806261,-1.3728877305984497,-0.005527377128601074,-0.004120043013244867,0.10000000149011612,0.38840579710144923,1.0,0.0026178010471204194
gcn_residual_mdl2_network_ddpg_afd,52,routing_persistent_hotspot_cluster3,episode25,6,4,4,98300610,3,0,mdl2,31dff50ad0cb7f98,1,89831378.54304624,0.0,-1.3673603534698486,0.0,0.0,0.0,0.4386570258155498,43.333333333333336,0.0052173913043478265
gcn_residual_mdl2_network_ddpg_afd,52,routing_persistent_hotspot_cluster3,episode25,6,4,4,98300610,3,1,specimen_transfer:+1x0.05,b47415a82406e0aa,1,86969031.20120327,2862347.3418429643,-1.3652591705322266,0.0021011829376220703,0.0020600215066224337,0.05000000074505806,0.43961688801645904,38.666666666666664,0.0052173913043478265
gcn_residual_mdl2_network_ddpg_afd,52,routing_persistent_hotspot_cluster3,episode25,6,4,4,98300610,3,2,specimen_transfer:-1x0.05,d76a02236bf57a8c,1,89875693.39395964,-44314.85091340542,-1.3699777126312256,-0.002617359161376953,-0.0020600215066224337,0.05000000074505806,0.437401130458927,44.0,0.0052173913043478265
gcn_residual_mdl2_network_ddpg_afd,52,routing_persistent_hotspot_cluster3,episode25,6,4,4,98300610,3,3,specimen_transfer:+1x0.1,50de6d9d0d595d24,1,84895178.50353129,4936200.039514944,-1.3624141216278076,0.004946231842041016,0.004120043013244867,0.10000000149011612,0.44057675021736836,35.666666666666664,0.005226480836236935
gcn_residual_mdl2_network_ddpg_afd,52,routing_persistent_hotspot_cluster3,episode25,6,4,4,98300610,3,4,specimen_transfer:-1x0.1,260e5f5406d678a4,1,90747316.89184189,-915938.3487956524,-1.3728877305984497,-0.005527377128601074,-0.004120043013244867,0.10000000149011612,0.43584920194659077,46.0,0.006972695007428757
gcn_residual_mdl2_network_ddpg_afd,52,routing_persistent_hotspot_cluster3,episode25,6,remaining,46,98300620,3,0,mdl2,31dff50ad0cb7f98,1,2415946497.489825,0.0,-1.3673603534698486,0.0,0.0,0.0,0.5090768180744284,2131.0,0.06770678799793836
gcn_residual_mdl2_network_ddpg_afd,52,routing_persistent_hotspot_cluster3,episode25,6,remaining,46,98300620,3,1,specimen_transfer:+1x0.05,b47415a82406e0aa,1,2422864909.0893307,-6918411.599505901,-1.3652591705322266,0.0021011829376220703,0.0020600215066224337,0.05000000074505806,0.5086485369060293,2134.3333333333335,0.06816726588137183
gcn_residual_mdl2_network_ddpg_afd,52,routing_persistent_hotspot_cluster3,episode25,6,remaining,46,98300620,3,2,specimen_transfer:-1x0.05,d76a02236bf57a8c,1,2414637248.8756866,1309248.6141381264,-1.3699777126312256,-0.002617359161376953,-0.0020600215066224337,0.05000000074505806,0.5088018359482666,2135.0,0.06685216647902967
gcn_residual_mdl2_network_ddpg_afd,52,routing_persistent_hotspot_cluster3,episode25,6,remaining,46,98300620,3,3,specimen_transfer:+1x0.1,50de6d9d0d595d24,1,2430666459.4446993,-14719961.954874516,-1.3624141216278076,0.004946231842041016,0.004120043013244867,0.10000000149011612,0.5074359777688612,2141.0,0.06714981030404708
gcn_residual_mdl2_network_ddpg_afd,52,routing_persistent_hotspot_cluster3,episode25,6,remaining,46,98300620,3,4,specimen_transfer:-1x0.1,260e5f5406d678a4,1,2413435915.6463866,2510581.8434381485,-1.3728877305984497,-0.005527377128601074,-0.004120043013244867,0.10000000149011612,0.5086980359071642,2135.0,0.06757907416355734
gcn_residual_mdl2_network_ddpg_afd,52,routing_persistent_hotspot_cluster3,episode25,12,1,1,98301200,3,0,mdl2,52c3739d583a558e,1,43920440.02641152,0.0,-1.8210279941558838,0.0,0.0,0.0,0.44452198185624564,27.0,0.018229166666666668
gcn_residual_mdl2_network_ddpg_afd,52,routing_persistent_hotspot_cluster3,episode25,12,1,1,98301200,3,1,specimen_transfer:+1x0.05,381fe12352af2713,1,44774168.1225098,-853728.0960982814,-1.8166083097457886,0.004419684410095215,0.0039206198416650295,0.05000000074505806,0.44452198185624564,29.0,0.018229166666666668
gcn_residual_mdl2_network_ddpg_afd,52,routing_persistent_hotspot_cluster3,episode25,12,1,1,98301200,3,2,specimen_transfer:-1x0.05,858ab06778349956,1,43524498.869837284,395941.15657423437,-1.8257155418395996,-0.00468754768371582,-0.0039206198416650295,0.05000000074505806,0.44452198185624564,27.0,0.018252933507170794
gcn_residual_mdl2_network_ddpg_afd,52,routing_persistent_hotspot_cluster3,episode25,12,1,1,98301200,3,3,specimen_transfer:+1x0.1,07f7b1d962b10207,1,44329599.080945104,-409159.0545335859,-1.813697338104248,0.007330656051635742,0.007841239683330059,0.10000000149011612,0.44452198185624564,29.0,0.018229166666666668
gcn_residual_mdl2_network_ddpg_afd,52,routing_persistent_hotspot_cluster3,episode25,12,1,1,98301200,3,4,specimen_transfer:-1x0.1,a1727b25baa2b2e8,1,43178988.48070632,741451.5457051992,-1.8288097381591797,-0.0077817440032958984,-0.007841240614652634,0.10000000149011612,0.44452198185624564,27.0,0.018252933507170794
gcn_residual_mdl2_network_ddpg_afd,52,routing_persistent_hotspot_cluster3,episode25,12,4,4,98301210,3,0,mdl2,52c3739d583a558e,1,241349075.60783637,0.0,-1.8210279941558838,0.0,0.0,0.0,0.4336248780303819,197.0,0.027430555555555555
gcn_residual_mdl2_network_ddpg_afd,52,routing_persistent_hotspot_cluster3,episode25,12,4,4,98301210,3,1,specimen_transfer:+1x0.05,381fe12352af2713,1,238794161.54584256,2554914.0619938076,-1.8166083097457886,0.004419684410095215,0.0039206198416650295,0.05000000074505806,0.4338022773562645,193.0,0.02638888888888889
gcn_residual_mdl2_network_ddpg_afd,52,routing_persistent_hotspot_cluster3,episode25,12,4,4,98301210,3,2,specimen_transfer:-1x0.05,858ab06778349956,1,243484819.6340077,-2135744.0261713266,-1.8257155418395996,-0.00468754768371582,-0.0039206198416650295,0.05000000074505806,0.4327416360913347,201.66666666666666,0.027459158846020165
gcn_residual_mdl2_network_ddpg_afd,52,routing_persistent_hotspot_cluster3,episode25,12,4,4,98301210,3,3,specimen_transfer:+1x0.1,07f7b1d962b10207,1,236697079.52562582,4651996.082210541,-1.813697338104248,0.007330656051635742,0.007841239683330059,0.10000000149011612,0.4338022773562645,190.33333333333334,0.027083333333333334
gcn_residual_mdl2_network_ddpg_afd,52,routing_persistent_hotspot_cluster3,episode25,12,4,4,98301210,3,4,specimen_transfer:-1x0.1,a1727b25baa2b2e8,1,242854088.76538333,-1505013.1575469673,-1.8288097381591797,-0.0077817440032958984,-0.007841240614652634,0.10000000149011612,0.43362609694752585,201.0,0.026068821689259645
gcn_residual_mdl2_network_ddpg_afd,52,routing_persistent_hotspot_cluster3,episode25,12,remaining,40,98301220,3,0,mdl2,52c3739d583a558e,1,2535909570.1646667,0.0,-1.8210279941558838,0.0,0.0,0.0,0.4883641066455746,2360.3333333333335,0.06823693862453369
gcn_residual_mdl2_network_ddpg_afd,52,routing_persistent_hotspot_cluster3,episode25,12,remaining,40,98301220,3,1,specimen_transfer:+1x0.05,381fe12352af2713,1,2537433252.843302,-1523682.6786351204,-1.8166083097457886,0.004419684410095215,0.0039206198416650295,0.05000000074505806,0.48858952843326703,2361.3333333333335,0.06848811352725968
gcn_residual_mdl2_network_ddpg_afd,52,routing_persistent_hotspot_cluster3,episode25,12,remaining,40,98301220,3,2,specimen_transfer:-1x0.05,858ab06778349956,1,2533416633.3048625,2492936.8598041534,-1.8257155418395996,-0.00468754768371582,-0.0039206198416650295,0.05000000074505806,0.48790444414211404,2362.0,0.06868193587662065
gcn_residual_mdl2_network_ddpg_afd,52,routing_persistent_hotspot_cluster3,episode25,12,remaining,40,98301220,3,3,specimen_transfer:+1x0.1,07f7b1d962b10207,1,2537064643.261079,-1155073.0964121819,-1.813697338104248,0.007330656051635742,0.007841239683330059,0.10000000149011612,0.4881398447357273,2359.0,0.06915741754306426
gcn_residual_mdl2_network_ddpg_afd,52,routing_persistent_hotspot_cluster3,episode25,12,remaining,40,98301220,3,4,specimen_transfer:-1x0.1,a1727b25baa2b2e8,1,2532450491.495144,3459078.6695227623,-1.8288097381591797,-0.0077817440032958984,-0.007841240614652634,0.10000000149011612,0.4875922960158275,2362.0,0.06961028381641238
gcn_residual_mdl2_network_ddpg_afd,52,routing_persistent_hotspot_cluster3,episode25,18,1,1,98301800,3,0,mdl2,52ea36f957114045,1,70855598.49354587,0.0,-1.4463016986846924,0.0,0.0003061858005821705,0.02797508053481579,0.44993203443588586,66.0,0.0380952380952381
gcn_residual_mdl2_network_ddpg_afd,52,routing_persistent_hotspot_cluster3,episode25,18,1,1,98301800,3,1,specimen_transfer:+1x0.05,987050dd76a5c9b1,1,70058451.40395074,797147.089595139,-1.4505031108856201,-0.004201412200927734,-0.004354553762823343,0.04768873006105423,0.44993203443588586,65.0,0.0380952380952381
gcn_residual_mdl2_network_ddpg_afd,52,routing_persistent_hotspot_cluster3,episode25,18,1,1,98301800,3,2,specimen_transfer:-1x0.05,039a044a13d9d55b,1,70608131.20395073,247467.289595142,-1.441870927810669,0.0044307708740234375,0.0049669258296489716,0.0779750794172287,0.44993203443588586,66.0,0.0380952380952381
gcn_residual_mdl2_network_ddpg_afd,52,routing_persistent_hotspot_cluster3,episode25,18,1,1,98301800,3,3,specimen_transfer:+1x0.1,68299375bc8c56f3,1,69935791.03036775,919807.463178128,-1.4558730125427246,-0.009571313858032227,-0.009015294723212719,0.08986247330904007,0.44993203443588586,65.0,0.0380952380952381
gcn_residual_mdl2_network_ddpg_afd,52,routing_persistent_hotspot_cluster3,episode25,18,1,1,98301800,3,4,specimen_transfer:-1x0.1,c64d7fd1fc6618d7,1,70385150.63036776,470447.86317811906,-1.4362083673477173,0.010093331336975098,0.00962766446173191,0.12797507643699646,0.44993203443588586,66.0,0.0380952380952381
gcn_residual_mdl2_network_ddpg_afd,52,routing_persistent_hotspot_cluster3,episode25,18,4,4,98301810,3,0,mdl2,52ea36f957114045,1,291322143.8647157,0.0,-1.4463016986846924,0.0,0.0003061858005821705,0.02797508053481579,0.46044803746616125,303.6666666666667,0.046632124352331605
gcn_residual_mdl2_network_ddpg_afd,52,routing_persistent_hotspot_cluster3,episode25,18,4,4,98301810,3,1,specimen_transfer:+1x0.05,987050dd76a5c9b1,1,290800919.2049308,521224.65978491306,-1.4505031108856201,-0.004201412200927734,-0.004354553762823343,0.04768873006105423,0.46044803746616125,303.0,0.046597633136094684
gcn_residual_mdl2_network_ddpg_afd,52,routing_persistent_hotspot_cluster3,episode25,18,4,4,98301810,3,2,specimen_transfer:-1x0.05,039a044a13d9d55b,1,292199390.4625563,-877246.5978406072,-1.441870927810669,0.0044307708740234375,0.0049669258296489716,0.0779750794172287,0.46044803746616125,305.6666666666667,0.046632124352331605
gcn_residual_mdl2_network_ddpg_afd,52,routing_persistent_hotspot_cluster3,episode25,18,4,4,98301810,3,3,specimen_transfer:+1x0.1,68299375bc8c56f3,1,289619126.68937045,1703017.175345242,-1.4558730125427246,-0.009571313858032227,-0.009015294723212719,0.08986247330904007,0.4608429328670756,301.3333333333333,0.045857988165680465
gcn_residual_mdl2_network_ddpg_afd,52,routing_persistent_hotspot_cluster3,episode25,18,4,4,98301810,3,4,specimen_transfer:-1x0.1,c64d7fd1fc6618d7,1,293186063.9460223,-1863920.0813065767,-1.4362083673477173,0.010093331336975098,0.00962766446173191,0.12797507643699646,0.4608429328670756,308.3333333333333,0.046632124352331605
gcn_residual_mdl2_network_ddpg_afd,52,routing_persistent_hotspot_cluster3,episode25,18,remaining,34,98301820,3,0,mdl2,52ea36f957114045,1,2182382249.353974,0.0,-1.4463016986846924,0.0,0.0003061858005821705,0.02797508053481579,0.4795376621011184,2010.3333333333333,0.07067418050507451
gcn_residual_mdl2_network_ddpg_afd,52,routing_persistent_hotspot_cluster3,episode25,18,remaining,34,98301820,3,1,specimen_transfer:+1x0.05,987050dd76a5c9b1,1,2180807095.2894807,1575154.0644931793,-1.4505031108856201,-0.004201412200927734,-0.004354553762823343,0.04768873006105423,0.47960501458347055,2006.6666666666667,0.07010289649689913
gcn_residual_mdl2_network_ddpg_afd,52,routing_persistent_hotspot_cluster3,episode25,18,remaining,34,98301820,3,2,specimen_transfer:-1x0.05,039a044a13d9d55b,1,2175747961.6626067,6634287.691367149,-1.441870927810669,0.0044307708740234375,0.0049669258296489716,0.0779750794172287,0.4802773083706999,2004.0,0.06880128840666731
gcn_residual_mdl2_network_ddpg_afd,52,routing_persistent_hotspot_cluster3,episode25,18,remaining,34,98301820,3,3,specimen_transfer:+1x0.1,68299375bc8c56f3,1,2179841759.0403876,2540490.313586235,-1.4558730125427246,-0.009571313858032227,-0.009015294723212719,0.08986247330904007,0.48005233954654614,2004.3333333333333,0.06949274613277427
gcn_residual_mdl2_network_ddpg_afd,52,routing_persistent_hotspot_cluster3,episode25,18,remaining,34,98301820,3,4,specimen_transfer:-1x0.1,c64d7fd1fc6618d7,1,2176673577.4775352,5708671.876438618,-1.4362083673477173,0.010093331336975098,0.00962766446173191,0.12797507643699646,0.480142859775387,2006.6666666666667,0.06975907450947828
gcn_residual_mdl2_network_ddpg_afd,52,routing_persistent_hotspot_cluster3,episode25,25,1,1,98302500,3,0,mdl2,d395b7c9a8d720ce,1,63375925.19961393,0.0,-0.6514723300933838,0.0,-0.0026996564120054245,0.03772397339344025,0.47602970965563807,68.0,0.05334987593052109
gcn_residual_mdl2_network_ddpg_afd,52,routing_persistent_hotspot_cluster3,episode25,25,1,1,98302500,3,1,specimen_transfer:+1x0.05,4b7ce3a765107465,1,62404135.0554285,971790.1441854313,-0.6552013754844666,-0.0037290453910827637,-0.00667206384241581,0.030883748084306717,0.47602970965563807,67.0,0.05334987593052109
gcn_residual_mdl2_network_ddpg_afd,52,routing_persistent_hotspot_cluster3,episode25,25,1,1,98302500,3,2,specimen_transfer:-1x0.05,69bbb9ef758e8566,1,62528473.60053263,847451.5990813002,-0.6477887630462646,0.0036835670471191406,0.0012727512512356043,0.08772397041320801,0.47602970965563807,67.0,0.05334987593052109
gcn_residual_mdl2_network_ddpg_afd,52,routing_persistent_hotspot_cluster3,episode25,25,1,1,98302500,3,3,specimen_transfer:+1x0.1,1b98ac5d37659cc1,1,61156668.18113247,2219257.0184814557,-0.6588403582572937,-0.007368028163909912,-0.01064447220414877,0.06227602809667587,0.47602970965563807,65.0,0.05334987593052109
gcn_residual_mdl2_network_ddpg_afd,52,routing_persistent_hotspot_cluster3,episode25,25,1,1,98302500,3,4,specimen_transfer:-1x0.1,5f545e0571093c20,1,61780686.526236616,1595238.6733773127,-0.6440364718437195,0.007435858249664307,0.005245159845799208,0.13772398233413696,0.47602970965563807,66.0,0.05334987593052109
gcn_residual_mdl2_network_ddpg_afd,52,routing_persistent_hotspot_cluster3,episode25,25,4,4,98302510,3,0,mdl2,d395b7c9a8d720ce,1,216757198.2537746,0.0,-0.6514723300933838,0.0,-0.0026996564120054245,0.03772397339344025,0.4860434135889133,211.33333333333334,0.0570005534034311
gcn_residual_mdl2_network_ddpg_afd,52,routing_persistent_hotspot_cluster3,episode25,25,4,4,98302510,3,1,specimen_transfer:+1x0.05,4b7ce3a765107465,1,215214584.8859345,1542613.3678401113,-0.6552013754844666,-0.0037290453910827637,-0.00667206384241581,0.030883748084306717,0.48788448712523486,209.66666666666666,0.05432372505543237
gcn_residual_mdl2_network_ddpg_afd,52,routing_persistent_hotspot_cluster3,episode25,25,4,4,98302510,3,2,specimen_transfer:-1x0.05,69bbb9ef758e8566,1,219440019.7049,-2682821.4511253834,-0.6477887630462646,0.0036835670471191406,0.0012727512512356043,0.08772397041320801,0.4863502591783002,217.0,0.05752212389380531
gcn_residual_mdl2_network_ddpg_afd,52,routing_persistent_hotspot_cluster3,episode25,25,4,4,98302510,3,3,specimen_transfer:+1x0.1,1b98ac5d37659cc1,1,214175200.295355,2581997.958419621,-0.6588403582572937,-0.007368028163909912,-0.01064447220414877,0.06227602809667587,0.48849817830400877,208.0,0.05373961218836565
gcn_residual_mdl2_network_ddpg_afd,52,routing_persistent_hotspot_cluster3,episode25,25,4,4,98302510,3,4,specimen_transfer:-1x0.1,5f545e0571093c20,1,220193250.6676053,-3436052.4138306975,-0.6440364718437195,0.007435858249664307,0.005245159845799208,0.13772398233413696,0.4863502591783002,219.0,0.056969026548672565
gcn_residual_mdl2_network_ddpg_afd,52,routing_persistent_hotspot_cluster3,episode25,25,remaining,27,98302520,3,0,mdl2,d395b7c9a8d720ce,1,1510138701.9077911,0.0,-0.6514723300933838,0.0,-0.0026996564120054245,0.03772397339344025,0.507007227590462,1365.0,0.06798118279818467
gcn_residual_mdl2_network_ddpg_afd,52,routing_persistent_hotspot_cluster3,episode25,25,remaining,27,98302520,3,1,specimen_transfer:+1x0.05,4b7ce3a765107465,1,1506059428.882436,4079273.0253551006,-0.6552013754844666,-0.0037290453910827637,-0.00667206384241581,0.030883748084306717,0.5078087970325602,1359.6666666666667,0.06624544720486693
gcn_residual_mdl2_network_ddpg_afd,52,routing_persistent_hotspot_cluster3,episode25,25,remaining,27,98302520,3,2,specimen_transfer:-1x0.05,69bbb9ef758e8566,1,1505127573.2422082,5011128.665582895,-0.6477887630462646,0.0036835670471191406,0.0012727512512356043,0.08772397041320801,0.5069976447459222,1362.3333333333333,0.06890123866674869
gcn_residual_mdl2_network_ddpg_afd,52,routing_persistent_hotspot_cluster3,episode25,25,remaining,27,98302520,3,3,specimen_transfer:+1x0.1,1b98ac5d37659cc1,1,1502952339.7928493,7186362.114941835,-0.6588403582572937,-0.007368028163909912,-0.01064447220414877,0.06227602809667587,0.5088949692900744,1355.3333333333333,0.06509355010747582
gcn_residual_mdl2_network_ddpg_afd,52,routing_persistent_hotspot_cluster3,episode25,25,remaining,27,98302520,3,4,specimen_transfer:-1x0.1,5f545e0571093c20,1,1504313067.8998034,5825634.007987738,-0.6440364718437195,0.007435858249664307,0.005245159845799208,0.13772398233413696,0.5070060487471666,1363.6666666666667,0.06901153257972209
gcn_residual_mdl2_network_ddpg_afd,52,routing_persistent_hotspot_cluster3,episode25,31,1,1,98303100,3,0,mdl2,580884c9f45f8b82,1,49581677.09234681,0.0,-0.9968050122261047,0.0,-0.002148995641618967,0.06353165209293365,0.4858710562414266,39.0,0.05508262393590386
gcn_residual_mdl2_network_ddpg_afd,52,routing_persistent_hotspot_cluster3,episode25,31,1,1,98303100,3,1,specimen_transfer:+1x0.05,6105f4aaf6c588ee,1,50459704.643856026,-878027.5515092164,-0.9970592856407166,-0.0002542734146118164,-0.002062954241409898,0.03488396108150482,0.4858710562414266,41.0,0.05508262393590386
gcn_residual_mdl2_network_ddpg_afd,52,routing_persistent_hotspot_cluster3,episode25,31,1,1,98303100,3,2,specimen_transfer:-1x0.05,51f3c38202c34f3c,1,49284704.643856026,296972.4484907836,-0.9963290095329285,0.00047600269317626953,-0.0022350370418280363,0.09217934310436249,0.4858710562414266,39.0,0.05508262393590386
gcn_residual_mdl2_network_ddpg_afd,52,routing_persistent_hotspot_cluster3,episode25,31,1,1,98303100,3,3,specimen_transfer:+1x0.1,9f7517444c885bba,1,50312550.414340526,-730873.3219937161,-0.9970213770866394,-0.00021636486053466797,-0.001976913074031472,0.07591906934976578,0.4858710562414266,41.0,0.05508262393590386
gcn_residual_mdl2_network_ddpg_afd,52,routing_persistent_hotspot_cluster3,episode25,31,1,1,98303100,3,4,specimen_transfer:-1x0.1,89802ab7bde582c4,1,48487390.31434053,1094286.778006278,-0.9960053563117981,0.0007996559143066406,-0.002321078209206462,0.12408093363046646,0.4858710562414266,38.0,0.05508262393590386
gcn_residual_mdl2_network_ddpg_afd,52,routing_persistent_hotspot_cluster3,episode25,31,4,4,98303110,3,0,mdl2,580884c9f45f8b82,1,228033808.80403557,0.0,-0.9968050122261047,0.0,-0.002148995641618967,0.06353165209293365,0.478285750720379,177.33333333333334,0.05403348554033485
gcn_residual_mdl2_network_ddpg_afd,52,routing_persistent_hotspot_cluster3,episode25,31,4,4,98303110,3,1,specimen_transfer:+1x0.05,6105f4aaf6c588ee,1,225596329.5297791,2437479.274256468,-0.9970592856407166,-0.0002542734146118164,-0.002062954241409898,0.03488396108150482,0.4787751282941854,173.66666666666666,0.053120243531202434
gcn_residual_mdl2_network_ddpg_afd,52,routing_persistent_hotspot_cluster3,episode25,31,4,4,98303110,3,2,specimen_transfer:-1x0.05,51f3c38202c34f3c,1,228581435.82075927,-547627.0167236924,-0.9963290095329285,0.00047600269317626953,-0.0022350370418280363,0.09217934310436249,0.478285750720379,179.0,0.05449010654490107
gcn_residual_mdl2_network_ddpg_afd,52,routing_persistent_hotspot_cluster3,episode25,31,4,4,98303110,3,3,specimen_transfer:+1x0.1,9f7517444c885bba,1,224570070.37948298,3463738.4245525897,-0.9970213770866394,-0.00021636486053466797,-0.001976913074031472,0.07591906934976578,0.4787751282941854,172.0,0.053120243531202434
gcn_residual_mdl2_network_ddpg_afd,52,routing_persistent_hotspot_cluster3,episode25,31,4,4,98303110,3,4,specimen_transfer:-1x0.1,89802ab7bde582c4,1,229272643.35833326,-1238834.5542976856,-0.9960053563117981,0.0007996559143066406,-0.002321078209206462,0.12408093363046646,0.4783678323094785,180.66666666666666,0.054337899543379
gcn_residual_mdl2_network_ddpg_afd,52,routing_persistent_hotspot_cluster3,episode25,31,remaining,21,98303120,3,0,mdl2,580884c9f45f8b82,1,1355181945.769104,0.0,-0.9968050122261047,0.0,-0.002148995641618967,0.06353165209293365,0.4904438194229293,1224.3333333333333,0.06613154780217717
gcn_residual_mdl2_network_ddpg_afd,52,routing_persistent_hotspot_cluster3,episode25,31,remaining,21,98303120,3,1,specimen_transfer:+1x0.05,6105f4aaf6c588ee,1,1355091996.7180636,89949.051040411,-0.9970592856407166,-0.0002542734146118164,-0.002062954241409898,0.03488396108150482,0.49011016995223033,1224.0,0.06643647950927374
gcn_residual_mdl2_network_ddpg_afd,52,routing_persistent_hotspot_cluster3,episode25,31,remaining,21,98303120,3,2,specimen_transfer:-1x0.05,51f3c38202c34f3c,1,1358083466.4817574,-2901520.7126533985,-0.9963290095329285,0.00047600269317626953,-0.0022350370418280363,0.09217934310436249,0.4890034648350854,1230.3333333333333,0.06842610329149809
gcn_residual_mdl2_network_ddpg_afd,52,routing_persistent_hotspot_cluster3,episode25,31,remaining,21,98303120,3,3,specimen_transfer:+1x0.1,9f7517444c885bba,1,1357483389.7240598,-2301443.9549558163,-0.9970213770866394,-0.00021636486053466797,-0.001976913074031472,0.07591906934976578,0.4895534051234609,1228.3333333333333,0.06726265603275276
gcn_residual_mdl2_network_ddpg_afd,52,routing_persistent_hotspot_cluster3,episode25,31,remaining,21,98303120,3,4,specimen_transfer:-1x0.1,89802ab7bde582c4,1,1355214388.2847555,-32442.515651464462,-0.9960053563117981,0.0007996559143066406,-0.002321078209206462,0.12408093363046646,0.4894447066875682,1227.6666666666667,0.06770895424823907
gcn_residual_mdl2_network_ddpg_afd,52,routing_persistent_hotspot_cluster3,episode25,37,1,1,98303700,3,0,mdl2,278cb37edb831da0,1,74505700.1749906,0.0,-0.4283265173435211,0.0,-0.0011696410365402699,0.08137886226177216,0.48810612991765784,77.0,0.05581200167855644
gcn_residual_mdl2_network_ddpg_afd,52,routing_persistent_hotspot_cluster3,episode25,37,1,1,98303700,3,1,specimen_transfer:+1x0.05,cfce72520f8bb6f6,1,74382419.72765338,123280.44733721018,-0.4296780228614807,-0.0013515055179595947,-0.0022229780443012714,0.050830405205488205,0.48810612991765784,77.0,0.05581200167855644
gcn_residual_mdl2_network_ddpg_afd,52,routing_persistent_hotspot_cluster3,episode25,37,1,1,98303700,3,2,specimen_transfer:-1x0.05,32d459e0a178ee6c,1,74957259.62765339,-451559.4526627958,-0.4272599220275879,0.0010665953159332275,-0.00011630402877926826,0.13137885928153992,0.48810612991765784,78.0,0.05581200167855644
gcn_residual_mdl2_network_ddpg_afd,52,routing_persistent_hotspot_cluster3,episode25,37,1,1,98303700,3,3,specimen_transfer:+1x0.1,9517c75166623d6a,1,74809018.1741845,-303317.9991939068,-0.4303496778011322,-0.002023160457611084,-0.0032763152848929167,0.08333973586559296,0.48810612991765784,78.0,0.05581200167855644
gcn_residual_mdl2_network_ddpg_afd,52,routing_persistent_hotspot_cluster3,episode25,37,1,1,98303700,3,4,specimen_transfer:-1x0.1,e5679ccb7e2ea266,1,74909178.2741845,-403478.0991939008,-0.4270167052745819,0.001309812068939209,0.0009370339103043079,0.18137887120246887,0.48810612991765784,78.0,0.05581200167855644
gcn_residual_mdl2_network_ddpg_afd,52,routing_persistent_hotspot_cluster3,episode25,37,4,4,98303710,3,0,mdl2,278cb37edb831da0,1,293468222.47644335,0.0,-0.4283265173435211,0.0,-0.0011696410365402699,0.08137886226177216,0.4938337908691562,317.0,0.058762588192727484
gcn_residual_mdl2_network_ddpg_afd,52,routing_persistent_hotspot_cluster3,episode25,37,4,4,98303710,3,1,specimen_transfer:+1x0.05,cfce72520f8bb6f6,1,292313822.7113984,1154399.7650449276,-0.4296780228614807,-0.0013515055179595947,-0.0022229780443012714,0.050830405205488205,0.4942619701526494,315.3333333333333,0.05798598966813403
gcn_residual_mdl2_network_ddpg_afd,52,routing_persistent_hotspot_cluster3,episode25,37,4,4,98303710,3,2,specimen_transfer:-1x0.05,32d459e0a178ee6c,1,294062528.7539423,-594306.2774989605,-0.4272599220275879,0.0010665953159332275,-0.00011630402877926826,0.13137885928153992,0.4938337908691562,319.0,0.058762588192727484
gcn_residual_mdl2_network_ddpg_afd,52,routing_persistent_hotspot_cluster3,episode25,37,4,4,98303710,3,3,specimen_transfer:+1x0.1,9517c75166623d6a,1,291629082.944385,1839139.5320583582,-0.4303496778011322,-0.002023160457611084,-0.0032763152848929167,0.08333973586559296,0.49447605979439596,314.6666666666667,0.05759769040583731
gcn_residual_mdl2_network_ddpg_afd,52,routing_persistent_hotspot_cluster3,episode25,37,4,4,98303710,3,4,specimen_transfer:-1x0.1,e5679ccb7e2ea266,1,294562735.3733578,-1094512.8969144225,-0.4270167052745819,0.001309812068939209,0.0009370339103043079,0.18137887120246887,0.4938337908691562,320.0,0.058762588192727484
gcn_residual_mdl2_network_ddpg_afd,52,routing_persistent_hotspot_cluster3,episode25,37,remaining,15,98303720,3,0,mdl2,278cb37edb831da0,1,941229688.981294,0.0,-0.4283265173435211,0.0,-0.0011696410365402699,0.08137886226177216,0.4970217475247927,899.0,0.06608235007840385
gcn_residual_mdl2_network_ddpg_afd,52,routing_persistent_hotspot_cluster3,episode25,37,remaining,15,98303720,3,1,specimen_transfer:+1x0.05,cfce72520f8bb6f6,1,939873369.8120998,1356319.1691942215,-0.4296780228614807,-0.0013515055179595947,-0.0022229780443012714,0.050830405205488205,0.49735778345760284,896.6666666666666,0.06556716070878375
gcn_residual_mdl2_network_ddpg_afd,52,routing_persistent_hotspot_cluster3,episode25,37,remaining,15,98303720,3,2,specimen_transfer:-1x0.05,32d459e0a178ee6c,1,939653476.4922827,1576212.4890112877,-0.4272599220275879,0.0010665953159332275,-0.00011630402877926826,0.13137885928153992,0.49724929645807175,897.6666666666666,0.0656810150090022
gcn_residual_mdl2_network_ddpg_afd,52,routing_persistent_hotspot_cluster3,episode25,37,remaining,15,98303720,3,3,specimen_transfer:+1x0.1,9517c75166623d6a,1,939063916.2058692,2165772.775424838,-0.4303496778011322,-0.002023160457611084,-0.0032763152848929167,0.08333973586559296,0.4974707257780803,895.0,0.06526166172077831
gcn_residual_mdl2_network_ddpg_afd,52,routing_persistent_hotspot_cluster3,episode25,37,remaining,15,98303720,3,4,specimen_transfer:-1x0.1,e5679ccb7e2ea266,1,939361872.8799254,1867816.1013686657,-0.4270167052745819,0.001309812068939209,0.0009370339103043079,0.18137887120246887,0.4973040051292743,897.6666666666666,0.06568104613472496
gcn_residual_mdl2_network_ddpg_afd,52,routing_persistent_hotspot_cluster3,episode25,43,1,1,98304300,3,0,mdl2,4edb4a01928a90ed,1,54584565.715896964,0.0,-0.07189687341451645,0.0,-0.004453057423233986,0.04810700938105583,0.4937288473024089,47.0,0.06353790613718412
gcn_residual_mdl2_network_ddpg_afd,52,routing_persistent_hotspot_cluster3,episode25,43,1,1,98304300,3,1,specimen_transfer:+1x0.05,c461e8ef21cf72ae,1,54411091.24673412,173474.46916284412,-0.06899537146091461,0.002901501953601837,-0.0016493964940309525,0.02804655022919178,0.4937288473024089,47.0,0.06353790613718412
gcn_residual_mdl2_network_ddpg_afd,52,routing_persistent_hotspot_cluster3,episode25,43,1,1,98304300,3,2,specimen_transfer:-1x0.05,05058fcfbe1261a5,1,53886251.34673413,698314.3691628352,-0.07503649592399597,-0.0031396225094795227,-0.007256717421114445,0.0944465845823288,0.4937288473024089,46.0,0.06353790613718412
gcn_residual_mdl2_network_ddpg_afd,52,routing_persistent_hotspot_cluster3,episode25,43,1,1,98304300,3,3,specimen_transfer:+1x0.1,621ab6528264b8c9,1,54312085.75131023,272479.9645867348,-0.06727999448776245,0.004616878926753998,0.0011542643187567592,0.05555341765284538,0.4937288473024089,47.0,0.06353790613718412
gcn_residual_mdl2_network_ddpg_afd,52,routing_persistent_hotspot_cluster3,episode25,43,1,1,98304300,3,4,specimen_transfer:-1x0.1,2bfdf9ea373c3106,1,54387245.85131022,197319.86458674073,-0.07840508222579956,-0.006508208811283112,-0.010060379281640053,0.14444658160209656,0.4937288473024089,47.0,0.06353790613718412
gcn_residual_mdl2_network_ddpg_afd,52,routing_persistent_hotspot_cluster3,episode25,43,4,4,98304310,3,0,mdl2,4edb4a01928a90ed,1,217564670.3576378,0.0,-0.07189687341451645,0.0,-0.004453057423233986,0.04810700938105583,0.4933114682628797,173.66666666666666,0.06247889226612632
gcn_residual_mdl2_network_ddpg_afd,52,routing_persistent_hotspot_cluster3,episode25,43,4,4,98304310,3,1,specimen_transfer:+1x0.05,c461e8ef21cf72ae,1,217381857.34116063,182813.0164771676,-0.06899537146091461,0.002901501953601837,-0.0016493964940309525,0.02804655022919178,0.4933114682628797,174.0,0.06214116852414725
gcn_residual_mdl2_network_ddpg_afd,52,routing_persistent_hotspot_cluster3,episode25,43,4,4,98304310,3,2,specimen_transfer:-1x0.05,05058fcfbe1261a5,1,218109177.16963944,-544506.8120016456,-0.07503649592399597,-0.0031396225094795227,-0.007256717421114445,0.0944465845823288,0.4934967147774358,175.33333333333334,0.06247889226612632
gcn_residual_mdl2_network_ddpg_afd,52,routing_persistent_hotspot_cluster3,episode25,43,4,4,98304310,3,3,specimen_transfer:+1x0.1,621ab6528264b8c9,1,217240274.17168728,324396.18595051765,-0.06727999448776245,0.004616878926753998,0.0011542643187567592,0.05555341765284538,0.4933114682628797,174.0,0.06214116852414725
gcn_residual_mdl2_network_ddpg_afd,52,routing_persistent_hotspot_cluster3,episode25,43,4,4,98304310,3,4,specimen_transfer:-1x0.1,2bfdf9ea373c3106,1,218165234.22836313,-600563.8707253337,-0.07840508222579956,-0.006508208811283112,-0.010060379281640053,0.14444658160209656,0.4934967147774358,175.33333333333334,0.06281661600810537
gcn_residual_mdl2_network_ddpg_afd,52,routing_persistent_hotspot_cluster3,episode25,43,remaining,9,98304320,3,0,mdl2,4edb4a01928a90ed,1,514412367.68165493,0.0,-0.07189687341451645,0.0,-0.004453057423233986,0.04810700938105583,0.4959081414714374,439.0,0.06463410028176686
gcn_residual_mdl2_network_ddpg_afd,52,routing_persistent_hotspot_cluster3,episode25,43,remaining,9,98304320,3,1,specimen_transfer:+1x0.05,c461e8ef21cf72ae,1,512625405.0993958,1786962.5822591186,-0.06899537146091461,0.002901501953601837,-0.0016493964940309525,0.02804655022919178,0.49629498717086823,435.3333333333333,0.06424718368791878
gcn_residual_mdl2_network_ddpg_afd,52,routing_persistent_hotspot_cluster3,episode25,43,remaining,9,98304320,3,2,specimen_transfer:-1x0.05,05058fcfbe1261a5,1,512883301.37649816,1529066.3051567674,-0.07503649592399597,-0.0031396225094795227,-0.007256717421114445,0.0944465845823288,0.49618432900036646,437.0,0.06450608050286137
gcn_residual_mdl2_network_ddpg_afd,52,routing_persistent_hotspot_cluster3,episode25,43,remaining,9,98304320,3,3,specimen_transfer:+1x0.1,621ab6528264b8c9,1,512766424.66373205,1645943.0179228783,-0.06727999448776245,0.004616878926753998,0.0011542643187567592,0.05555341765284538,0.49635166687386656,435.6666666666667,0.06415210120153594
gcn_residual_mdl2_network_ddpg_afd,52,routing_persistent_hotspot_cluster3,episode25,43,remaining,9,98304320,3,4,specimen_transfer:-1x0.1,2bfdf9ea373c3106,1,513737571.3663845,674796.3152704239,-0.07840508222579956,-0.006508208811283112,-0.010060379281640053,0.14444658160209656,0.4959009304853747,438.0,0.06481098952574009
gcn_residual_mdl2_network_ddpg_afd,52,routing_persistent_hotspot_cluster3,episode25,51,1,1,98305100,3,0,mdl2,496e260e1205b9c4,1,50179318.883116476,0.0,-0.08292053639888763,0.0,-0.0024992036633193493,0.055327486246824265,0.5066987289591206,45.0,0.06335668595796527
gcn_residual_mdl2_network_ddpg_afd,52,routing_persistent_hotspot_cluster3,episode25,51,1,1,98305100,3,1,specimen_transfer:+1x0.05,9d3ebdd7b1d8d8d1,1,48832238.51848211,1347080.3646343648,-0.08184061199426651,0.0010799244046211243,-0.0010340932058170438,0.028219051659107208,0.5066987289591206,43.0,0.06335668595796527
gcn_residual_mdl2_network_ddpg_afd,52,routing_persistent_hotspot_cluster3,episode25,51,1,1,98305100,3,2,specimen_transfer:-1x0.05,827441e4f29b69fc,1,49982078.4184821,197240.46463437378,-0.08429062366485596,-0.0013700872659683228,-0.003964314237236977,0.09222152084112167,0.5066987289591206,45.0,0.06335668595796527
gcn_residual_mdl2_network_ddpg_afd,52,routing_persistent_hotspot_cluster3,episode25,51,1,1,98305100,3,3,specimen_transfer:+1x0.1,3e2d95477e0988c5,1,47986211.09531778,2193107.7877986953,-0.07942405343055725,0.0034964829683303833,0.00043101730989292264,0.057778481394052505,0.5066987289591206,42.0,0.06335668595796527
gcn_residual_mdl2_network_ddpg_afd,52,routing_persistent_hotspot_cluster3,episode25,51,1,1,98305100,3,4,specimen_transfer:-1x0.1,338d0d1467e994cc,1,49685890.895317785,493427.9877986908,-0.08797609061002731,-0.005055554211139679,-0.005429424345493317,0.14222152531147003,0.5066987289591206,45.0,0.06335668595796527
gcn_residual_mdl2_network_ddpg_afd,52,routing_persistent_hotspot_cluster3,episode25,51,4,1,98305110,3,0,mdl2,496e260e1205b9c4,1,50179318.883116476,0.0,-0.08292053639888763,0.0,-0.0024992036633193493,0.055327486246824265,0.5066987289591206,45.0,0.06335668595796527
gcn_residual_mdl2_network_ddpg_afd,52,routing_persistent_hotspot_cluster3,episode25,51,4,1,98305110,3,1,specimen_transfer:+1x0.05,9d3ebdd7b1d8d8d1,1,48832238.51848211,1347080.3646343648,-0.08184061199426651,0.0010799244046211243,-0.0010340932058170438,0.028219051659107208,0.5066987289591206,43.0,0.06335668595796527
gcn_residual_mdl2_network_ddpg_afd,52,routing_persistent_hotspot_cluster3,episode25,51,4,1,98305110,3,2,specimen_transfer:-1x0.05,827441e4f29b69fc,1,49982078.4184821,197240.46463437378,-0.08429062366485596,-0.0013700872659683228,-0.003964314237236977,0.09222152084112167,0.5066987289591206,45.0,0.06335668595796527
gcn_residual_mdl2_network_ddpg_afd,52,routing_persistent_hotspot_cluster3,episode25,51,4,1,98305110,3,3,specimen_transfer:+1x0.1,3e2d95477e0988c5,1,47986211.09531778,2193107.7877986953,-0.07942405343055725,0.0034964829683303833,0.00043101730989292264,0.057778481394052505,0.5066987289591206,42.0,0.06335668595796527
gcn_residual_mdl2_network_ddpg_afd,52,routing_persistent_hotspot_cluster3,episode25,51,4,1,98305110,3,4,specimen_transfer:-1x0.1,338d0d1467e994cc,1,49685890.895317785,493427.9877986908,-0.08797609061002731,-0.005055554211139679,-0.005429424345493317,0.14222152531147003,0.5066987289591206,45.0,0.06335668595796527
gcn_residual_mdl2_network_ddpg_afd,52,routing_persistent_hotspot_cluster3,episode25,51,remaining,1,98305120,3,0,mdl2,496e260e1205b9c4,1,50179318.883116476,0.0,-0.08292053639888763,0.0,-0.0024992036633193493,0.055327486246824265,0.5066987289591206,45.0,0.06335668595796527
gcn_residual_mdl2_network_ddpg_afd,52,routing_persistent_hotspot_cluster3,episode25,51,remaining,1,98305120,3,1,specimen_transfer:+1x0.05,9d3ebdd7b1d8d8d1,1,48832238.51848211,1347080.3646343648,-0.08184061199426651,0.0010799244046211243,-0.0010340932058170438,0.028219051659107208,0.5066987289591206,43.0,0.06335668595796527
gcn_residual_mdl2_network_ddpg_afd,52,routing_persistent_hotspot_cluster3,episode25,51,remaining,1,98305120,3,2,specimen_transfer:-1x0.05,827441e4f29b69fc,1,49982078.4184821,197240.46463437378,-0.08429062366485596,-0.0013700872659683228,-0.003964314237236977,0.09222152084112167,0.5066987289591206,45.0,0.06335668595796527
gcn_residual_mdl2_network_ddpg_afd,52,routing_persistent_hotspot_cluster3,episode25,51,remaining,1,98305120,3,3,specimen_transfer:+1x0.1,3e2d95477e0988c5,1,47986211.09531778,2193107.7877986953,-0.07942405343055725,0.0034964829683303833,0.00043101730989292264,0.057778481394052505,0.5066987289591206,42.0,0.06335668595796527
gcn_residual_mdl2_network_ddpg_afd,52,routing_persistent_hotspot_cluster3,episode25,51,remaining,1,98305120,3,4,specimen_transfer:-1x0.1,338d0d1467e994cc,1,49685890.895317785,493427.9877986908,-0.08797609061002731,-0.005055554211139679,-0.005429424345493317,0.14222152531147003,0.5066987289591206,45.0,0.06335668595796527
gcn_residual_mdl2_network_ddpg_afd,52,routing_persistent_hotspot_cluster3,final,0,1,1,98400000,3,0,mdl2,ce694acbb1e774f4,1,913172.0851232767,0.0,-0.11827701330184937,0.0,0.0,0.0,0.0,0.0,0.0
gcn_residual_mdl2_network_ddpg_afd,52,routing_persistent_hotspot_cluster3,final,0,1,1,98400000,3,1,specimen_transfer:+1x0.05,9026319d932aa58b,1,913172.0851232767,0.0,-0.1101328432559967,0.008144170045852661,0.008029741235077381,0.05000000447034836,0.0,0.0,0.0
gcn_residual_mdl2_network_ddpg_afd,52,routing_persistent_hotspot_cluster3,final,0,1,1,98400000,3,2,specimen_transfer:-1x0.05,9c13da8bf828fc4b,1,913172.0851232767,0.0,-0.13272632658481598,-0.014449313282966614,-0.008029741235077381,0.05000000447034836,0.0,0.0,0.0
gcn_residual_mdl2_network_ddpg_afd,52,routing_persistent_hotspot_cluster3,final,0,1,1,98400000,3,3,specimen_transfer:+1x0.1,de99be50b5a9de13,1,913172.0851232767,0.0,-0.10196544229984283,0.01631157100200653,0.016059482470154762,0.10000000149011612,0.0,0.0,0.0
gcn_residual_mdl2_network_ddpg_afd,52,routing_persistent_hotspot_cluster3,final,0,1,1,98400000,3,4,specimen_transfer:-1x0.1,bb4109a56d2f0a96,1,913172.0851232767,0.0,-0.1583610326051712,-0.04008401930332184,-0.016059482470154762,0.10000000149011612,0.0,0.0,0.0
gcn_residual_mdl2_network_ddpg_afd,52,routing_persistent_hotspot_cluster3,final,0,4,4,98400010,3,0,mdl2,ce694acbb1e774f4,1,19781024.032372106,0.0,-0.11827701330184937,0.0,0.0,0.0,0.1783617487623427,0.0,0.0
gcn_residual_mdl2_network_ddpg_afd,52,routing_persistent_hotspot_cluster3,final,0,4,4,98400010,3,1,specimen_transfer:+1x0.05,9026319d932aa58b,1,19781024.032372106,0.0,-0.1101328432559967,0.008144170045852661,0.008029741235077381,0.05000000447034836,0.1783617487623427,0.0,0.0
gcn_residual_mdl2_network_ddpg_afd,52,routing_persistent_hotspot_cluster3,final,0,4,4,98400010,3,2,specimen_transfer:-1x0.05,9c13da8bf828fc4b,1,19781024.032372106,0.0,-0.13272632658481598,-0.014449313282966614,-0.008029741235077381,0.05000000447034836,0.1783617487623427,0.0,0.0
gcn_residual_mdl2_network_ddpg_afd,52,routing_persistent_hotspot_cluster3,final,0,4,4,98400010,3,3,specimen_transfer:+1x0.1,de99be50b5a9de13,1,19781024.032372106,0.0,-0.10196544229984283,0.01631157100200653,0.016059482470154762,0.10000000149011612,0.1783617487623427,0.0,0.0
gcn_residual_mdl2_network_ddpg_afd,52,routing_persistent_hotspot_cluster3,final,0,4,4,98400010,3,4,specimen_transfer:-1x0.1,bb4109a56d2f0a96,1,19781024.032372106,0.0,-0.1583610326051712,-0.04008401930332184,-0.016059482470154762,0.10000000149011612,0.1783617487623427,0.0,0.0
gcn_residual_mdl2_network_ddpg_afd,52,routing_persistent_hotspot_cluster3,final,0,remaining,52,98400020,3,0,mdl2,ce694acbb1e774f4,1,2390820175.3935986,0.0,-0.11827701330184937,0.0,0.0,0.0,0.5122529555322969,2044.0,0.06188211021286485
gcn_residual_mdl2_network_ddpg_afd,52,routing_persistent_hotspot_cluster3,final,0,remaining,52,98400020,3,1,specimen_transfer:+1x0.05,9026319d932aa58b,1,2390820175.3935986,0.0,-0.1101328432559967,0.008144170045852661,0.008029741235077381,0.05000000447034836,0.5122529555322969,2044.0,0.06188211021286485
gcn_residual_mdl2_network_ddpg_afd,52,routing_persistent_hotspot_cluster3,final,0,remaining,52,98400020,3,2,specimen_transfer:-1x0.05,9c13da8bf828fc4b,1,2390820175.3935986,0.0,-0.13272632658481598,-0.014449313282966614,-0.008029741235077381,0.05000000447034836,0.5122529555322969,2044.0,0.06188211021286485
gcn_residual_mdl2_network_ddpg_afd,52,routing_persistent_hotspot_cluster3,final,0,remaining,52,98400020,3,3,specimen_transfer:+1x0.1,de99be50b5a9de13,1,2390820175.3935986,0.0,-0.10196544229984283,0.01631157100200653,0.016059482470154762,0.10000000149011612,0.5122529555322969,2044.0,0.06188211021286485
gcn_residual_mdl2_network_ddpg_afd,52,routing_persistent_hotspot_cluster3,final,0,remaining,52,98400020,3,4,specimen_transfer:-1x0.1,bb4109a56d2f0a96,1,2390820175.3935986,0.0,-0.1583610326051712,-0.04008401930332184,-0.016059482470154762,0.10000000149011612,0.5122529555322969,2044.0,0.06188211021286485
gcn_residual_mdl2_network_ddpg_afd,52,routing_persistent_hotspot_cluster3,final,6,1,1,98400600,3,0,mdl2,31dff50ad0cb7f98,1,12211634.432332313,0.0,-1.5507994890213013,0.0,0.0,0.0,0.38840579710144923,1.0,0.0026109660574412537
gcn_residual_mdl2_network_ddpg_afd,52,routing_persistent_hotspot_cluster3,final,6,1,1,98400600,3,1,specimen_transfer:+1x0.05,b47415a82406e0aa,1,11840043.961241767,371590.4710905459,-1.5423696041107178,0.008429884910583496,0.006030045449733734,0.05000000074505806,0.38840579710144923,1.0,0.0026109660574412537
gcn_residual_mdl2_network_ddpg_afd,52,routing_persistent_hotspot_cluster3,final,6,1,1,98400600,3,2,specimen_transfer:-1x0.05,d76a02236bf57a8c,1,11866690.523568757,344943.9087635558,-1.5590585470199585,-0.008259057998657227,-0.006030044984072447,0.05000000074505806,0.38840579710144923,1.0,0.0026109660574412537
gcn_residual_mdl2_network_ddpg_afd,52,routing_persistent_hotspot_cluster3,final,6,1,1,98400600,3,3,specimen_transfer:+1x0.1,50de6d9d0d595d24,1,11270611.515862068,941022.9164702445,-1.5305609703063965,0.020238518714904785,0.012060089968144894,0.10000000149011612,0.38840579710144923,1.0,0.0026109660574412537
gcn_residual_mdl2_network_ddpg_afd,52,routing_persistent_hotspot_cluster3,final,6,1,1,98400600,3,4,specimen_transfer:-1x0.1,260e5f5406d678a4,1,11521820.120651687,689814.3116806261,-1.5625547170639038,-0.011755228042602539,-0.012060089968144894,0.10000000149011612,0.38840579710144923,1.0,0.0026178010471204194
gcn_residual_mdl2_network_ddpg_afd,52,routing_persistent_hotspot_cluster3,final,6,4,4,98400610,3,0,mdl2,31dff50ad0cb7f98,1,82110460.03051563,0.0,-1.5507994890213013,0.0,0.0,0.0,0.46594012365176624,44.333333333333336,0.005220421148310862
gcn_residual_mdl2_network_ddpg_afd,52,routing_persistent_hotspot_cluster3,final,6,4,4,98400610,3,1,specimen_transfer:+1x0.05,b47415a82406e0aa,1,79142402.83978026,2968057.19073537,-1.5423696041107178,0.008429884910583496,0.006030045449733734,0.05000000074505806,0.46695968628557755,39.333333333333336,0.005220421148310862
gcn_residual_mdl2_network_ddpg_afd,52,routing_persistent_hotspot_cluster3,final,6,4,4,98400610,3,2,specimen_transfer:-1x0.05,d76a02236bf57a8c,1,82079663.1175714,30796.912944227457,-1.5590585470199585,-0.008259057998657227,-0.006030044984072447,0.05000000074505806,0.46424851800720224,44.333333333333336,0.005220421148310862
gcn_residual_mdl2_network_ddpg_afd,52,routing_persistent_hotspot_cluster3,final,6,4,4,98400610,3,3,specimen_transfer:+1x0.1,50de6d9d0d595d24,1,76235997.9721096,5874462.058406025,-1.5305609703063965,0.020238518714904785,0.012060089968144894,0.10000000149011612,0.4679792489193888,34.666666666666664,0.005226480836236935
gcn_residual_mdl2_network_ddpg_afd,52,routing_persistent_hotspot_cluster3,final,6,4,4,98400610,3,4,specimen_transfer:-1x0.1,260e5f5406d678a4,1,82112905.55791785,-2445.5274022221565,-1.5625547170639038,-0.011755228042602539,-0.012060089968144894,0.10000000149011612,0.4635659961553255,44.666666666666664,0.006972695007428757
gcn_residual_mdl2_network_ddpg_afd,52,routing_persistent_hotspot_cluster3,final,6,remaining,46,98400620,3,0,mdl2,31dff50ad0cb7f98,1,2250463716.942639,0.0,-1.5507994890213013,0.0,0.0,0.0,0.5328600883318121,1951.0,0.05784399756180353
gcn_residual_mdl2_network_ddpg_afd,52,routing_persistent_hotspot_cluster3,final,6,remaining,46,98400620,3,1,specimen_transfer:+1x0.05,b47415a82406e0aa,1,2256899228.841992,-6435511.899353027,-1.5423696041107178,0.008429884910583496,0.006030045449733734,0.05000000074505806,0.5315311614752717,1955.3333333333333,0.05893821460344121
gcn_residual_mdl2_network_ddpg_afd,52,routing_persistent_hotspot_cluster3,final,6,remaining,46,98400620,3,2,specimen_transfer:-1x0.05,d76a02236bf57a8c,1,2251483932.5798383,-1020215.6371994019,-1.5590585470199585,-0.008259057998657227,-0.006030044984072447,0.05000000074505806,0.5316073896778004,1953.6666666666667,0.059346344864972235
gcn_residual_mdl2_network_ddpg_afd,52,routing_persistent_hotspot_cluster3,final,6,remaining,46,98400620,3,3,specimen_transfer:+1x0.1,50de6d9d0d595d24,1,2265303408.5531354,-14839691.610496521,-1.5305609703063965,0.020238518714904785,0.012060089968144894,0.10000000149011612,0.5306144374787491,1963.3333333333333,0.05867090381167567
gcn_residual_mdl2_network_ddpg_afd,52,routing_persistent_hotspot_cluster3,final,6,remaining,46,98400620,3,4,specimen_transfer:-1x0.1,260e5f5406d678a4,1,2248743176.000545,1720540.9420938492,-1.5625547170639038,-0.011755228042602539,-0.012060089968144894,0.10000000149011612,0.5314620363449404,1956.3333333333333,0.05888236216533882
gcn_residual_mdl2_network_ddpg_afd,52,routing_persistent_hotspot_cluster3,final,12,1,1,98401200,3,0,mdl2,52c3739d583a558e,1,43920440.02641152,0.0,-1.796952486038208,0.0,0.0,0.0,0.44452198185624564,27.0,0.018229166666666668
gcn_residual_mdl2_network_ddpg_afd,52,routing_persistent_hotspot_cluster3,final,12,1,1,98401200,3,1,specimen_transfer:+1x0.05,381fe12352af2713,1,44774168.1225098,-853728.0960982814,-1.790505290031433,0.006447196006774902,0.006175116635859013,0.05000000074505806,0.44452198185624564,29.0,0.018229166666666668
gcn_residual_mdl2_network_ddpg_afd,52,routing_persistent_hotspot_cluster3,final,12,1,1,98401200,3,2,specimen_transfer:-1x0.05,858ab06778349956,1,43524498.869837284,395941.15657423437,-1.8024965524673462,-0.005544066429138184,-0.006175116635859013,0.05000000074505806,0.44452198185624564,27.0,0.018252933507170794
gcn_residual_mdl2_network_ddpg_afd,52,routing_persistent_hotspot_cluster3,final,12,1,1,98401200,3,3,specimen_transfer:+1x0.1,07f7b1d962b10207,1,44329599.080945104,-409159.0545335859,-1.7852163314819336,0.011736154556274414,0.012350233271718025,0.10000000149011612,0.44452198185624564,29.0,0.018229166666666668
gcn_residual_mdl2_network_ddpg_afd,52,routing_persistent_hotspot_cluster3,final,12,1,1,98401200,3,4,specimen_transfer:-1x0.1,a1727b25baa2b2e8,1,43178988.48070632,741451.5457051992,-1.8025561571121216,-0.005603671073913574,-0.012350233271718025,0.10000000149011612,0.44452198185624564,27.0,0.018252933507170794
gcn_residual_mdl2_network_ddpg_afd,52,routing_persistent_hotspot_cluster3,final,12,4,4,98401210,3,0,mdl2,52c3739d583a558e,1,240848121.10260376,0.0,-1.796952486038208,0.0,0.0,0.0,0.43374925921768687,197.66666666666666,0.02777777777777778
gcn_residual_mdl2_network_ddpg_afd,52,routing_persistent_hotspot_cluster3,final,12,4,4,98401210,3,1,specimen_transfer:+1x0.05,381fe12352af2713,1,237794632.29079667,3053488.811807096,-1.790505290031433,0.006447196006774902,0.006175116635859013,0.05000000074505806,0.43393271179519566,192.66666666666666,0.027083333333333334
gcn_residual_mdl2_network_ddpg_afd,52,routing_persistent_hotspot_cluster3,final,12,4,4,98401210,3,2,specimen_transfer:-1x0.05,858ab06778349956,1,242270110.79613432,-1421989.6935305595,-1.8024965524673462,-0.005544066429138184,-0.006175116635859013,0.05000000074505806,0.43304269179059746,200.66666666666666,0.02781653935212901
gcn_residual_mdl2_network_ddpg_afd,52,routing_persistent_hotspot_cluster3,final,12,4,4,98401210,3,3,specimen_transfer:+1x0.1,07f7b1d962b10207,1,236140178.40670195,4707942.695901811,-1.7852163314819336,0.011736154556274414,0.012350233271718025,0.10000000149011612,0.43393271179519566,190.66666666666666,0.028125
gcn_residual_mdl2_network_ddpg_afd,52,routing_persistent_hotspot_cluster3,final,12,4,4,98401210,3,4,specimen_transfer:-1x0.1,a1727b25baa2b2e8,1,241708061.9124581,-859940.8098543286,-1.8025561571121216,-0.005603671073913574,-0.012350233271718025,0.10000000149011612,0.43393271179519566,200.33333333333334,0.02643456607715354
gcn_residual_mdl2_network_ddpg_afd,52,routing_persistent_hotspot_cluster3,final,12,remaining,40,98401220,3,0,mdl2,52c3739d583a558e,1,2395740916.3663363,0.0,-1.796952486038208,0.0,0.0,0.0,0.4972168506153694,2202.6666666666665,0.06930439250036147
gcn_residual_mdl2_network_ddpg_afd,52,routing_persistent_hotspot_cluster3,final,12,remaining,40,98401220,3,1,specimen_transfer:+1x0.05,381fe12352af2713,1,2395297663.353076,443253.01326036453,-1.790505290031433,0.006447196006774902,0.006175116635859013,0.05000000074505806,0.49755090045185607,2200.6666666666665,0.06824746632396644
gcn_residual_mdl2_network_ddpg_afd,52,routing_persistent_hotspot_cluster3,final,12,remaining,40,98401220,3,2,specimen_transfer:-1x0.05,858ab06778349956,1,2394325526.5226936,1415389.8436427116,-1.8024965524673462,-0.005544066429138184,-0.006175116635859013,0.05000000074505806,0.49699002577004453,2203.0,0.06931667017969845
gcn_residual_mdl2_network_ddpg_afd,52,routing_persistent_hotspot_cluster3,final,12,remaining,40,98401220,3,3,specimen_transfer:+1x0.1,07f7b1d962b10207,1,2398671900.9366484,-2930984.570312023,-1.7852163314819336,0.011736154556274414,0.012350233271718025,0.10000000149011612,0.49709709276505243,2206.0,0.06986220229026699
gcn_residual_mdl2_network_ddpg_afd,52,routing_persistent_hotspot_cluster3,final,12,remaining,40,98401220,3,4,specimen_transfer:-1x0.1,a1727b25baa2b2e8,1,2392620696.2452073,3120220.121129036,-1.8025561571121216,-0.005603671073913574,-0.012350233271718025,0.10000000149011612,0.4966063010413966,2205.6666666666665,0.07005550302546065
gcn_residual_mdl2_network_ddpg_afd,52,routing_persistent_hotspot_cluster3,final,18,1,1,98401800,3,0,mdl2,52ea36f957114045,1,70855598.49354587,0.0,-1.6163122653961182,0.0,-0.0016745426692068577,0.02792639099061489,0.44993203443588586,66.0,0.0380952380952381
gcn_residual_mdl2_network_ddpg_afd,52,routing_persistent_hotspot_cluster3,final,18,1,1,98401800,3,1,specimen_transfer:+1x0.05,987050dd76a5c9b1,1,70058451.40395074,797147.089595139,-1.6180771589279175,-0.0017648935317993164,-0.0035966914147138596,0.04779510572552681,0.44993203443588586,65.0,0.0380952380952381
gcn_residual_mdl2_network_ddpg_afd,52,routing_persistent_hotspot_cluster3,final,18,1,1,98401800,3,2,specimen_transfer:-1x0.05,039a044a13d9d55b,1,70608131.20395073,247467.289595142,-1.614571213722229,0.0017410516738891602,0.0002476065419614315,0.07761775702238083,0.44993203443588586,66.0,0.0380952380952381
gcn_residual_mdl2_network_ddpg_afd,52,routing_persistent_hotspot_cluster3,final,18,1,1,98401800,3,3,specimen_transfer:+1x0.1,68299375bc8c56f3,1,69935791.03036775,919807.463178128,-1.620095133781433,-0.0037828683853149414,-0.005518840625882149,0.08996885269880295,0.44993203443588586,65.0,0.0380952380952381
gcn_residual_mdl2_network_ddpg_afd,52,routing_persistent_hotspot_cluster3,final,18,1,1,98401800,3,4,specimen_transfer:-1x0.1,c64d7fd1fc6618d7,1,70385150.63036776,470447.86317811906,-1.610322117805481,0.005990147590637207,0.002169754821807146,0.1276177614927292,0.44993203443588586,66.0,0.0380952380952381
gcn_residual_mdl2_network_ddpg_afd,52,routing_persistent_hotspot_cluster3,final,18,4,4,98401810,3,0,mdl2,52ea36f957114045,1,293128172.92752606,0.0,-1.6163122653961182,0.0,-0.0016745426692068577,0.02792639099061489,0.4575610993801961,304.0,0.046632124352331605
gcn_residual_mdl2_network_ddpg_afd,52,routing_persistent_hotspot_cluster3,final,18,4,4,98401810,3,1,specimen_transfer:+1x0.05,987050dd76a5c9b1,1,292806585.27659875,321587.6509273052,-1.6180771589279175,-0.0017648935317993164,-0.0035966914147138596,0.04779510572552681,0.4575610993801961,303.6666666666667,0.046597633136094684
gcn_residual_mdl2_network_ddpg_afd,52,routing_persistent_hotspot_cluster3,final,18,4,4,98401810,3,2,specimen_transfer:-1x0.05,039a044a13d9d55b,1,294353264.7057894,-1225091.7782633305,-1.614571213722229,0.0017410516738891602,0.0002476065419614315,0.07761775702238083,0.4575610993801961,306.6666666666667,0.046632124352331605
gcn_residual_mdl2_network_ddpg_afd,52,routing_persistent_hotspot_cluster3,final,18,4,4,98401810,3,3,specimen_transfer:+1x0.1,68299375bc8c56f3,1,291833173.25318724,1294999.6743388176,-1.620095133781433,-0.0037828683853149414,-0.005518840625882149,0.08996885269880295,0.4579535188479322,302.3333333333333,0.045857988165680465
gcn_residual_mdl2_network_ddpg_afd,52,routing_persistent_hotspot_cluster3,final,18,4,4,98401810,3,4,specimen_transfer:-1x0.1,c64d7fd1fc6618d7,1,295285653.52729017,-2157480.5997641087,-1.610322117805481,0.005990147590637207,0.002169754821807146,0.1276177614927292,0.4578225430784495,309.3333333333333,0.046632124352331605
gcn_residual_mdl2_network_ddpg_afd,52,routing_persistent_hotspot_cluster3,final,18,remaining,34,98401820,3,0,mdl2,52ea36f957114045,1,2087491656.203112,0.0,-1.6163122653961182,0.0,-0.0016745426692068577,0.02792639099061489,0.4955449418573976,1953.3333333333333,0.0698141792531412
gcn_residual_mdl2_network_ddpg_afd,52,routing_persistent_hotspot_cluster3,final,18,remaining,34,98401820,3,1,specimen_transfer:+1x0.05,987050dd76a5c9b1,1,2090868248.3248417,-3376592.121729851,-1.6180771589279175,-0.0017648935317993164,-0.0035966914147138596,0.04779510572552681,0.4945390051284361,1957.0,0.07138866070900401
gcn_residual_mdl2_network_ddpg_afd,52,routing_persistent_hotspot_cluster3,final,18,remaining,34,98401820,3,2,specimen_transfer:-1x0.05,039a044a13d9d55b,1,2083890943.1883402,3600713.0147717,-1.614571213722229,0.0017410516738891602,0.0002476065419614315,0.07761775702238083,0.49576321176825733,1950.3333333333333,0.06966914426126253
gcn_residual_mdl2_network_ddpg_afd,52,routing_persistent_hotspot_cluster3,final,18,remaining,34,98401820,3,3,specimen_transfer:+1x0.1,68299375bc8c56f3,1,2089220745.087905,-1729088.8847930431,-1.620095133781433,-0.0037828683853149414,-0.005518840625882149,0.08996885269880295,0.49493325175443487,1955.6666666666667,0.07135632382134316
gcn_residual_mdl2_network_ddpg_afd,52,routing_persistent_hotspot_cluster3,final,18,remaining,34,98401820,3,4,specimen_transfer:-1x0.1,c64d7fd1fc6618d7,1,2081863568.7321665,5628087.470945358,-1.610322117805481,0.005990147590637207,0.002169754821807146,0.1276177614927292,0.4959356619018032,1950.6666666666667,0.06908410644924438
gcn_residual_mdl2_network_ddpg_afd,52,routing_persistent_hotspot_cluster3,final,25,1,1,98402500,3,0,mdl2,d395b7c9a8d720ce,1,63375925.19961393,0.0,-1.1876598596572876,0.0,-0.00140587508212775,0.03713783621788025,0.47602970965563807,68.0,0.05334987593052109
gcn_residual_mdl2_network_ddpg_afd,52,routing_persistent_hotspot_cluster3,final,25,1,1,98402500,3,1,specimen_transfer:+1x0.05,4b7ce3a765107465,1,62404135.0554285,971790.1441854313,-1.1899572610855103,-0.0022974014282226562,-0.0036519523710012436,0.031133104115724564,0.47602970965563807,67.0,0.05334987593052109
gcn_residual_mdl2_network_ddpg_afd,52,routing_persistent_hotspot_cluster3,final,25,1,1,98402500,3,2,specimen_transfer:-1x0.05,69bbb9ef758e8566,1,62528473.60053263,847451.5990813002,-1.1832044124603271,0.004455447196960449,0.0008402015082538128,0.08713783323764801,0.47602970965563807,67.0,0.05334987593052109
gcn_residual_mdl2_network_ddpg_afd,52,routing_persistent_hotspot_cluster3,final,25,1,1,98402500,3,3,specimen_transfer:+1x0.1,1b98ac5d37659cc1,1,61156668.18113247,2219257.0184814557,-1.1923984289169312,-0.004738569259643555,-0.0058980295434594154,0.06286216527223587,0.47602970965563807,65.0,0.05334987593052109
gcn_residual_mdl2_network_ddpg_afd,52,routing_persistent_hotspot_cluster3,final,25,1,1,98402500,3,4,specimen_transfer:-1x0.1,5f545e0571093c20,1,61780686.526236616,1595238.6733773127,-1.176486611366272,0.011173248291015625,0.0030862789135426283,0.13713783025741577,0.47602970965563807,66.0,0.05334987593052109
gcn_residual_mdl2_network_ddpg_afd,52,routing_persistent_hotspot_cluster3,final,25,4,4,98402510,3,0,mdl2,d395b7c9a8d720ce,1,219078580.72431692,0.0,-1.1876598596572876,0.0,-0.00140587508212775,0.03713783621788025,0.48520283216099164,211.66666666666666,0.05702159458224374
gcn_residual_mdl2_network_ddpg_afd,52,routing_persistent_hotspot_cluster3,final,25,4,4,98402510,3,1,specimen_transfer:+1x0.05,4b7ce3a765107465,1,216729333.27165067,2349247.452666253,-1.1899572610855103,-0.0022974014282226562,-0.0036519523710012436,0.031133104115724564,0.487040721676753,208.33333333333334,0.05434381147623305
gcn_residual_mdl2_network_ddpg_afd,52,routing_persistent_hotspot_cluster3,final,25,4,4,98402510,3,2,specimen_transfer:-1x0.05,69bbb9ef758e8566,1,221087369.04944754,-2008788.3251306117,-1.1832044124603271,0.004455447196960449,0.0008402015082538128,0.08713783323764801,0.48550914708028525,216.33333333333334,0.05754334585429002
gcn_residual_mdl2_network_ddpg_afd,52,routing_persistent_hotspot_cluster3,final,25,4,4,98402510,3,3,specimen_transfer:+1x0.1,1b98ac5d37659cc1,1,215887564.04523453,3191016.6790823936,-1.1923984289169312,-0.004738569259643555,-0.0058980295434594154,0.06286216527223587,0.4876533515153401,207.33333333333334,0.05375947161637318
gcn_residual_mdl2_network_ddpg_afd,52,routing_persistent_hotspot_cluster3,final,25,4,4,98402510,3,4,specimen_transfer:-1x0.1,5f545e0571093c20,1,221703532.7766706,-2624952.05235368,-1.176486611366272,0.011173248291015625,0.0030862789135426283,0.13713783025741577,0.48550914708028525,218.0,0.05699004445184492
gcn_residual_mdl2_network_ddpg_afd,52,routing_persistent_hotspot_cluster3,final,25,remaining,27,98402520,3,0,mdl2,d395b7c9a8d720ce,1,1516184651.4085093,0.0,-1.1876598596572876,0.0,-0.00140587508212775,0.03713783621788025,0.49884859113356533,1345.0,0.06315630314708663
gcn_residual_mdl2_network_ddpg_afd,52,routing_persistent_hotspot_cluster3,final,25,remaining,27,98402520,3,1,specimen_transfer:+1x0.05,4b7ce3a765107465,1,1512565041.068901,3619610.3396081924,-1.1899572610855103,-0.0022974014282226562,-0.0036519523710012436,0.031133104115724564,0.49950780718710575,1339.3333333333333,0.06171003828747113
gcn_residual_mdl2_network_ddpg_afd,52,routing_persistent_hotspot_cluster3,final,25,remaining,27,98402520,3,2,specimen_transfer:-1x0.05,69bbb9ef758e8566,1,1511557826.9276962,4626824.480813026,-1.1832044124603271,0.004455447196960449,0.0008402015082538128,0.08713783323764801,0.49917611382580257,1342.6666666666667,0.0628961338371873
gcn_residual_mdl2_network_ddpg_afd,52,routing_persistent_hotspot_cluster3,final,25,remaining,27,98402520,3,3,specimen_transfer:+1x0.1,1b98ac5d37659cc1,1,1510829333.9011905,5355317.507318735,-1.1923984289169312,-0.004738569259643555,-0.0058980295434594154,0.06286216527223587,0.5002483571301888,1335.6666666666667,0.06085397779951599
gcn_residual_mdl2_network_ddpg_afd,52,routing_persistent_hotspot_cluster3,final,25,remaining,27,98402520,3,4,specimen_transfer:-1x0.1,5f545e0571093c20,1,1507904409.816487,8280241.592022181,-1.176486611366272,0.011173248291015625,0.0030862789135426283,0.13713783025741577,0.49985899364201125,1339.6666666666667,0.06186908622217376
gcn_residual_mdl2_network_ddpg_afd,52,routing_persistent_hotspot_cluster3,final,31,1,1,98403100,3,0,mdl2,580884c9f45f8b82,1,49581677.09234681,0.0,-0.8956183791160583,0.0,-0.004172428511083126,0.06323447078466415,0.4858710562414266,39.0,0.05508262393590386
gcn_residual_mdl2_network_ddpg_afd,52,routing_persistent_hotspot_cluster3,final,31,1,1,98403100,3,1,specimen_transfer:+1x0.05,6105f4aaf6c588ee,1,50459704.643856026,-878027.5515092164,-0.8953085541725159,0.00030982494354248047,-0.004183600191026926,0.03458677977323532,0.4858710562414266,41.0,0.05508262393590386
gcn_residual_mdl2_network_ddpg_afd,52,routing_persistent_hotspot_cluster3,final,31,1,1,98403100,3,2,specimen_transfer:-1x0.05,51f3c38202c34f3c,1,49284704.643856026,296972.4484907836,-0.8959690928459167,-0.00035071372985839844,-0.004161257296800613,0.09188216179609299,0.4858710562414266,39.0,0.05508262393590386
gcn_residual_mdl2_network_ddpg_afd,52,routing_persistent_hotspot_cluster3,final,31,1,1,98403100,3,3,specimen_transfer:+1x0.1,9f7517444c885bba,1,50312550.414340526,-730873.3219937161,-0.8959036469459534,-0.00028526782989501953,-0.004194771870970726,0.07550405710935593,0.4858710562414266,41.0,0.05508262393590386
gcn_residual_mdl2_network_ddpg_afd,52,routing_persistent_hotspot_cluster3,final,31,1,1,98403100,3,4,specimen_transfer:-1x0.1,89802ab7bde582c4,1,48487390.31434053,1094286.778006278,-0.8933817148208618,0.002236664295196533,-0.004150084685534239,0.12449594587087631,0.4858710562414266,38.0,0.05508262393590386
gcn_residual_mdl2_network_ddpg_afd,52,routing_persistent_hotspot_cluster3,final,31,4,4,98403110,3,0,mdl2,580884c9f45f8b82,1,229508437.5708082,0.0,-0.8956183791160583,0.0,-0.004172428511083126,0.06323447078466415,0.47779643027878643,177.0,0.054337899543379
gcn_residual_mdl2_network_ddpg_afd,52,routing_persistent_hotspot_cluster3,final,31,4,4,98403110,3,1,specimen_transfer:+1x0.05,6105f4aaf6c588ee,1,226789907.39278007,2718530.1780281365,-0.8953085541725159,0.00030982494354248047,-0.004183600191026926,0.03458677977323532,0.4782853915775691,172.66666666666666,0.05342465753424658
gcn_residual_mdl2_network_ddpg_afd,52,routing_persistent_hotspot_cluster3,final,31,4,4,98403110,3,2,specimen_transfer:-1x0.05,51f3c38202c34f3c,1,230803448.35788012,-1295010.7870719135,-0.8959690928459167,-0.00035071372985839844,-0.004161257296800613,0.09188216179609299,0.4779594511692986,180.33333333333334,0.05449010654490107
gcn_residual_mdl2_network_ddpg_afd,52,routing_persistent_hotspot_cluster3,final,31,4,4,98403110,3,3,specimen_transfer:+1x0.1,9f7517444c885bba,1,226584122.87371612,2924314.697092086,-0.8959036469459534,-0.00028526782989501953,-0.004194771870970726,0.07550405710935593,0.4782853915775691,172.66666666666666,0.05342465753424658
gcn_residual_mdl2_network_ddpg_afd,52,routing_persistent_hotspot_cluster3,final,31,4,4,98403110,3,4,specimen_transfer:-1x0.1,89802ab7bde582c4,1,230674221.4191862,-1165783.8483780026,-0.8933817148208618,0.002236664295196533,-0.004150084685534239,0.12449594587087631,0.47804091092817774,180.66666666666666,0.054337899543379
gcn_residual_mdl2_network_ddpg_afd,52,routing_persistent_hotspot_cluster3,final,31,remaining,21,98403120,3,0,mdl2,580884c9f45f8b82,1,1244043762.1457336,0.0,-0.8956183791160583,0.0,-0.004172428511083126,0.06323447078466415,0.49907389328264107,1108.6666666666667,0.06833595307110248
gcn_residual_mdl2_network_ddpg_afd,52,routing_persistent_hotspot_cluster3,final,31,remaining,21,98403120,3,1,specimen_transfer:+1x0.05,6105f4aaf6c588ee,1,1245844859.2388618,-1801097.0931282043,-0.8953085541725159,0.00030982494354248047,-0.004183600191026926,0.03458677977323532,0.4988416614736266,1111.6666666666667,0.06853337244760566
gcn_residual_mdl2_network_ddpg_afd,52,routing_persistent_hotspot_cluster3,final,31,remaining,21,98403120,3,2,specimen_transfer:-1x0.05,51f3c38202c34f3c,1,1242061725.111225,1982037.0345087051,-0.8959690928459167,-0.00035071372985839844,-0.004161257296800613,0.09188216179609299,0.4992445702616442,1107.3333333333333,0.06819551795201927
gcn_residual_mdl2_network_ddpg_afd,52,routing_persistent_hotspot_cluster3,final,31,remaining,21,98403120,3,3,specimen_transfer:+1x0.1,9f7517444c885bba,1,1244707560.6722972,-663798.5265636444,-0.8959036469459534,-0.00028526782989501953,-0.004194771870970726,0.07550405710935593,0.4991261421241065,1110.6666666666667,0.06793141136146559
gcn_residual_mdl2_network_ddpg_afd,52,routing_persistent_hotspot_cluster3,final,31,remaining,21,98403120,3,4,specimen_transfer:-1x0.1,89802ab7bde582c4,1,1242519019.6876926,1524742.4580409527,-0.8933817148208618,0.002236664295196533,-0.004150084685534239,0.12449594587087631,0.49884842427834863,1109.0,0.06887849095100357
gcn_residual_mdl2_network_ddpg_afd,52,routing_persistent_hotspot_cluster3,final,37,1,1,98403700,3,0,mdl2,278cb37edb831da0,1,74505700.1749906,0.0,-0.5486545562744141,0.0,-0.004355194978415966,0.08084256947040558,0.48810612991765784,77.0,0.05581200167855644
gcn_residual_mdl2_network_ddpg_afd,52,routing_persistent_hotspot_cluster3,final,37,1,1,98403700,3,1,specimen_transfer:+1x0.05,cfce72520f8bb6f6,1,74382419.72765338,123280.44733721018,-0.5512247681617737,-0.002570211887359619,-0.006674435455352068,0.05093514919281006,0.48810612991765784,77.0,0.05581200167855644
gcn_residual_mdl2_network_ddpg_afd,52,routing_persistent_hotspot_cluster3,final,37,1,1,98403700,3,2,specimen_transfer:-1x0.05,32d459e0a178ee6c,1,74957259.62765339,-451559.4526627958,-0.5459702014923096,0.002684354782104492,-0.0020359549671411514,0.13084256649017334,0.48810612991765784,78.0,0.05581200167855644
gcn_residual_mdl2_network_ddpg_afd,52,routing_persistent_hotspot_cluster3,final,37,1,1,98403700,3,3,specimen_transfer:+1x0.1,9517c75166623d6a,1,74809018.1741845,-303317.9991939068,-0.5537059903144836,-0.00505143404006958,-0.008993676863610744,0.08350827544927597,0.48810612991765784,78.0,0.05581200167855644
gcn_residual_mdl2_network_ddpg_afd,52,routing_persistent_hotspot_cluster3,final,37,1,1,98403700,3,4,specimen_transfer:-1x0.1,e5679ccb7e2ea266,1,74909178.2741845,-403478.0991939008,-0.543687641620636,0.004966914653778076,0.0002832859754562378,0.1808425784111023,0.48810612991765784,78.0,0.05581200167855644
gcn_residual_mdl2_network_ddpg_afd,52,routing_persistent_hotspot_cluster3,final,37,4,4,98403710,3,0,mdl2,278cb37edb831da0,1,296346051.0889559,0.0,-0.5486545562744141,0.0,-0.004355194978415966,0.08084256947040558,0.4916871612416292,316.6666666666667,0.05889198777864882
gcn_residual_mdl2_network_ddpg_afd,52,routing_persistent_hotspot_cluster3,final,37,4,4,98403710,3,1,specimen_transfer:+1x0.05,cfce72520f8bb6f6,1,295244929.6865685,1101121.4023873806,-0.5512247681617737,-0.002570211887359619,-0.006674435455352068,0.05093514919281006,0.49211354153836634,315.0,0.05811538925405535
gcn_residual_mdl2_network_ddpg_afd,52,routing_persistent_hotspot_cluster3,final,37,4,4,98403710,3,2,specimen_transfer:-1x0.05,32d459e0a178ee6c,1,297056854.5454337,-710803.4564778209,-0.5459702014923096,0.002684354782104492,-0.0020359549671411514,0.13084256649017334,0.4916871612416292,319.0,0.05889198777864882
gcn_residual_mdl2_network_ddpg_afd,52,routing_persistent_hotspot_cluster3,final,37,4,4,98403710,3,3,specimen_transfer:+1x0.1,9517c75166623d6a,1,294265623.4198592,2080427.6690967083,-0.5537059903144836,-0.00505143404006958,-0.008993676863610744,0.08350827544927597,0.49232673168673485,313.6666666666667,0.05772708999175863
gcn_residual_mdl2_network_ddpg_afd,52,routing_persistent_hotspot_cluster3,final,37,4,4,98403710,3,4,specimen_transfer:-1x0.1,e5679ccb7e2ea266,1,297758785.5537185,-1412734.464762628,-0.543687641620636,0.004966914653778076,0.0002832859754562378,0.1808425784111023,0.4916871612416292,320.3333333333333,0.05889198777864882
gcn_residual_mdl2_network_ddpg_afd,52,routing_persistent_hotspot_cluster3,final,37,remaining,15,98403720,3,0,mdl2,278cb37edb831da0,1,964349666.4734498,0.0,-0.5486545562744141,0.0,-0.004355194978415966,0.08084256947040558,0.4875831893972438,897.3333333333334,0.06653734049553507
gcn_residual_mdl2_network_ddpg_afd,52,routing_persistent_hotspot_cluster3,final,37,remaining,15,98403720,3,1,specimen_transfer:+1x0.05,cfce72520f8bb6f6,1,962853596.9606565,1496069.5127933025,-0.5512247681617737,-0.002570211887359619,-0.006674435455352068,0.05093514919281006,0.4880241726508165,895.3333333333334,0.06573014777682017
gcn_residual_mdl2_network_ddpg_afd,52,routing_persistent_hotspot_cluster3,final,37,remaining,15,98403720,3,2,specimen_transfer:-1x0.05,32d459e0a178ee6c,1,962699571.4479605,1650095.0254893303,-0.5459702014923096,0.002684354782104492,-0.0020359549671411514,0.13084256649017334,0.4878079442927492,895.6666666666666,0.06602928148564825
gcn_residual_mdl2_network_ddpg_afd,52,routing_persistent_hotspot_cluster3,final,37,remaining,15,98403720,3,3,specimen_transfer:+1x0.1,9517c75166623d6a,1,961871524.8603439,2478141.613105893,-0.5537059903144836,-0.00505143404006958,-0.008993676863610744,0.08350827544927597,0.4882446106429716,894.3333333333334,0.06523542748344215
gcn_residual_mdl2_network_ddpg_afd,52,routing_persistent_hotspot_cluster3,final,37,remaining,15,98403720,3,4,specimen_transfer:-1x0.1,e5679ccb7e2ea266,1,961781494.0669342,2568172.4065155983,-0.543687641620636,0.004966914653778076,0.0002832859754562378,0.1808425784111023,0.48780579924973194,896.0,0.06583969978676914
gcn_residual_mdl2_network_ddpg_afd,52,routing_persistent_hotspot_cluster3,final,43,1,1,98404300,3,0,mdl2,4edb4a01928a90ed,1,54584565.715896964,0.0,-0.004728235304355621,0.0,-0.0007979655056260526,0.04818657785654068,0.4937288473024089,47.0,0.06353790613718412
gcn_residual_mdl2_network_ddpg_afd,52,routing_persistent_hotspot_cluster3,final,43,1,1,98404300,3,1,specimen_transfer:+1x0.05,c461e8ef21cf72ae,1,54411091.24673412,173474.46916284412,-0.0005880594253540039,0.004140175879001617,3.4302422136534005e-05,0.02811887301504612,0.4937288473024089,47.0,0.06353790613718412
gcn_residual_mdl2_network_ddpg_afd,52,routing_persistent_hotspot_cluster3,final,43,1,1,98404300,3,2,specimen_transfer:-1x0.05,05058fcfbe1261a5,1,53886251.34673413,698314.3691628352,-0.010894950479269028,-0.006166715174913406,-0.0016302334843203425,0.09463392198085785,0.4937288473024089,46.0,0.06353790613718412
gcn_residual_mdl2_network_ddpg_afd,52,routing_persistent_hotspot_cluster3,final,43,1,1,98404300,3,3,specimen_transfer:+1x0.1,621ab6528264b8c9,1,54312085.75131023,272479.9645867348,-0.0010514147579669952,0.003676820546388626,0.0008665703935548663,0.05536608025431633,0.4937288473024089,47.0,0.06353790613718412
gcn_residual_mdl2_network_ddpg_afd,52,routing_persistent_hotspot_cluster3,final,43,1,1,98404300,3,4,specimen_transfer:-1x0.1,2bfdf9ea373c3106,1,54387245.85131022,197319.86458674073,-0.026504751294851303,-0.021776515990495682,-0.002462501171976328,0.1446339190006256,0.4937288473024089,47.0,0.06353790613718412
gcn_residual_mdl2_network_ddpg_afd,52,routing_persistent_hotspot_cluster3,final,43,4,4,98404310,3,0,mdl2,4edb4a01928a90ed,1,206982873.8009312,0.0,-0.004728235304355621,0.0,-0.0007979655056260526,0.04818657785654068,0.5002544216660639,174.33333333333334,0.06247889226612632
gcn_residual_mdl2_network_ddpg_afd,52,routing_persistent_hotspot_cluster3,final,43,4,4,98404310,3,1,specimen_transfer:+1x0.05,c461e8ef21cf72ae,1,207133837.8856789,-150964.08474770188,-0.0005880594253540039,0.004140175879001617,3.4302422136534005e-05,0.02811887301504612,0.5002544216660639,175.0,0.06214116852414725
gcn_residual_mdl2_network_ddpg_afd,52,routing_persistent_hotspot_cluster3,final,43,4,4,98404310,3,2,specimen_transfer:-1x0.05,05058fcfbe1261a5,1,207310531.2589426,-327657.4580114186,-0.010894950479269028,-0.006166715174913406,-0.0016302334843203425,0.09463392198085785,0.5004422753730359,175.33333333333334,0.06247889226612632
gcn_residual_mdl2_network_ddpg_afd,52,routing_persistent_hotspot_cluster3,final,43,4,4,98404310,3,3,specimen_transfer:+1x0.1,621ab6528264b8c9,1,206688959.08804592,293914.7128852606,-0.0010514147579669952,0.003676820546388626,0.0008665703935548663,0.05536608025431633,0.5002544216660639,174.33333333333334,0.06214116852414725
gcn_residual_mdl2_network_ddpg_afd,52,routing_persistent_hotspot_cluster3,final,43,4,4,98404310,3,4,specimen_transfer:-1x0.1,2bfdf9ea373c3106,1,207925896.34118637,-943022.540255189,-0.026504751294851303,-0.021776515990495682,-0.002462501171976328,0.1446339190006256,0.5004422753730359,176.33333333333334,0.06281661600810537
gcn_residual_mdl2_network_ddpg_afd,52,routing_persistent_hotspot_cluster3,final,43,remaining,9,98404320,3,0,mdl2,4edb4a01928a90ed,1,500344795.27090216,0.0,-0.004728235304355621,0.0,-0.0007979655056260526,0.04818657785654068,0.5003173687322903,431.3333333333333,0.06511573569761898
gcn_residual_mdl2_network_ddpg_afd,52,routing_persistent_hotspot_cluster3,final,43,remaining,9,98404320,3,1,specimen_transfer:+1x0.05,c461e8ef21cf72ae,1,499951719.27416563,393075.9967365265,-0.0005880594253540039,0.004140175879001617,3.4302422136534005e-05,0.02811887301504612,0.5006568819909516,431.0,0.0643488868557487
gcn_residual_mdl2_network_ddpg_afd,52,routing_persistent_hotspot_cluster3,final,43,remaining,9,98404320,3,2,specimen_transfer:-1x0.05,05058fcfbe1261a5,1,501116047.60464925,-771252.3337470889,-0.010894950479269028,-0.006166715174913406,-0.0016302334843203425,0.09463392198085785,0.5000912457692169,434.3333333333333,0.06531251805076445
gcn_residual_mdl2_network_ddpg_afd,52,routing_persistent_hotspot_cluster3,final,43,remaining,9,98404320,3,3,specimen_transfer:+1x0.1,621ab6528264b8c9,1,500231868.1935714,112927.07733076811,-0.0010514147579669952,0.003676820546388626,0.0008665703935548663,0.05536608025431633,0.5006568819909516,431.3333333333333,0.0643488868557487
gcn_residual_mdl2_network_ddpg_afd,52,routing_persistent_hotspot_cluster3,final,43,remaining,9,98404320,3,4,specimen_transfer:-1x0.1,2bfdf9ea373c3106,1,500211775.19408983,133020.0768123269,-0.026504751294851303,-0.021776515990495682,-0.002462501171976328,0.1446339190006256,0.5002041635650615,431.3333333333333,0.06510273855836958
gcn_residual_mdl2_network_ddpg_afd,52,routing_persistent_hotspot_cluster3,final,51,1,1,98405100,3,0,mdl2,496e260e1205b9c4,1,50179318.883116476,0.0,-0.015592768788337708,0.0,-0.0020896289497613907,0.05535736680030823,0.5066987289591206,45.0,0.06335668595796527
gcn_residual_mdl2_network_ddpg_afd,52,routing_persistent_hotspot_cluster3,final,51,1,1,98405100,3,1,specimen_transfer:+1x0.05,9d3ebdd7b1d8d8d1,1,48832238.51848211,1347080.3646343648,-0.015152566134929657,0.00044020265340805054,-0.0012026696931570768,0.02824893221259117,0.5066987289591206,43.0,0.06335668595796527
gcn_residual_mdl2_network_ddpg_afd,52,routing_persistent_hotspot_cluster3,final,51,1,1,98405100,3,2,specimen_transfer:-1x0.05,827441e4f29b69fc,1,49982078.4184821,197240.46463437378,-0.02024146355688572,-0.004648694768548012,-0.0029765877407044172,0.09246736764907837,0.5066987289591206,45.0,0.06335668595796527
gcn_residual_mdl2_network_ddpg_afd,52,routing_persistent_hotspot_cluster3,final,51,1,1,98405100,3,3,specimen_transfer:+1x0.1,3e2d95477e0988c5,1,47986211.09531778,2193107.7877986953,-0.013400353491306305,0.0021924152970314026,-0.0003157104947604239,0.05753263458609581,0.5066987289591206,42.0,0.06335668595796527
gcn_residual_mdl2_network_ddpg_afd,52,routing_persistent_hotspot_cluster3,final,51,1,1,98405100,3,4,specimen_transfer:-1x0.1,338d0d1467e994cc,1,49685890.895317785,493427.9877986908,-0.030789993703365326,-0.015197224915027618,-0.0038635472301393747,0.14246736466884613,0.5066987289591206,45.0,0.06335668595796527
gcn_residual_mdl2_network_ddpg_afd,52,routing_persistent_hotspot_cluster3,final,51,4,1,98405110,3,0,mdl2,496e260e1205b9c4,1,50179318.883116476,0.0,-0.015592768788337708,0.0,-0.0020896289497613907,0.05535736680030823,0.5066987289591206,45.0,0.06335668595796527
gcn_residual_mdl2_network_ddpg_afd,52,routing_persistent_hotspot_cluster3,final,51,4,1,98405110,3,1,specimen_transfer:+1x0.05,9d3ebdd7b1d8d8d1,1,48832238.51848211,1347080.3646343648,-0.015152566134929657,0.00044020265340805054,-0.0012026696931570768,0.02824893221259117,0.5066987289591206,43.0,0.06335668595796527
gcn_residual_mdl2_network_ddpg_afd,52,routing_persistent_hotspot_cluster3,final,51,4,1,98405110,3,2,specimen_transfer:-1x0.05,827441e4f29b69fc,1,49982078.4184821,197240.46463437378,-0.02024146355688572,-0.004648694768548012,-0.0029765877407044172,0.09246736764907837,0.5066987289591206,45.0,0.06335668595796527
gcn_residual_mdl2_network_ddpg_afd,52,routing_persistent_hotspot_cluster3,final,51,4,1,98405110,3,3,specimen_transfer:+1x0.1,3e2d95477e0988c5,1,47986211.09531778,2193107.7877986953,-0.013400353491306305,0.0021924152970314026,-0.0003157104947604239,0.05753263458609581,0.5066987289591206,42.0,0.06335668595796527
gcn_residual_mdl2_network_ddpg_afd,52,routing_persistent_hotspot_cluster3,final,51,4,1,98405110,3,4,specimen_transfer:-1x0.1,338d0d1467e994cc,1,49685890.895317785,493427.9877986908,-0.030789993703365326,-0.015197224915027618,-0.0038635472301393747,0.14246736466884613,0.5066987289591206,45.0,0.06335668595796527
gcn_residual_mdl2_network_ddpg_afd,52,routing_persistent_hotspot_cluster3,final,51,remaining,1,98405120,3,0,mdl2,496e260e1205b9c4,1,50179318.883116476,0.0,-0.015592768788337708,0.0,-0.0020896289497613907,0.05535736680030823,0.5066987289591206,45.0,0.06335668595796527
gcn_residual_mdl2_network_ddpg_afd,52,routing_persistent_hotspot_cluster3,final,51,remaining,1,98405120,3,1,specimen_transfer:+1x0.05,9d3ebdd7b1d8d8d1,1,48832238.51848211,1347080.3646343648,-0.015152566134929657,0.00044020265340805054,-0.0012026696931570768,0.02824893221259117,0.5066987289591206,43.0,0.06335668595796527
gcn_residual_mdl2_network_ddpg_afd,52,routing_persistent_hotspot_cluster3,final,51,remaining,1,98405120,3,2,specimen_transfer:-1x0.05,827441e4f29b69fc,1,49982078.4184821,197240.46463437378,-0.02024146355688572,-0.004648694768548012,-0.0029765877407044172,0.09246736764907837,0.5066987289591206,45.0,0.06335668595796527
gcn_residual_mdl2_network_ddpg_afd,52,routing_persistent_hotspot_cluster3,final,51,remaining,1,98405120,3,3,specimen_transfer:+1x0.1,3e2d95477e0988c5,1,47986211.09531778,2193107.7877986953,-0.013400353491306305,0.0021924152970314026,-0.0003157104947604239,0.05753263458609581,0.5066987289591206,42.0,0.06335668595796527
gcn_residual_mdl2_network_ddpg_afd,52,routing_persistent_hotspot_cluster3,final,51,remaining,1,98405120,3,4,specimen_transfer:-1x0.1,338d0d1467e994cc,1,49685890.895317785,493427.9877986908,-0.030789993703365326,-0.015197224915027618,-0.0038635472301393747,0.14246736466884613,0.5066987289591206,45.0,0.06335668595796527
