training_seed,scenario,built_scenario,step,configured_horizon,horizon,candidate_index,candidate_label,candidate_group,candidate_epsilon,candidate_sign,input_action_delta_l2,execution_delta_l2,execution_survived,anchor_execution_id,execution_id,discovery_total_cost,discovery_cost_advantage,discovery_completion_service_level,discovery_patients_lost,discovery_patient_ineligibility_during_manufacturing_rate,discovery_clinical_noninferior,validation_total_cost,validation_cost_advantage,validation_completion_service_level,validation_patients_lost,validation_patient_ineligibility_during_manufacturing_rate,validation_clinical_noninferior
60,routing_persistent_hotspot_cluster1,routing_persistent_hotspot_cluster1,0,remaining,52,0,mdl2,anchor,0.0,0.0,0.0,0.0,True,,10c8e4d06a1bcb47,2051498775.393576,0.0,0.5469658011653483,1774.6666666666667,0.0606451503103645,True,2052180667.6396096,0.0,0.5486678774684299,1772.8,0.059641752085273524,True
60,routing_persistent_hotspot_cluster1,routing_persistent_hotspot_cluster1,0,remaining,52,1,specimen_transfer:+1x0.05,specimen_transfer,0.05,1.0,0.18741388618946075,0.0,False,b393978842a0fa3d,b393978842a0fa3d,2051498775.393576,0.0,0.5469658011653483,1774.6666666666667,0.0606451503103645,True,2052180667.6396096,0.0,0.5486678774684299,1772.8,0.059641752085273524,True
60,routing_persistent_hotspot_cluster1,routing_persistent_hotspot_cluster1,0,remaining,52,2,specimen_transfer:-1x0.05,specimen_transfer,0.05,-1.0,0.18741388618946075,0.0,False,b393978842a0fa3d,b393978842a0fa3d,2051498775.393576,0.0,0.5469658011653483,1774.6666666666667,0.0606451503103645,True,2052180667.6396096,0.0,0.5486678774684299,1772.8,0.059641752085273524,True
60,routing_persistent_hotspot_cluster1,routing_persistent_hotspot_cluster1,0,remaining,52,3,specimen_transfer:+1x0.1,specimen_transfer,0.1,1.0,0.3748277723789215,0.0,False,b393978842a0fa3d,b393978842a0fa3d,2051498775.393576,0.0,0.5469658011653483,1774.6666666666667,0.0606451503103645,True,2052180667.6396096,0.0,0.5486678774684299,1772.8,0.059641752085273524,True
60,routing_persistent_hotspot_cluster1,routing_persistent_hotspot_cluster1,0,remaining,52,4,specimen_transfer:-1x0.1,specimen_transfer,0.1,-1.0,0.3748277723789215,0.0,False,b393978842a0fa3d,b393978842a0fa3d,2051498775.393576,0.0,0.5469658011653483,1774.6666666666667,0.0606451503103645,True,2052180667.6396096,0.0,0.5486678774684299,1772.8,0.059641752085273524,True
60,routing_persistent_hotspot_cluster1,routing_persistent_hotspot_cluster1,0,remaining,52,5,reagent_transfer:+1x0.05,reagent_transfer,0.05,1.0,0.17439380288124084,10.716233416711093,True,b393978842a0fa3d,a5da81d477bafd57,2051670603.5664504,-171828.17287445068,0.5469658011653483,1774.6666666666667,0.0606451503103645,True,2052164474.8274472,16192.812162399292,0.5486678774684299,1772.8,0.059641752085273524,True
60,routing_persistent_hotspot_cluster1,routing_persistent_hotspot_cluster1,0,remaining,52,6,reagent_transfer:-1x0.05,reagent_transfer,0.05,-1.0,0.17439380288124084,10.716233416711093,True,b393978842a0fa3d,3c07c19ce6c59515,2051509141.2400024,-10365.846426486969,0.5469658011653483,1774.6666666666667,0.0606451503103645,True,2051872304.1205242,308363.51908540726,0.5487446234392664,1772.2,0.05951508964068834,True
60,routing_persistent_hotspot_cluster1,routing_persistent_hotspot_cluster1,0,remaining,52,7,reagent_transfer:+1x0.1,reagent_transfer,0.1,1.0,0.3487876057624817,21.432466833422186,True,b393978842a0fa3d,3b882aecb8cd278e,2051803617.285988,-304841.89241218567,0.5469658011653483,1774.6666666666667,0.0606451503103645,True,2052153125.6000466,27542.039562940598,0.5486678774684299,1772.8,0.059641752085273524,True
60,routing_persistent_hotspot_cluster1,routing_persistent_hotspot_cluster1,0,remaining,52,8,reagent_transfer:-1x0.1,reagent_transfer,0.1,-1.0,0.3487876057624817,21.432466833422186,True,b393978842a0fa3d,960d755be935a9f4,2051261406.9602902,237368.4332857132,0.5469658011653483,1775.0,0.0606451503103645,False,2051825081.9264686,355585.7131409645,0.5487446234392664,1772.2,0.05951508964068834,True
60,routing_persistent_hotspot_cluster1,routing_persistent_hotspot_cluster1,0,remaining,52,9,combined_transfer:+1x0.05,combined_transfer,0.05,1.0,0.20624029636383057,10.924061950848674,True,3fb30162649d61d5,ba2f891ae1b146cc,2112797278.3795555,-61298502.98597956,0.5328613136052524,1846.3333333333333,0.06452751127709473,False,2111833743.3747597,-59653075.7351501,0.5341985107943007,1843.0,0.06424217430283585,False
60,routing_persistent_hotspot_cluster1,routing_persistent_hotspot_cluster1,0,remaining,52,10,combined_transfer:-1x0.05,combined_transfer,0.05,-1.0,0.2161933034658432,10.946614211012047,True,3fb30162649d61d5,311f9c65c697388a,2072315285.1496422,-20816509.756066322,0.5363927108605345,1832.0,0.06330836709415427,False,2079267100.078595,-27086432.438985348,0.537316706253735,1835.2,0.06284828137718926,False
60,routing_persistent_hotspot_cluster1,routing_persistent_hotspot_cluster1,0,remaining,52,11,combined_transfer:+1x0.1,combined_transfer,0.1,1.0,0.41248059272766113,21.84812404970277,True,3fb30162649d61d5,143e8877d1fb66f2,2128204189.0585935,-76705413.6650176,0.5300034169036213,1858.3333333333333,0.06365926885986221,False,2128731249.6507173,-76550582.01110768,0.5306968762066958,1860.2,0.06407331433594679,False
60,routing_persistent_hotspot_cluster1,routing_persistent_hotspot_cluster1,0,remaining,52,12,combined_transfer:-1x0.1,combined_transfer,0.1,-1.0,0.4323866367340088,21.893228419285563,True,3fb30162649d61d5,211b281254795d01,2010115252.1533759,41383523.24020004,0.5492138242524405,1774.0,0.06042160203979701,True,2014299044.035508,37881623.60410166,0.5526244370067099,1768.2,0.059854715934158684,False
60,routing_persistent_hotspot_cluster1,routing_persistent_hotspot_cluster1,6,remaining,46,0,mdl2,anchor,0.0,0.0,0.0,0.0,True,,7bb4fc6af0caca90,1990509942.2525854,0.0,0.5508202563551216,1751.3333333333333,0.058092172990864305,True,2059381862.004623,0.0,0.540395564507195,1820.0,0.06083151736309893,True
60,routing_persistent_hotspot_cluster1,routing_persistent_hotspot_cluster1,6,remaining,46,1,specimen_transfer:+1x0.05,specimen_transfer,0.05,1.0,0.09752208739519119,6.6332495807108,True,97fe14e90b31d791,6fef77281a85a776,1988452396.90954,2057545.343045473,0.5512049745634502,1748.0,0.05665754511037082,True,2059184397.565599,197464.43902397156,0.5409281871519944,1816.6,0.05987664672464841,True
60,routing_persistent_hotspot_cluster1,routing_persistent_hotspot_cluster1,6,remaining,46,2,specimen_transfer:-1x0.05,specimen_transfer,0.05,-1.0,0.09752208739519119,8.717797887081348,True,97fe14e90b31d791,44907e10ebf62a31,1982426244.3361588,8083697.916426659,0.5536785046928857,1733.6666666666667,0.056000496949838774,True,2059491155.2342155,-109293.22959256172,0.5399404609967468,1821.4,0.060833422891356924,False
60,routing_persistent_hotspot_cluster1,routing_persistent_hotspot_cluster1,6,remaining,46,3,specimen_transfer:+1x0.1,specimen_transfer,0.1,1.0,0.19504417479038239,9.055385138137417,True,97fe14e90b31d791,ecc48195c345a202,1986462417.9893963,4047524.2631890774,0.5520961736074557,1742.3333333333333,0.055063668923570765,True,2058962823.221435,419038.7831878662,0.5407688175930125,1817.4,0.060442912549127294,True
60,routing_persistent_hotspot_cluster1,routing_persistent_hotspot_cluster1,6,remaining,46,4,specimen_transfer:-1x0.1,specimen_transfer,0.1,-1.0,0.19504417479038239,10.583005244258363,True,97fe14e90b31d791,8c85e6af2653b95d,1983823477.427018,6686464.825567484,0.5526942038854438,1738.3333333333333,0.05608682108115646,True,2060817128.4391491,-1435266.434526205,0.539409644310971,1823.8,0.06145968880929113,False
60,routing_persistent_hotspot_cluster1,routing_persistent_hotspot_cluster1,6,remaining,46,5,reagent_transfer:+1x0.05,reagent_transfer,0.05,1.0,0.16094133257865906,12.874391671925379,True,ef83ff6c1cb00c6f,c698962ac22b5331,1990309990.828909,199951.42367649078,0.5508202563551216,1751.3333333333333,0.058092172990864305,True,2059420955.3733125,-39093.36868953705,0.5403571029687333,1820.2,0.06083151736309893,False
60,routing_persistent_hotspot_cluster1,routing_persistent_hotspot_cluster1,6,remaining,46,6,reagent_transfer:-1x0.05,reagent_transfer,0.05,-1.0,0.16094133257865906,9.349135463878651,True,ef83ff6c1cb00c6f,593897999225190b,1990980473.6227686,-470531.37018322945,0.5508202563551216,1751.3333333333333,0.058092172990864305,True,2058570426.5093522,811435.4952707291,0.5405878721995026,1819.2,0.06057084797856764,True
60,routing_persistent_hotspot_cluster1,routing_persistent_hotspot_cluster1,6,remaining,46,7,reagent_transfer:+1x0.1,reagent_transfer,0.1,1.0,0.3218826651573181,20.85320904350174,True,ef83ff6c1cb00c6f,f7e6d7f5ea15a52c,1990314574.3144982,195367.93808722496,0.5508202563551216,1751.3333333333333,0.058092172990864305,True,2059489628.4241529,-107766.41952991486,0.5403571029687333,1820.2,0.06083151736309893,False
60,routing_persistent_hotspot_cluster1,routing_persistent_hotspot_cluster1,6,remaining,46,8,reagent_transfer:-1x0.1,reagent_transfer,0.1,-1.0,0.3218826651573181,15.276772996346669,True,ef83ff6c1cb00c6f,ebdb6cc3c3cbaafe,1991091612.0077133,-581669.7551279068,0.5508202563551216,1751.3333333333333,0.058092172990864305,True,2058990910.837598,390951.16702485085,0.540549410661041,1819.6,0.06063417920086023,True
60,routing_persistent_hotspot_cluster1,routing_persistent_hotspot_cluster1,6,remaining,46,9,combined_transfer:+1x0.05,combined_transfer,0.05,1.0,0.19073408842086792,12.968207665398227,True,99febbcd461ac1b8,538b3b152e31dd45,1995917122.8752632,-5407180.622677803,0.5488536323230498,1758.0,0.05856464006460493,False,2069194808.6148796,-9812946.610256672,0.5378903767798179,1832.0,0.061293100602455866,False
60,routing_persistent_hotspot_cluster1,routing_persistent_hotspot_cluster1,6,remaining,46,10,combined_transfer:-1x0.05,combined_transfer,0.05,-1.0,0.19073408842086792,9.52895620349364,True,99febbcd461ac1b8,f4a29ac642e45ea9,2048864719.9903736,-58354777.7377882,0.5308197205515942,1851.6666666666667,0.062399687577944646,False,2130832201.0691142,-71450339.06449127,0.5166076689778236,1948.8,0.06784891618863598,False
60,routing_persistent_hotspot_cluster1,routing_persistent_hotspot_cluster1,6,remaining,46,11,combined_transfer:+1x0.1,combined_transfer,0.1,1.0,0.38146817684173584,21.084452180785558,True,99febbcd461ac1b8,f1b74013a1d193f8,2014110738.1935024,-23600795.940917015,0.5460064072748629,1768.3333333333333,0.05865090852558256,False,2081936142.581906,-22554280.577283144,0.5365215062634471,1834.4,0.0610900155522814,False
60,routing_persistent_hotspot_cluster1,routing_persistent_hotspot_cluster1,6,remaining,46,12,combined_transfer:-1x0.1,combined_transfer,0.1,-1.0,0.38146817684173584,15.714912752112003,True,99febbcd461ac1b8,6a56284bec844b42,2062210977.1674824,-71701034.91489697,0.5261903416100857,1876.6666666666667,0.061877094093874145,False,2131571026.1113477,-72189164.10672474,0.5153489700110614,1953.0,0.06710053823147051,False
60,routing_persistent_hotspot_cluster1,routing_persistent_hotspot_cluster1,12,remaining,40,0,mdl2,anchor,0.0,0.0,0.0,0.0,True,,6701527525e4cb2b,1928516742.9515312,0.0,0.5353897204972645,1728.3333333333333,0.0662327667157649,True,1863778816.545116,0.0,0.5437954384249936,1672.4,0.06257312123843448,True
60,routing_persistent_hotspot_cluster1,routing_persistent_hotspot_cluster1,12,remaining,40,1,specimen_transfer:+1x0.05,specimen_transfer,0.05,1.0,0.1538003534078598,10.099504938362077,True,7c2cd7f6ddb91f11,3019742ee4203d19,1929230479.1448963,-713736.193365097,0.5358925143999617,1728.0,0.06502653678680852,True,1864256161.5381272,-477344.9930112362,0.5442939329699017,1670.0,0.0619870553105501,True
60,routing_persistent_hotspot_cluster1,routing_persistent_hotspot_cluster1,12,remaining,40,2,specimen_transfer:-1x0.05,specimen_transfer,0.05,-1.0,0.1538003534078598,12.0,True,7c2cd7f6ddb91f11,f268f3feff31cde8,1927319845.1288128,1196897.8227183819,0.5344490831303716,1731.6666666666667,0.0652973473085439,False,1860516434.0847306,3262382.4603853226,0.5432577194006154,1672.6,0.061570028220289987,False
60,routing_persistent_hotspot_cluster1,routing_persistent_hotspot_cluster1,12,remaining,40,3,specimen_transfer:+1x0.1,specimen_transfer,0.1,1.0,0.3076007068157196,16.61324772583615,True,7c2cd7f6ddb91f11,7bed29e3632ae629,1930102038.706454,-1585295.7549228668,0.5355792410306454,1730.0,0.06534947067700468,False,1865704031.7749214,-1925215.2298054695,0.5438711656283376,1670.6,0.06263755759739348,False
60,routing_persistent_hotspot_cluster1,routing_persistent_hotspot_cluster1,12,remaining,40,4,specimen_transfer:-1x0.1,specimen_transfer,0.1,-1.0,0.3076007068157196,18.65475810617763,True,7c2cd7f6ddb91f11,3e66b1428eb8e855,1930255511.1553001,-1738768.2037689686,0.5335683980622447,1735.0,0.0659648576457539,False,1862893980.4326377,884836.1124782562,0.5427680892232435,1676.0,0.06240155426435582,False
60,routing_persistent_hotspot_cluster1,routing_persistent_hotspot_cluster1,12,remaining,40,5,reagent_transfer:+1x0.05,reagent_transfer,0.05,1.0,0.17464011907577515,10.24187485438419,True,a176ab5a303108c5,f56892b1e18c0ae6,1928505053.9912136,11688.960317611694,0.5353897204972645,1728.3333333333333,0.0662327667157649,True,1863761400.9602447,17415.584871292114,0.5437954384249936,1672.4,0.06257312123843448,True
60,routing_persistent_hotspot_cluster1,routing_persistent_hotspot_cluster1,12,remaining,40,6,reagent_transfer:-1x0.05,reagent_transfer,0.05,-1.0,0.17464011907577515,10.34878744585906,True,a176ab5a303108c5,21a5a974553b97d5,1928743694.8842287,-226951.93269753456,0.5353897204972645,1728.6666666666667,0.0662327667157649,False,1863839152.762345,-60336.217229127884,0.5437954384249936,1672.4,0.06257312123843448,True
60,routing_persistent_hotspot_cluster1,routing_persistent_hotspot_cluster1,12,remaining,40,7,reagent_transfer:+1x0.1,reagent_transfer,0.1,1.0,0.3492802381515503,20.483750297453625,True,a176ab5a303108c5,c60c5bdd0c244212,1928746143.4988863,-229400.54735517502,0.5353897204972645,1728.6666666666667,0.0662327667157649,False,1863747626.579681,31189.965435028076,0.5437954384249936,1672.4,0.06257312123843448,True
60,routing_persistent_hotspot_cluster1,routing_persistent_hotspot_cluster1,12,remaining,40,8,reagent_transfer:-1x0.1,reagent_transfer,0.1,-1.0,0.3492802381515503,20.141398060296492,True,a176ab5a303108c5,bfe77d539c16c2aa,1928488113.6316721,28629.319859027863,0.5353897204972645,1728.3333333333333,0.0662327667157649,True,1863817732.238742,-38915.69362616539,0.5437954384249936,1672.4,0.06257312123843448,True
60,routing_persistent_hotspot_cluster1,routing_persistent_hotspot_cluster1,12,remaining,40,9,combined_transfer:+1x0.05,combined_transfer,0.05,1.0,0.22861617803573608,10.580559715039225,True,168867ca01d60e2e,4406941a971673dd,1954329204.7259333,-25812461.77440214,0.5302418109807413,1747.3333333333333,0.06651025190874811,False,1882901112.0653896,-19122295.520273685,0.538831572045482,1694.6,0.06463795977354334,False
60,routing_persistent_hotspot_cluster1,routing_persistent_hotspot_cluster1,12,remaining,40,10,combined_transfer:-1x0.05,combined_transfer,0.05,-1.0,0.22861617803573608,10.684083711205545,True,168867ca01d60e2e,525f0be738eec999,1966896640.1124651,-38379897.16093397,0.5206923572017107,1812.6666666666667,0.06956503879661483,False,1918522753.5456138,-54743937.00049782,0.5252181795751866,1774.6,0.0697325101060584,False
60,routing_persistent_hotspot_cluster1,routing_persistent_hotspot_cluster1,12,remaining,40,11,combined_transfer:+1x0.1,combined_transfer,0.1,1.0,0.45723235607147217,21.066051042081718,True,168867ca01d60e2e,b3adce4ea0df9eb3,1948880476.0503447,-20363733.098813534,0.5354577879973733,1715.6666666666667,0.06246081452363684,True,1878782003.6383889,-15003187.093272924,0.5426154563346091,1664.6,0.06127306960492825,False
60,routing_persistent_hotspot_cluster1,routing_persistent_hotspot_cluster1,12,remaining,40,12,combined_transfer:-1x0.1,combined_transfer,0.1,-1.0,0.45723235607147217,20.776099510331363,True,168867ca01d60e2e,0a7bf3d8414f8e6c,1954887793.4746704,-26371050.52313924,0.5208834118238065,1825.3333333333333,0.0685893698012434,False,1904622343.2865875,-40843526.74147153,0.5270079718813637,1772.0,0.0666162467064115,False
60,routing_persistent_hotspot_cluster1,routing_persistent_hotspot_cluster1,18,remaining,34,0,mdl2,anchor,0.0,0.0,0.0,0.0,True,,b837efddc9696f60,1668677163.0333683,0.0,0.5383699547917579,1513.0,0.06409792152387118,True,1641857273.866343,0.0,0.541716387022245,1474.8,0.06049056412085414,True
60,routing_persistent_hotspot_cluster1,routing_persistent_hotspot_cluster1,18,remaining,34,1,specimen_transfer:+1x0.05,specimen_transfer,0.05,1.0,0.13592661917209625,7.3484692283495345,True,b393978842a0fa3d,3b39a689a0332181,1665845048.626648,2832114.4067204,0.539310833456253,1507.6666666666667,0.06274529104444572,True,1637391347.8848662,4465925.981476784,0.5431141299102927,1467.4,0.05818457908126997,True
60,routing_persistent_hotspot_cluster1,routing_persistent_hotspot_cluster1,18,remaining,34,2,specimen_transfer:-1x0.05,specimen_transfer,0.05,-1.0,0.13592661917209625,7.3484692283495345,True,b393978842a0fa3d,82ca678bcbc0baf4,1667724109.4177234,953053.6156449318,0.537298353849883,1514.3333333333333,0.0661574463083117,False,1643368322.8537126,-1511048.9873695374,0.540731240191606,1480.4,0.062121722242119634,False
60,routing_persistent_hotspot_cluster1,routing_persistent_hotspot_cluster1,18,remaining,34,3,specimen_transfer:+1x0.1,specimen_transfer,0.1,1.0,0.2718532383441925,13.490737563232042,True,b393978842a0fa3d,33b9fe4b54955540,1666341447.8929398,2335715.140428543,0.539625902524746,1506.0,0.06232589882667819,True,1636219916.86564,5637357.000703096,0.5436445409475282,1464.8,0.05778491793884701,True
60,routing_persistent_hotspot_cluster1,routing_persistent_hotspot_cluster1,18,remaining,34,4,specimen_transfer:-1x0.1,specimen_transfer,0.1,-1.0,0.2718532383441925,13.490737563232042,True,b393978842a0fa3d,c60f63e662d2ac31,1666545118.2891443,2132044.7442240715,0.5362958455769818,1520.3333333333333,0.06653896079845088,False,1643445327.3251796,-1588053.4588365555,0.539822037186758,1484.4,0.06247559589854693,False
60,routing_persistent_hotspot_cluster1,routing_persistent_hotspot_cluster1,18,remaining,34,5,reagent_transfer:+1x0.05,reagent_transfer,0.05,1.0,0.15950439870357513,9.334555120143218,True,0c0c2da8509f9a7c,5489f1a896805448,1668672776.6716528,4386.361715555191,0.5383699547917579,1513.0,0.06409792152387118,True,1641867885.613768,-10611.747425079346,0.541716387022245,1474.8,0.06049056412085414,True
60,routing_persistent_hotspot_cluster1,routing_persistent_hotspot_cluster1,18,remaining,34,6,reagent_transfer:-1x0.05,reagent_transfer,0.05,-1.0,0.15950439870357513,10.64145847119841,True,0c0c2da8509f9a7c,65b178fd4007328c,1668695668.7385747,-18505.705206394196,0.5383699547917579,1513.0,0.06409792152387118,True,1641890421.9613557,-33148.095012664795,0.541716387022245,1474.8,0.06049056412085414,True
60,routing_persistent_hotspot_cluster1,routing_persistent_hotspot_cluster1,18,remaining,34,7,reagent_transfer:+1x0.1,reagent_transfer,0.1,1.0,0.3190087676048279,18.309952875624784,True,0c0c2da8509f9a7c,f0326972c40118f1,1668670838.8084104,6324.224957942963,0.5383699547917579,1513.0,0.06409792152387118,True,1641866353.2648215,-9079.398478507996,0.541716387022245,1474.8,0.06049056412085414,True
60,routing_persistent_hotspot_cluster1,routing_persistent_hotspot_cluster1,18,remaining,34,8,reagent_transfer:-1x0.1,reagent_transfer,0.1,-1.0,0.31900879740715027,16.95721386474441,True,0c0c2da8509f9a7c,c1a0dcc8efd1fee9,1668701196.4322243,-24033.398855924606,0.5383699547917579,1513.0,0.06409792152387118,True,1641878209.0917304,-20935.225387334824,0.541716387022245,1474.8,0.06049056412085414,True
60,routing_persistent_hotspot_cluster1,routing_persistent_hotspot_cluster1,18,remaining,34,9,combined_transfer:+1x0.05,combined_transfer,0.05,1.0,0.21009784936904907,9.653628509583852,True,86cd49a6009dcbf7,3e75300e3082adb4,1702066852.3153007,-33389689.281932354,0.5308946962489821,1540.0,0.06597131230190699,False,1670887895.2352345,-29030621.368891478,0.5347671555007161,1501.2,0.06213772949647424,False
60,routing_persistent_hotspot_cluster1,routing_persistent_hotspot_cluster1,18,remaining,34,10,combined_transfer:-1x0.05,combined_transfer,0.05,-1.0,0.21009784936904907,10.922420176146794,True,86cd49a6009dcbf7,c2101dc429b15960,1711894758.0077095,-43217594.974341154,0.5230859936011248,1597.0,0.06789427824471579,False,1686113129.2372403,-44255855.37089729,0.5259412806309192,1562.4,0.06521224879968443,False
60,routing_persistent_hotspot_cluster1,routing_persistent_hotspot_cluster1,18,remaining,34,11,combined_transfer:+1x0.1,combined_transfer,0.1,1.0,0.42019569873809814,18.960191738161114,True,86cd49a6009dcbf7,d062ad5435e6168b,1714809565.720544,-46132402.68717575,0.5299992170971662,1534.6666666666667,0.06494409730798983,False,1685748340.9810586,-43891067.114715576,0.5332931429192102,1495.2,0.060443617039844924,False
60,routing_persistent_hotspot_cluster1,routing_persistent_hotspot_cluster1,18,remaining,34,12,combined_transfer:-1x0.1,combined_transfer,0.1,-1.0,0.42019569873809814,17.657338375160418,True,86cd49a6009dcbf7,6aaee0cda2998c13,1706316313.1830623,-37639150.149693966,0.5229032729123247,1598.6666666666667,0.06856052518197712,False,1682022848.5033054,-40165574.636962414,0.5262769770084459,1566.2,0.06584228754910254,False
60,routing_persistent_hotspot_cluster1,routing_persistent_hotspot_cluster1,25,remaining,27,0,mdl2,anchor,0.0,0.0,0.0,0.0,True,,8f406fce8c9d25fd,1312070329.3891356,0.0,0.5400549841748484,1171.0,0.05739272508697927,True,1306805562.4643183,0.0,0.5428102627452287,1165.8,0.0564054192327188,True
60,routing_persistent_hotspot_cluster1,routing_persistent_hotspot_cluster1,25,remaining,27,1,specimen_transfer:+1x0.05,specimen_transfer,0.05,1.0,0.14252926409244537,9.16515138991168,True,0bc396202cdbb792,00f1dc53f00fcef0,1312000118.3423274,70211.0468082428,0.5402431176711865,1167.6666666666667,0.05727349590964509,True,1307522668.698976,-717106.2346577644,0.542921135629227,1167.0,0.05672100336092557,False
60,routing_persistent_hotspot_cluster1,routing_persistent_hotspot_cluster1,25,remaining,27,2,specimen_transfer:-1x0.05,specimen_transfer,0.05,-1.0,0.14252926409244537,8.48528137423857,True,0bc396202cdbb792,ad88c354d1a46e41,1315011106.656903,-2940777.2677674294,0.5389231916747935,1175.3333333333333,0.058500487317197626,False,1310845651.227294,-4040088.7629756927,0.5409900207801341,1173.8,0.057859702685824965,False
60,routing_persistent_hotspot_cluster1,routing_persistent_hotspot_cluster1,25,remaining,27,3,specimen_transfer:+1x0.1,specimen_transfer,0.1,1.0,0.28505852818489075,15.937377450509228,True,0bc396202cdbb792,c7eb92fd77fd4c50,1313555986.902445,-1485657.5133094788,0.5398656873088334,1169.3333333333333,0.05828359854729217,False,1308515987.1973197,-1710424.7330014706,0.5423147796585726,1168.6,0.05744648101985626,False
60,routing_persistent_hotspot_cluster1,routing_persistent_hotspot_cluster1,25,remaining,27,4,specimen_transfer:-1x0.1,specimen_transfer,0.1,-1.0,0.28505852818489075,14.7648230602334,True,0bc396202cdbb792,4b53d4ffc9574950,1320104160.1826515,-8033830.793515921,0.5369125564815979,1183.6666666666667,0.05943893040723595,False,1315209594.8077292,-8404032.343410969,0.5389129391155333,1185.6,0.058585092012130045,False
60,routing_persistent_hotspot_cluster1,routing_persistent_hotspot_cluster1,25,remaining,27,5,reagent_transfer:+1x0.05,reagent_transfer,0.05,1.0,0.12621143460273743,3.748729072150708,True,9c16a16d8e910b25,421d10697cbdec29,1312029229.043617,41100.34551858902,0.5400549841748484,1170.6666666666667,0.057380483052742313,True,1306781495.0491347,24067.41518354416,0.5428102627452287,1165.8,0.0564054192327188,True
60,routing_persistent_hotspot_cluster1,routing_persistent_hotspot_cluster1,25,remaining,27,6,reagent_transfer:-1x0.05,reagent_transfer,0.05,-1.0,0.12621144950389862,5.244047020950239,True,9c16a16d8e910b25,3711f6cd13812df8,1312053668.2112741,16661.177861452103,0.5400549841748484,1170.6666666666667,0.05738697803082526,True,1306831363.895256,-25801.43093776703,0.5428102627452287,1165.8,0.0564054192327188,True
60,routing_persistent_hotspot_cluster1,routing_persistent_hotspot_cluster1,25,remaining,27,7,reagent_transfer:+1x0.1,reagent_transfer,0.1,1.0,0.25242286920547485,7.086033874378739,True,9c16a16d8e910b25,8c60d6616cc8e9b5,1312303878.0152798,-233548.62614417076,0.5399921622122904,1171.0,0.05739272508697927,False,1306774721.956078,30840.50824022293,0.5428102627452287,1165.8,0.056408932026133805,False
60,routing_persistent_hotspot_cluster1,routing_persistent_hotspot_cluster1,25,remaining,27,8,reagent_transfer:-1x0.1,reagent_transfer,0.1,-1.0,0.25242286920547485,8.925968452831858,True,9c16a16d8e910b25,bd2dbdd5b0868f7d,1312246052.6833856,-175723.29425001144,0.5401178061374066,1171.0,0.05738123461204855,True,1306844934.8918185,-39372.427500247955,0.5428102627452287,1165.8,0.0564054192327188,True
60,routing_persistent_hotspot_cluster1,routing_persistent_hotspot_cluster1,25,remaining,27,9,combined_transfer:+1x0.05,combined_transfer,0.05,1.0,0.18964923918247223,4.532672811127763,True,c1472ae01b9a5249,0e950df638b3bb1e,1320124379.1703148,-8054049.78117919,0.5380430194163076,1182.6666666666667,0.05799478676795803,False,1318583597.3446467,-11778034.880328417,0.5394456858082629,1182.2,0.05806776982523565,False
60,routing_persistent_hotspot_cluster1,routing_persistent_hotspot_cluster1,25,remaining,27,10,combined_transfer:-1x0.05,combined_transfer,0.05,-1.0,0.18964923918247223,5.7348814602165366,True,c1472ae01b9a5249,b6b5cea4e1c4eff8,1330437487.9050894,-18367158.51595378,0.5353396806782911,1207.6666666666667,0.06058061050298005,False,1324348054.31539,-17542491.851071835,0.537098180431373,1198.0,0.060794356113344786,False
60,routing_persistent_hotspot_cluster1,routing_persistent_hotspot_cluster1,25,remaining,27,11,combined_transfer:+1x0.1,combined_transfer,0.1,1.0,0.37929847836494446,8.72814348497083,True,c1472ae01b9a5249,8937d1ca34d12bea,1326033939.033745,-13963609.644609451,0.5382323162823225,1164.6666666666667,0.05697857288641783,False,1325811745.039493,-19006182.57517481,0.539141347761442,1171.8,0.05760936517381825,False
60,routing_persistent_hotspot_cluster1,routing_persistent_hotspot_cluster1,25,remaining,27,12,combined_transfer:-1x0.1,combined_transfer,0.1,-1.0,0.37929847836494446,10.061225454195064,True,c1472ae01b9a5249,f7e2a0fd50387ac8,1341630159.2915227,-29559829.902387142,0.5310629675499634,1235.6666666666667,0.06062719959778783,False,1338199391.4027283,-31393828.938410044,0.5329711481806727,1227.0,0.06253032423208209,False
60,routing_persistent_hotspot_cluster1,routing_persistent_hotspot_cluster1,31,remaining,21,0,mdl2,anchor,0.0,0.0,0.0,0.0,True,,dc270d4a6f04d136,1028654099.0638369,0.0,0.5441805698283683,906.6666666666666,0.05717564166583065,True,1057775186.5185556,0.0,0.5388845488636443,938.2,0.06081077886352944,True
60,routing_persistent_hotspot_cluster1,routing_persistent_hotspot_cluster1,31,remaining,21,1,specimen_transfer:+1x0.05,specimen_transfer,0.05,1.0,0.1026439219713211,7.3484692283495345,True,b0899ec6a1c1162c,c5115a654688e1c6,1028324158.6967388,329940.36709809303,0.544307529772506,907.0,0.05728213325130776,False,1057989973.9320688,-214787.4135131836,0.5395263608201273,938.6,0.06034659468651401,False
60,routing_persistent_hotspot_cluster1,routing_persistent_hotspot_cluster1,31,remaining,21,2,specimen_transfer:-1x0.05,specimen_transfer,0.05,-1.0,0.1026439219713211,7.3484692283495345,True,b0899ec6a1c1162c,ddd9faf73f3025b0,1027533013.008761,1121086.0550758839,0.5440582268344997,908.6666666666666,0.05717603424242631,False,1057303056.0484293,472130.47012639046,0.5388481834626548,943.2,0.06098255463613245,False
60,routing_persistent_hotspot_cluster1,routing_persistent_hotspot_cluster1,31,remaining,21,3,specimen_transfer:+1x0.1,specimen_transfer,0.1,1.0,0.2052878588438034,10.954451150103322,True,b0899ec6a1c1162c,381d9cfa1516ff1f,1028141285.0579904,512814.0058465004,0.5443713012156538,906.6666666666666,0.05707229053278365,True,1058342219.0063088,-567032.4877531528,0.5394508606313767,938.4,0.060472976992991104,False
60,routing_persistent_hotspot_cluster1,routing_persistent_hotspot_cluster1,31,remaining,21,4,specimen_transfer:-1x0.1,specimen_transfer,0.1,-1.0,0.2052878439426422,10.954451150103322,True,b0899ec6a1c1162c,086279cd343e9fb8,1024614976.0152887,4039123.0485482216,0.5441219982776474,906.3333333333334,0.056866956134672686,False,1055620046.0161072,2155140.5024484396,0.5389236836514054,943.2,0.06091901926844471,False
60,routing_persistent_hotspot_cluster1,routing_persistent_hotspot_cluster1,31,remaining,21,5,reagent_transfer:+1x0.05,reagent_transfer,0.05,1.0,0.10512528568506241,6.241709626734294,True,65a45ca2833bc5c0,cd7947ce8f74f470,1028583072.1051016,71026.9587353468,0.5441805698283683,906.6666666666666,0.05717564166583065,True,1057751696.3218905,23490.19666516781,0.5388845488636443,938.2,0.06081077886352944,True
60,routing_persistent_hotspot_cluster1,routing_persistent_hotspot_cluster1,31,remaining,21,6,reagent_transfer:-1x0.05,reagent_transfer,0.05,-1.0,0.10512528568506241,6.588145267959713,True,65a45ca2833bc5c0,7a88d2af3f6cf4ae,1028777728.2663878,-123629.20255088806,0.5441805698283683,906.6666666666666,0.05717564166583065,True,1057835379.9488866,-60193.430330991745,0.5388845488636443,938.2,0.06081077886352944,True
60,routing_persistent_hotspot_cluster1,routing_persistent_hotspot_cluster1,31,remaining,21,7,reagent_transfer:+1x0.1,reagent_transfer,0.1,1.0,0.21025057137012482,12.483418753132382,True,65a45ca2833bc5c0,8f22d59eb7b271cd,1028287147.9945349,366951.06930208206,0.5441805698283683,906.3333333333334,0.05717564166583065,True,1057747856.0523875,27330.466168165207,0.5388845488636443,938.2,0.06081077886352944,True
60,routing_persistent_hotspot_cluster1,routing_persistent_hotspot_cluster1,31,remaining,21,8,reagent_transfer:-1x0.1,reagent_transfer,0.1,-1.0,0.210250586271286,12.483418753132382,True,65a45ca2833bc5c0,c158845e48b0dc41,1029072831.1861709,-418732.12233400345,0.5441805698283683,906.6666666666666,0.05717564166583065,True,1058053296.0886679,-278109.5701122284,0.5388845488636443,938.2,0.06081077886352944,True
60,routing_persistent_hotspot_cluster1,routing_persistent_hotspot_cluster1,31,remaining,21,9,combined_transfer:+1x0.05,combined_transfer,0.05,1.0,0.15585286915302277,6.564375764774976,True,5976641d240fb08d,3c39239aea449ba0,1036107538.5524632,-7453439.488626242,0.5421576926515098,913.6666666666666,0.05752960088499321,False,1065344782.0393108,-7569595.520755172,0.536472933080558,943.8,0.06102789445692387,False
60,routing_persistent_hotspot_cluster1,routing_persistent_hotspot_cluster1,31,remaining,21,10,combined_transfer:-1x0.05,combined_transfer,0.05,-1.0,0.15585286915302277,6.883124462984521,True,5976641d240fb08d,b0062128c1c431e0,1039441241.6620528,-10787142.598215818,0.5409583907995905,935.6666666666666,0.05728641298281197,False,1075201031.3556368,-17425844.837081194,0.5334996038668285,972.6,0.0625781644943497,False
60,routing_persistent_hotspot_cluster1,routing_persistent_hotspot_cluster1,31,remaining,21,11,combined_transfer:+1x0.1,combined_transfer,0.1,1.0,0.31170573830604553,13.128751053807337,True,5976641d240fb08d,c204d1b08db9f9bb,1038736398.8507771,-10082299.786940217,0.5424141512649773,904.3333333333334,0.05676869704014684,False,1069185686.8815349,-11410500.362979293,0.5364344162245291,937.2,0.06096294257882192,False
60,routing_persistent_hotspot_cluster1,routing_persistent_hotspot_cluster1,31,remaining,21,12,combined_transfer:-1x0.1,combined_transfer,0.1,-1.0,0.31170573830604553,13.04794467430079,True,5976641d240fb08d,5fda32e065326730,1042226015.2275944,-13571916.163757443,0.5396361630116445,948.6666666666666,0.05810317138270643,False,1079784484.3506458,-22009297.83209014,0.5318048495346949,986.8,0.06318840118200454,False
60,routing_persistent_hotspot_cluster1,routing_persistent_hotspot_cluster1,37,remaining,15,0,mdl2,anchor,0.0,0.0,0.0,0.0,True,,7f012d7dfbd7948e,757922467.0667664,0.0,0.543180985814666,675.3333333333334,0.06172425732814762,True,774340187.4287271,0.0,0.5402480077141204,690.2,0.06265748666063281,True
60,routing_persistent_hotspot_cluster1,routing_persistent_hotspot_cluster1,37,remaining,15,1,specimen_transfer:+1x0.05,specimen_transfer,0.05,1.0,0.11112358421087265,4.47213595499958,True,b393978842a0fa3d,3884fc251018748f,758375976.6001023,-453509.53333592415,0.5429906148214715,676.3333333333334,0.06204024642294776,False,774695232.9324344,-355045.5037072897,0.5400967076363057,691.2,0.06291425543722243,False
60,routing_persistent_hotspot_cluster1,routing_persistent_hotspot_cluster1,37,remaining,15,2,specimen_transfer:-1x0.05,specimen_transfer,0.05,-1.0,0.11112358421087265,4.47213595499958,True,b393978842a0fa3d,c6cd7c4f57e9518d,757627127.6677918,295339.39897453785,0.543055077168921,675.6666666666666,0.06200717543160419,False,774681213.1559213,-341025.72719419,0.5399827468620134,691.6,0.06325315081263469,False
60,routing_persistent_hotspot_cluster1,routing_persistent_hotspot_cluster1,37,remaining,15,3,specimen_transfer:+1x0.1,specimen_transfer,0.1,1.0,0.2222471684217453,7.745966692414834,True,b393978842a0fa3d,ed4e27e7f95e0e03,758704062.0651604,-781594.9983940125,0.5428640885578946,675.0,0.06225085033490462,False,775369415.2651566,-1029227.8364294767,0.5399074136375185,691.2,0.06323009153581718,False
60,routing_persistent_hotspot_cluster1,routing_persistent_hotspot_cluster1,37,remaining,15,4,specimen_transfer:-1x0.1,specimen_transfer,0.1,-1.0,0.2222471684217453,7.745966692414834,True,b393978842a0fa3d,272da55797e38fe7,756828896.6052028,1093570.4615635872,0.5430556227467472,676.6666666666666,0.062112427510332746,False,774634288.8174205,-294101.3886933327,0.5398314467841987,693.8,0.06363195873873084,False
60,routing_persistent_hotspot_cluster1,routing_persistent_hotspot_cluster1,37,remaining,15,5,reagent_transfer:+1x0.05,reagent_transfer,0.05,1.0,0.07289378345012665,5.698927205705698,True,d48e0cb971dd575d,f966d76c940e692e,757869809.0351435,52658.03162288666,0.543180985814666,675.3333333333334,0.06172425732814762,True,774350703.6980813,-10516.269354104996,0.5402480077141204,690.2,0.06265748666063281,True
60,routing_persistent_hotspot_cluster1,routing_persistent_hotspot_cluster1,37,remaining,15,6,reagent_transfer:-1x0.05,reagent_transfer,0.05,-1.0,0.07289378345012665,6.8462276197984195,True,d48e0cb971dd575d,eaa3868062a26152,758005655.6291775,-83188.56241106987,0.543180985814666,675.3333333333334,0.06172425732814762,True,774341403.915622,-1216.4868948459625,0.5402480077141204,690.2,0.06265748666063281,True
60,routing_persistent_hotspot_cluster1,routing_persistent_hotspot_cluster1,37,remaining,15,7,reagent_transfer:+1x0.1,reagent_transfer,0.1,1.0,0.1457875669002533,11.397854411411396,True,d48e0cb971dd575d,712fd45ec4da143c,757869927.7350489,52539.33171749115,0.543180985814666,675.3333333333334,0.06172425732814762,True,774357588.9144895,-17401.48576235771,0.5402480077141204,690.2,0.06265748666063281,True
60,routing_persistent_hotspot_cluster1,routing_persistent_hotspot_cluster1,37,remaining,15,8,reagent_transfer:-1x0.1,reagent_transfer,0.1,-1.0,0.1457875519990921,13.159535653418542,True,d48e0cb971dd575d,2bf63a3b4b52868e,758104972.390964,-182505.32419764996,0.543180985814666,675.3333333333334,0.06172425732814762,True,774328865.1730462,11322.255680918694,0.5402480077141204,690.2,0.06265748666063281,True
60,routing_persistent_hotspot_cluster1,routing_persistent_hotspot_cluster1,37,remaining,15,9,combined_transfer:+1x0.05,combined_transfer,0.05,1.0,0.12721693515777588,5.981626377915143,True,dba8dc6f3fc8f0c1,5c22c98f86f2bcb0,760265529.5821023,-2343062.5153359175,0.5429308772966607,676.6666666666666,0.061662017955469994,False,777393630.175493,-3053442.746765852,0.5397189904881234,691.6,0.06274892005162475,False
60,routing_persistent_hotspot_cluster1,routing_persistent_hotspot_cluster1,37,remaining,15,10,combined_transfer:-1x0.05,combined_transfer,0.05,-1.0,0.12721693515777588,7.074541891011235,True,dba8dc6f3fc8f0c1,ac51cab626c9e13b,768394168.2499795,-10471701.183213115,0.5403269135702158,697.6666666666666,0.06238883503317725,False,785222702.718137,-10882515.289409876,0.5370662479460706,712.4,0.06430118986698083,False
60,routing_persistent_hotspot_cluster1,routing_persistent_hotspot_cluster1,37,remaining,15,11,combined_transfer:+1x0.1,combined_transfer,0.1,1.0,0.25443387031555176,11.963252755830286,True,dba8dc6f3fc8f0c1,c7ad858edc301e31,764414169.085988,-6491702.0192216635,0.5418548944984337,676.3333333333334,0.06224141312674881,False,780438884.1899995,-6098696.761272311,0.5389228045457739,688.6,0.06252377699881556,False
60,routing_persistent_hotspot_cluster1,routing_persistent_hotspot_cluster1,37,remaining,15,12,combined_transfer:-1x0.1,combined_transfer,0.1,-1.0,0.25443387031555176,13.588619012388849,True,dba8dc6f3fc8f0c1,bda15fe0f7271ac0,769680666.2152799,-11758199.148513556,0.5400093266556066,702.0,0.062103913001588275,False,789619432.0499165,-15279244.621189356,0.5363090225827414,722.0,0.06407561150840207,False
60,routing_persistent_hotspot_cluster1,routing_persistent_hotspot_cluster1,43,remaining,9,0,mdl2,anchor,0.0,0.0,0.0,0.0,True,,ee5fff4612db3f2b,500766360.0843246,0.0,0.534673169228899,446.3333333333333,0.06163879246870727,True,494607243.00513923,0.0,0.5369132345944609,441.4,0.06249601074995688,True
60,routing_persistent_hotspot_cluster1,routing_persistent_hotspot_cluster1,43,remaining,9,1,specimen_transfer:+1x0.05,specimen_transfer,0.05,1.0,0.10569044202566147,4.47213595499958,True,b393978842a0fa3d,dc69c227b50c602d,501736412.74606776,-970052.6617431641,0.5342990100872115,447.6666666666667,0.06226990638476911,False,495543419.7858747,-936176.7807354927,0.5365001462866615,442.2,0.0631896988045291,False
60,routing_persistent_hotspot_cluster1,routing_persistent_hotspot_cluster1,43,remaining,9,2,specimen_transfer:-1x0.05,specimen_transfer,0.05,-1.0,0.10569044202566147,4.47213595499958,True,b393978842a0fa3d,f4f27585b0ed357c,501177367.662121,-411007.5777963996,0.534673169228899,449.6666666666667,0.06163879246870727,False,494432162.4383087,175080.56683051586,0.5369132345944609,443.0,0.062499967636988354,False
60,routing_persistent_hotspot_cluster1,routing_persistent_hotspot_cluster1,43,remaining,9,3,specimen_transfer:+1x0.1,specimen_transfer,0.1,1.0,0.21138088405132294,10.099504938362077,True,b393978842a0fa3d,3f5e1e17f399c25f,501856247.61290914,-1089887.52858454,0.5341119305163677,448.6666666666667,0.06258546334280003,False,495791557.8573788,-1184314.8522395492,0.5363122692972195,443.4,0.06350501698061724,False
60,routing_persistent_hotspot_cluster1,routing_persistent_hotspot_cluster1,43,remaining,9,4,specimen_transfer:-1x0.1,specimen_transfer,0.1,-1.0,0.21138088405132294,10.099504938362077,True,b393978842a0fa3d,5cac3a986a82171c,502121700.4382438,-1355340.353919208,0.5344860896580551,453.6666666666667,0.06195434942673819,False,495092628.32837296,-485385.32323372364,0.5367631814843126,446.8,0.06281122950677287,False
60,routing_persistent_hotspot_cluster1,routing_persistent_hotspot_cluster1,43,remaining,9,5,reagent_transfer:+1x0.05,reagent_transfer,0.05,1.0,0.0867244154214859,6.802897583179499,True,af7d4f6c9a2228ae,2aaa8a25dbd9aad8,500656969.46457475,109390.61974984407,0.534673169228899,446.3333333333333,0.06163879246870727,True,494584449.10286176,22793.902277469635,0.5369132345944609,441.4,0.06249601074995688,True
60,routing_persistent_hotspot_cluster1,routing_persistent_hotspot_cluster1,43,remaining,9,6,reagent_transfer:-1x0.05,reagent_transfer,0.05,-1.0,0.0867244154214859,6.580348832234024,True,af7d4f6c9a2228ae,4dcd407e590dac10,500793867.7512755,-27507.66695088148,0.534673169228899,446.3333333333333,0.06163879246870727,True,494647492.0986975,-40249.09355825186,0.5369132345944609,441.4,0.06249601074995688,True
60,routing_persistent_hotspot_cluster1,routing_persistent_hotspot_cluster1,43,remaining,9,7,reagent_transfer:+1x0.1,reagent_transfer,0.1,1.0,0.1734488308429718,13.605795311404426,True,af7d4f6c9a2228ae,797c01305ae78ab0,500562602.7417083,203757.34261631966,0.534673169228899,446.3333333333333,0.06163879246870727,True,494580320.10810614,26922.89703309536,0.5369132345944609,441.4,0.06249601074995688,True
60,routing_persistent_hotspot_cluster1,routing_persistent_hotspot_cluster1,43,remaining,9,8,reagent_transfer:-1x0.1,reagent_transfer,0.1,-1.0,0.1734488308429718,13.605795495490051,True,af7d4f6c9a2228ae,caf9e9685438c5f8,500921931.6881667,-155571.60384207964,0.534673169228899,446.3333333333333,0.06163879246870727,True,494781389.76952344,-174146.7643842101,0.5369132345944609,441.4,0.06249195444365326,True
60,routing_persistent_hotspot_cluster1,routing_persistent_hotspot_cluster1,43,remaining,9,9,combined_transfer:+1x0.05,combined_transfer,0.05,1.0,0.14398522675037384,7.1069516455424555,True,2213d21d3b38618b,c1c241c724d31b78,501217477.2014911,-451117.11716651917,0.5342990100872115,444.6666666666667,0.0616177987083494,False,496061969.2334933,-1454726.2283540964,0.5363129286458396,441.2,0.0627882248229936,False
60,routing_persistent_hotspot_cluster1,routing_persistent_hotspot_cluster1,43,remaining,9,10,combined_transfer:-1x0.05,combined_transfer,0.05,-1.0,0.14398522675037384,6.814042259740652,True,2213d21d3b38618b,6cdee1477607ae3b,505205502.9566035,-4439142.872278929,0.5339247691036076,455.6666666666667,0.06157745045680132,False,498376665.6608807,-3769422.655741453,0.5361250017971816,449.4,0.062464345009931053,False
60,routing_persistent_hotspot_cluster1,routing_persistent_hotspot_cluster1,43,remaining,9,11,combined_transfer:+1x0.1,combined_transfer,0.1,1.0,0.2879704535007477,14.213903429924915,True,2213d21d3b38618b,cf281a5b745b56aa,502454351.257587,-1687991.1732624173,0.5340497884767584,443.6666666666667,0.06207833845228028,False,497340153.8044257,-2732910.7992864847,0.5359747969393408,440.6,0.0630846879492934,False
60,routing_persistent_hotspot_cluster1,routing_persistent_hotspot_cluster1,43,remaining,9,12,combined_transfer:-1x0.1,combined_transfer,0.1,-1.0,0.2879704535007477,14.03311325347302,True,2213d21d3b38618b,89564d9a417b3491,508681665.86879367,-7915305.784469068,0.5335506099619202,462.6666666666667,0.061761047974922136,False,502762228.41243947,-8154985.407300234,0.5355234188821605,457.6,0.06280459739995312,False
60,routing_persistent_hotspot_cluster1,routing_persistent_hotspot_cluster1,51,remaining,1,0,mdl2,anchor,0.0,0.0,0.0,0.0,True,,a69071771407e42a,56329307.80247542,0.0,0.532984488880583,50.0,0.06330708661417322,True,56329307.80247543,0.0,0.532984488880583,50.0,0.06330708661417322,True
60,routing_persistent_hotspot_cluster1,routing_persistent_hotspot_cluster1,51,remaining,1,1,specimen_transfer:+1x0.05,specimen_transfer,0.05,1.0,0.09908930957317352,4.898979485566356,True,df1ac5646d91a74d,6173cc952b810f8d,54983012.22201795,1346295.5804574713,0.532984488880583,48.0,0.06330708661417322,True,54983012.22201796,1346295.5804574713,0.532984488880583,48.0,0.06330708661417322,True
60,routing_persistent_hotspot_cluster1,routing_persistent_hotspot_cluster1,51,remaining,1,2,specimen_transfer:-1x0.05,specimen_transfer,0.05,-1.0,0.09908930957317352,4.898979485566356,True,df1ac5646d91a74d,6a1134b6617bd5ee,56007531.922017954,321775.88045746833,0.532984488880583,50.0,0.06330708661417322,True,56007531.92201795,321775.88045748323,0.532984488880583,50.0,0.06330708661417322,True
60,routing_persistent_hotspot_cluster1,routing_persistent_hotspot_cluster1,51,remaining,1,3,specimen_transfer:+1x0.1,specimen_transfer,0.1,1.0,0.19817861914634705,8.12403840463596,True,df1ac5646d91a74d,e390d5ae979c55f6,56036071.204250775,293236.59822464734,0.532984488880583,50.0,0.06330708661417322,True,56036071.20425077,293236.59822466224,0.532984488880583,50.0,0.06330708661417322,True
60,routing_persistent_hotspot_cluster1,routing_persistent_hotspot_cluster1,51,remaining,1,4,specimen_transfer:-1x0.1,specimen_transfer,0.1,-1.0,0.19817861914634705,8.12403840463596,True,df1ac5646d91a74d,f91e7d15ea4088f8,55260590.90425077,1068716.8982246518,0.532984488880583,49.0,0.06330708661417322,True,55260590.90425076,1068716.8982246667,0.532984488880583,49.0,0.06330708661417322,True
60,routing_persistent_hotspot_cluster1,routing_persistent_hotspot_cluster1,51,remaining,1,5,reagent_transfer:+1x0.05,reagent_transfer,0.05,1.0,0.10078178346157074,9.076844265896392,True,7293499f476ccead,358f150a6c28c995,56332898.13949845,-3590.3370230272412,0.532984488880583,50.0,0.06330708661417322,True,56332898.13949846,-3590.3370230272412,0.532984488880583,50.0,0.06330708661417322,True
60,routing_persistent_hotspot_cluster1,routing_persistent_hotspot_cluster1,51,remaining,1,6,reagent_transfer:-1x0.05,reagent_transfer,0.05,-1.0,0.10078178346157074,9.10109251655505,True,7293499f476ccead,5f5c305f36abb82a,56332800.34785261,-3492.545377187431,0.532984488880583,50.0,0.06330708661417322,True,56332800.3478526,-3492.5453771725297,0.532984488880583,50.0,0.06330708661417322,True
60,routing_persistent_hotspot_cluster1,routing_persistent_hotspot_cluster1,51,remaining,1,7,reagent_transfer:+1x0.1,reagent_transfer,0.1,1.0,0.20156356692314148,18.036616655003705,True,7293499f476ccead,698164d9dd3fb837,56336594.672822915,-7286.870347492397,0.532984488880583,50.0,0.06330708661417322,True,56336594.67282291,-7286.870347477496,0.532984488880583,50.0,0.06330708661417322,True
60,routing_persistent_hotspot_cluster1,routing_persistent_hotspot_cluster1,51,remaining,1,8,reagent_transfer:-1x0.1,reagent_transfer,0.1,-1.0,0.20156356692314148,18.036616655003705,True,7293499f476ccead,6fa8c7434cb6eccf,56336594.672822915,-7286.870347492397,0.532984488880583,50.0,0.06330708661417322,True,56336594.67282291,-7286.870347477496,0.532984488880583,50.0,0.06330708661417322,True
60,routing_persistent_hotspot_cluster1,routing_persistent_hotspot_cluster1,51,remaining,1,9,combined_transfer:+1x0.05,combined_transfer,0.05,1.0,0.14390891790390015,9.26327219476865,True,4cfc5083aa3cc8fd,01d14ea7a65b0602,56465670.9354104,-136363.1329349801,0.532984488880583,50.0,0.06330708661417322,True,56465670.9354104,-136363.13293497264,0.532984488880583,50.0,0.06330708661417322,True
60,routing_persistent_hotspot_cluster1,routing_persistent_hotspot_cluster1,51,remaining,1,10,combined_transfer:-1x0.05,combined_transfer,0.05,-1.0,0.14390891790390015,9.200718427010122,True,4cfc5083aa3cc8fd,da0cc83dec566ef8,56457000.560896136,-127692.75842071325,0.532984488880583,50.0,0.06330708661417322,True,56457000.560896136,-127692.7584207058,0.532984488880583,50.0,0.06330708661417322,True
60,routing_persistent_hotspot_cluster1,routing_persistent_hotspot_cluster1,51,remaining,1,11,combined_transfer:+1x0.1,combined_transfer,0.1,1.0,0.2878178358078003,18.41184347282227,True,4cfc5083aa3cc8fd,7052094c2406d9e8,56627867.124637954,-298559.3221625313,0.532984488880583,50.0,0.06330708661417322,True,56627867.12463795,-298559.3221625164,0.532984488880583,50.0,0.06330708661417322,True
60,routing_persistent_hotspot_cluster1,routing_persistent_hotspot_cluster1,51,remaining,1,12,combined_transfer:-1x0.1,combined_transfer,0.1,-1.0,0.2878178358078003,18.237677445673018,True,4cfc5083aa3cc8fd,4d8d4007f26ea393,56584995.09775417,-255687.29527875036,0.532984488880583,50.0,0.06330708661417322,True,56584995.097754166,-255687.29527873546,0.532984488880583,50.0,0.06330708661417322,True
61,routing_persistent_hotspot_cluster2,routing_persistent_hotspot_cluster2,0,remaining,52,0,mdl2,anchor,0.0,0.0,0.0,0.0,True,,98726817f608a03c,2087743288.1680334,0.0,0.5206770047472326,1877.3333333333333,0.07282558231419778,True,2267499795.9608903,0.0,0.49565614663251756,2094.0,0.08167854405741667,True
61,routing_persistent_hotspot_cluster2,routing_persistent_hotspot_cluster2,0,remaining,52,1,specimen_transfer:+1x0.05,specimen_transfer,0.05,1.0,0.18741388618946075,0.0,False,b393978842a0fa3d,b393978842a0fa3d,2087743288.1680334,0.0,0.5206770047472326,1877.3333333333333,0.07282558231419778,True,2267499795.9608903,0.0,0.49565614663251756,2094.0,0.08167854405741667,True
61,routing_persistent_hotspot_cluster2,routing_persistent_hotspot_cluster2,0,remaining,52,2,specimen_transfer:-1x0.05,specimen_transfer,0.05,-1.0,0.18741388618946075,0.0,False,b393978842a0fa3d,b393978842a0fa3d,2087743288.1680334,0.0,0.5206770047472326,1877.3333333333333,0.07282558231419778,True,2267499795.9608903,0.0,0.49565614663251756,2094.0,0.08167854405741667,True
61,routing_persistent_hotspot_cluster2,routing_persistent_hotspot_cluster2,0,remaining,52,3,specimen_transfer:+1x0.1,specimen_transfer,0.1,1.0,0.3748277723789215,0.0,False,b393978842a0fa3d,b393978842a0fa3d,2087743288.1680334,0.0,0.5206770047472326,1877.3333333333333,0.07282558231419778,True,2267499795.9608903,0.0,0.49565614663251756,2094.0,0.08167854405741667,True
61,routing_persistent_hotspot_cluster2,routing_persistent_hotspot_cluster2,0,remaining,52,4,specimen_transfer:-1x0.1,specimen_transfer,0.1,-1.0,0.3748277723789215,0.0,False,b393978842a0fa3d,b393978842a0fa3d,2087743288.1680334,0.0,0.5206770047472326,1877.3333333333333,0.07282558231419778,True,2267499795.9608903,0.0,0.49565614663251756,2094.0,0.08167854405741667,True
61,routing_persistent_hotspot_cluster2,routing_persistent_hotspot_cluster2,0,remaining,52,5,reagent_transfer:+1x0.05,reagent_transfer,0.05,1.0,0.18241232633590698,11.627654124467465,True,b393978842a0fa3d,9d01d5cdfc54425e,2087372246.8131368,371041.3548965454,0.5206770047472326,1877.3333333333333,0.07282558231419778,True,2255495168.027308,12004627.933582306,0.4985316195300823,2078.6,0.08050143843263177,True
61,routing_persistent_hotspot_cluster2,routing_persistent_hotspot_cluster2,0,remaining,52,6,reagent_transfer:-1x0.05,reagent_transfer,0.05,-1.0,0.18241232633590698,11.627654124467465,True,b393978842a0fa3d,1fb9fe2336ce6783,2087932611.4426498,-189323.27461647987,0.5206770047472326,1877.3333333333333,0.07282558231419778,True,2267669480.1868763,-169684.22598600388,0.49561936052017463,2094.4,0.08169108636409043,False
61,routing_persistent_hotspot_cluster2,routing_persistent_hotspot_cluster2,0,remaining,52,7,reagent_transfer:+1x0.1,reagent_transfer,0.1,1.0,0.36482465267181396,23.25530824893493,True,b393978842a0fa3d,d181219600d25c42,2091014156.8344631,-3270868.666429758,0.5195939262558972,1883.0,0.07318793234689923,False,2247003236.7567735,20496559.20411682,0.50006388488366,2070.6,0.08002664531002161,True
61,routing_persistent_hotspot_cluster2,routing_persistent_hotspot_cluster2,0,remaining,52,8,reagent_transfer:-1x0.1,reagent_transfer,0.1,-1.0,0.36482465267181396,23.25530824893493,True,b393978842a0fa3d,82018b9639072b0e,2081396876.226381,6346411.941652298,0.5222240942850396,1869.6666666666667,0.07217359294885904,True,2268388764.7827682,-888968.8218779564,0.4955076960851062,2094.6,0.08183308139426439,False
61,routing_persistent_hotspot_cluster2,routing_persistent_hotspot_cluster2,0,remaining,52,9,combined_transfer:+1x0.05,combined_transfer,0.05,1.0,0.22868020832538605,12.027615517436255,True,11efd928bbddc8b7,593897d306ab73c5,2126674735.101656,-38931446.9336226,0.5122983158759945,1916.0,0.07422522741906672,False,2310274171.7167006,-42774375.75581026,0.48613005066016574,2133.4,0.08331180149596233,False
61,routing_persistent_hotspot_cluster2,routing_persistent_hotspot_cluster2,0,remaining,52,10,combined_transfer:-1x0.05,combined_transfer,0.05,-1.0,0.24327872693538666,11.983207900983038,True,11efd928bbddc8b7,e4b314f0ca26f3bb,2097481521.2754529,-9738233.10741949,0.513406628852969,1932.3333333333333,0.07671946969960892,False,2260241864.4454794,7257931.5154109,0.4913938834159911,2133.8,0.08263572754286037,False
61,routing_persistent_hotspot_cluster2,routing_persistent_hotspot_cluster2,0,remaining,52,11,combined_transfer:+1x0.1,combined_transfer,0.1,1.0,0.4573604166507721,23.911573764551996,True,11efd928bbddc8b7,f26b4d508693491c,2181984040.7428603,-94240752.57482696,0.5048497294408132,1945.6666666666667,0.07479535465837006,False,2300746051.02577,-33246255.064879894,0.4923883351922707,2086.8,0.0804222048558498,False
61,routing_persistent_hotspot_cluster2,routing_persistent_hotspot_cluster2,0,remaining,52,12,combined_transfer:-1x0.1,combined_transfer,0.1,-1.0,0.4865574240684509,23.966415651975655,True,11efd928bbddc8b7,fb9339572cbaa63f,2091145577.4554558,-3402289.2874224186,0.5132293105154271,1938.3333333333333,0.07276616670497527,False,2258951636.61899,8548159.341900349,0.4890981428377086,2152.8,0.08217638861969513,False
61,routing_persistent_hotspot_cluster2,routing_persistent_hotspot_cluster2,6,remaining,46,0,mdl2,anchor,0.0,0.0,0.0,0.0,True,,247b7610ce7cc0d4,2147119868.37788,0.0,0.5181192972936061,1978.3333333333333,0.0703913966064604,True,2143403399.6171012,0.0,0.5126515759943684,1980.2,0.07343094584216459,True
61,routing_persistent_hotspot_cluster2,routing_persistent_hotspot_cluster2,6,remaining,46,1,specimen_transfer:+1x0.05,specimen_transfer,0.05,1.0,0.10663055628538132,5.0990195135927845,True,8970b6ecd563c141,58d440103d94a438,2151021775.5822167,-3901907.204336643,0.5160189067054266,1989.0,0.07163233884734534,False,2135685363.5984855,7718036.018615723,0.5143006928313787,1971.8,0.07300093224672721,True
61,routing_persistent_hotspot_cluster2,routing_persistent_hotspot_cluster2,6,remaining,46,2,specimen_transfer:-1x0.05,specimen_transfer,0.05,-1.0,0.10663055628538132,5.0990195135927845,True,8970b6ecd563c141,7507c97830ff9c3d,2167103688.606485,-19983820.228604794,0.5139387513417893,1996.6666666666667,0.07159999667435446,False,2128896526.5616841,14506873.05541706,0.5155909491862508,1964.2,0.07153534521704824,True
61,routing_persistent_hotspot_cluster2,routing_persistent_hotspot_cluster2,6,remaining,46,3,specimen_transfer:+1x0.1,specimen_transfer,0.1,1.0,0.21326111257076263,10.954451150103322,True,8970b6ecd563c141,d6adeeb69b8e1ebf,2163388742.094156,-16268873.716275692,0.513833751689669,1998.6666666666667,0.07280969745336457,False,2126544226.8751786,16859172.741922617,0.5172541994316628,1959.6,0.07243045133508794,True
61,routing_persistent_hotspot_cluster2,routing_persistent_hotspot_cluster2,6,remaining,46,4,specimen_transfer:-1x0.1,specimen_transfer,0.1,-1.0,0.21326111257076263,8.831760866327848,True,8970b6ecd563c141,3f0b44f74989df40,2162220413.4526334,-15100545.074753284,0.5144267600300925,1997.0,0.0713541796487298,False,2119662753.592965,23740646.024136305,0.5167375195816046,1963.2,0.07089357347767897,True
61,routing_persistent_hotspot_cluster2,routing_persistent_hotspot_cluster2,6,remaining,46,5,reagent_transfer:+1x0.05,reagent_transfer,0.05,1.0,0.1664295494556427,10.32237415813836,True,e4100edf6ea1aedd,c998d4da2ecfad77,2164153540.3384805,-17033671.960600376,0.5133235119089412,2002.0,0.07146793541525139,False,2152960083.943214,-9556684.326112747,0.5107769431055103,1990.4,0.07407412940842036,False
61,routing_persistent_hotspot_cluster2,routing_persistent_hotspot_cluster2,6,remaining,46,6,reagent_transfer:-1x0.05,reagent_transfer,0.05,-1.0,0.1664295494556427,12.071323294270785,True,e4100edf6ea1aedd,0787d12938921a89,2163816345.0106792,-16696476.632799149,0.5144479496900507,1998.3333333333333,0.07121475457778913,False,2150183462.266437,-6780062.649335861,0.5112269431053136,1987.0,0.07387360120595717,False
61,routing_persistent_hotspot_cluster2,routing_persistent_hotspot_cluster2,6,remaining,46,7,reagent_transfer:+1x0.1,reagent_transfer,0.1,1.0,0.3328590989112854,21.398285313536746,True,e4100edf6ea1aedd,6e763b0ddaff2a42,2155661218.881183,-8541350.503303051,0.5152516523163495,1991.6666666666667,0.0710102153011939,False,2151840312.6661115,-8436913.049010277,0.5110142572578766,1989.0,0.07404889876176403,False
61,routing_persistent_hotspot_cluster2,routing_persistent_hotspot_cluster2,6,remaining,46,8,reagent_transfer:-1x0.1,reagent_transfer,0.1,-1.0,0.3328590989112854,21.13223322130825,True,e4100edf6ea1aedd,3413a8b6befb6db7,2165488117.6321015,-18368249.25422144,0.5133881740492581,2003.0,0.07149176821511972,False,2154423731.9701624,-11020332.3530612,0.5105118417989395,1991.6,0.07417637382808182,False
61,routing_persistent_hotspot_cluster2,routing_persistent_hotspot_cluster2,6,remaining,46,9,combined_transfer:+1x0.05,combined_transfer,0.05,1.0,0.2062603235244751,10.552773826563184,True,7ca5ea0e085e0af1,fe467efad2e93483,2214555735.939711,-67435867.561831,0.5012192466602375,2052.3333333333335,0.0749521357005994,False,2181020548.5597453,-37617148.94264412,0.5035303729505509,2012.4,0.07408278099635324,False
61,routing_persistent_hotspot_cluster2,routing_persistent_hotspot_cluster2,6,remaining,46,10,combined_transfer:-1x0.05,combined_transfer,0.05,-1.0,0.2062603235244751,12.268923068012079,True,7ca5ea0e085e0af1,0172a6514d6d19f3,2202543663.4460254,-55423795.068145275,0.4980480313536935,2092.6666666666665,0.07606721592428173,False,2177845036.723693,-34441637.1065917,0.4972540969241693,2069.6,0.07737125599417827,False
61,routing_persistent_hotspot_cluster2,routing_persistent_hotspot_cluster2,6,remaining,46,11,combined_transfer:+1x0.1,combined_transfer,0.1,1.0,0.4125206470489502,21.843193975595696,True,7ca5ea0e085e0af1,66abd318b61730fc,2171961811.4581475,-24841943.08026743,0.5156325742372238,1975.3333333333333,0.0689625849800448,False,2165362230.529683,-21958830.91258192,0.511943517646591,1965.8,0.07191147095032249,False
61,routing_persistent_hotspot_cluster2,routing_persistent_hotspot_cluster2,6,remaining,46,12,combined_transfer:-1x0.1,combined_transfer,0.1,-1.0,0.4125206470489502,21.509429020700438,True,7ca5ea0e085e0af1,ebfac0043f4a17ee,2195128882.862117,-48009014.48423672,0.4958623169161543,2112.0,0.07624139762613871,False,2174439002.52391,-31035602.906808853,0.49600264728916654,2087.8,0.07825129249712426,False
61,routing_persistent_hotspot_cluster2,routing_persistent_hotspot_cluster2,12,remaining,40,0,mdl2,anchor,0.0,0.0,0.0,0.0,True,,cf5dccfe03ae707c,1986074222.4170659,0.0,0.5075194700828426,1896.0,0.07404997211207211,True,1930179764.7203088,0.0,0.521315368651325,1825.0,0.06680288309889834,True
61,routing_persistent_hotspot_cluster2,routing_persistent_hotspot_cluster2,12,remaining,40,1,specimen_transfer:+1x0.05,specimen_transfer,0.05,1.0,0.10831327736377716,7.874007874011811,True,bfe36123abd13a0b,efdec51441c61679,1981793816.3173144,4280406.0997514725,0.5086556150927669,1891.3333333333333,0.07255509639985659,True,1927615297.8810115,2564466.8392972946,0.5219302256453853,1822.2,0.0661525795390949,True
61,routing_persistent_hotspot_cluster2,routing_persistent_hotspot_cluster2,12,remaining,40,2,specimen_transfer:-1x0.05,specimen_transfer,0.05,-1.0,0.10831326991319656,9.055385138137417,True,bfe36123abd13a0b,e29ff007fe280c44,1986712345.2954514,-638122.8783855438,0.5061902257831679,1902.0,0.0745034854161592,False,1923478519.6065269,6701245.113781929,0.5216894496545356,1823.8,0.06620584727462571,True
61,routing_persistent_hotspot_cluster2,routing_persistent_hotspot_cluster2,12,remaining,40,3,specimen_transfer:+1x0.1,specimen_transfer,0.1,1.0,0.21662653982639313,16.3707055437449,True,bfe36123abd13a0b,1bb5c56d2c334901,1981345619.312313,4728603.104752779,0.5090359396716008,1889.0,0.07329674602862911,True,1929825738.8925147,354025.827794075,0.5213459125047667,1824.8,0.06614521107238314,True
61,routing_persistent_hotspot_cluster2,routing_persistent_hotspot_cluster2,12,remaining,40,4,specimen_transfer:-1x0.1,specimen_transfer,0.1,-1.0,0.21662653982639313,13.784048752090222,True,bfe36123abd13a0b,21209af9f4056c4f,1984021595.3681257,2052627.0489401817,0.5064715016848724,1898.0,0.0731573545793409,False,1924839889.758432,5339874.961876869,0.5209996466571304,1828.0,0.06605694008531705,False
61,routing_persistent_hotspot_cluster2,routing_persistent_hotspot_cluster2,12,remaining,40,5,reagent_transfer:+1x0.05,reagent_transfer,0.05,1.0,0.16402369737625122,10.681264871783695,True,bf2e4e6b466031b6,6e3fea7359da7706,1986394905.7008297,-320683.2837638855,0.5074566362782557,1896.3333333333333,0.07406005573787076,False,1931439851.0584571,-1260086.3381483555,0.5208966086269021,1826.2,0.06681869225437168,False
61,routing_persistent_hotspot_cluster2,routing_persistent_hotspot_cluster2,12,remaining,40,6,reagent_transfer:-1x0.05,reagent_transfer,0.05,-1.0,0.16402369737625122,11.126150137131782,True,bf2e4e6b466031b6,d3fa1c98d661a3ec,1986573372.690799,-499150.27373313904,0.5074566362782557,1896.3333333333333,0.07406005573787076,False,1931531146.5061333,-1351381.7858245373,0.5208966086269021,1826.2,0.06681869225437168,False
61,routing_persistent_hotspot_cluster2,routing_persistent_hotspot_cluster2,12,remaining,40,7,reagent_transfer:+1x0.1,reagent_transfer,0.1,1.0,0.32804739475250244,21.221631000231735,True,bf2e4e6b466031b6,39195512bc546383,1986342128.2335942,-267905.8165283203,0.5074566362782557,1896.3333333333333,0.07406005573787076,False,1931411222.1829987,-1231457.4626898766,0.5208966086269021,1826.2,0.06681869225437168,False
61,routing_persistent_hotspot_cluster2,routing_persistent_hotspot_cluster2,12,remaining,40,8,reagent_transfer:-1x0.1,reagent_transfer,0.1,-1.0,0.32804739475250244,22.117071864873296,True,bf2e4e6b466031b6,ad20a7afd98d1973,1986614866.7941477,-540644.377081871,0.5074566362782557,1896.3333333333333,0.07406005573787076,False,1930077218.8581588,102545.86214995384,0.5213113117371755,1824.2,0.06676325177595595,False
61,routing_persistent_hotspot_cluster2,routing_persistent_hotspot_cluster2,12,remaining,40,9,combined_transfer:+1x0.05,combined_transfer,0.05,1.0,0.19670501351356506,10.858594880380837,True,a489db1f2ca6eda8,9766bee0017ee526,1995628539.2962034,-9554316.879137516,0.5053174798008708,1905.0,0.07462358690016939,False,1949634596.084474,-19454831.364165306,0.5161236674759593,1846.6,0.06796698498470104,False
61,routing_persistent_hotspot_cluster2,routing_persistent_hotspot_cluster2,12,remaining,40,10,combined_transfer:-1x0.05,combined_transfer,0.05,-1.0,0.19670501351356506,11.29649858978569,True,a489db1f2ca6eda8,b94f23135a0a92a0,2005917951.9606998,-19843729.543633938,0.4975426641832226,1961.6666666666667,0.07568129017154467,False,1942218127.2742226,-12038362.553913832,0.5119259175320028,1884.8,0.06888129377568189,False
61,routing_persistent_hotspot_cluster2,routing_persistent_hotspot_cluster2,12,remaining,40,11,combined_transfer:+1x0.1,combined_transfer,0.1,1.0,0.3934100270271301,21.578606914491182,True,a489db1f2ca6eda8,b18110ad2f878e4f,2010253095.1307917,-24178872.713725805,0.5032296319701642,1904.3333333333333,0.07401073000080295,False,1954411935.503079,-24232170.782770157,0.5169753138982764,1831.6,0.06676427807905518,False
61,routing_persistent_hotspot_cluster2,routing_persistent_hotspot_cluster2,12,remaining,40,12,combined_transfer:-1x0.1,combined_transfer,0.1,-1.0,0.3934100270271301,22.45781548434018,True,a489db1f2ca6eda8,0cae471a95e6936a,1983520237.1076841,2553985.3093817234,0.5017766037803965,1944.6666666666667,0.07526493941996582,False,1922621055.782703,7558708.937605858,0.5146203139189633,1884.8,0.0688031771433377,False
61,routing_persistent_hotspot_cluster2,routing_persistent_hotspot_cluster2,18,remaining,34,0,mdl2,anchor,0.0,0.0,0.0,0.0,True,,4b48f21a4b7a02bf,1655625394.2131069,0.0,0.517443203525256,1600.3333333333333,0.07407068745561608,True,1673967576.8860354,0.0,0.5169905711815594,1603.4,0.07095773012428645,True
61,routing_persistent_hotspot_cluster2,routing_persistent_hotspot_cluster2,18,remaining,34,1,specimen_transfer:+1x0.05,specimen_transfer,0.05,1.0,0.12874554097652435,10.392304845413264,True,b393978842a0fa3d,7e9fd7b032190a53,1656294895.738552,-669501.5254452229,0.517567908352389,1602.0,0.07499161562434396,False,1675484816.4576237,-1517239.5715882778,0.5171752566499965,1603.0,0.07160876899500987,False
61,routing_persistent_hotspot_cluster2,routing_persistent_hotspot_cluster2,18,remaining,34,2,specimen_transfer:-1x0.05,specimen_transfer,0.05,-1.0,0.12874554097652435,10.392304845413264,True,b393978842a0fa3d,b6a04f934aad1c83,1663219216.4485471,-7593822.235440254,0.5148999133290798,1617.0,0.0775187255870927,False,1685258611.1171935,-11291034.231158018,0.5133640148594798,1623.8,0.07293931708552889,False
61,routing_persistent_hotspot_cluster2,routing_persistent_hotspot_cluster2,18,remaining,34,3,specimen_transfer:+1x0.1,specimen_transfer,0.1,1.0,0.2574910819530487,20.049937655763422,True,b393978842a0fa3d,630cb9372480bca1,1645168800.0900028,10456594.123104095,0.5207387968774597,1585.3333333333333,0.07165327245797289,True,1672365764.667718,1601812.2183175087,0.5182756653974848,1598.4,0.06991857552857268,True
61,routing_persistent_hotspot_cluster2,routing_persistent_hotspot_cluster2,18,remaining,34,4,specimen_transfer:-1x0.1,specimen_transfer,0.1,-1.0,0.2574910819530487,17.663521732655695,True,b393978842a0fa3d,70017abdb84c092b,1669222354.688772,-13596960.475665092,0.5129299093833994,1626.6666666666667,0.0781711777306623,False,1690572622.9648345,-16605046.07879901,0.5120859101064112,1631.8,0.07505182845868237,False
61,routing_persistent_hotspot_cluster2,routing_persistent_hotspot_cluster2,18,remaining,34,5,reagent_transfer:+1x0.05,reagent_transfer,0.05,1.0,0.15159127116203308,8.356091292945083,True,b393978842a0fa3d,e7834e88b4f83bf3,1655547071.8826187,78322.33048820496,0.517443203525256,1600.3333333333333,0.07407787872656092,False,1673517178.263132,450398.622903347,0.5170657678137908,1603.0,0.07095209622783533,True
61,routing_persistent_hotspot_cluster2,routing_persistent_hotspot_cluster2,18,remaining,34,6,reagent_transfer:-1x0.05,reagent_transfer,0.05,-1.0,0.15159127116203308,8.356091292945083,True,b393978842a0fa3d,31a7afb7a6f006be,1655430327.7053337,195066.50777316093,0.5175066472506715,1600.0,0.07406901354848222,True,1674007757.3525302,-40180.46649479866,0.5169905711815594,1603.4,0.07095773012428645,True
61,routing_persistent_hotspot_cluster2,routing_persistent_hotspot_cluster2,18,remaining,34,7,reagent_transfer:+1x0.1,reagent_transfer,0.1,1.0,0.30318254232406616,16.712182585890165,True,b393978842a0fa3d,d60b6b83ab01a89d,1655378050.8503053,247343.36280155182,0.5175071585009531,1600.3333333333333,0.07407068745561608,True,1674362866.9333897,-395290.04735422134,0.5168391389186067,1604.0,0.07098087670558757,False
61,routing_persistent_hotspot_cluster2,routing_persistent_hotspot_cluster2,18,remaining,34,8,reagent_transfer:-1x0.1,reagent_transfer,0.1,-1.0,0.30318254232406616,16.712182585890165,True,b393978842a0fa3d,24bd417386008a1e,1656273633.185872,-648238.9727652073,0.5173797597998404,1600.6666666666667,0.07408674978535479,False,1674040298.8047197,-72721.91868424416,0.5169905711815594,1603.4,0.07095773012428645,True
61,routing_persistent_hotspot_cluster2,routing_persistent_hotspot_cluster2,18,remaining,34,9,combined_transfer:+1x0.05,combined_transfer,0.05,1.0,0.20212116837501526,8.695696062958381,True,7b6436b0c98f6238,93fe9afdb7386a6e,1697301079.9381864,-41675685.72507954,0.505958583292272,1636.0,0.07556634079422984,False,1731592289.0310721,-57624712.1450367,0.501791172522357,1659.8,0.07450641504785338,False
61,routing_persistent_hotspot_cluster2,routing_persistent_hotspot_cluster2,18,remaining,34,10,combined_transfer:-1x0.05,combined_transfer,0.05,-1.0,0.20212116837501526,8.695696062958381,True,7b6436b0c98f6238,e12ef4806a8bec07,1680551629.517659,-24926235.30455208,0.5077386964539359,1660.6666666666667,0.07907444739551557,False,1689169734.7440374,-15202157.858001947,0.5086983211271504,1663.0,0.07371978894996067,False
61,routing_persistent_hotspot_cluster2,routing_persistent_hotspot_cluster2,18,remaining,34,11,combined_transfer:+1x0.1,combined_transfer,0.1,1.0,0.4042423367500305,17.3834572086506,True,7b6436b0c98f6238,0290f428f43dde40,1665944511.523721,-10319117.310614109,0.5164903441873506,1582.0,0.0723526645469933,False,1703140364.027791,-29172787.14175558,0.5118997049415653,1608.4,0.07109575378960523,False
61,routing_persistent_hotspot_cluster2,routing_persistent_hotspot_cluster2,18,remaining,34,12,combined_transfer:-1x0.1,combined_transfer,0.1,-1.0,0.4042423367500305,17.341621637453905,True,7b6436b0c98f6238,1db588b22702a304,1668904330.532122,-13278936.319015026,0.5102780776039685,1655.6666666666667,0.07672248609341552,False,1675030885.6471674,-1063308.7611320019,0.5114689454277905,1658.8,0.07302229843059252,False
61,routing_persistent_hotspot_cluster2,routing_persistent_hotspot_cluster2,25,remaining,27,0,mdl2,anchor,0.0,0.0,0.0,0.0,True,,841a9c96eb0c4bbd,1332032004.9897912,0.0,0.5138452042422078,1271.3333333333333,0.07647609506405965,True,1346866303.614706,0.0,0.5101635437162468,1280.2,0.07906844829215917,True
61,routing_persistent_hotspot_cluster2,routing_persistent_hotspot_cluster2,25,remaining,27,1,specimen_transfer:+1x0.05,specimen_transfer,0.05,1.0,0.10839792340993881,9.695359714832659,True,1dfb37d7aa070d6a,97e56fae362ea0e6,1329958793.6342337,2073211.3555574417,0.5147228755280242,1267.6666666666667,0.07487492208898738,True,1343773531.5180018,3092772.0967042446,0.5117009808626509,1274.0,0.0775196419204445,True
61,routing_persistent_hotspot_cluster2,routing_persistent_hotspot_cluster2,25,remaining,27,2,specimen_transfer:-1x0.05,specimen_transfer,0.05,-1.0,0.10839792340993881,8.94427190999916,True,1dfb37d7aa070d6a,f944c97fa8bd2bcc,1331310682.0456865,721322.9441046715,0.5129074570575504,1274.3333333333333,0.07618044624997755,False,1352315830.3447425,-5449526.730036497,0.5084045404465616,1288.4,0.07948312065082391,False
61,routing_persistent_hotspot_cluster2,routing_persistent_hotspot_cluster2,25,remaining,27,3,specimen_transfer:+1x0.1,specimen_transfer,0.1,1.0,0.21679584681987762,18.384776310850235,True,1dfb37d7aa070d6a,4dbe74b0e39c592f,1326316198.579596,5715806.410195112,0.5160395559076004,1261.0,0.07275516035323375,True,1342644398.7076554,4221904.90705061,0.5118531814693222,1272.4,0.0770293188328748,True
61,routing_persistent_hotspot_cluster2,routing_persistent_hotspot_cluster2,25,remaining,27,4,specimen_transfer:-1x0.1,specimen_transfer,0.1,-1.0,0.21679584681987762,16.24807680927192,True,1dfb37d7aa070d6a,8fb2de0a814f7fed,1341684236.861199,-9652231.871407747,0.5107791050298095,1287.0,0.07719534122601439,False,1355089172.1064122,-8222868.491706133,0.5076207840281226,1292.6,0.07986961803677159,False
61,routing_persistent_hotspot_cluster2,routing_persistent_hotspot_cluster2,25,remaining,27,5,reagent_transfer:+1x0.05,reagent_transfer,0.05,1.0,0.1307326853275299,7.500456873171945,True,7d09d90493da09e8,fda22273bf86ebb0,1331124666.5729418,907338.4168493748,0.5140333509966762,1270.3333333333333,0.07655261818636953,False,1347669373.9633074,-803070.3486013412,0.5099373846510377,1281.0,0.07910293510470655,False
61,routing_persistent_hotspot_cluster2,routing_persistent_hotspot_cluster2,25,remaining,27,6,reagent_transfer:-1x0.05,reagent_transfer,0.05,-1.0,0.1307326853275299,7.88323637615884,True,7d09d90493da09e8,d0f0832b27dadf77,1331956117.7833502,75887.2064409256,0.5138452042422078,1271.3333333333333,0.07647609506405965,True,1346914998.2379572,-48694.62325119972,0.5101635437162468,1280.2,0.07906844829215917,True
61,routing_persistent_hotspot_cluster2,routing_persistent_hotspot_cluster2,25,remaining,27,7,reagent_transfer:+1x0.1,reagent_transfer,0.1,1.0,0.2614653706550598,15.000914301311912,True,7d09d90493da09e8,2c397eb46a8dd7ed,1329780572.2119663,2251432.7778248787,0.5144096445056132,1269.0,0.07670506639942452,False,1346990656.125153,-124352.5104470253,0.5101241608930996,1280.4,0.07907697372976691,False
61,routing_persistent_hotspot_cluster2,routing_persistent_hotspot_cluster2,25,remaining,27,8,reagent_transfer:-1x0.1,reagent_transfer,0.1,-1.0,0.2614653706550598,15.000913678522409,True,7d09d90493da09e8,312c623c04fba39a,1331729069.9984763,302934.991314888,0.5138452042422078,1271.3333333333333,0.07647609506405965,True,1348825758.9747372,-1959455.360031128,0.5096013248256921,1281.0,0.07914265050149358,False
61,routing_persistent_hotspot_cluster2,routing_persistent_hotspot_cluster2,25,remaining,27,9,combined_transfer:+1x0.05,combined_transfer,0.05,1.0,0.17441827058792114,7.783058567582105,True,777fb728a99d181a,2da72ab0ffcec952,1352933779.2442791,-20901774.25448799,0.5085215545044587,1291.3333333333333,0.07647709613687291,False,1364556614.9120095,-17690311.29730344,0.5051811452628779,1295.4,0.07896243364704494,False
61,routing_persistent_hotspot_cluster2,routing_persistent_hotspot_cluster2,25,remaining,27,10,combined_transfer:-1x0.05,combined_transfer,0.05,-1.0,0.17441827058792114,8.152580151246287,True,777fb728a99d181a,19597dae6d0aa2b7,1353558687.1284802,-21526682.13868904,0.5063749479851503,1326.3333333333333,0.07927148668131999,False,1363330276.7801259,-16463973.165419817,0.5039454457014977,1328.2,0.07937458722720483,False
61,routing_persistent_hotspot_cluster2,routing_persistent_hotspot_cluster2,25,remaining,27,11,combined_transfer:+1x0.1,combined_transfer,0.1,1.0,0.3488365411758423,15.566117669981429,True,777fb728a99d181a,c75287fcf1d52099,1337427389.5485306,-5395384.558739424,0.5138418085342263,1261.3333333333333,0.07448292581419763,False,1352599185.2676775,-5732881.652971506,0.5098979506560439,1270.4,0.07659429091431255,False
61,routing_persistent_hotspot_cluster2,routing_persistent_hotspot_cluster2,25,remaining,27,12,combined_transfer:-1x0.1,combined_transfer,0.1,-1.0,0.3488365411758423,15.566117069805317,True,777fb728a99d181a,2f6f33485e60a031,1355502316.6742532,-23470311.68446207,0.5055489502650942,1335.3333333333333,0.07801587498214406,False,1366124819.7537026,-19258516.1389966,0.5024843355904391,1340.0,0.07952577128229008,False
61,routing_persistent_hotspot_cluster2,routing_persistent_hotspot_cluster2,31,remaining,21,0,mdl2,anchor,0.0,0.0,0.0,0.0,True,,b0f060089b5a49f7,1019188070.8643292,0.0,0.5145517741583063,961.0,0.0743055326222589,True,1029245739.4330721,0.0,0.5158733255107099,980.4,0.07479091094485098,True
61,routing_persistent_hotspot_cluster2,routing_persistent_hotspot_cluster2,31,remaining,21,1,specimen_transfer:+1x0.05,specimen_transfer,0.05,1.0,0.11231715232133865,9.695359714832659,True,a855e6e7125b381a,764d522155a74399,1014437670.3630985,4750400.501230717,0.5156203095641528,955.0,0.07245635844606785,True,1025629047.7808659,3616691.6522061825,0.5167374013020576,974.4,0.07294637493819556,True
61,routing_persistent_hotspot_cluster2,routing_persistent_hotspot_cluster2,31,remaining,21,2,specimen_transfer:-1x0.05,specimen_transfer,0.05,-1.0,0.11231715232133865,10.770329614269007,True,a855e6e7125b381a,49152dc840195c38,1020451303.4902917,-1263232.6259624958,0.5129082330068213,968.6666666666666,0.0741905858107858,False,1032455106.9048077,-3209367.4717355967,0.5145244237709716,990.8,0.07535141740354748,False
61,routing_persistent_hotspot_cluster2,routing_persistent_hotspot_cluster2,31,remaining,21,3,specimen_transfer:+1x0.1,specimen_transfer,0.1,1.0,0.2246343046426773,18.05547008526779,True,a855e6e7125b381a,0e8b6d5cedc62dd6,1012785099.0195585,6402971.84477067,0.5158721966473633,953.0,0.07187456938263499,True,1025916924.4063724,3328815.026699662,0.5165116472638133,974.8,0.07337282575521176,True
61,routing_persistent_hotspot_cluster2,routing_persistent_hotspot_cluster2,31,remaining,21,4,specimen_transfer:-1x0.1,specimen_transfer,0.1,-1.0,0.2246343195438385,17.776388834631177,True,a855e6e7125b381a,b80d413ba3481c2d,1021303985.486413,-2115914.622083783,0.5127792559710148,971.6666666666666,0.07421150602873357,False,1034940542.2790419,-5694802.845969796,0.5135508557930641,996.4,0.07642903137836757,False
61,routing_persistent_hotspot_cluster2,routing_persistent_hotspot_cluster2,31,remaining,21,5,reagent_transfer:+1x0.05,reagent_transfer,0.05,1.0,0.10821416974067688,6.683519375313416,True,229978d2b8a5606a,0b653d14b7f19cad,1019046975.0763148,141095.78801441193,0.5145517741583063,960.6666666666666,0.0743055326222589,True,1029221150.6370418,24588.796030282974,0.5158733255107099,980.4,0.07479091094485098,True
61,routing_persistent_hotspot_cluster2,routing_persistent_hotspot_cluster2,31,remaining,21,6,reagent_transfer:-1x0.05,reagent_transfer,0.05,-1.0,0.10821416974067688,7.784218957815312,True,229978d2b8a5606a,9cef763308cfcdf7,1019168518.3943743,19552.4699549675,0.5145517741583063,961.0,0.0743055326222589,True,1029297623.1255958,-51883.69252371788,0.5158733255107099,980.4,0.07479091094485098,True
61,routing_persistent_hotspot_cluster2,routing_persistent_hotspot_cluster2,31,remaining,21,7,reagent_transfer:+1x0.1,reagent_transfer,0.1,1.0,0.21642833948135376,13.367037977933462,True,229978d2b8a5606a,a0d00e0387224fac,1017938040.1669136,1250030.6974155903,0.5148024478438362,959.3333333333334,0.07427273881829172,True,1029131822.7472866,113916.685785532,0.515911054241138,980.2,0.07478612442073193,True
61,routing_persistent_hotspot_cluster2,routing_persistent_hotspot_cluster2,31,remaining,21,8,reagent_transfer:-1x0.1,reagent_transfer,0.1,-1.0,0.21642833948135376,15.48704908611097,True,229978d2b8a5606a,42c9454fcde7b95c,1019250020.669313,-61949.804983735085,0.5145517741583063,961.0,0.0743055326222589,True,1029293552.8169628,-47813.383890748024,0.5158733255107099,980.4,0.07479091094485098,True
61,routing_persistent_hotspot_cluster2,routing_persistent_hotspot_cluster2,31,remaining,21,9,combined_transfer:+1x0.05,combined_transfer,0.05,1.0,0.15813061594963074,6.9983573930547855,True,febcebebc272f40a,d16a525a37e3dd41,1028903677.3152634,-9715606.450934172,0.5111786680597028,969.0,0.07430407931039716,False,1045112611.8350277,-15866872.401955605,0.5112273942767491,993.8,0.07500489252534322,False
61,routing_persistent_hotspot_cluster2,routing_persistent_hotspot_cluster2,31,remaining,21,10,combined_transfer:-1x0.05,combined_transfer,0.05,-1.0,0.15813061594963074,8.056155394724335,True,febcebebc272f40a,18d652f303f6034e,1036811610.0954504,-17623539.231121182,0.5094149905265332,1004.6666666666666,0.07575482344528038,False,1046291811.6275072,-17046072.19443512,0.510846903889782,1024.8,0.07728971491063766,False
61,routing_persistent_hotspot_cluster2,routing_persistent_hotspot_cluster2,31,remaining,21,11,combined_transfer:+1x0.1,combined_transfer,0.1,1.0,0.3162612318992615,13.996714048177683,True,febcebebc272f40a,6e86f9ed71a83fcc,1015138128.9903952,4049941.8739340305,0.5157516957275158,944.0,0.07135375350838385,True,1037878354.500185,-8632615.067112923,0.5141115059023516,977.4,0.07425270909934147,False
61,routing_persistent_hotspot_cluster2,routing_persistent_hotspot_cluster2,31,remaining,21,12,combined_transfer:-1x0.1,combined_transfer,0.1,-1.0,0.3162612318992615,15.922447822192115,True,febcebebc272f40a,5f6b8d92360e69dc,1034843674.4466995,-15655603.582370281,0.5102173038670226,1007.3333333333334,0.07683064374736488,False,1041273713.2647955,-12027973.831723452,0.5123484044348985,1021.4,0.07667218869341962,False
61,routing_persistent_hotspot_cluster2,routing_persistent_hotspot_cluster2,37,remaining,15,0,mdl2,anchor,0.0,0.0,0.0,0.0,True,,860d29d95e7083ee,718767718.6403126,0.0,0.5187878035809484,667.0,0.07071983895107985,True,737629789.2312993,0.0,0.5165635437697459,693.0,0.07249551235753846,True
61,routing_persistent_hotspot_cluster2,routing_persistent_hotspot_cluster2,37,remaining,15,1,specimen_transfer:+1x0.05,specimen_transfer,0.05,1.0,0.10964467376470566,9.273618495495704,True,6d197596cab1e065,d65ed4672f8fc5c6,716811341.2655834,1956377.3747291565,0.519415440081839,664.3333333333334,0.07010199544223993,True,733661302.3003998,3968486.930899501,0.5174614554120108,686.4,0.07118450083122088,True
61,routing_persistent_hotspot_cluster2,routing_persistent_hotspot_cluster2,37,remaining,15,2,specimen_transfer:-1x0.05,specimen_transfer,0.05,-1.0,0.10964466631412506,8.366600265340756,True,6d197596cab1e065,1551abf502285d8d,722345892.4153247,-3578173.7750121355,0.517851378776727,674.6666666666666,0.0709048682484283,False,738578275.8249048,-948486.5936055183,0.5159647170844731,697.8,0.07224477285901913,False
61,routing_persistent_hotspot_cluster2,routing_persistent_hotspot_cluster2,37,remaining,15,3,specimen_transfer:+1x0.1,specimen_transfer,0.1,1.0,0.21928933262825012,18.16590212458495,True,6d197596cab1e065,3cb58e14d0641106,717460641.5208462,1307077.1194663048,0.5190429119993707,662.6666666666666,0.07058930141284013,True,734021407.9001076,3608381.331191659,0.5173495308326389,685.0,0.07111573499702091,True
61,routing_persistent_hotspot_cluster2,routing_persistent_hotspot_cluster2,37,remaining,15,4,specimen_transfer:-1x0.1,specimen_transfer,0.1,-1.0,0.21928934752941132,14.89966442575134,True,6d197596cab1e065,60b867d2f226627d,723959882.059111,-5192163.418798447,0.516979427305881,679.0,0.07141729140266724,False,744717538.8050334,-7087749.573734164,0.5142470870818382,707.8,0.07341052094637095,False
61,routing_persistent_hotspot_cluster2,routing_persistent_hotspot_cluster2,37,remaining,15,5,reagent_transfer:+1x0.05,reagent_transfer,0.05,1.0,0.09131057560443878,4.605932694957948,True,914a582e2a505a7a,4e2c6418464d7f16,718794876.97085,-27158.330537438393,0.5187878035809484,667.0,0.07071983895107985,True,738003100.156528,-373310.92522871494,0.5164519988729248,693.2,0.07250960110075785,False
61,routing_persistent_hotspot_cluster2,routing_persistent_hotspot_cluster2,37,remaining,15,6,reagent_transfer:-1x0.05,reagent_transfer,0.05,-1.0,0.09131057560443878,6.208852016211074,True,914a582e2a505a7a,9f12fd64cbfbca0b,718029961.4099092,737757.2304033041,0.5190365133987686,666.0,0.07067261340450474,True,738144441.0598876,-514651.8285883665,0.5164519988729248,693.2,0.07250960110075785,False
61,routing_persistent_hotspot_cluster2,routing_persistent_hotspot_cluster2,37,remaining,15,7,reagent_transfer:+1x0.1,reagent_transfer,0.1,1.0,0.18262115120887756,8.57828918109033,True,914a582e2a505a7a,f0c80934486870a5,718485742.0515457,281976.5887668133,0.5187878035809484,666.6666666666666,0.0708044282865629,False,738058628.4728074,-428839.24150812626,0.5164519988729248,693.2,0.07250960110075785,False
61,routing_persistent_hotspot_cluster2,routing_persistent_hotspot_cluster2,37,remaining,15,8,reagent_transfer:-1x0.1,reagent_transfer,0.1,-1.0,0.18262115120887756,9.85184344333074,True,914a582e2a505a7a,8596f920565490b6,717949799.697776,817918.9425365925,0.5191608683076785,666.0,0.07067261340450474,True,738240743.1066227,-610953.8753234148,0.5164519988729248,693.2,0.07250960110075785,False
61,routing_persistent_hotspot_cluster2,routing_persistent_hotspot_cluster2,37,remaining,15,9,combined_transfer:+1x0.05,combined_transfer,0.05,1.0,0.14912575483322144,5.071340755653961,True,2f53ac30d051a1b1,5fb06d9568996803,724308570.5753231,-5540851.935010552,0.5169727365790963,672.6666666666666,0.07069507604801006,False,742567385.6381614,-4937596.40686214,0.51491438679478,697.8,0.07291315302202003,False
61,routing_persistent_hotspot_cluster2,routing_persistent_hotspot_cluster2,37,remaining,15,10,combined_transfer:-1x0.05,combined_transfer,0.05,-1.0,0.14912575483322144,6.561533694852341,True,2f53ac30d051a1b1,08256b2965f84919,729330624.2999166,-10562905.659604073,0.5165334868924356,697.0,0.07191301615204634,False,749813919.9665128,-12184130.735213518,0.5134936676765319,722.6,0.07260308967302861,False
61,routing_persistent_hotspot_cluster2,routing_persistent_hotspot_cluster2,37,remaining,15,11,combined_transfer:+1x0.1,combined_transfer,0.1,1.0,0.29825150966644287,9.487116434824292,True,2f53ac30d051a1b1,b163d9bbb151bf2c,724428827.6962069,-5661109.055894375,0.5170984092946093,667.3333333333334,0.07188172530853887,False,739997171.1138017,-2367381.8825024366,0.5158877810689979,689.8,0.07219266020255997,False
61,routing_persistent_hotspot_cluster2,routing_persistent_hotspot_cluster2,37,remaining,15,12,combined_transfer:-1x0.1,combined_transfer,0.1,-1.0,0.29825150966644287,10.586648896812482,True,2f53ac30d051a1b1,a7f6d64bd731cd29,728972232.464924,-10204513.824611425,0.5168446186827901,698.6666666666666,0.07171764657031625,False,749272513.4822372,-11642724.250937939,0.5139429898117192,724.4,0.07293702341315358,False
61,routing_persistent_hotspot_cluster2,routing_persistent_hotspot_cluster2,43,remaining,9,0,mdl2,anchor,0.0,0.0,0.0,0.0,True,,93318b05b194905f,448096705.5064359,0.0,0.5154547131181996,406.3333333333333,0.06984493014849236,True,454028270.16378385,0.0,0.5161238563495963,415.0,0.07061093822787876,True
61,routing_persistent_hotspot_cluster2,routing_persistent_hotspot_cluster2,43,remaining,9,1,specimen_transfer:+1x0.05,specimen_transfer,0.05,1.0,0.11923776566982269,7.0710678118654755,True,f5ffedb54b4812cd,137dce4f79a683da,443973102.57416654,4123602.932269335,0.5165707872907013,400.0,0.06835247598006171,True,449861513.7989915,4166756.364792347,0.5170564452779012,408.4,0.06896603795316252,True
61,routing_persistent_hotspot_cluster2,routing_persistent_hotspot_cluster2,43,remaining,9,2,specimen_transfer:-1x0.05,specimen_transfer,0.05,-1.0,0.11923776566982269,6.782329983125268,True,f5ffedb54b4812cd,2413d3dce58d5ef4,449643879.12878114,-1547173.6223452687,0.5155144613396757,412.6666666666667,0.07003645593220366,False,454692680.10373193,-664409.939948082,0.5164969571310147,420.6,0.0702517563756622,False
61,routing_persistent_hotspot_cluster2,routing_persistent_hotspot_cluster2,43,remaining,9,3,specimen_transfer:+1x0.1,specimen_transfer,0.1,1.0,0.23847553133964539,14.142135623730951,True,f5ffedb54b4812cd,90591f65f89a23e8,445121419.7418642,2975285.7645716667,0.5158270129157058,399.3333333333333,0.06971510961991219,True,451421625.54551315,2606644.618270695,0.5163466622441695,409.0,0.0703044186582183,True
61,routing_persistent_hotspot_cluster2,routing_persistent_hotspot_cluster2,43,remaining,9,4,specimen_transfer:-1x0.1,specimen_transfer,0.1,-1.0,0.23847553133964539,14.0,True,f5ffedb54b4812cd,7b4b3ac08c2fa62a,450553844.3360874,-2457138.8296515346,0.5150804594064681,417.6666666666667,0.0696678121476825,False,457122449.0613319,-3094178.8975480795,0.515900100931691,428.2,0.0705873718768066,False
61,routing_persistent_hotspot_cluster2,routing_persistent_hotspot_cluster2,43,remaining,9,5,reagent_transfer:+1x0.05,reagent_transfer,0.05,1.0,0.07727257162332535,4.638147281738468,True,16998a4bdad5e777,6241b7ad4cb5074a,448113739.5519747,-17034.045538842678,0.5154547131181996,406.3333333333333,0.06984493014849236,True,453813166.5284341,215103.63534975052,0.5161988048225212,414.6,0.0706018109489113,True
61,routing_persistent_hotspot_cluster2,routing_persistent_hotspot_cluster2,43,remaining,9,6,reagent_transfer:-1x0.05,reagent_transfer,0.05,-1.0,0.07727257907390594,3.290860241365986,True,16998a4bdad5e777,40521460489d86d7,448186128.78787476,-89423.28143888712,0.5154547131181996,406.3333333333333,0.06984493014849236,True,453843568.489594,184701.6741898656,0.5161988048225212,414.6,0.0706018109489113,True
61,routing_persistent_hotspot_cluster2,routing_persistent_hotspot_cluster2,43,remaining,9,7,reagent_transfer:+1x0.1,reagent_transfer,0.1,1.0,0.1545451581478119,7.411604819186855,True,16998a4bdad5e777,399b93988c626e60,448164014.8350068,-67309.32857090235,0.5154547131181996,406.3333333333333,0.06984493014849236,True,453843565.8241251,184704.33965873718,0.5161988048225212,414.6,0.0706018109489113,True
61,routing_persistent_hotspot_cluster2,routing_persistent_hotspot_cluster2,43,remaining,9,8,reagent_transfer:-1x0.1,reagent_transfer,0.1,-1.0,0.1545451581478119,5.9460022467761515,True,16998a4bdad5e777,1e85d614965542a9,448229047.8662872,-132342.35985130072,0.5154547131181996,406.3333333333333,0.06984493014849236,True,453830670.3760594,197599.78772443533,0.5161988048225212,414.6,0.0706018109489113,True
61,routing_persistent_hotspot_cluster2,routing_persistent_hotspot_cluster2,43,remaining,9,9,combined_transfer:+1x0.05,combined_transfer,0.05,1.0,0.13842423260211945,5.077995755421277,True,229e9579d015b179,d1a7c05918067d9a,450396689.20355386,-2299983.6971179843,0.5145870127259767,408.3333333333333,0.06984014743806478,False,455916626.0473213,-1888355.8835374713,0.5151913230922387,416.0,0.07043788916186042,False
61,routing_persistent_hotspot_cluster2,routing_persistent_hotspot_cluster2,43,remaining,9,10,combined_transfer:-1x0.05,combined_transfer,0.05,-1.0,0.13842423260211945,3.88630824989243,True,229e9579d015b179,877fb809cfd22a7b,460874714.88261396,-12778009.376178086,0.5130328105201847,431.0,0.07213495891847059,False,465559437.90807503,-11531167.744291186,0.5139594576029755,437.4,0.07276610843014074,False
61,routing_persistent_hotspot_cluster2,routing_persistent_hotspot_cluster2,43,remaining,9,11,combined_transfer:+1x0.1,combined_transfer,0.1,1.0,0.2768484652042389,8.486837381245625,True,229e9579d015b179,0ef724651a2d321f,448817753.0837273,-721047.577291429,0.514335252863071,400.3333333333333,0.0699924110293872,False,454105384.2102746,-77114.04649072886,0.5151533465226736,407.8,0.0702721923283759,False
61,routing_persistent_hotspot_cluster2,routing_persistent_hotspot_cluster2,43,remaining,9,12,combined_transfer:-1x0.1,combined_transfer,0.1,-1.0,0.2768484652042389,7.15135290590503,True,229e9579d015b179,3eb1939d44876b0c,464454671.8249268,-16357966.318490922,0.5135893063022183,439.3333333333333,0.07283779961563283,False,468686521.1861804,-14658251.022396564,0.5145190649738274,444.8,0.07331233538264047,False
61,routing_persistent_hotspot_cluster2,routing_persistent_hotspot_cluster2,51,remaining,1,0,mdl2,anchor,0.0,0.0,0.0,0.0,True,,663c00bf5e2d381c,56731259.56998233,0.0,0.5186224967246865,58.0,0.06887672996459607,True,56731259.56998233,0.0,0.5186224967246865,58.0,0.06887672996459607,True
61,routing_persistent_hotspot_cluster2,routing_persistent_hotspot_cluster2,51,remaining,1,1,specimen_transfer:+1x0.05,specimen_transfer,0.05,1.0,0.14343473315238953,8.94427190999916,True,77e152f20179de53,4fd3acbea8d8b8ba,55211083.68977127,1520175.8802110553,0.5186224967246865,56.0,0.06887672996459607,True,55211083.68977128,1520175.8802110478,0.5186224967246865,56.0,0.06887672996459607,True
61,routing_persistent_hotspot_cluster2,routing_persistent_hotspot_cluster2,51,remaining,1,2,specimen_transfer:-1x0.05,specimen_transfer,0.05,-1.0,0.14343473315238953,9.16515138991168,True,77e152f20179de53,0af7e1924b33b90e,55160262.13487542,1570997.4351069108,0.5186224967246865,56.0,0.06892109500805153,False,55160262.13487542,1570997.4351069108,0.5186224967246865,56.0,0.06892109500805153,False
61,routing_persistent_hotspot_cluster2,routing_persistent_hotspot_cluster2,51,remaining,1,3,specimen_transfer:+1x0.1,specimen_transfer,0.1,1.0,0.28686946630477905,17.88854381999832,True,77e152f20179de53,27aba79e3e6f9861,53642340.756113924,3088918.8138684034,0.5186224967246865,54.0,0.06887672996459607,True,53642340.75611393,3088918.813868396,0.5186224967246865,54.0,0.06887672996459607,True
61,routing_persistent_hotspot_cluster2,routing_persistent_hotspot_cluster2,51,remaining,1,4,specimen_transfer:-1x0.1,specimen_transfer,0.1,-1.0,0.28686946630477905,13.638181696985855,True,77e152f20179de53,7b8b14c07152624b,54764328.44690154,1966931.12308079,0.5186224967246865,56.0,0.06892109500805153,False,54764328.446901545,1966931.1230807826,0.5186224967246865,56.0,0.06892109500805153,False
61,routing_persistent_hotspot_cluster2,routing_persistent_hotspot_cluster2,51,remaining,1,5,reagent_transfer:+1x0.05,reagent_transfer,0.05,1.0,0.08652745932340622,3.86426184935872,True,3867da5b0f030310,ce719fda98de7905,56733419.99760475,-2160.427622422576,0.5186224967246865,58.0,0.06887672996459607,True,56733419.99760474,-2160.4276224151254,0.5186224967246865,58.0,0.06887672996459607,True
61,routing_persistent_hotspot_cluster2,routing_persistent_hotspot_cluster2,51,remaining,1,6,reagent_transfer:-1x0.05,reagent_transfer,0.05,-1.0,0.08652745932340622,3.8642617629763363,True,3867da5b0f030310,fc36a253f2b18330,56771798.90814555,-40539.33816321939,0.5186224967246865,58.0,0.06887672996459607,True,56771798.90814555,-40539.33816321939,0.5186224967246865,58.0,0.06887672996459607,True
61,routing_persistent_hotspot_cluster2,routing_persistent_hotspot_cluster2,51,remaining,1,7,reagent_transfer:+1x0.1,reagent_transfer,0.1,1.0,0.17305491864681244,7.72852343957029,True,3867da5b0f030310,6d81b78825b78f4e,56735580.425116874,-4320.855134546757,0.5186224967246865,58.0,0.06887672996459607,True,56735580.425116874,-4320.855134546757,0.5186224967246865,58.0,0.06887672996459607,True
61,routing_persistent_hotspot_cluster2,routing_persistent_hotspot_cluster2,51,remaining,1,8,reagent_transfer:-1x0.1,reagent_transfer,0.1,-1.0,0.17305491864681244,7.728523612335056,True,3867da5b0f030310,e17643b257256f1b,56899673.88090209,-168414.31091976166,0.5186224967246865,58.0,0.06887672996459607,True,56899673.88090209,-168414.31091976166,0.5186224967246865,58.0,0.06887672996459607,True
61,routing_persistent_hotspot_cluster2,routing_persistent_hotspot_cluster2,51,remaining,1,9,combined_transfer:+1x0.05,combined_transfer,0.05,1.0,0.14819248020648956,4.429683846994179,True,1a9ab293060e0b6b,8dfb752b748eb7ea,56923725.60961262,-192466.03963029385,0.5186224967246865,58.0,0.06887672996459607,True,56923725.60961263,-192466.0396303013,0.5186224967246865,58.0,0.06887672996459607,True
61,routing_persistent_hotspot_cluster2,routing_persistent_hotspot_cluster2,51,remaining,1,10,combined_transfer:-1x0.05,combined_transfer,0.05,-1.0,0.14819248020648956,4.429683771637976,True,1a9ab293060e0b6b,b4f1c7433fb07d38,56994399.59667614,-263140.0266938135,0.5186224967246865,58.0,0.06887672996459607,True,56994399.59667613,-263140.02669380605,0.5186224967246865,58.0,0.06887672996459607,True
61,routing_persistent_hotspot_cluster2,routing_persistent_hotspot_cluster2,51,remaining,1,11,combined_transfer:+1x0.1,combined_transfer,0.1,1.0,0.2963849604129791,8.859367467919755,True,1a9ab293060e0b6b,b10d1a8a2c005cfe,57116191.64913264,-384932.07915031165,0.5186224967246865,58.0,0.06887672996459607,True,57116191.64913263,-384932.0791503042,0.5186224967246865,58.0,0.06887672996459607,True
61,routing_persistent_hotspot_cluster2,routing_persistent_hotspot_cluster2,51,remaining,1,12,combined_transfer:-1x0.1,combined_transfer,0.1,-1.0,0.2963849604129791,8.73793089796851,True,1a9ab293060e0b6b,00292c07c9d24f8d,57320785.3522496,-589525.7822672725,0.5186224967246865,58.0,0.06887672996459607,True,57320785.35224961,-589525.7822672799,0.5186224967246865,58.0,0.06887672996459607,True
62,routing_persistent_hotspot_cluster3,routing_persistent_hotspot_cluster3,0,remaining,52,0,mdl2,anchor,0.0,0.0,0.0,0.0,True,,9f5a5c14ca2e14c1,2025032301.8031895,0.0,0.5616250350079284,1717.6666666666667,0.05522524574546007,True,2065699518.041902,0.0,0.5588498650922432,1754.4,0.05415775415476167,True
62,routing_persistent_hotspot_cluster3,routing_persistent_hotspot_cluster3,0,remaining,52,1,specimen_transfer:+1x0.05,specimen_transfer,0.05,1.0,0.18741388618946075,0.0,False,b393978842a0fa3d,b393978842a0fa3d,2025032301.8031895,0.0,0.5616250350079284,1717.6666666666667,0.05522524574546007,True,2065699518.041902,0.0,0.5588498650922432,1754.4,0.05415775415476167,True
62,routing_persistent_hotspot_cluster3,routing_persistent_hotspot_cluster3,0,remaining,52,2,specimen_transfer:-1x0.05,specimen_transfer,0.05,-1.0,0.18741388618946075,0.0,False,b393978842a0fa3d,b393978842a0fa3d,2025032301.8031895,0.0,0.5616250350079284,1717.6666666666667,0.05522524574546007,True,2065699518.041902,0.0,0.5588498650922432,1754.4,0.05415775415476167,True
62,routing_persistent_hotspot_cluster3,routing_persistent_hotspot_cluster3,0,remaining,52,3,specimen_transfer:+1x0.1,specimen_transfer,0.1,1.0,0.3748277723789215,0.0,False,b393978842a0fa3d,b393978842a0fa3d,2025032301.8031895,0.0,0.5616250350079284,1717.6666666666667,0.05522524574546007,True,2065699518.041902,0.0,0.5588498650922432,1754.4,0.05415775415476167,True
62,routing_persistent_hotspot_cluster3,routing_persistent_hotspot_cluster3,0,remaining,52,4,specimen_transfer:-1x0.1,specimen_transfer,0.1,-1.0,0.3748277723789215,0.0,False,b393978842a0fa3d,b393978842a0fa3d,2025032301.8031895,0.0,0.5616250350079284,1717.6666666666667,0.05522524574546007,True,2065699518.041902,0.0,0.5588498650922432,1754.4,0.05415775415476167,True
62,routing_persistent_hotspot_cluster3,routing_persistent_hotspot_cluster3,0,remaining,52,5,reagent_transfer:+1x0.05,reagent_transfer,0.05,1.0,0.17385755479335785,10.434358830553759,True,b393978842a0fa3d,64906586550233c2,2025011821.673455,20480.129734516144,0.5616250350079284,1717.6666666666667,0.05522524574546007,True,2065695039.5252438,4478.516658306122,0.5588498650922432,1754.4,0.05415775415476167,True
62,routing_persistent_hotspot_cluster3,routing_persistent_hotspot_cluster3,0,remaining,52,6,reagent_transfer:-1x0.05,reagent_transfer,0.05,-1.0,0.17385755479335785,10.434358830553759,True,b393978842a0fa3d,df26f1c2a398786d,2025061371.2046998,-29069.401510238647,0.5616250350079284,1717.6666666666667,0.05522524574546007,True,2065724570.121081,-25052.07917904854,0.5588498650922432,1754.4,0.05415775415476167,True
62,routing_persistent_hotspot_cluster3,routing_persistent_hotspot_cluster3,0,remaining,52,7,reagent_transfer:+1x0.1,reagent_transfer,0.1,1.0,0.3477151095867157,20.868717661107517,True,b393978842a0fa3d,a2341e0b7fa84181,2025051731.3820105,-19429.578820943832,0.5616250350079284,1717.6666666666667,0.05522524574546007,True,2065681358.001553,18160.040349006653,0.5588498650922432,1754.4,0.05415775415476167,True
62,routing_persistent_hotspot_cluster3,routing_persistent_hotspot_cluster3,0,remaining,52,8,reagent_transfer:-1x0.1,reagent_transfer,0.1,-1.0,0.3477151095867157,20.868717661107517,True,b393978842a0fa3d,21b50610858d5472,2025105307.4342108,-73005.63102126122,0.5616250350079284,1717.6666666666667,0.05522524574546007,True,2065729872.8762646,-30354.834362506866,0.5588498650922432,1754.4,0.05415775415476167,True
62,routing_persistent_hotspot_cluster3,routing_persistent_hotspot_cluster3,0,remaining,52,9,combined_transfer:+1x0.05,combined_transfer,0.05,1.0,0.20370088517665863,10.636976381347871,True,e2bcfde2771b8531,f1e881e108f8d7b4,2097753365.371544,-72721063.56835437,0.5444284901083889,1790.6666666666667,0.05935177738423373,False,2138779948.653408,-73080430.61150599,0.5422087283203234,1829.8,0.05797828622678325,False
62,routing_persistent_hotspot_cluster3,routing_persistent_hotspot_cluster3,0,remaining,52,10,combined_transfer:-1x0.05,combined_transfer,0.05,-1.0,0.21473078429698944,10.678103429758568,True,e2bcfde2771b8531,f2392defd1589810,2030096123.5996125,-5063821.796422958,0.5539504240161659,1763.6666666666667,0.056135665596949484,False,2071944415.8984332,-6244897.856531143,0.5519216472076302,1795.2,0.05625389450101932,False
62,routing_persistent_hotspot_cluster3,routing_persistent_hotspot_cluster3,0,remaining,52,11,combined_transfer:+1x0.1,combined_transfer,0.1,1.0,0.40740180015563965,21.21356036174234,True,e2bcfde2771b8531,2e300cb3f68aeaaf,2087002121.9362106,-61969820.133021116,0.5481435647069962,1772.0,0.05750610082543802,False,2132650785.8805375,-66951267.838635445,0.5459015312511888,1809.0,0.055625771055397066,False
62,routing_persistent_hotspot_cluster3,routing_persistent_hotspot_cluster3,0,remaining,52,12,combined_transfer:-1x0.1,combined_transfer,0.1,-1.0,0.42946159839630127,21.35177007277898,True,e2bcfde2771b8531,f9219a1208a4b03d,1987489016.1359317,37543285.667257786,0.5631269016571953,1719.6666666666667,0.05545768641834431,False,2019671863.740129,46027654.30177307,0.5628881396864214,1742.0,0.05352157718681477,True
62,routing_persistent_hotspot_cluster3,routing_persistent_hotspot_cluster3,6,remaining,46,0,mdl2,anchor,0.0,0.0,0.0,0.0,True,,bdcb088762ef5568,1930741094.607073,0.0,0.566707464341137,1663.0,0.05386572643714563,True,1910488553.06138,0.0,0.5719290911269133,1624.0,0.05015342469531083,True
62,routing_persistent_hotspot_cluster3,routing_persistent_hotspot_cluster3,6,remaining,46,1,specimen_transfer:+1x0.05,specimen_transfer,0.05,1.0,0.09664691239595413,4.47213595499958,True,b393978842a0fa3d,e04a48686917324b,1931569392.5839145,-828297.9768414497,0.5669625450523261,1661.3333333333333,0.05382107698161237,True,1910536316.7424407,-47763.681060791016,0.5725442179439101,1621.4,0.05010803591226417,True
62,routing_persistent_hotspot_cluster3,routing_persistent_hotspot_cluster3,6,remaining,46,2,specimen_transfer:-1x0.05,specimen_transfer,0.05,-1.0,0.09664691239595413,4.47213595499958,True,b393978842a0fa3d,a2639740558ee56a,1928979583.9537914,1761510.6532816887,0.5663903543436896,1664.6666666666667,0.05417450246301475,False,1907828407.5942051,2660145.4671747684,0.5720040521872076,1623.4,0.050095022042947676,True
62,routing_persistent_hotspot_cluster3,routing_persistent_hotspot_cluster3,6,remaining,46,3,specimen_transfer:+1x0.1,specimen_transfer,0.1,1.0,0.19329382479190826,8.831760866327848,True,b393978842a0fa3d,2ddd00339c8f662f,1934859104.3542516,-4118009.7471785545,0.5669004192370171,1662.3333333333333,0.0541347295109171,False,1911620131.9523492,-1131578.8909692764,0.5725433017113917,1621.0,0.04999159261871861,True
62,routing_persistent_hotspot_cluster3,routing_persistent_hotspot_cluster3,6,remaining,46,4,specimen_transfer:-1x0.1,specimen_transfer,0.1,-1.0,0.19329382479190826,8.0,True,b393978842a0fa3d,0a7f72c1368253ee,1923629891.8959475,7111202.711125612,0.5672781078900613,1661.6666666666667,0.05334769926342225,True,1905099754.902911,5388798.158468962,0.5720020446091307,1623.6,0.05010769552585037,True
62,routing_persistent_hotspot_cluster3,routing_persistent_hotspot_cluster3,6,remaining,46,5,reagent_transfer:+1x0.05,reagent_transfer,0.05,1.0,0.16035358607769012,9.704087364708423,True,90125eb32e448779,865adb365470424f,1930723285.8200703,17808.787002801895,0.566707464341137,1663.0,0.05386572643714563,True,1910607809.0939622,-119256.03258228302,0.5719290911269133,1624.0,0.05015342469531083,True
62,routing_persistent_hotspot_cluster3,routing_persistent_hotspot_cluster3,6,remaining,46,6,reagent_transfer:-1x0.05,reagent_transfer,0.05,-1.0,0.16035358607769012,9.704087364708423,True,90125eb32e448779,c7aa8b685d70dbf7,1930757264.6121924,-16170.00511932373,0.566707464341137,1663.0,0.05386572643714563,True,1910248666.9471202,239886.11425971985,0.5720068970012568,1623.8,0.050205393931933795,False
62,routing_persistent_hotspot_cluster3,routing_persistent_hotspot_cluster3,6,remaining,46,7,reagent_transfer:+1x0.1,reagent_transfer,0.1,1.0,0.32070717215538025,17.963219256562944,True,90125eb32e448779,0ab91364321b4fa6,1930712451.5362675,28643.07080554962,0.566707464341137,1663.0,0.05386572643714563,True,1910909094.5421536,-420541.48077368736,0.5719290911269133,1624.0,0.05015342469531083,True
62,routing_persistent_hotspot_cluster3,routing_persistent_hotspot_cluster3,6,remaining,46,8,reagent_transfer:-1x0.1,reagent_transfer,0.1,-1.0,0.32070717215538025,17.963219256562944,True,90125eb32e448779,947054bacd7f4390,1930925119.9493723,-184025.34229922295,0.566707464341137,1663.0,0.05386572643714563,True,1910166447.2879379,322105.77344202995,0.571967994064085,1624.0,0.05026358301541341,False
62,routing_persistent_hotspot_cluster3,routing_persistent_hotspot_cluster3,6,remaining,46,9,combined_transfer:+1x0.05,combined_transfer,0.05,1.0,0.18575884401798248,9.849785181200486,True,0a345579c8b8a0ce,bdf09b3c13ad7b1a,1985465633.3876393,-54724538.780566216,0.5522017598955927,1732.3333333333333,0.05732486473388677,False,1965785101.6259148,-55296548.5645349,0.5564414482858664,1699.6,0.054670322020204054,False
62,routing_persistent_hotspot_cluster3,routing_persistent_hotspot_cluster3,6,remaining,46,10,combined_transfer:-1x0.05,combined_transfer,0.05,-1.0,0.18575884401798248,9.79179865932029,True,0a345579c8b8a0ce,316da0f8ddb5979e,1945432707.4710324,-14691612.863959312,0.5601938819651755,1695.3333333333333,0.05532731860427503,False,1930191689.143076,-19703136.081696033,0.5635358027114916,1667.2,0.05289183493401197,False
62,routing_persistent_hotspot_cluster3,routing_persistent_hotspot_cluster3,6,remaining,46,11,combined_transfer:+1x0.1,combined_transfer,0.1,1.0,0.3715176582336426,18.27766593947285,True,0a345579c8b8a0ce,36de924ceae09e0a,2021865616.9600697,-91124522.35299659,0.5444185282218067,1759.6666666666667,0.0582408755383759,False,2005685981.457198,-95197428.395818,0.548060772061685,1728.6,0.055808812185538514,False
62,routing_persistent_hotspot_cluster3,routing_persistent_hotspot_cluster3,6,remaining,46,12,combined_transfer:-1x0.1,combined_transfer,0.1,-1.0,0.37151768803596497,18.15261093260266,True,0a345579c8b8a0ce,71b8cbff05589a41,1944672617.0058517,-13931522.398778677,0.5598702427823,1698.0,0.05467197867855753,False,1924704333.5696664,-14215780.508286476,0.5641909567020519,1666.4,0.05101150705887447,False
62,routing_persistent_hotspot_cluster3,routing_persistent_hotspot_cluster3,12,remaining,40,0,mdl2,anchor,0.0,0.0,0.0,0.0,True,,47f3b7bfcfd9ba3f,1846557795.1940002,0.0,0.5639576506359717,1618.0,0.05539987133656751,True,1824723447.6728644,0.0,0.5682694011353595,1595.2,0.053337332543555736,True
62,routing_persistent_hotspot_cluster3,routing_persistent_hotspot_cluster3,12,remaining,40,1,specimen_transfer:+1x0.05,specimen_transfer,0.05,1.0,0.1152477040886879,9.055385138137417,True,8fd7d46629f5540d,84e44c0b8367786f,1845731395.2820318,826399.9119684696,0.5649757234310739,1615.0,0.05465520568555079,True,1825388005.9540455,-664558.281181097,0.5679241035400413,1597.0,0.05352891407262693,False
62,routing_persistent_hotspot_cluster3,routing_persistent_hotspot_cluster3,12,remaining,40,2,specimen_transfer:-1x0.05,specimen_transfer,0.05,-1.0,0.1152477040886879,7.483314773547883,True,8fd7d46629f5540d,38be9847ffbfc30c,1842075447.3112185,4482347.882781744,0.5646560797929877,1616.0,0.05459219086422051,True,1822416587.5677612,2306860.1051032543,0.5678094071312421,1596.8,0.0533703045971677,False
62,routing_persistent_hotspot_cluster3,routing_persistent_hotspot_cluster3,12,remaining,40,3,specimen_transfer:+1x0.1,specimen_transfer,0.1,1.0,0.2304954081773758,16.97056274847714,True,8fd7d46629f5540d,1a37e577e830556d,1847029221.4630988,-471426.2690985203,0.5647258149921573,1615.6666666666667,0.05487486010416909,True,1825654162.0679085,-930714.3950440884,0.5684233870735016,1593.6,0.05245571140565993,True
62,routing_persistent_hotspot_cluster3,routing_persistent_hotspot_cluster3,12,remaining,40,4,specimen_transfer:-1x0.1,specimen_transfer,0.1,-1.0,0.2304954081773758,9.486832980505138,True,8fd7d46629f5540d,c787fbeace452e15,1842497950.062466,4059845.131534338,0.5640865277159849,1619.0,0.05533623336551705,False,1825381335.7207303,-657888.0478658676,0.5668143244218281,1601.2,0.05457019222519137,False
62,routing_persistent_hotspot_cluster3,routing_persistent_hotspot_cluster3,12,remaining,40,5,reagent_transfer:+1x0.05,reagent_transfer,0.05,1.0,0.16050565242767334,9.251193203679279,True,f67f29c18995c883,134e9d8b7ea618c5,1846133023.652095,424771.5419051647,0.5640203662207947,1618.0,0.05539987133656751,True,1824698258.3824286,25189.290435791016,0.5682694011353595,1595.2,0.053337332543555736,True
62,routing_persistent_hotspot_cluster3,routing_persistent_hotspot_cluster3,12,remaining,40,6,reagent_transfer:-1x0.05,reagent_transfer,0.05,-1.0,0.16050565242767334,9.41161424612012,True,f67f29c18995c883,422923207685754e,1846565988.5955384,-8193.401538133621,0.5640203662207947,1618.0,0.05539987133656751,True,1824820300.3191059,-96852.64624142647,0.5682307910967495,1595.0,0.053276076800829866,False
62,routing_persistent_hotspot_cluster3,routing_persistent_hotspot_cluster3,12,remaining,40,7,reagent_transfer:+1x0.1,reagent_transfer,0.1,1.0,0.3210113048553467,17.81433219637796,True,f67f29c18995c883,4652cd7c81ffcbf3,1845976910.185798,580885.0082023144,0.5640203662207947,1618.0,0.05539987133656751,True,1824589660.9241042,133786.7487602234,0.5682694011353595,1595.2,0.053337332543555736,True
62,routing_persistent_hotspot_cluster3,routing_persistent_hotspot_cluster3,12,remaining,40,8,reagent_transfer:-1x0.1,reagent_transfer,0.1,-1.0,0.3210113048553467,16.25460601090989,True,f67f29c18995c883,e88c5f2c553a7724,1846608178.8932486,-50383.699248313904,0.5639576506359717,1618.0,0.05539987133656751,True,1824852527.8552852,-129080.18242073059,0.5682307910967495,1595.0,0.053276076800829866,False
62,routing_persistent_hotspot_cluster3,routing_persistent_hotspot_cluster3,12,remaining,40,9,combined_transfer:+1x0.05,combined_transfer,0.05,1.0,0.19658172130584717,9.474093240248907,True,1292b808bf05982f,19dd05d12cb2f567,1904231581.1573963,-57673785.96339607,0.5480230724511378,1692.0,0.05763084456182933,False,1887240563.356686,-62517115.68382168,0.5514153937681229,1673.6,0.056146787617411875,False
62,routing_persistent_hotspot_cluster3,routing_persistent_hotspot_cluster3,12,remaining,40,10,combined_transfer:-1x0.05,combined_transfer,0.05,-1.0,0.19658172130584717,9.630802134344757,True,1292b808bf05982f,227125f949ace340,1863671277.3907998,-17113482.196799517,0.5562739486290137,1667.3333333333333,0.05759219131075893,False,1842725313.7554424,-18001866.082577944,0.5599504870711283,1643.4,0.056563514079826085,False
62,routing_persistent_hotspot_cluster3,routing_persistent_hotspot_cluster3,12,remaining,40,11,combined_transfer:+1x0.1,combined_transfer,0.1,1.0,0.39316344261169434,18.276922600247058,True,1292b808bf05982f,a154167094379ac4,1907158529.3024633,-60600734.10846305,0.549803599889881,1673.0,0.0569590045718997,False,1884999113.801571,-60275666.128706455,0.5542876674804862,1649.4,0.05451822745928394,False
62,routing_persistent_hotspot_cluster3,routing_persistent_hotspot_cluster3,12,remaining,40,12,combined_transfer:-1x0.1,combined_transfer,0.1,-1.0,0.39316344261169434,16.70462375057816,True,1292b808bf05982f,4c043ed6e47f84b5,1859467770.4753487,-12909975.281348467,0.5559684583235289,1676.6666666666667,0.05712694227223256,False,1836238679.3019714,-11515231.629106998,0.5605691370540031,1646.0,0.05499605676472806,False
62,routing_persistent_hotspot_cluster3,routing_persistent_hotspot_cluster3,18,remaining,34,0,mdl2,anchor,0.0,0.0,0.0,0.0,True,,25b7d70e8624a149,1490367989.873244,0.0,0.5817846143460011,1292.3333333333333,0.04643442093008874,True,1497829878.1618817,0.0,0.5783475477208717,1319.2,0.05059451707662634,True
62,routing_persistent_hotspot_cluster3,routing_persistent_hotspot_cluster3,18,remaining,34,1,specimen_transfer:+1x0.05,specimen_transfer,0.05,1.0,0.10520128160715103,7.615773105863909,True,8221cd8226342b33,1f55d1cf8576d660,1491590575.8706808,-1222585.9974367619,0.5821146810993819,1290.6666666666667,0.0457189073160876,True,1496511600.225391,1318277.9364907742,0.5790861394580479,1315.0,0.049603812243085965,True
62,routing_persistent_hotspot_cluster3,routing_persistent_hotspot_cluster3,18,remaining,34,2,specimen_transfer:-1x0.05,specimen_transfer,0.05,-1.0,0.10520128160715103,8.717797887081348,True,8221cd8226342b33,7a1b217c698d4c4c,1495673462.747969,-5305472.874724865,0.579384233633299,1303.6666666666667,0.04881872187743338,False,1502745478.576199,-4915600.414317369,0.575740051465916,1330.8,0.05338687847991218,False
62,routing_persistent_hotspot_cluster3,routing_persistent_hotspot_cluster3,18,remaining,34,3,specimen_transfer:+1x0.1,specimen_transfer,0.1,1.0,0.21040256321430206,14.628738838327793,True,8221cd8226342b33,6e27a0aa10f1a155,1492463808.364795,-2095818.4915509224,0.5826321857497879,1288.3333333333333,0.045701359444241994,True,1497979827.4071922,-149949.24531054497,0.5795172240987174,1312.6,0.04969063493328507,True
62,routing_persistent_hotspot_cluster3,routing_persistent_hotspot_cluster3,18,remaining,34,4,specimen_transfer:-1x0.1,specimen_transfer,0.1,-1.0,0.21040256321430206,15.033296378372908,True,8221cd8226342b33,b19d62c9f8750b46,1496517350.3001149,-6149360.426870823,0.5797014078153783,1301.6666666666667,0.047750078883277314,False,1506842680.564632,-9012802.402750254,0.5747640653401849,1336.8,0.05389715038465008,False
62,routing_persistent_hotspot_cluster3,routing_persistent_hotspot_cluster3,18,remaining,34,5,reagent_transfer:+1x0.05,reagent_transfer,0.05,1.0,0.14121149480342865,8.785993524492957,True,2e846bca47c94151,473947fa7040b26c,1490386492.2273781,-18502.354134082794,0.581719497461193,1292.3333333333333,0.046429703183435506,False,1497880433.87925,-50555.717368364334,0.5783475477208717,1319.2,0.05059451707662634,True
62,routing_persistent_hotspot_cluster3,routing_persistent_hotspot_cluster3,18,remaining,34,6,reagent_transfer:-1x0.05,reagent_transfer,0.05,-1.0,0.14121149480342865,8.384795187222046,True,2e846bca47c94151,b8ce259faa254ecc,1490402822.975189,-34833.1019449234,0.5817846143460011,1292.3333333333333,0.04643442093008874,True,1497447436.394388,382441.7674937248,0.5784249471016767,1318.6,0.050354895155996435,True
62,routing_persistent_hotspot_cluster3,routing_persistent_hotspot_cluster3,18,remaining,34,7,reagent_transfer:+1x0.1,reagent_transfer,0.1,1.0,0.2824229896068573,16.445434534229378,True,2e846bca47c94151,c66476b42b7204ab,1490414340.36907,-46350.495826005936,0.581719497461193,1292.3333333333333,0.046429703183435506,False,1497836294.9235795,-6416.761697769165,0.5783475477208717,1319.2,0.05059451707662634,True
62,routing_persistent_hotspot_cluster3,routing_persistent_hotspot_cluster3,18,remaining,34,8,reagent_transfer:-1x0.1,reagent_transfer,0.1,-1.0,0.2824229896068573,15.991134211671541,True,2e846bca47c94151,10b63ace12537924,1490457688.1322167,-89698.2589726448,0.5817846143460011,1292.3333333333333,0.04643442093008874,True,1497576118.3077393,253759.85414242744,0.5784249471016767,1318.8,0.050471666953776216,True
62,routing_persistent_hotspot_cluster3,routing_persistent_hotspot_cluster3,18,remaining,34,9,combined_transfer:+1x0.05,combined_transfer,0.05,1.0,0.17486317455768585,8.979971584554505,True,f8f78c7a923ffc44,637394067a8a239d,1532779170.03792,-42411180.16467595,0.5716016150920901,1332.0,0.048430140737958656,False,1536113065.1529953,-38283186.99111366,0.5692782355314665,1346.8,0.051623179755936575,False
62,routing_persistent_hotspot_cluster3,routing_persistent_hotspot_cluster3,18,remaining,34,10,combined_transfer:-1x0.05,combined_transfer,0.05,-1.0,0.17486317455768585,8.587840111380519,True,f8f78c7a923ffc44,9058b7de353ed069,1530829938.6051528,-40461948.7319088,0.5668510674084652,1374.6666666666667,0.052396030364959566,False,1534264952.4579036,-36435074.29602194,0.5642994189387901,1394.8,0.05627670692440635,False
62,routing_persistent_hotspot_cluster3,routing_persistent_hotspot_cluster3,18,remaining,34,11,combined_transfer:+1x0.1,combined_transfer,0.1,1.0,0.3497263491153717,16.85933411518738,True,f8f78c7a923ffc44,1312983b09dfc3b3,1521197101.777622,-30829111.904377937,0.5760797976343058,1306.6666666666667,0.04586841550316632,False,1527560965.814681,-29731087.652799368,0.5732109835903931,1324.2,0.05009415877854342,False
62,routing_persistent_hotspot_cluster3,routing_persistent_hotspot_cluster3,18,remaining,34,12,combined_transfer:-1x0.1,combined_transfer,0.1,-1.0,0.3497263491153717,16.39873411773146,True,f8f78c7a923ffc44,da5b35c55c1f2266,1518686421.7655308,-28318431.892286777,0.5692550443774149,1368.6666666666667,0.04982255517417388,False,1525284504.043501,-27454625.881619215,0.5663240531141385,1387.2,0.05481935897122183,False
62,routing_persistent_hotspot_cluster3,routing_persistent_hotspot_cluster3,25,remaining,27,0,mdl2,anchor,0.0,0.0,0.0,0.0,True,,5ac69a62771a901e,1237762251.8773563,0.0,0.5741886925600904,1094.6666666666667,0.053327320993320305,True,1258086391.1266913,0.0,0.5712906596766987,1118.6,0.05383692458329074,True
62,routing_persistent_hotspot_cluster3,routing_persistent_hotspot_cluster3,25,remaining,27,1,specimen_transfer:+1x0.05,specimen_transfer,0.05,1.0,0.13037903606891632,6.48074069840786,True,b393978842a0fa3d,38747e1ad8136d49,1237598191.959988,164059.9173681736,0.5745125731854083,1094.0,0.05280928831738119,True,1257672422.9545188,413968.1721725464,0.5712859294197472,1118.6,0.053604543872499424,False
62,routing_persistent_hotspot_cluster3,routing_persistent_hotspot_cluster3,25,remaining,27,2,specimen_transfer:-1x0.05,specimen_transfer,0.05,-1.0,0.13037903606891632,7.483314773547883,True,b393978842a0fa3d,b579971aced87c30,1233545357.3797445,4216894.497611761,0.5734734797766674,1098.3333333333333,0.05380805862072332,False,1255097329.4287808,2989061.6979105473,0.5702391278074002,1121.6,0.054462719636680215,False
62,routing_persistent_hotspot_cluster3,routing_persistent_hotspot_cluster3,25,remaining,27,3,specimen_transfer:+1x0.1,specimen_transfer,0.1,1.0,0.26075807213783264,13.711309200802088,True,b393978842a0fa3d,757cccb43ae6fe1f,1237878203.8037295,-115951.92637324333,0.5743834095248027,1095.6666666666667,0.05300928046214424,False,1256634064.312071,1452326.8146202564,0.571748648062561,1116.4,0.05298429363775403,True
62,routing_persistent_hotspot_cluster3,routing_persistent_hotspot_cluster3,25,remaining,27,4,specimen_transfer:-1x0.1,specimen_transfer,0.1,-1.0,0.26075807213783264,13.711309200802088,True,b393978842a0fa3d,59430d016ef7e40d,1234741029.9870565,3021221.890299797,0.5728274970381103,1101.0,0.054143023978261255,False,1255516426.9863815,2569964.1403098106,0.5699687575960486,1124.4,0.05436321891895436,False
62,routing_persistent_hotspot_cluster3,routing_persistent_hotspot_cluster3,25,remaining,27,5,reagent_transfer:+1x0.05,reagent_transfer,0.05,1.0,0.11466635763645172,5.9294415039690405,True,bc419c990f9699d1,d746709c4c41db69,1237758182.3984392,4069.478917121887,0.5741886925600904,1094.6666666666667,0.053327320993320305,True,1258225642.7542026,-139251.6275112629,0.5712906596766987,1118.6,0.05384429853130346,False
62,routing_persistent_hotspot_cluster3,routing_persistent_hotspot_cluster3,25,remaining,27,6,reagent_transfer:-1x0.05,reagent_transfer,0.05,-1.0,0.11466635763645172,6.535350425274752,True,bc419c990f9699d1,7a87ef45fedaaa46,1237759078.253993,3173.6233632564545,0.5742535434031514,1094.6666666666667,0.053327320993320305,True,1258335911.7731483,-249520.64645695686,0.5712906596766987,1118.6,0.05384429853130346,False
62,routing_persistent_hotspot_cluster3,routing_persistent_hotspot_cluster3,25,remaining,27,7,reagent_transfer:+1x0.1,reagent_transfer,0.1,1.0,0.22933271527290344,10.110795877102703,True,bc419c990f9699d1,5ae1d01d3c79a48a,1237755481.313792,6770.563564300537,0.5741886925600904,1094.6666666666667,0.053327320993320305,True,1258249256.1780212,-162865.05132985115,0.5712906596766987,1118.6,0.05384429853130346,False
62,routing_persistent_hotspot_cluster3,routing_persistent_hotspot_cluster3,25,remaining,27,8,reagent_transfer:-1x0.1,reagent_transfer,0.1,-1.0,0.22933271527290344,9.842355136614977,True,bc419c990f9699d1,7b29ffafb6b14d73,1237763175.0439107,-923.1665544509888,0.5742535434031514,1094.6666666666667,0.053327320993320305,True,1258336717.9509056,-250326.82421422005,0.5712906596766987,1118.6,0.05384429853130346,False
62,routing_persistent_hotspot_cluster3,routing_persistent_hotspot_cluster3,25,remaining,27,9,combined_transfer:+1x0.05,combined_transfer,0.05,1.0,0.16464604437351227,6.299309350298051,True,afc35e4f0e969050,f2a45a41cec4a97e,1271724140.8608048,-33961888.983448505,0.5655833609810351,1123.6666666666667,0.05508685788482323,False,1290593875.2134361,-32507484.086744785,0.5626592294428459,1150.2,0.055864742798586275,False
62,routing_persistent_hotspot_cluster3,routing_persistent_hotspot_cluster3,25,remaining,27,10,combined_transfer:-1x0.05,combined_transfer,0.05,-1.0,0.16464604437351227,6.872687023493845,True,afc35e4f0e969050,905269d5a858072c,1268397786.2878304,-30635534.410474062,0.5635738661829028,1151.6666666666667,0.056862641556043814,False,1285055621.35553,-26969230.228838682,0.5618458412052145,1171.8,0.05615140298055475,False
62,routing_persistent_hotspot_cluster3,routing_persistent_hotspot_cluster3,25,remaining,27,11,combined_transfer:+1x0.1,combined_transfer,0.1,1.0,0.32929208874702454,10.969060134555024,True,afc35e4f0e969050,922acfeef0859980,1254347703.3172574,-16585451.439901114,0.5717324453467023,1092.0,0.05371094814778258,False,1274952862.703631,-16866471.576939583,0.5683099285203925,1121.6,0.05454519460388085,False
62,routing_persistent_hotspot_cluster3,routing_persistent_hotspot_cluster3,25,remaining,27,12,combined_transfer:-1x0.1,combined_transfer,0.1,-1.0,0.32929208874702454,10.584433553893756,True,afc35e4f0e969050,738e099704bdd4a8,1253878498.747744,-16116246.870387793,0.5675211000422485,1142.3333333333333,0.05608531253692544,False,1272510463.54944,-14424072.422748566,0.5653287994079477,1159.0,0.05423077463355789,False
62,routing_persistent_hotspot_cluster3,routing_persistent_hotspot_cluster3,31,remaining,21,0,mdl2,anchor,0.0,0.0,0.0,0.0,True,,31a71a0c1b458428,950949099.1911274,0.0,0.5782084700135596,816.6666666666666,0.051287497208143074,True,963238880.2477989,0.0,0.5759350896896389,841.4,0.052998017536933326,True
62,routing_persistent_hotspot_cluster3,routing_persistent_hotspot_cluster3,31,remaining,21,1,specimen_transfer:+1x0.05,specimen_transfer,0.05,1.0,0.13342861831188202,8.246211251235321,True,4e0f2d1758fee06a,5e4d7babd435a8b5,947233160.2079934,3715938.9831340313,0.579250400406205,810.3333333333334,0.04984011458844295,True,959368901.3509401,3869978.8968588114,0.5772621987727122,834.8,0.05150525204777463,True
62,routing_persistent_hotspot_cluster3,routing_persistent_hotspot_cluster3,31,remaining,21,2,specimen_transfer:-1x0.05,specimen_transfer,0.05,-1.0,0.13342861831188202,9.273618495495704,True,4e0f2d1758fee06a,ff8a765cd972fed4,951921129.3093888,-972030.1182613373,0.5774268118206106,821.3333333333334,0.05113881194213604,False,966272600.8528732,-3033720.6050742865,0.574724280089009,847.8,0.05372737218057481,False
62,routing_persistent_hotspot_cluster3,routing_persistent_hotspot_cluster3,31,remaining,21,3,specimen_transfer:+1x0.1,specimen_transfer,0.1,1.0,0.26685723662376404,16.1245154965971,True,4e0f2d1758fee06a,7a7adf47fa293629,944535973.9652863,6413125.225841165,0.5797068479036324,807.3333333333334,0.048814608972265194,True,958002211.5052507,5236668.742548227,0.5774181842307173,834.2,0.05109181717270147,True
62,routing_persistent_hotspot_cluster3,routing_persistent_hotspot_cluster3,31,remaining,21,4,specimen_transfer:-1x0.1,specimen_transfer,0.1,-1.0,0.26685723662376404,14.212670403551895,True,4e0f2d1758fee06a,ed5b6daf54bfa7f9,953054475.6322123,-2105376.4410848618,0.5769078734634555,823.3333333333334,0.05205716080796144,False,966798800.1203581,-3559919.87255919,0.5744894628438082,849.4,0.05374838629730666,False
62,routing_persistent_hotspot_cluster3,routing_persistent_hotspot_cluster3,31,remaining,21,5,reagent_transfer:+1x0.05,reagent_transfer,0.05,1.0,0.09472671896219254,2.590017889101105,True,06bb933776c24093,0ba849b9db76b879,950887401.0384299,61698.15269756317,0.5782084700135596,816.6666666666666,0.051287497208143074,True,963232875.409351,6004.838447928429,0.5759350896896389,841.4,0.052998017536933326,True
62,routing_persistent_hotspot_cluster3,routing_persistent_hotspot_cluster3,31,remaining,21,6,reagent_transfer:-1x0.05,reagent_transfer,0.05,-1.0,0.09472671896219254,4.113683545126611,True,06bb933776c24093,f41e01983ac71ef7,951018010.6984395,-68911.5073120594,0.5782084700135596,816.6666666666666,0.051287497208143074,True,963304269.931818,-65389.684019088745,0.5759350896896389,841.4,0.052998017536933326,True
62,routing_persistent_hotspot_cluster3,routing_persistent_hotspot_cluster3,31,remaining,21,7,reagent_transfer:+1x0.1,reagent_transfer,0.1,1.0,0.18945343792438507,4.827249722680575,True,06bb933776c24093,3b062c6c7158673f,950891886.1444257,57213.04670166969,0.5782084700135596,816.6666666666666,0.051287497208143074,True,963203840.6202348,35039.62756407261,0.5759350896896389,841.4,0.052998017536933326,True
62,routing_persistent_hotspot_cluster3,routing_persistent_hotspot_cluster3,31,remaining,21,8,reagent_transfer:-1x0.1,reagent_transfer,0.1,-1.0,0.18945343792438507,6.372596593826495,True,06bb933776c24093,18c931c4118c4cd2,951029303.6255884,-80204.43446099758,0.5782084700135596,816.6666666666666,0.051287497208143074,True,963334442.0080984,-95561.7602994442,0.5759350896896389,841.4,0.052998017536933326,True
62,routing_persistent_hotspot_cluster3,routing_persistent_hotspot_cluster3,31,remaining,21,9,combined_transfer:+1x0.05,combined_transfer,0.05,1.0,0.1446479707956314,3.252684447184903,True,21b42d34608d4fab,d7ef335f97534845,969724103.584828,-18775004.3937006,0.5728044399069335,833.3333333333334,0.05221175212492888,False,978074601.9260238,-14835721.678224921,0.5715584359127964,853.8,0.053207819726762765,False
62,routing_persistent_hotspot_cluster3,routing_persistent_hotspot_cluster3,31,remaining,21,10,combined_transfer:-1x0.05,combined_transfer,0.05,-1.0,0.1446479707956314,4.56006093780996,True,21b42d34608d4fab,c5c2eea902a98dd1,971042060.7448992,-20092961.553771734,0.5712394145808858,859.3333333333334,0.05371747142136463,False,984685291.5061678,-21446411.25836885,0.5686307888233203,884.0,0.056607778325208316,False
62,routing_persistent_hotspot_cluster3,routing_persistent_hotspot_cluster3,31,remaining,21,11,combined_transfer:+1x0.1,combined_transfer,0.1,1.0,0.2892959415912628,6.228113171217984,True,21b42d34608d4fab,6359e44e757deb75,959535906.7491325,-8586807.558005095,0.576255790910286,814.3333333333334,0.051019984562693244,False,969042194.6881329,-5803314.440333962,0.5749570582450232,834.8,0.05263565802802461,False
62,routing_persistent_hotspot_cluster3,routing_persistent_hotspot_cluster3,31,remaining,21,12,combined_transfer:-1x0.1,combined_transfer,0.1,-1.0,0.2892959415912628,7.489795800689649,True,21b42d34608d4fab,1023be000c44b108,967150833.9504986,-16201734.759371161,0.5724150294115345,860.0,0.05284907387781055,False,981585100.8081726,-18346220.560373664,0.5699565653083378,886.0,0.05559193659670569,False
62,routing_persistent_hotspot_cluster3,routing_persistent_hotspot_cluster3,37,remaining,15,0,mdl2,anchor,0.0,0.0,0.0,0.0,True,,7426ffc77e038ad2,709447058.3219632,0.0,0.5781143386613813,608.6666666666666,0.04960439913684375,True,707131099.8400759,0.0,0.581142754176594,618.2,0.0487659330688557,True
62,routing_persistent_hotspot_cluster3,routing_persistent_hotspot_cluster3,37,remaining,15,1,specimen_transfer:+1x0.05,specimen_transfer,0.05,1.0,0.08970355987548828,5.830951894845301,True,b393978842a0fa3d,17b16dc4972eb4e7,708429183.5827662,1017874.7391970158,0.5781793588916228,608.0,0.049203835954898946,True,705301390.7930415,1829709.0470343828,0.5813750163581418,616.4,0.0480410663768986,True
62,routing_persistent_hotspot_cluster3,routing_persistent_hotspot_cluster3,37,remaining,15,2,specimen_transfer:-1x0.05,specimen_transfer,0.05,-1.0,0.08970355987548828,5.830951894845301,True,b393978842a0fa3d,495ff84710496ac9,708530705.8747754,916352.4471877813,0.5784394064278078,610.6666666666666,0.049183554564535624,False,707899465.531399,-768365.6913231611,0.5807492777571687,621.0,0.04918608525887425,False
62,routing_persistent_hotspot_cluster3,routing_persistent_hotspot_cluster3,37,remaining,15,3,specimen_transfer:+1x0.1,specimen_transfer,0.1,1.0,0.17940711975097656,10.488088481701515,True,b393978842a0fa3d,d7e49cac37761ce3,708185839.720327,1261218.6016361713,0.5781793588916228,607.3333333333334,0.049203835954898946,True,705317243.7472636,1813856.0928122997,0.5813358390809624,615.6,0.04803510281896089,True
62,routing_persistent_hotspot_cluster3,routing_persistent_hotspot_cluster3,37,remaining,15,4,specimen_transfer:-1x0.1,specimen_transfer,0.1,-1.0,0.17940711975097656,10.488088481701515,True,b393978842a0fa3d,74b0bef6dc62113c,709702514.3629754,-255456.04101216793,0.577723554957085,615.3333333333334,0.04930131453555656,False,709704396.4864755,-2573296.646399617,0.5805155802986196,627.0,0.0489227355086369,False
62,routing_persistent_hotspot_cluster3,routing_persistent_hotspot_cluster3,37,remaining,15,5,reagent_transfer:+1x0.05,reagent_transfer,0.05,1.0,0.08663550019264221,3.1268622816840574,True,3346a4ce7f6f04ac,1d78f79827c54241,709405947.9131877,41110.4087754488,0.5781143386613813,608.6666666666666,0.04960439913684375,True,707072062.1188664,59037.72120940685,0.581142754176594,618.2,0.0487659330688557,True
62,routing_persistent_hotspot_cluster3,routing_persistent_hotspot_cluster3,37,remaining,15,6,reagent_transfer:-1x0.05,reagent_transfer,0.05,-1.0,0.08663550019264221,4.639182107550945,True,3346a4ce7f6f04ac,4b2005fef0d2df31,709459440.65487,-12382.332906842232,0.5781143386613813,608.6666666666666,0.04960439913684375,True,707143374.4376152,-12274.597539305687,0.581142754176594,618.2,0.0487659330688557,True
62,routing_persistent_hotspot_cluster3,routing_persistent_hotspot_cluster3,37,remaining,15,7,reagent_transfer:+1x0.1,reagent_transfer,0.1,1.0,0.17327100038528442,6.253724735233136,True,3346a4ce7f6f04ac,d0a73773a5edda10,709378660.6822758,68397.63968741894,0.5781143386613813,608.6666666666666,0.04960439913684375,True,707114921.1842273,16178.655848503113,0.581142754176594,618.2,0.0487659330688557,True
62,routing_persistent_hotspot_cluster3,routing_persistent_hotspot_cluster3,37,remaining,15,8,reagent_transfer:-1x0.1,reagent_transfer,0.1,-1.0,0.17327100038528442,9.27836369698206,True,3346a4ce7f6f04ac,2dd119366db08ed8,709471857.482202,-24799.160238862038,0.5781143386613813,608.6666666666666,0.04960439913684375,True,707122432.2379119,8667.602163910866,0.581142754176594,618.2,0.0487659330688557,True
62,routing_persistent_hotspot_cluster3,routing_persistent_hotspot_cluster3,37,remaining,15,9,combined_transfer:+1x0.05,combined_transfer,0.05,1.0,0.12841103971004486,3.5620193401064935,True,3b3c1899ffe1ec85,05440af5c6d77721,715317177.3965156,-5870119.074552417,0.5756428912660972,609.6666666666666,0.0493853490717879,False,714914608.072029,-7783508.231953144,0.5782825720682058,624.4,0.048922667789279624,False
62,routing_persistent_hotspot_cluster3,routing_persistent_hotspot_cluster3,37,remaining,15,10,combined_transfer:-1x0.05,combined_transfer,0.05,-1.0,0.12841103971004486,4.942946962864875,True,3b3c1899ffe1ec85,b960a03814f593dd,720964811.3158264,-11517752.993863225,0.5747325373769049,634.0,0.04996865484262352,False,720365104.9102955,-13234005.070219636,0.576677383717296,645.6,0.0498814588112204,False
62,routing_persistent_hotspot_cluster3,routing_persistent_hotspot_cluster3,37,remaining,15,11,combined_transfer:+1x0.1,combined_transfer,0.1,1.0,0.2568220794200897,7.1240388310819736,True,3b3c1899ffe1ec85,9bca9326cf11fce3,713363043.615003,-3915985.2930397987,0.5762281773888634,604.3333333333334,0.049236440837392294,False,713080404.7050296,-5949304.864953756,0.5790251187485816,618.8,0.048627443919264504,False
62,routing_persistent_hotspot_cluster3,routing_persistent_hotspot_cluster3,37,remaining,15,12,combined_transfer:-1x0.1,combined_transfer,0.1,-1.0,0.2568220794200897,9.885893439450562,True,3b3c1899ffe1ec85,70f1ac94e739975e,721757723.0283952,-12310664.706431985,0.5749951511116568,641.6666666666666,0.0501336610888764,False,722623454.7699312,-15492354.929855347,0.5767139548599012,653.8,0.05064812855282006,False
62,routing_persistent_hotspot_cluster3,routing_persistent_hotspot_cluster3,43,remaining,9,0,mdl2,anchor,0.0,0.0,0.0,0.0,True,,70d12a83527e8a62,446602155.90646476,0.0,0.5752895579588949,390.6666666666667,0.050805710942022575,True,458107583.7079336,0.0,0.5737592361111074,396.2,0.050683700466601776,True
62,routing_persistent_hotspot_cluster3,routing_persistent_hotspot_cluster3,43,remaining,9,1,specimen_transfer:+1x0.05,specimen_transfer,0.05,1.0,0.10931901633739471,5.291502622129181,True,b393978842a0fa3d,4f98d87290a08fd0,446326509.8269253,275646.0795394778,0.5750304795514153,390.0,0.051097890615132,False,457782889.6421134,324694.06582021713,0.5734107250670866,395.6,0.050914347330037565,False
62,routing_persistent_hotspot_cluster3,routing_persistent_hotspot_cluster3,43,remaining,9,2,specimen_transfer:-1x0.05,specimen_transfer,0.05,-1.0,0.10931901633739471,5.291502622129181,True,b393978842a0fa3d,47bdb7fc59f5dbfc,449396209.61999637,-2794053.7135316133,0.5745775772387204,396.3333333333333,0.05193476887015436,False,461180795.8471204,-3073212.1391867995,0.5731011653673029,402.4,0.05179852857408901,False
62,routing_persistent_hotspot_cluster3,routing_persistent_hotspot_cluster3,43,remaining,9,3,specimen_transfer:+1x0.1,specimen_transfer,0.1,1.0,0.21863803267478943,11.489125293076057,True,b393978842a0fa3d,71e9da1981f38b4c,446359155.4582016,243000.44826316833,0.5749010404245595,390.0,0.05130308197549577,False,457591881.2251995,515702.48273408413,0.5732557633903393,395.4,0.051163781902965555,False
62,routing_persistent_hotspot_cluster3,routing_persistent_hotspot_cluster3,43,remaining,9,4,specimen_transfer:-1x0.1,specimen_transfer,0.1,-1.0,0.21863803267478943,8.12403840463596,True,b393978842a0fa3d,2d376322c8ea390e,449470433.86591077,-2868277.959446013,0.5745131027061608,398.6666666666667,0.05193476887015436,False,461261142.00072014,-3153558.2927865386,0.5730617846128486,404.8,0.05179535770402284,False
62,routing_persistent_hotspot_cluster3,routing_persistent_hotspot_cluster3,43,remaining,9,5,reagent_transfer:+1x0.05,reagent_transfer,0.05,1.0,0.08205197006464005,5.2419066424573595,True,9ba6c948045f695c,ef1ac2c59df8ee0c,446610121.65562457,-7965.749159812927,0.5752895579588949,390.6666666666667,0.050805710942022575,True,458013431.441868,94152.26606559753,0.5737592361111074,396.2,0.050683700466601776,True
62,routing_persistent_hotspot_cluster3,routing_persistent_hotspot_cluster3,43,remaining,9,6,reagent_transfer:-1x0.05,reagent_transfer,0.05,-1.0,0.08205196261405945,7.551286394107516,True,9ba6c948045f695c,28c23bdb869b508a,446609516.76913005,-7360.862665295601,0.5752895579588949,390.6666666666667,0.050805710942022575,True,458301159.1329673,-193575.42503368855,0.5737592361111074,396.2,0.050683700466601776,True
62,routing_persistent_hotspot_cluster3,routing_persistent_hotspot_cluster3,43,remaining,9,7,reagent_transfer:+1x0.1,reagent_transfer,0.1,1.0,0.1641039401292801,10.483813266603823,True,9ba6c948045f695c,fd96c235e038c994,446618250.19354314,-16094.287078380585,0.5752895579588949,390.6666666666667,0.050805710942022575,True,457957614.8364736,149968.87146002054,0.5737592361111074,396.2,0.050683700466601776,True
62,routing_persistent_hotspot_cluster3,routing_persistent_hotspot_cluster3,43,remaining,9,8,reagent_transfer:-1x0.1,reagent_transfer,0.1,-1.0,0.1641039401292801,11.607239840306834,True,9ba6c948045f695c,42c19a6431cb50e2,446676277.17028314,-74121.26381838322,0.5752895579588949,390.6666666666667,0.050805710942022575,True,458381548.1744121,-273964.466478467,0.5737592361111074,396.2,0.050683700466601776,True
62,routing_persistent_hotspot_cluster3,routing_persistent_hotspot_cluster3,43,remaining,9,9,combined_transfer:+1x0.05,combined_transfer,0.05,1.0,0.14661407470703125,5.67986355730875,True,1c12b7f7768299ba,377cece011529d1a,450520614.2484595,-3918458.3419947624,0.5734130945133875,393.3333333333333,0.050371584144081265,False,461050684.97175485,-2943101.2638212442,0.5717853694529509,397.4,0.050226175876971445,False
62,routing_persistent_hotspot_cluster3,routing_persistent_hotspot_cluster3,43,remaining,9,10,combined_transfer:-1x0.05,combined_transfer,0.05,-1.0,0.14661407470703125,7.861627756847732,True,1c12b7f7768299ba,af08bf10425b8330,454311268.39423484,-7709112.487770081,0.5739947457374335,406.6666666666667,0.05095214019208857,False,467500716.02040994,-9393132.312476337,0.5721728318412092,414.8,0.05140566079435421,False
62,routing_persistent_hotspot_cluster3,routing_persistent_hotspot_cluster3,43,remaining,9,11,combined_transfer:+1x0.1,combined_transfer,0.1,1.0,0.2932281494140625,11.359727097718503,True,1c12b7f7768299ba,e9cbc5a78486c6cc,444486319.3320224,2115836.574442327,0.5749662949268239,380.6666666666667,0.049516162240065886,False,456381678.6252345,1725905.08269912,0.5730627106642474,387.6,0.04947210877794236,False
62,routing_persistent_hotspot_cluster3,routing_persistent_hotspot_cluster3,43,remaining,9,12,combined_transfer:-1x0.1,combined_transfer,0.1,-1.0,0.2932281494140625,12.404074968978055,True,1c12b7f7768299ba,b170a0c72012e22c,457804349.0490682,-11202193.142603457,0.5734124042978829,414.0,0.050901632186026315,False,470425357.28644097,-12317773.578507364,0.5716700694127226,421.6,0.05126179641778472,False
62,routing_persistent_hotspot_cluster3,routing_persistent_hotspot_cluster3,51,remaining,1,0,mdl2,anchor,0.0,0.0,0.0,0.0,True,,6dc4e2c15a27d666,52583748.00175657,0.0,0.5744226664079177,43.0,0.05081613797351401,True,52583748.001756564,0.0,0.5744226664079177,43.0,0.05081613797351401,True
62,routing_persistent_hotspot_cluster3,routing_persistent_hotspot_cluster3,51,remaining,1,1,specimen_transfer:+1x0.05,specimen_transfer,0.05,1.0,0.11139032989740372,4.47213595499958,True,7fbb4240fcdac2ae,1b4b4bbfe4148ad8,52585057.37907717,-1309.3773205950856,0.5744226664079177,43.0,0.05081613797351401,True,52585057.37907717,-1309.3773206025362,0.5744226664079177,43.0,0.05081613797351401,True
62,routing_persistent_hotspot_cluster3,routing_persistent_hotspot_cluster3,51,remaining,1,2,specimen_transfer:-1x0.05,specimen_transfer,0.05,-1.0,0.11139032989740372,4.47213595499958,True,7fbb4240fcdac2ae,a3a66873577385cc,52484737.17907717,99010.82267940044,0.5744226664079177,43.0,0.05081613797351401,True,52484737.17907716,99010.82267940044,0.5744226664079177,43.0,0.05081613797351401,True
62,routing_persistent_hotspot_cluster3,routing_persistent_hotspot_cluster3,51,remaining,1,3,specimen_transfer:+1x0.1,specimen_transfer,0.1,1.0,0.22278065979480743,8.831760866327848,True,7fbb4240fcdac2ae,14eadfbdd7b48f5f,52387802.02880838,195945.97294819355,0.5744226664079177,43.0,0.05081613797351401,True,52387802.02880837,195945.97294819355,0.5744226664079177,43.0,0.05081613797351401,True
62,routing_persistent_hotspot_cluster3,routing_persistent_hotspot_cluster3,51,remaining,1,4,specimen_transfer:-1x0.1,specimen_transfer,0.1,-1.0,0.22278065979480743,6.164414002968976,True,7fbb4240fcdac2ae,c74e916e79f5824f,52336282.778167844,247465.22358872741,0.5744226664079177,43.0,0.05081613797351401,True,52336282.778167844,247465.22358871996,0.5744226664079177,43.0,0.05081613797351401,True
62,routing_persistent_hotspot_cluster3,routing_persistent_hotspot_cluster3,51,remaining,1,5,reagent_transfer:+1x0.05,reagent_transfer,0.05,1.0,0.08631856739521027,3.762349914271148,True,27f4c2a0b7888209,ac93b8be282f7418,52584551.55818468,-803.5564281120896,0.5744226664079177,43.0,0.05081613797351401,True,52584551.55818468,-803.5564281195402,0.5744226664079177,43.0,0.05081613797351401,True
62,routing_persistent_hotspot_cluster3,routing_persistent_hotspot_cluster3,51,remaining,1,6,reagent_transfer:-1x0.05,reagent_transfer,0.05,-1.0,0.08631856739521027,5.146767826166013,True,27f4c2a0b7888209,0429928840e8570d,52713276.46794858,-129528.46619200706,0.5744226664079177,43.0,0.05081613797351401,True,52713276.46794857,-129528.46619200706,0.5744226664079177,43.0,0.05081613797351401,True
62,routing_persistent_hotspot_cluster3,routing_persistent_hotspot_cluster3,51,remaining,1,7,reagent_transfer:+1x0.1,reagent_transfer,0.1,1.0,0.17263713479042053,6.356651409299654,True,27f4c2a0b7888209,2e85c95e3429f098,52585393.74711426,-1645.7453576922417,0.5744226664079177,43.0,0.05081613797351401,True,52585393.74711426,-1645.7453576996922,0.5744226664079177,43.0,0.05081613797351401,True
62,routing_persistent_hotspot_cluster3,routing_persistent_hotspot_cluster3,51,remaining,1,8,reagent_transfer:-1x0.1,reagent_transfer,0.1,-1.0,0.17263713479042053,7.181993403810006,True,27f4c2a0b7888209,b3423de2f938fa4f,52844341.00065262,-260592.99889604747,0.5744226664079177,43.0,0.05081613797351401,True,52844341.00065262,-260592.99889605492,0.5744226664079177,43.0,0.05081613797351401,True
62,routing_persistent_hotspot_cluster3,routing_persistent_hotspot_cluster3,51,remaining,1,9,combined_transfer:+1x0.05,combined_transfer,0.05,1.0,0.14750564098358154,4.334829974290419,True,e5d0f9cc8fdd00cd,0de12db0e2cb1acd,52743137.30466928,-159389.3029127121,0.5744226664079177,43.0,0.05081613797351401,True,52743137.30466928,-159389.30291271955,0.5744226664079177,43.0,0.05081613797351401,True
62,routing_persistent_hotspot_cluster3,routing_persistent_hotspot_cluster3,51,remaining,1,10,combined_transfer:-1x0.05,combined_transfer,0.05,-1.0,0.14750564098358154,5.578950894661844,True,e5d0f9cc8fdd00cd,3657232e7c31f8a3,52917121.41510758,-333373.4133510068,0.5744226664079177,43.0,0.05081613797351401,True,52917121.41510758,-333373.41335101426,0.5744226664079177,43.0,0.05081613797351401,True
62,routing_persistent_hotspot_cluster3,routing_persistent_hotspot_cluster3,51,remaining,1,11,combined_transfer:+1x0.1,combined_transfer,0.1,1.0,0.2950112819671631,7.677819563763759,True,e5d0f9cc8fdd00cd,3f1814b1256fa185,52922680.451998115,-338932.45024154335,0.5744226664079177,43.0,0.05081613797351401,True,52922680.451998115,-338932.4502415508,0.5744226664079177,43.0,0.05081613797351401,True
62,routing_persistent_hotspot_cluster3,routing_persistent_hotspot_cluster3,51,remaining,1,12,combined_transfer:-1x0.1,combined_transfer,0.1,-1.0,0.2950112819671631,8.33716362545655,True,e5d0f9cc8fdd00cd,1c6edfa419f4d56b,53242318.565207995,-658570.5634514242,0.5744226664079177,43.0,0.05081613797351401,True,53242318.565208,-658570.5634514391,0.5744226664079177,43.0,0.05081613797351401,True
